text,label,template_id
Cheque no. 126907590050 for Rs.15668 has been cleared from A/c XX3239. -Kotak,Bank,Bank_8
Your Meesho membership expires soon. Renew now & save 80%: bit.ly/SvoRFT,Promo,Promo_9
G-838945 is your Google verification code,OTP,OTP_12
Weekend special at Amazon! Min 20% off on everything. Don't miss out: bit.ly/LRHKSW,Promo,Promo_6
Your credit card XX7251 statement is ready Total due: Rs.30134 Min due: Rs.1758 -BOB,Bank,Bank_5
Use code 4353 at checkout for 50% off at Meesho!,Promo,Hard_0
Your FD of Rs.50430 matures on 11-05-26. Renew or withdraw via netbanking. -Kotak,Bank,Bank_14
Order OD6053501126 packed and ready! Expected dispatch by 03 Jul. -Flipkart,Delivery,Delivery_8
INTEREST OF RS.96042 CREDITED TO YOUR FD A/C XX3688. -AXIS BANK,Bank,Bank_9
enter 845141 to verify your mobile number for myntra.,OTP,OTP_10
OTP: 961506 for txn of Rs.28842 at Uber. Do not share. -PNB STOP to opt out,OTP,OTP_2
KYC update pending for A/c XX1932. Please visit your nearest HDFC Bank branch by 25-05-26 to avoid restrictions.,Bank,Bank_12
IRCTC: Special trains added for festive season. Book early & save up to 70%. STOP to opt out,Promo,Promo_17
Your SBI debit card XX5860 has been blocked due to suspicious activity. Visit branch or call 1800-XXX to unblock. T&C apply,Bank,Bank_11
IRCTC: Special trains added for festive season. Book early & save up to 30%. T&C apply,Promo,Promo_17
OTP for delivery of order OD9887717646 is 1727. Share only with the delivery agent. -XpressBees,Delivery,Delivery_9
Your order OD9133609735 from Meesho is arriving tomorrow. Keep INR 1160 ready for COD.,Delivery,Delivery_3
Items in your order history are back in stock at Flipkart. Prices start Rs.939.,Promo,Promo_23
Your return pickup for order OD9987091640 is scheduled on 06 Jul. Keep the item ready. -BigBasket T&C apply,Delivery,Delivery_7
otp-based login was enabled for your a/c xx5065. call pnb if this wasn't you.,Bank,Hard_2
"Bro send me Rs.2517 on gpay, will return by 06 Jul -TM",Personal,Hard_5
Last day! Myntra clearance sale ends tonight. Up to 20% off sitewide. STOP to opt out,Promo,Promo_8
Auto-pay of Rs.84494 to Ayaan is scheduled on 13-03-26 from A/c XX5275. Ensure sufficient balance. -TM,Bank,Bank_13
"Never share your OTP, PIN or CVV. HDFC Bank never asks for these. Stay safe.",Bank,Hard_3
Auto-pay of Rs.69952 to Yashodhara is scheduled on 17-01-26 from A/c XX1483. Ensure sufficient balance.,Bank,Bank_13
"Never share ur OTP, PIN or CVV. Kotak never asks for these. Stay safe.",Bank,Hard_3
Convert your Kotak card purchase of Rs.1700 into easy EMIs at 0% interest. Reply YES.,Promo,Promo_15
Your OTP is 198718. Use it to verify your Ola account. Expires in 5 min.,OTP,OTP_1
Your one time password is 352361 for Hotstar. Please do not share it.,OTP,OTP_5
Your Amazon order OD6556322404 has been shipped via DTDC. Track: bit.ly/nBcoUL,Delivery,Delivery_0
Rs.51067  debited from A/c XX2734 on 26-03-26 to Vedhika. Avl Bal: Rs.480918. -ICICI Bank,Bank,Bank_0
  Cheque no. 410563394401 for Rs.63871 has been cleared from A/c XX5805. -PNB,Bank,Bank_8
Rs.16687 debited from A/c XX6667 on 15-03-26 to Faraj. Avl Bal: Rs.141891. -ICICI Bank,Bank,Bank_0
"Class  shifted to room 3728, come fast",Personal,Hard_6
Coupon 4232 gives you free delivery on orders above Rs.1252. -Amazon,Promo,Hard_1
Your one time password is 670528 for Myntra. Please do not share it.,OTP,OTP_5
218871 is your verification code for Myntra. Never share your OTP.,OTP,OTP_3
EMI of Rs.42288 due on 20-05-26 for loan A/c XX4721. Pay now to avoid charges. -Axis Bank T&C apply,Bank,Bank_4
Congratulations! You won Rs.2497911 in lucky draw Claim: bitly/ucTXfk,Spam,Hard_12
"Class shifted to room 1061, come fast",Personal,Hard_6
loved your recent amazon order? reorder in 1 tap and get 60% off today.,Promo,Promo_22
294938 is your Axis Bank security code. Anyone asking for it is a scammer.,OTP,OTP_9
  You have 4372 reward points expiring on 04 Jul. Redeem on Myntra.,Promo,Promo_20
Your Swiggy membership expires soon. Renew now & save 60%: bit.ly/XIglcX,Promo,Promo_9
Cheque no. 942520869986 for Rs.25730 has been cleared from A/c XX8004. -PNB,Bank,Bank_8
OTP FOR DELIVERY OF ORDER OD6282986266 IS 7548. SHARE ONLY WITH THE DELIVERY AGENT. -DTDC,Delivery,Delivery_9
Enter 33069 to verify your mobile number for SBI,OTP,OTP_10
Your order OD2805442809 from Zomato is arriving tomorrow. Keep Rs.1119 ready for COD.,Delivery,Delivery_3
Your  FD of Rs.46658 matures on 21-04-26. Renew or withdraw via netbanking. -ICICI Bank,Bank,Bank_14
120021 IS YOUR OTP FOR UBER LOGIN. VALID FOR 2 MINUTES. DO NOT SHARE WITH ANYONE.,OTP,OTP_0
weekend special at swiggy! min 60% off on everything. don't miss out: bit.ly/geamus,Promo,Promo_6
SALARY OF RS.30761 CREDITED TO A/C XX7565. AVL BAL: RS.475051. -BOB,Bank,Bank_7
Low  balance alert: A/c XX2274 balance is Rs.285982. Maintain min balance to avoid charges.,Bank,Bank_10
OTP: 306492 for txn of Rs.17120 at BOB. Do not share. -HDFC Bank -TM,OTP,OTP_2
OTP FOR DELIVERY OF ORDER OD9053768087 IS 6161. SHARE ONLY WITH THE DELIVERY AGENT. -EKART,Delivery,Delivery_9
Delivery attempt failed for order OD1421463822. We will retry tomorrow. -XpressBees,Delivery,Delivery_5
Interest of INR 19512 credited to your FD A/c XX3100. -HDFC Bank,Bank,Bank_9
MEGA SALE! Get 40% OFF on all products at Myntra. Shop now: bit.ly/nExPQy T&C apply.,Promo,Promo_0
Last day! Myntra clearance sale ends tonight. Up to 40% off sitewide.,Promo,Promo_8
Your order OD7889217417 from Myntra is arriving tomorrow. Keep Rs.4857 ready for COD. T&C apply,Delivery,Delivery_3
Interest of Rs.8990 credited to your FD A/c XX3731. -HDFC Bank,Bank,Bank_9
alert: rs.37133 withdrawn from atm using card xx4094 on 06-02-26. bal: rs.338511. -bob,Bank,Bank_3
Use  662775 to complete your Swiggy registration. Valid till 30 mins.,OTP,OTP_4
"Class shifted to room 5764, come fast",Personal,Hard_6
Work from home! Earn Rs.1656816/month. Join: bit.ly/UgxUPH,Spam,Hard_14
Dear customer ur ICICI Bank account will be blocked! Update KYC now: bit.ly/LWiXQk,Spam,Hard_11
Tap to verify: 988156. This code expires shortly.,OTP,Hard_9
Beware of fraud calls asking for card details. Kotak officials never ask for PIN or CVV.,Bank,Bank_15
Congratulations! You won Rs.1380472 in lucky draw. Claim: bit.ly/pmiMan,Spam,Hard_12
Dear customer ur SBI account will be blocked! Update KYC now: bit.ly/rLgvNv STOP to opt out,Spam,Hard_11
Order OD8729009766 packed and ready! Expected dispatch by 03 Jul. -Meesho,Delivery,Delivery_8
ALERT: Rs.8688 withdrawn from ATM using card XX6733 on 08-02-26. Bal: Rs.214702. -SBI,Bank,Bank_3
177588 is your myntra security code. anyone asking for it is a scammer.,OTP,OTP_9
Your account statement for July is available. Download from the ICICI Bank app. T&C apply,Bank,Bank_16
Your FD of INR 34623 matures on 28-04-26. Renew or withdraw via netbanking. -Axis Bank,Bank,Bank_14
Rs.216 cashback credited to your Paytm wallet. Use on your next order.,Promo,Promo_21
Pre-approved! Get a Kotak credit card with Rs.110033 limit. Zero joining fee. Apply: bit.ly/GpiEoA,Promo,Promo_14
Your  SIM will be deactivated in 24hrs. Verify Aadhaar: bit.ly/fVbkZA,Spam,Hard_13
Delivery attempt failed for order OD3982280605. We will retry tomorrow. -DTDC,Delivery,Delivery_5
XpressBees: Shipment OD7451399430 reached your city hub. Expected delivery: 02 Jul.,Delivery,Delivery_4
Dear customer ur HDFC Bank account will be blocked! Update KYC now: bit.ly/lSzOMN,Spam,Hard_11
Ur OTP is 124231. Use it to verify ur Kotak account. Expires in 10 min.,OTP,OTP_1
Dear customer ur Kotak account will be blocked! Update KYC now: bitly/GSZPau,Spam,Hard_11
Your PNB debit card XX7943 has been blocked due to suspicious activity. Visit branch or call 1800-XXX to unblock. T&C apply,Bank,Bank_11
Auto-pay of Rs.5108 to Ansh is scheduled on 05-02-26 from A/c XX3193. Ensure sufficient balance.,Bank,Bank_13
your icici bank code: 310020,OTP,OTP_8
Your  OTP is 540331. Use it to verify your PNB account. Expires in 15 min.,OTP,OTP_1
Enter 429945 to verify your mobile number for ICICI Bank.,OTP,OTP_10
Pay Rs.3147 on delivery for order OD521303107. -BlueDart,Delivery,Hard_10
Zomato: Free delivery all weekend! Order your favourites now,Promo,Promo_13
"Never  share your OTP, PIN or CVV. SBI never asks for these. Stay safe.",Bank,Hard_3
You have 2399 reward points expiring on 01 Jul. Redeem on Zomato.,Promo,Promo_20
Out for delivery: Your Meesho package OD6734187837 will arrive today by 12 PM. -Ekart,Delivery,Delivery_1
Out for delivery: Your Meesho package OD2193398513 will arrive today by 3 PM. -DTDC T&C apply,Delivery,Delivery_1
Your Zomato code: 492193,OTP,OTP_8
Exclusive for you! Buy 1 Get 1 FREE at Flipkart. Limited period offer. Visit bit.ly/Qjzwwn,Promo,Promo_3
Coupon 3664 gives you free delivery on orders above Rs.3493. -Myntra,Promo,Hard_1
Your Paytm code: 625452,OTP,OTP_8
"Never share your OTP, PIN or CVV. ICICI Bank never asks for these. Stay safe.",Bank,Hard_3
OTP-based login was enabled for your A/c XX5645. Call Axis Bank if this wasn't you.,Bank,Hard_2
Rs.1937 cashback credited to your Amazon Pay wallet. Use on your next order. -TM,Promo,Promo_21
CONVERT YOUR SBI CARD PURCHASE OF RS.1135 INTO EASY EMIS AT 0% INTEREST. REPLY YES.,Promo,Promo_15
Delivered!  Your Meesho order OD8656444976 was delivered on 05 Jul. Rate your experience: bit.ly/tTIJUG,Delivery,Delivery_2
G-658178 is your Google verification code.,OTP,OTP_12
Netflix: 608073 is ur login OTP. It expires in 2 minutes.,OTP,OTP_6
YOUR OTP IS 165015. USE IT TO VERIFY YOUR GPAY ACCOUNT. EXPIRES IN 10 MIN.,OTP,OTP_1
rs.52903 debited from a/c xx2320 on 06-03-26 to rayaan. avl bal: rs.266168. -bob,Bank,Bank_0
PRE-APPROVED! GET A HDFC BANK CREDIT CARD WITH RS.454280 LIMIT. ZERO JOINING FEE. APPLY: BIT.LY/CWDQUT,Promo,Promo_14
Your Vi pack expires tomorrow. Recharge with Rs.548 for 3GB/day + unlimited calls.,Promo,Promo_10
USE CODE 4482 AT CHECKOUT FOR 25% OFF AT ZOMATO!,Promo,Hard_0
  Your OTP is 230288. Use it to verify your Myntra account. Expires in 30 min.,OTP,OTP_1
  Adya from BlueDart is arriving with your package. Contact: +917073667927,Delivery,Delivery_6
Auto-pay  of Rs.12276 to Gavin is scheduled on 16-06-26 from A/c XX6577. Ensure sufficient balance.,Bank,Bank_13
Flat INR 250 cashback on your next order at Amazon. Use code SAVE80. Valid till 02 Jul.,Promo,Promo_2
Anamika from Delhivery is arriving with your package. Contact: 1458336135 T&C apply,Delivery,Delivery_6
"Ur Axis Bank health insurance renewal is due 02 Jul. Renew online, save 50% on premium.",Promo,Promo_24
Items in your order history are back in stock at Zomato. Prices start Rs.930. T&C apply,Promo,Promo_23
your sbi debit card xx2643 has been blocked due to suspicious activity. visit branch or call 1800-xxx to unblock.,Bank,Bank_11
Flight fares dropped! DEL-PNQ from Rs.54. Book on ixigo before midnight.,Promo,Promo_16
"Class  shifted to room 5592, come fast",Personal,Hard_6
"Hi Chakradhar, unlock Rs.1428 off your first order at BigBasket with code NEW25.",Promo,Promo_7
Your Amazon membership expires soon. Renew now & save 50%: bit.ly/KoNOHk,Promo,Promo_9
Your order OD7173880082 from Zomato is arriving tomorrow. Keep INR 3081 ready for COD.,Delivery,Delivery_3
Ur A/c XX3076 is debited with Rs.15914 on 09-01-26. Info: UPI-Anthony. Bal: Rs.207042,Bank,Bank_2
Recharge with Rs.965 & get 40% extra talktime. Offer valid today only!,Promo,Promo_5
G-434654  is your Google verification code.,OTP,OTP_12
G-471950 is your Google verification code,OTP,OTP_12
your credit card xx2475 statement is ready. total due: rs.40246. min due: rs.2097. -sbi,Bank,Bank_5
Your Ola code: 305426 -TM,OTP,OTP_8
Items in your order history are back in stock at Myntra. Prices start Rs.504.,Promo,Promo_23
  Your Hotstar code: 982253,OTP,OTP_8
Coupon 7806 gives you free delivery on orders above Rs.1343. -Swiggy,Promo,Hard_1
Rs.38294 credited to A/c XX8765 on 02-01-26. Avl Bal: Rs.78620. -Kotak,Bank,Bank_1
You have 4370 reward points expiring on 04 Jul. Redeem on Flipkart.,Promo,Promo_20
Loved  your recent Swiggy order? Reorder in 1 tap and get 60% off today.,Promo,Promo_22
OTP-based  login was enabled for your A/c XX7864. Call ICICI Bank if this wasn't you.,Bank,Hard_2
  Your Myntra order OD5635322433 has been shipped via Ekart. Track: bit.ly/CBLRJG,Delivery,Delivery_0
"Hey, my new number is 09782240653. Save it! Meet at tonight?",Personal,Hard_4
Delhivery: Shipment OD2893781127 reached your city hub. Expected delivery: 04 Jul.,Delivery,Delivery_4
dear customer ur pnb account will be blocked! update kyc now: bit.ly/rubgqw,Spam,Hard_11
Your Myntra order OD2073351992 has been shipped via XpressBees. Track: bit.ly/ftdoeH -TM,Delivery,Delivery_0
Your order OD8167229132 from Amazon is arriving tomorrow. Keep Rs.1071 ready for COD. STOP to opt out,Delivery,Delivery_3
delivery attempt failed for order od7857705887. we will retry tomorrow. -bluedart,Delivery,Delivery_5
  Tap to verify: 460434. This code expires shortly.,OTP,Hard_9
  Enter 766558 to verify your mobile number for Meesho.,OTP,OTP_10
Your credit card XX8935 statement is ready. Total due: Rs.49957. Min due: Rs.1954. -SBI,Bank,Bank_5
Convert ur HDFC Bank card purchase of Rs.1322 into easy EMIs at 0% interest. Reply YES.,Promo,Promo_15
  Your Swiggy membership expires soon. Renew now & save 30%: bit.ly/wIWbgT,Promo,Promo_9
EMI of Rs.76654 due on 14-06-26 for loan A/c XX1317. Pay now to avoid charges. -Kotak STOP to opt out,Bank,Bank_4
EXCLUSIVE FOR YOU! BUY 1 GET 1 FREE AT MYNTRA. LIMITED PERIOD OFFER. VISIT BIT.LY/NMECIN,Promo,Promo_3
  Work from home! Earn Rs.2192261/month. Join: bit.ly/feBoqv,Spam,Hard_14
LOVED YOUR RECENT BIGBASKET ORDER? REORDER IN 1 TAP AND GET 30% OFF TODAY.,Promo,Promo_22
Ekart: Shipment OD7111419095 reached your city hub. Expected delivery: 01 Jul.,Delivery,Delivery_4
Enter 84928 to verify your mobile number for BOB.,OTP,OTP_10
Zomato:  Free delivery all weekend! Order your favourites now.,Promo,Promo_13
Ur FD of Rs.59147 matures on 07-03-26. Renew or withdraw via netbanking. -ICICI Bank,Bank,Bank_14
salary of rs.90192 credited to a/c xx8569. avl bal: rs.412795. -kotak,Bank,Bank_7
Your Myntra membership expires soon. Renew now & save 20%: bit.ly/BeaRTE,Promo,Promo_9
Your one time password is 239842 for Paytm. Please do not share it.,OTP,OTP_5
loved your recent myntra order? reorder in 1 tap and get 60% off today.,Promo,Promo_22
Your  Hotstar plan renews on 02 Jul at Rs.982. Upgrade to 4K for Rs.893/month.,Promo,Promo_18
Flipkart: Your cart misses you! Complete purchase now & get 20% off. bit.ly/ZwVzHi,Promo,Promo_4
Salary of INR 97498 credited to A/c XX7163. Avl Bal: INR 179021. -Kotak,Bank,Bank_7
Missed our shows? Come back to Hotstar at 50% off for 3 months. Resubscribe: bit.ly/GFNkmW -TM,Promo,Promo_19
Rs.1221 cashback credited to your Paytm wallet. Use on your next order.,Promo,Promo_21
Your order OD6185661972 from Zomato is arriving tomorrow. Keep Rs.682 ready for COD.,Delivery,Delivery_3
Enter 924821 to verify your mobile number for HDFC Bank,OTP,OTP_10
KYC update pending for A/c XX9885. Please visit your nearest SBI branch by 21-03-26 to avoid restrictions.,Bank,Bank_12
898180 is your Uber security code. Anyone asking for it is a scammer.,OTP,OTP_9
RECHARGE WITH RS.1559 & GET 10% EXTRA TALKTIME. OFFER VALID TODAY ONLY!,Promo,Promo_5
Tap to verify: 876866. This code expires shortly.,OTP,Hard_9
306760 - use this code to sign in to Zomato. Never share it with anyone. T&C apply,OTP,OTP_7
  OTP-based login was enabled for your A/c XX9615. Call SBI if this wasn't you.,Bank,Hard_2
Last day! BigBasket clearance sale ends tonight. Up to 30% off sitewide.,Promo,Promo_8
"Class shifted to room 2539, come fast",Personal,Hard_6
KYC update pending for A/c XX4395. Please visit your nearest PNB branch by 21-04-26 to avoid restrictions. STOP to opt out,Bank,Bank_12
Order OD7491285321 packed and ready! Expected dispatch by 01 Jul. -Myntra,Delivery,Delivery_8
Your Uber code: 5825,OTP,Hard_8
Your credit card XX3079 statement is ready. Total due: Rs.82412. Min due: Rs.1203. -PNB,Bank,Bank_5
YOU HAVE 3521 REWARD POINTS EXPIRING ON 06 JUL. REDEEM ON SWIGGY.,Promo,Promo_20
USE CODE 4061 AT CHECKOUT FOR 50% OFF AT MYNTRA!,Promo,Hard_0
your one time password is 759902 for hotstar. please do not share it.,OTP,OTP_5
KYC UPDATE PENDING FOR A/C XX2106. PLEASE VISIT YOUR NEAREST KOTAK BRANCH BY 12-02-26 TO AVOID RESTRICTIONS.,Bank,Bank_12
Flight fares dropped! BLR-MAA from Rs.1922 Book on ixigo before midnight,Promo,Promo_16
You have 3181 reward points expiring on 06 Jul. Redeem on Meesho.,Promo,Promo_20
Your A/c XX4890 is debited with Rs.65900 on 25-03-26. Info: UPI-Ekapad. Bal: Rs.440966,Bank,Bank_2
G-856302  is your Google verification code.,OTP,OTP_12
UPI payment of Rs.50068 to Faqid successful. UPI Ref: 696534684758. -SBI STOP to opt out,Bank,Bank_6
901713 - use this code to sign in to Meesho. Never share it with anyone.,OTP,OTP_7
Ur Uber code: 9537,OTP,Hard_8
IRCTC: Special trains added for festive season. Book early & save up to 30%.,Promo,Promo_17
862638 is your Ola security code. Anyone asking for it is a scammer.,OTP,OTP_9
Use code 7636 at checkout for 50% off at Myntra!,Promo,Hard_0
Your OTP is 440600. Use it to verify your Paytm account. Expires in 15 min.,OTP,OTP_1
  OTP: 320620 for txn of Rs.9898 at Zomato. Do not share. -HDFC Bank,OTP,OTP_2
Low balance alert: A/c XX9387 balance is Rs.134842. Maintain min balance to avoid charges.,Bank,Bank_10
low balance alert: a/c xx1954 balance is rs.379970. maintain min balance to avoid charges.,Bank,Bank_10
Delivery attempt failed for order OD5785899982. We will retry tomorrow. -Ekart,Delivery,Delivery_5
Cheque no. 403060357907 for Rs.14594 has been cleared from A/c XX2843. -Kotak,Bank,Bank_8
Your  Axis Bank debit card XX1582 has been blocked due to suspicious activity. Visit branch or call 1800-XXX to unblock.,Bank,Bank_11
Zomato: Free delivery all weekend! Order your favourites now.,Promo,Promo_13
Loved your recent Amazon order? Reorder in 1 tap and get 10% off today.,Promo,Promo_22
your credit card xx3184 statement is ready. total due: rs.43801. min due: rs.2856. -pnb,Bank,Bank_5
YOUR SIM WILL BE DEACTIVATED IN 24HRS. VERIFY AADHAAR: BIT.LY/RDHTMQ,Spam,Hard_13
UPI payment of Rs.4617 to Anamika successful. UPI Ref: 657961569789. -BOB,Bank,Bank_6
BOB: 579121 is your login OTP. It expires in 5 minutes.,OTP,OTP_6
G-227333 IS YOUR GOOGLE VERIFICATION CODE.,OTP,OTP_12
"Bro send me Rs.3045 on gpay, will return by 06 Jul",Personal,Hard_5
convert your axis bank card purchase of rs.1864 into easy emis at 0% interest. reply yes.,Promo,Promo_15
346194 - use this to sign in. Never share this code with anyone.,OTP,Hard_7
Convert your PNB card purchase of Rs.1447 into easy EMIs at 0% interest. Reply YES.,Promo,Promo_15
Your account statement for August is available. Download from the HDFC Bank app.,Bank,Bank_16
IRCTC: Special trains added for festive season. Book early & save up to 80%.,Promo,Promo_17
  Your A/c XX4985 is debited with Rs.98370 on 10-03-26. Info: UPI-Ucchal. Bal: Rs.97345,Bank,Bank_2
"hi mohammed, unlock rs.1251 off your first order at bigbasket with code new51.",Promo,Promo_7
Your  account statement for August is available. Download from the Axis Bank app.,Bank,Bank_16
  401978 is your Ola security code. Anyone asking for it is a scammer.,OTP,OTP_9
Your SBI debit card XX4295 has been blocked due to suspicious activity. Visit branch or call 1800-XXX to unblock.,Bank,Bank_11
Pre-approved! Get a BOB credit card with Rs.132207 limit. Zero joining fee. Apply: bit.ly/XRVees,Promo,Promo_14
Use 525380 to complete your BigBasket registration. Valid till 15 mins.,OTP,OTP_4
Your Uber code: 9136,OTP,Hard_8
ALERT: Rs.68756 withdrawn from ATM using card XX1161 on 05-06-26. Bal: Rs.235479. -ICICI Bank,Bank,Bank_3
Your BigBasket order OD7185523074 has been shipped via XpressBees. Track: bit.ly/RflnzJ,Delivery,Delivery_0
Out for delivery: Ur BigBasket package OD3058777208 will arrive today by 9 PM. -XpressBees,Delivery,Delivery_1
Tap to verify: 427082. This code expires shortly.,OTP,Hard_9
789197 - use this to sign in. Never share this code with anyone.,OTP,Hard_7
ENTER 239075 TO VERIFY YOUR MOBILE NUMBER FOR KOTAK.,OTP,OTP_10
Recharge with Rs.211 & get 40% extra talktime. Offer valid today only!,Promo,Promo_5
"Never share your OTP, PIN or CVV BOB never asks for these Stay safe",Bank,Hard_3
Rs.477 cashback credited to your Amazon Pay wallet. Use on your next order.,Promo,Promo_21
Items in your order history are back in stock at Swiggy. Prices start Rs.1048.,Promo,Promo_23
Your FD of INR 75548 matures on 24-04-26. Renew or withdraw via netbanking. -SBI,Bank,Bank_14
MEGA  SALE! Get 40% OFF on all products at Meesho. Shop now: bit.ly/tlnrOt T&C apply.,Promo,Promo_0
Use 235688 to complete your ICICI Bank registration. Valid till 10 mins.,OTP,OTP_4
KYC update pending for A/c XX7898. Please visit your nearest ICICI Bank branch by 01-04-26 to avoid restrictions.,Bank,Bank_12
Your credit card XX1885 statement is ready Total due: Rs.20194 Min due: Rs.1464 -PNB,Bank,Bank_5
642277 is ur BOB security code. Anyone asking for it is a scammer.,OTP,OTP_9
CHEQUE NO. 163737457482 FOR RS.82757 HAS BEEN CLEARED FROM A/C XX5145. -SBI,Bank,Bank_8
Your OTP is 418061 Use it to verify your Paytm account Expires in 15 min,OTP,OTP_1
Your  BOB debit card XX8524 has been blocked due to suspicious activity. Visit branch or call 1800-XXX to unblock.,Bank,Bank_11
Rs.980  cashback credited to your PhonePe wallet. Use on your next order.,Promo,Promo_21
753368 is ur OTP for Netflix login. Valid for 15 minutes. Do not share with anyone.,OTP,OTP_0
BLUEDART: SHIPMENT OD9243154717 REACHED YOUR CITY HUB. EXPECTED DELIVERY: 04 JUL.,Delivery,Delivery_4
Delivery attempt failed for order OD4629936392 We will retry tomorrow -Ekart,Delivery,Delivery_5
Pay Rs.534 on delivery for order OD601279329. -DTDC,Delivery,Hard_10
Your A/c XX9387 is debited with Rs.63947 on 25-04-26. Info: UPI-Vedhika. Bal: Rs.303113 -TM,Bank,Bank_2
Your one time password is 611902 for Meesho. Please do not share it.,OTP,OTP_5
Dear  customer ur HDFC Bank account will be blocked! Update KYC now: bit.ly/ldngKS,Spam,Hard_11
Your return pickup for order OD5218423671 is scheduled on 06 Jul. Keep the item ready. -Amazon,Delivery,Delivery_7
Congratulations! You won INR 131550 in lucky draw. Claim: bit.ly/tIZZwe,Spam,Hard_12
  OTP for delivery of order OD9539480102 is 8764. Share only with the delivery agent. -BlueDart,Delivery,Delivery_9
Your Uber code: 8400,OTP,Hard_8
Recharge with Rs.1872 & get 40% extra talktime. Offer valid today only!,Promo,Promo_5
Salary of INR 83744 credited to A/c XX6982. Avl Bal: INR 217141. -PNB,Bank,Bank_7
Pre-approved! Get a Kotak credit card with Rs.230638 limit. Zero joining fee. Apply: bit.ly/UqsjIQ,Promo,Promo_14
Congratulations! You won Rs.50325 in lucky draw Claim: bitly/XeGnxc,Spam,Hard_12
Rs.12674 credited to A/c XX8052 on 20-05-26. Avl Bal: Rs.355330. -ICICI Bank,Bank,Bank_1
BlueDart: Shipment OD3887211993 reached your city hub. Expected delivery: 03 Jul.,Delivery,Delivery_4
Delhivery: Shipment OD9619746251 reached your city hub. Expected delivery: 06 Jul.,Delivery,Delivery_4
Your  SIM will be deactivated in 24hrs. Verify Aadhaar: bit.ly/MgvSrZ,Spam,Hard_13
OTP for delivery of order OD4053721702 is 1602. Share only with the delivery agent. -DTDC,Delivery,Delivery_9
Your one time password is 266642 for HDFC Bank Please do not share it,OTP,OTP_5
Enter 968948 to verify your mobile number for Swiggy.,OTP,OTP_10
YOUR UBER CODE: 2445,OTP,Hard_8
Confirmation code 340967 for IRCTC Keep it private,OTP,OTP_11
Your SBI debit card XX6626 has been blocked due to suspicious activity. Visit branch or call 1800-XXX to unblock.,Bank,Bank_11
Items in your order history are back in stock at Meesho. Prices start Rs.571.,Promo,Promo_23
Rs.1997  cashback credited to your Paytm wallet. Use on your next order.,Promo,Promo_21
Cheque no. 275962637581 for Rs.31077 has been cleared from A/c XX3238. -PNB,Bank,Bank_8
UPI payment of Rs.33622 to Gautami successful. UPI Ref: 539208793254. -HDFC Bank,Bank,Bank_6
Your Kotak debit card XX3724 has been blocked due to suspicious activity Visit branch or call 1800-XXX to unblock,Bank,Bank_11
"Class shifted to room 9706, come fast",Personal,Hard_6
MEGA  SALE! Get 80% OFF on all products at Zomato. Shop now: bit.ly/HlhwWd T&C apply.,Promo,Promo_0
XpressBees: Shipment OD1644784788 reached your city hub. Expected delivery: 02 Jul.,Delivery,Delivery_4
Salary of Rs.62231 credited to A/c XX4852. Avl Bal: Rs.304796. -SBI STOP to opt out,Bank,Bank_7
IRCTC: Special trains added for festive season. Book early & save up to 50%.,Promo,Promo_17
"Hi Jasmit, unlock Rs.121 off your first order at Flipkart with code NEW17.",Promo,Promo_7
"Class  shifted to room 2513, come fast",Personal,Hard_6
EMI  of Rs.53290 due on 05-06-26 for loan A/c XX6158. Pay now to avoid charges. -PNB,Bank,Bank_4
Dear customer ur HDFC Bank account will be blocked! Update KYC now: bitly/ZIOzqW,Spam,Hard_11
  Congratulations! You won Rs.874622 in lucky draw. Claim: bit.ly/crGySf,Spam,Hard_12
Exclusive for you! Buy 1 Get 1 FREE at Amazon. Limited period offer. Visit bit.ly/jzwFMH,Promo,Promo_3
Last day! Flipkart clearance sale ends tonight. Up to 60% off sitewide.,Promo,Promo_8
  Confirmation code 271943 for SBI. Keep it private.,OTP,OTP_11
"Bro send me INR 359 on gpay, will return by 02 Jul",Personal,Hard_5
Interest of Rs.6488 credited to your FD A/c XX3859. -ICICI Bank,Bank,Bank_9
Auto-pay of Rs.46106 to Inaya is scheduled on 14-04-26 from A/c XX5205. Ensure sufficient balance.,Bank,Bank_13
Your Uber code: 1005,OTP,Hard_8
Ur FD of Rs.50602 matures on 26-03-26. Renew or withdraw via netbanking. -Axis Bank,Bank,Bank_14
"Class shifted to room 2721, come fast",Personal,Hard_6
"Never share your OTP, PIN or CVV. Kotak never asks for these. Stay safe. T&C apply",Bank,Hard_3
Congratulations! You won Rs.1977193 in lucky draw Claim: bitly/sEglAt,Spam,Hard_12
11646 - use this code to sign in to Zomato. Never share it with anyone.,OTP,OTP_7
Your BOB code: 892515,OTP,OTP_8
Rs.47626 debited from A/c XX9203 on 22-05-26 to Kavya Avl Bal: Rs.138070 -Kotak,Bank,Bank_0
Rs.56585 credited to A/c XX4746 on 08-02-26. Avl Bal: Rs.53048. -Kotak,Bank,Bank_1
Your A/c XX7897 is debited with Rs.54879 on 17-06-26. Info: UPI-Zehaan. Bal: Rs.438281,Bank,Bank_2
Exclusive for you! Buy 1 Get 1 FREE at Swiggy Limited period offer Visit bitly/zbXZsU,Promo,Promo_3
"Your SBI health insurance renewal is due 05 Jul. Renew online, save 70% on premium.",Promo,Promo_24
  10049 - use this code to sign in to HDFC Bank. Never share it with anyone.,OTP,OTP_7
Your Swiggy order OD7601965912 has been shipped via Delhivery. Track: bit.ly/beFrIU,Delivery,Delivery_0
  PhonePe: 398271 is your login OTP. It expires in 2 minutes.,OTP,OTP_6
265296 is your OTP for ICICI Bank login. Valid for 30 minutes. Do not share with anyone.,OTP,OTP_0
Rs.21282 debited from A/c XX9992 on 09-05-26 to Arjun. Avl Bal: Rs.456145. -ICICI Bank,Bank,Bank_0
<#> 847638 is ur SBI code. Valid 30 min. hA8sk2Lqp3,OTP,OTP_13
EMI of INR 76367 due on 24-06-26 for loan A/c XX2605. Pay now to avoid charges. -ICICI Bank,Bank,Bank_4
"Bro send me Rs.4025 on gpay, will return by 06 Jul",Personal,Hard_5
Your order OD4803478607 from Zomato is arriving tomorrow. Keep Rs.3122 ready for COD.,Delivery,Delivery_3
Enter 430620 to verify your mobile number for Flipkart.,OTP,OTP_10
"Hey, my new number is 08073394353. Save it! Meet at 8?",Personal,Hard_4
Flight fares dropped! BOM-MAA from Rs.1337. Book on ixigo before midnight.,Promo,Promo_16
Hungry? Get 60% off up to Rs.270 on your next 3 orders. Code: EAT43. -Zomato STOP to opt out,Promo,Promo_12
Work from home! Earn Rs.192642/month. Join: bit.ly/faVlDk,Spam,Hard_14
UPI payment of Rs.345 to Bhavika successful. UPI Ref: 818936271495. -Axis Bank,Bank,Bank_6
Ur credit card XX1990 statement is ready. Total due: Rs.58570. Min due: Rs.2452. -BOB,Bank,Bank_5
enter 485392 to verify your mobile number for meesho.,OTP,OTP_10
ICICI Bank: 287830 is your login OTP It expires in 5 minutes,OTP,OTP_6
Your FD of Rs.81910 matures on 06-04-26. Renew or withdraw via netbanking. -BOB,Bank,Bank_14
Out for delivery: Your Zomato package OD2299748825 will arrive today by 9 PM. -BlueDart,Delivery,Delivery_1
"Your BOB health insurance renewal is due 02 Jul. Renew online, save 80% on premium.",Promo,Promo_24
ALERT: Rs.10914 withdrawn from ATM using card XX8551 on 26-01-26. Bal: Rs.169107. -BOB,Bank,Bank_3
Use code 7232 at checkout for 10% off at Myntra!,Promo,Hard_0
Hungry? Get 10% off up to Rs.1176 on ur next 3 orders. Code: EAT47. -Swiggy,Promo,Promo_12
Auto-pay of Rs.55081 to Chandresh is scheduled on 20-03-26 from A/c XX7967. Ensure sufficient balance.,Bank,Bank_13
  Congratulations! You won Rs.1312688 in lucky draw. Claim: bit.ly/xdVWuJ,Spam,Hard_12
Cheque no. 654198951596 for Rs.73659 has been cleared from A/c XX2098. -ICICI Bank,Bank,Bank_8
Enter 567104 to verify your mobile number for Kotak.,OTP,OTP_10
Weekend special at Swiggy! Min 20% off on everything. Don't miss out: bit.ly/matIrm,Promo,Promo_6
Delivery  attempt failed for order OD7402076513. We will retry tomorrow. -XpressBees,Delivery,Delivery_5
Order OD2383441358 packed and ready! Expected dispatch by 03 Jul. -Swiggy,Delivery,Delivery_8
UPI PAYMENT OF RS.36037 TO CHARAN SUCCESSFUL. UPI REF: 274928409902. -BOB,Bank,Bank_6
Delivered! Your Myntra order OD4363878678 was delivered on 01 Jul. Rate your experience: bit.ly/ahjVQP,Delivery,Delivery_2
Ur A/c XX1391 is debited with Rs.66348 on 10-02-26. Info: UPI-Keya. Bal: Rs.431870,Bank,Bank_2
BigBasket  Big Billion Days! Up to 70% off + extra 10% with ICICI Bank cards. Hurry!,Promo,Promo_1
Data exhausted? Get 2GB extra with Rs.1129 booster pack. Dial *121# or visit app.,Promo,Promo_11
Your FD of Rs.17962 matures on 11-01-26. Renew or withdraw via netbanking. -HDFC Bank,Bank,Bank_14
Dear customer ur Kotak account will be blocked! Update KYC now: bit.ly/IfaTnD,Spam,Hard_11
Ur OTP is 616429. Use it to verify ur Hotstar account. Expires in 2 min.,OTP,OTP_1
G-95079 is your Google verification code.,OTP,OTP_12
Dear customer ur BOB account will be blocked! Update KYC now: bit.ly/LScjhO,Spam,Hard_11
dear customer ur kotak account will be blocked! update kyc now: bit.ly/uvgjla,Spam,Hard_11
your otp is 738979. use it to verify your bob account. expires in 2 min.,OTP,OTP_1
MEGA SALE! Get 60% OFF on all products at Amazon. Shop now: bit.ly/NnixAK T&C apply.,Promo,Promo_0
Rs.701 cashback credited to your PhonePe wallet. Use on your next order. T&C apply,Promo,Promo_21
Interest of Rs.1964 credited to your FD A/c XX6200. -BOB,Bank,Bank_9
573703 is your verification code for SBI. Never share your OTP.,OTP,OTP_3
Recharge with Rs.284 & get 30% extra talktime. Offer valid today only!,Promo,Promo_5
Order OD5023861165 packed and ready! Expected dispatch by 02 Jul. -BigBasket,Delivery,Delivery_8
Coupon 4507 gives you free delivery on orders above Rs.503. -BigBasket,Promo,Hard_1
  You have 3641 reward points expiring on 04 Jul. Redeem on Amazon.,Promo,Promo_20
USE CODE 7640 AT CHECKOUT FOR 25% OFF AT SWIGGY!,Promo,Hard_0
KYC update pending for A/c XX5517. Please visit your nearest BOB branch by 08-06-26 to avoid restrictions.,Bank,Bank_12
confirmation code 631982 for flipkart. keep it private.,OTP,OTP_11
Auto-pay of Rs.46792 to Ekiya is scheduled on 26-01-26 from A/c XX2190. Ensure sufficient balance.,Bank,Bank_13
  420964 is your OTP for Hotstar login. Valid for 2 minutes. Do not share with anyone.,OTP,OTP_0
G-459451 is your Google verification code.,OTP,OTP_12
OTP: 158582 for txn of Rs.33724 at Axis Bank. Do not share. -SBI,OTP,OTP_2
Dear customer ur Kotak account will be blocked! Update KYC now: bit.ly/wjxXhK,Spam,Hard_11
Out for delivery: Your Meesho package OD5903559248 will arrive today by 6 PM. -Delhivery,Delivery,Delivery_1
Your FD of Rs.49303 matures on 19-02-26 Renew or withdraw via netbanking -PNB,Bank,Bank_14
Zomato: Your cart misses you! Complete purchase now & get 10% off. bit.ly/JwdJhg,Promo,Promo_4
Confirmation code 47010 for HDFC Bank. Keep it private.,OTP,OTP_11
Zomato: Your cart misses you! Complete purchase now & get 70% off. bit.ly/gcCIfB,Promo,Promo_4
OTP for delivery of order OD2964537340 is 9445. Share only with the delivery agent. -DTDC,Delivery,Delivery_9
Salary of Rs.57691 credited to A/c XX5790. Avl Bal: Rs.407593. -SBI,Bank,Bank_7
357935 is your verification code for netflix. never share your otp.,OTP,OTP_3
590634 is your uber security code. anyone asking for it is a scammer.,OTP,OTP_9
Items in your order history are back in stock at Amazon. Prices start Rs.1369. -TM,Promo,Promo_23
Ur one time password is 567494 for PNB. Please do not share it.,OTP,OTP_5
Pay Rs.3199 on delivery for order OD893987631 -XpressBees,Delivery,Hard_10
EMI of Rs.29388 due on 03-07-26 for loan A/c XX8375. Pay now to avoid charges. -Axis Bank,Bank,Bank_4
Rs.88737 credited to A/c XX7945 on 24-06-26. Avl Bal: Rs.162888. -HDFC Bank,Bank,Bank_1
G-621815 is your Google verification code.,OTP,OTP_12
"Hi Upasna, unlock Rs.1077 off your first order at Swiggy with code NEW20.",Promo,Promo_7
<#> 91462 is ur BOB code. Valid 5 min. hA8sk2Lqp3,OTP,OTP_13
Work from home! Earn INR 742612/month. Join: bit.ly/aJgWLU,Spam,Hard_14
Your A/c XX8815 is debited with Rs.59781 on 12-01-26 Info: UPI-Nilima Bal: Rs.398898,Bank,Bank_2
Your  Uber code: 4848,OTP,Hard_8
"Never share ur OTP, PIN or CVV. PNB never asks for these. Stay safe.",Bank,Hard_3
Missed our shows? Come back to Hotstar at 50% off for 3 months. Resubscribe: bit.ly/hhNvwa,Promo,Promo_19
g-569397 is your google verification code.,OTP,OTP_12
Hungry?  Get 50% off up to Rs.800 on your next 3 orders. Code: EAT12. -Zomato,Promo,Promo_12
361298 is ur verification code for IRCTC. Never share ur OTP.,OTP,OTP_3
ZOMATO: FREE DELIVERY ALL WEEKEND! ORDER YOUR FAVOURITES NOW.,Promo,Promo_13
Meesho: 605647 is your login OTP. It expires in 15 minutes.,OTP,OTP_6
Your one time password is 673793 for SBI. Please do not share it.,OTP,OTP_5
225000 is ur ICICI Bank security code. Anyone asking for it is a scammer.,OTP,OTP_9
WEEKEND SPECIAL AT BIGBASKET! MIN 60% OFF ON EVERYTHING. DON'T MISS OUT: BIT.LY/XKVOIO,Promo,Promo_6
irctc: special trains added for festive season. book early & save up to 30%.,Promo,Promo_17
OUT FOR DELIVERY: YOUR SWIGGY PACKAGE OD2840248498 WILL ARRIVE TODAY BY 3 PM. -DELHIVERY,Delivery,Delivery_1
472855 - USE THIS CODE TO SIGN IN TO HOTSTAR. NEVER SHARE IT WITH ANYONE.,OTP,OTP_7
Work from home! Earn Rs.809755/month. Join: bit.ly/sqttmz,Spam,Hard_14
"Bro send me Rs.3915 on gpay, will return by 05 Jul",Personal,Hard_5
Tap to verify: 262484 This code expires shortly,OTP,Hard_9
OTP for delivery of order OD8004455577 is 7611 Share only with the delivery agent -XpressBees,Delivery,Delivery_9
Ur credit card XX7840 statement is ready. Total due: Rs.71281. Min due: Rs.1111. -ICICI Bank,Bank,Bank_5
Zomato Big Billion Days! Up to 10% off + extra 10% with SBI cards. Hurry!,Promo,Promo_1
EMI OF RS.61071 DUE ON 16-04-26 FOR LOAN A/C XX2005. PAY NOW TO AVOID CHARGES. -SBI,Bank,Bank_4
enter 474488 to verify your mobile number for pnb.,OTP,OTP_10
214566 is your OTP for Swiggy login. Valid for 5 minutes. Do not share with anyone.,OTP,OTP_0
OTP FOR DELIVERY OF ORDER OD5047734534 IS 4857. SHARE ONLY WITH THE DELIVERY AGENT. -DELHIVERY,Delivery,Delivery_9
931294 - use this to sign in. Never share this code with anyone.,OTP,Hard_7
  Your FD of Rs.6740 matures on 21-06-26. Renew or withdraw via netbanking. -HDFC Bank,Bank,Bank_14
Congratulations! You won INR 406054 in lucky draw. Claim: bit.ly/dewdkH,Spam,Hard_12
926128 - USE THIS CODE TO SIGN IN TO KOTAK. NEVER SHARE IT WITH ANYONE.,OTP,OTP_7
delivery attempt failed for order od6469854890. we will retry tomorrow. -delhivery,Delivery,Delivery_5
OTP: 914853 for txn of Rs.30822 at Uber. Do not share. -Axis Bank,OTP,OTP_2
auto-pay of rs.25137 to warinder is scheduled on 12-02-26 from a/c xx9892. ensure sufficient balance.,Bank,Bank_13
Your PNB debit card XX7562 has been blocked due to suspicious activity. Visit branch or call 1800-XXX to unblock. -TM,Bank,Bank_11
Rs.27767 debited from A/c XX7574 on 27-05-26 to Chanakya. Avl Bal: Rs.39006. -ICICI Bank,Bank,Bank_0
Beware of fraud calls asking for card details. PNB officials never ask for PIN or CVV.,Bank,Bank_15
Zomato:  Free delivery all weekend! Order your favourites now.,Promo,Promo_13
EMI  of Rs.29030 due on 25-05-26 for loan A/c XX2558. Pay now to avoid charges. -Axis Bank,Bank,Bank_4
Cheque no. 849368386279 for Rs.67341 has been cleared from A/c XX1429. -HDFC Bank,Bank,Bank_8
U have 4658 reward points expiring on 04 Jul. Redeem on Amazon.,Promo,Promo_20
Interest of Rs.90390 credited to your FD A/c XX8218. -Kotak,Bank,Bank_9
  You have 2149 reward points expiring on 01 Jul. Redeem on BigBasket.,Promo,Promo_20
IRCTC: Special trains added for festive season. Book early & save up to 20%.,Promo,Promo_17
OTP: 463507 for txn of Rs.35453 at Paytm. Do not share. -PNB,OTP,OTP_2
Your Amazon order OD8178849002 has been shipped via DTDC. Track: bit.ly/umXvSH,Delivery,Delivery_0
Tap to verify: 619778 This code expires shortly,OTP,Hard_9
957167 - use this to sign in. Never share this code with anyone. T&C apply,OTP,Hard_7
You have 2181 reward points expiring on 01 Jul. Redeem on BigBasket.,Promo,Promo_20
"class shifted to room 6555, come fast",Personal,Hard_6
Rs.429  cashback credited to your Paytm wallet. Use on your next order.,Promo,Promo_21
auto-pay of rs.814 to idika is scheduled on 05-02-26 from a/c xx5716. ensure sufficient balance.,Bank,Bank_13
YOUR BIGBASKET CODE: 63713,OTP,OTP_8
OTP-based login was enabled for your A/c XX2092. Call Axis Bank if this wasn't you.,Bank,Hard_2
Last day! BigBasket clearance sale ends tonight. Up to 50% off sitewide.,Promo,Promo_8
BlueDart: Shipment OD2091041343 reached your city hub. Expected delivery: 03 Jul.,Delivery,Delivery_4
Your  return pickup for order OD8884839300 is scheduled on 02 Jul. Keep the item ready. -Myntra,Delivery,Delivery_7
Auto-pay of Rs.87784 to Neelima is scheduled on 17-01-26 from A/c XX4887. Ensure sufficient balance. STOP to opt out,Bank,Bank_13
Your  Uber code: 8579,OTP,Hard_8
UPI payment of INR 1628 to Isaac successful. UPI Ref: 503639275034. -PNB,Bank,Bank_6
"  Never share your OTP, PIN or CVV. PNB never asks for these. Stay safe.",Bank,Hard_3
rs.5407 credited to a/c xx4442 on 18-02-26. avl bal: rs.337134. -hdfc bank,Bank,Bank_1
705997 IS YOUR OLA SECURITY CODE. ANYONE ASKING FOR IT IS A SCAMMER.,OTP,OTP_9
Pre-approved!  Get a PNB credit card with Rs.51546 limit. Zero joining fee. Apply: bit.ly/QVvFdx,Promo,Promo_14
OTP-based login was enabled for your A/c XX6293. Call Axis Bank if this wasn't you. -TM,Bank,Hard_2
Rs.12112 debited from A/c XX4232 on 27-01-26 to Kashvi. Avl Bal: Rs.69751. -SBI,Bank,Bank_0
Recharge with INR 526 & get 60% extra talktime. Offer valid today only!,Promo,Promo_5
Myntra Big Billion Days! Up to 10% off + extra 10% with Kotak cards. Hurry!,Promo,Promo_1
Your return pickup for order OD6661333510 is scheduled on 02 Jul. Keep the item ready. -Meesho,Delivery,Delivery_7
"Never share your OTP, PIN or CVV. HDFC Bank never asks for these. Stay safe. T&C apply",Bank,Hard_3
Your one time password is 508045 for BOB. Please do not share it.,OTP,OTP_5
  Your order OD7505098245 from Flipkart is arriving tomorrow. Keep Rs.2822 ready for COD.,Delivery,Delivery_3
Weekend  special at Flipkart! Min 60% off on everything. Don't miss out: bit.ly/kMCjNb,Promo,Promo_6
ALERT: Rs.44756 withdrawn from ATM using card XX8612 on 24-01-26. Bal: Rs.90660. -HDFC Bank,Bank,Bank_3
You have 2154 reward points expiring on 02 Jul. Redeem on Zomato.,Promo,Promo_20
Pre-approved! Get a SBI credit card with Rs.420805 limit. Zero joining fee. Apply: bit.ly/kQlmhf T&C apply,Promo,Promo_14
  Pre-approved! Get a SBI credit card with Rs.387158 limit. Zero joining fee. Apply: bit.ly/YDUoFO,Promo,Promo_14
Enter 666281 to verify your mobile number for Uber.,OTP,OTP_10
"Hey,  my new number is 00965380946. Save it! Meet at tonight?",Personal,Hard_4
ENTER 490624 TO VERIFY YOUR MOBILE NUMBER FOR PAYTM.,OTP,OTP_10
  Beware of fraud calls asking for card details. ICICI Bank officials never ask for PIN or CVV.,Bank,Bank_15
Flipkart: 376142 is your login OTP. It expires in 10 minutes.,OTP,OTP_6
896889  is your verification code for ICICI Bank. Never share your OTP.,OTP,OTP_3
Out  for delivery: Your Swiggy package OD8252118381 will arrive today by 3 PM. -BlueDart,Delivery,Delivery_1
Your Swiggy membership expires soon Renew now & save 80%: bitly/WCSyIB,Promo,Promo_9
EMI of Rs.61022 due on 05-01-26 for loan A/c XX8801. Pay now to avoid charges. -Kotak -TM,Bank,Bank_4
Pre-approved! Get a ICICI Bank credit card with Rs.449138 limit. Zero joining fee. Apply: bit.ly/CSUgVf,Promo,Promo_14
"Hi Ridhi, unlock INR 182 off your first order at BigBasket with code NEW61.",Promo,Promo_7
Your SonyLIV plan renews on 04 Jul at Rs.1894 Upgrade to 4K for Rs.532/month,Promo,Promo_18
YOUR MYNTRA ORDER OD1065078448 HAS BEEN SHIPPED VIA DELHIVERY. TRACK: BIT.LY/AEHOIT,Delivery,Delivery_0
Interest of Rs.17990 credited to your FD A/c XX7689. -Axis Bank,Bank,Bank_9
  Out for delivery: Your Flipkart package OD6342200523 will arrive today by 12 PM. -XpressBees,Delivery,Delivery_1
Work from home! Earn Rs.87892/month. Join: bit.ly/XlqFYG,Spam,Hard_14
Rs.72620  debited from A/c XX8508 on 11-03-26 to Brijesh. Avl Bal: Rs.245721. -SBI,Bank,Bank_0
Delivery attempt failed for order OD1584574767. We will retry tomorrow. -Delhivery,Delivery,Delivery_5
"Class shifted to room 8246, come fast",Personal,Hard_6
Loved your recent Meesho order? Reorder in 1 tap and get 30% off today.,Promo,Promo_22
<#> 711744 is your HDFC Bank code. Valid 10 min. hA8sk2Lqp3,OTP,OTP_13
401124  is your OTP for Flipkart login. Valid for 30 minutes. Do not share with anyone.,OTP,OTP_0
Swiggy Big Billion Days! Up to 30% off + extra 10% with HDFC Bank cards. Hurry!,Promo,Promo_1
Swiggy:  Free delivery all weekend! Order your favourites now.,Promo,Promo_13
Work from home! Earn Rs.135735/month. Join: bit.ly/iJYAeR,Spam,Hard_14
Out for delivery: Your Meesho package OD8181984952 will arrive today by 6 PM. -Ekart,Delivery,Delivery_1
"Hi Jeremiah, unlock Rs.871 off your first order at Amazon with code NEW25.",Promo,Promo_7
Ur SonyLIV plan renews on 04 Jul at Rs.1975. Upgrade to 4K for Rs.452/month.,Promo,Promo_18
EMI of INR 9500 due on 12-03-26 for loan A/c XX7732. Pay now to avoid charges. -Kotak,Bank,Bank_4
  You have 3983 reward points expiring on 05 Jul. Redeem on Swiggy.,Promo,Promo_20
Ekart: Shipment OD5559292669 reached your city hub. Expected delivery: 05 Jul.,Delivery,Delivery_4
  Convert your PNB card purchase of Rs.1718 into easy EMIs at 0% interest. Reply YES.,Promo,Promo_15
Your order OD7294091321 from Zomato is arriving tomorrow. Keep Rs.2359 ready for COD.,Delivery,Delivery_3
Last day! Meesho clearance sale ends tonight. Up to 10% off sitewide.,Promo,Promo_8
G-770728 IS YOUR GOOGLE VERIFICATION CODE.,OTP,OTP_12
"Hey, my new number is 6837406009. Save it! Meet at 8?",Personal,Hard_4
BlueDart: Shipment OD8414083254 reached ur city hub. Expected delivery: 05 Jul.,Delivery,Delivery_4
your pnb debit card xx7705 has been blocked due to suspicious activity. visit branch or call 1800-xxx to unblock.,Bank,Bank_11
Your Zomato membership expires soon Renew now & save 40%: bitly/ZVHjOd,Promo,Promo_9
Use code 3071 at checkout for 50% off at Zomato!,Promo,Hard_0
OTP-based login was enabled for your A/c XX5412. Call HDFC Bank if this wasn't you.,Bank,Hard_2
Loved your recent Myntra order? Reorder in 1 tap and get 80% off today.,Promo,Promo_22
congratulations! you won rs.257619 in lucky draw. claim: bit.ly/jmiryw,Spam,Hard_12
Your  return pickup for order OD6076771875 is scheduled on 04 Jul. Keep the item ready. -Myntra,Delivery,Delivery_7
Swiggy: Free delivery all weekend! Order your favourites now.,Promo,Promo_13
Loved ur recent Flipkart order? Reorder in 1 tap and get 10% off today.,Promo,Promo_22
Weekend special at Flipkart! Min 80% off on everything. Don't miss out: bit.ly/kcCWAg T&C apply,Promo,Promo_6
354739 is your Meesho security code. Anyone asking for it is a scammer.,OTP,OTP_9
Your Kotak debit card XX7949 has been blocked due to suspicious activity. Visit branch or call 1800-XXX to unblock. STOP to opt out,Bank,Bank_11
Flat  Rs.256 cashback on your next order at Flipkart. Use code SAVE96. Valid till 04 Jul.,Promo,Promo_2
EMI of Rs.35168 due on 03-04-26 for loan A/c XX8918. Pay now to avoid charges. -HDFC Bank,Bank,Bank_4
Coupon  9222 gives you free delivery on orders above Rs.1538. -Flipkart,Promo,Hard_1
YOUR SONYLIV PLAN RENEWS ON 04 JUL AT RS.722. UPGRADE TO 4K FOR RS.243/MONTH.,Promo,Promo_18
  Work from home! Earn Rs.1198201/month. Join: bit.ly/olcsRq,Spam,Hard_14
Pay Rs.3535 on delivery for order OD188572632. -XpressBees,Delivery,Hard_10
Convert your PNB card purchase of INR 1119 into easy EMIs at 0% interest. Reply YES.,Promo,Promo_15
Rs.1034 cashback credited to your Amazon Pay wallet Use on your next order,Promo,Promo_21
Beware  of fraud calls asking for card details. HDFC Bank officials never ask for PIN or CVV.,Bank,Bank_15
"Bro send me Rs.488 on gpay, will return by 03 Jul",Personal,Hard_5
Your credit card XX4354 statement is ready. Total due: Rs.46679. Min due: Rs.4243. -HDFC Bank,Bank,Bank_5
EMI of Rs.578 due on 22-03-26 for loan A/c XX7826. Pay now to avoid charges. -HDFC Bank,Bank,Bank_4
Use  52065 to complete your Swiggy registration. Valid till 15 mins.,OTP,OTP_4
Enter 283461 to verify your mobile number for PhonePe.,OTP,OTP_10
265805  - use this to sign in. Never share this code with anyone.,OTP,Hard_7
Rs.1107 cashback credited to ur PhonePe wallet. Use on ur next order.,Promo,Promo_21
Rs.48097 credited to A/c XX9206 on 11-04-26. Avl Bal: Rs.428628. -Axis Bank,Bank,Bank_1
Coupon  7462 gives you free delivery on orders above Rs.2384. -BigBasket,Promo,Hard_1
Your BigBasket code: 344708,OTP,OTP_8
"Hey, my new number is 3627525229. Save it! Meet at noon?",Personal,Hard_4
  Your Zomato order OD7279811263 has been shipped via BlueDart. Track: bit.ly/hdEuTE,Delivery,Delivery_0
  468071 is your OTP for Meesho login. Valid for 10 minutes. Do not share with anyone.,OTP,OTP_0
OTP for delivery of order OD9010555604 is 5694 Share only with the delivery agent -Ekart,Delivery,Delivery_9
Ur Hotstar plan renews on 02 Jul at Rs.1695. Upgrade to 4K for Rs.296/month.,Promo,Promo_18
"Bro send me INR 4943 on gpay, will return by 02 Jul",Personal,Hard_5
EMI of Rs.75356 due on 09-02-26 for loan A/c XX6155. Pay now to avoid charges. -HDFC Bank,Bank,Bank_4
Missed our shows? Come back to SonyLIV at 50% off for 3 months. Resubscribe: bit.ly/ZUXmHJ,Promo,Promo_19
Delhivery: Shipment OD8234247197 reached your city hub. Expected delivery: 02 Jul.,Delivery,Delivery_4
Cheque no. 484720830466 for Rs.58052 has been cleared from A/c XX3323. -ICICI Bank,Bank,Bank_8
Your  OTP is 528594. Use it to verify your GPay account. Expires in 30 min.,OTP,OTP_1
salary of rs.45695 credited to a/c xx8460. avl bal: rs.438995. -axis bank,Bank,Bank_7
  Enter 133196 to verify your mobile number for PNB.,OTP,OTP_10
  Exclusive for you! Buy 1 Get 1 FREE at Myntra. Limited period offer. Visit bit.ly/KvfwVb,Promo,Promo_3
<#> 598161 is your BOB code. Valid 2 min. hA8sk2Lqp3,OTP,OTP_13
G-449222 is your Google verification code.,OTP,OTP_12
USE 888557 TO COMPLETE YOUR SBI REGISTRATION. VALID TILL 10 MINS.,OTP,OTP_4
Use  430356 to complete your Flipkart registration. Valid till 30 mins.,OTP,OTP_4
Missed our shows? Come back to Netflix at 50% off for 3 months. Resubscribe: bit.ly/iZUPcQ,Promo,Promo_19
Your account statement for June is available. Download from the SBI app.,Bank,Bank_16
Enter 720108 to verify your mobile number for Amazon.,OTP,OTP_10
congratulations! you won rs.1728267 in lucky draw. claim: bit.ly/fukwte,Spam,Hard_12
Congratulations! You won INR 19687 in lucky draw. Claim: bit.ly/hfZlHz,Spam,Hard_12
551996 IS YOUR KOTAK SECURITY CODE. ANYONE ASKING FOR IT IS A SCAMMER.,OTP,OTP_9
Your A/c XX6049 is debited with Rs.99065 on 08-01-26. Info: UPI-Akshay. Bal: Rs.424425 -TM,Bank,Bank_2
Hungry? Get 10% off up to Rs.1722 on your next 3 orders Code: EAT61 -Zomato,Promo,Promo_12
upi payment of rs.80745 to siddharth successful. upi ref: 734992970761. -axis bank,Bank,Bank_6
pushti from delhivery is arriving with your package. contact: +917326183040,Delivery,Delivery_6
Cheque no. 922421483575 for INR 72988 has been cleared from A/c XX8248. -PNB,Bank,Bank_8
Your FD of Rs.88039 matures on 02-04-26. Renew or withdraw via netbanking. -SBI,Bank,Bank_14
Auto-pay of Rs.15864 to Aarna is scheduled on 06-06-26 from A/c XX5905. Ensure sufficient balance.,Bank,Bank_13
Flight fares dropped! HYD-CCU from Rs.1254. Book on MakeMyTrip before midnight.,Promo,Promo_16
Delivery attempt failed for order OD6070404814. We will retry tomorrow. -XpressBees,Delivery,Delivery_5
delivered! your meesho order od9770549561 was delivered on 04 jul. rate your experience: bit.ly/bogbxh,Delivery,Delivery_2
Missed our shows? Come back to Netflix at 50% off for 3 months. Resubscribe: bit.ly/tTANVB STOP to opt out,Promo,Promo_19
Ur Uber code: 4089,OTP,Hard_8
Your order OD4178784458 from Myntra is arriving tomorrow. Keep Rs.1137 ready for COD.,Delivery,Delivery_3
Confirmation code 60720 for ICICI Bank. Keep it private.,OTP,OTP_11
Enter 136708 to verify your mobile number for Zomato.,OTP,OTP_10
  Out for delivery: Your Amazon package OD1596625278 will arrive today by 6 PM. -Ekart,Delivery,Delivery_1
  Your FD of Rs.53411 matures on 26-05-26. Renew or withdraw via netbanking. -HDFC Bank,Bank,Bank_14
Delhivery: Shipment OD4422802536 reached your city hub Expected delivery: 01 Jul,Delivery,Delivery_4
ALERT: Rs.76907 withdrawn from ATM using card XX4550 on 05-02-26. Bal: Rs.207316. -ICICI Bank,Bank,Bank_3
Your Zomato membership expires soon. Renew now & save 30%: bit.ly/XBaDsI T&C apply,Promo,Promo_9
Enter 19240 to verify your mobile number for Kotak.,OTP,OTP_10
Data exhausted? Get 1GB extra with Rs.189 booster pack. Dial *121# or visit app.,Promo,Promo_11
"Hi Jasmit, unlock INR 520 off your first order at Swiggy with code NEW30.",Promo,Promo_7
TAP TO VERIFY: 676944. THIS CODE EXPIRES SHORTLY.,OTP,Hard_9
Dear customer ur PNB account will be blocked! Update KYC now: bitly/JXihyu,Spam,Hard_11
Weekend  special at Zomato! Min 80% off on everything. Don't miss out: bit.ly/KIdeEr,Promo,Promo_6
Enter 477951 to verify your mobile number for Axis Bank.,OTP,OTP_10
Beware of fraud calls asking for card details. HDFC Bank officials never ask for PIN or CVV.,Bank,Bank_15
Your Uber code: 9196,OTP,Hard_8
Interest of Rs.48087 credited to your FD A/c XX7580. -ICICI Bank,Bank,Bank_9
  105846 - use this code to sign in to Meesho. Never share it with anyone.,OTP,OTP_7
  Pre-approved! Get a ICICI Bank credit card with Rs.198928 limit. Zero joining fee. Apply: bit.ly/XczgAh,Promo,Promo_14
Rs.1702  cashback credited to your Paytm wallet. Use on your next order.,Promo,Promo_21
Your return pickup for order OD8628819660 is scheduled on 03 Jul. Keep the item ready. -Amazon,Delivery,Delivery_7
Your SIM will be deactivated in 24hrs. Verify Aadhaar: bit.ly/tMrbWx,Spam,Hard_13
auto-pay of rs.14418 to utkarsh is scheduled on 19-01-26 from a/c xx7548. ensure sufficient balance.,Bank,Bank_13
Your credit card XX8181 statement is ready. Total due: INR 67324. Min due: INR 620. -SBI,Bank,Bank_5
Confirmation code 325768 for Hotstar. Keep it private.,OTP,OTP_11
Ur credit card XX9555 statement is ready. Total due: Rs.62365. Min due: Rs.1804. -PNB,Bank,Bank_5
<#> 564508 is your IRCTC code. Valid 2 min. hA8sk2Lqp3,OTP,OTP_13
DELIVERED! YOUR MYNTRA ORDER OD4588883868 WAS DELIVERED ON 04 JUL. RATE YOUR EXPERIENCE: BIT.LY/ZCHYBU,Delivery,Delivery_2
Tap to verify: 828193. This code expires shortly. STOP to opt out,OTP,Hard_9
OTP-based login was enabled for your A/c XX7916. Call HDFC Bank if this wasn't you.,Bank,Hard_2
  Your account statement for July is available. Download from the Kotak app.,Bank,Bank_16
your otp is 200079. use it to verify your swiggy account. expires in 15 min.,OTP,OTP_1
Low balance alert: A/c XX3124 balance is Rs.299597. Maintain min balance to avoid charges.,Bank,Bank_10
Missed our shows? Come back to Netflix at 50% off for 3 months. Resubscribe: bit.ly/ULFWVe,Promo,Promo_19
YOUR KOTAK DEBIT CARD XX6604 HAS BEEN BLOCKED DUE TO SUSPICIOUS ACTIVITY. VISIT BRANCH OR CALL 1800-XXX TO UNBLOCK.,Bank,Bank_11
433202 is your verification code for pnb. never share your otp.,OTP,OTP_3
Cheque no. 367688575820 for INR 34759 has been cleared from A/c XX5529. -Axis Bank,Bank,Bank_8
Your A/c XX5527 is debited with INR 14620 on 02-05-26. Info: UPI-Harrison. Bal: INR 106313,Bank,Bank_2
  G-83959 is your Google verification code.,OTP,OTP_12
  Enter 65844 to verify your mobile number for SBI.,OTP,OTP_10
754879 - use this to sign in Never share this code with anyone,OTP,Hard_7
You have 2003 reward points expiring on 06 Jul. Redeem on Zomato. T&C apply,Promo,Promo_20
  Your Amazon order OD5821323824 has been shipped via Ekart. Track: bit.ly/GwTUjG,Delivery,Delivery_0
Cheque no. 584368789534 for Rs.41952 has been cleared from A/c XX3474. -HDFC Bank,Bank,Bank_8
Beware of fraud calls asking for card details. HDFC Bank officials never ask for PIN or CVV.,Bank,Bank_15
Flat INR 1757 cashback on your next order at Meesho. Use code SAVE43. Valid till 01 Jul.,Promo,Promo_2
789165 is your Hotstar security code. Anyone asking for it is a scammer.,OTP,OTP_9
Rs.63314 credited to A/c XX8368 on 25-01-26 Avl Bal: Rs.332375 -PNB,Bank,Bank_1
CONFIRMATION CODE 921771 FOR BIGBASKET. KEEP IT PRIVATE.,OTP,OTP_11
Items in your order history are back in stock at Meesho. Prices start Rs.876.,Promo,Promo_23
Rs.1103  cashback credited to your PhonePe wallet. Use on your next order.,Promo,Promo_21
Out for delivery: Your Swiggy package OD2229386638 will arrive today by 9 PM. -Ekart,Delivery,Delivery_1
"Never share your OTP, PIN or CVV. HDFC Bank never asks for these. Stay safe.",Bank,Hard_3
LOW BALANCE ALERT: A/C XX7334 BALANCE IS RS.147571. MAINTAIN MIN BALANCE TO AVOID CHARGES.,Bank,Bank_10
Out for delivery: Ur Swiggy package OD9535900187 will arrive today by 3 PM. -Ekart,Delivery,Delivery_1
"Your BOB health insurance renewal is due 01 Jul. Renew online, save 20% on premium.",Promo,Promo_24
Delivered!  Your BigBasket order OD8451353684 was delivered on 02 Jul. Rate your experience: bit.ly/XxWaLx,Delivery,Delivery_2
"  Class shifted to room 1072, come fast",Personal,Hard_6
115281 is your Meesho security code. Anyone asking for it is a scammer.,OTP,OTP_9
Flight fares dropped! HYD-LKO from Rs.1300. Book on Goibibo before midnight.,Promo,Promo_16
Ur OTP is 960125. Use it to verify ur Axis Bank account. Expires in 2 min.,OTP,OTP_1
"Never share your OTP, PIN or CVV. PNB never asks for these. Stay safe.",Bank,Hard_3
Out for delivery: Your Myntra package OD1062951952 will arrive today by 3 PM. -DTDC,Delivery,Delivery_1
<#> 522574 is your SBI code. Valid 2 min. hA8sk2Lqp3,OTP,OTP_13
MEGA SALE! Get 70% OFF on all products at Myntra. Shop now: bit.ly/QiHMvr T&C apply.,Promo,Promo_0
Your account statement for July is available. Download from the ICICI Bank app.,Bank,Bank_16
YOUR OTP IS 325883. USE IT TO VERIFY YOUR SWIGGY ACCOUNT. EXPIRES IN 30 MIN.,OTP,OTP_1
Your SIM will be deactivated in 24hrs. Verify Aadhaar: bit.ly/VhvGJz,Spam,Hard_13
  Confirmation code 995023 for Hotstar. Keep it private.,OTP,OTP_11
Low balance alert: A/c XX2280 balance is Rs.95258. Maintain min balance to avoid charges.,Bank,Bank_10
  Your Kotak debit card XX1939 has been blocked due to suspicious activity. Visit branch or call 1800-XXX to unblock.,Bank,Bank_11
Items  in your order history are back in stock at BigBasket. Prices start Rs.267.,Promo,Promo_23
Your BOB debit card XX1170 has been blocked due to suspicious activity. Visit branch or call 1800-XXX to unblock.,Bank,Bank_11
Your Hotstar code: 867230,OTP,OTP_8
Missed our shows? Come back to SonyLIV at 50% off for 3 months. Resubscribe: bit.ly/xobpKR,Promo,Promo_19
  830674 is your Amazon security code. Anyone asking for it is a scammer.,OTP,OTP_9
Your  credit card XX1509 statement is ready. Total due: Rs.23085. Min due: Rs.4390. -Axis Bank,Bank,Bank_5
Your  FD of Rs.19845 matures on 09-02-26. Renew or withdraw via netbanking. -BOB,Bank,Bank_14
"CLASS SHIFTED TO ROOM 7957, COME FAST",Personal,Hard_6
Flight fares dropped! BOM-CCU from Rs.327. Book on ixigo before midnight.,Promo,Promo_16
Missed our shows? Come back to Netflix at 50% off for 3 months. Resubscribe: bit.ly/MQtxpq,Promo,Promo_19
PAY RS.3800 ON DELIVERY FOR ORDER OD374721773. -BLUEDART,Delivery,Hard_10
Beware of fraud calls asking for card details. ICICI Bank officials never ask for PIN or CVV.,Bank,Bank_15
KYC UPDATE PENDING FOR A/C XX2672. PLEASE VISIT YOUR NEAREST KOTAK BRANCH BY 20-01-26 TO AVOID RESTRICTIONS.,Bank,Bank_12
YOUR PNB DEBIT CARD XX9894 HAS BEEN BLOCKED DUE TO SUSPICIOUS ACTIVITY. VISIT BRANCH OR CALL 1800-XXX TO UNBLOCK.,Bank,Bank_11
  KYC update pending for A/c XX7779. Please visit your nearest Kotak branch by 15-06-26 to avoid restrictions.,Bank,Bank_12
Interest of Rs.20341 credited to ur FD A/c XX9429. -Kotak,Bank,Bank_9
Your Uber code: 4312,OTP,Hard_8
Recharge with Rs.1608 & get 60% extra talktime. Offer valid today only!,Promo,Promo_5
Rs.94563 debited from A/c XX3283 on 07-02-26 to Lipika. Avl Bal: Rs.153456. -Axis Bank,Bank,Bank_0
YOUR ORDER OD7670742591 FROM SWIGGY IS ARRIVING TOMORROW. KEEP RS.438 READY FOR COD.,Delivery,Delivery_3
OTP-based login was enabled for your A/c XX9395 Call BOB if this wasn't you,Bank,Hard_2
MISSED OUR SHOWS? COME BACK TO SONYLIV AT 50% OFF FOR 3 MONTHS. RESUBSCRIBE: BIT.LY/CDOGZG,Promo,Promo_19
"Class shifted to room 5369, come fast",Personal,Hard_6
G-694385 is your Google verification code.,OTP,OTP_12
Use  code 2094 at checkout for 25% off at BigBasket!,Promo,Hard_0
562037 is your Zomato security code. Anyone asking for it is a scammer.,OTP,OTP_9
YOUR UBER CODE: 5820,OTP,Hard_8
Your SBI code: 677363,OTP,OTP_8
Rs.76624 credited to A/c XX6049 on 02-03-26. Avl Bal: Rs.225512. -HDFC Bank,Bank,Bank_1
Confirmation code 246593 for Myntra. Keep it private. T&C apply,OTP,OTP_11
LOW BALANCE ALERT: A/C XX5387 BALANCE IS RS.407404. MAINTAIN MIN BALANCE TO AVOID CHARGES.,Bank,Bank_10
Your Flipkart order OD7214506712 has been shipped via Delhivery. Track: bit.ly/JRifAi,Delivery,Delivery_0
Data exhausted? Get 1.5GB extra with Rs.1190 booster pack Dial *121# or visit app,Promo,Promo_11
Your SBI debit card XX9238 has been blocked due to suspicious activity. Visit branch or call 1800-XXX to unblock.,Bank,Bank_11
salary of rs.48650 credited to a/c xx5614. avl bal: rs.170056. -pnb,Bank,Bank_7
Congratulations! U won Rs.853301 in lucky draw. Claim: bit.ly/uoiACz,Spam,Hard_12
Exclusive  for you! Buy 1 Get 1 FREE at Swiggy. Limited period offer. Visit bit.ly/JqjmTH,Promo,Promo_3
Cheque no 122986930756 for Rs.70350 has been cleared from A/c XX2157 -PNB,Bank,Bank_8
Enter 302968 to verify your mobile number for PNB.,OTP,OTP_10
MYNTRA: YOUR CART MISSES YOU! COMPLETE PURCHASE NOW & GET 80% OFF. BIT.LY/PXPIIO,Promo,Promo_4
Weekend special at Meesho! Min 40% off on everything. Don't miss out: bit.ly/KtfcXm,Promo,Promo_6
Ur order OD7875568899 from Amazon is arriving tomorrow. Keep Rs.4409 ready for COD.,Delivery,Delivery_3
Your SIM will be deactivated in 24hrs. Verify Aadhaar: bit.ly/hMZoGv,Spam,Hard_13
846173 - use this to sign in. Never share this code with anyone.,OTP,Hard_7
OTP for delivery of order OD6070285006 is 2021. Share only with the delivery agent. -XpressBees,Delivery,Delivery_9
168374 is your OTP for Hotstar login. Valid for 30 minutes. Do not share with anyone. -TM,OTP,OTP_0
Weekend special at Myntra! Min 70% off on everything. Don't miss out: bit.ly/JTmWOA,Promo,Promo_6
Convert your SBI card purchase of Rs.1162 into easy EMIs at 0% interest. Reply YES.,Promo,Promo_15
Your Uber code: 7398,OTP,Hard_8
Use 461077 to complete your BOB registration. Valid till 10 mins.,OTP,OTP_4
602629 is your verification code for Uber. Never share your OTP.,OTP,OTP_3
SALARY OF RS.70824 CREDITED TO A/C XX9542. AVL BAL: RS.2777. -BOB,Bank,Bank_7
congratulations! you won rs.1907533 in lucky draw. claim: bit.ly/gjbcsb,Spam,Hard_12
your pnb debit card xx3751 has been blocked due to suspicious activity. visit branch or call 1800-xxx to unblock.,Bank,Bank_11
301963  is your BigBasket security code. Anyone asking for it is a scammer.,OTP,OTP_9
KYC update pending for A/c XX5937. Please visit your nearest HDFC Bank branch by 28-04-26 to avoid restrictions.,Bank,Bank_12
Loved your recent Swiggy order? Reorder in 1 tap and get 80% off today.,Promo,Promo_22
Auto-pay of Rs.74467 to Chaitaly is scheduled on 16-03-26 from A/c XX7854. Ensure sufficient balance. T&C apply,Bank,Bank_13
OTP-BASED LOGIN WAS ENABLED FOR YOUR A/C XX7761. CALL AXIS BANK IF THIS WASN'T YOU.,Bank,Hard_2
Your Flipkart order OD4390278343 has been shipped via Delhivery. Track: bit.ly/WSFkMB,Delivery,Delivery_0
  Weekend special at Zomato! Min 50% off on everything. Don't miss out: bit.ly/SSkNdV,Promo,Promo_6
"your kotak health insurance renewal is due 01 jul. renew online, save 40% on premium.",Promo,Promo_24
INR 89199 debited from A/c XX1517 on 16-04-26 to Lipika. Avl Bal: INR 376122. -HDFC Bank,Bank,Bank_0
CONVERT YOUR ICICI BANK CARD PURCHASE OF RS.1496 INTO EASY EMIS AT 0% INTEREST. REPLY YES.,Promo,Promo_15
Low  balance alert: A/c XX9786 balance is Rs.63563. Maintain min balance to avoid charges.,Bank,Bank_10
Pay Rs.3663 on delivery for order OD306327190. -XpressBees,Delivery,Hard_10
ALERT: Rs.38420 withdrawn from ATM using card XX8418 on 21-05-26. Bal: Rs.463421. -ICICI Bank,Bank,Bank_3
Work from home! Earn Rs.581744/month Join: bitly/BXqPYg,Spam,Hard_14
  592053 - use this to sign in. Never share this code with anyone.,OTP,Hard_7
Meesho: Your cart misses you! Complete purchase now & get 80% off. bit.ly/YQRiZH,Promo,Promo_4
Your OTP is 584904. Use it to verify your Hotstar account. Expires in 5 min.,OTP,OTP_1
Dear customer ur PNB account will be blocked! Update KYC now: bit.ly/EergWt,Spam,Hard_11
Your credit card XX3299 statement is ready. Total due: INR 23433. Min due: INR 3796. -ICICI Bank,Bank,Bank_5
KYC update pending for A/c XX1223. Please visit your nearest ICICI Bank branch by 07-02-26 to avoid restrictions.,Bank,Bank_12
EMI of Rs.12209 due on 23-03-26 for loan A/c XX5775. Pay now to avoid charges. -BOB,Bank,Bank_4
  Out for delivery: Your Meesho package OD8452299487 will arrive today by 3 PM. -Ekart,Delivery,Delivery_1
Swiggy:  Your cart misses you! Complete purchase now & get 70% off. bit.ly/pFDOJD,Promo,Promo_4
Pre-approved!  Get a PNB credit card with Rs.139763 limit. Zero joining fee. Apply: bit.ly/OAZzXH,Promo,Promo_14
Order OD9214006889 packed and ready! Expected dispatch by 01 Jul. -Amazon,Delivery,Delivery_8
Use 86737 to complete your SBI registration. Valid till 2 mins.,OTP,OTP_4
UPI payment of Rs.47770 to Warda successful UPI Ref: 255769037541 -ICICI Bank,Bank,Bank_6
"Hi Jai, unlock Rs.870 off your first order at BigBasket with code NEW94",Promo,Promo_7
Dear customer ur SBI account will be blocked! Update KYC now: bitly/qmnkon,Spam,Hard_11
OTP-based  login was enabled for your A/c XX6649. Call ICICI Bank if this wasn't you.,Bank,Hard_2
"Bro send me INR 3368 on gpay, will return by 04 Jul",Personal,Hard_5
Your  Amazon code: 16204,OTP,OTP_8
"Hi Kamya, unlock INR 1363 off your first order at Zomato with code NEW69.",Promo,Promo_7
Interest of Rs.88091 credited to your FD A/c XX2541. -PNB,Bank,Bank_9
RS.36301 CREDITED TO A/C XX1767 ON 02-01-26. AVL BAL: RS.68714. -ICICI BANK,Bank,Bank_1
  Weekend special at Meesho! Min 10% off on everything. Don't miss out: bit.ly/aQavEs,Promo,Promo_6
Confirmation code 143575 for Myntra. Keep it private.,OTP,OTP_11
<#> 924295 is your uber code. valid 10 min. ha8sk2lqp3,OTP,OTP_13
UPI payment of INR 8147 to Divya successful. UPI Ref: 147031894126. -Axis Bank,Bank,Bank_6
Your Jio pack expires tomorrow. Recharge with Rs.1128 for 3GB/day + unlimited calls. STOP to opt out,Promo,Promo_10
  KYC update pending for A/c XX1292. Please visit your nearest HDFC Bank branch by 15-02-26 to avoid restrictions.,Bank,Bank_12
Cheque no. 754903975474 for INR 66301 has been cleared from A/c XX8963. -Kotak,Bank,Bank_8
  Hungry? Get 80% off up to Rs.129 on your next 3 orders. Code: EAT63. -Zomato,Promo,Promo_12
Ekart: Shipment OD8153393317 reached ur city hub. Expected delivery: 05 Jul.,Delivery,Delivery_4
otp for delivery of order od3585614171 is 5676. share only with the delivery agent. -ekart,Delivery,Delivery_9
Pre-approved! Get a Kotak credit card with INR 161463 limit. Zero joining fee. Apply: bit.ly/yVSpxR,Promo,Promo_14
"  Bro send me Rs.3431 on gpay, will return by 04 Jul",Personal,Hard_5
434037 - use this code to sign in to Uber. Never share it with anyone.,OTP,OTP_7
"Hey, my new number is 6369378846. Save it! Meet at noon?",Personal,Hard_4
Delivery attempt failed for order OD5589072214. We will retry tomorrow. -DTDC,Delivery,Delivery_5
Your order OD2201529849 from Meesho is arriving tomorrow. Keep INR 1717 ready for COD.,Delivery,Delivery_3
loved your recent flipkart order? reorder in 1 tap and get 60% off today.,Promo,Promo_22
DEAR CUSTOMER UR BOB ACCOUNT WILL BE BLOCKED! UPDATE KYC NOW: BIT.LY/WPANET,Spam,Hard_11
Delivery attempt failed for order OD1227611929. We will retry tomorrow. -Ekart,Delivery,Delivery_5
your fd of rs.42549 matures on 18-04-26. renew or withdraw via netbanking. -icici bank,Bank,Bank_14
Your A/c XX3519 is debited with INR 68958 on 25-03-26. Info: UPI-Aadhya. Bal: INR 223252,Bank,Bank_2
  Myntra: Your cart misses you! Complete purchase now & get 70% off. bit.ly/bMjlbZ,Promo,Promo_4
Salary of Rs.30773 credited to A/c XX7532. Avl Bal: Rs.429982. -HDFC Bank,Bank,Bank_7
Ur SIM will be deactivated in 24hrs. Verify Aadhaar: bit.ly/ggHTGL,Spam,Hard_13
"Bro send me Rs.3812 on gpay, will return by 04 Jul",Personal,Hard_5
Convert your PNB card purchase of Rs.155 into easy EMIs at 0% interest Reply YES,Promo,Promo_15
Low balance alert: A/c XX6374 balance is Rs.291551. Maintain min balance to avoid charges. STOP to opt out,Bank,Bank_10
your fd of rs.57535 matures on 28-02-26. renew or withdraw via netbanking. -kotak,Bank,Bank_14
  ALERT: Rs.54413 withdrawn from ATM using card XX8162 on 07-04-26. Bal: Rs.165766. -PNB,Bank,Bank_3
  Your SonyLIV plan renews on 04 Jul at Rs.958. Upgrade to 4K for Rs.273/month.,Promo,Promo_18
Salary of Rs.51289 credited to A/c XX9604. Avl Bal: Rs.449893. -Axis Bank,Bank,Bank_7
Rs.18551 debited from A/c XX2740 on 29-06-26 to Zinal. Avl Bal: Rs.174125. -PNB,Bank,Bank_0
work from home! earn rs.379258/month. join: bit.ly/iatybr,Spam,Hard_14
Missed our shows? Come back to Hotstar at 50% off for 3 months. Resubscribe: bit.ly/kZUEYr STOP to opt out,Promo,Promo_19
G-296197 IS YOUR GOOGLE VERIFICATION CODE.,OTP,OTP_12
  Your Amazon order OD3503286693 has been shipped via DTDC. Track: bit.ly/rGMhGG,Delivery,Delivery_0
Your credit card XX4542 statement is ready Total due: Rs.53046 Min due: Rs.1269 -HDFC Bank,Bank,Bank_5
  Your FD of Rs.81503 matures on 10-03-26. Renew or withdraw via netbanking. -Kotak,Bank,Bank_14
Your account statement for August is available. Download from the SBI app.,Bank,Bank_16
OTP-BASED LOGIN WAS ENABLED FOR YOUR A/C XX3654. CALL BOB IF THIS WASN'T YOU.,Bank,Hard_2
Your Jio pack expires tomorrow. Recharge with Rs.228 for 1GB/day + unlimited calls.,Promo,Promo_10
Weekend special at Amazon! Min 30% off on everything. Don't miss out: bit.ly/FCvOKA STOP to opt out,Promo,Promo_6
Salary of Rs.18931 credited to A/c XX7760. Avl Bal: Rs.265928. -PNB,Bank,Bank_7
"Hi Kamala, unlock Rs.781 off your first order at Amazon with code NEW80.",Promo,Promo_7
Your ICICI Bank code: 771416,OTP,OTP_8
Tap to verify: 731861. This code expires shortly.,OTP,Hard_9
Missed our shows? Come back to Netflix at 50% off for 3 months. Resubscribe: bit.ly/SvLvXj,Promo,Promo_19
401891 is your OTP for Kotak login. Valid for 5 minutes. Do not share with anyone.,OTP,OTP_0
Exclusive  for you! Buy 1 Get 1 FREE at Myntra. Limited period offer. Visit bit.ly/mSXQKH,Promo,Promo_3
Out for delivery: Your Myntra package OD4434609981 will arrive today by 3 PM. -DTDC,Delivery,Delivery_1
Pay Rs.2913 on delivery for order OD376260302. -Ekart,Delivery,Hard_10
OTP-based login was enabled for your A/c XX7166. Call PNB if this wasn't you.,Bank,Hard_2
OTP for delivery of order OD4938475775 is 4738. Share only with the delivery agent. -BlueDart,Delivery,Delivery_9
20082 is your Netflix security code Anyone asking for it is a scammer,OTP,OTP_9
BigBasket Big Billion Days! Up to 20% off + extra 10% with SBI cards. Hurry!,Promo,Promo_1
otp for delivery of order od7530642958 is 8424. share only with the delivery agent. -bluedart,Delivery,Delivery_9
loved your recent meesho order? reorder in 1 tap and get 50% off today.,Promo,Promo_22
Isha from DTDC is arriving with your package. Contact: 01321708396,Delivery,Delivery_6
Order OD1637412150 packed and ready! Expected dispatch by 02 Jul. -BigBasket,Delivery,Delivery_8
  298985 - use this code to sign in to ICICI Bank. Never share it with anyone.,OTP,OTP_7
You have 4548 reward points expiring on 01 Jul. Redeem on Flipkart.,Promo,Promo_20
INR 35220 debited from A/c XX3261 on 14-05-26 to Rushil. Avl Bal: INR 340836. -SBI,Bank,Bank_0
Your credit card XX3302 statement is ready. Total due: Rs.50431. Min due: Rs.3318. -PNB,Bank,Bank_5
your return pickup for order od7014958728 is scheduled on 04 jul. keep the item ready. -bigbasket,Delivery,Delivery_7
  Coupon 1701 gives you free delivery on orders above Rs.3446. -Amazon,Promo,Hard_1
Your account statement for July is available Download from the Kotak app,Bank,Bank_16
  Confirmation code 318873 for SBI. Keep it private.,OTP,OTP_11
Interest of INR 49609 credited to your FD A/c XX1461. -Kotak,Bank,Bank_9
Your SIM will be deactivated in 24hrs. Verify Aadhaar: bit.ly/kfwFMh,Spam,Hard_13
Your Airtel pack expires tomorrow. Recharge with Rs.1965 for 3GB/day + unlimited calls.,Promo,Promo_10
Low balance alert: A/c XX9033 balance is Rs.445898. Maintain min balance to avoid charges.,Bank,Bank_10
  Flipkart Big Billion Days! Up to 30% off + extra 10% with ICICI Bank cards. Hurry!,Promo,Promo_1
"hi suhani, unlock rs.1145 off your first order at bigbasket with code new84.",Promo,Promo_7
Use 80461 to complete your SBI registration. Valid till 10 mins.,OTP,OTP_4
LOVED YOUR RECENT MEESHO ORDER? REORDER IN 1 TAP AND GET 40% OFF TODAY.,Promo,Promo_22
Your order OD3290461212 from Myntra is arriving tomorrow. Keep INR 2350 ready for COD.,Delivery,Delivery_3
your jio pack expires tomorrow. recharge with rs.614 for 3gb/day + unlimited calls.,Promo,Promo_10
KYC update pending for A/c XX2750. Please visit your nearest SBI branch by 26-03-26 to avoid restrictions.,Bank,Bank_12
Your account statement for July is available. Download from the Kotak app. -TM,Bank,Bank_16
Weekend special at BigBasket! Min 10% off on everything. Don't miss out: bit.ly/OyAcYA,Promo,Promo_6
Your A/c XX2735 is debited with Rs.17587 on 08-04-26. Info: UPI-Jonathan. Bal: Rs.66439,Bank,Bank_2
Confirmation code 38057 for Uber. Keep it private.,OTP,OTP_11
"  Your BOB health insurance renewal is due 06 Jul. Renew online, save 60% on premium.",Promo,Promo_24
CHEQUE NO. 580095457597 FOR RS.92785 HAS BEEN CLEARED FROM A/C XX4320. -SBI,Bank,Bank_8
  Zomato: Free delivery all weekend! Order your favourites now.,Promo,Promo_13
18050 - use this code to sign in to Flipkart. Never share it with anyone. T&C apply,OTP,OTP_7
Items in your order history are back in stock at Zomato. Prices start INR 899.,Promo,Promo_23
"Class shifted to room 1415, come fast",Personal,Hard_6
402728 is your OTP for Axis Bank login. Valid for 2 minutes. Do not share with anyone.,OTP,OTP_0
OTP for delivery of order OD6179664290 is 4426. Share only with the delivery agent. -Delhivery,Delivery,Delivery_9
Hungry? Get 20% off up to Rs.1880 on your next 3 orders. Code: EAT68. -Zomato STOP to opt out,Promo,Promo_12
Ur Prime Video plan renews on 01 Jul at Rs.1953. Upgrade to 4K for Rs.885/month.,Promo,Promo_18
YOUR CREDIT CARD XX9039 STATEMENT IS READY. TOTAL DUE: RS.24151. MIN DUE: RS.617. -BOB,Bank,Bank_5
MISSED OUR SHOWS? COME BACK TO HOTSTAR AT 50% OFF FOR 3 MONTHS. RESUBSCRIBE: BIT.LY/BCKWSB,Promo,Promo_19
Uber: 68480 is ur login OTP. It expires in 2 minutes.,OTP,OTP_6
YOUR SWIGGY MEMBERSHIP EXPIRES SOON. RENEW NOW & SAVE 80%: BIT.LY/OEDYZR,Promo,Promo_9
Delivery attempt failed for order OD1846970744. We will retry tomorrow. -Ekart,Delivery,Delivery_5
XpressBees: Shipment OD9594751061 reached your city hub. Expected delivery: 03 Jul. T&C apply,Delivery,Delivery_4
your return pickup for order od2185254486 is scheduled on 05 jul. keep the item ready. -zomato,Delivery,Delivery_7
UPI  payment of Rs.98337 to Pratyush successful. UPI Ref: 567972919005. -BOB,Bank,Bank_6
317837 IS YOUR BIGBASKET SECURITY CODE. ANYONE ASKING FOR IT IS A SCAMMER.,OTP,OTP_9
Delivery attempt failed for order OD7390638671. We will retry tomorrow. -BlueDart,Delivery,Delivery_5
IRCTC: Special trains added for festive season. Book early & save up to 60%.,Promo,Promo_17
Delhivery: Shipment OD2003620766 reached ur city hub. Expected delivery: 03 Jul.,Delivery,Delivery_4
Pay Rs.3177 on delivery for order OD148046218. -DTDC,Delivery,Hard_10
Low balance alert: A/c XX6134 balance is Rs.189902 Maintain min balance to avoid charges,Bank,Bank_10
113876 is your Meesho security code. Anyone asking for it is a scammer.,OTP,OTP_9
Low  balance alert: A/c XX2856 balance is Rs.417846. Maintain min balance to avoid charges.,Bank,Bank_10
LOVED YOUR RECENT MEESHO ORDER? REORDER IN 1 TAP AND GET 30% OFF TODAY.,Promo,Promo_22
Hungry? Get 60% off up to Rs.1509 on your next 3 orders. Code: EAT24. -Swiggy -TM,Promo,Promo_12
DELIVERED! YOUR FLIPKART ORDER OD3189474529 WAS DELIVERED ON 04 JUL. RATE YOUR EXPERIENCE: BIT.LY/MCQSML,Delivery,Delivery_2
paytm: 111658 is your login otp. it expires in 30 minutes.,OTP,OTP_6
OTP: 40191 for txn of Rs.2080 at Myntra. Do not share. -BOB,OTP,OTP_2
  Convert your Kotak card purchase of Rs.1204 into easy EMIs at 0% interest. Reply YES.,Promo,Promo_15
Low balance alert: A/c XX7698 balance is Rs.141130. Maintain min balance to avoid charges.,Bank,Bank_10
EMI of Rs.42335 due on 15-04-26 for loan A/c XX1800. Pay now to avoid charges. -Axis Bank,Bank,Bank_4
Coupon 3712 gives you free delivery on orders above Rs.683. -Flipkart,Promo,Hard_1
delivery attempt failed for order od2084739677. we will retry tomorrow. -bluedart,Delivery,Delivery_5
AUTO-PAY OF RS.91750 TO TANVI IS SCHEDULED ON 03-05-26 FROM A/C XX4846. ENSURE SUFFICIENT BALANCE.,Bank,Bank_13
Data exhausted? Get 2GB extra with Rs.271 booster pack. Dial *121# or visit app. -TM,Promo,Promo_11
YOUR HDFC BANK DEBIT CARD XX7498 HAS BEEN BLOCKED DUE TO SUSPICIOUS ACTIVITY. VISIT BRANCH OR CALL 1800-XXX TO UNBLOCK.,Bank,Bank_11
Your Vi pack expires tomorrow. Recharge with INR 616 for 3GB/day + unlimited calls.,Promo,Promo_10
Cheque no. 798353861179 for INR 22706 has been cleared from A/c XX6112. -ICICI Bank,Bank,Bank_8
rs.11739 credited to a/c xx5682 on 14-03-26. avl bal: rs.474466. -hdfc bank,Bank,Bank_1
455951 is your OTP for IRCTC login. Valid for 30 minutes. Do not share with anyone.,OTP,OTP_0
Use 377822 to complete ur HDFC Bank registration. Valid till 5 mins.,OTP,OTP_4
Your order OD9915210592 from Flipkart is arriving tomorrow. Keep Rs.337 ready for COD.,Delivery,Delivery_3
Out for delivery: Your Flipkart package OD8891329214 will arrive today by 6 PM. -BlueDart STOP to opt out,Delivery,Delivery_1
Your order OD9445907681 from Amazon is arriving tomorrow Keep Rs.4510 ready for COD,Delivery,Delivery_3
Your Jio pack expires tomorrow. Recharge with Rs.1630 for 3GB/day + unlimited calls.,Promo,Promo_10
DEAR CUSTOMER UR ICICI BANK ACCOUNT WILL BE BLOCKED! UPDATE KYC NOW: BIT.LY/USQTZW,Spam,Hard_11
Delivery attempt failed for order OD4365423966 We will retry tomorrow -XpressBees,Delivery,Delivery_5
interest of rs.20413 credited to your fd a/c xx8090. -pnb,Bank,Bank_9
G-756216 IS YOUR GOOGLE VERIFICATION CODE.,OTP,OTP_12
  Out for delivery: Your Amazon package OD6076853784 will arrive today by 6 PM. -Delhivery,Delivery,Delivery_1
  Items in your order history are back in stock at Zomato. Prices start Rs.285.,Promo,Promo_23
Out  for delivery: Your Meesho package OD5980620460 will arrive today by 3 PM. -XpressBees,Delivery,Delivery_1
481895 - USE THIS TO SIGN IN. NEVER SHARE THIS CODE WITH ANYONE.,OTP,Hard_7
Hungry? Get 50% off up to Rs.1722 on ur next 3 orders. Code: EAT40. -Zomato,Promo,Promo_12
Auto-pay of Rs.88 to Dev is scheduled on 04-07-26 from A/c XX2696. Ensure sufficient balance.,Bank,Bank_13
UPI payment of INR 94026 to Banjeet successful. UPI Ref: 681091036743. -Axis Bank,Bank,Bank_6
  Weekend special at Zomato! Min 60% off on everything. Don't miss out: bit.ly/oXnjgt,Promo,Promo_6
Use 282895 to complete your ICICI Bank registration. Valid till 2 mins.,OTP,OTP_4
MEGA SALE! GET 30% OFF ON ALL PRODUCTS AT MYNTRA. SHOP NOW: BIT.LY/XLJMMJ T&C APPLY.,Promo,Promo_0
Your credit card XX2569 statement is ready. Total due: Rs.75808. Min due: Rs.4513. -SBI,Bank,Bank_5
MEGA SALE! Get 60% OFF on all products at Meesho. Shop now: bit.ly/awmIzh T&C apply.,Promo,Promo_0
Salary of Rs.23057 credited to A/c XX9956. Avl Bal: Rs.447151. -HDFC Bank,Bank,Bank_7
  KYC update pending for A/c XX6701. Please visit your nearest PNB branch by 01-02-26 to avoid restrictions.,Bank,Bank_12
159567 IS YOUR OTP FOR FLIPKART LOGIN. VALID FOR 15 MINUTES. DO NOT SHARE WITH ANYONE.,OTP,OTP_0
BEWARE OF FRAUD CALLS ASKING FOR CARD DETAILS. KOTAK OFFICIALS NEVER ASK FOR PIN OR CVV.,Bank,Bank_15
Beware of fraud calls asking for card details. BOB officials never ask for PIN or CVV. STOP to opt out,Bank,Bank_15
your zomato code: 734659,OTP,OTP_8
rs.6677 credited to a/c xx7665 on 03-03-26. avl bal: rs.220827. -bob,Bank,Bank_1
Your return pickup for order OD4567371577 is scheduled on 04 Jul. Keep the item ready. -Swiggy,Delivery,Delivery_7
73673 - use this code to sign in to GPay. Never share it with anyone.,OTP,OTP_7
"Never share your OTP, PIN or CVV PNB never asks for these Stay safe",Bank,Hard_3
Weekend special at BigBasket! Min 30% off on everything. Don't miss out: bit.ly/DfotNm,Promo,Promo_6
461110 - use this code to sign in to Swiggy. Never share it with anyone.,OTP,OTP_7
Amazon: 321703 is ur login OTP. It expires in 2 minutes.,OTP,OTP_6
Cheque no 750589296806 for Rs.42924 has been cleared from A/c XX7054 -HDFC Bank,Bank,Bank_8
766625 - use this code to sign in to Axis Bank. Never share it with anyone. STOP to opt out,OTP,OTP_7
Your Swiggy order OD5537659673 has been shipped via BlueDart. Track: bit.ly/xZwhNI,Delivery,Delivery_0
Cheque no. 178161719767 for Rs.57177 has been cleared from A/c XX3953. -HDFC Bank,Bank,Bank_8
OTP FOR DELIVERY OF ORDER OD3359777261 IS 8858. SHARE ONLY WITH THE DELIVERY AGENT. -XPRESSBEES,Delivery,Delivery_9
Rs.1913 cashback credited to your Paytm wallet. Use on your next order.,Promo,Promo_21
Missed our shows? Come back to Prime Video at 50% off for 3 months Resubscribe: bitly/TLXMOl,Promo,Promo_19
Recharge with Rs.1818 & get 10% extra talktime. Offer valid today only!,Promo,Promo_5
BlueDart:  Shipment OD1934521297 reached your city hub. Expected delivery: 02 Jul.,Delivery,Delivery_4
RS.1220 CASHBACK CREDITED TO YOUR PHONEPE WALLET. USE ON YOUR NEXT ORDER.,Promo,Promo_21
Your account statement for August is available. Download from the BOB app.,Bank,Bank_16
UPI payment of Rs.15202 to Qabil successful. UPI Ref: 846385436018. -SBI,Bank,Bank_6
221258  is your verification code for SBI. Never share your OTP.,OTP,OTP_3
OTP: 839377 for txn of Rs.31486 at Myntra. Do not share. -PNB,OTP,OTP_2
Confirmation code 187624 for Paytm. Keep it private. -TM,OTP,OTP_11
OTP: 89203 for txn of Rs.27688 at Paytm. Do not share. -BOB,OTP,OTP_2
Your one time password is 293411 for IRCTC Please do not share it,OTP,OTP_5
  Delivery attempt failed for order OD6834564828. We will retry tomorrow. -DTDC,Delivery,Delivery_5
Your BOB debit card XX1713 has been blocked due to suspicious activity. Visit branch or call 1800-XXX to unblock.,Bank,Bank_11
OTP: 710766 for txn of Rs.3305 at Flipkart. Do not share. -ICICI Bank,OTP,OTP_2
OTP: 317891 for txn of Rs.20389 at IRCTC. Do not share. -PNB,OTP,OTP_2
Meesho: Your cart misses you! Complete purchase now & get 70% off. bit.ly/gBaNiA,Promo,Promo_4
UPI payment of INR 72678 to Aadhya successful. UPI Ref: 264243749893. -HDFC Bank,Bank,Bank_6
Enter 212256 to verify ur mobile number for PNB.,OTP,OTP_10
AUTO-PAY OF RS.86730 TO DARSH IS SCHEDULED ON 26-03-26 FROM A/C XX9361. ENSURE SUFFICIENT BALANCE.,Bank,Bank_13
WORK FROM HOME! EARN RS.535390/MONTH. JOIN: BIT.LY/JQFOVC,Spam,Hard_14
Beware of fraud calls asking for card details. SBI officials never ask for PIN or CVV.,Bank,Bank_15
"bro send me rs.2427 on gpay, will return by 01 jul",Personal,Hard_5
your otp is 585616. use it to verify your uber account. expires in 15 min.,OTP,OTP_1
  Axis Bank: 782372 is your login OTP. It expires in 2 minutes.,OTP,OTP_6
swiggy big billion days! up to 70% off + extra 10% with hdfc bank cards. hurry!,Promo,Promo_1
"Class shifted to room 8915, come fast",Personal,Hard_6
Your  FD of Rs.87371 matures on 08-05-26. Renew or withdraw via netbanking. -BOB,Bank,Bank_14
COUPON 3848 GIVES YOU FREE DELIVERY ON ORDERS ABOVE RS.3053. -MYNTRA,Promo,Hard_1
data exhausted? get 3gb extra with rs.131 booster pack. dial *121# or visit app.,Promo,Promo_11
Your Amazon membership expires soon Renew now & save 70%: bitly/DZPfAY,Promo,Promo_9
IRCTC: Special trains added for festive season. Book early & save up to 50%.,Promo,Promo_17
"Hey, my new number is 3606851810. Save it! Meet at tonight?",Personal,Hard_4
Congratulations! You won Rs.222169 in lucky draw. Claim: bit.ly/atXVGf,Spam,Hard_12
  Tap to verify: 805334. This code expires shortly.,OTP,Hard_9
"Class shifted to room 2295, come fast",Personal,Hard_6
Low balance alert: A/c XX7944 balance is INR 38512. Maintain min balance to avoid charges.,Bank,Bank_10
Weekend special at Amazon! Min 30% off on everything. Don't miss out: bit.ly/hRbhpF STOP to opt out,Promo,Promo_6
"Class shifted to room 5663, come fast T&C apply",Personal,Hard_6
OTP: 977698 for txn of Rs.49681 at BigBasket. Do not share. -ICICI Bank,OTP,OTP_2
Ur HDFC Bank code: 505148,OTP,OTP_8
Beware of fraud calls asking for card details. Kotak officials never ask for PIN or CVV.,Bank,Bank_15
Your BOB debit card XX1818 has been blocked due to suspicious activity. Visit branch or call 1800-XXX to unblock. -TM,Bank,Bank_11
Rs.59099 debited from A/c XX8335 on 28-02-26 to Kamya Avl Bal: Rs.393934 -PNB,Bank,Bank_0
Rs.6477 credited to A/c XX5561 on 28-01-26. Avl Bal: Rs.202365. -SBI,Bank,Bank_1
931295 is your verification code for PNB. Never share your OTP.,OTP,OTP_3
PRE-APPROVED! GET A SBI CREDIT CARD WITH RS.220356 LIMIT. ZERO JOINING FEE. APPLY: BIT.LY/FVVCLL,Promo,Promo_14
Enter  164139 to verify your mobile number for ICICI Bank.,OTP,OTP_10
Rs.74803 debited from A/c XX4431 on 19-02-26 to Harrison. Avl Bal: Rs.99879. -ICICI Bank,Bank,Bank_0
DTDC: Shipment OD6880359802 reached your city hub. Expected delivery: 02 Jul.,Delivery,Delivery_4
MEGA SALE! Get 50% OFF on all products at Meesho. Shop now: bit.ly/SpXYFx T&C apply.,Promo,Promo_0
  Rs.60288 debited from A/c XX6528 on 02-07-26 to Anvi. Avl Bal: Rs.7060. -Axis Bank,Bank,Bank_0
"Class  shifted to room 8578, come fast",Personal,Hard_6
Out for delivery: Ur Swiggy package OD8436019239 will arrive today by 9 PM. -DTDC,Delivery,Delivery_1
Enter 513125 to verify your mobile number for Swiggy.,OTP,OTP_10
Your one time password is 797752 for Axis Bank. Please do not share it. T&C apply,OTP,OTP_5
Beware of fraud calls asking for card details. BOB officials never ask for PIN or CVV.,Bank,Bank_15
OTP: 970144 for txn of Rs.39808 at Axis Bank. Do not share. -Axis Bank,OTP,OTP_2
G-171699 IS YOUR GOOGLE VERIFICATION CODE.,OTP,OTP_12
"Never share your OTP, PIN or CVV. BOB never asks for these. Stay safe.",Bank,Hard_3
  Last day! Flipkart clearance sale ends tonight. Up to 10% off sitewide.,Promo,Promo_8
13932 is your OTP for Uber login. Valid for 5 minutes. Do not share with anyone.,OTP,OTP_0
Enter 284507 to verify ur mobile number for Swiggy.,OTP,OTP_10
  Your one time password is 972339 for Uber. Please do not share it.,OTP,OTP_5
IRCTC: Special trains added for festive season. Book early & save up to 80%.,Promo,Promo_17
Last day! Meesho clearance sale ends tonight. Up to 40% off sitewide.,Promo,Promo_8
Your FD of INR 69030 matures on 26-03-26. Renew or withdraw via netbanking. -SBI,Bank,Bank_14
Pre-approved! Get a SBI credit card with Rs.307355 limit. Zero joining fee. Apply: bit.ly/AhvRmy,Promo,Promo_14
Flat Rs.278 cashback on your next order at Myntra. Use code SAVE54. Valid till 05 Jul.,Promo,Promo_2
Your Uber code: 3904,OTP,Hard_8
Interest  of Rs.17270 credited to your FD A/c XX8901. -BOB,Bank,Bank_9
MEGA SALE! Get 50% OFF on all products at BigBasket. Shop now: bit.ly/pVofJs T&C apply.,Promo,Promo_0
Your  order OD2382559307 from Swiggy is arriving tomorrow. Keep Rs.2409 ready for COD.,Delivery,Delivery_3
Low balance alert: A/c XX4479 balance is Rs.186787. Maintain min balance to avoid charges.,Bank,Bank_10
Convert your Kotak card purchase of Rs.87 into easy EMIs at 0% interest. Reply YES.,Promo,Promo_15
ENTER 508349 TO VERIFY YOUR MOBILE NUMBER FOR HOTSTAR.,OTP,OTP_10
Your Flipkart code: 674338,OTP,OTP_8
"Hey, my new number is 1037482491. Save it! Meet at tonight?",Personal,Hard_4
G-597550 is your Google verification code.,OTP,OTP_12
KYC update pending for A/c XX5258 Please visit your nearest HDFC Bank branch by 18-03-26 to avoid restrictions,Bank,Bank_12
Your one time password is 945601 for Uber Please do not share it,OTP,OTP_5
Your one time password is 543303 for Hotstar. Please do not share it.,OTP,OTP_5
YOUR ONE TIME PASSWORD IS 671989 FOR BIGBASKET. PLEASE DO NOT SHARE IT.,OTP,OTP_5
"Hi Zayan, unlock Rs.423 off your first order at Amazon with code NEW79. -TM",Promo,Promo_7
Coupon  5970 gives you free delivery on orders above Rs.1031. -BigBasket,Promo,Hard_1
Order OD1244825097 packed and ready! Expected dispatch by 03 Jul. -Meesho,Delivery,Delivery_8
  Cheque no. 543809373332 for Rs.2844 has been cleared from A/c XX3664. -SBI,Bank,Bank_8
KYC update pending for A/c XX2572 Please visit your nearest ICICI Bank branch by 23-04-26 to avoid restrictions,Bank,Bank_12
Enter 315547 to verify your mobile number for PhonePe.,OTP,OTP_10
Auto-pay of Rs.9644 to Wishi is scheduled on 25-01-26 from A/c XX8571. Ensure sufficient balance.,Bank,Bank_13
Rs.5304 debited from A/c XX7018 on 10-02-26 to Anirudh. Avl Bal: Rs.264226. -PNB T&C apply,Bank,Bank_0
Low  balance alert: A/c XX7402 balance is Rs.69745. Maintain min balance to avoid charges.,Bank,Bank_10
G-536577 is your Google verification code,OTP,OTP_12
Pre-approved!  Get a SBI credit card with Rs.107016 limit. Zero joining fee. Apply: bit.ly/rGKbqL,Promo,Promo_14
CONVERT YOUR KOTAK CARD PURCHASE OF RS.1653 INTO EASY EMIS AT 0% INTEREST. REPLY YES.,Promo,Promo_15
Rs.196 cashback credited to your Paytm wallet. Use on your next order.,Promo,Promo_21
Use 27274 to complete your IRCTC registration. Valid till 30 mins.,OTP,OTP_4
Beware of fraud calls asking for card details. HDFC Bank officials never ask for PIN or CVV.,Bank,Bank_15
Last day! Meesho clearance sale ends tonight. Up to 40% off sitewide.,Promo,Promo_8
Low  balance alert: A/c XX4780 balance is Rs.279576. Maintain min balance to avoid charges.,Bank,Bank_10
OTP-based login was enabled for your A/c XX5570. Call HDFC Bank if this wasn't you.,Bank,Hard_2
231377 is your PNB security code. Anyone asking for it is a scammer.,OTP,OTP_9
Use 951503 to complete your HDFC Bank registration. Valid till 5 mins. STOP to opt out,OTP,OTP_4
Ur account statement for August is available. Download from the BOB app.,Bank,Bank_16
Your PNB debit card XX5423 has been blocked due to suspicious activity. Visit branch or call 1800-XXX to unblock. STOP to opt out,Bank,Bank_11
UPI payment of Rs.99264 to Triya successful. UPI Ref: 833067114590. -Kotak,Bank,Bank_6
Ur Amazon order OD9346702039 has been shipped via Delhivery. Track: bit.ly/fCJdpt,Delivery,Delivery_0
Work  from home! Earn Rs.1781021/month. Join: bit.ly/FsBKfH,Spam,Hard_14
Flipkart: Ur cart misses you! Complete purchase now & get 10% off. bit.ly/EhbvQc,Promo,Promo_4
Auto-pay of Rs.32559 to Riya is scheduled on 05-02-26 from A/c XX7797. Ensure sufficient balance.,Bank,Bank_13
Weekend special at Amazon! Min 20% off on everything. Don't miss out: bit.ly/WMiysn,Promo,Promo_6
ALERT: Rs.63269 withdrawn from ATM using card XX2744 on 04-02-26. Bal: Rs.142154. -Axis Bank,Bank,Bank_3
kyc update pending for a/c xx6983. please visit your nearest icici bank branch by 29-03-26 to avoid restrictions.,Bank,Bank_12
Enter 73411 to verify your mobile number for Paytm.,OTP,OTP_10
897807 - USE THIS CODE TO SIGN IN TO GPAY. NEVER SHARE IT WITH ANYONE.,OTP,OTP_7
Your Meesho membership expires soon Renew now & save 70%: bitly/sbHAUs,Promo,Promo_9
Your one time password is 967334 for Zomato. Please do not share it.,OTP,OTP_5
"Class shifted to room 2360, come fast",Personal,Hard_6
PRE-APPROVED! GET A AXIS BANK CREDIT CARD WITH RS.56062 LIMIT. ZERO JOINING FEE. APPLY: BIT.LY/RKKDFB,Promo,Promo_14
Myntra Big Billion Days! Up to 10% off + extra 10% with Axis Bank cards. Hurry!,Promo,Promo_1
Your  Uber code: 4225,OTP,Hard_8
Items in your order history are back in stock at Flipkart. Prices start Rs.1065.,Promo,Promo_23
  Your A/c XX7218 is debited with Rs.67107 on 22-04-26. Info: UPI-Advika. Bal: Rs.437942,Bank,Bank_2
EMI of Rs.66282 due on 13-06-26 for loan A/c XX3086. Pay now to avoid charges. -BOB,Bank,Bank_4
Cheque no. 844622166805 for Rs.75977 has been cleared from A/c XX5139. -Kotak -TM,Bank,Bank_8
918414 - use this to sign in. Never share this code with anyone.,OTP,Hard_7
YOUR OTP IS 544168. USE IT TO VERIFY YOUR SWIGGY ACCOUNT. EXPIRES IN 10 MIN.,OTP,OTP_1
"Class shifted to room 3682, come fast",Personal,Hard_6
"Class shifted to room 7277, come fast",Personal,Hard_6
Flat Rs.871 cashback on your next order at Myntra. Use code SAVE19. Valid till 03 Jul.,Promo,Promo_2
Order  OD7142393182 packed and ready! Expected dispatch by 04 Jul. -Amazon,Delivery,Delivery_8
"Never share your OTP, PIN or CVV. BOB never asks for these. Stay safe.",Bank,Hard_3
Your  Uber code: 1435,OTP,Hard_8
OTP: 17341 for txn of Rs.35903 at Netflix. Do not share. -BOB,OTP,OTP_2
KYC update pending for A/c XX4863. Please visit your nearest HDFC Bank branch by 11-06-26 to avoid restrictions.,Bank,Bank_12
Your Uber code: 3364,OTP,Hard_8
Auto-pay of INR 32448 to Ansh is scheduled on 08-01-26 from A/c XX7753. Ensure sufficient balance.,Bank,Bank_13
Order OD7708790021 packed and ready! Expected dispatch by 03 Jul. -Zomato,Delivery,Delivery_8
Your SIM will be deactivated in 24hrs. Verify Aadhaar: bit.ly/VxRAnB,Spam,Hard_13
Use 516814 to complete ur Hotstar registration. Valid till 5 mins.,OTP,OTP_4
Low balance alert: A/c XX8722 balance is Rs.3644. Maintain min balance to avoid charges. STOP to opt out,Bank,Bank_10
OTP: 455310 for txn of Rs.6700 at Uber. Do not share. -Axis Bank,OTP,OTP_2
Congratulations! You won Rs.1705785 in lucky draw. Claim: bit.ly/EidfGl STOP to opt out,Spam,Hard_12
DTDC: Shipment OD2849397158 reached your city hub. Expected delivery: 02 Jul.,Delivery,Delivery_4
Items in your order history are back in stock at Myntra. Prices start Rs.844.,Promo,Promo_23
  Your return pickup for order OD2147937584 is scheduled on 04 Jul. Keep the item ready. -Meesho,Delivery,Delivery_7
Confirmation code 280280 for BigBasket Keep it private,OTP,OTP_11
Weekend special at Flipkart! Min 80% off on everything. Don't miss out: bit.ly/vVJPbi,Promo,Promo_6
RUDRA FROM DELHIVERY IS ARRIVING WITH YOUR PACKAGE. CONTACT: 07791275465,Delivery,Delivery_6
Zomato: Free delivery all weekend! Order your favourites now.,Promo,Promo_13
OTP for delivery of order OD4118675953 is 2781. Share only with the delivery agent. -DTDC,Delivery,Delivery_9
"Class shifted to room 7250, come fast",Personal,Hard_6
Your one time password is 389848 for ICICI Bank. Please do not share it.,OTP,OTP_5
KYC update pending for A/c XX5935. Please visit your nearest PNB branch by 17-04-26 to avoid restrictions. T&C apply,Bank,Bank_12
"Never  share your OTP, PIN or CVV. BOB never asks for these. Stay safe.",Bank,Hard_3
  <#> 131028 is your Amazon code. Valid 2 min. hA8sk2Lqp3,OTP,OTP_13
Enter 540183 to verify your mobile number for GPay.,OTP,OTP_10
Missed our shows? Come back to SonyLIV at 50% off for 3 months. Resubscribe: bit.ly/qQhJBL,Promo,Promo_19
INR 31997 debited from A/c XX5188 on 23-03-26 to Anay. Avl Bal: INR 243118. -ICICI Bank,Bank,Bank_0
OTP FOR DELIVERY OF ORDER OD4028449386 IS 1238. SHARE ONLY WITH THE DELIVERY AGENT. -DTDC,Delivery,Delivery_9
Your BigBasket order OD7542397162 has been shipped via Delhivery. Track: bit.ly/HsQuPg,Delivery,Delivery_0
Your Prime Video plan renews on 05 Jul at Rs.359. Upgrade to 4K for Rs.272/month. STOP to opt out,Promo,Promo_18
Convert your Axis Bank card purchase of Rs.390 into easy EMIs at 0% interest. Reply YES. T&C apply,Promo,Promo_15
  Coupon 2390 gives you free delivery on orders above Rs.4795. -Zomato,Promo,Hard_1
Use code 7531 at checkout for 10% off at Zomato!,Promo,Hard_0
Order OD6331514105 packed and ready! Expected dispatch by 01 Jul. -Myntra,Delivery,Delivery_8
699622 is your verification code for Swiggy Never share your OTP,OTP,OTP_3
Data exhausted? Get 3GB extra with Rs.424 booster pack. Dial *121# or visit app.,Promo,Promo_11
Falak  from Ekart is arriving with your package. Contact: 04779833872,Delivery,Delivery_6
  Flight fares dropped! BOM-MAA from Rs.679. Book on ixigo before midnight.,Promo,Promo_16
"Bro send me Rs.1411 on gpay, will return by 05 Jul",Personal,Hard_5
Pre-approved! Get a HDFC Bank credit card with Rs.476813 limit. Zero joining fee. Apply: bit.ly/DajKBF,Promo,Promo_14
  Your BigBasket membership expires soon. Renew now & save 50%: bit.ly/XfLZYd,Promo,Promo_9
Order OD8221697123 packed and ready! Expected dispatch by 01 Jul. -Meesho,Delivery,Delivery_8
your return pickup for order od7100677724 is scheduled on 01 jul. keep the item ready. -meesho,Delivery,Delivery_7
Auto-pay of Rs.20929 to Rishi is scheduled on 19-06-26 from A/c XX1417 Ensure sufficient balance,Bank,Bank_13
Enter 519212 to verify your mobile number for Myntra.,OTP,OTP_10
OTP for delivery of order OD1307671888 is 7509. Share only with the delivery agent. -XpressBees -TM,Delivery,Delivery_9
  Rs.51810 debited from A/c XX9376 on 11-06-26 to Pooja. Avl Bal: Rs.50244. -HDFC Bank,Bank,Bank_0
835401 IS YOUR VERIFICATION CODE FOR SBI. NEVER SHARE YOUR OTP.,OTP,OTP_3
"Hey, my new number is 2355130017. Save it! Meet at noon? STOP to opt out",Personal,Hard_4
Your order OD4919549600 from Swiggy is arriving tomorrow. Keep INR 502 ready for COD.,Delivery,Delivery_3
"Bro send me Rs.4101 on gpay, will return by 04 Jul",Personal,Hard_5
828931 is your myntra security code. anyone asking for it is a scammer.,OTP,OTP_9
Your Uber code: 9171,OTP,Hard_8
SALARY OF RS.2583 CREDITED TO A/C XX6764. AVL BAL: RS.287396. -ICICI BANK,Bank,Bank_7
Your SBI debit card XX3248 has been blocked due to suspicious activity. Visit branch or call 1800-XXX to unblock.,Bank,Bank_11
  904707 is your OTP for IRCTC login. Valid for 5 minutes. Do not share with anyone.,OTP,OTP_0
Interest of Rs.69601 credited to your FD A/c XX6221. -Kotak,Bank,Bank_9
Urvi from Ekart is arriving with ur package. Contact: 07195706649,Delivery,Delivery_6
37170  is your OTP for HDFC Bank login. Valid for 15 minutes. Do not share with anyone.,OTP,OTP_0
  Loved your recent BigBasket order? Reorder in 1 tap and get 70% off today.,Promo,Promo_22
UPI payment of Rs.49110 to Eiravati successful. UPI Ref: 501653637603. -BOB,Bank,Bank_6
  Out for delivery: Your Flipkart package OD7540615135 will arrive today by 3 PM. -Delhivery,Delivery,Delivery_1
salary of rs.80231 credited to a/c xx4387. avl bal: rs.168742. -icici bank,Bank,Bank_7
Your order OD5701820148 from Amazon is arriving tomorrow. Keep Rs.3541 ready for COD.,Delivery,Delivery_3
"Never share your OTP, PIN or CVV. Axis Bank never asks for these. Stay safe.",Bank,Hard_3
Interest of INR 73004 credited to your FD A/c XX9913. -PNB,Bank,Bank_9
Tap to verify: 285119. This code expires shortly.,OTP,Hard_9
Interest of Rs.94671 credited to ur FD A/c XX2681. -BOB,Bank,Bank_9
OTP for delivery of order OD5582690492 is 5076. Share only with the delivery agent. -Delhivery,Delivery,Delivery_9
690492 is your OTP for PNB login. Valid for 15 minutes. Do not share with anyone.,OTP,OTP_0
"Your ICICI Bank health insurance renewal is due 01 Jul. Renew online, save 20% on premium. STOP to opt out",Promo,Promo_24
You have 417 reward points expiring on 01 Jul. Redeem on Swiggy.,Promo,Promo_20
  Your Uber code: 555977,OTP,OTP_8
Interest of Rs.38025 credited to ur FD A/c XX6952. -PNB,Bank,Bank_9
Delivery attempt failed for order OD9510382497. We will retry tomorrow. -Ekart STOP to opt out,Delivery,Delivery_5
Your account statement for August is available. Download from the PNB app. -TM,Bank,Bank_16
Confirmation code 317750 for IRCTC. Keep it private.,OTP,OTP_11
Low balance alert: A/c XX1479 balance is Rs.305647 Maintain min balance to avoid charges,Bank,Bank_10
IRCTC:  Special trains added for festive season. Book early & save up to 30%.,Promo,Promo_17
  Your Vi pack expires tomorrow. Recharge with Rs.782 for 1.5GB/day + unlimited calls.,Promo,Promo_10
Your Airtel pack expires tomorrow. Recharge with Rs.1541 for 1GB/day + unlimited calls.,Promo,Promo_10
Rs.11813 credited to A/c XX9761 on 02-05-26. Avl Bal: Rs.413741. -BOB,Bank,Bank_1
Recharge with Rs.269 & get 40% extra talktime. Offer valid today only!,Promo,Promo_5
Work from home! Earn Rs.1393728/month. Join: bit.ly/mZwgxp,Spam,Hard_14
"Hey, my new number is 9858111665. Save it! Meet at 6pm?",Personal,Hard_4
197262 - use this code to sign in to HDFC Bank Never share it with anyone,OTP,OTP_7
OTP FOR DELIVERY OF ORDER OD6242978269 IS 2093. SHARE ONLY WITH THE DELIVERY AGENT. -DTDC,Delivery,Delivery_9
Use 891555 to complete your Amazon registration. Valid till 10 mins. -TM,OTP,OTP_4
salary of rs.81995 credited to a/c xx8157. avl bal: rs.194414. -sbi,Bank,Bank_7
Convert your PNB card purchase of Rs.248 into easy EMIs at 0% interest. Reply YES.,Promo,Promo_15
DEAR CUSTOMER UR ICICI BANK ACCOUNT WILL BE BLOCKED! UPDATE KYC NOW: BIT.LY/QEIHTA,Spam,Hard_11
137383  - use this code to sign in to PNB. Never share it with anyone.,OTP,OTP_7
UPI payment of Rs.9030 to Omaja successful. UPI Ref: 393408702663. -Axis Bank STOP to opt out,Bank,Bank_6
Your return pickup for order OD4708798328 is scheduled on 02 Jul Keep the item ready -Myntra,Delivery,Delivery_7
ALERT: INR 87832 withdrawn from ATM using card XX2377 on 24-04-26. Bal: INR 3537. -SBI,Bank,Bank_3
"Never share your OTP, PIN or CVV. Axis Bank never asks for these. Stay safe.",Bank,Hard_3
rs.99217 credited to a/c xx6682 on 24-06-26. avl bal: rs.161012. -hdfc bank,Bank,Bank_1
RS.369 CASHBACK CREDITED TO YOUR PAYTM WALLET. USE ON YOUR NEXT ORDER.,Promo,Promo_21
Delivered! Your BigBasket order OD9883420107 was delivered on 05 Jul. Rate your experience: bit.ly/qkGFCQ,Delivery,Delivery_2
OTP-based login was enabled for your A/c XX3097. Call Axis Bank if this wasn't you.,Bank,Hard_2
Out for delivery: Your Meesho package OD1448800934 will arrive today by 6 PM. -DTDC,Delivery,Delivery_1
ENTER 622694 TO VERIFY YOUR MOBILE NUMBER FOR PHONEPE.,OTP,OTP_10
Delivery attempt failed for order OD5198706374. We will retry tomorrow. -Ekart,Delivery,Delivery_5
Rs.36781 debited from A/c XX1473 on 17-06-26 to Abha. Avl Bal: Rs.162488. -PNB,Bank,Bank_0
Zomato:  Free delivery all weekend! Order your favourites now.,Promo,Promo_13
G-551941 is your Google verification code.,OTP,OTP_12
Your SIM will be deactivated in 24hrs. Verify Aadhaar: bit.ly/oEIPKV,Spam,Hard_13
Delivered! Your BigBasket order OD3711018419 was delivered on 04 Jul. Rate your experience: bit.ly/vYFZod,Delivery,Delivery_2
<#>  184098 is your IRCTC code. Valid 15 min. hA8sk2Lqp3,OTP,OTP_13
Low balance alert: A/c XX8395 balance is Rs.292556. Maintain min balance to avoid charges.,Bank,Bank_10
  Swiggy: Free delivery all weekend! Order your favourites now.,Promo,Promo_13
Use 533230 to complete your GPay registration. Valid till 2 mins.,OTP,OTP_4
Your Flipkart code: 197636,OTP,OTP_8
Congratulations! You won Rs.813161 in lucky draw Claim: bitly/zpVrgo,Spam,Hard_12
Use code 8704 at checkout for 50% off at Swiggy!,Promo,Hard_0
Your SIM will be deactivated in 24hrs. Verify Aadhaar: bit.ly/AaAUVW,Spam,Hard_13
Flight fares dropped! HYD-LKO from Rs.1446. Book on MakeMyTrip before midnight.,Promo,Promo_16
OTP: 345060 for txn of Rs.30796 at Paytm. Do not share. -HDFC Bank,OTP,OTP_2
Your A/c XX4650 is debited with Rs.75634 on 01-07-26. Info: UPI-Kashish. Bal: Rs.433626,Bank,Bank_2
EMI  of Rs.3798 due on 29-04-26 for loan A/c XX8772. Pay now to avoid charges. -BOB,Bank,Bank_4
Your credit card XX9008 statement is ready. Total due: Rs.12731. Min due: Rs.4060. -SBI,Bank,Bank_5
Auto-pay of Rs.74678 to Ekaja is scheduled on 28-06-26 from A/c XX8737. Ensure sufficient balance.,Bank,Bank_13
Your Amazon membership expires soon. Renew now & save 20%: bit.ly/YMkDCP,Promo,Promo_9
Low balance alert: A/c XX9159 balance is Rs.395714. Maintain min balance to avoid charges. STOP to opt out,Bank,Bank_10
  Rs.93415 credited to A/c XX2664 on 18-04-26. Avl Bal: Rs.132179. -PNB,Bank,Bank_1
EMI of Rs.18838 due on 18-01-26 for loan A/c XX3260. Pay now to avoid charges. -HDFC Bank,Bank,Bank_4
MEGA SALE! Get 80% OFF on all products at Amazon. Shop now: bit.ly/ujXbUG T&C apply. STOP to opt out,Promo,Promo_0
  Your return pickup for order OD5558344674 is scheduled on 06 Jul. Keep the item ready. -Swiggy,Delivery,Delivery_7
Cheque no. 898989468584 for Rs.24364 has been cleared from A/c XX3046. -Axis Bank STOP to opt out,Bank,Bank_8
Your Hotstar plan renews on 05 Jul at Rs.238. Upgrade to 4K for Rs.281/month.,Promo,Promo_18
Ur Flipkart membership expires soon. Renew now & save 20%: bit.ly/ZULwDJ,Promo,Promo_9
Swiggy: Free delivery all weekend! Order your favourites now.,Promo,Promo_13
Cheque no. 398514781500 for Rs.33688 has been cleared from A/c XX5592. -BOB,Bank,Bank_8
<#> 85900 is your axis bank code. valid 5 min. ha8sk2lqp3,OTP,OTP_13
  Coupon 7203 gives you free delivery on orders above Rs.4563. -Swiggy,Promo,Hard_1
G-405389 is your Google verification code.,OTP,OTP_12
  Confirmation code 956494 for ICICI Bank. Keep it private.,OTP,OTP_11
OTP for delivery of order OD4751689077 is 2818. Share only with the delivery agent. -XpressBees,Delivery,Delivery_9
EMI of Rs.87606 due on 20-01-26 for loan A/c XX5129. Pay now to avoid charges. -PNB -TM,Bank,Bank_4
KYC update pending for A/c XX2483. Please visit your nearest BOB branch by 25-05-26 to avoid restrictions.,Bank,Bank_12
Loved your recent Amazon order? Reorder in 1 tap and get 70% off today. -TM,Promo,Promo_22
Anusha from Delhivery is arriving with your package. Contact: 09663478290,Delivery,Delivery_6
OTP for delivery of order OD6883156835 is 2997. Share only with the delivery agent. -Ekart,Delivery,Delivery_9
Rs.16545 credited to A/c XX2575 on 12-03-26. Avl Bal: Rs.199821. -PNB,Bank,Bank_1
Data exhausted? Get 1.5GB extra with Rs.861 booster pack. Dial *121# or visit app.,Promo,Promo_11
Your Prime Video plan renews on 01 Jul at Rs.1981. Upgrade to 4K for Rs.666/month. -TM,Promo,Promo_18
pay rs.1606 on delivery for order od830480177. -ekart,Delivery,Hard_10
enter 250680 to verify your mobile number for bigbasket.,OTP,OTP_10
Dear customer ur BOB account will be blocked! Update KYC now: bit.ly/ESWTby T&C apply,Spam,Hard_11
Your FD of Rs.46582 matures on 30-05-26. Renew or withdraw via netbanking. -Axis Bank,Bank,Bank_14
KYC update pending for A/c XX3972. Please visit your nearest ICICI Bank branch by 28-03-26 to avoid restrictions.,Bank,Bank_12
OTP: 988813 for txn of Rs.32845 at Meesho. Do not share. -PNB,OTP,OTP_2
AUTO-PAY OF RS.4749 TO VINCENT IS SCHEDULED ON 16-03-26 FROM A/C XX4692. ENSURE SUFFICIENT BALANCE.,Bank,Bank_13
Weekend special at Zomato! Min 20% off on everything. Don't miss out: bit.ly/KlSGSs,Promo,Promo_6
U have 715 reward points expiring on 05 Jul. Redeem on Myntra.,Promo,Promo_20
Interest of Rs.71875 credited to your FD A/c XX3010. -ICICI Bank,Bank,Bank_9
"Class shifted to room 5369, come fast",Personal,Hard_6
Your Axis Bank code: 735267,OTP,OTP_8
Dear customer ur Kotak account will be blocked! Update KYC now: bit.ly/eGUzHt,Spam,Hard_11
Your A/c XX7439 is debited with Rs.20576 on 05-05-26. Info: UPI-Manbir. Bal: Rs.206190,Bank,Bank_2
  Salary of Rs.97944 credited to A/c XX4777. Avl Bal: Rs.312153. -HDFC Bank,Bank,Bank_7
Recharge with INR 1126 & get 20% extra talktime. Offer valid today only!,Promo,Promo_5
exclusive for you! buy 1 get 1 free at meesho. limited period offer. visit bit.ly/qxnwik,Promo,Promo_3
YOUR FLIPKART MEMBERSHIP EXPIRES SOON. RENEW NOW & SAVE 80%: BIT.LY/AFSJJG,Promo,Promo_9
  Salary of Rs.36166 credited to A/c XX9043. Avl Bal: Rs.219924. -Axis Bank,Bank,Bank_7
"Your Axis Bank health insurance renewal is due 02 Jul. Renew online, save 50% on premium.",Promo,Promo_24
loved your recent bigbasket order? reorder in 1 tap and get 70% off today.,Promo,Promo_22
Use code 2591 at checkout for 25% off at Zomato!,Promo,Hard_0
"  Class shifted to room 7182, come fast",Personal,Hard_6
Your Uber code: 1500,OTP,Hard_8
MEGA SALE! Get 60% OFF on all products at BigBasket Shop now: bitly/hXSrJt T&C apply,Promo,Promo_0
Rs.1754 cashback credited to your PhonePe wallet. Use on your next order.,Promo,Promo_21
Hungry? Get 50% off up to Rs.870 on your next 3 orders. Code: EAT65. -Zomato,Promo,Promo_12
Last day! Flipkart clearance sale ends tonight Up to 80% off sitewide,Promo,Promo_8
637746 is your Kotak security code. Anyone asking for it is a scammer.,OTP,OTP_9
Your OTP is 280292. Use it to verify your Myntra account. Expires in 15 min.,OTP,OTP_1
  Your Hotstar code: 980988,OTP,OTP_8
Out for delivery: Your BigBasket package OD3202458840 will arrive today by 6 PM. -BlueDart,Delivery,Delivery_1
delivery attempt failed for order od5793473988. we will retry tomorrow. -ekart,Delivery,Delivery_5
CONVERT YOUR HDFC BANK CARD PURCHASE OF RS.983 INTO EASY EMIS AT 0% INTEREST. REPLY YES.,Promo,Promo_15
324507 - use this to sign in. Never share this code with anyone.,OTP,Hard_7
ALERT: Rs.80501 withdrawn from ATM using card XX6452 on 01-01-26. Bal: Rs.55894. -HDFC Bank,Bank,Bank_3
Swiggy Big Billion Days! Up to 20% off + extra 10% with HDFC Bank cards Hurry!,Promo,Promo_1
use code 8583 at checkout for 25% off at myntra!,Promo,Hard_0
Last  day! BigBasket clearance sale ends tonight. Up to 30% off sitewide.,Promo,Promo_8
CHEQUE NO. 663411202025 FOR RS.75808 HAS BEEN CLEARED FROM A/C XX9009. -HDFC BANK,Bank,Bank_8
tamanna from bluedart is arriving with your package. contact: 1431113879,Delivery,Delivery_6
  Auto-pay of Rs.43217 to Samarth is scheduled on 29-03-26 from A/c XX8496. Ensure sufficient balance.,Bank,Bank_13
Work  from home! Earn Rs.2122055/month. Join: bit.ly/hSayzl,Spam,Hard_14
  610224 is your verification code for Netflix. Never share your OTP.,OTP,OTP_3
Cheque no. 812096028938 for Rs.88376 has been cleared from A/c XX2715. -PNB,Bank,Bank_8
<#> 983996 is your paytm code. valid 2 min. ha8sk2lqp3,OTP,OTP_13
ALERT: Rs.23052 withdrawn from ATM using card XX7938 on 12-06-26. Bal: Rs.413347. -Kotak,Bank,Bank_3
Tap to verify: 656821. This code expires shortly.,OTP,Hard_9
Recharge with Rs.402 & get 60% extra talktime Offer valid today only!,Promo,Promo_5
Your one time password is 819074 for Amazon. Please do not share it.,OTP,OTP_5
Delhivery: Shipment OD7621823088 reached your city hub. Expected delivery: 06 Jul.,Delivery,Delivery_4
Pre-approved!  Get a HDFC Bank credit card with Rs.71354 limit. Zero joining fee. Apply: bit.ly/mvRMAS,Promo,Promo_14
Convert your ICICI Bank card purchase of Rs.634 into easy EMIs at 0% interest. Reply YES. -TM,Promo,Promo_15
CHEQUE NO. 678477635253 FOR RS.17264 HAS BEEN CLEARED FROM A/C XX5904. -PNB,Bank,Bank_8
ekart: shipment od3162821807 reached your city hub. expected delivery: 01 jul.,Delivery,Delivery_4
upi payment of rs.64008 to eshana successful. upi ref: 645872652748. -axis bank,Bank,Bank_6
Exclusive for you! Buy 1 Get 1 FREE at Swiggy. Limited period offer. Visit bit.ly/cNsrzq STOP to opt out,Promo,Promo_3
Your  Myntra code: 304462,OTP,OTP_8
Missed our shows? Come back to Netflix at 50% off for 3 months. Resubscribe: bit.ly/svNBcZ,Promo,Promo_19
424584 is your OTP for Amazon login Valid for 30 minutes Do not share with anyone,OTP,OTP_0
OTP for delivery of order OD9115214332 is 9656. Share only with the delivery agent. -Delhivery,Delivery,Delivery_9
Auto-pay of INR 50197 to Harrison is scheduled on 10-04-26 from A/c XX9150. Ensure sufficient balance.,Bank,Bank_13
Ur FD of Rs.29349 matures on 01-02-26. Renew or withdraw via netbanking. -Kotak,Bank,Bank_14
YOUR A/C XX9127 IS DEBITED WITH RS.68380 ON 26-02-26. INFO: UPI-VASATIKA. BAL: RS.27631,Bank,Bank_2
  Auto-pay of Rs.29456 to Devansh is scheduled on 26-05-26 from A/c XX7156. Ensure sufficient balance.,Bank,Bank_13
Your Swiggy order OD6924285326 has been shipped via DTDC. Track: bit.ly/WShPbu,Delivery,Delivery_0
Your one time password is 178684 for PhonePe. Please do not share it.,OTP,OTP_5
  Convert your PNB card purchase of Rs.918 into easy EMIs at 0% interest. Reply YES.,Promo,Promo_15
otp for delivery of order od5437341825 is 8061. share only with the delivery agent. -bluedart,Delivery,Delivery_9
Flat Rs.1360 cashback on your next order at Zomato. Use code SAVE55. Valid till 04 Jul.,Promo,Promo_2
<#> 570834 is your Hotstar code. Valid 30 min. hA8sk2Lqp3,OTP,OTP_13
ENTER 970820 TO VERIFY YOUR MOBILE NUMBER FOR UBER.,OTP,OTP_10
"CLASS SHIFTED TO ROOM 7388, COME FAST",Personal,Hard_6
YOUR JIO PACK EXPIRES TOMORROW. RECHARGE WITH RS.1092 FOR 1GB/DAY + UNLIMITED CALLS.,Promo,Promo_10
INR 687 cashback credited to your PhonePe wallet. Use on your next order.,Promo,Promo_21
  Kotak: 511679 is your login OTP. It expires in 15 minutes.,OTP,OTP_6
Beware  of fraud calls asking for card details. ICICI Bank officials never ask for PIN or CVV.,Bank,Bank_15
EMI of Rs.53127 due on 21-05-26 for loan A/c XX6911. Pay now to avoid charges. -SBI STOP to opt out,Bank,Bank_4
<#> 914241 IS YOUR PNB CODE. VALID 5 MIN. HA8SK2LQP3,OTP,OTP_13
Delivery attempt failed for order OD5775326020. We will retry tomorrow. -XpressBees,Delivery,Delivery_5
Hungry? Get 70% off up to Rs.1001 on your next 3 orders. Code: EAT61. -Swiggy,Promo,Promo_12
Work from home! Earn Rs.2308061/month. Join: bit.ly/pEqqHn,Spam,Hard_14
OTP for delivery of order OD6460202682 is 7594. Share only with the delivery agent. -DTDC,Delivery,Delivery_9
552599 is your verification code for phonepe. never share your otp.,OTP,OTP_3
Convert your Kotak card purchase of Rs.1463 into easy EMIs at 0% interest. Reply YES.,Promo,Promo_15
Your FD of Rs.83304 matures on 13-05-26. Renew or withdraw via netbanking. -Kotak,Bank,Bank_14
Daksh from Delhivery is arriving with ur package. Contact: 04631515656,Delivery,Delivery_6
Pay Rs.1217 on delivery for order OD204272010. -BlueDart,Delivery,Hard_10
Enter 247159 to verify your mobile number for Netflix,OTP,OTP_10
KYC update pending for A/c XX4123. Please visit your nearest SBI branch by 15-04-26 to avoid restrictions.,Bank,Bank_12
Your account statement for July is available. Download from the SBI app.,Bank,Bank_16
Coupon 3994 gives you free delivery on orders above Rs.4910. -Swiggy,Promo,Hard_1
Flipkart Big Billion Days! Up to 50% off + extra 10% with PNB cards. Hurry!,Promo,Promo_1
Rs.507 cashback credited to your PhonePe wallet. Use on your next order.,Promo,Promo_21
Rs.93457 credited to A/c XX4733 on 27-04-26. Avl Bal: Rs.55928. -Axis Bank,Bank,Bank_1
Low balance alert: A/c XX4781 balance is Rs.225329. Maintain min balance to avoid charges.,Bank,Bank_10
Use 335793 to complete ur SBI registration. Valid till 15 mins.,OTP,OTP_4
emi of rs.96347 due on 04-01-26 for loan a/c xx4772. pay now to avoid charges. -sbi,Bank,Bank_4
YOUR ORDER OD5648261819 FROM SWIGGY IS ARRIVING TOMORROW. KEEP RS.2555 READY FOR COD.,Delivery,Delivery_3
Dear customer ur HDFC Bank account will be blocked! Update KYC now: bit.ly/ExqYmO STOP to opt out,Spam,Hard_11
YOUR OTP IS 43803. USE IT TO VERIFY YOUR HOTSTAR ACCOUNT. EXPIRES IN 10 MIN.,OTP,OTP_1
"Your  Axis Bank health insurance renewal is due 06 Jul. Renew online, save 30% on premium.",Promo,Promo_24
Pay Rs.1586 on delivery for order OD924765167. -XpressBees,Delivery,Hard_10
EMI of Rs.9663 due on 22-05-26 for loan A/c XX4821. Pay now to avoid charges. -PNB,Bank,Bank_4
Your A/c XX3174 is debited with Rs.14857 on 28-02-26. Info: UPI-Jalsa. Bal: Rs.455100,Bank,Bank_2
Your  one time password is 705098 for Myntra. Please do not share it.,OTP,OTP_5
Your Vi pack expires tomorrow. Recharge with INR 318 for 1.5GB/day + unlimited calls.,Promo,Promo_10
  OTP: 839819 for txn of Rs.47801 at Amazon. Do not share. -Axis Bank,OTP,OTP_2
Use 918641 to complete your Myntra registration. Valid till 10 mins.,OTP,OTP_4
EMI of Rs.14367 due on 21-02-26 for loan A/c XX8415. Pay now to avoid charges. -HDFC Bank,Bank,Bank_4
Missed our shows? Come back to Netflix at 50% off for 3 months. Resubscribe: bit.ly/zlWtBL,Promo,Promo_19
Your Hotstar plan renews on 02 Jul at Rs.1101. Upgrade to 4K for Rs.887/month.,Promo,Promo_18
Ekart: Shipment OD5826347248 reached your city hub. Expected delivery: 04 Jul.,Delivery,Delivery_4
Pre-approved! Get a SBI credit card with Rs.320611 limit. Zero joining fee. Apply: bit.ly/WLsSTx,Promo,Promo_14
ekart: shipment od6376068102 reached your city hub. expected delivery: 06 jul.,Delivery,Delivery_4
"Hi Nathan, unlock Rs.1029 off your first order at BigBasket with code NEW11. STOP to opt out",Promo,Promo_7
zomato: free delivery all weekend! order your favourites now.,Promo,Promo_13
Your  SIM will be deactivated in 24hrs. Verify Aadhaar: bit.ly/NzdSLV,Spam,Hard_13
XpressBees:  Shipment OD9644134464 reached your city hub. Expected delivery: 06 Jul.,Delivery,Delivery_4
Hungry? Get 40% off up to INR 1155 on your next 3 orders. Code: EAT18. -Zomato,Promo,Promo_12
Congratulations!  You won Rs.543068 in lucky draw. Claim: bit.ly/TkRYzk,Spam,Hard_12
Your FD of Rs.76388 matures on 19-04-26. Renew or withdraw via netbanking. -Axis Bank,Bank,Bank_14
187298 is your OTP for HDFC Bank login Valid for 10 minutes Do not share with anyone,OTP,OTP_0
Your  credit card XX5280 statement is ready. Total due: Rs.97563. Min due: Rs.1061. -BOB,Bank,Bank_5
Your Myntra membership expires soon. Renew now & save 50%: bit.ly/efOzeB -TM,Promo,Promo_9
Work from home! Earn Rs.961067/month Join: bitly/XbbnIf,Spam,Hard_14
Pre-approved! Get a PNB credit card with INR 389515 limit. Zero joining fee. Apply: bit.ly/eiMaoZ,Promo,Promo_14
Your  order OD5535325937 from Amazon is arriving tomorrow. Keep Rs.4708 ready for COD.,Delivery,Delivery_3
Flight fares dropped! DEL-LKO from Rs.540. Book on ixigo before midnight.,Promo,Promo_16
Myntra: 628908 is your login OTP. It expires in 2 minutes.,OTP,OTP_6
931823 is your verification code for amazon. never share your otp.,OTP,OTP_3
MEGA SALE! Get 80% OFF on all products at Amazon. Shop now: bit.ly/OkVIBf T&C apply.,Promo,Promo_0
Use code 5278 at checkout for 50% off at Swiggy!,Promo,Hard_0
Congratulations! You won Rs.100099 in lucky draw. Claim: bit.ly/PqFvnZ,Spam,Hard_12
Flight fares dropped! BLR-LKO from Rs.1737. Book on Goibibo before midnight.,Promo,Promo_16
Your Uber code: 2851,OTP,Hard_8
Missed  our shows? Come back to Netflix at 50% off for 3 months. Resubscribe: bit.ly/nOYBax,Promo,Promo_19
Data exhausted? Get 3GB extra with Rs.134 booster pack. Dial *121# or visit app.,Promo,Promo_11
Pre-approved! Get a Kotak credit card with Rs.75112 limit. Zero joining fee. Apply: bit.ly/CXFqDz,Promo,Promo_14
Rs.79749 credited to A/c XX5451 on 16-05-26. Avl Bal: Rs.317687. -HDFC Bank,Bank,Bank_1
Your FD of Rs.74796 matures on 27-01-26. Renew or withdraw via netbanking. -Axis Bank,Bank,Bank_14
Use 915662 to complete your Swiggy registration Valid till 15 mins,OTP,OTP_4
Your  credit card XX8732 statement is ready. Total due: Rs.22142. Min due: Rs.3322. -Axis Bank,Bank,Bank_5
YOUR ZOMATO CODE: 836840,OTP,OTP_8
Data exhausted? Get 3GB extra with Rs.1813 booster pack. Dial *121# or visit app.,Promo,Promo_11
G-826116  is your Google verification code.,OTP,OTP_12
598222  is your PhonePe security code. Anyone asking for it is a scammer.,OTP,OTP_9
Ur order OD6092576130 from Swiggy is arriving tomorrow. Keep Rs.1142 ready for COD.,Delivery,Delivery_3
Missed our shows? Come back to SonyLIV at 50% off for 3 months. Resubscribe: bit.ly/isZsAa,Promo,Promo_19
zomato: free delivery all weekend! order your favourites now.,Promo,Promo_13
your otp is 934355. use it to verify your phonepe account. expires in 30 min.,OTP,OTP_1
Myntra: Your cart misses you! Complete purchase now & get 50% off. bit.ly/FfRPkU,Promo,Promo_4
"Never share your OTP, PIN or CVV. Kotak never asks for these. Stay safe.",Bank,Hard_3
  Amazon Big Billion Days! Up to 50% off + extra 10% with SBI cards. Hurry!,Promo,Promo_1
230747 - use this to sign in. never share this code with anyone.,OTP,Hard_7
Your A/c XX2446 is debited with Rs.44366 on 17-06-26 Info: UPI-Kalpit Bal: Rs.442038,Bank,Bank_2
  Your Myntra code: 151008,OTP,OTP_8
Enter 818176 to verify your mobile number for IRCTC.,OTP,OTP_10
"never share your otp, pin or cvv. pnb never asks for these. stay safe.",Bank,Hard_3
OTP for delivery of order OD3882702648 is 6573. Share only with the delivery agent. -XpressBees,Delivery,Delivery_9
Your SIM will be deactivated in 24hrs. Verify Aadhaar: bit.ly/wLbBla,Spam,Hard_13
WEEKEND SPECIAL AT BIGBASKET! MIN 50% OFF ON EVERYTHING. DON'T MISS OUT: BIT.LY/ZJXMFU,Promo,Promo_6
Your OTP is 96219. Use it to verify your SBI account. Expires in 15 min.,OTP,OTP_1
LOW BALANCE ALERT: A/C XX2846 BALANCE IS RS.322685. MAINTAIN MIN BALANCE TO AVOID CHARGES.,Bank,Bank_10
Your one time password is 125214 for Netflix Please do not share it,OTP,OTP_5
Cheque no 408656464223 for Rs.544 has been cleared from A/c XX2384 -BOB,Bank,Bank_8
Delivery attempt failed for order OD1998568437 We will retry tomorrow -Delhivery,Delivery,Delivery_5
Your Jio pack expires tomorrow. Recharge with Rs.174 for 3GB/day + unlimited calls. T&C apply,Promo,Promo_10
Flat INR 1754 cashback on your next order at BigBasket. Use code SAVE78. Valid till 03 Jul.,Promo,Promo_2
Items in your order history are back in stock at Meesho. Prices start Rs.51.,Promo,Promo_23
Hungry? Get 50% off up to INR 1570 on your next 3 orders. Code: EAT59. -Swiggy,Promo,Promo_12
ALERT: Rs.46700 withdrawn from ATM using card XX2281 on 23-05-26. Bal: Rs.120075. -ICICI Bank,Bank,Bank_3
  Interest of Rs.18343 credited to your FD A/c XX7770. -ICICI Bank,Bank,Bank_9
818484 is your verification code for IRCTC. Never share your OTP.,OTP,OTP_3
Congratulations! You won INR 1060391 in lucky draw. Claim: bit.ly/zJxCHD,Spam,Hard_12
myntra: your cart misses you! complete purchase now & get 70% off. bit.ly/rfjdng,Promo,Promo_4
Use 424498 to complete your Paytm registration. Valid till 2 mins. STOP to opt out,OTP,OTP_4
YOUR CREDIT CARD XX3065 STATEMENT IS READY. TOTAL DUE: RS.37113. MIN DUE: RS.1715. -SBI,Bank,Bank_5
MEGA  SALE! Get 20% OFF on all products at Swiggy. Shop now: bit.ly/JYeWDb T&C apply.,Promo,Promo_0
You have 1204 reward points expiring on 06 Jul. Redeem on Swiggy.,Promo,Promo_20
Swiggy: Free delivery all weekend! Order your favourites now.,Promo,Promo_13
  674345 is your verification code for ICICI Bank. Never share your OTP.,OTP,OTP_3
Your PhonePe code: 929964,OTP,OTP_8
"Never share your OTP, PIN or CVV. ICICI Bank never asks for these. Stay safe.",Bank,Hard_3
  <#> 281250 is your Hotstar code. Valid 30 min. hA8sk2Lqp3,OTP,OTP_13
Jack from DTDC is arriving with ur package. Contact: +910807114907,Delivery,Delivery_6
Cheque no 288530323614 for Rs.63524 has been cleared from A/c XX2495 -HDFC Bank,Bank,Bank_8
your account statement for june is available. download from the pnb app.,Bank,Bank_16
Tap to verify: 414718. This code expires shortly.,OTP,Hard_9
Rs.81178 credited to A/c XX7980 on 06-01-26 Avl Bal: Rs.93436 -ICICI Bank,Bank,Bank_1
Use  989424 to complete your BigBasket registration. Valid till 2 mins.,OTP,OTP_4
Order OD2880713226 packed and ready! Expected dispatch by 01 Jul. -BigBasket,Delivery,Delivery_8
Missed our shows? Come back to Prime Video at 50% off for 3 months. Resubscribe: bit.ly/GCiRTI,Promo,Promo_19
Kotak: 791803 is your login OTP. It expires in 30 minutes.,OTP,OTP_6
Your SIM will be deactivated in 24hrs Verify Aadhaar: bitly/tyeDsD,Spam,Hard_13
Salary  of Rs.45759 credited to A/c XX9776. Avl Bal: Rs.72791. -PNB,Bank,Bank_7
Rs.42930 credited to A/c XX2652 on 17-02-26 Avl Bal: Rs.130171 -Axis Bank,Bank,Bank_1
Flat Rs.965 cashback on your next order at Meesho. Use code SAVE87. Valid till 05 Jul.,Promo,Promo_2
INTEREST OF RS.1228 CREDITED TO YOUR FD A/C XX8552. -ICICI BANK,Bank,Bank_9
KYC update pending for A/c XX4991. Please visit your nearest HDFC Bank branch by 19-01-26 to avoid restrictions.,Bank,Bank_12
Delivery  attempt failed for order OD9350378518. We will retry tomorrow. -Delhivery,Delivery,Delivery_5
  Auto-pay of Rs.54888 to Ekaja is scheduled on 27-03-26 from A/c XX7760. Ensure sufficient balance.,Bank,Bank_13
Delivery attempt failed for order OD9099766217. We will retry tomorrow. -DTDC,Delivery,Delivery_5
"Bro send me Rs.3317 on gpay, will return by 05 Jul",Personal,Hard_5
  Your return pickup for order OD5032806830 is scheduled on 04 Jul. Keep the item ready. -Flipkart,Delivery,Delivery_7
IRCTC: Special trains added for festive season. Book early & save up to 50%.,Promo,Promo_17
Your  OTP is 725360. Use it to verify your PhonePe account. Expires in 10 min.,OTP,OTP_1
KYC update pending for A/c XX9527. Please visit your nearest Kotak branch by 09-02-26 to avoid restrictions.,Bank,Bank_12
"never share your otp, pin or cvv. axis bank never asks for these. stay safe.",Bank,Hard_3
Manan from XpressBees is arriving with your package. Contact: +919696124567 T&C apply,Delivery,Delivery_6
MISSED OUR SHOWS? COME BACK TO NETFLIX AT 50% OFF FOR 3 MONTHS. RESUBSCRIBE: BIT.LY/WJGRWW,Promo,Promo_19
LOVED YOUR RECENT FLIPKART ORDER? REORDER IN 1 TAP AND GET 70% OFF TODAY.,Promo,Promo_22
UPI payment of Rs.67216 to Krishna successful. UPI Ref: 459291277645. -ICICI Bank STOP to opt out,Bank,Bank_6
  45523 is your verification code for Amazon. Never share your OTP.,OTP,OTP_3
931309 is your OTP for Flipkart login Valid for 15 minutes Do not share with anyone,OTP,OTP_0
212230 is your verification code for Hotstar Never share your OTP,OTP,OTP_3
Your one time password is 300905 for HDFC Bank. Please do not share it.,OTP,OTP_5
coupon 4063 gives you free delivery on orders above rs.4180. -flipkart,Promo,Hard_1
Enter 560287 to verify your mobile number for BigBasket.,OTP,OTP_10
435623 - use this to sign in. Never share this code with anyone.,OTP,Hard_7
Your Kotak debit card XX2118 has been blocked due to suspicious activity. Visit branch or call 1800-XXX to unblock.,Bank,Bank_11
  Loved your recent Zomato order? Reorder in 1 tap and get 60% off today.,Promo,Promo_22
Your Flipkart membership expires soon. Renew now & save 20%: bit.ly/LDmUfX,Promo,Promo_9
Coupon 6366 gives you free delivery on orders above Rs.1171. -Flipkart,Promo,Hard_1
Rs.99080  credited to A/c XX4240 on 25-01-26. Avl Bal: Rs.395880. -ICICI Bank,Bank,Bank_1
Delhivery: Shipment OD9246114819 reached your city hub. Expected delivery: 03 Jul.,Delivery,Delivery_4
Last day! Meesho clearance sale ends tonight. Up to 20% off sitewide.,Promo,Promo_8
Flat INR 393 cashback on your next order at Swiggy. Use code SAVE87. Valid till 01 Jul.,Promo,Promo_2
OTP  for delivery of order OD1113076777 is 5538. Share only with the delivery agent. -XpressBees,Delivery,Delivery_9
BigBasket: 975552 is your login OTP It expires in 10 minutes,OTP,OTP_6
Your Uber code: 1326,OTP,Hard_8
Your OTP is 637647. Use it to verify your Netflix account. Expires in 15 min. STOP to opt out,OTP,OTP_1
U have 2105 reward points expiring on 01 Jul. Redeem on Meesho.,Promo,Promo_20
Beware of fraud calls asking for card details. Kotak officials never ask for PIN or CVV.,Bank,Bank_15
RS.20565 DEBITED FROM A/C XX9285 ON 26-05-26 TO PRISHA. AVL BAL: RS.176013. -AXIS BANK,Bank,Bank_0
UPI payment of Rs.11137 to Vrishti successful. UPI Ref: 338165607107. -HDFC Bank,Bank,Bank_6
Convert your HDFC Bank card purchase of Rs.1182 into easy EMIs at 0% interest. Reply YES.,Promo,Promo_15
  Flight fares dropped! DEL-CCU from Rs.1860. Book on ixigo before midnight.,Promo,Promo_16
840792 - USE THIS CODE TO SIGN IN TO HOTSTAR. NEVER SHARE IT WITH ANYONE.,OTP,OTP_7
Meesho: Your cart misses you! Complete purchase now & get 40% off. bit.ly/SRKzmy,Promo,Promo_4
Congratulations! You won Rs.103138 in lucky draw. Claim: bit.ly/OMwKkN,Spam,Hard_12
"Hey, my new number is 02664062656. Save it! Meet at 8?",Personal,Hard_4
Last day! Myntra clearance sale ends tonight. Up to 80% off sitewide.,Promo,Promo_8
  XpressBees: Shipment OD2264391326 reached your city hub. Expected delivery: 06 Jul.,Delivery,Delivery_4
Rs.71979 debited from A/c XX1094 on 13-02-26 to Maya. Avl Bal: Rs.117345. -PNB,Bank,Bank_0
DTDC: Shipment OD2735588845 reached your city hub. Expected delivery: 01 Jul. STOP to opt out,Delivery,Delivery_4
Your SIM will be deactivated in 24hrs. Verify Aadhaar: bit.ly/UuEdxD,Spam,Hard_13
Recharge with Rs.264 & get 20% extra talktime. Offer valid today only!,Promo,Promo_5
Chakrika from BlueDart is arriving with your package. Contact: +911966341021,Delivery,Delivery_6
beware of fraud calls asking for card details. bob officials never ask for pin or cvv.,Bank,Bank_15
Flight fares dropped! BLR-LKO from Rs.222. Book on Goibibo before midnight.,Promo,Promo_16
KYC update pending for A/c XX4507. Please visit your nearest Axis Bank branch by 21-03-26 to avoid restrictions.,Bank,Bank_12
Last day! Myntra clearance sale ends tonight Up to 20% off sitewide,Promo,Promo_8
Order  OD9469643354 packed and ready! Expected dispatch by 04 Jul. -Meesho,Delivery,Delivery_8
Your  account statement for August is available. Download from the HDFC Bank app.,Bank,Bank_16
Your Myntra code: 604201,OTP,OTP_8
  Your OTP is 148052. Use it to verify your Hotstar account. Expires in 5 min.,OTP,OTP_1
61677 - use this code to sign in to BigBasket. Never share it with anyone.,OTP,OTP_7
Your Vi pack expires tomorrow. Recharge with Rs.783 for 2GB/day + unlimited calls. -TM,Promo,Promo_10
Items  in your order history are back in stock at Swiggy. Prices start Rs.1006.,Promo,Promo_23
  704991 is your verification code for HDFC Bank. Never share your OTP.,OTP,OTP_3
Flight fares dropped! BOM-LKO from Rs.304. Book on ixigo before midnight.,Promo,Promo_16
flat rs.1387 cashback on your next order at myntra. use code save99. valid till 05 jul.,Promo,Promo_2
G-115397 is your Google verification code.,OTP,OTP_12
  Your order OD2972391631 from Myntra is arriving tomorrow. Keep Rs.4660 ready for COD.,Delivery,Delivery_3
  KYC update pending for A/c XX6893. Please visit your nearest Kotak branch by 09-02-26 to avoid restrictions.,Bank,Bank_12
OTP for delivery of order OD6060433412 is 3378. Share only with the delivery agent. -DTDC,Delivery,Delivery_9
UPI payment of Rs.2799 to Vihaan successful. UPI Ref: 493651422758. -Axis Bank,Bank,Bank_6
beware of fraud calls asking for card details. icici bank officials never ask for pin or cvv.,Bank,Bank_15
Your SIM will be deactivated in 24hrs. Verify Aadhaar: bit.ly/YgxYul,Spam,Hard_13
Cheque no. 827215749648 for Rs.8202 has been cleared from A/c XX6513. -Axis Bank,Bank,Bank_8
"Your ICICI Bank health insurance renewal is due 05 Jul Renew online, save 40% on premium",Promo,Promo_24
YOUR SIM WILL BE DEACTIVATED IN 24HRS. VERIFY AADHAAR: BIT.LY/XMTBGQ,Spam,Hard_13
Your FD of INR 85688 matures on 21-04-26. Renew or withdraw via netbanking. -Kotak,Bank,Bank_14
"Your PNB health insurance renewal is due 04 Jul. Renew online, save 80% on premium.",Promo,Promo_24
G-880326 is your Google verification code.,OTP,OTP_12
Flipkart: Your cart misses you! Complete purchase now & get 50% off. bit.ly/ETcyAg,Promo,Promo_4
Delivered! Your Zomato order OD3734514128 was delivered on 03 Jul. Rate your experience: bit.ly/wdcsip,Delivery,Delivery_2
Auto-pay of INR 19802 to Madhav is scheduled on 15-02-26 from A/c XX7355. Ensure sufficient balance.,Bank,Bank_13
  Rs.697 cashback credited to your PhonePe wallet. Use on your next order.,Promo,Promo_21
Convert ur SBI card purchase of Rs.1252 into easy EMIs at 0% interest. Reply YES.,Promo,Promo_15
Your  PNB debit card XX7105 has been blocked due to suspicious activity. Visit branch or call 1800-XXX to unblock.,Bank,Bank_11
Swiggy: Your cart misses you! Complete purchase now & get 10% off. bit.ly/RNgyAS,Promo,Promo_4
Your  credit card XX9972 statement is ready. Total due: Rs.4937. Min due: Rs.1658. -ICICI Bank,Bank,Bank_5
Last day! Swiggy clearance sale ends tonight. Up to 20% off sitewide.,Promo,Promo_8
Your FD of Rs.61622 matures on 08-05-26. Renew or withdraw via netbanking. -SBI,Bank,Bank_14
Auto-pay of INR 12498 to Rishi is scheduled on 14-04-26 from A/c XX9386. Ensure sufficient balance.,Bank,Bank_13
Your BigBasket order OD8794286309 has been shipped via DTDC Track: bitly/rQRuGL,Delivery,Delivery_0
816338 - use this to sign in. Never share this code with anyone.,OTP,Hard_7
PNB: 643934 is your login OTP. It expires in 10 minutes.,OTP,OTP_6
Your Zomato order OD7303412800 has been shipped via Ekart. Track: bit.ly/LZktRJ,Delivery,Delivery_0
Last  day! Meesho clearance sale ends tonight. Up to 60% off sitewide.,Promo,Promo_8
Out for delivery: Your Meesho package OD6172889682 will arrive today by 6 PM. -DTDC,Delivery,Delivery_1
  Maanas from DTDC is arriving with your package. Contact: 9475114036,Delivery,Delivery_6
Swiggy: Free delivery all weekend! Order your favourites now,Promo,Promo_13
Use 885641 to complete your Kotak registration. Valid till 5 mins.,OTP,OTP_4
IRCTC: Special trains added for festive season. Book early & save up to 60%.,Promo,Promo_17
Ur one time password is 375861 for Ola. Please do not share it.,OTP,OTP_5
Your  Hotstar plan renews on 06 Jul at Rs.1326. Upgrade to 4K for Rs.456/month.,Promo,Promo_18
  Meesho: Your cart misses you! Complete purchase now & get 60% off. bit.ly/oRSVtJ,Promo,Promo_4
Your Vi pack expires tomorrow. Recharge with Rs.816 for 1GB/day + unlimited calls.,Promo,Promo_10
You have 3970 reward points expiring on 05 Jul. Redeem on Myntra. -TM,Promo,Promo_20
ALERT: Rs.52993 withdrawn from ATM using card XX9483 on 28-05-26. Bal: Rs.460957. -ICICI Bank,Bank,Bank_3
your account statement for june is available. download from the icici bank app.,Bank,Bank_16
Convert ur SBI card purchase of Rs.608 into easy EMIs at 0% interest. Reply YES.,Promo,Promo_15
Salary of Rs.48277 credited to A/c XX7157 Avl Bal: Rs.359273 -SBI,Bank,Bank_7
You have 2921 reward points expiring on 03 Jul Redeem on BigBasket,Promo,Promo_20
auto-pay of rs.67242 to jackson is scheduled on 17-05-26 from a/c xx8226. ensure sufficient balance.,Bank,Bank_13
"Class shifted to room 2475, come fast",Personal,Hard_6
INR 1947 cashback credited to your Amazon Pay wallet. Use on your next order.,Promo,Promo_21
Andrew  from Ekart is arriving with your package. Contact: +918706821691,Delivery,Delivery_6
BEWARE OF FRAUD CALLS ASKING FOR CARD DETAILS. BOB OFFICIALS NEVER ASK FOR PIN OR CVV.,Bank,Bank_15
Congratulations! You won Rs.1754599 in lucky draw Claim: bitly/qDlhdC,Spam,Hard_12
Flight fares dropped! DEL-PNQ from Rs.1218. Book on MakeMyTrip before midnight.,Promo,Promo_16
Enter 589842 to verify your mobile number for Kotak.,OTP,OTP_10
Meera from XpressBees is arriving with ur package. Contact: 06519312265,Delivery,Delivery_6
Your return pickup for order OD8761408921 is scheduled on 05 Jul. Keep the item ready. -Myntra T&C apply,Delivery,Delivery_7
Low balance alert: A/c XX3075 balance is Rs.279386 Maintain min balance to avoid charges,Bank,Bank_10
Enter 447582 to verify your mobile number for Axis Bank,OTP,OTP_10
Your A/c XX8919 is debited with INR 85612 on 05-02-26. Info: UPI-Wishi. Bal: INR 81508,Bank,Bank_2
HOTSTAR: 335106 IS YOUR LOGIN OTP. IT EXPIRES IN 15 MINUTES.,OTP,OTP_6
857869 - use this code to sign in to Kotak. Never share it with anyone.,OTP,OTP_7
Dear  customer ur HDFC Bank account will be blocked! Update KYC now: bit.ly/EoOAlP,Spam,Hard_11
Dear customer ur Axis Bank account will be blocked! Update KYC now: bit.ly/SVchZC,Spam,Hard_11
Delivery attempt failed for order OD2998700032. We will retry tomorrow. -BlueDart,Delivery,Delivery_5
Your one time password is 881603 for IRCTC. Please do not share it.,OTP,OTP_5
you have 618 reward points expiring on 04 jul. redeem on myntra.,Promo,Promo_20
OUT FOR DELIVERY: YOUR ZOMATO PACKAGE OD6017748473 WILL ARRIVE TODAY BY 12 PM. -DELHIVERY,Delivery,Delivery_1
618486 is your verification code for PhonePe. Never share your OTP.,OTP,OTP_3
items in your order history are back in stock at bigbasket. prices start rs.57.,Promo,Promo_23
Dear customer ur BOB account will be blocked! Update KYC now: bit.ly/wXRsGc,Spam,Hard_11
592026 is your OTP for SBI login. Valid for 15 minutes. Do not share with anyone.,OTP,OTP_0
  Pavani from BlueDart is arriving with your package. Contact: 06772467856,Delivery,Delivery_6
INR 81807 debited from A/c XX7461 on 08-02-26 to Raksha. Avl Bal: INR 71092. -Axis Bank,Bank,Bank_0
YOUR ACCOUNT STATEMENT FOR JUNE IS AVAILABLE. DOWNLOAD FROM THE KOTAK APP.,Bank,Bank_16
"CLASS SHIFTED TO ROOM 3303, COME FAST",Personal,Hard_6
KYC update pending for A/c XX1454. Please visit your nearest HDFC Bank branch by 12-03-26 to avoid restrictions.,Bank,Bank_12
your return pickup for order od8161015374 is scheduled on 06 jul. keep the item ready. -myntra,Delivery,Delivery_7
Beware  of fraud calls asking for card details. PNB officials never ask for PIN or CVV.,Bank,Bank_15
  Hungry? Get 20% off up to Rs.676 on your next 3 orders. Code: EAT72. -Swiggy,Promo,Promo_12
COUPON 2358 GIVES YOU FREE DELIVERY ON ORDERS ABOVE RS.3380. -BIGBASKET,Promo,Hard_1
Use 383549 to complete your PNB registration. Valid till 2 mins.,OTP,OTP_4
EMI of Rs.85461 due on 22-06-26 for loan A/c XX6289. Pay now to avoid charges. -BOB,Bank,Bank_4
recharge with rs.775 & get 50% extra talktime. offer valid today only!,Promo,Promo_5
"hey, my new number is 5062893918. save it! meet at 6pm?",Personal,Hard_4
"Your  HDFC Bank health insurance renewal is due 06 Jul. Renew online, save 20% on premium.",Promo,Promo_24
Your  SIM will be deactivated in 24hrs. Verify Aadhaar: bit.ly/OTkrwr,Spam,Hard_13
Amazon Big Billion Days! Up to 10% off + extra 10% with BOB cards. Hurry!,Promo,Promo_1
Your Myntra membership expires soon Renew now & save 10%: bitly/skwJJz,Promo,Promo_9
Delivered! Your Swiggy order OD2701212664 was delivered on 04 Jul. Rate your experience: bit.ly/YhlUUA,Delivery,Delivery_2
Delivery attempt failed for order OD5566480025. We will retry tomorrow. -XpressBees STOP to opt out,Delivery,Delivery_5
Auto-pay of Rs.93643 to David is scheduled on 09-06-26 from A/c XX9367. Ensure sufficient balance.,Bank,Bank_13
  Your Uber code: 2054,OTP,Hard_8
  <#> 44961 is your ICICI Bank code. Valid 2 min. hA8sk2Lqp3,OTP,OTP_13
Order OD6708215849 packed and ready! Expected dispatch by 04 Jul. -Flipkart,Delivery,Delivery_8
Out for delivery: Your Flipkart package OD4402381099 will arrive today by 12 PM. -Delhivery,Delivery,Delivery_1
Weekend special at BigBasket! Min 50% off on everything. Don't miss out: bit.ly/kvolcM,Promo,Promo_6
Congratulations! You won INR 1128822 in lucky draw. Claim: bit.ly/wrRdzL,Spam,Hard_12
Low balance alert: A/c XX5155 balance is Rs.136077. Maintain min balance to avoid charges.,Bank,Bank_10
Your one time password is 313668 for GPay. Please do not share it.,OTP,OTP_5
Pay Rs.4336 on delivery for order OD847453615 -XpressBees,Delivery,Hard_10
Flipkart Big Billion Days! Up to 10% off + extra 10% with HDFC Bank cards Hurry!,Promo,Promo_1
<#> 500131 is ur Meesho code. Valid 30 min. hA8sk2Lqp3,OTP,OTP_13
Low balance alert: A/c XX1153 balance is Rs.73622. Maintain min balance to avoid charges.,Bank,Bank_10
213590 - use this to sign in. Never share this code with anyone.,OTP,Hard_7
282956 is your verification code for Swiggy. Never share your OTP.,OTP,OTP_3
Use code 8094 at checkout for 10% off at Amazon!,Promo,Hard_0
"Never share your OTP, PIN or CVV. ICICI Bank never asks for these. Stay safe.",Bank,Hard_3
  Delivery attempt failed for order OD5781299314. We will retry tomorrow. -Ekart,Delivery,Delivery_5
confirmation code 834497 for myntra. keep it private.,OTP,OTP_11
Your  Meesho order OD9913098603 has been shipped via XpressBees. Track: bit.ly/bOSsLP,Delivery,Delivery_0
Dear customer ur ICICI Bank account will be blocked! Update KYC now: bitly/xThBcE,Spam,Hard_11
"Hey, my new number is 07858914006. Save it! Meet at 8?",Personal,Hard_4
delivery attempt failed for order od5409869591. we will retry tomorrow. -delhivery,Delivery,Delivery_5
FLIGHT FARES DROPPED! BOM-LKO FROM RS.964. BOOK ON GOIBIBO BEFORE MIDNIGHT.,Promo,Promo_16
KYC update pending for A/c XX2365. Please visit your nearest SBI branch by 01-03-26 to avoid restrictions. STOP to opt out,Bank,Bank_12
Use 420202 to complete your Swiggy registration. Valid till 30 mins.,OTP,OTP_4
  Use 263586 to complete your Swiggy registration. Valid till 10 mins.,OTP,OTP_4
Flight fares dropped! BLR-PNQ from Rs.482. Book on Goibibo before midnight.,Promo,Promo_16
Your return pickup for order OD3476641831 is scheduled on 01 Jul Keep the item ready -Myntra,Delivery,Delivery_7
Delivery attempt failed for order OD1496874720. We will retry tomorrow. -DTDC,Delivery,Delivery_5
g-957955 is your google verification code.,OTP,OTP_12
Cheque no 328980616046 for Rs.97488 has been cleared from A/c XX8431 -HDFC Bank,Bank,Bank_8
Auto-pay of Rs.77402 to Zashil is scheduled on 07-02-26 from A/c XX8928. Ensure sufficient balance.,Bank,Bank_13
  Weekend special at Myntra! Min 30% off on everything. Don't miss out: bit.ly/LZqPCf,Promo,Promo_6
Confirmation code 817211 for PhonePe Keep it private,OTP,OTP_11
gaurika from delhivery is arriving with your package. contact: 0994686073,Delivery,Delivery_6
Order OD5525667833 packed and ready! Expected dispatch by 01 Jul. -Meesho,Delivery,Delivery_8
your otp is 535565. use it to verify your gpay account. expires in 2 min.,OTP,OTP_1
  Your credit card XX3654 statement is ready. Total due: Rs.97496. Min due: Rs.3512. -ICICI Bank,Bank,Bank_5
YOUR BIGBASKET ORDER OD6977065699 HAS BEEN SHIPPED VIA EKART. TRACK: BIT.LY/YWBOHO,Delivery,Delivery_0
OTP-based login was enabled for your A/c XX8348. Call BOB if this wasn't you.,Bank,Hard_2
EMI of Rs.30118 due on 15-05-26 for loan A/c XX9558. Pay now to avoid charges. -PNB,Bank,Bank_4
UPI payment of Rs.60922 to Vasatika successful UPI Ref: 353405778424 -PNB,Bank,Bank_6
"  Never share your OTP, PIN or CVV. Kotak never asks for these. Stay safe.",Bank,Hard_3
ALERT: Rs.88190 withdrawn from ATM using card XX9170 on 21-02-26. Bal: Rs.216392. -SBI,Bank,Bank_3
Your return pickup for order OD1800592836 is scheduled on 01 Jul. Keep the item ready. -Amazon -TM,Delivery,Delivery_7
Confirmation code 963640 for Paytm. Keep it private.,OTP,OTP_11
  Your order OD5460416037 from BigBasket is arriving tomorrow. Keep Rs.2225 ready for COD.,Delivery,Delivery_3
Use 843138 to complete your PhonePe registration. Valid till 2 mins.,OTP,OTP_4
Your BOB debit card XX4350 has been blocked due to suspicious activity. Visit branch or call 1800-XXX to unblock.,Bank,Bank_11
ALERT: Rs.36855 withdrawn from ATM using card XX9674 on 18-03-26. Bal: Rs.189406. -PNB -TM,Bank,Bank_3
Your SIM will be deactivated in 24hrs. Verify Aadhaar: bit.ly/jbRXJp,Spam,Hard_13
Amazon Big Billion Days! Up to 70% off + extra 10% with HDFC Bank cards. Hurry!,Promo,Promo_1
YOUR CREDIT CARD XX9449 STATEMENT IS READY. TOTAL DUE: RS.15719. MIN DUE: RS.3179. -KOTAK,Bank,Bank_5
Ur Uber code: 306468,OTP,OTP_8
Beware  of fraud calls asking for card details. SBI officials never ask for PIN or CVV.,Bank,Bank_15
Confirmation code 345589 for Uber. Keep it private.,OTP,OTP_11
556720 - use this to sign in. Never share this code with anyone.,OTP,Hard_7
Your  return pickup for order OD3400371005 is scheduled on 06 Jul. Keep the item ready. -Meesho,Delivery,Delivery_7
You have 1833 reward points expiring on 05 Jul. Redeem on Swiggy.,Promo,Promo_20
Ur Flipkart order OD8936060136 has been shipped via XpressBees. Track: bit.ly/wzxFxN,Delivery,Delivery_0
"Bro  send me Rs.243 on gpay, will return by 06 Jul",Personal,Hard_5
IRCTC:  Special trains added for festive season. Book early & save up to 10%.,Promo,Promo_17
OTP for delivery of order OD8472335649 is 5506. Share only with the delivery agent. -BlueDart,Delivery,Delivery_9
389599 - use this to sign in. Never share this code with anyone.,OTP,Hard_7
Work from home! Earn Rs.2050672/month. Join: bit.ly/JobxUR,Spam,Hard_14
OUT FOR DELIVERY: YOUR MYNTRA PACKAGE OD3864001413 WILL ARRIVE TODAY BY 12 PM. -EKART,Delivery,Delivery_1
Confirmation code 781007 for Paytm. Keep it private.,OTP,OTP_11
  Zomato: Free delivery all weekend! Order your favourites now.,Promo,Promo_13
Your FD of INR 44332 matures on 14-05-26. Renew or withdraw via netbanking. -Kotak,Bank,Bank_14
Swiggy: Free delivery all weekend! Order your favourites now.,Promo,Promo_13
Flight fares dropped! HYD-MAA from INR 1688. Book on Goibibo before midnight.,Promo,Promo_16
zomato big billion days! up to 30% off + extra 10% with hdfc bank cards. hurry!,Promo,Promo_1
Pre-approved! Get a SBI credit card with Rs.477029 limit. Zero joining fee. Apply: bit.ly/qDvAkY,Promo,Promo_14
Your  Hotstar plan renews on 03 Jul at Rs.1171. Upgrade to 4K for Rs.615/month.,Promo,Promo_18
OTP for delivery of order OD3171924005 is 1169. Share only with the delivery agent. -XpressBees,Delivery,Delivery_9
IRCTC: Special trains added for festive season. Book early & save up to 80%.,Promo,Promo_17
Your OTP is 571534. Use it to verify your Swiggy account. Expires in 5 min.,OTP,OTP_1
KYC update pending for A/c XX2015. Please visit ur nearest SBI branch by 24-02-26 to avoid restrictions.,Bank,Bank_12
Weekend special at Meesho! Min 30% off on everything. Don't miss out: bit.ly/ZGahqD,Promo,Promo_6
Pre-approved! Get a SBI credit card with Rs.423972 limit. Zero joining fee. Apply: bit.ly/nLLFZF,Promo,Promo_14
888941 is your Zomato security code. Anyone asking for it is a scammer.,OTP,OTP_9
377209 is your Kotak security code. Anyone asking for it is a scammer.,OTP,OTP_9
Congratulations! You won Rs.1352335 in lucky draw. Claim: bit.ly/oVfYah,Spam,Hard_12
Flipkart: Your cart misses you! Complete purchase now & get 10% off. bit.ly/TtiMnB,Promo,Promo_4
"Your SBI health insurance renewal is due 06 Jul. Renew online, save 50% on premium.",Promo,Promo_24
UPI payment of Rs.91489 to Samaksh successful. UPI Ref: 749001290821. -Kotak T&C apply,Bank,Bank_6
"Bro send me Rs.3360 on gpay, will return by 03 Jul",Personal,Hard_5
Missed our shows? Come back to Netflix at 50% off for 3 months. Resubscribe: bit.ly/HMXaUu,Promo,Promo_19
  Your OTP is 652820. Use it to verify your Myntra account. Expires in 30 min.,OTP,OTP_1
976473  is your Amazon security code. Anyone asking for it is a scammer.,OTP,OTP_9
KYC update pending for A/c XX3066 Please visit your nearest ICICI Bank branch by 05-01-26 to avoid restrictions,Bank,Bank_12
Use code 5984 at checkout for 50% off at Swiggy!,Promo,Hard_0
UPI payment of INR 77008 to Leela successful. UPI Ref: 352731123051. -SBI,Bank,Bank_6
Your FD of Rs.25283 matures on 10-04-26. Renew or withdraw via netbanking. -BOB,Bank,Bank_14
INTEREST OF RS.66741 CREDITED TO YOUR FD A/C XX5611. -BOB,Bank,Bank_9
  Use 295142 to complete your ICICI Bank registration. Valid till 5 mins.,OTP,OTP_4
G-147732 is your Google verification code,OTP,OTP_12
Your FD of Rs.41550 matures on 15-01-26. Renew or withdraw via netbanking. -ICICI Bank,Bank,Bank_14
PRANAV FROM EKART IS ARRIVING WITH YOUR PACKAGE. CONTACT: 8713104811,Delivery,Delivery_6
RECHARGE WITH RS.303 & GET 10% EXTRA TALKTIME. OFFER VALID TODAY ONLY!,Promo,Promo_5
Your SIM will be deactivated in 24hrs. Verify Aadhaar: bit.ly/ySnHIR,Spam,Hard_13
CONGRATULATIONS! YOU WON RS.534280 IN LUCKY DRAW. CLAIM: BIT.LY/HUQFIM,Spam,Hard_12
weekend special at myntra! min 30% off on everything. don't miss out: bit.ly/jntlfd,Promo,Promo_6
Flat Rs.316 cashback on your next order at Myntra. Use code SAVE63. Valid till 06 Jul.,Promo,Promo_2
KYC update pending for A/c XX3521. Please visit your nearest BOB branch by 13-04-26 to avoid restrictions.,Bank,Bank_12
Recharge with Rs.651 & get 10% extra talktime. Offer valid today only!,Promo,Promo_5
Auto-pay of Rs.81022 to Maanav is scheduled on 20-06-26 from A/c XX5082. Ensure sufficient balance.,Bank,Bank_13
Confirmation code 525031 for SBI. Keep it private.,OTP,OTP_11
Congratulations!  You won Rs.1760261 in lucky draw. Claim: bit.ly/YZTGuQ,Spam,Hard_12
Cheque no. 918370371233 for Rs.55801 has been cleared from A/c XX4435. -ICICI Bank,Bank,Bank_8
  Tap to verify: 769790. This code expires shortly.,OTP,Hard_9
  Pre-approved! Get a BOB credit card with Rs.108166 limit. Zero joining fee. Apply: bit.ly/ZLPjBo,Promo,Promo_14
  644670 is your OTP for Myntra login. Valid for 10 minutes. Do not share with anyone.,OTP,OTP_0
Your Kotak debit card XX7798 has been blocked due to suspicious activity. Visit branch or call 1800-XXX to unblock.,Bank,Bank_11
Data  exhausted? Get 2GB extra with Rs.494 booster pack. Dial *121# or visit app.,Promo,Promo_11
Delhivery: Shipment OD2720310193 reached your city hub. Expected delivery: 01 Jul.,Delivery,Delivery_4
  PNB: 777426 is your login OTP. It expires in 15 minutes.,OTP,OTP_6
Delhivery: Shipment OD7388079951 reached your city hub Expected delivery: 04 Jul,Delivery,Delivery_4
Your SBI debit card XX2713 has been blocked due to suspicious activity. Visit branch or call 1800-XXX to unblock.,Bank,Bank_11
179078 - use this to sign in. never share this code with anyone.,OTP,Hard_7
  Rs.39411 debited from A/c XX3025 on 30-06-26 to Anay. Avl Bal: Rs.255563. -Kotak,Bank,Bank_0
XpressBees: Shipment OD9757157055 reached your city hub. Expected delivery: 02 Jul. -TM,Delivery,Delivery_4
546385 is your PNB security code. Anyone asking for it is a scammer.,OTP,OTP_9
Zomato: Free delivery all weekend! Order your favourites now.,Promo,Promo_13
Low balance alert: A/c XX4040 balance is INR 123622. Maintain min balance to avoid charges.,Bank,Bank_10
Missed our shows? Come back to SonyLIV at 50% off for 3 months. Resubscribe: bit.ly/nSZOjP,Promo,Promo_19
"Hey, my new number is +910953744340. Save it! Meet at tonight?",Personal,Hard_4
Your HDFC Bank debit card XX7729 has been blocked due to suspicious activity Visit branch or call 1800-XXX to unblock,Bank,Bank_11
ORDER OD5488879989 PACKED AND READY! EXPECTED DISPATCH BY 06 JUL. -ZOMATO,Delivery,Delivery_8
Delivered! Ur Zomato order OD5378022401 was delivered on 01 Jul. Rate ur experience: bit.ly/hMAlPa,Delivery,Delivery_2
Your HDFC Bank debit card XX7272 has been blocked due to suspicious activity Visit branch or call 1800-XXX to unblock,Bank,Bank_11
Interest of Rs.18680 credited to your FD A/c XX9315. -HDFC Bank,Bank,Bank_9
delivery attempt failed for order od2572831769. we will retry tomorrow. -bluedart,Delivery,Delivery_5
Out for delivery: Your Meesho package OD7354873249 will arrive today by 3 PM. -Ekart,Delivery,Delivery_1
  IRCTC: Special trains added for festive season. Book early & save up to 30%.,Promo,Promo_17
Rs.88182 debited from A/c XX7048 on 27-01-26 to Vivaan. Avl Bal: Rs.221803. -Kotak,Bank,Bank_0
Ur SIM will be deactivated in 24hrs. Verify Aadhaar: bit.ly/tvPebb,Spam,Hard_13
Out for delivery: Your Swiggy package OD6021140382 will arrive today by 3 PM. -XpressBees,Delivery,Delivery_1
"Hey,  my new number is 03101247802. Save it! Meet at 8?",Personal,Hard_4
Yashoda from Ekart is arriving with your package Contact: +915195224432,Delivery,Delivery_6
Your Uber code: 8787,OTP,Hard_8
IRCTC: Special trains added for festive season. Book early & save up to 60%.,Promo,Promo_17
UPI payment of Rs.58559 to Upadhriti successful UPI Ref: 429985170119 -Kotak,Bank,Bank_6
Last  day! Myntra clearance sale ends tonight. Up to 70% off sitewide.,Promo,Promo_8
  Your order OD3234289511 from Flipkart is arriving tomorrow. Keep Rs.2887 ready for COD.,Delivery,Delivery_3
YOUR ORDER OD9249438994 FROM MEESHO IS ARRIVING TOMORROW. KEEP RS.3396 READY FOR COD.,Delivery,Delivery_3
Items in your order history are back in stock at BigBasket. Prices start Rs.1283. T&C apply,Promo,Promo_23
OTP: 274914 for txn of Rs.28189 at Swiggy. Do not share. -SBI,OTP,OTP_2
119678 - use this to sign in. Never share this code with anyone.,OTP,Hard_7
Use 164414 to complete your Netflix registration Valid till 2 mins,OTP,OTP_4
Your Ola code: 542266,OTP,OTP_8
KYC update pending for A/c XX4676. Please visit ur nearest SBI branch by 05-06-26 to avoid restrictions.,Bank,Bank_12
KYC update pending for A/c XX3866. Please visit your nearest Kotak branch by 30-05-26 to avoid restrictions.,Bank,Bank_12
UPI payment of Rs.25517 to Manthan successful. UPI Ref: 598051989599. -PNB,Bank,Bank_6
"Hi Rayaan, unlock Rs.435 off your first order at Zomato with code NEW42.",Promo,Promo_7
Out  for delivery: Your Flipkart package OD4642398880 will arrive today by 9 PM. -BlueDart,Delivery,Delivery_1
133549 is ur OTP for Flipkart login. Valid for 10 minutes. Do not share with anyone.,OTP,OTP_0
Manthan from DTDC is arriving with your package. Contact: 09440681277,Delivery,Delivery_6
Your FD of Rs.12887 matures on 02-02-26. Renew or withdraw via netbanking. -HDFC Bank,Bank,Bank_14
Use code 6025 at checkout for 50% off at Flipkart!,Promo,Hard_0
IRCTC: SPECIAL TRAINS ADDED FOR FESTIVE SEASON. BOOK EARLY & SAVE UP TO 30%.,Promo,Promo_17
Your return pickup for order OD1613443829 is scheduled on 06 Jul Keep the item ready -Flipkart,Delivery,Delivery_7
"class shifted to room 8488, come fast",Personal,Hard_6
OTP: 830593 for txn of Rs.33496 at Meesho. Do not share. -HDFC Bank,OTP,OTP_2
OUT FOR DELIVERY: YOUR AMAZON PACKAGE OD4965874402 WILL ARRIVE TODAY BY 3 PM. -DTDC,Delivery,Delivery_1
OTP: 56131 for txn of Rs.11350 at Kotak. Do not share. -Kotak,OTP,OTP_2
Your one time password is 858546 for Kotak. Please do not share it.,OTP,OTP_5
Your return pickup for order OD8327044779 is scheduled on 01 Jul Keep the item ready -BigBasket,Delivery,Delivery_7
Items in your order history are back in stock at Amazon. Prices start Rs.1500. STOP to opt out,Promo,Promo_23
  Pay Rs.3417 on delivery for order OD290022441. -BlueDart,Delivery,Hard_10
Use code 9977 at checkout for 10% off at Zomato!,Promo,Hard_0
"Hey, my new number is +912325163835. Save it! Meet at noon?",Personal,Hard_4
Rs.19545 credited to A/c XX2449 on 24-03-26. Avl Bal: Rs.292625. -PNB,Bank,Bank_1
108824 - use this to sign in. Never share this code with anyone.,OTP,Hard_7
Your Hotstar code: 168351,OTP,OTP_8
Your A/c XX1999 is debited with Rs.2994 on 06-07-26. Info: UPI-Ekaja. Bal: Rs.7229,Bank,Bank_2
your order od6098799832 from myntra is arriving tomorrow. keep rs.979 ready for cod.,Delivery,Delivery_3
Alexander from DTDC is arriving with ur package. Contact: +913411043692,Delivery,Delivery_6
Your A/c XX1431 is debited with Rs.42054 on 13-04-26 Info: UPI-Yashoda Bal: Rs.164159,Bank,Bank_2
Auto-pay of INR 46642 to Gaurang is scheduled on 05-01-26 from A/c XX8234. Ensure sufficient balance.,Bank,Bank_13
OTP: 172004 for txn of Rs.27300 at IRCTC. Do not share. -Axis Bank,OTP,OTP_2
"BRO SEND ME RS.4224 ON GPAY, WILL RETURN BY 02 JUL",Personal,Hard_5
  Your Meesho code: 456651,OTP,OTP_8
KYC update pending for A/c XX3293. Please visit your nearest SBI branch by 10-05-26 to avoid restrictions.,Bank,Bank_12
Delivered! Your BigBasket order OD5581959402 was delivered on 01 Jul. Rate your experience: bit.ly/Nvdlvo,Delivery,Delivery_2
Pay  Rs.2733 on delivery for order OD518339743. -XpressBees,Delivery,Hard_10
MYNTRA: 490201 IS YOUR LOGIN OTP. IT EXPIRES IN 15 MINUTES.,OTP,OTP_6
YOUR FD OF RS.3415 MATURES ON 26-05-26. RENEW OR WITHDRAW VIA NETBANKING. -HDFC BANK,Bank,Bank_14
Cheque no 677148986105 for Rs.66246 has been cleared from A/c XX6527 -Kotak,Bank,Bank_8
Data exhausted? Get 1.5GB extra with Rs.1423 booster pack Dial *121# or visit app,Promo,Promo_11
Idika from Ekart is arriving with your package. Contact: 1972012857,Delivery,Delivery_6
Meesho: 307320 is your login OTP. It expires in 10 minutes. T&C apply,OTP,OTP_6
Missed our shows? Come back to Hotstar at 50% off for 3 months. Resubscribe: bit.ly/epuePx T&C apply,Promo,Promo_19
Exclusive for you! Buy 1 Get 1 FREE at Swiggy. Limited period offer. Visit bit.ly/HTKOpq,Promo,Promo_3
IRCTC: Special trains added for festive season Book early & save up to 30%,Promo,Promo_17
DEAR CUSTOMER UR HDFC BANK ACCOUNT WILL BE BLOCKED! UPDATE KYC NOW: BIT.LY/UDSQGF,Spam,Hard_11
OTP-based login was enabled for your A/c XX3946. Call SBI if this wasn't you.,Bank,Hard_2
Your  FD of Rs.78603 matures on 21-03-26. Renew or withdraw via netbanking. -PNB,Bank,Bank_14
  Salary of Rs.79778 credited to A/c XX9338. Avl Bal: Rs.434969. -HDFC Bank,Bank,Bank_7
Use code 6382 at checkout for 25% off at Amazon!,Promo,Hard_0
896180 is ur verification code for Uber. Never share ur OTP.,OTP,OTP_3
EMI of Rs.32652 due on 27-04-26 for loan A/c XX7795. Pay now to avoid charges. -PNB STOP to opt out,Bank,Bank_4
YOUR ONE TIME PASSWORD IS 170254 FOR BIGBASKET. PLEASE DO NOT SHARE IT.,OTP,OTP_5
UPI PAYMENT OF RS.3638 TO VEDHIKA SUCCESSFUL. UPI REF: 392480825966. -BOB,Bank,Bank_6
Low balance alert: A/c XX2985 balance is Rs.365855. Maintain min balance to avoid charges. STOP to opt out,Bank,Bank_10
491233 - USE THIS TO SIGN IN. NEVER SHARE THIS CODE WITH ANYONE.,OTP,Hard_7
  BigBasket Big Billion Days! Up to 30% off + extra 10% with Kotak cards. Hurry!,Promo,Promo_1
  88495 is your OTP for BigBasket login. Valid for 30 minutes. Do not share with anyone.,OTP,OTP_0
RS.1005 CASHBACK CREDITED TO YOUR AMAZON PAY WALLET. USE ON YOUR NEXT ORDER.,Promo,Promo_21
ALERT: Rs.53714 withdrawn from ATM using card XX7279 on 14-01-26. Bal: Rs.230849. -HDFC Bank,Bank,Bank_3
"Bro send me Rs.2009 on gpay, will return by 04 Jul",Personal,Hard_5
Your Uber code: 4846 -TM,OTP,Hard_8
ORDER OD6745731248 PACKED AND READY! EXPECTED DISPATCH BY 05 JUL. -MEESHO,Delivery,Delivery_8
Exclusive for you! Buy 1 Get 1 FREE at Zomato. Limited period offer. Visit bit.ly/bwyOkD,Promo,Promo_3
Last day! Myntra clearance sale ends tonight. Up to 10% off sitewide.,Promo,Promo_8
G-419002 IS YOUR GOOGLE VERIFICATION CODE.,OTP,OTP_12
YOUR RETURN PICKUP FOR ORDER OD9552809248 IS SCHEDULED ON 03 JUL. KEEP THE ITEM READY. -AMAZON,Delivery,Delivery_7
Beware of fraud calls asking for card details. BOB officials never ask for PIN or CVV.,Bank,Bank_15
Your Flipkart membership expires soon. Renew now & save 70%: bit.ly/rVWbLa,Promo,Promo_9
"Hey, my new number is 03752788538. Save it! Meet at 6pm?",Personal,Hard_4
Rs.558 cashback credited to ur Amazon Pay wallet. Use on ur next order.,Promo,Promo_21
BIGBASKET BIG BILLION DAYS! UP TO 10% OFF + EXTRA 10% WITH BOB CARDS. HURRY!,Promo,Promo_1
PNB: 239943 is your login OTP It expires in 15 minutes,OTP,OTP_6
Your account statement for July is available. Download from the Kotak app.,Bank,Bank_16
720593 - use this code to sign in to Axis Bank. Never share it with anyone.,OTP,OTP_7
548620 is your OTP for ICICI Bank login. Valid for 15 minutes. Do not share with anyone.,OTP,OTP_0
Your BigBasket membership expires soon. Renew now & save 60%: bit.ly/WmvlkZ,Promo,Promo_9
Order OD4088856702 packed and ready! Expected dispatch by 06 Jul. -Zomato,Delivery,Delivery_8
Flight fares dropped! BLR-MAA from Rs.654. Book on MakeMyTrip before midnight.,Promo,Promo_16
Ur Myntra code: 80921,OTP,OTP_8
Rs.39515 credited to A/c XX6787 on 12-01-26. Avl Bal: Rs.449107. -HDFC Bank,Bank,Bank_1
Ur Jio pack expires tomorrow. Recharge with Rs.1806 for 1.5GB/day + unlimited calls.,Promo,Promo_10
Your return pickup for order OD2211951427 is scheduled on 04 Jul. Keep the item ready. -BigBasket,Delivery,Delivery_7
Loved your recent Myntra order? Reorder in 1 tap and get 10% off today.,Promo,Promo_22
kyc update pending for a/c xx3918. please visit your nearest hdfc bank branch by 15-05-26 to avoid restrictions.,Bank,Bank_12
Ur account statement for August is available. Download from the Axis Bank app.,Bank,Bank_16
YOUR AIRTEL PACK EXPIRES TOMORROW. RECHARGE WITH RS.1924 FOR 1.5GB/DAY + UNLIMITED CALLS.,Promo,Promo_10
OTP-based login was enabled for your A/c XX5088. Call BOB if this wasn't you.,Bank,Hard_2
Rs.68738 debited from A/c XX1530 on 20-06-26 to Chatura. Avl Bal: Rs.91075. -ICICI Bank -TM,Bank,Bank_0
INTEREST OF RS.40114 CREDITED TO YOUR FD A/C XX4647. -HDFC BANK,Bank,Bank_9
Flight fares dropped! DEL-LKO from Rs.619. Book on MakeMyTrip before midnight.,Promo,Promo_16
542725 - use this to sign in. Never share this code with anyone.,OTP,Hard_7
"  Your Kotak health insurance renewal is due 05 Jul. Renew online, save 60% on premium.",Promo,Promo_24
OTP for delivery of order OD3780062845 is 6531. Share only with the delivery agent. -BlueDart,Delivery,Delivery_9
Beware of fraud calls asking for card details. Kotak officials never ask for PIN or CVV.,Bank,Bank_15
Last day! Meesho clearance sale ends tonight. Up to 70% off sitewide.,Promo,Promo_8
"Your HDFC Bank health insurance renewal is due 04 Jul Renew online, save 20% on premium",Promo,Promo_24
102081 is ur OTP for Meesho login. Valid for 5 minutes. Do not share with anyone.,OTP,OTP_0
G-847608 is ur Google verification code.,OTP,OTP_12
Pay Rs.4492 on delivery for order OD712768245. -XpressBees,Delivery,Hard_10
Congratulations! You won Rs.1821498 in lucky draw. Claim: bit.ly/olImhA,Spam,Hard_12
Last day! BigBasket clearance sale ends tonight Up to 10% off sitewide,Promo,Promo_8
mega sale! get 70% off on all products at myntra. shop now: bit.ly/opkclp t&c apply.,Promo,Promo_0
Use 900522 to complete your Myntra registration. Valid till 2 mins.,OTP,OTP_4
Rs.24762 debited from A/c XX9723 on 28-02-26 to Vedhika. Avl Bal: Rs.380085. -PNB,Bank,Bank_0
  OTP-based login was enabled for your A/c XX8817. Call ICICI Bank if this wasn't you.,Bank,Hard_2
EXCLUSIVE FOR YOU! BUY 1 GET 1 FREE AT AMAZON. LIMITED PERIOD OFFER. VISIT BIT.LY/BJVBHF,Promo,Promo_3
  Your return pickup for order OD9335054202 is scheduled on 04 Jul. Keep the item ready. -Meesho,Delivery,Delivery_7
OTP-based  login was enabled for your A/c XX6365. Call Kotak if this wasn't you.,Bank,Hard_2
Delivered! Your Myntra order OD2222990615 was delivered on 04 Jul. Rate your experience: bit.ly/pXpzce,Delivery,Delivery_2
G-118787 is your Google verification code.,OTP,OTP_12
Last day! BigBasket clearance sale ends tonight. Up to 20% off sitewide.,Promo,Promo_8
Hungry? Get 10% off up to INR 428 on your next 3 orders. Code: EAT25. -Swiggy,Promo,Promo_12
Work from home! Earn Rs.2448702/month. Join: bit.ly/kGbWXQ,Spam,Hard_14
Your BigBasket membership expires soon Renew now & save 10%: bitly/dEhMYz,Promo,Promo_9
Data exhausted? Get 2GB extra with Rs.98 booster pack Dial *121# or visit app,Promo,Promo_11
ALERT: Rs.71326 withdrawn from ATM using card XX2467 on 01-03-26. Bal: Rs.12939. -Kotak STOP to opt out,Bank,Bank_3
Your return pickup for order OD1396744104 is scheduled on 03 Jul. Keep the item ready. -Swiggy -TM,Delivery,Delivery_7
885849 is your Paytm security code Anyone asking for it is a scammer,OTP,OTP_9
OTP-BASED LOGIN WAS ENABLED FOR YOUR A/C XX1370. CALL HDFC BANK IF THIS WASN'T YOU.,Bank,Hard_2
Your Uber code: 5209,OTP,Hard_8
Your PNB code: 634513,OTP,OTP_8
472541 is your verification code for ICICI Bank. Never share your OTP.,OTP,OTP_3
Rs.98906 debited from A/c XX2911 on 23-04-26 to Udant. Avl Bal: Rs.100031. -Kotak,Bank,Bank_0
LOVED YOUR RECENT AMAZON ORDER? REORDER IN 1 TAP AND GET 50% OFF TODAY.,Promo,Promo_22
rs.68182 credited to a/c xx8451 on 01-06-26. avl bal: rs.322075. -pnb,Bank,Bank_1
<#> 603551 is your Netflix code. Valid 10 min. hA8sk2Lqp3,OTP,OTP_13
RS.742 CASHBACK CREDITED TO YOUR AMAZON PAY WALLET. USE ON YOUR NEXT ORDER.,Promo,Promo_21
amazon big billion days! up to 20% off + extra 10% with hdfc bank cards. hurry!,Promo,Promo_1
Use code 7483 at checkout for 25% off at Meesho!,Promo,Hard_0
Your A/c XX4824 is debited with Rs.46140 on 10-03-26. Info: UPI-Reyansh. Bal: Rs.368872,Bank,Bank_2
CONGRATULATIONS! YOU WON RS.2172739 IN LUCKY DRAW. CLAIM: BIT.LY/HNCALG,Spam,Hard_12
OTP for delivery of order OD8682959078 is 1748. Share only with the delivery agent. -DTDC,Delivery,Delivery_9
Pre-approved! Get a ICICI Bank credit card with INR 196496 limit. Zero joining fee. Apply: bit.ly/utgZSa,Promo,Promo_14
394625 is your verification code for Axis Bank. Never share your OTP. -TM,OTP,OTP_3
Your SIM will be deactivated in 24hrs. Verify Aadhaar: bit.ly/JaVxsX,Spam,Hard_13
Your Flipkart code: 569026,OTP,OTP_8
UPI payment of Rs.22134 to Zansi successful. UPI Ref: 652350619203. -Kotak STOP to opt out,Bank,Bank_6
Tap to verify: 937279. This code expires shortly.,OTP,Hard_9
Dear customer ur SBI account will be blocked! Update KYC now: bit.ly/KfwfaQ,Spam,Hard_11
DELIVERED! YOUR MYNTRA ORDER OD9400091147 WAS DELIVERED ON 06 JUL. RATE YOUR EXPERIENCE: BIT.LY/VMXBJE,Delivery,Delivery_2
Ur PNB code: 868930,OTP,OTP_8
Your credit card XX6485 statement is ready. Total due: INR 8149. Min due: INR 2379. -PNB,Bank,Bank_5
Enter 894367 to verify ur mobile number for HDFC Bank.,OTP,OTP_10
Rs.29581 credited to A/c XX2405 on 30-06-26. Avl Bal: Rs.184603. -Kotak,Bank,Bank_1
Your  Amazon order OD8213935440 has been shipped via Delhivery. Track: bit.ly/BHfePl,Delivery,Delivery_0
Dear customer ur HDFC Bank account will be blocked! Update KYC now: bit.ly/GSXucD,Spam,Hard_11
G-483498  is your Google verification code.,OTP,OTP_12
SWIGGY: 189438 IS YOUR LOGIN OTP. IT EXPIRES IN 10 MINUTES.,OTP,OTP_6
422258 is your Paytm security code. Anyone asking for it is a scammer.,OTP,OTP_9
469682 - use this code to sign in to hotstar. never share it with anyone.,OTP,OTP_7
Zomato: Free delivery all weekend! Order your favourites now.,Promo,Promo_13
mega sale! get 40% off on all products at flipkart. shop now: bit.ly/cchwin t&c apply.,Promo,Promo_0
Your OTP is 344438. Use it to verify your HDFC Bank account. Expires in 2 min.,OTP,OTP_1
<#>  356621 is your Kotak code. Valid 15 min. hA8sk2Lqp3,OTP,OTP_13
Cheque no. 432458378421 for INR 97490 has been cleared from A/c XX5849. -SBI,Bank,Bank_8
  UPI payment of Rs.65241 to Leena successful. UPI Ref: 102194009111. -PNB,Bank,Bank_6
CONVERT YOUR SBI CARD PURCHASE OF RS.1486 INTO EASY EMIS AT 0% INTEREST. REPLY YES.,Promo,Promo_15
  Your HDFC Bank debit card XX1275 has been blocked due to suspicious activity. Visit branch or call 1800-XXX to unblock.,Bank,Bank_11
197309 is your OTP for Amazon login Valid for 15 minutes Do not share with anyone,OTP,OTP_0
Your  credit card XX1979 statement is ready. Total due: Rs.30718. Min due: Rs.4747. -ICICI Bank,Bank,Bank_5
667710 - use this to sign in. never share this code with anyone.,OTP,Hard_7
OTP: 644149 for txn of Rs.717 at Meesho Do not share -Kotak,OTP,OTP_2
Auto-pay of Rs.60261 to Leena is scheduled on 13-01-26 from A/c XX1790. Ensure sufficient balance.,Bank,Bank_13
Pre-approved! Get a Axis Bank credit card with Rs.450512 limit. Zero joining fee. Apply: bit.ly/DixmBp,Promo,Promo_14
Items in your order history are back in stock at Meesho. Prices start Rs.1414. STOP to opt out,Promo,Promo_23
  Rs.27852 debited from A/c XX7365 on 06-04-26 to Aachal. Avl Bal: Rs.227326. -BOB,Bank,Bank_0
order od6423163707 packed and ready! expected dispatch by 04 jul. -swiggy,Delivery,Delivery_8
your otp is 93558. use it to verify your bigbasket account. expires in 5 min.,OTP,OTP_1
Pre-approved! Get a HDFC Bank credit card with INR 70055 limit. Zero joining fee. Apply: bit.ly/nDalQZ,Promo,Promo_14
Your FD of Rs.72882 matures on 22-02-26. Renew or withdraw via netbanking. -ICICI Bank,Bank,Bank_14
Delhivery: Shipment OD4621304513 reached your city hub Expected delivery: 03 Jul,Delivery,Delivery_4
KYC update pending for A/c XX8078. Please visit your nearest SBI branch by 06-04-26 to avoid restrictions.,Bank,Bank_12
Delivery attempt failed for order OD4367185876. We will retry tomorrow. -DTDC,Delivery,Delivery_5
Congratulations! You won Rs.710390 in lucky draw. Claim: bit.ly/IBVWil STOP to opt out,Spam,Hard_12
Pre-approved!  Get a PNB credit card with Rs.315448 limit. Zero joining fee. Apply: bit.ly/KKIQtk,Promo,Promo_14
Flight fares dropped! HYD-CCU from INR 911. Book on Goibibo before midnight.,Promo,Promo_16
Your Meesho membership expires soon. Renew now & save 70%: bit.ly/DGARPS,Promo,Promo_9
Beware of fraud calls asking for card details. ICICI Bank officials never ask for PIN or CVV. T&C apply,Bank,Bank_15
  Myntra: Your cart misses you! Complete purchase now & get 40% off. bit.ly/LaKljk,Promo,Promo_4
Data  exhausted? Get 3GB extra with Rs.1234 booster pack. Dial *121# or visit app.,Promo,Promo_11
Low balance alert: A/c XX6609 balance is Rs.407858. Maintain min balance to avoid charges.,Bank,Bank_10
Your Meesho membership expires soon. Renew now & save 30%: bit.ly/kyqVfM,Promo,Promo_9
You  have 2833 reward points expiring on 01 Jul. Redeem on BigBasket.,Promo,Promo_20
OTP-based  login was enabled for your A/c XX3324. Call PNB if this wasn't you.,Bank,Hard_2
Cheque no 629298224231 for Rs.21916 has been cleared from A/c XX1977 -ICICI Bank,Bank,Bank_8
Beware of fraud calls asking for card details. BOB officials never ask for PIN or CVV.,Bank,Bank_15
XpressBees: Shipment OD2020823192 reached your city hub Expected delivery: 03 Jul,Delivery,Delivery_4
Delivery attempt failed for order OD6198214503 We will retry tomorrow -DTDC,Delivery,Delivery_5
Last day! Meesho clearance sale ends tonight. Up to 60% off sitewide. STOP to opt out,Promo,Promo_8
irctc: special trains added for festive season. book early & save up to 60%.,Promo,Promo_17
Zomato: Free delivery all weekend! Order your favourites now.,Promo,Promo_13
Enter 958162 to verify your mobile number for Ola.,OTP,OTP_10
Your Uber code: 4937,OTP,Hard_8
Pre-approved! Get a HDFC Bank credit card with Rs.135913 limit. Zero joining fee. Apply: bit.ly/WZeOVo,Promo,Promo_14
G-836366 is your Google verification code.,OTP,OTP_12
Work from home! Earn Rs.874263/month. Join: bit.ly/UHXyzc,Spam,Hard_14
Dear customer ur BOB account will be blocked! Update KYC now: bitly/sqHIxi,Spam,Hard_11
Balhaar from Ekart is arriving with your package. Contact: +912760677741,Delivery,Delivery_6
"Hey, my new number is 01308890572 Save it! Meet at 8?",Personal,Hard_4
TAP TO VERIFY: 833404. THIS CODE EXPIRES SHORTLY.,OTP,Hard_9
Enter 531453 to verify your mobile number for Ola,OTP,OTP_10
Yutika from XpressBees is arriving with your package. Contact: 04301715013,Delivery,Delivery_6
<#> 695187 is your Hotstar code. Valid 10 min. hA8sk2Lqp3,OTP,OTP_13
Use  code 5259 at checkout for 25% off at Zomato!,Promo,Hard_0
899334 - use this to sign in. Never share this code with anyone.,OTP,Hard_7
  Auto-pay of Rs.30321 to Lohit is scheduled on 12-05-26 from A/c XX2997. Ensure sufficient balance.,Bank,Bank_13
hungry? get 10% off up to rs.1279 on your next 3 orders. code: eat50. -zomato,Promo,Promo_12
  Cheque no. 184422097455 for Rs.10932 has been cleared from A/c XX1318. -SBI,Bank,Bank_8
Coupon 4993 gives you free delivery on orders above Rs.3813 -Swiggy,Promo,Hard_1
601805 is your otp for swiggy login. valid for 2 minutes. do not share with anyone.,OTP,OTP_0
Flat Rs.794 cashback on your next order at Zomato. Use code SAVE81. Valid till 01 Jul.,Promo,Promo_2
INTEREST OF RS.48059 CREDITED TO YOUR FD A/C XX2759. -BOB,Bank,Bank_9
Congratulations! You won Rs.1013089 in lucky draw Claim: bitly/qoRDdY,Spam,Hard_12
Pay INR 2324 on delivery for order OD593305511. -Delhivery,Delivery,Hard_10
Flipkart Big Billion Days! Up to 80% off + extra 10% with Kotak cards. Hurry!,Promo,Promo_1
Flight fares dropped! HYD-CCU from Rs.1190. Book on MakeMyTrip before midnight.,Promo,Promo_16
USE CODE 9568 AT CHECKOUT FOR 25% OFF AT SWIGGY!,Promo,Hard_0
Your  SBI debit card XX9266 has been blocked due to suspicious activity. Visit branch or call 1800-XXX to unblock.,Bank,Bank_11
flight fares dropped! bom-maa from rs.1800. book on makemytrip before midnight.,Promo,Promo_16
Salary of Rs.34835 credited to A/c XX4978 Avl Bal: Rs.43285 -SBI,Bank,Bank_7
INR 12634 debited from A/c XX6412 on 02-07-26 to Bhavna. Avl Bal: INR 353967. -SBI,Bank,Bank_0
Hungry? Get 80% off up to Rs.260 on your next 3 orders. Code: EAT91. -Swiggy,Promo,Promo_12
Swiggy: Free delivery all weekend! Order your favourites now. -TM,Promo,Promo_13
Coupon 4435 gives you free delivery on orders above Rs.3281. -Amazon,Promo,Hard_1
Swiggy: Free delivery all weekend! Order ur favourites now.,Promo,Promo_13
Cheque no. 129163439912 for Rs.44377 has been cleared from A/c XX7402. -PNB,Bank,Bank_8
Convert your SBI card purchase of Rs.1371 into easy EMIs at 0% interest. Reply YES.,Promo,Promo_15
Your FD of Rs.82177 matures on 09-05-26. Renew or withdraw via netbanking. -HDFC Bank,Bank,Bank_14
934990 - use this code to sign in to Meesho. Never share it with anyone. -TM,OTP,OTP_7
Ur Uber code: 2612,OTP,Hard_8
"Class shifted to room 6220, come fast",Personal,Hard_6
Confirmation code 877193 for Axis Bank. Keep it private.,OTP,OTP_11
Your Kotak debit card XX1203 has been blocked due to suspicious activity. Visit branch or call 1800-XXX to unblock.,Bank,Bank_11
SALARY OF RS.57517 CREDITED TO A/C XX6408. AVL BAL: RS.50177. -KOTAK,Bank,Bank_7
Missed our shows? Come back to Netflix at 50% off for 3 months. Resubscribe: bit.ly/HaREDh T&C apply,Promo,Promo_19
"Hey, my new number is +917678112938. Save it! Meet at tonight?",Personal,Hard_4
462647 is your swiggy security code. anyone asking for it is a scammer.,OTP,OTP_9
Flat Rs.1171 cashback on your next order at Amazon. Use code SAVE55. Valid till 02 Jul.,Promo,Promo_2
Your Zomato membership expires soon. Renew now & save 70%: bit.ly/YcWyjM,Promo,Promo_9
G-269298 is your Google verification code.,OTP,OTP_12
OTP for delivery of order OD4696155489 is 6029. Share only with the delivery agent. -BlueDart,Delivery,Delivery_9
ITEMS IN YOUR ORDER HISTORY ARE BACK IN STOCK AT FLIPKART. PRICES START RS.1915.,Promo,Promo_23
Rs.1852 cashback credited to ur PhonePe wallet. Use on ur next order.,Promo,Promo_21
EMI of Rs.2196 due on 31-01-26 for loan A/c XX2018. Pay now to avoid charges. -BOB,Bank,Bank_4
KYC  update pending for A/c XX7452. Please visit your nearest PNB branch by 08-01-26 to avoid restrictions.,Bank,Bank_12
  OTP for delivery of order OD9341770622 is 3560. Share only with the delivery agent. -BlueDart,Delivery,Delivery_9
  Loved your recent Swiggy order? Reorder in 1 tap and get 20% off today.,Promo,Promo_22
Interest of Rs.84502 credited to your FD A/c XX5573 -HDFC Bank,Bank,Bank_9
Your OTP is 43734. Use it to verify your Uber account. Expires in 30 min.,OTP,OTP_1
Dear  customer ur ICICI Bank account will be blocked! Update KYC now: bit.ly/ZUlFxV,Spam,Hard_11
Missed our shows? Come back to Hotstar at 50% off for 3 months. Resubscribe: bit.ly/LViuhp,Promo,Promo_19
  Low balance alert: A/c XX9035 balance is Rs.194528. Maintain min balance to avoid charges.,Bank,Bank_10
Anita from DTDC is arriving with your package. Contact: 06603828075,Delivery,Delivery_6
Your Airtel pack expires tomorrow Recharge with Rs.1111 for 1GB/day + unlimited calls,Promo,Promo_10
  Your FD of Rs.89701 matures on 15-02-26. Renew or withdraw via netbanking. -ICICI Bank,Bank,Bank_14
Interest of INR 35595 credited to your FD A/c XX5922. -Kotak,Bank,Bank_9
Rs.1100 cashback credited to your Amazon Pay wallet. Use on your next order.,Promo,Promo_21
Your one time password is 433959 for Swiggy. Please do not share it.,OTP,OTP_5
COUPON 3057 GIVES YOU FREE DELIVERY ON ORDERS ABOVE RS.1321. -MEESHO,Promo,Hard_1
"Class  shifted to room 3233, come fast",Personal,Hard_6
DELIVERED! YOUR ZOMATO ORDER OD4019686737 WAS DELIVERED ON 03 JUL. RATE YOUR EXPERIENCE: BIT.LY/ZPEOFN,Delivery,Delivery_2
Rs.7922 debited from A/c XX6953 on 28-06-26 to Nakul. Avl Bal: Rs.87175. -SBI,Bank,Bank_0
"NEVER SHARE YOUR OTP, PIN OR CVV. HDFC BANK NEVER ASKS FOR THESE. STAY SAFE.",Bank,Hard_3
KYC update pending for A/c XX2538. Please visit your nearest SBI branch by 03-03-26 to avoid restrictions.,Bank,Bank_12
rs.53602 debited from a/c xx7524 on 19-04-26 to chaaya. avl bal: rs.446498. -kotak,Bank,Bank_0
Your Uber code: 5710,OTP,Hard_8
Delivered! Your Myntra order OD4797998675 was delivered on 04 Jul. Rate your experience: bit.ly/NRCjPX,Delivery,Delivery_2
Flight fares dropped! HYD-PNQ from Rs.1546. Book on Goibibo before midnight.,Promo,Promo_16
  ALERT: Rs.20944 withdrawn from ATM using card XX1523 on 03-02-26. Bal: Rs.329045. -Axis Bank,Bank,Bank_3
Myntra: 73535 is your login OTP. It expires in 5 minutes. STOP to opt out,OTP,OTP_6
Your A/c XX7290 is debited with Rs.78729 on 16-03-26. Info: UPI-Kevin. Bal: Rs.57354 -TM,Bank,Bank_2
Your HDFC Bank debit card XX6099 has been blocked due to suspicious activity. Visit branch or call 1800-XXX to unblock.,Bank,Bank_11
Loved your recent BigBasket order? Reorder in 1 tap and get 40% off today.,Promo,Promo_22
Pre-approved! Get a BOB credit card with INR 127150 limit. Zero joining fee. Apply: bit.ly/AsVbYR,Promo,Promo_14
Rs.64214 debited from A/c XX8562 on 21-02-26 to Bhavya. Avl Bal: Rs.55726. -BOB,Bank,Bank_0
Auto-pay of Rs.22659 to Jeet is scheduled on 18-05-26 from A/c XX6152. Ensure sufficient balance. -TM,Bank,Bank_13
  Your order OD1655115589 from Zomato is arriving tomorrow. Keep Rs.2818 ready for COD.,Delivery,Delivery_3
OTP  for delivery of order OD1620308542 is 8704. Share only with the delivery agent. -BlueDart,Delivery,Delivery_9
  Your FD of Rs.40227 matures on 04-07-26. Renew or withdraw via netbanking. -Kotak,Bank,Bank_14
779639 - use this code to sign in to Uber. Never share it with anyone.,OTP,OTP_7
Your one time password is 385393 for Meesho. Please do not share it.,OTP,OTP_5
Rs.58879 credited to A/c XX2164 on 05-06-26. Avl Bal: Rs.480638. -ICICI Bank,Bank,Bank_1
your uber code: 2862,OTP,Hard_8
your order od5474951068 from myntra is arriving tomorrow. keep rs.1652 ready for cod.,Delivery,Delivery_3
Pay Rs.3266 on delivery for order OD138702751. -Ekart,Delivery,Hard_10
Myntra Big Billion Days! Up to 70% off + extra 10% with PNB cards. Hurry!,Promo,Promo_1
EMI  of Rs.952 due on 06-07-26 for loan A/c XX6583. Pay now to avoid charges. -BOB,Bank,Bank_4
<#> 862684 is your Hotstar code. Valid 15 min. hA8sk2Lqp3,OTP,OTP_13
confirmation code 542070 for hotstar. keep it private.,OTP,OTP_11
  UPI payment of Rs.72311 to Harish successful. UPI Ref: 662699243251. -ICICI Bank,Bank,Bank_6
Your order OD7952262367 from Swiggy is arriving tomorrow. Keep Rs.2191 ready for COD.,Delivery,Delivery_3
EMI of INR 30923 due on 21-05-26 for loan A/c XX4408. Pay now to avoid charges. -ICICI Bank,Bank,Bank_4
Low balance alert: A/c XX8052 balance is Rs.450295. Maintain min balance to avoid charges.,Bank,Bank_10
IRCTC: Special trains added for festive season. Book early & save up to 20%.,Promo,Promo_17
"  Your ICICI Bank health insurance renewal is due 04 Jul. Renew online, save 80% on premium.",Promo,Promo_24
Your Meesho order OD6182443321 has been shipped via Delhivery. Track: bit.ly/krliEp,Delivery,Delivery_0
XpressBees: Shipment OD9540610826 reached ur city hub. Expected delivery: 06 Jul.,Delivery,Delivery_4
Ur Uber code: 6968,OTP,Hard_8
Your credit card XX2657 statement is ready. Total due: Rs.98393. Min due: Rs.1213. -Axis Bank,Bank,Bank_5
<#> 480851 is your Swiggy code. Valid 5 min. hA8sk2Lqp3,OTP,OTP_13
508063 - USE THIS CODE TO SIGN IN TO OLA. NEVER SHARE IT WITH ANYONE.,OTP,OTP_7
Your one time password is 253296 for Hotstar. Please do not share it.,OTP,OTP_5
Salary of Rs.49185 credited to A/c XX7689. Avl Bal: Rs.81677. -PNB STOP to opt out,Bank,Bank_7
Your return pickup for order OD8833953454 is scheduled on 05 Jul. Keep the item ready. -Flipkart,Delivery,Delivery_7
Recharge with Rs.1457 & get 50% extra talktime. Offer valid today only!,Promo,Promo_5
FLIGHT FARES DROPPED! BOM-MAA FROM RS.1829. BOOK ON GOIBIBO BEFORE MIDNIGHT.,Promo,Promo_16
ALERT:  Rs.94961 withdrawn from ATM using card XX1508 on 05-07-26. Bal: Rs.59421. -Axis Bank,Bank,Bank_3
G-732180  is your Google verification code.,OTP,OTP_12
Flat Rs.917 cashback on your next order at Swiggy Use code SAVE40 Valid till 05 Jul,Promo,Promo_2
Rs.59976 credited to A/c XX9064 on 27-06-26 Avl Bal: Rs.315201 -HDFC Bank,Bank,Bank_1
Your account statement for June is available. Download from the ICICI Bank app. -TM,Bank,Bank_16
Your one time password is 667278 for BigBasket Please do not share it,OTP,OTP_5
Ekart: Shipment OD8853144796 reached your city hub. Expected delivery: 06 Jul.,Delivery,Delivery_4
Weekend special at BigBasket! Min 70% off on everything. Don't miss out: bit.ly/rGgbZH,Promo,Promo_6
Cheque no 407435770304 for Rs.5004 has been cleared from A/c XX9337 -HDFC Bank,Bank,Bank_8
Rs.90611 debited from A/c XX3262 on 07-06-26 to Geetika. Avl Bal: Rs.357638. -ICICI Bank,Bank,Bank_0
Your  Axis Bank debit card XX8218 has been blocked due to suspicious activity. Visit branch or call 1800-XXX to unblock.,Bank,Bank_11
loved your recent meesho order? reorder in 1 tap and get 60% off today.,Promo,Promo_22
Rs.81673 credited to A/c XX8481 on 16-02-26. Avl Bal: Rs.108575. -PNB,Bank,Bank_1
  Cheque no. 218654046410 for Rs.96149 has been cleared from A/c XX4656. -Axis Bank,Bank,Bank_8
Pre-approved! Get a BOB credit card with Rs.80090 limit. Zero joining fee. Apply: bit.ly/JHxkZf,Promo,Promo_14
You have 1196 reward points expiring on 01 Jul. Redeem on Flipkart.,Promo,Promo_20
Rs.19416 debited from A/c XX9008 on 27-06-26 to Farhan. Avl Bal: Rs.358340. -PNB,Bank,Bank_0
Convert your BOB card purchase of INR 238 into easy EMIs at 0% interest. Reply YES.,Promo,Promo_15
ENTER 250241 TO VERIFY YOUR MOBILE NUMBER FOR IRCTC.,OTP,OTP_10
Out for delivery: Your Amazon package OD8346360940 will arrive today by 9 PM. -DTDC,Delivery,Delivery_1
flat rs.1938 cashback on your next order at flipkart. use code save53. valid till 05 jul.,Promo,Promo_2
375935 is your OTP for Zomato login. Valid for 2 minutes. Do not share with anyone.,OTP,OTP_0
  Items in your order history are back in stock at Myntra. Prices start Rs.82.,Promo,Promo_23
Low balance alert: A/c XX6400 balance is Rs.51964. Maintain min balance to avoid charges. -TM,Bank,Bank_10
RECHARGE WITH RS.572 & GET 60% EXTRA TALKTIME. OFFER VALID TODAY ONLY!,Promo,Promo_5
PAY RS.906 ON DELIVERY FOR ORDER OD411718030. -BLUEDART,Delivery,Hard_10
YOUR RETURN PICKUP FOR ORDER OD8783481104 IS SCHEDULED ON 03 JUL. KEEP THE ITEM READY. -AMAZON,Delivery,Delivery_7
Ur Zomato membership expires soon. Renew now & save 40%: bit.ly/mccgog,Promo,Promo_9
Your Uber code: 6208,OTP,Hard_8
Ur Jio pack expires tomorrow. Recharge with Rs.338 for 3GB/day + unlimited calls.,Promo,Promo_10
work from home! earn rs.524849/month. join: bit.ly/fsmzup,Spam,Hard_14
DTDC: Shipment OD3183937249 reached your city hub. Expected delivery: 06 Jul.,Delivery,Delivery_4
  Flat Rs.369 cashback on your next order at Myntra. Use code SAVE15. Valid till 05 Jul.,Promo,Promo_2
Enter 900165 to verify your mobile number for Netflix.,OTP,OTP_10
Salary of Rs.4712 credited to A/c XX8882. Avl Bal: Rs.9835. -BOB,Bank,Bank_7
844651 is your OTP for Myntra login. Valid for 5 minutes. Do not share with anyone.,OTP,OTP_0
Work from home! Earn Rs.2136462/month. Join: bit.ly/DQlSsX -TM,Spam,Hard_14
Your credit card XX5251 statement is ready. Total due: Rs.86779. Min due: Rs.1357. -ICICI Bank,Bank,Bank_5
TAP TO VERIFY: 555165. THIS CODE EXPIRES SHORTLY.,OTP,Hard_9
Coupon 4404 gives you free delivery on orders above Rs.864. -Swiggy,Promo,Hard_1
Your Hotstar plan renews on 02 Jul at Rs.1026. Upgrade to 4K for Rs.800/month.,Promo,Promo_18
Auto-pay of Rs.38466 to Adweta is scheduled on 31-05-26 from A/c XX2204. Ensure sufficient balance.,Bank,Bank_13
"Never  share your OTP, PIN or CVV. HDFC Bank never asks for these. Stay safe.",Bank,Hard_3
Your account statement for August is available. Download from the HDFC Bank app.,Bank,Bank_16
Your OTP is 213306. Use it to verify your IRCTC account. Expires in 2 min.,OTP,OTP_1
KYC update pending for A/c XX5289. Please visit your nearest HDFC Bank branch by 31-05-26 to avoid restrictions.,Bank,Bank_12
INR 40364 debited from A/c XX9119 on 01-06-26 to Abeer. Avl Bal: INR 392495. -SBI,Bank,Bank_0
Your SBI debit card XX3856 has been blocked due to suspicious activity. Visit branch or call 1800-XXX to unblock.,Bank,Bank_11
Delhivery: Shipment OD4111567914 reached your city hub. Expected delivery: 01 Jul.,Delivery,Delivery_4
114423 - USE THIS TO SIGN IN. NEVER SHARE THIS CODE WITH ANYONE.,OTP,Hard_7
Rs.87670 debited from A/c XX3642 on 01-06-26 to Logan. Avl Bal: Rs.238762. -BOB,Bank,Bank_0
"Hey, my new number is 02122168760. Save it! Meet at 8?",Personal,Hard_4
Your return pickup for order OD3668451764 is scheduled on 01 Jul Keep the item ready -BigBasket,Delivery,Delivery_7
<#> 37975 is your HDFC Bank code. Valid 30 min. hA8sk2Lqp3,OTP,OTP_13
coupon 2249 gives you free delivery on orders above rs.730. -myntra,Promo,Hard_1
Your  A/c XX9703 is debited with Rs.14230 on 07-03-26. Info: UPI-Yauvani. Bal: Rs.174616,Bank,Bank_2
ITEMS IN YOUR ORDER HISTORY ARE BACK IN STOCK AT MEESHO. PRICES START RS.598.,Promo,Promo_23
238690 is your OTP for Hotstar login. Valid for 2 minutes. Do not share with anyone.,OTP,OTP_0
otp for delivery of order od9554831844 is 2539. share only with the delivery agent. -delhivery,Delivery,Delivery_9
KYC update pending for A/c XX4323. Please visit your nearest HDFC Bank branch by 25-05-26 to avoid restrictions.,Bank,Bank_12
Cheque no. 469494933603 for Rs.45316 has been cleared from A/c XX1304. -ICICI Bank T&C apply,Bank,Bank_8
  Order OD8678580727 packed and ready! Expected dispatch by 06 Jul. -Swiggy,Delivery,Delivery_8
Ur ICICI Bank debit card XX8298 has been blocked due to suspicious activity. Visit branch or call 1800-XXX to unblock.,Bank,Bank_11
Rs.66652 credited to A/c XX5618 on 10-03-26. Avl Bal: Rs.343365. -ICICI Bank,Bank,Bank_1
Coupon  4148 gives you free delivery on orders above Rs.250. -Swiggy,Promo,Hard_1
Use  518894 to complete your Ola registration. Valid till 15 mins.,OTP,OTP_4
Nakul from Ekart is arriving with your package Contact: 6800064295,Delivery,Delivery_6
Confirmation code 673487 for GPay. Keep it private.,OTP,OTP_11
UPI payment of Rs.12690 to Shaurya successful UPI Ref: 590843320630 -Kotak,Bank,Bank_6
Your account statement for July is available. Download from the HDFC Bank app.,Bank,Bank_16
Dear customer ur Kotak account will be blocked! Update KYC now: bitly/vrIqyh,Spam,Hard_11
Your  one time password is 545590 for Netflix. Please do not share it.,OTP,OTP_5
Recharge with Rs.543 & get 10% extra talktime Offer valid today only!,Promo,Promo_5
pre-approved! get a hdfc bank credit card with rs.299418 limit. zero joining fee. apply: bit.ly/cutxmq,Promo,Promo_14
Missed our shows? Come back to Prime Video at 50% off for 3 months. Resubscribe: bit.ly/chedVk,Promo,Promo_19
UPI  payment of Rs.74604 to Edhitha successful. UPI Ref: 425887369120. -HDFC Bank,Bank,Bank_6
"Your PNB health insurance renewal is due 04 Jul. Renew online, save 30% on premium.",Promo,Promo_24
YOUR FD OF RS.50556 MATURES ON 11-01-26. RENEW OR WITHDRAW VIA NETBANKING. -AXIS BANK,Bank,Bank_14
Pre-approved! Get a PNB credit card with Rs.356884 limit. Zero joining fee. Apply: bit.ly/FgoVGm -TM,Promo,Promo_14
Rs.19527 debited from A/c XX8396 on 19-03-26 to Omisha Avl Bal: Rs.486608 -Axis Bank,Bank,Bank_0
Ur account statement for June is available. Download from the Kotak app.,Bank,Bank_16
Your Zomato membership expires soon. Renew now & save 40%: bit.ly/hNblLO,Promo,Promo_9
Your one time password is 980450 for Meesho. Please do not share it.,OTP,OTP_5
low balance alert: a/c xx2711 balance is rs.106458. maintain min balance to avoid charges.,Bank,Bank_10
KYC update pending for A/c XX5023. Please visit your nearest HDFC Bank branch by 15-04-26 to avoid restrictions.,Bank,Bank_12
your order od3230686739 from amazon is arriving tomorrow. keep rs.2437 ready for cod.,Delivery,Delivery_3
Beware  of fraud calls asking for card details. Axis Bank officials never ask for PIN or CVV.,Bank,Bank_15
  XpressBees: Shipment OD3292493450 reached your city hub. Expected delivery: 05 Jul.,Delivery,Delivery_4
Missed  our shows? Come back to Netflix at 50% off for 3 months. Resubscribe: bit.ly/FMuQXd,Promo,Promo_19
Delivered!  Your BigBasket order OD8806294777 was delivered on 05 Jul. Rate your experience: bit.ly/lwkigF,Delivery,Delivery_2
Missed our shows? Come back to Prime Video at 50% off for 3 months. Resubscribe: bit.ly/SyHoHP,Promo,Promo_19
"Class shifted to room 2280, come fast T&C apply",Personal,Hard_6
"Bro  send me Rs.2552 on gpay, will return by 06 Jul",Personal,Hard_5
OTP: 73453 for txn of INR 46264 at PNB. Do not share. -PNB,OTP,OTP_2
Your A/c XX6395 is debited with Rs.21932 on 20-01-26. Info: UPI-Bhavika. Bal: Rs.293224,Bank,Bank_2
"  Bro send me Rs.275 on gpay, will return by 04 Jul",Personal,Hard_5
UPI payment of Rs.48054 to Samar successful UPI Ref: 996319998223 -Kotak,Bank,Bank_6
Enter  457437 to verify your mobile number for Uber.,OTP,OTP_10
OTP-based login was enabled for your A/c XX7331. Call ICICI Bank if this wasn't you.,Bank,Hard_2
MEGA SALE! Get 30% OFF on all products at Zomato. Shop now: bit.ly/tAnUhk T&C apply.,Promo,Promo_0
MEGA SALE! Get 50% OFF on all products at Flipkart Shop now: bitly/KuuEiS T&C apply,Promo,Promo_0
Rs.18021 debited from A/c XX9653 on 03-07-26 to Triveni. Avl Bal: Rs.495005. -PNB,Bank,Bank_0
rs.87956 debited from a/c xx8999 on 04-07-26 to azad. avl bal: rs.198092. -pnb,Bank,Bank_0
Your Netflix plan renews on 03 Jul at Rs.1226. Upgrade to 4K for Rs.513/month.,Promo,Promo_18
items in your order history are back in stock at flipkart. prices start rs.608.,Promo,Promo_23
Congratulations!  You won Rs.2196861 in lucky draw. Claim: bit.ly/ztUymr,Spam,Hard_12
coupon 3651 gives you free delivery on orders above rs.1720. -flipkart,Promo,Hard_1
Confirmation code 493360 for Axis Bank. Keep it private.,OTP,OTP_11
Pre-approved! Get a PNB credit card with INR 439208 limit. Zero joining fee. Apply: bit.ly/EJDUyj,Promo,Promo_14
Enter 392189 to verify ur mobile number for BigBasket.,OTP,OTP_10
"Never share your OTP, PIN or CVV SBI never asks for these Stay safe",Bank,Hard_3
Pay Rs.4220 on delivery for order OD234300273. -DTDC,Delivery,Hard_10
409809 - use this code to sign in to Netflix. Never share it with anyone.,OTP,OTP_7
  Flight fares dropped! HYD-LKO from Rs.1087. Book on Goibibo before midnight.,Promo,Promo_16
SALARY OF RS.27203 CREDITED TO A/C XX9105. AVL BAL: RS.126813. -SBI,Bank,Bank_7
Data exhausted? Get 3GB extra with Rs.283 booster pack. Dial *121# or visit app.,Promo,Promo_11
COUPON 2066 GIVES YOU FREE DELIVERY ON ORDERS ABOVE RS.2510. -BIGBASKET,Promo,Hard_1
Cheque no. 499053000262 for Rs.92573 has been cleared from A/c XX6449. -BOB,Bank,Bank_8
Flight fares dropped! BOM-LKO from Rs.1064 Book on MakeMyTrip before midnight,Promo,Promo_16
KYC UPDATE PENDING FOR A/C XX9874. PLEASE VISIT YOUR NEAREST PNB BRANCH BY 15-05-26 TO AVOID RESTRICTIONS.,Bank,Bank_12
  58977 is your OTP for Zomato login. Valid for 15 minutes. Do not share with anyone.,OTP,OTP_0
Ur FD of Rs.88039 matures on 15-05-26. Renew or withdraw via netbanking. -SBI,Bank,Bank_14
UPI payment of Rs.46732 to Faras successful UPI Ref: 781483914359 -ICICI Bank,Bank,Bank_6
Your Meesho order OD3251205446 has been shipped via Delhivery. Track: bit.ly/nZUwwK,Delivery,Delivery_0
  Your return pickup for order OD5560891605 is scheduled on 02 Jul. Keep the item ready. -Myntra,Delivery,Delivery_7
Zaid from DTDC is arriving with your package. Contact: 5653814575,Delivery,Delivery_6
Delivery attempt failed for order OD4533981256. We will retry tomorrow. -Ekart,Delivery,Delivery_5
Your order OD1353193883 from Meesho is arriving tomorrow Keep Rs.1547 ready for COD,Delivery,Delivery_3
Pay  Rs.1276 on delivery for order OD561106215. -Ekart,Delivery,Hard_10
Coupon 6983 gives you free delivery on orders above Rs.2901 -Swiggy,Promo,Hard_1
Enter 22018 to verify your mobile number for Ola.,OTP,OTP_10
PAY RS.3361 ON DELIVERY FOR ORDER OD635482846. -BLUEDART,Delivery,Hard_10
Work from home! Earn Rs.1797781/month. Join: bit.ly/wNmMRT,Spam,Hard_14
"Bro send me Rs.3924 on gpay, will return by 04 Jul",Personal,Hard_5
Enter 167607 to verify your mobile number for BOB.,OTP,OTP_10
Enter  360207 to verify your mobile number for ICICI Bank.,OTP,OTP_10
Last day! Zomato clearance sale ends tonight Up to 20% off sitewide,Promo,Promo_8
Low balance alert: A/c XX5197 balance is Rs.369253 Maintain min balance to avoid charges,Bank,Bank_10
Interest of Rs.26834 credited to your FD A/c XX4045 -Axis Bank,Bank,Bank_9
Your  SIM will be deactivated in 24hrs. Verify Aadhaar: bit.ly/uKlzma,Spam,Hard_13
Uber: 336532 is your login OTP. It expires in 15 minutes. -TM,OTP,OTP_6
Congratulations! You won Rs.510920 in lucky draw. Claim: bit.ly/UwLdkj,Spam,Hard_12
Auto-pay of Rs.7962 to Ekansh is scheduled on 10-01-26 from A/c XX4922. Ensure sufficient balance.,Bank,Bank_13
Recharge with Rs.1539 & get 80% extra talktime. Offer valid today only!,Promo,Promo_5
  Pay Rs.4853 on delivery for order OD534388225. -DTDC,Delivery,Hard_10
Out  for delivery: Your BigBasket package OD5091163914 will arrive today by 12 PM. -XpressBees,Delivery,Delivery_1
KYC UPDATE PENDING FOR A/C XX2742. PLEASE VISIT YOUR NEAREST ICICI BANK BRANCH BY 03-03-26 TO AVOID RESTRICTIONS.,Bank,Bank_12
EMI OF RS.48089 DUE ON 25-01-26 FOR LOAN A/C XX8960. PAY NOW TO AVOID CHARGES. -HDFC BANK,Bank,Bank_4
Your  A/c XX2192 is debited with Rs.18945 on 12-04-26. Info: UPI-Isaac. Bal: Rs.101153,Bank,Bank_2
Rs.89290 debited from A/c XX1965 on 24-04-26 to Varsha. Avl Bal: Rs.88331. -BOB T&C apply,Bank,Bank_0
Low balance alert: A/c XX4281 balance is Rs.195412 Maintain min balance to avoid charges,Bank,Bank_10
Auto-pay of Rs.73398 to Anya is scheduled on 29-03-26 from A/c XX6713. Ensure sufficient balance.,Bank,Bank_13
low balance alert: a/c xx8059 balance is rs.248530. maintain min balance to avoid charges.,Bank,Bank_10
Your return pickup for order OD8364979023 is scheduled on 02 Jul Keep the item ready -Myntra,Delivery,Delivery_7
Your account statement for July is available. Download from the PNB app.,Bank,Bank_16
Low balance alert: A/c XX4504 balance is Rs.182387 Maintain min balance to avoid charges,Bank,Bank_10
YOUR CREDIT CARD XX1455 STATEMENT IS READY. TOTAL DUE: RS.93542. MIN DUE: RS.2805. -SBI,Bank,Bank_5
Saanvi from Ekart is arriving with your package. Contact: 09666880074,Delivery,Delivery_6
603090 is your verification code for Ola. Never share your OTP.,OTP,OTP_3
your a/c xx3699 is debited with rs.92392 on 11-01-26. info: upi-yug. bal: rs.364550,Bank,Bank_2
Your return pickup for order OD1951178369 is scheduled on 02 Jul. Keep the item ready. -Meesho,Delivery,Delivery_7
LOW BALANCE ALERT: A/C XX2106 BALANCE IS RS.305583. MAINTAIN MIN BALANCE TO AVOID CHARGES.,Bank,Bank_10
683916 - use this code to sign in to Meesho. Never share it with anyone.,OTP,OTP_7
  Delivery attempt failed for order OD5194068726. We will retry tomorrow. -DTDC,Delivery,Delivery_5
Zomato: Free delivery all weekend! Order your favourites now.,Promo,Promo_13
Out for delivery: Your BigBasket package OD2358804666 will arrive today by 12 PM. -BlueDart,Delivery,Delivery_1
Your A/c XX6583 is debited with Rs.39170 on 21-05-26. Info: UPI-Tanish. Bal: Rs.271926,Bank,Bank_2
Your one time password is 869158 for ICICI Bank. Please do not share it.,OTP,OTP_5
"Bro send me Rs.4643 on gpay, will return by 03 Jul",Personal,Hard_5
"Hi Waida, unlock INR 1731 off your first order at Flipkart with code NEW40.",Promo,Promo_7
124576 - use this to sign in. Never share this code with anyone.,OTP,Hard_7
Low  balance alert: A/c XX4400 balance is Rs.139289. Maintain min balance to avoid charges.,Bank,Bank_10
  BigBasket: 811061 is your login OTP. It expires in 2 minutes.,OTP,OTP_6
your airtel pack expires tomorrow. recharge with rs.1020 for 1.5gb/day + unlimited calls.,Promo,Promo_10
Use  737676 to complete your HDFC Bank registration. Valid till 15 mins.,OTP,OTP_4
Auto-pay of Rs.37582 to Utkarsh is scheduled on 27-06-26 from A/c XX8816 Ensure sufficient balance,Bank,Bank_13
Rs.1972 debited from A/c XX4459 on 04-05-26 to Simon. Avl Bal: Rs.93918. -SBI,Bank,Bank_0
ALERT:  Rs.19617 withdrawn from ATM using card XX8987 on 12-05-26. Bal: Rs.87165. -BOB,Bank,Bank_3
Your Netflix plan renews on 04 Jul at Rs.430. Upgrade to 4K for Rs.880/month.,Promo,Promo_18
Your  OTP is 811283. Use it to verify your Flipkart account. Expires in 15 min.,OTP,OTP_1
  757991 is your OTP for Netflix login. Valid for 2 minutes. Do not share with anyone.,OTP,OTP_0
Data exhausted? Get 2GB extra with Rs.50 booster pack. Dial *121# or visit app.,Promo,Promo_11
FLAT RS.830 CASHBACK ON YOUR NEXT ORDER AT SWIGGY. USE CODE SAVE12. VALID TILL 01 JUL.,Promo,Promo_2
use 199735 to complete your ola registration. valid till 5 mins.,OTP,OTP_4
"Your HDFC Bank health insurance renewal is due 05 Jul. Renew online, save 10% on premium.",Promo,Promo_24
  OTP-based login was enabled for your A/c XX8903. Call BOB if this wasn't you.,Bank,Hard_2
"hi prisha, unlock rs.1770 off your first order at myntra with code new43.",Promo,Promo_7
OTP-based login was enabled for ur A/c XX6726. Call SBI if this wasn't you.,Bank,Hard_2
Your  return pickup for order OD2287773689 is scheduled on 01 Jul. Keep the item ready. -Flipkart,Delivery,Delivery_7
<#> 2111 is your Amazon code. Valid 2 min. hA8sk2Lqp3,OTP,OTP_13
Unnati from Delhivery is arriving with your package. Contact: +912407419310,Delivery,Delivery_6
Your Netflix plan renews on 02 Jul at Rs.1855. Upgrade to 4K for Rs.855/month.,Promo,Promo_18
KYC update pending for A/c XX6600. Please visit your nearest Kotak branch by 28-01-26 to avoid restrictions.,Bank,Bank_12
Your  order OD4221270295 from Swiggy is arriving tomorrow. Keep Rs.952 ready for COD.,Delivery,Delivery_3
OTP: 202904 for txn of INR 39983 at Kotak. Do not share. -ICICI Bank,OTP,OTP_2
Your GPay code: 401084,OTP,OTP_8
Missed our shows? Come back to Prime Video at 50% off for 3 months. Resubscribe: bit.ly/luCohc,Promo,Promo_19
otp for delivery of order od9891860029 is 1451. share only with the delivery agent. -delhivery,Delivery,Delivery_9
Rs.1578 cashback credited to your Paytm wallet Use on your next order,Promo,Promo_21
915073 is your GPay security code. Anyone asking for it is a scammer. T&C apply,OTP,OTP_9
  UPI payment of Rs.5695 to Rajata successful. UPI Ref: 899648851587. -HDFC Bank,Bank,Bank_6
USE CODE 1404 AT CHECKOUT FOR 10% OFF AT SWIGGY!,Promo,Hard_0
Convert your Kotak card purchase of INR 1566 into easy EMIs at 0% interest. Reply YES.,Promo,Promo_15
  Recharge with Rs.93 & get 10% extra talktime. Offer valid today only!,Promo,Promo_5
HDFC Bank: 584655 is your login OTP. It expires in 15 minutes.,OTP,OTP_6
g-64951 is your google verification code.,OTP,OTP_12
OTP: 193423 for txn of Rs.23428 at Ola. Do not share. -Axis Bank,OTP,OTP_2
Hungry? Get 70% off up to Rs.1716 on your next 3 orders. Code: EAT26. -Zomato,Promo,Promo_12
your sbi code: 930402,OTP,OTP_8
"Class shifted to room 4081, come fast",Personal,Hard_6
Enter 813661 to verify your mobile number for Kotak.,OTP,OTP_10
Data exhausted? Get 1.5GB extra with Rs.1554 booster pack. Dial *121# or visit app.,Promo,Promo_11
Your SonyLIV plan renews on 05 Jul at Rs.651. Upgrade to 4K for Rs.407/month.,Promo,Promo_18
  Your order OD6529456413 from Meesho is arriving tomorrow. Keep Rs.4773 ready for COD.,Delivery,Delivery_3
OTP: 897696 for txn of Rs.43121 at HDFC Bank. Do not share. -Axis Bank,OTP,OTP_2
Your A/c XX2045 is debited with Rs.1935 on 06-02-26. Info: UPI-Jeevika. Bal: Rs.179708,Bank,Bank_2
otp: 986440 for txn of rs.39215 at icici bank. do not share. -pnb,OTP,OTP_2
otp: 299953 for txn of rs.13914 at hdfc bank. do not share. -hdfc bank,OTP,OTP_2
Convert your ICICI Bank card purchase of Rs.1640 into easy EMIs at 0% interest. Reply YES.,Promo,Promo_15
Out for delivery: Your Zomato package OD2008652112 will arrive today by 12 PM. -Ekart,Delivery,Delivery_1
Your IRCTC code: 905849,OTP,OTP_8
Convert your ICICI Bank card purchase of Rs.72 into easy EMIs at 0% interest Reply YES,Promo,Promo_15
Your ICICI Bank debit card XX4988 has been blocked due to suspicious activity. Visit branch or call 1800-XXX to unblock.,Bank,Bank_11
Ur Meesho membership expires soon. Renew now & save 30%: bit.ly/IZPMot,Promo,Promo_9
Interest of Rs.56720 credited to your FD A/c XX9553. -Axis Bank,Bank,Bank_9
Auto-pay of Rs.40117 to Tristan is scheduled on 11-03-26 from A/c XX3784. Ensure sufficient balance.,Bank,Bank_13
  Warda from XpressBees is arriving with your package. Contact: 04030019953,Delivery,Delivery_6
  Your Myntra order OD7416191193 has been shipped via Ekart. Track: bit.ly/ByVVpt,Delivery,Delivery_0
Your OTP is 440045. Use it to verify your PhonePe account. Expires in 5 min.,OTP,OTP_1
Rs.87018 credited to A/c XX5568 on 06-01-26. Avl Bal: Rs.379517. -SBI T&C apply,Bank,Bank_1
Exclusive for you! Buy 1 Get 1 FREE at Myntra. Limited period offer. Visit bit.ly/VMvYFp,Promo,Promo_3
IRCTC: Special trains added for festive season. Book early & save up to 70%.,Promo,Promo_17
"Hi Saanvi, unlock Rs.485 off ur first order at Flipkart with code NEW79.",Promo,Promo_7
Confirmation code 889667 for Swiggy. Keep it private.,OTP,OTP_11
rs.69474 debited from a/c xx1219 on 01-05-26 to mitesh. avl bal: rs.451839. -icici bank,Bank,Bank_0
Use code 6267 at checkout for 50% off at Meesho!,Promo,Hard_0
OTP-BASED LOGIN WAS ENABLED FOR YOUR A/C XX5648. CALL KOTAK IF THIS WASN'T YOU.,Bank,Hard_2
TAP TO VERIFY: 370151. THIS CODE EXPIRES SHORTLY.,OTP,Hard_9
dtdc: shipment od3657419582 reached your city hub. expected delivery: 02 jul.,Delivery,Delivery_4
Order OD1174107829 packed and ready! Expected dispatch by 04 Jul. -Amazon,Delivery,Delivery_8
Your BigBasket membership expires soon. Renew now & save 30%: bit.ly/eOotyt,Promo,Promo_9
OTP:  950564 for txn of Rs.32959 at Kotak. Do not share. -SBI,OTP,OTP_2
Delivery attempt failed for order OD6032123070. We will retry tomorrow. -DTDC,Delivery,Delivery_5
Your A/c XX6564 is debited with Rs.11067 on 23-03-26 Info: UPI-George Bal: Rs.345725,Bank,Bank_2
Ola: 759837 is your login OTP. It expires in 2 minutes.,OTP,OTP_6
Out for delivery: Your Swiggy package OD3974488898 will arrive today by 6 PM. -XpressBees,Delivery,Delivery_1
Your OTP is 431032. Use it to verify your Flipkart account. Expires in 5 min. -TM,OTP,OTP_1
Your FD of Rs.63129 matures on 10-06-26 Renew or withdraw via netbanking -Axis Bank,Bank,Bank_14
IRCTC: 620372 is your login OTP. It expires in 5 minutes.,OTP,OTP_6
"Bro send me Rs.2240 on gpay, will return by 03 Jul",Personal,Hard_5
  Your Flipkart membership expires soon. Renew now & save 60%: bit.ly/MOtAzL,Promo,Promo_9
Last day! Myntra clearance sale ends tonight. Up to 60% off sitewide.,Promo,Promo_8
gpay: 834917 is your login otp. it expires in 5 minutes.,OTP,OTP_6
Your return pickup for order OD1553764933 is scheduled on 01 Jul. Keep the item ready. -Flipkart,Delivery,Delivery_7
  Your Prime Video plan renews on 01 Jul at Rs.725. Upgrade to 4K for Rs.740/month.,Promo,Promo_18
183438 is your verification code for Amazon. Never share your OTP.,OTP,OTP_3
hungry? get 80% off up to rs.132 on your next 3 orders. code: eat31. -zomato,Promo,Promo_12
Your return pickup for order OD3684366424 is scheduled on 01 Jul. Keep the item ready. -Myntra,Delivery,Delivery_7
Pay Rs.612 on delivery for order OD288638437. -DTDC T&C apply,Delivery,Hard_10
Your  account statement for June is available. Download from the PNB app.,Bank,Bank_16
BigBasket: Your cart misses you! Complete purchase now & get 30% off bitly/fDXVzd,Promo,Promo_4
Flight fares dropped! DEL-MAA from Rs.1848. Book on Goibibo before midnight.,Promo,Promo_16
Flight fares dropped! BLR-PNQ from Rs.1860. Book on Goibibo before midnight.,Promo,Promo_16
OTP: 64350 for txn of Rs.43082 at Paytm. Do not share. -ICICI Bank,OTP,OTP_2
Low balance alert: A/c XX2220 balance is Rs.43885. Maintain min balance to avoid charges.,Bank,Bank_10
Your OTP is 324384 Use it to verify your Ola account Expires in 10 min,OTP,OTP_1
Ur one time password is 341541 for PNB. Please do not share it.,OTP,OTP_5
Rs.1311 cashback credited to your Paytm wallet. Use on your next order.,Promo,Promo_21
BlueDart: Shipment OD9264407641 reached your city hub. Expected delivery: 05 Jul. STOP to opt out,Delivery,Delivery_4
Your return pickup for order OD3864327604 is scheduled on 03 Jul Keep the item ready -Meesho,Delivery,Delivery_7
190548 is your verification code for Meesho. Never share your OTP.,OTP,OTP_3
you have 2726 reward points expiring on 05 jul. redeem on flipkart.,Promo,Promo_20
OUT FOR DELIVERY: YOUR MEESHO PACKAGE OD1010560747 WILL ARRIVE TODAY BY 6 PM. -DELHIVERY,Delivery,Delivery_1
958177 is your uber security code. anyone asking for it is a scammer.,OTP,OTP_9
GPay: 329175 is your login OTP. It expires in 2 minutes.,OTP,OTP_6
Weekend special at Swiggy! Min 30% off on everything. Don't miss out: bit.ly/SRavyJ,Promo,Promo_6
Order OD5433856146 packed and ready! Expected dispatch by 01 Jul. -Meesho,Delivery,Delivery_8
Salary of Rs.67614 credited to A/c XX3717. Avl Bal: Rs.142585. -ICICI Bank,Bank,Bank_7
Your SIM will be deactivated in 24hrs. Verify Aadhaar: bit.ly/kJVtgn,Spam,Hard_13
OTP for delivery of order OD2562488137 is 4785. Share only with the delivery agent. -XpressBees T&C apply,Delivery,Delivery_9
your return pickup for order od3467242488 is scheduled on 03 jul. keep the item ready. -swiggy,Delivery,Delivery_7
"Class  shifted to room 1016, come fast",Personal,Hard_6
your otp is 658596. use it to verify your gpay account. expires in 15 min.,OTP,OTP_1
"Hi Garima, unlock Rs.168 off ur first order at Amazon with code NEW56.",Promo,Promo_7
pre-approved! get a icici bank credit card with rs.335936 limit. zero joining fee. apply: bit.ly/gxqfkm,Promo,Promo_14
Your OTP is 603371. Use it to verify your Meesho account. Expires in 5 min.,OTP,OTP_1
Low balance alert: A/c XX5572 balance is INR 399368. Maintain min balance to avoid charges.,Bank,Bank_10
Your PNB code: 829142,OTP,OTP_8
tap to verify: 720680. this code expires shortly.,OTP,Hard_9
  Swiggy: Free delivery all weekend! Order your favourites now.,Promo,Promo_13
otp-based login was enabled for your a/c xx1883. call bob if this wasn't you.,Bank,Hard_2
Rs.92308 credited to A/c XX9401 on 11-05-26. Avl Bal: Rs.141683. -BOB,Bank,Bank_1
Myntra: Your cart misses you! Complete purchase now & get 40% off. bit.ly/BUhKPM,Promo,Promo_4
auto-pay of rs.31475 to onveer is scheduled on 13-01-26 from a/c xx1748. ensure sufficient balance.,Bank,Bank_13
EMI of Rs.95394 due on 27-06-26 for loan A/c XX2093 Pay now to avoid charges -Axis Bank,Bank,Bank_4
Your OTP is 698171. Use it to verify your IRCTC account. Expires in 10 min.,OTP,OTP_1
  Pay Rs.1236 on delivery for order OD984189095. -Ekart,Delivery,Hard_10
RS.14421 DEBITED FROM A/C XX5296 ON 29-04-26 TO HITESH. AVL BAL: RS.327929. -HDFC BANK,Bank,Bank_0
389032 - use this code to sign in to Meesho. Never share it with anyone.,OTP,OTP_7
Recharge with Rs.292 & get 20% extra talktime Offer valid today only!,Promo,Promo_5
Confirmation code 106690 for Kotak. Keep it private.,OTP,OTP_11
INR 85468 debited from A/c XX9260 on 30-05-26 to Chaitaly. Avl Bal: INR 211476. -Kotak,Bank,Bank_0
Out for delivery: Your Amazon package OD9278231002 will arrive today by 3 PM. -BlueDart,Delivery,Delivery_1
Use 413342 to complete ur ICICI Bank registration. Valid till 2 mins.,OTP,OTP_4
Zomato: Ur cart misses you! Complete purchase now & get 70% off. bit.ly/xiZTPt,Promo,Promo_4
"  Class shifted to room 9717, come fast",Personal,Hard_6
Salary of Rs.19950 credited to A/c XX9308. Avl Bal: Rs.478800. -PNB,Bank,Bank_7
Exclusive for you! Buy 1 Get 1 FREE at Swiggy. Limited period offer. Visit bit.ly/QIkGHp STOP to opt out,Promo,Promo_3
YOUR A/C XX1625 IS DEBITED WITH RS.65006 ON 12-06-26. INFO: UPI-NEHA. BAL: RS.50750,Bank,Bank_2
IRCTC: Special trains added for festive season. Book early & save up to 20%. -TM,Promo,Promo_17
alert: rs.56176 withdrawn from atm using card xx6612 on 17-03-26. bal: rs.303374. -hdfc bank,Bank,Bank_3
Pre-approved!  Get a PNB credit card with Rs.177772 limit. Zero joining fee. Apply: bit.ly/iFYxIT,Promo,Promo_14
Cheque  no. 449386577963 for Rs.9164 has been cleared from A/c XX8427. -SBI,Bank,Bank_8
839273 is your Meesho security code. Anyone asking for it is a scammer. -TM,OTP,OTP_9
your fd of rs.75861 matures on 20-03-26. renew or withdraw via netbanking. -axis bank,Bank,Bank_14
  Delivery attempt failed for order OD2338576448. We will retry tomorrow. -DTDC,Delivery,Delivery_5
Your  FD of Rs.56675 matures on 24-04-26. Renew or withdraw via netbanking. -Kotak,Bank,Bank_14
"  Hey, my new number is 09901241878. Save it! Meet at noon?",Personal,Hard_4
Enter 459846 to verify your mobile number for Meesho.,OTP,OTP_10
Recharge with Rs.232 & get 10% extra talktime. Offer valid today only!,Promo,Promo_5
"class shifted to room 9941, come fast",Personal,Hard_6
Your credit card XX1979 statement is ready. Total due: Rs.80968. Min due: Rs.4429. -ICICI Bank,Bank,Bank_5
Use code 4938 at checkout for 25% off at Meesho!,Promo,Hard_0
Your return pickup for order OD6336957732 is scheduled on 01 Jul. Keep the item ready. -Meesho,Delivery,Delivery_7
Delivered! Your Zomato order OD7802770542 was delivered on 02 Jul. Rate your experience: bit.ly/OsaLpl,Delivery,Delivery_2
  Order OD7213117446 packed and ready! Expected dispatch by 03 Jul. -Flipkart,Delivery,Delivery_8
Your A/c XX2500 is debited with Rs.2092 on 19-01-26. Info: UPI-Xavier. Bal: Rs.221160,Bank,Bank_2
Out for delivery: Your Flipkart package OD5099169930 will arrive today by 9 PM. -XpressBees,Delivery,Delivery_1
Your SIM will be deactivated in 24hrs. Verify Aadhaar: bit.ly/KMtHmf,Spam,Hard_13
Order OD8093418930 packed and ready! Expected dispatch by 06 Jul. -Flipkart,Delivery,Delivery_8
Flat Rs.1932 cashback on your next order at Flipkart. Use code SAVE31. Valid till 03 Jul. -TM,Promo,Promo_2
Your one time password is 598500 for Netflix. Please do not share it.,OTP,OTP_5
"Hey, my new number is 08042774878. Save it! Meet at 6pm?",Personal,Hard_4
LAST DAY! MEESHO CLEARANCE SALE ENDS TONIGHT. UP TO 20% OFF SITEWIDE.,Promo,Promo_8
Low balance alert: A/c XX3682 balance is Rs.65470. Maintain min balance to avoid charges.,Bank,Bank_10
Your A/c XX3068 is debited with Rs.72059 on 29-06-26. Info: UPI-Faqid. Bal: Rs.37956,Bank,Bank_2
Your  OTP is 750940. Use it to verify your Uber account. Expires in 30 min.,OTP,OTP_1
Data exhausted? Get 1.5GB extra with Rs.764 booster pack. Dial *121# or visit app.,Promo,Promo_11
UPI payment of Rs.96199 to Caleb successful. UPI Ref: 635220539559. -ICICI Bank,Bank,Bank_6
Interest of Rs.36963 credited to your FD A/c XX7357. -ICICI Bank,Bank,Bank_9
Dear customer ur BOB account will be blocked! Update KYC now: bitly/eEDQjU,Spam,Hard_11
Tap  to verify: 844748. This code expires shortly.,OTP,Hard_9
  Your Jio pack expires tomorrow. Recharge with Rs.673 for 1GB/day + unlimited calls.,Promo,Promo_10
"Your  PNB health insurance renewal is due 03 Jul. Renew online, save 10% on premium.",Promo,Promo_24
DTDC: Shipment OD9914171205 reached your city hub. Expected delivery: 06 Jul. STOP to opt out,Delivery,Delivery_4
G-693941 is your Google verification code.,OTP,OTP_12
Flight fares dropped! DEL-PNQ from INR 652. Book on Goibibo before midnight.,Promo,Promo_16
XpressBees:  Shipment OD9561566993 reached your city hub. Expected delivery: 04 Jul.,Delivery,Delivery_4
Flight fares dropped! HYD-LKO from Rs.1552. Book on ixigo before midnight.,Promo,Promo_16
Pay Rs.4932 on delivery for order OD985458761. -DTDC,Delivery,Hard_10
Your FD of INR 97999 matures on 21-05-26. Renew or withdraw via netbanking. -Axis Bank,Bank,Bank_14
OTP-based login was enabled for your A/c XX5963 Call Kotak if this wasn't you,Bank,Hard_2
rs.1654 cashback credited to your phonepe wallet. use on your next order.,Promo,Promo_21
Your  Uber code: 9539,OTP,Hard_8
"your hdfc bank health insurance renewal is due 05 jul. renew online, save 40% on premium.",Promo,Promo_24
Low balance alert: A/c XX2578 balance is Rs.164716. Maintain min balance to avoid charges.,Bank,Bank_10
Use code 9997 at checkout for 10% off at BigBasket!,Promo,Hard_0
Cheque no. 271791262345 for Rs.60621 has been cleared from A/c XX7831. -Kotak,Bank,Bank_8
OTP FOR DELIVERY OF ORDER OD2816506956 IS 8621. SHARE ONLY WITH THE DELIVERY AGENT. -DTDC,Delivery,Delivery_9
"NEVER SHARE YOUR OTP, PIN OR CVV. PNB NEVER ASKS FOR THESE. STAY SAFE.",Bank,Hard_3
Congratulations! U won Rs.1188211 in lucky draw. Claim: bit.ly/oWqFDC,Spam,Hard_12
Flat Rs.433 cashback on your next order at Zomato. Use code SAVE58. Valid till 05 Jul.,Promo,Promo_2
Ur OTP is 970674. Use it to verify ur Uber account. Expires in 10 min.,OTP,OTP_1
OTP: 588076 for txn of Rs.40701 at Paytm. Do not share. -HDFC Bank,OTP,OTP_2
Data exhausted? Get 1GB extra with Rs.458 booster pack. Dial *121# or visit app.,Promo,Promo_11
Flat  Rs.1229 cashback on your next order at BigBasket. Use code SAVE16. Valid till 02 Jul.,Promo,Promo_2
  Your Amazon membership expires soon. Renew now & save 50%: bit.ly/eHGuiv,Promo,Promo_9
Rs.97423 credited to A/c XX9845 on 12-03-26 Avl Bal: Rs.445924 -SBI,Bank,Bank_1
Weekend  special at Meesho! Min 50% off on everything. Don't miss out: bit.ly/yMbupn,Promo,Promo_6
Weekend special at Meesho! Min 30% off on everything. Don't miss out: bit.ly/kkaIYF,Promo,Promo_6
Out for delivery: Your Swiggy package OD7000516697 will arrive today by 9 PM. -XpressBees,Delivery,Delivery_1
  Your Axis Bank debit card XX9812 has been blocked due to suspicious activity. Visit branch or call 1800-XXX to unblock.,Bank,Bank_11
Out for delivery: Your Meesho package OD6966901187 will arrive today by 12 PM. -DTDC,Delivery,Delivery_1
Delivered!  Your Myntra order OD7475702067 was delivered on 06 Jul. Rate your experience: bit.ly/IYvROm,Delivery,Delivery_2
Out for delivery: Your Meesho package OD2561433053 will arrive today by 6 PM -XpressBees,Delivery,Delivery_1
Exclusive for you! Buy 1 Get 1 FREE at BigBasket. Limited period offer. Visit bit.ly/traaIs STOP to opt out,Promo,Promo_3
368728 is your verification code for PNB. Never share your OTP.,OTP,OTP_3
<#> 56373 is ur GPay code. Valid 5 min. hA8sk2Lqp3,OTP,OTP_13
your bigbasket membership expires soon. renew now & save 60%: bit.ly/zrzral,Promo,Promo_9
Flight fares dropped! DEL-LKO from Rs.341 Book on MakeMyTrip before midnight,Promo,Promo_16
Your account statement for July is available. Download from the PNB app.,Bank,Bank_16
UPI payment of Rs.10663 to Tripti successful. UPI Ref: 487809456038. -Kotak,Bank,Bank_6
287515 is your Paytm security code. Anyone asking for it is a scammer.,OTP,OTP_9
  Your Swiggy order OD1432821740 has been shipped via Ekart. Track: bit.ly/wVpgRC,Delivery,Delivery_0
Rs.16786  debited from A/c XX3776 on 15-04-26 to Varenya. Avl Bal: Rs.380860. -SBI,Bank,Bank_0
OTP for delivery of order OD6198721755 is 3735. Share only with the delivery agent. -BlueDart,Delivery,Delivery_9
"Bro  send me Rs.937 on gpay, will return by 02 Jul",Personal,Hard_5
EMI of Rs.82374 due on 17-06-26 for loan A/c XX4349. Pay now to avoid charges. -PNB,Bank,Bank_4
Your Flipkart membership expires soon. Renew now & save 30%: bit.ly/TTwBlV,Promo,Promo_9
Loved your recent BigBasket order? Reorder in 1 tap and get 30% off today.,Promo,Promo_22
Rs.43486 debited from A/c XX4638 on 18-02-26 to Avni. Avl Bal: Rs.94903. -BOB,Bank,Bank_0
Beware of fraud calls asking for card details. PNB officials never ask for PIN or CVV.,Bank,Bank_15
<#> 986485 is your HDFC Bank code. Valid 10 min. hA8sk2Lqp3,OTP,OTP_13
Your return pickup for order OD8180412338 is scheduled on 04 Jul. Keep the item ready. -Myntra,Delivery,Delivery_7
Your ICICI Bank debit card XX5236 has been blocked due to suspicious activity. Visit branch or call 1800-XXX to unblock.,Bank,Bank_11
Auto-pay of Rs.25996 to Jairaj is scheduled on 19-03-26 from A/c XX5920. Ensure sufficient balance. T&C apply,Bank,Bank_13
Your credit card XX7217 statement is ready Total due: Rs.73232 Min due: Rs.4957 -ICICI Bank,Bank,Bank_5
OTP:  683114 for txn of Rs.44879 at Ola. Do not share. -Kotak,OTP,OTP_2
Delivered! Your Flipkart order OD9034629313 was delivered on 01 Jul. Rate your experience: bit.ly/TzFQaw,Delivery,Delivery_2
Pay Rs.2680 on delivery for order OD285335209. -BlueDart,Delivery,Hard_10
Your A/c XX9846 is debited with Rs.76010 on 14-06-26. Info: UPI-Farhan. Bal: Rs.84051,Bank,Bank_2
Flat Rs.501 cashback on your next order at Zomato. Use code SAVE45. Valid till 05 Jul.,Promo,Promo_2
BIGBASKET BIG BILLION DAYS! UP TO 80% OFF + EXTRA 10% WITH PNB CARDS. HURRY!,Promo,Promo_1
OTP: 42527 FOR TXN OF RS.45317 AT ICICI BANK. DO NOT SHARE. -KOTAK,OTP,OTP_2
844497 is ur OTP for PNB login. Valid for 2 minutes. Do not share with anyone.,OTP,OTP_0
632400 is your verification code for Amazon. Never share your OTP.,OTP,OTP_3
Dear customer ur BOB account will be blocked! Update KYC now: bit.ly/uCvezo,Spam,Hard_11
Confirmation code 244255 for Zomato Keep it private,OTP,OTP_11
  Cheque no. 491302861964 for Rs.7319 has been cleared from A/c XX8074. -Kotak,Bank,Bank_8
Missed our shows? Come back to Netflix at 50% off for 3 months Resubscribe: bitly/ttwAWv,Promo,Promo_19
YOUR MEESHO ORDER OD8302190341 HAS BEEN SHIPPED VIA DELHIVERY. TRACK: BIT.LY/KQMFGA,Delivery,Delivery_0
Ur one time password is 355024 for PhonePe. Please do not share it.,OTP,OTP_5
Amazon: Your cart misses you! Complete purchase now & get 50% off. bit.ly/cUXdNN -TM,Promo,Promo_4
Delivery attempt failed for order OD3725790495. We will retry tomorrow. -XpressBees,Delivery,Delivery_5
EMI of INR 87908 due on 02-02-26 for loan A/c XX1378. Pay now to avoid charges. -Kotak,Bank,Bank_4
your one time password is 854713 for phonepe. please do not share it.,OTP,OTP_5
Recharge with Rs.1813 & get 70% extra talktime. Offer valid today only!,Promo,Promo_5
Last day! Zomato clearance sale ends tonight. Up to 20% off sitewide.,Promo,Promo_8
506071 is your verification code for SBI. Never share your OTP.,OTP,OTP_3
KYC UPDATE PENDING FOR A/C XX3965. PLEASE VISIT YOUR NEAREST PNB BRANCH BY 04-06-26 TO AVOID RESTRICTIONS.,Bank,Bank_12
Your SIM will be deactivated in 24hrs. Verify Aadhaar: bit.ly/WCMNhl,Spam,Hard_13
Ur credit card XX3561 statement is ready. Total due: Rs.44542. Min due: Rs.2185. -SBI,Bank,Bank_5
Hungry? Get 40% off up to Rs.826 on your next 3 orders. Code: EAT19. -Swiggy,Promo,Promo_12
G-530490 is your Google verification code,OTP,OTP_12
Flipkart: Your cart misses you! Complete purchase now & get 30% off. bit.ly/zgUNNo,Promo,Promo_4
Order  OD6032133535 packed and ready! Expected dispatch by 04 Jul. -Amazon,Delivery,Delivery_8
G-574328 is your Google verification code.,OTP,OTP_12
You  have 4469 reward points expiring on 03 Jul. Redeem on Amazon.,Promo,Promo_20
  Tap to verify: 515638. This code expires shortly.,OTP,Hard_9
Your Airtel pack expires tomorrow. Recharge with Rs.344 for 3GB/day + unlimited calls.,Promo,Promo_10
Beware of fraud calls asking for card details. ICICI Bank officials never ask for PIN or CVV.,Bank,Bank_15
Your order OD5864168057 from Zomato is arriving tomorrow Keep Rs.1957 ready for COD,Delivery,Delivery_3
69061 is your OTP for BOB login. Valid for 10 minutes. Do not share with anyone.,OTP,OTP_0
UPI payment of Rs.61506 to Damyanti successful. UPI Ref: 845473147367. -SBI,Bank,Bank_6
"Your ICICI Bank health insurance renewal is due 03 Jul Renew online, save 30% on premium",Promo,Promo_24
Cheque no. 852891943638 for Rs.93379 has been cleared from A/c XX2362. -PNB,Bank,Bank_8
Your SonyLIV plan renews on 03 Jul at Rs.927. Upgrade to 4K for Rs.684/month.,Promo,Promo_18
Your Uber code: 6071,OTP,Hard_8
Beware  of fraud calls asking for card details. Kotak officials never ask for PIN or CVV.,Bank,Bank_15
Low balance alert: A/c XX9876 balance is Rs.101840 Maintain min balance to avoid charges,Bank,Bank_10
OTP: 811082 for txn of Rs.29540 at Paytm. Do not share. -BOB,OTP,OTP_2
Cheque no. 810487165212 for Rs.76994 has been cleared from A/c XX7081. -ICICI Bank,Bank,Bank_8
rs.82319 credited to a/c xx2945 on 07-01-26. avl bal: rs.380194. -bob,Bank,Bank_1
alert: rs.90504 withdrawn from atm using card xx6603 on 12-04-26. bal: rs.174521. -icici bank,Bank,Bank_3
Your HDFC Bank debit card XX2926 has been blocked due to suspicious activity. Visit branch or call 1800-XXX to unblock.,Bank,Bank_11
XpressBees: Shipment OD7289131346 reached your city hub. Expected delivery: 02 Jul.,Delivery,Delivery_4
  Loved your recent Amazon order? Reorder in 1 tap and get 40% off today.,Promo,Promo_22
"Bro send me Rs.2888 on gpay, will return by 06 Jul",Personal,Hard_5
  Interest of Rs.53837 credited to your FD A/c XX9028. -Axis Bank,Bank,Bank_9
Zomato: Free delivery all weekend! Order ur favourites now.,Promo,Promo_13
488707 is your Uber security code. Anyone asking for it is a scammer.,OTP,OTP_9
KYC update pending for A/c XX3705. Please visit your nearest Axis Bank branch by 16-06-26 to avoid restrictions. -TM,Bank,Bank_12
Beware of fraud calls asking for card details. SBI officials never ask for PIN or CVV.,Bank,Bank_15
Enter 567915 to verify your mobile number for Zomato.,OTP,OTP_10
Use 677340 to complete your IRCTC registration. Valid till 5 mins. STOP to opt out,OTP,OTP_4
Salary of Rs.28379 credited to A/c XX8674. Avl Bal: Rs.483741. -SBI,Bank,Bank_7
use code 4502 at checkout for 50% off at amazon!,Promo,Hard_0
Auto-pay of Rs.48213 to Oliver is scheduled on 27-06-26 from A/c XX7362. Ensure sufficient balance.,Bank,Bank_13
Your BigBasket membership expires soon. Renew now & save 40%: bit.ly/BfIwYq,Promo,Promo_9
ALERT: Rs.16983 withdrawn from ATM using card XX7629 on 04-05-26. Bal: Rs.397487. -HDFC Bank,Bank,Bank_3
Your Zomato order OD3376801279 has been shipped via Ekart. Track: bit.ly/ArUoag,Delivery,Delivery_0
ICICI Bank: 296298 is your login OTP. It expires in 10 minutes.,OTP,OTP_6
Rs.14860 credited to A/c XX3271 on 02-04-26. Avl Bal: Rs.312052. -Axis Bank,Bank,Bank_1
Data exhausted? Get 1.5GB extra with Rs.245 booster pack. Dial *121# or visit app.,Promo,Promo_11
Your Hotstar code: 918703,OTP,OTP_8
your sim will be deactivated in 24hrs. verify aadhaar: bit.ly/zflibo,Spam,Hard_13
Dear customer ur Axis Bank account will be blocked! Update KYC now: bitly/mwihWL,Spam,Hard_11
"Hi Aarini, unlock Rs.1836 off your first order at Meesho with code NEW53.",Promo,Promo_7
ekart: shipment od6700641781 reached your city hub. expected delivery: 05 jul.,Delivery,Delivery_4
Exclusive for you! Buy 1 Get 1 FREE at Swiggy. Limited period offer. Visit bit.ly/JbrmNu,Promo,Promo_3
Low balance alert: A/c XX2003 balance is Rs.219106. Maintain min balance to avoid charges.,Bank,Bank_10
"Never  share your OTP, PIN or CVV. Axis Bank never asks for these. Stay safe.",Bank,Hard_3
RS.18799 DEBITED FROM A/C XX3922 ON 23-02-26 TO JASON. AVL BAL: RS.14207. -BOB,Bank,Bank_0
Your credit card XX9734 statement is ready Total due: Rs.15701 Min due: Rs.686 -Axis Bank,Bank,Bank_5
  431341 is your verification code for SBI. Never share your OTP.,OTP,OTP_3
Hungry? Get 10% off up to Rs.418 on your next 3 orders. Code: EAT18. -Swiggy,Promo,Promo_12
Tap to verify: 420016. This code expires shortly.,OTP,Hard_9
RS.819 CASHBACK CREDITED TO YOUR PHONEPE WALLET. USE ON YOUR NEXT ORDER.,Promo,Promo_21
OTP for delivery of order OD3907980781 is 8084 Share only with the delivery agent -BlueDart,Delivery,Delivery_9
Your Vi pack expires tomorrow. Recharge with Rs.1736 for 1GB/day + unlimited calls.,Promo,Promo_10
"Hi Urvashi, unlock Rs.77 off your first order at Zomato with code NEW15.",Promo,Promo_7
  Loved your recent Meesho order? Reorder in 1 tap and get 80% off today.,Promo,Promo_22
Enter 912327 to verify your mobile number for GPay,OTP,OTP_10
248425 - use this code to sign in to Amazon. Never share it with anyone.,OTP,OTP_7
Missed our shows? Come back to Prime Video at 50% off for 3 months. Resubscribe: bit.ly/yyiTyA,Promo,Promo_19
Cheque no. 423688816592 for Rs.23954 has been cleared from A/c XX4871. -HDFC Bank,Bank,Bank_8
Weekend special at Amazon! Min 30% off on everything. Don't miss out: bit.ly/OzzBIY,Promo,Promo_6
ALERT: Rs.60537 withdrawn from ATM using card XX3394 on 15-03-26. Bal: Rs.220748. -Axis Bank,Bank,Bank_3
  750149 is your verification code for BigBasket. Never share your OTP.,OTP,OTP_3
YOUR UBER CODE: 5031,OTP,Hard_8
  Tap to verify: 199363. This code expires shortly.,OTP,Hard_9
KYC update pending for A/c XX6381. Please visit your nearest BOB branch by 06-07-26 to avoid restrictions.,Bank,Bank_12
Order OD2491864074 packed and ready! Expected dispatch by 02 Jul. -Myntra,Delivery,Delivery_8
Your credit card XX9220 statement is ready. Total due: Rs.41924. Min due: Rs.1688. -BOB,Bank,Bank_5
Your A/c XX2562 is debited with Rs.69527 on 13-05-26. Info: UPI-Ekiya. Bal: Rs.101901,Bank,Bank_2
Your  A/c XX9183 is debited with Rs.99081 on 16-06-26. Info: UPI-Kalpit. Bal: Rs.385491,Bank,Bank_2
KYC update pending for A/c XX3014. Please visit ur nearest SBI branch by 03-06-26 to avoid restrictions.,Bank,Bank_12
"Your SBI health insurance renewal is due 02 Jul. Renew online, save 50% on premium.",Promo,Promo_24
enter 495757 to verify your mobile number for paytm.,OTP,OTP_10
Your Kotak debit card XX1975 has been blocked due to suspicious activity. Visit branch or call 1800-XXX to unblock.,Bank,Bank_11
Pay INR 1473 on delivery for order OD147137649. -Ekart,Delivery,Hard_10
Confirmation code 802837 for PhonePe. Keep it private.,OTP,OTP_11
"BRO SEND ME RS.1417 ON GPAY, WILL RETURN BY 02 JUL",Personal,Hard_5
Weekend special at Swiggy! Min 30% off on everything. Don't miss out: bit.ly/bjwezn,Promo,Promo_6
Meesho Big Billion Days! Up to 80% off + extra 10% with Axis Bank cards. Hurry!,Promo,Promo_1
Recharge with Rs.1436 & get 50% extra talktime. Offer valid today only!,Promo,Promo_5
OTP for delivery of order OD4013198183 is 5421. Share only with the delivery agent. -DTDC,Delivery,Delivery_9
Salary of Rs.10212 credited to A/c XX5068. Avl Bal: Rs.334725. -SBI,Bank,Bank_7
Last day! Meesho clearance sale ends tonight. Up to 60% off sitewide.,Promo,Promo_8
Your return pickup for order OD6856336711 is scheduled on 04 Jul. Keep the item ready. -Myntra T&C apply,Delivery,Delivery_7
Enter 350832 to verify your mobile number for Amazon.,OTP,OTP_10
283220 - use this code to sign in to Zomato. Never share it with anyone.,OTP,OTP_7
Your order OD2180259877 from Amazon is arriving tomorrow Keep Rs.2412 ready for COD,Delivery,Delivery_3
YOUR ORDER OD4992354630 FROM MEESHO IS ARRIVING TOMORROW. KEEP RS.453 READY FOR COD.,Delivery,Delivery_3
Your A/c XX7179 is debited with Rs.15087 on 28-03-26. Info: UPI-Wridesh. Bal: Rs.343703,Bank,Bank_2
OTP for delivery of order OD3554521109 is 8118. Share only with the delivery agent. -Delhivery -TM,Delivery,Delivery_9
Your OTP is 321261. Use it to verify your Uber account. Expires in 2 min.,OTP,OTP_1
Ur order OD3522023839 from Amazon is arriving tomorrow. Keep Rs.3756 ready for COD.,Delivery,Delivery_3
Convert your Axis Bank card purchase of Rs.1160 into easy EMIs at 0% interest. Reply YES. -TM,Promo,Promo_15
Rs.268 cashback credited to ur Amazon Pay wallet. Use on ur next order.,Promo,Promo_21
Congratulations! You won Rs.370629 in lucky draw. Claim: bit.ly/VBBgSA,Spam,Hard_12
Enter 448650 to verify your mobile number for PNB.,OTP,OTP_10
your fd of rs.34335 matures on 09-01-26. renew or withdraw via netbanking. -icici bank,Bank,Bank_14
Cheque  no. 511116954604 for Rs.27417 has been cleared from A/c XX9195. -PNB,Bank,Bank_8
IRCTC: Special trains added for festive season Book early & save up to 80%,Promo,Promo_17
Your  Netflix plan renews on 05 Jul at Rs.543. Upgrade to 4K for Rs.929/month.,Promo,Promo_18
54435 is your verification code for HDFC Bank. Never share your OTP.,OTP,OTP_3
DATA EXHAUSTED? GET 3GB EXTRA WITH RS.1882 BOOSTER PACK. DIAL *121# OR VISIT APP.,Promo,Promo_11
  Leela from XpressBees is arriving with your package. Contact: 7283113283,Delivery,Delivery_6
G-314667 IS YOUR GOOGLE VERIFICATION CODE.,OTP,OTP_12
Hungry? Get 10% off up to Rs.551 on your next 3 orders Code: EAT45 -Zomato,Promo,Promo_12
"  Hi George, unlock Rs.764 off your first order at Meesho with code NEW31.",Promo,Promo_7
"Never share your OTP, PIN or CVV. BOB never asks for these. Stay safe. T&C apply",Bank,Hard_3
<#> 926640 is your Meesho code. Valid 30 min. hA8sk2Lqp3,OTP,OTP_13
EMI of Rs.24983 due on 25-01-26 for loan A/c XX4521. Pay now to avoid charges. -PNB,Bank,Bank_4
991819 is your OTP for Hotstar login. Valid for 30 minutes. Do not share with anyone.,OTP,OTP_0
Congratulations! You won INR 1993400 in lucky draw. Claim: bit.ly/KrFzts,Spam,Hard_12
YOUR MEESHO MEMBERSHIP EXPIRES SOON. RENEW NOW & SAVE 60%: BIT.LY/YPXCLJ,Promo,Promo_9
enter 732127 to verify your mobile number for swiggy.,OTP,OTP_10
Loved  your recent Zomato order? Reorder in 1 tap and get 30% off today.,Promo,Promo_22
  Weekend special at BigBasket! Min 10% off on everything. Don't miss out: bit.ly/JtccDD,Promo,Promo_6
Ur order OD7195957751 from Amazon is arriving tomorrow. Keep Rs.3217 ready for COD.,Delivery,Delivery_3
Your  one time password is 555067 for Kotak. Please do not share it.,OTP,OTP_5
ALERT: Rs.71721 withdrawn from ATM using card XX4421 on 07-03-26. Bal: Rs.46905. -PNB,Bank,Bank_3
Recharge with Rs.106 & get 20% extra talktime. Offer valid today only!,Promo,Promo_5
Loved your recent Myntra order? Reorder in 1 tap and get 40% off today,Promo,Promo_22
"Never share your OTP, PIN or CVV. Axis Bank never asks for these. Stay safe.",Bank,Hard_3
Dear customer ur BOB account will be blocked! Update KYC now: bit.ly/nRwFWi,Spam,Hard_11
EMI of Rs.63545 due on 21-03-26 for loan A/c XX9032. Pay now to avoid charges. -PNB,Bank,Bank_4
G-309880  is your Google verification code.,OTP,OTP_12
Tap  to verify: 430742. This code expires shortly.,OTP,Hard_9
LAST DAY! MEESHO CLEARANCE SALE ENDS TONIGHT. UP TO 10% OFF SITEWIDE.,Promo,Promo_8
  Your PNB debit card XX7074 has been blocked due to suspicious activity. Visit branch or call 1800-XXX to unblock.,Bank,Bank_11
Delivered! Your Meesho order OD3373864595 was delivered on 02 Jul. Rate your experience: bit.ly/wKkUhb,Delivery,Delivery_2
Flight fares dropped! BLR-LKO from Rs.640. Book on MakeMyTrip before midnight.,Promo,Promo_16
your a/c xx9187 is debited with rs.16727 on 15-06-26. info: upi-pushti. bal: rs.72442,Bank,Bank_2
Delivery attempt failed for order OD3851566327. We will retry tomorrow. -Delhivery,Delivery,Delivery_5
last day! zomato clearance sale ends tonight. up to 60% off sitewide.,Promo,Promo_8
IRCTC: SPECIAL TRAINS ADDED FOR FESTIVE SEASON. BOOK EARLY & SAVE UP TO 20%.,Promo,Promo_17
YOUR ONE TIME PASSWORD IS 223746 FOR PHONEPE. PLEASE DO NOT SHARE IT.,OTP,OTP_5
154886 - use this code to sign in to Meesho. Never share it with anyone.,OTP,OTP_7
delivery attempt failed for order od9058756190. we will retry tomorrow. -xpressbees,Delivery,Delivery_5
Convert your BOB card purchase of Rs.956 into easy EMIs at 0% interest Reply YES,Promo,Promo_15
Cheque no. 755835049347 for Rs.13970 has been cleared from A/c XX6973. -Kotak,Bank,Bank_8
Swiggy: Free delivery all weekend! Order your favourites now,Promo,Promo_13
EMI of Rs.32842 due on 16-04-26 for loan A/c XX7148. Pay now to avoid charges. -HDFC Bank,Bank,Bank_4
kyc update pending for a/c xx6352. please visit your nearest axis bank branch by 25-03-26 to avoid restrictions.,Bank,Bank_12
CONFIRMATION CODE 948422 FOR OLA. KEEP IT PRIVATE.,OTP,OTP_11
PAY RS.543 ON DELIVERY FOR ORDER OD330179233. -DELHIVERY,Delivery,Hard_10
Cheque no. 893367521984 for Rs.91686 has been cleared from A/c XX7777. -ICICI Bank,Bank,Bank_8
Missed our shows? Come back to SonyLIV at 50% off for 3 months. Resubscribe: bit.ly/TXRiAz,Promo,Promo_19
Cheque no. 584424492611 for Rs.41418 has been cleared from A/c XX8379. -Kotak,Bank,Bank_8
your fd of rs.70519 matures on 05-07-26. renew or withdraw via netbanking. -bob,Bank,Bank_14
Your  Airtel pack expires tomorrow. Recharge with Rs.1254 for 1GB/day + unlimited calls.,Promo,Promo_10
  Rs.27503 credited to A/c XX3098 on 14-02-26. Avl Bal: Rs.281546. -SBI,Bank,Bank_1
OTP: 613902 for txn of Rs.10516 at Flipkart. Do not share. -HDFC Bank,OTP,OTP_2
  Your order OD2246354858 from Flipkart is arriving tomorrow. Keep Rs.4190 ready for COD.,Delivery,Delivery_3
Your Zomato code: 682542,OTP,OTP_8
Delivered! Your Flipkart order OD5579777797 was delivered on 06 Jul. Rate your experience: bit.ly/SyEoVg,Delivery,Delivery_2
You have 4735 reward points expiring on 05 Jul. Redeem on Myntra.,Promo,Promo_20
Beware of fraud calls asking for card details. SBI officials never ask for PIN or CVV.,Bank,Bank_15
Low balance alert: A/c XX6332 balance is Rs.332521. Maintain min balance to avoid charges.,Bank,Bank_10
YOUR ZOMATO MEMBERSHIP EXPIRES SOON. RENEW NOW & SAVE 50%: BIT.LY/ORLZAH,Promo,Promo_9
Loved your recent Amazon order? Reorder in 1 tap and get 10% off today.,Promo,Promo_22
Delivered! Your BigBasket order OD4454412877 was delivered on 03 Jul. Rate your experience: bit.ly/IVTBlu,Delivery,Delivery_2
Use code 3874 at checkout for 50% off at Zomato!,Promo,Hard_0
  Loved your recent Amazon order? Reorder in 1 tap and get 70% off today.,Promo,Promo_22
EMI of Rs.66879 due on 20-01-26 for loan A/c XX4321 Pay now to avoid charges -Kotak,Bank,Bank_4
Flight fares dropped! BLR-MAA from Rs.535. Book on MakeMyTrip before midnight.,Promo,Promo_16
use 190341 to complete your phonepe registration. valid till 2 mins.,OTP,OTP_4
OTP-based login was enabled for your A/c XX5491. Call Axis Bank if this wasn't you.,Bank,Hard_2
"CLASS SHIFTED TO ROOM 4870, COME FAST",Personal,Hard_6
missed our shows? come back to sonyliv at 50% off for 3 months. resubscribe: bit.ly/olokpi,Promo,Promo_19
auto-pay of rs.31449 to ubika is scheduled on 01-04-26 from a/c xx6387. ensure sufficient balance.,Bank,Bank_13
Flipkart  Big Billion Days! Up to 20% off + extra 10% with Kotak cards. Hurry!,Promo,Promo_1
OTP-based login was enabled for your A/c XX8077. Call Axis Bank if this wasn't you.,Bank,Hard_2
Order OD2551849147 packed and ready! Expected dispatch by 02 Jul. -BigBasket,Delivery,Delivery_8
491631 IS YOUR VERIFICATION CODE FOR AXIS BANK. NEVER SHARE YOUR OTP.,OTP,OTP_3
Ishanvi from DTDC is arriving with your package. Contact: +910112329026,Delivery,Delivery_6
KYC update pending for A/c XX7366. Please visit your nearest BOB branch by 25-06-26 to avoid restrictions.,Bank,Bank_12
Pre-approved! Get a HDFC Bank credit card with Rs.403073 limit. Zero joining fee. Apply: bit.ly/SEfNrO,Promo,Promo_14
Flipkart: Your cart misses you! Complete purchase now & get 70% off. bit.ly/gOTlHQ,Promo,Promo_4
Your return pickup for order OD3192268512 is scheduled on 02 Jul. Keep the item ready. -Myntra,Delivery,Delivery_7
OTP for delivery of order OD9678522308 is 6092. Share only with the delivery agent. -Ekart,Delivery,Delivery_9
Pay INR 1260 on delivery for order OD991027646. -BlueDart,Delivery,Hard_10
Tap to verify: 696175. This code expires shortly.,OTP,Hard_9
Rs.1713 cashback credited to ur PhonePe wallet. Use on ur next order.,Promo,Promo_21
Use code 7514 at checkout for 50% off at Amazon!,Promo,Hard_0
890824 is your verification code for Zomato. Never share your OTP.,OTP,OTP_3
Cheque no. 394853503912 for Rs.72467 has been cleared from A/c XX5812. -Kotak,Bank,Bank_8
OTP for delivery of order OD6630196563 is 4692. Share only with the delivery agent. -Delhivery,Delivery,Delivery_9
MEGA  SALE! Get 60% OFF on all products at Amazon. Shop now: bit.ly/jMuHjo T&C apply.,Promo,Promo_0
use code 9651 at checkout for 25% off at bigbasket!,Promo,Hard_0
Your A/c XX2544 is debited with Rs.77989 on 23-05-26. Info: UPI-Raksha. Bal: Rs.141178,Bank,Bank_2
your sim will be deactivated in 24hrs. verify aadhaar: bit.ly/zpczyw,Spam,Hard_13
OTP for delivery of order OD3353624429 is 9327 Share only with the delivery agent -DTDC,Delivery,Delivery_9
"Hey, my new number is 7686185287. Save it! Meet at noon? -TM",Personal,Hard_4
Coupon 6591 gives you free delivery on orders above Rs.1277. -Flipkart,Promo,Hard_1
Your BigBasket order OD5647164203 has been shipped via Ekart Track: bitly/QMyUIl,Delivery,Delivery_0
You have 1739 reward points expiring on 02 Jul. Redeem on Myntra.,Promo,Promo_20
Use 400537 to complete your Uber registration. Valid till 2 mins.,OTP,OTP_4
YOUR SIM WILL BE DEACTIVATED IN 24HRS. VERIFY AADHAAR: BIT.LY/RSGBBC,Spam,Hard_13
Your Flipkart membership expires soon. Renew now & save 70%: bit.ly/zbwqqV,Promo,Promo_9
Your return pickup for order OD3819053232 is scheduled on 02 Jul. Keep the item ready. -BigBasket,Delivery,Delivery_7
Your Ola code: 801585,OTP,OTP_8
Cheque no. 646784943927 for Rs.66650 has been cleared from A/c XX7893. -HDFC Bank,Bank,Bank_8
  Your PhonePe code: 18674,OTP,OTP_8
YOUR ORDER OD4681831489 FROM ZOMATO IS ARRIVING TOMORROW. KEEP RS.2789 READY FOR COD.,Delivery,Delivery_3
Tap to verify: 832399. This code expires shortly.,OTP,Hard_9
Order OD3486206942 packed and ready! Expected dispatch by 03 Jul. -Zomato,Delivery,Delivery_8
Your order OD3198757059 from Amazon is arriving tomorrow Keep Rs.4901 ready for COD,Delivery,Delivery_3
Your order OD9321595399 from Flipkart is arriving tomorrow. Keep Rs.678 ready for COD. STOP to opt out,Delivery,Delivery_3
YOUR AIRTEL PACK EXPIRES TOMORROW. RECHARGE WITH RS.1969 FOR 3GB/DAY + UNLIMITED CALLS.,Promo,Promo_10
  Your Jio pack expires tomorrow. Recharge with Rs.1979 for 3GB/day + unlimited calls.,Promo,Promo_10
801815 is your Ola security code. Anyone asking for it is a scammer.,OTP,OTP_9
Pay Rs.657 on delivery for order OD800352196. -Delhivery,Delivery,Hard_10
items in your order history are back in stock at zomato. prices start rs.580.,Promo,Promo_23
"  Never share your OTP, PIN or CVV. SBI never asks for these. Stay safe.",Bank,Hard_3
Exclusive for you! Buy 1 Get 1 FREE at BigBasket. Limited period offer. Visit bit.ly/LVcDPk,Promo,Promo_3
Hungry?  Get 80% off up to Rs.134 on your next 3 orders. Code: EAT59. -Zomato,Promo,Promo_12
Congratulations! You won Rs.720378 in lucky draw Claim: bitly/dUyUVY,Spam,Hard_12
INR 5210 debited from A/c XX8183 on 11-03-26 to Manan. Avl Bal: INR 286657. -SBI,Bank,Bank_0
UPI PAYMENT OF RS.94718 TO VRISHTI SUCCESSFUL. UPI REF: 186428297462. -KOTAK,Bank,Bank_6
"Class shifted to room 4968, come fast",Personal,Hard_6
"Your  HDFC Bank health insurance renewal is due 05 Jul. Renew online, save 20% on premium.",Promo,Promo_24
121210 - use this code to sign in to axis bank. never share it with anyone.,OTP,OTP_7
Convert ur SBI card purchase of Rs.1089 into easy EMIs at 0% interest. Reply YES.,Promo,Promo_15
EMI of Rs.54795 due on 28-02-26 for loan A/c XX6103. Pay now to avoid charges. -PNB T&C apply,Bank,Bank_4
  XpressBees: Shipment OD3448408551 reached your city hub. Expected delivery: 05 Jul.,Delivery,Delivery_4
irctc: special trains added for festive season. book early & save up to 60%.,Promo,Promo_17
Loved your recent Amazon order? Reorder in 1 tap and get 30% off today.,Promo,Promo_22
623554 - use this code to sign in to Meesho. Never share it with anyone.,OTP,OTP_7
UPI payment of Rs.83406 to Chandresh successful. UPI Ref: 801576889918. -SBI,Bank,Bank_6
Hungry?  Get 30% off up to Rs.533 on your next 3 orders. Code: EAT65. -Swiggy,Promo,Promo_12
738856 is your PNB security code Anyone asking for it is a scammer,OTP,OTP_9
order od8550804124 packed and ready! expected dispatch by 01 jul. -flipkart,Delivery,Delivery_8
Your FD of Rs.17750 matures on 25-06-26. Renew or withdraw via netbanking. -Kotak -TM,Bank,Bank_14
BLUEDART: SHIPMENT OD5104920144 REACHED YOUR CITY HUB. EXPECTED DELIVERY: 02 JUL.,Delivery,Delivery_4
Hungry? Get 30% off up to Rs.939 on your next 3 orders. Code: EAT22. -Swiggy,Promo,Promo_12
Confirmation  code 694643 for Uber. Keep it private.,OTP,OTP_11
423287 - use this code to sign in to Myntra. Never share it with anyone.,OTP,OTP_7
  Your one time password is 531317 for SBI. Please do not share it.,OTP,OTP_5
"Bro send me Rs.2895 on gpay, will return by 01 Jul",Personal,Hard_5
Auto-pay of INR 7098 to Nisha is scheduled on 23-02-26 from A/c XX3107. Ensure sufficient balance.,Bank,Bank_13
Loved your recent Flipkart order? Reorder in 1 tap and get 10% off today. -TM,Promo,Promo_22
CONGRATULATIONS! YOU WON RS.2096423 IN LUCKY DRAW. CLAIM: BIT.LY/XDQZTI,Spam,Hard_12
Order  OD4668296300 packed and ready! Expected dispatch by 04 Jul. -Amazon,Delivery,Delivery_8
Your  A/c XX3456 is debited with Rs.16011 on 29-03-26. Info: UPI-Abhimanyu. Bal: Rs.489556,Bank,Bank_2
Rs.78659 debited from A/c XX5003 on 27-02-26 to Zayyan. Avl Bal: Rs.298922. -SBI,Bank,Bank_0
Convert your Axis Bank card purchase of Rs.383 into easy EMIs at 0% interest. Reply YES. STOP to opt out,Promo,Promo_15
RS.523 CREDITED TO A/C XX4823 ON 18-03-26. AVL BAL: RS.264557. -HDFC BANK,Bank,Bank_1
Ur Uber code: 7618,OTP,Hard_8
659594 - use this to sign in. Never share this code with anyone.,OTP,Hard_7
Vasana from XpressBees is arriving with your package. Contact: 08735256473,Delivery,Delivery_6
BlueDart: Shipment OD1066110972 reached your city hub. Expected delivery: 03 Jul.,Delivery,Delivery_4
Hungry? Get 20% off up to Rs.1157 on your next 3 orders Code: EAT82 -Zomato,Promo,Promo_12
<#> 705571 is your PhonePe code. Valid 10 min. hA8sk2Lqp3,OTP,OTP_13
  302121 is your OTP for GPay login. Valid for 15 minutes. Do not share with anyone.,OTP,OTP_0
Zomato Big Billion Days! Up to 70% off + extra 10% with Axis Bank cards. Hurry!,Promo,Promo_1
Ur A/c XX5837 is debited with Rs.84400 on 08-02-26. Info: UPI-Ekani. Bal: Rs.175993,Bank,Bank_2
YOUR FD OF RS.81847 MATURES ON 05-03-26. RENEW OR WITHDRAW VIA NETBANKING. -KOTAK,Bank,Bank_14
LOW BALANCE ALERT: A/C XX2536 BALANCE IS RS.232619. MAINTAIN MIN BALANCE TO AVOID CHARGES.,Bank,Bank_10
WORK FROM HOME! EARN RS.1358072/MONTH. JOIN: BIT.LY/HBTCHT,Spam,Hard_14
Your Kotak code: 535530,OTP,OTP_8
301558 is your OTP for Flipkart login. Valid for 2 minutes. Do not share with anyone.,OTP,OTP_0
Rs.71386  debited from A/c XX4134 on 07-05-26 to Lopa. Avl Bal: Rs.222479. -Kotak,Bank,Bank_0
"  Your BOB health insurance renewal is due 04 Jul. Renew online, save 80% on premium.",Promo,Promo_24
Zomato Big Billion Days! Up to 80% off + extra 10% with HDFC Bank cards. Hurry!,Promo,Promo_1
OTP: 662907 for txn of Rs.25947 at GPay. Do not share. -HDFC Bank T&C apply,OTP,OTP_2
Your one time password is 151202 for Uber Please do not share it,OTP,OTP_5
MISSED OUR SHOWS? COME BACK TO NETFLIX AT 50% OFF FOR 3 MONTHS. RESUBSCRIBE: BIT.LY/LDFBXU,Promo,Promo_19
cheque no. 699738378124 for rs.93191 has been cleared from a/c xx5639. -axis bank,Bank,Bank_8
enter 118270 to verify your mobile number for gpay.,OTP,OTP_10
Rs.414 cashback credited to your Amazon Pay wallet. Use on your next order. STOP to opt out,Promo,Promo_21
OTP for delivery of order OD1665220135 is 6506 Share only with the delivery agent -XpressBees,Delivery,Delivery_9
Netra from DTDC is arriving with your package. Contact: 5056287424,Delivery,Delivery_6
UPI payment of Rs.36449 to Reva successful. UPI Ref: 600042302131. -Axis Bank -TM,Bank,Bank_6
Last day! Meesho clearance sale ends tonight. Up to 20% off sitewide.,Promo,Promo_8
YOU HAVE 4370 REWARD POINTS EXPIRING ON 03 JUL. REDEEM ON FLIPKART.,Promo,Promo_20
Rajeshri from BlueDart is arriving with your package. Contact: 5023114765 -TM,Delivery,Delivery_6
YOUR ORDER OD8845599693 FROM AMAZON IS ARRIVING TOMORROW. KEEP RS.4287 READY FOR COD.,Delivery,Delivery_3
"CLASS SHIFTED TO ROOM 5843, COME FAST",Personal,Hard_6
"Class shifted to room 8469, come fast",Personal,Hard_6
Exclusive for you! Buy 1 Get 1 FREE at Meesho. Limited period offer. Visit bit.ly/sjRCLu,Promo,Promo_3
Your Jio pack expires tomorrow. Recharge with INR 623 for 2GB/day + unlimited calls.,Promo,Promo_10
Wazir from DTDC is arriving with your package. Contact: 06530209178,Delivery,Delivery_6
Missed  our shows? Come back to SonyLIV at 50% off for 3 months. Resubscribe: bit.ly/XNcgdk,Promo,Promo_19
Your credit card XX2124 statement is ready. Total due: Rs.54493. Min due: Rs.3954. -Axis Bank,Bank,Bank_5
You have 911 reward points expiring on 02 Jul Redeem on BigBasket,Promo,Promo_20
Dear customer ur Axis Bank account will be blocked! Update KYC now: bit.ly/CMNmUo,Spam,Hard_11
Ekart: Shipment OD5077507533 reached your city hub. Expected delivery: 05 Jul.,Delivery,Delivery_4
  Weekend special at Myntra! Min 60% off on everything. Don't miss out: bit.ly/CBQVYi,Promo,Promo_6
329569 IS YOUR OLA SECURITY CODE. ANYONE ASKING FOR IT IS A SCAMMER.,OTP,OTP_9
  Rs.1476 cashback credited to your Amazon Pay wallet. Use on your next order.,Promo,Promo_21
"Class shifted to room 9319, come fast",Personal,Hard_6
"Ur ICICI Bank health insurance renewal is due 02 Jul. Renew online, save 70% on premium.",Promo,Promo_24
MISSED OUR SHOWS? COME BACK TO HOTSTAR AT 50% OFF FOR 3 MONTHS. RESUBSCRIBE: BIT.LY/AMNBIT,Promo,Promo_19
OTP: 31648 for txn of Rs.43487 at ICICI Bank. Do not share. -Kotak -TM,OTP,OTP_2
OTP for delivery of order OD6939638917 is 7186. Share only with the delivery agent. -XpressBees,Delivery,Delivery_9
Beware of fraud calls asking for card details. Axis Bank officials never ask for PIN or CVV.,Bank,Bank_15
"Hi Hiral, unlock Rs.706 off your first order at Amazon with code NEW95",Promo,Promo_7
Your FD of Rs.22518 matures on 01-06-26 Renew or withdraw via netbanking -Axis Bank,Bank,Bank_14
"bro send me rs.2654 on gpay, will return by 03 jul",Personal,Hard_5
Dear  customer ur HDFC Bank account will be blocked! Update KYC now: bit.ly/HstDHg,Spam,Hard_11
  285991 is your OTP for Ola login. Valid for 5 minutes. Do not share with anyone.,OTP,OTP_0
Flight fares dropped! HYD-PNQ from Rs.1512. Book on Goibibo before midnight.,Promo,Promo_16
BigBasket: Your cart misses you! Complete purchase now & get 40% off. bit.ly/LGtuFE T&C apply,Promo,Promo_4
  EMI of Rs.81068 due on 11-05-26 for loan A/c XX7493. Pay now to avoid charges. -BOB,Bank,Bank_4
EMI OF RS.48916 DUE ON 17-05-26 FOR LOAN A/C XX4818. PAY NOW TO AVOID CHARGES. -ICICI BANK,Bank,Bank_4
Delivery attempt failed for order OD7170177499. We will retry tomorrow. -DTDC,Delivery,Delivery_5
Your FD of INR 2991 matures on 14-05-26. Renew or withdraw via netbanking. -Axis Bank,Bank,Bank_14
Salary  of Rs.13114 credited to A/c XX9737. Avl Bal: Rs.216958. -ICICI Bank,Bank,Bank_7
338168 is your OTP for Meesho login Valid for 2 minutes Do not share with anyone,OTP,OTP_0
Delivery attempt failed for order OD4528806520. We will retry tomorrow. -BlueDart,Delivery,Delivery_5
Out for delivery: Your Flipkart package OD4690022787 will arrive today by 6 PM -Ekart,Delivery,Delivery_1
  OTP: 338598 for txn of Rs.37418 at BigBasket. Do not share. -SBI,OTP,OTP_2
  Your one time password is 230620 for ICICI Bank. Please do not share it.,OTP,OTP_5
Flipkart: Your cart misses you! Complete purchase now & get 50% off. bit.ly/YbjkBc,Promo,Promo_4
  ALERT: Rs.30226 withdrawn from ATM using card XX1147 on 23-06-26. Bal: Rs.191933. -Axis Bank,Bank,Bank_3
768081 - use this to sign in. Never share this code with anyone.,OTP,Hard_7
upi payment of rs.33992 to prisha successful. upi ref: 965325043268. -axis bank,Bank,Bank_6
Interest of Rs.33401 credited to your FD A/c XX5769. -SBI,Bank,Bank_9
XpressBees:  Shipment OD1166300077 reached your city hub. Expected delivery: 01 Jul.,Delivery,Delivery_4
Kamala from Ekart is arriving with your package. Contact: 6605985011,Delivery,Delivery_6
Weekend special at BigBasket! Min 60% off on everything. Don't miss out: bit.ly/UepxZU,Promo,Promo_6
Use code 3705 at checkout for 10% off at Amazon!,Promo,Hard_0
Exclusive for you! Buy 1 Get 1 FREE at Flipkart. Limited period offer. Visit bit.ly/TZyVos,Promo,Promo_3
ALERT: INR 66885 withdrawn from ATM using card XX9016 on 07-01-26. Bal: INR 307576. -SBI,Bank,Bank_3
Confirmation code 923661 for Myntra. Keep it private.,OTP,OTP_11
your a/c xx6536 is debited with rs.74583 on 19-03-26. info: upi-ojas. bal: rs.403789,Bank,Bank_2
Loved ur recent Zomato order? Reorder in 1 tap and get 80% off today.,Promo,Promo_22
Your credit card XX4863 statement is ready. Total due: Rs.69660. Min due: Rs.1415. -Kotak,Bank,Bank_5
  98093 is your verification code for Ola. Never share your OTP.,OTP,OTP_3
OTP for delivery of order OD1072873914 is 5727. Share only with the delivery agent. -BlueDart,Delivery,Delivery_9
809728 is ur Myntra security code. Anyone asking for it is a scammer.,OTP,OTP_9
  Out for delivery: Your BigBasket package OD2101272422 will arrive today by 9 PM. -DTDC,Delivery,Delivery_1
966303 is your Axis Bank security code. Anyone asking for it is a scammer.,OTP,OTP_9
Your order OD5960233468 from Meesho is arriving tomorrow. Keep Rs.4258 ready for COD.,Delivery,Delivery_3
Beware of fraud calls asking for card details. Kotak officials never ask for PIN or CVV.,Bank,Bank_15
Use 847116 to complete your BigBasket registration. Valid till 30 mins.,OTP,OTP_4
myntra: 462276 is your login otp. it expires in 5 minutes.,OTP,OTP_6
  Rs.677 cashback credited to your Paytm wallet. Use on your next order.,Promo,Promo_21
Your credit card XX1675 statement is ready Total due: Rs.24876 Min due: Rs.2771 -Kotak,Bank,Bank_5
Pre-approved! Get a Kotak credit card with Rs.267291 limit. Zero joining fee. Apply: bit.ly/dhnBgV,Promo,Promo_14
Use 846230 to complete your Paytm registration. Valid till 10 mins.,OTP,OTP_4
Beware of fraud calls asking for card details. SBI officials never ask for PIN or CVV.,Bank,Bank_15
your otp is 623564. use it to verify your irctc account. expires in 15 min.,OTP,OTP_1
Your A/c XX3950 is debited with Rs.80290 on 11-02-26. Info: UPI-Yatin. Bal: Rs.354975 T&C apply,Bank,Bank_2
  Exclusive for you! Buy 1 Get 1 FREE at Zomato. Limited period offer. Visit bit.ly/VykrIh,Promo,Promo_3
Data exhausted? Get 3GB extra with Rs.1982 booster pack. Dial *121# or visit app. STOP to opt out,Promo,Promo_11
Beware of fraud calls asking for card details. HDFC Bank officials never ask for PIN or CVV.,Bank,Bank_15
Interest of Rs.94568 credited to your FD A/c XX8011. -Kotak T&C apply,Bank,Bank_9
G-644087 is your Google verification code.,OTP,OTP_12
Ekansh from Ekart is arriving with ur package. Contact: 00441821294,Delivery,Delivery_6
Loved your recent Zomato order? Reorder in 1 tap and get 20% off today.,Promo,Promo_22
OLA: 910097 IS YOUR LOGIN OTP. IT EXPIRES IN 2 MINUTES.,OTP,OTP_6
  Delivered! Your Flipkart order OD8166260804 was delivered on 06 Jul. Rate your experience: bit.ly/PXJEoq,Delivery,Delivery_2
Your  A/c XX2332 is debited with Rs.61001 on 24-01-26. Info: UPI-Samuel. Bal: Rs.457483,Bank,Bank_2
Weekend special at Amazon! Min 30% off on everything. Don't miss out: bit.ly/VUtVyf,Promo,Promo_6
Loved your recent Myntra order? Reorder in 1 tap and get 30% off today.,Promo,Promo_22
Cheque no. 143741673254 for Rs.56992 has been cleared from A/c XX8491. -Kotak,Bank,Bank_8
Delhivery: Shipment OD4395779739 reached your city hub Expected delivery: 06 Jul,Delivery,Delivery_4
Congratulations!  You won Rs.1451686 in lucky draw. Claim: bit.ly/VVVlbV,Spam,Hard_12
  Use 502680 to complete your HDFC Bank registration. Valid till 5 mins.,OTP,OTP_4
456716 is your OTP for Zomato login Valid for 10 minutes Do not share with anyone,OTP,OTP_0
Rs.1020 cashback credited to your Paytm wallet. Use on your next order. STOP to opt out,Promo,Promo_21
Dear customer ur ICICI Bank account will be blocked! Update KYC now: bit.ly/lNSONM,Spam,Hard_11
ALERT: Rs.48426 withdrawn from ATM using card XX2347 on 03-05-26. Bal: Rs.268655. -SBI STOP to opt out,Bank,Bank_3
GPay: 498368 is your login OTP. It expires in 5 minutes.,OTP,OTP_6
Your Paytm code: 873681 T&C apply,OTP,OTP_8
Convert your ICICI Bank card purchase of Rs.501 into easy EMIs at 0% interest. Reply YES.,Promo,Promo_15
"Class shifted to room 6375, come fast",Personal,Hard_6
EMI  of Rs.43423 due on 26-06-26 for loan A/c XX5977. Pay now to avoid charges. -ICICI Bank,Bank,Bank_4
EMI of Rs.98779 due on 23-02-26 for loan A/c XX4177. Pay now to avoid charges. -HDFC Bank,Bank,Bank_4
Pay  Rs.2431 on delivery for order OD843639052. -BlueDart,Delivery,Hard_10
Rs.4907 credited to A/c XX7596 on 30-03-26. Avl Bal: Rs.232418. -BOB,Bank,Bank_1
Your A/c XX2967 is debited with Rs.85583 on 22-06-26. Info: UPI-Peter. Bal: Rs.410948,Bank,Bank_2
Auto-pay of Rs.57703 to Faqid is scheduled on 07-06-26 from A/c XX8566. Ensure sufficient balance.,Bank,Bank_13
Delivered! Your Amazon order OD1234579433 was delivered on 06 Jul. Rate your experience: bit.ly/CCQXHl,Delivery,Delivery_2
Myntra Big Billion Days! Up to 50% off + extra 10% with Axis Bank cards. Hurry!,Promo,Promo_1
<#> 547750 is your Paytm code. Valid 2 min. hA8sk2Lqp3 -TM,OTP,OTP_13
OTP for delivery of order OD8534275199 is 4856. Share only with the delivery agent. -DTDC,Delivery,Delivery_9
"Bro send me Rs.3772 on gpay, will return by 03 Jul",Personal,Hard_5
OTP for delivery of order OD4141508738 is 9389. Share only with the delivery agent. -BlueDart T&C apply,Delivery,Delivery_9
Salary of Rs.81861 credited to A/c XX2854. Avl Bal: Rs.64538. -BOB,Bank,Bank_7
Rs.77232 debited from A/c XX8352 on 18-05-26 to Tanay. Avl Bal: Rs.363581. -HDFC Bank,Bank,Bank_0
Delivery  attempt failed for order OD1820274669. We will retry tomorrow. -XpressBees,Delivery,Delivery_5
"  Bro send me Rs.3234 on gpay, will return by 06 Jul",Personal,Hard_5
out for delivery: your meesho package od9971997510 will arrive today by 9 pm. -xpressbees,Delivery,Delivery_1
YOUR CREDIT CARD XX5271 STATEMENT IS READY. TOTAL DUE: RS.30013. MIN DUE: RS.4519. -PNB,Bank,Bank_5
  Last day! Flipkart clearance sale ends tonight. Up to 10% off sitewide.,Promo,Promo_8
Delhivery: Shipment OD3653077120 reached your city hub. Expected delivery: 02 Jul. -TM,Delivery,Delivery_4
KYC update pending for A/c XX1009. Please visit ur nearest Axis Bank branch by 12-06-26 to avoid restrictions.,Bank,Bank_12
Your Uber code: 6867 T&C apply,OTP,Hard_8
Cheque no. 403040945631 for Rs.89915 has been cleared from A/c XX7730. -Kotak T&C apply,Bank,Bank_8
754965 - use this to sign in. Never share this code with anyone.,OTP,Hard_7
Pre-approved! Get a ICICI Bank credit card with INR 306035 limit. Zero joining fee. Apply: bit.ly/tFbGUz,Promo,Promo_14
Missed our shows? Come back to Netflix at 50% off for 3 months. Resubscribe: bit.ly/DYqvEB,Promo,Promo_19
upi payment of rs.29588 to yashica successful. upi ref: 979598081721. -pnb,Bank,Bank_6
"Hi Faras, unlock Rs.924 off your first order at Zomato with code NEW23.",Promo,Promo_7
244095 is your verification code for Myntra. Never share your OTP.,OTP,OTP_3
Your Uber code: 5271,OTP,Hard_8
Pre-approved! Get a ICICI Bank credit card with Rs.437585 limit. Zero joining fee. Apply: bit.ly/sWuOim,Promo,Promo_14
otp for delivery of order od4136457702 is 1073. share only with the delivery agent. -xpressbees,Delivery,Delivery_9
Exclusive for you! Buy 1 Get 1 FREE at Flipkart. Limited period offer. Visit bit.ly/EzhzRP,Promo,Promo_3
rs.28286 credited to a/c xx9857 on 03-02-26. avl bal: rs.139039. -kotak,Bank,Bank_1
Your  FD of Rs.61346 matures on 03-03-26. Renew or withdraw via netbanking. -HDFC Bank,Bank,Bank_14
Rs.519 cashback credited to your Paytm wallet. Use on your next order.,Promo,Promo_21
EMI of Rs.79777 due on 25-03-26 for loan A/c XX8981. Pay now to avoid charges. -HDFC Bank,Bank,Bank_4
342098 - use this code to sign in to Myntra. Never share it with anyone.,OTP,OTP_7
Ur HDFC Bank debit card XX5048 has been blocked due to suspicious activity. Visit branch or call 1800-XXX to unblock.,Bank,Bank_11
IRCTC: Special trains added for festive season. Book early & save up to 70%.,Promo,Promo_17
Pre-approved! Get a PNB credit card with Rs.403471 limit. Zero joining fee. Apply: bit.ly/ajfaPi,Promo,Promo_14
Your order OD6922893623 from Zomato is arriving tomorrow. Keep Rs.1722 ready for COD.,Delivery,Delivery_3
Your FD of INR 10931 matures on 03-01-26. Renew or withdraw via netbanking. -ICICI Bank,Bank,Bank_14
Auto-pay of Rs.26379 to Ria is scheduled on 03-05-26 from A/c XX3641. Ensure sufficient balance.,Bank,Bank_13
otp-based login was enabled for your a/c xx6417. call pnb if this wasn't you.,Bank,Hard_2
Your OTP is 595482. Use it to verify your GPay account. Expires in 15 min. STOP to opt out,OTP,OTP_1
Swiggy: Free delivery all weekend! Order your favourites now.,Promo,Promo_13
  Your account statement for August is available. Download from the ICICI Bank app.,Bank,Bank_16
Your  credit card XX2712 statement is ready. Total due: Rs.7678. Min due: Rs.3353. -SBI,Bank,Bank_5
WEEKEND SPECIAL AT MEESHO! MIN 70% OFF ON EVERYTHING. DON'T MISS OUT: BIT.LY/KKEDGM,Promo,Promo_6
OTP  for delivery of order OD6793963118 is 2425. Share only with the delivery agent. -BlueDart,Delivery,Delivery_9
485575 - use this code to sign in to Zomato. Never share it with anyone.,OTP,OTP_7
Last day! Flipkart clearance sale ends tonight. Up to 60% off sitewide.,Promo,Promo_8
  Coupon 4895 gives you free delivery on orders above Rs.396. -BigBasket,Promo,Hard_1
Dear customer ur Kotak account will be blocked! Update KYC now: bit.ly/DxEIKB,Spam,Hard_11
Rs.1558 cashback credited to your PhonePe wallet. Use on your next order.,Promo,Promo_21
  Tamanna from BlueDart is arriving with your package. Contact: 05073915959,Delivery,Delivery_6
Order OD2667395409 packed and ready! Expected dispatch by 05 Jul. -Amazon,Delivery,Delivery_8
Delivered! Your Myntra order OD2053335223 was delivered on 05 Jul. Rate your experience: bit.ly/mMbqAj,Delivery,Delivery_2
Order OD4734016421 packed and ready! Expected dispatch by 02 Jul. -Myntra,Delivery,Delivery_8
Your account statement for August is available. Download from the Axis Bank app.,Bank,Bank_16
UPI payment of Rs.45084 to Harish successful UPI Ref: 536993106416 -BOB,Bank,Bank_6
Ekart: Shipment OD5931928970 reached your city hub Expected delivery: 04 Jul,Delivery,Delivery_4
Delivered! Your Swiggy order OD1481993952 was delivered on 05 Jul. Rate your experience: bit.ly/PqdrGp,Delivery,Delivery_2
enter 176109 to verify your mobile number for netflix.,OTP,OTP_10
Items in your order history are back in stock at BigBasket. Prices start INR 143.,Promo,Promo_23
323403 is your BigBasket security code. Anyone asking for it is a scammer.,OTP,OTP_9
you have 2166 reward points expiring on 05 jul. redeem on bigbasket.,Promo,Promo_20
Work from home! Earn Rs.1360767/month Join: bitly/hEyNbd,Spam,Hard_14
168313 - USE THIS TO SIGN IN. NEVER SHARE THIS CODE WITH ANYONE.,OTP,Hard_7
31996  is your verification code for GPay. Never share your OTP.,OTP,OTP_3
YOUR A/C XX5125 IS DEBITED WITH RS.82428 ON 05-04-26. INFO: UPI-SAANVI. BAL: RS.31910,Bank,Bank_2
Your Amazon order OD5103685036 has been shipped via DTDC. Track: bit.ly/xLnwfH,Delivery,Delivery_0
Exclusive for you! Buy 1 Get 1 FREE at Swiggy Limited period offer Visit bitly/xjTBps,Promo,Promo_3
Work from home! Earn Rs.1186260/month. Join: bit.ly/SDZMmz,Spam,Hard_14
  G-963206 is your Google verification code.,OTP,OTP_12
195803 - use this to sign in. Never share this code with anyone.,OTP,Hard_7
Your  A/c XX7953 is debited with Rs.83665 on 10-03-26. Info: UPI-Leena. Bal: Rs.177028,Bank,Bank_2
Enter 125031 to verify your mobile number for BOB. -TM,OTP,OTP_10
OTP: 973473 for txn of Rs.32245 at Meesho. Do not share. -HDFC Bank,OTP,OTP_2
Your  Zomato order OD1165408019 has been shipped via Delhivery. Track: bit.ly/qyZSpp,Delivery,Delivery_0
"Hey, my new number is 0547359494. Save it! Meet at tonight?",Personal,Hard_4
Pay Rs.2143 on delivery for order OD469978778. -BlueDart,Delivery,Hard_10
Rs.37118 debited from A/c XX2753 on 02-04-26 to Yamini Avl Bal: Rs.298435 -Kotak,Bank,Bank_0
IRCTC:  Special trains added for festive season. Book early & save up to 60%.,Promo,Promo_17
415660 IS YOUR MYNTRA SECURITY CODE. ANYONE ASKING FOR IT IS A SCAMMER.,OTP,OTP_9
Tap to verify: 248907. This code expires shortly.,OTP,Hard_9
Confirmation code 667233 for IRCTC Keep it private,OTP,OTP_11
Exclusive for you! Buy 1 Get 1 FREE at Amazon. Limited period offer. Visit bit.ly/rrApgL,Promo,Promo_3
Flat Rs.1300 cashback on your next order at Myntra. Use code SAVE61. Valid till 01 Jul.,Promo,Promo_2
Salary of INR 11329 credited to A/c XX1117. Avl Bal: INR 385300. -BOB,Bank,Bank_7
Arya  from Delhivery is arriving with your package. Contact: +912175587906,Delivery,Delivery_6
your account statement for july is available. download from the kotak app.,Bank,Bank_16
Rs.312 cashback credited to ur Paytm wallet. Use on ur next order.,Promo,Promo_21
YOUR RETURN PICKUP FOR ORDER OD1078223295 IS SCHEDULED ON 02 JUL. KEEP THE ITEM READY. -MEESHO,Delivery,Delivery_7
Your one time password is 365910 for BigBasket. Please do not share it.,OTP,OTP_5
UPI payment of Rs.97313 to Sanya successful. UPI Ref: 502189455207. -Axis Bank T&C apply,Bank,Bank_6
315808 is your BigBasket security code. Anyone asking for it is a scammer.,OTP,OTP_9
602383 is your Meesho security code. Anyone asking for it is a scammer.,OTP,OTP_9
  Order OD6410132176 packed and ready! Expected dispatch by 01 Jul. -Flipkart,Delivery,Delivery_8
"NEVER SHARE YOUR OTP, PIN OR CVV. SBI NEVER ASKS FOR THESE. STAY SAFE.",Bank,Hard_3
"your kotak health insurance renewal is due 05 jul. renew online, save 50% on premium.",Promo,Promo_24
Your ICICI Bank code: 869409,OTP,OTP_8
convert your hdfc bank card purchase of rs.1541 into easy emis at 0% interest. reply yes.,Promo,Promo_15
Pre-approved! Get a Axis Bank credit card with Rs.183024 limit. Zero joining fee. Apply: bit.ly/QMZDcl T&C apply,Promo,Promo_14
Kotak: 819649 is ur login OTP. It expires in 2 minutes.,OTP,OTP_6
  Exclusive for you! Buy 1 Get 1 FREE at Flipkart. Limited period offer. Visit bit.ly/yhOZBQ,Promo,Promo_3
Your Kotak debit card XX2031 has been blocked due to suspicious activity. Visit branch or call 1800-XXX to unblock.,Bank,Bank_11
Out for delivery: Your BigBasket package OD7084549296 will arrive today by 12 PM. -XpressBees,Delivery,Delivery_1
Enter 331654 to verify your mobile number for Hotstar.,OTP,OTP_10
items in your order history are back in stock at bigbasket. prices start rs.420.,Promo,Promo_23
Your credit card XX2828 statement is ready. Total due: Rs.75926. Min due: Rs.575. -PNB,Bank,Bank_5
Rs.38736 credited to A/c XX7397 on 31-05-26 Avl Bal: Rs.465239 -BOB,Bank,Bank_1
Weekend  special at Flipkart! Min 70% off on everything. Don't miss out: bit.ly/EJZOhk,Promo,Promo_6
Ur return pickup for order OD1412975894 is scheduled on 06 Jul. Keep the item ready. -Meesho,Delivery,Delivery_7
Your order OD5451475123 from Swiggy is arriving tomorrow. Keep INR 4560 ready for COD.,Delivery,Delivery_3
SALARY OF RS.61591 CREDITED TO A/C XX7180. AVL BAL: RS.120770. -SBI,Bank,Bank_7
Items in ur order history are back in stock at Meesho. Prices start Rs.1465.,Promo,Promo_23
"Bro send me Rs.4583 on gpay, will return by 05 Jul",Personal,Hard_5
OTP: 870648 for txn of Rs.4697 at SBI. Do not share. -Kotak -TM,OTP,OTP_2
  944305 - use this to sign in. Never share this code with anyone.,OTP,Hard_7
Ekaraj from DTDC is arriving with your package Contact: +917334826527,Delivery,Delivery_6
Ur credit card XX9732 statement is ready. Total due: Rs.89785. Min due: Rs.2206. -SBI,Bank,Bank_5
Delivery attempt failed for order OD9962561163. We will retry tomorrow. -Delhivery,Delivery,Delivery_5
Your PNB code: 979517,OTP,OTP_8
Your  OTP is 143562. Use it to verify your Swiggy account. Expires in 10 min.,OTP,OTP_1
Use 95991 to complete your Kotak registration. Valid till 15 mins.,OTP,OTP_4
AUTO-PAY OF RS.46581 TO AARAV IS SCHEDULED ON 12-03-26 FROM A/C XX6792. ENSURE SUFFICIENT BALANCE.,Bank,Bank_13
Swiggy: Your cart misses you! Complete purchase now & get 50% off. bit.ly/xoUMTS,Promo,Promo_4
Ur SIM will be deactivated in 24hrs. Verify Aadhaar: bit.ly/iMzVgb,Spam,Hard_13
Interest of Rs.72611 credited to your FD A/c XX7397. -SBI,Bank,Bank_9
YOUR UBER CODE: 9038,OTP,Hard_8
Your return pickup for order OD9144260857 is scheduled on 05 Jul. Keep the item ready. -Flipkart,Delivery,Delivery_7
DELIVERED! YOUR BIGBASKET ORDER OD3747245370 WAS DELIVERED ON 02 JUL. RATE YOUR EXPERIENCE: BIT.LY/CCJQGO,Delivery,Delivery_2
Rs.1352  cashback credited to your Amazon Pay wallet. Use on your next order.,Promo,Promo_21
Hema from BlueDart is arriving with your package Contact: 00399057554,Delivery,Delivery_6
Low balance alert: A/c XX1108 balance is Rs.8822 Maintain min balance to avoid charges,Bank,Bank_10
965831 is your OTP for Swiggy login. Valid for 30 minutes. Do not share with anyone.,OTP,OTP_0
tap to verify: 301653. this code expires shortly.,OTP,Hard_9
Convert your ICICI Bank card purchase of Rs.1254 into easy EMIs at 0% interest Reply YES,Promo,Promo_15
Rs.2237 debited from A/c XX4846 on 02-02-26 to Saanvi. Avl Bal: Rs.334461. -HDFC Bank,Bank,Bank_0
PNB: 419115 IS YOUR LOGIN OTP. IT EXPIRES IN 10 MINUTES.,OTP,OTP_6
<#>  570739 is your HDFC Bank code. Valid 15 min. hA8sk2Lqp3,OTP,OTP_13
Flat INR 1229 cashback on your next order at Swiggy. Use code SAVE89. Valid till 01 Jul.,Promo,Promo_2
Flat Rs.501 cashback on your next order at Flipkart. Use code SAVE16. Valid till 06 Jul.,Promo,Promo_2
Enter 549867 to verify your mobile number for BOB.,OTP,OTP_10
Your credit card XX1080 statement is ready. Total due: Rs.78464. Min due: Rs.4125. -ICICI Bank,Bank,Bank_5
Cheque no. 870410569072 for INR 44912 has been cleared from A/c XX8815. -Axis Bank,Bank,Bank_8
Flat Rs.362 cashback on ur next order at Amazon. Use code SAVE89. Valid till 02 Jul.,Promo,Promo_2
  Delivered! Your Meesho order OD4583010252 was delivered on 06 Jul. Rate your experience: bit.ly/IEwhGL,Delivery,Delivery_2
680748  is your OTP for Myntra login. Valid for 5 minutes. Do not share with anyone.,OTP,OTP_0
Rs.71761 credited to A/c XX2397 on 19-06-26 Avl Bal: Rs.239480 -PNB,Bank,Bank_1
Low balance alert: A/c XX5240 balance is INR 337844. Maintain min balance to avoid charges.,Bank,Bank_10
EMI of Rs.83771 due on 12-02-26 for loan A/c XX2992. Pay now to avoid charges. -SBI,Bank,Bank_4
OTP for delivery of order OD8957102398 is 2822. Share only with the delivery agent. -Ekart,Delivery,Delivery_9
Auto-pay of INR 82871 to Tanveer is scheduled on 04-01-26 from A/c XX6197. Ensure sufficient balance.,Bank,Bank_13
  KYC update pending for A/c XX4000. Please visit your nearest Kotak branch by 10-01-26 to avoid restrictions.,Bank,Bank_12
YOUR A/C XX5193 IS DEBITED WITH RS.17395 ON 22-04-26. INFO: UPI-ANAMIKA. BAL: RS.390267,Bank,Bank_2
Your Netflix plan renews on 04 Jul at INR 1985. Upgrade to 4K for INR 987/month.,Promo,Promo_18
Recharge with Rs.91 & get 20% extra talktime Offer valid today only!,Promo,Promo_5
Zomato: Free delivery all weekend! Order your favourites now. STOP to opt out,Promo,Promo_13
Order OD3512702487 packed and ready! Expected dispatch by 01 Jul. -Flipkart,Delivery,Delivery_8
Interest of Rs.72854 credited to your FD A/c XX1057 -Kotak,Bank,Bank_9
Your  A/c XX9475 is debited with Rs.30248 on 31-03-26. Info: UPI-Mohammed. Bal: Rs.417070,Bank,Bank_2
  EMI of Rs.98449 due on 17-02-26 for loan A/c XX1687. Pay now to avoid charges. -PNB,Bank,Bank_4
Enter 658246 to verify your mobile number for Ola.,OTP,OTP_10
Missed our shows? Come back to Hotstar at 50% off for 3 months. Resubscribe: bit.ly/zrsHFY,Promo,Promo_19
"Never share ur OTP, PIN or CVV. ICICI Bank never asks for these. Stay safe.",Bank,Hard_3
low balance alert: a/c xx7165 balance is rs.270296. maintain min balance to avoid charges.,Bank,Bank_10
Salary of Rs.32663 credited to A/c XX4626. Avl Bal: Rs.351823. -ICICI Bank,Bank,Bank_7
MEGA SALE! Get 10% OFF on all products at Meesho. Shop now: bit.ly/IzIQaZ T&C apply.,Promo,Promo_0
Zomato: Your cart misses you! Complete purchase now & get 80% off. bit.ly/rxfEcN,Promo,Promo_4
  Delivery attempt failed for order OD7331592802. We will retry tomorrow. -Delhivery,Delivery,Delivery_5
470446 IS YOUR PAYTM SECURITY CODE. ANYONE ASKING FOR IT IS A SCAMMER.,OTP,OTP_9
OTP-based login was enabled for your A/c XX3036 Call HDFC Bank if this wasn't you,Bank,Hard_2
Your Uber code: 1708,OTP,Hard_8
tap to verify: 682646. this code expires shortly.,OTP,Hard_9
Out for delivery: Your Myntra package OD1629920479 will arrive today by 12 PM -BlueDart,Delivery,Delivery_1
Missed  our shows? Come back to Prime Video at 50% off for 3 months. Resubscribe: bit.ly/XBQNCN,Promo,Promo_19
Flight  fares dropped! BOM-LKO from Rs.433. Book on MakeMyTrip before midnight.,Promo,Promo_16
Pay  Rs.4564 on delivery for order OD470848304. -Ekart,Delivery,Hard_10
  Rs.97583 credited to A/c XX1318 on 22-05-26. Avl Bal: Rs.248631. -SBI,Bank,Bank_1
Order  OD7979775604 packed and ready! Expected dispatch by 04 Jul. -Meesho,Delivery,Delivery_8
your fd of rs.53841 matures on 29-01-26. renew or withdraw via netbanking. -axis bank,Bank,Bank_14
Enter 261395 to verify your mobile number for GPay.,OTP,OTP_10
Rs.83716 credited to A/c XX4597 on 21-01-26. Avl Bal: Rs.51390. -PNB,Bank,Bank_1
"CLASS SHIFTED TO ROOM 4958, COME FAST",Personal,Hard_6
Your SIM will be deactivated in 24hrs. Verify Aadhaar: bit.ly/QTbKiV,Spam,Hard_13
"  Your BOB health insurance renewal is due 03 Jul. Renew online, save 30% on premium.",Promo,Promo_24
your uber code: 9879,OTP,Hard_8
"Your HDFC Bank health insurance renewal is due 01 Jul. Renew online, save 40% on premium.",Promo,Promo_24
"Hi  Pallavi, unlock Rs.950 off your first order at Zomato with code NEW15.",Promo,Promo_7
MEGA SALE! Get 60% OFF on all products at Flipkart Shop now: bitly/YMsHBl T&C apply,Promo,Promo_0
Your Vi pack expires tomorrow. Recharge with Rs.1770 for 2GB/day + unlimited calls.,Promo,Promo_10
  190574 is your Zomato security code. Anyone asking for it is a scammer.,OTP,OTP_9
Your one time password is 613800 for Kotak. Please do not share it.,OTP,OTP_5
  Coupon 4511 gives you free delivery on orders above Rs.3377. -BigBasket,Promo,Hard_1
Your order OD8504616958 from Flipkart is arriving tomorrow. Keep Rs.4987 ready for COD.,Delivery,Delivery_3
your fd of rs.99636 matures on 18-04-26. renew or withdraw via netbanking. -axis bank,Bank,Bank_14
Your A/c XX7639 is debited with Rs.13868 on 04-05-26. Info: UPI-Eesha. Bal: Rs.400190,Bank,Bank_2
Your A/c XX7829 is debited with Rs.38094 on 26-01-26. Info: UPI-Hemangini. Bal: Rs.436558,Bank,Bank_2
Interest  of Rs.59005 credited to your FD A/c XX5836. -Kotak,Bank,Bank_9
Use  332914 to complete your Paytm registration. Valid till 5 mins.,OTP,OTP_4
  <#> 381471 is your BigBasket code. Valid 5 min. hA8sk2Lqp3,OTP,OTP_13
  OTP-based login was enabled for your A/c XX3547. Call ICICI Bank if this wasn't you.,Bank,Hard_2
Recharge with Rs.1447 & get 40% extra talktime. Offer valid today only!,Promo,Promo_5
"  Your Kotak health insurance renewal is due 04 Jul. Renew online, save 30% on premium.",Promo,Promo_24
  ALERT: Rs.6686 withdrawn from ATM using card XX7618 on 20-04-26. Bal: Rs.214204. -HDFC Bank,Bank,Bank_3
delivery attempt failed for order od8619126282. we will retry tomorrow. -ekart,Delivery,Delivery_5
Oni from Ekart is arriving with your package. Contact: +913837657187,Delivery,Delivery_6
Rs.59224 debited from A/c XX2056 on 10-03-26 to Qadim. Avl Bal: Rs.201464. -Axis Bank,Bank,Bank_0
XpressBees: Shipment OD1886128836 reached your city hub. Expected delivery: 04 Jul.,Delivery,Delivery_4
Your PNB debit card XX4539 has been blocked due to suspicious activity. Visit branch or call 1800-XXX to unblock.,Bank,Bank_11
Dear customer ur SBI account will be blocked! Update KYC now: bitly/yZkEiR,Spam,Hard_11
ALERT: Rs.77844 withdrawn from ATM using card XX5191 on 31-03-26. Bal: Rs.420165. -PNB,Bank,Bank_3
UPI payment of Rs.44900 to Pratyush successful. UPI Ref: 773754353915. -HDFC Bank,Bank,Bank_6
Zomato: Free delivery all weekend! Order ur favourites now.,Promo,Promo_13
249247 - use this code to sign in to Uber. Never share it with anyone.,OTP,OTP_7
DELIVERED! YOUR FLIPKART ORDER OD4593122538 WAS DELIVERED ON 05 JUL. RATE YOUR EXPERIENCE: BIT.LY/UXZQYO,Delivery,Delivery_2
INTEREST OF RS.95082 CREDITED TO YOUR FD A/C XX7333. -KOTAK,Bank,Bank_9
747218 is your ICICI Bank security code. Anyone asking for it is a scammer.,OTP,OTP_9
110529 is your BOB security code Anyone asking for it is a scammer,OTP,OTP_9
"never share your otp, pin or cvv. kotak never asks for these. stay safe.",Bank,Hard_3
Interest of Rs.50118 credited to your FD A/c XX4090. -BOB,Bank,Bank_9
Low balance alert: A/c XX3133 balance is Rs.493410. Maintain min balance to avoid charges.,Bank,Bank_10
Coupon  6850 gives you free delivery on orders above Rs.4882. -Meesho,Promo,Hard_1
ZOMATO: FREE DELIVERY ALL WEEKEND! ORDER YOUR FAVOURITES NOW.,Promo,Promo_13
YOUR ORDER OD3994716730 FROM SWIGGY IS ARRIVING TOMORROW. KEEP RS.1935 READY FOR COD.,Delivery,Delivery_3
Pre-approved! Get a ICICI Bank credit card with Rs.380254 limit. Zero joining fee. Apply: bit.ly/LOaimx,Promo,Promo_14
Your return pickup for order OD2743747523 is scheduled on 01 Jul. Keep the item ready. -Amazon,Delivery,Delivery_7
USE CODE 8067 AT CHECKOUT FOR 50% OFF AT MYNTRA!,Promo,Hard_0
Your HDFC Bank code: 948109,OTP,OTP_8
ALERT: Rs.55757 withdrawn from ATM using card XX8623 on 13-05-26. Bal: Rs.140036. -Axis Bank,Bank,Bank_3
Ansh from XpressBees is arriving with your package. Contact: +913004087877 T&C apply,Delivery,Delivery_6
Your  SIM will be deactivated in 24hrs. Verify Aadhaar: bit.ly/nTsERn,Spam,Hard_13
G-373460 is your Google verification code. STOP to opt out,OTP,OTP_12
Your order OD4782519738 from Swiggy is arriving tomorrow. Keep Rs.2571 ready for COD.,Delivery,Delivery_3
Amazon: Your cart misses you! Complete purchase now & get 30% off. bit.ly/NEVefw,Promo,Promo_4
EMI of Rs.38074 due on 17-05-26 for loan A/c XX1693 Pay now to avoid charges -HDFC Bank,Bank,Bank_4
Your Flipkart order OD5310279874 has been shipped via Delhivery Track: bitly/LXgPUn,Delivery,Delivery_0
322916 - use this code to sign in to Ola Never share it with anyone,OTP,OTP_7
187986 - use this to sign in. Never share this code with anyone.,OTP,Hard_7
Your Jio pack expires tomorrow. Recharge with Rs.514 for 3GB/day + unlimited calls.,Promo,Promo_10
Your Flipkart membership expires soon. Renew now & save 20%: bit.ly/YOepUF,Promo,Promo_9
Your Zomato order OD3611366437 has been shipped via DTDC. Track: bit.ly/tfdYJd,Delivery,Delivery_0
Salary of INR 87234 credited to A/c XX1420. Avl Bal: INR 411416. -PNB,Bank,Bank_7
your return pickup for order od2706342071 is scheduled on 01 jul. keep the item ready. -swiggy,Delivery,Delivery_7
Flight fares dropped! BOM-PNQ from INR 522. Book on Goibibo before midnight.,Promo,Promo_16
pre-approved! get a sbi credit card with rs.162138 limit. zero joining fee. apply: bit.ly/kbercw,Promo,Promo_14
Work from home! Earn Rs.294821/month. Join: bit.ly/oJWGda,Spam,Hard_14
"Your ICICI Bank health insurance renewal is due 02 Jul Renew online, save 20% on premium",Promo,Promo_24
  Exclusive for you! Buy 1 Get 1 FREE at Meesho. Limited period offer. Visit bit.ly/JQSYOK,Promo,Promo_3
OTP for delivery of order OD2183291994 is 5414. Share only with the delivery agent. -Delhivery,Delivery,Delivery_9
out for delivery: your swiggy package od5209393422 will arrive today by 3 pm. -dtdc,Delivery,Delivery_1
OTP:  391142 for txn of Rs.7566 at Uber. Do not share. -PNB,OTP,OTP_2
Confirmation code 69267 for Netflix. Keep it private. T&C apply,OTP,OTP_11
Swiggy: Your cart misses you! Complete purchase now & get 40% off. bit.ly/WtQTEx,Promo,Promo_4
Your  return pickup for order OD2677776613 is scheduled on 06 Jul. Keep the item ready. -Myntra,Delivery,Delivery_7
Out for delivery: Your Myntra package OD6544797522 will arrive today by 12 PM. -BlueDart,Delivery,Delivery_1
OTP: 300577 for txn of Rs.16067 at IRCTC. Do not share. -BOB,OTP,OTP_2
Your Hotstar plan renews on 04 Jul at Rs.645 Upgrade to 4K for Rs.551/month,Promo,Promo_18
otp: 583627 for txn of rs.18301 at sbi. do not share. -pnb,OTP,OTP_2
UPI  payment of Rs.423 to Ganga successful. UPI Ref: 376360815596. -Kotak,Bank,Bank_6
Zomato: Your cart misses you! Complete purchase now & get 20% off. bit.ly/bLXaBm -TM,Promo,Promo_4
Use 995146 to complete your IRCTC registration. Valid till 2 mins.,OTP,OTP_4
"Hey, my new number is 05809898426. Save it! Meet at noon?",Personal,Hard_4
Your account statement for June is available. Download from the Axis Bank app.,Bank,Bank_16
your return pickup for order od3960937226 is scheduled on 05 jul. keep the item ready. -meesho,Delivery,Delivery_7
ALERT: Rs.10121 withdrawn from ATM using card XX3196 on 31-01-26 Bal: Rs.249059 -Axis Bank,Bank,Bank_3
"class shifted to room 1325, come fast",Personal,Hard_6
Dear customer ur PNB account will be blocked! Update KYC now: bit.ly/mXEPdh,Spam,Hard_11
Ur OTP is 260680. Use it to verify ur Zomato account. Expires in 15 min.,OTP,OTP_1
Dear customer ur BOB account will be blocked! Update KYC now: bitly/EaSbIJ,Spam,Hard_11
ALERT: INR 62906 withdrawn from ATM using card XX5400 on 02-03-26. Bal: INR 41320. -SBI,Bank,Bank_3
Owen from DTDC is arriving with your package. Contact: +914927060682,Delivery,Delivery_6
285161  is your BigBasket security code. Anyone asking for it is a scammer.,OTP,OTP_9
  MEGA SALE! Get 60% OFF on all products at Zomato. Shop now: bit.ly/EoudNT T&C apply.,Promo,Promo_0
Your Netflix plan renews on 05 Jul at INR 1714. Upgrade to 4K for INR 309/month.,Promo,Promo_18
Rs.29582  credited to A/c XX1888 on 29-06-26. Avl Bal: Rs.438052. -PNB,Bank,Bank_1
  Your credit card XX9328 statement is ready. Total due: Rs.30562. Min due: Rs.2595. -PNB,Bank,Bank_5
Recharge  with Rs.1869 & get 40% extra talktime. Offer valid today only!,Promo,Promo_5
  Salary of Rs.6592 credited to A/c XX3274. Avl Bal: Rs.445788. -SBI,Bank,Bank_7
MEGA SALE! Get 50% OFF on all products at Meesho. Shop now: bit.ly/AxSOTD T&C apply.,Promo,Promo_0
your swiggy order od4085408257 has been shipped via ekart. track: bit.ly/popuix,Delivery,Delivery_0
  Rs.55 cashback credited to your PhonePe wallet. Use on your next order.,Promo,Promo_21
Flat Rs.1889 cashback on your next order at Zomato. Use code SAVE71. Valid till 06 Jul.,Promo,Promo_2
Ur Myntra membership expires soon. Renew now & save 20%: bit.ly/tzPjbO,Promo,Promo_9
Your SBI code: 380659,OTP,OTP_8
208092  is your verification code for GPay. Never share your OTP.,OTP,OTP_3
Salary of Rs.69168 credited to A/c XX9098. Avl Bal: Rs.461308. -PNB T&C apply,Bank,Bank_7
YOUR ACCOUNT STATEMENT FOR JUNE IS AVAILABLE. DOWNLOAD FROM THE AXIS BANK APP.,Bank,Bank_16
Your one time password is 889711 for Kotak. Please do not share it.,OTP,OTP_5
Cheque no. 821281513809 for Rs.33067 has been cleared from A/c XX1461. -SBI,Bank,Bank_8
zomato: free delivery all weekend! order your favourites now.,Promo,Promo_13
371445 is your otp for amazon login. valid for 30 minutes. do not share with anyone.,OTP,OTP_0
Your order OD9153803284 from BigBasket is arriving tomorrow. Keep INR 4267 ready for COD.,Delivery,Delivery_3
interest of rs.18796 credited to your fd a/c xx8493. -pnb,Bank,Bank_9
"Never share ur OTP, PIN or CVV. BOB never asks for these. Stay safe.",Bank,Hard_3
Flight fares dropped! HYD-MAA from Rs.537. Book on MakeMyTrip before midnight.,Promo,Promo_16
Enter 983226 to verify your mobile number for Zomato. T&C apply,OTP,OTP_10
837601 - use this to sign in. Never share this code with anyone.,OTP,Hard_7
Your BOB debit card XX7709 has been blocked due to suspicious activity. Visit branch or call 1800-XXX to unblock.,Bank,Bank_11
Hungry? Get 70% off up to Rs.138 on your next 3 orders. Code: EAT88. -Swiggy -TM,Promo,Promo_12
"Never share ur OTP, PIN or CVV. Kotak never asks for these. Stay safe.",Bank,Hard_3
Rs.62799 debited from A/c XX7959 on 30-01-26 to Xalak. Avl Bal: Rs.135454. -BOB T&C apply,Bank,Bank_0
Out for delivery: Your Zomato package OD6454153426 will arrive today by 12 PM. -Ekart,Delivery,Delivery_1
  Delivery attempt failed for order OD6082721062. We will retry tomorrow. -BlueDart,Delivery,Delivery_5
Pre-approved! Get a SBI credit card with Rs.436087 limit. Zero joining fee. Apply: bit.ly/CdWCzX T&C apply,Promo,Promo_14
Convert your BOB card purchase of Rs.1435 into easy EMIs at 0% interest. Reply YES.,Promo,Promo_15
Pre-approved! Get a SBI credit card with Rs.202118 limit. Zero joining fee. Apply: bit.ly/SwJpub T&C apply,Promo,Promo_14
"Hi Vrishti, unlock Rs.257 off your first order at Flipkart with code NEW21.",Promo,Promo_7
Your HDFC Bank debit card XX1675 has been blocked due to suspicious activity Visit branch or call 1800-XXX to unblock,Bank,Bank_11
Flight fares dropped! DEL-LKO from Rs.959. Book on ixigo before midnight.,Promo,Promo_16
Your credit card XX4078 statement is ready. Total due: Rs.95935. Min due: Rs.1939. -ICICI Bank,Bank,Bank_5
Cheque no. 340234390740 for Rs.48407 has been cleared from A/c XX8648. -PNB,Bank,Bank_8
"Bro  send me Rs.3514 on gpay, will return by 06 Jul",Personal,Hard_5
Out for delivery: Your Swiggy package OD1401184003 will arrive today by 6 PM. -Ekart T&C apply,Delivery,Delivery_1
Your Axis Bank debit card XX8142 has been blocked due to suspicious activity. Visit branch or call 1800-XXX to unblock.,Bank,Bank_11
Beware of fraud calls asking for card details. Kotak officials never ask for PIN or CVV.,Bank,Bank_15
  Exclusive for you! Buy 1 Get 1 FREE at Meesho. Limited period offer. Visit bit.ly/ErqmVs,Promo,Promo_3
Your ICICI Bank debit card XX3275 has been blocked due to suspicious activity. Visit branch or call 1800-XXX to unblock.,Bank,Bank_11
DTDC: Shipment OD3784797919 reached your city hub. Expected delivery: 01 Jul.,Delivery,Delivery_4
"Hi Ekani, unlock Rs.1271 off your first order at Flipkart with code NEW35.",Promo,Promo_7
Your Swiggy membership expires soon. Renew now & save 10%: bit.ly/mINfox T&C apply,Promo,Promo_9
Rs.65002 credited to A/c XX7742 on 25-04-26. Avl Bal: Rs.419672. -Axis Bank,Bank,Bank_1
Rs.62859 credited to A/c XX8477 on 31-05-26 Avl Bal: Rs.408538 -Kotak,Bank,Bank_1
Salary of Rs.93204 credited to A/c XX7598. Avl Bal: Rs.4079. -Axis Bank,Bank,Bank_7
Your return pickup for order OD4050763714 is scheduled on 03 Jul. Keep the item ready. -Zomato,Delivery,Delivery_7
Your BOB code: 90759 -TM,OTP,OTP_8
  Your OTP is 150489. Use it to verify your HDFC Bank account. Expires in 15 min.,OTP,OTP_1
amazon: your cart misses you! complete purchase now & get 60% off. bit.ly/psyeuc,Promo,Promo_4
G-821903 is your Google verification code. -TM,OTP,OTP_12
KYC update pending for A/c XX8361. Please visit your nearest BOB branch by 15-02-26 to avoid restrictions. -TM,Bank,Bank_12
Auto-pay of Rs.68661 to Siya is scheduled on 27-06-26 from A/c XX3477. Ensure sufficient balance.,Bank,Bank_13
YOUR FLIPKART ORDER OD6461878482 HAS BEEN SHIPPED VIA XPRESSBEES. TRACK: BIT.LY/RWFMSH,Delivery,Delivery_0
Your BigBasket order OD8136359214 has been shipped via BlueDart. Track: bit.ly/azWtxX,Delivery,Delivery_0
Congratulations! You won Rs.1014666 in lucky draw. Claim: bit.ly/xCPQKp,Spam,Hard_12
AUTO-PAY OF RS.61878 TO DAKSH IS SCHEDULED ON 06-06-26 FROM A/C XX5112. ENSURE SUFFICIENT BALANCE.,Bank,Bank_13
Flat INR 1187 cashback on your next order at Zomato. Use code SAVE89. Valid till 05 Jul.,Promo,Promo_2
Weekend special at Zomato! Min 40% off on everything. Don't miss out: bit.ly/tQnThp,Promo,Promo_6
irctc: special trains added for festive season. book early & save up to 20%.,Promo,Promo_17
Salary of Rs.83948 credited to A/c XX1886. Avl Bal: Rs.259616. -ICICI Bank,Bank,Bank_7
Data exhausted? Get 1GB extra with Rs.799 booster pack. Dial *121# or visit app.,Promo,Promo_11
cheque no. 463799210094 for rs.94757 has been cleared from a/c xx1204. -pnb,Bank,Bank_8
Ur Uber code: 8541,OTP,Hard_8
Data exhausted? Get 1GB extra with Rs.1337 booster pack. Dial *121# or visit app.,Promo,Promo_11
ZOMATO: FREE DELIVERY ALL WEEKEND! ORDER YOUR FAVOURITES NOW.,Promo,Promo_13
use code 5679 at checkout for 10% off at myntra!,Promo,Hard_0
741344 is your verification code for ICICI Bank. Never share your OTP. T&C apply,OTP,OTP_3
Out for delivery: Your Amazon package OD8383393542 will arrive today by 6 PM -XpressBees,Delivery,Delivery_1
Your Airtel pack expires tomorrow. Recharge with Rs.1390 for 1.5GB/day + unlimited calls.,Promo,Promo_10
  Out for delivery: Your Flipkart package OD1950041507 will arrive today by 6 PM. -Ekart,Delivery,Delivery_1
"Hey, my new number is 05464651365. Save it! Meet at 6pm?",Personal,Hard_4
Last day! BigBasket clearance sale ends tonight. Up to 40% off sitewide.,Promo,Promo_8
BlueDart: Shipment OD7702754657 reached your city hub. Expected delivery: 02 Jul.,Delivery,Delivery_4
ALERT: Rs.84476 withdrawn from ATM using card XX9242 on 11-01-26. Bal: Rs.348369. -Axis Bank,Bank,Bank_3
You have 1515 reward points expiring on 04 Jul. Redeem on BigBasket.,Promo,Promo_20
your credit card xx9271 statement is ready. total due: rs.8236. min due: rs.2946. -pnb,Bank,Bank_5
INTEREST OF RS.70806 CREDITED TO YOUR FD A/C XX3545. -PNB,Bank,Bank_9
Dear customer ur ICICI Bank account will be blocked! Update KYC now: bit.ly/WqenLf,Spam,Hard_11
<#> 130336 is your Swiggy code. Valid 2 min. hA8sk2Lqp3,OTP,OTP_13
Your  account statement for August is available. Download from the Axis Bank app.,Bank,Bank_16
  222850 - use this code to sign in to Amazon. Never share it with anyone.,OTP,OTP_7
YOUR ACCOUNT STATEMENT FOR JULY IS AVAILABLE. DOWNLOAD FROM THE AXIS BANK APP.,Bank,Bank_16
Hungry? Get 20% off up to INR 1188 on your next 3 orders. Code: EAT24. -Swiggy,Promo,Promo_12
otp: 745060 for txn of rs.49286 at kotak. do not share. -axis bank,OTP,OTP_2
Your Amazon membership expires soon. Renew now & save 30%: bit.ly/pZsYXk,Promo,Promo_9
Cheque no. 305550627257 for Rs.43496 has been cleared from A/c XX5993. -PNB,Bank,Bank_8
pay rs.2454 on delivery for order od290302719. -dtdc,Delivery,Hard_10
Ur OTP is 808366. Use it to verify ur Netflix account. Expires in 30 min.,OTP,OTP_1
<#> 201508 is your Netflix code. Valid 2 min. hA8sk2Lqp3,OTP,OTP_13
xpressbees: shipment od8560913263 reached your city hub. expected delivery: 05 jul.,Delivery,Delivery_4
Your Airtel pack expires tomorrow. Recharge with Rs.363 for 1.5GB/day + unlimited calls.,Promo,Promo_10
  OTP for delivery of order OD6794825256 is 2980. Share only with the delivery agent. -Ekart,Delivery,Delivery_9
Your BOB code: 670789,OTP,OTP_8
  Coupon 2706 gives you free delivery on orders above Rs.3576. -Flipkart,Promo,Hard_1
Pre-approved! Get a PNB credit card with Rs.288538 limit. Zero joining fee. Apply: bit.ly/eMXryR,Promo,Promo_14
your credit card xx2246 statement is ready. total due: rs.28869. min due: rs.516. -sbi,Bank,Bank_5
Pre-approved! Get a PNB credit card with INR 286311 limit. Zero joining fee. Apply: bit.ly/xxZAyr,Promo,Promo_14
481460 is your verification code for Kotak. Never share your OTP.,OTP,OTP_3
6188 is your verification code for BOB. Never share your OTP.,OTP,OTP_3
INTEREST OF RS.3159 CREDITED TO YOUR FD A/C XX9294. -PNB,Bank,Bank_9
cheque no. 675831100049 for rs.16816 has been cleared from a/c xx5819. -kotak,Bank,Bank_8
Coupon 5603 gives you free delivery on orders above Rs.1687. -Flipkart,Promo,Hard_1
"Your HDFC Bank health insurance renewal is due 03 Jul. Renew online, save 50% on premium.",Promo,Promo_24
Interest of Rs.67261 credited to your FD A/c XX2661. -HDFC Bank,Bank,Bank_9
Loved your recent BigBasket order? Reorder in 1 tap and get 50% off today.,Promo,Promo_22
Use 712534 to complete your BigBasket registration. Valid till 30 mins.,OTP,OTP_4
Work from home! Earn Rs.271548/month Join: bitly/jSxpzW,Spam,Hard_14
Order OD7983954890 packed and ready! Expected dispatch by 05 Jul. -Zomato,Delivery,Delivery_8
Auto-pay of Rs.70779 to Hemangini is scheduled on 27-06-26 from A/c XX8141. Ensure sufficient balance.,Bank,Bank_13
Your FD of INR 59086 matures on 06-01-26. Renew or withdraw via netbanking. -ICICI Bank,Bank,Bank_14
  Last day! Flipkart clearance sale ends tonight. Up to 30% off sitewide.,Promo,Promo_8
  Jeremiah from Delhivery is arriving with your package. Contact: 02918536648,Delivery,Delivery_6
Delivery attempt failed for order OD6168334120. We will retry tomorrow. -Ekart,Delivery,Delivery_5
Loved your recent Flipkart order? Reorder in 1 tap and get 20% off today. T&C apply,Promo,Promo_22
Your SBI debit card XX5633 has been blocked due to suspicious activity. Visit branch or call 1800-XXX to unblock. -TM,Bank,Bank_11
Flight fares dropped! DEL-MAA from Rs.627. Book on ixigo before midnight.,Promo,Promo_16
EMI of Rs.22462 due on 19-05-26 for loan A/c XX5350. Pay now to avoid charges. -ICICI Bank,Bank,Bank_4
Your FD of Rs.10383 matures on 24-04-26 Renew or withdraw via netbanking -Axis Bank,Bank,Bank_14
Interest of Rs.34098 credited to your FD A/c XX7911. -HDFC Bank,Bank,Bank_9
MEGA SALE! Get 50% OFF on all products at Flipkart. Shop now: bit.ly/akjYeI T&C apply.,Promo,Promo_0
Order OD8835795536 packed and ready! Expected dispatch by 02 Jul. -Zomato,Delivery,Delivery_8
Your OTP is 184989. Use it to verify your BOB account. Expires in 10 min.,OTP,OTP_1
Your one time password is 267818 for ICICI Bank. Please do not share it.,OTP,OTP_5
Delhivery: Shipment OD3791806437 reached your city hub. Expected delivery: 01 Jul.,Delivery,Delivery_4
"Hey, my new number is +917305154465. Save it! Meet at 8?",Personal,Hard_4
Your OTP is 82806. Use it to verify your PNB account. Expires in 2 min.,OTP,OTP_1
714411 - use this to sign in. Never share this code with anyone.,OTP,Hard_7
YOUR CREDIT CARD XX2536 STATEMENT IS READY. TOTAL DUE: RS.24081. MIN DUE: RS.1371. -SBI,Bank,Bank_5
Zomato: 160616 is ur login OTP. It expires in 10 minutes.,OTP,OTP_6
OTP-based login was enabled for your A/c XX5005. Call Axis Bank if this wasn't you.,Bank,Hard_2
336413 - use this to sign in. Never share this code with anyone. T&C apply,OTP,Hard_7
Your SIM will be deactivated in 24hrs Verify Aadhaar: bitly/jWleXu,Spam,Hard_13
Your Myntra code: 95699,OTP,OTP_8
rs.1805 cashback credited to your paytm wallet. use on your next order.,Promo,Promo_21
meesho big billion days! up to 50% off + extra 10% with kotak cards. hurry!,Promo,Promo_1
Your Hotstar plan renews on 06 Jul at Rs.1577 Upgrade to 4K for Rs.249/month,Promo,Promo_18
Use code 6179 at checkout for 10% off at Meesho!,Promo,Hard_0
Tap to verify: 849780. This code expires shortly.,OTP,Hard_9
"Your HDFC Bank health insurance renewal is due 03 Jul. Renew online, save 60% on premium.",Promo,Promo_24
Data  exhausted? Get 1.5GB extra with Rs.383 booster pack. Dial *121# or visit app.,Promo,Promo_11
Enter 311253 to verify your mobile number for SBI.,OTP,OTP_10
Your credit card XX2622 statement is ready. Total due: Rs.82596. Min due: Rs.2461. -Kotak,Bank,Bank_5
INTEREST OF RS.85010 CREDITED TO YOUR FD A/C XX3918. -BOB,Bank,Bank_9
  EMI of Rs.15247 due on 14-04-26 for loan A/c XX7579. Pay now to avoid charges. -ICICI Bank,Bank,Bank_4
order od2060199529 packed and ready! expected dispatch by 02 jul. -amazon,Delivery,Delivery_8
  Your FD of Rs.68601 matures on 25-01-26. Renew or withdraw via netbanking. -HDFC Bank,Bank,Bank_14
upi payment of rs.27474 to wriddhish successful. upi ref: 350689786819. -icici bank,Bank,Bank_6
EMI of INR 74260 due on 25-02-26 for loan A/c XX8145. Pay now to avoid charges. -BOB,Bank,Bank_4
OTP-based  login was enabled for your A/c XX9339. Call Kotak if this wasn't you.,Bank,Hard_2
Cheque  no. 578477377436 for Rs.8099 has been cleared from A/c XX8835. -Axis Bank,Bank,Bank_8
Use code 9598 at checkout for 25% off at Amazon!,Promo,Hard_0
Rs.777 cashback credited to your PhonePe wallet. Use on your next order. STOP to opt out,Promo,Promo_21
UPI payment of Rs.87665 to Chakradev successful. UPI Ref: 676889627506. -ICICI Bank -TM,Bank,Bank_6
Missed our shows? Come back to Hotstar at 50% off for 3 months. Resubscribe: bit.ly/LEbavF,Promo,Promo_19
"Hi  Sudiksha, unlock Rs.608 off your first order at Myntra with code NEW37.",Promo,Promo_7
MEGA SALE! Get 80% OFF on all products at BigBasket. Shop now: bit.ly/sKQyiN T&C apply.,Promo,Promo_0
Your OTP is 734707. Use it to verify your Myntra account. Expires in 5 min. -TM,OTP,OTP_1
Ur SIM will be deactivated in 24hrs. Verify Aadhaar: bit.ly/kgPHYG,Spam,Hard_13
Swiggy: Free delivery all weekend! Order your favourites now.,Promo,Promo_13
Anmol from XpressBees is arriving with your package. Contact: +918078197336,Delivery,Delivery_6
YOUR A/C XX3962 IS DEBITED WITH RS.84215 ON 30-05-26. INFO: UPI-LAKSHIT. BAL: RS.100343,Bank,Bank_2
Your return pickup for order OD9676414746 is scheduled on 04 Jul. Keep the item ready. -Meesho,Delivery,Delivery_7
YOUR AMAZON ORDER OD6855100442 HAS BEEN SHIPPED VIA XPRESSBEES. TRACK: BIT.LY/EGSIOV,Delivery,Delivery_0
  UPI payment of Rs.5526 to Charvi successful. UPI Ref: 147163380481. -Axis Bank,Bank,Bank_6
  Pay Rs.1907 on delivery for order OD822617238. -DTDC,Delivery,Hard_10
Zomato Big Billion Days! Up to 50% off + extra 10% with HDFC Bank cards. Hurry!,Promo,Promo_1
OTP-based login was enabled for your A/c XX8935. Call SBI if this wasn't you.,Bank,Hard_2
  Your FD of Rs.18280 matures on 03-06-26. Renew or withdraw via netbanking. -ICICI Bank,Bank,Bank_14
Work from home! Earn INR 416288/month. Join: bit.ly/MNRbxo,Spam,Hard_14
Your  A/c XX9606 is debited with Rs.90207 on 15-03-26. Info: UPI-Vaishnavi. Bal: Rs.481084,Bank,Bank_2
Salary  of Rs.15294 credited to A/c XX8985. Avl Bal: Rs.458202. -HDFC Bank,Bank,Bank_7
OTP-based  login was enabled for your A/c XX6777. Call SBI if this wasn't you.,Bank,Hard_2
Delivered! Your Zomato order OD3110420488 was delivered on 03 Jul Rate your experience: bitly/zuvdcj,Delivery,Delivery_2
769577 is your verification code for PhonePe. Never share your OTP.,OTP,OTP_3
your one time password is 326967 for paytm. please do not share it.,OTP,OTP_5
Delivered! Your BigBasket order OD4064865602 was delivered on 06 Jul. Rate your experience: bit.ly/anfDvI,Delivery,Delivery_2
  Rs.48795 credited to A/c XX5374 on 22-06-26. Avl Bal: Rs.397558. -ICICI Bank,Bank,Bank_1
LOW BALANCE ALERT: A/C XX7964 BALANCE IS RS.86145. MAINTAIN MIN BALANCE TO AVOID CHARGES.,Bank,Bank_10
upi payment of rs.6784 to alexander successful. upi ref: 150119346820. -axis bank,Bank,Bank_6
  Your order OD8645966442 from Amazon is arriving tomorrow. Keep Rs.3764 ready for COD.,Delivery,Delivery_3
Your Uber code: 1001 STOP to opt out,OTP,Hard_8
305563 is your Hotstar security code. Anyone asking for it is a scammer. -TM,OTP,OTP_9
Beware of fraud calls asking for card details. Kotak officials never ask for PIN or CVV.,Bank,Bank_15
Convert your Axis Bank card purchase of Rs.935 into easy EMIs at 0% interest Reply YES,Promo,Promo_15
  Your Netflix plan renews on 03 Jul at Rs.120. Upgrade to 4K for Rs.286/month.,Promo,Promo_18
Exclusive  for you! Buy 1 Get 1 FREE at BigBasket. Limited period offer. Visit bit.ly/BidFZW,Promo,Promo_3
382661 is your verification code for Meesho. Never share your OTP.,OTP,OTP_3
Your Airtel pack expires tomorrow. Recharge with Rs.1108 for 3GB/day + unlimited calls. -TM,Promo,Promo_10
Recharge with Rs.1263 & get 10% extra talktime. Offer valid today only! T&C apply,Promo,Promo_5
Loved your recent Flipkart order? Reorder in 1 tap and get 30% off today.,Promo,Promo_22
Your SBI debit card XX3157 has been blocked due to suspicious activity. Visit branch or call 1800-XXX to unblock.,Bank,Bank_11
UPI payment of Rs.9718 to Bahadurjit successful. UPI Ref: 689133935905. -Axis Bank,Bank,Bank_6
Your OTP is 323073. Use it to verify your Netflix account. Expires in 30 min.,OTP,OTP_1
YOUR UBER CODE: 1974,OTP,Hard_8
Congratulations! You won INR 777451 in lucky draw. Claim: bit.ly/PotOSI,Spam,Hard_12
Use 18695 to complete your Swiggy registration. Valid till 15 mins.,OTP,OTP_4
Low balance alert: A/c XX3863 balance is Rs.233775. Maintain min balance to avoid charges.,Bank,Bank_10
YOUR ORDER OD1827621766 FROM AMAZON IS ARRIVING TOMORROW. KEEP RS.1549 READY FOR COD.,Delivery,Delivery_3
OTP for delivery of order OD5746668321 is 7085. Share only with the delivery agent. -XpressBees T&C apply,Delivery,Delivery_9
Use 133537 to complete your IRCTC registration. Valid till 30 mins.,OTP,OTP_4
Exclusive for you! Buy 1 Get 1 FREE at BigBasket. Limited period offer. Visit bit.ly/dJgTzK,Promo,Promo_3
Exclusive  for you! Buy 1 Get 1 FREE at Swiggy. Limited period offer. Visit bit.ly/KJkOsM,Promo,Promo_3
Your FD of Rs.6773 matures on 01-04-26. Renew or withdraw via netbanking. -Axis Bank,Bank,Bank_14
Enter 89967 to verify your mobile number for HDFC Bank.,OTP,OTP_10
  Beware of fraud calls asking for card details. SBI officials never ask for PIN or CVV.,Bank,Bank_15
ALERT: Rs.80654 withdrawn from ATM using card XX1365 on 28-04-26. Bal: Rs.287416. -SBI -TM,Bank,Bank_3
  Rs.51395 debited from A/c XX9866 on 25-04-26 to Warjas. Avl Bal: Rs.48768. -PNB,Bank,Bank_0
Your one time password is 552415 for Paytm. Please do not share it.,OTP,OTP_5
Ikbal  from Delhivery is arriving with your package. Contact: +910970562670,Delivery,Delivery_6
Out for delivery: Your Swiggy package OD9823556400 will arrive today by 3 PM. -BlueDart,Delivery,Delivery_1
Last day! Zomato clearance sale ends tonight Up to 50% off sitewide,Promo,Promo_8
Your Hotstar plan renews on 05 Jul at Rs.1589. Upgrade to 4K for Rs.246/month.,Promo,Promo_18
Interest of Rs.12692 credited to your FD A/c XX7118. -SBI STOP to opt out,Bank,Bank_9
your account statement for june is available. download from the hdfc bank app.,Bank,Bank_16
Rs.80024  credited to A/c XX5371 on 01-06-26. Avl Bal: Rs.79332. -PNB,Bank,Bank_1
Your  BOB debit card XX5212 has been blocked due to suspicious activity. Visit branch or call 1800-XXX to unblock.,Bank,Bank_11
Use 825324 to complete your Axis Bank registration. Valid till 30 mins.,OTP,OTP_4
Flat Rs.1767 cashback on your next order at Flipkart. Use code SAVE69. Valid till 02 Jul.,Promo,Promo_2
KYC update pending for A/c XX1277. Please visit your nearest Kotak branch by 27-01-26 to avoid restrictions.,Bank,Bank_12
EMI of Rs.93125 due on 09-04-26 for loan A/c XX4183 Pay now to avoid charges -PNB,Bank,Bank_4
You have 3342 reward points expiring on 02 Jul. Redeem on Myntra.,Promo,Promo_20
Interest of Rs.23225 credited to your FD A/c XX9956. -BOB,Bank,Bank_9
weekend special at bigbasket! min 30% off on everything. don't miss out: bit.ly/vazokq,Promo,Promo_6
189321 is your verification code for Swiggy. Never share your OTP.,OTP,OTP_3
  Your Airtel pack expires tomorrow. Recharge with Rs.299 for 1GB/day + unlimited calls.,Promo,Promo_10
Confirmation code 701431 for HDFC Bank. Keep it private. T&C apply,OTP,OTP_11
IRCTC:  Special trains added for festive season. Book early & save up to 80%.,Promo,Promo_17
<#> 85733 is your GPay code. Valid 2 min. hA8sk2Lqp3 -TM,OTP,OTP_13
Convert your Kotak card purchase of Rs.679 into easy EMIs at 0% interest. Reply YES. T&C apply,Promo,Promo_15
Weekend special at Flipkart! Min 50% off on everything. Don't miss out: bit.ly/rIpJGY STOP to opt out,Promo,Promo_6
  Your return pickup for order OD5602966408 is scheduled on 04 Jul. Keep the item ready. -Amazon,Delivery,Delivery_7
UPI payment of INR 32999 to Brijesh successful. UPI Ref: 509078580088. -HDFC Bank,Bank,Bank_6
Rs.97928 debited from A/c XX6442 on 27-03-26 to Girik Avl Bal: Rs.76417 -Axis Bank,Bank,Bank_0
  Your order OD6724986081 from Flipkart is arriving tomorrow. Keep Rs.4069 ready for COD.,Delivery,Delivery_3
flight fares dropped! del-pnq from rs.1073. book on ixigo before midnight.,Promo,Promo_16
USE CODE 9395 AT CHECKOUT FOR 50% OFF AT MYNTRA!,Promo,Hard_0
Confirmation code 128372 for Ola. Keep it private.,OTP,OTP_11
899864 is your OTP for ICICI Bank login. Valid for 10 minutes. Do not share with anyone.,OTP,OTP_0
OTP: 373227 FOR TXN OF RS.26334 AT ZOMATO. DO NOT SHARE. -KOTAK,OTP,OTP_2
  Exclusive for you! Buy 1 Get 1 FREE at Swiggy. Limited period offer. Visit bit.ly/tiJVtJ,Promo,Promo_3
Out for delivery: Your Meesho package OD1061224758 will arrive today by 3 PM. -DTDC -TM,Delivery,Delivery_1
Auto-pay of Rs.25938 to Ethan is scheduled on 28-06-26 from A/c XX5019. Ensure sufficient balance.,Bank,Bank_13
Cheque no. 126360160078 for Rs.31551 has been cleared from A/c XX1664. -SBI STOP to opt out,Bank,Bank_8
Dear customer ur Axis Bank account will be blocked! Update KYC now: bitly/uTluPN,Spam,Hard_11
your amazon order od5962081430 has been shipped via xpressbees. track: bit.ly/xmcemj,Delivery,Delivery_0
UPI PAYMENT OF RS.59462 TO VEDIKA SUCCESSFUL. UPI REF: 770929937290. -AXIS BANK,Bank,Bank_6
SALARY OF RS.83029 CREDITED TO A/C XX6919. AVL BAL: RS.52318. -BOB,Bank,Bank_7
your airtel pack expires tomorrow. recharge with rs.1804 for 1.5gb/day + unlimited calls.,Promo,Promo_10
Rs.93089 credited to A/c XX4915 on 31-05-26. Avl Bal: Rs.338482. -Axis Bank,Bank,Bank_1
Hungry? Get 70% off up to Rs.895 on ur next 3 orders. Code: EAT98. -Zomato,Promo,Promo_12
Loved your recent Flipkart order? Reorder in 1 tap and get 70% off today.,Promo,Promo_22
Pre-approved! Get a Axis Bank credit card with Rs.367302 limit. Zero joining fee. Apply: bit.ly/mZEZFF,Promo,Promo_14
Your Uber code: 7760,OTP,Hard_8
Use 694333 to complete your HDFC Bank registration. Valid till 5 mins.,OTP,OTP_4
Hungry? Get 10% off up to Rs.1459 on your next 3 orders. Code: EAT25. -Zomato,Promo,Promo_12
YOUR FD OF RS.40430 MATURES ON 20-03-26. RENEW OR WITHDRAW VIA NETBANKING. -ICICI BANK,Bank,Bank_14
Use code 8135 at checkout for 10% off at BigBasket!,Promo,Hard_0
437216 - use this code to sign in to BOB. Never share it with anyone.,OTP,OTP_7
Exclusive for you! Buy 1 Get 1 FREE at Zomato. Limited period offer. Visit bit.ly/PiNazK,Promo,Promo_3
DTDC: Shipment OD9451630985 reached your city hub. Expected delivery: 01 Jul.,Delivery,Delivery_4
Delhivery: Shipment OD1350556566 reached your city hub. Expected delivery: 05 Jul.,Delivery,Delivery_4
Rs.37188 credited to A/c XX5275 on 26-01-26. Avl Bal: Rs.32037. -Axis Bank,Bank,Bank_1
Enter 916923 to verify your mobile number for Myntra.,OTP,OTP_10
Flipkart: Your cart misses you! Complete purchase now & get 60% off. bit.ly/sPrPwC,Promo,Promo_4
Your Meesho membership expires soon. Renew now & save 60%: bit.ly/QnSgFl,Promo,Promo_9
Rs.1560 cashback credited to your PhonePe wallet. Use on your next order.,Promo,Promo_21
Weekend special at Amazon! Min 60% off on everything. Don't miss out: bit.ly/WXaSue,Promo,Promo_6
Salary of Rs.87241 credited to A/c XX9171. Avl Bal: Rs.345856. -SBI,Bank,Bank_7
Use code 6484 at checkout for 25% off at BigBasket!,Promo,Hard_0
BlueDart: Shipment OD6191614642 reached your city hub Expected delivery: 03 Jul,Delivery,Delivery_4
747641 IS YOUR OTP FOR BIGBASKET LOGIN. VALID FOR 10 MINUTES. DO NOT SHARE WITH ANYONE.,OTP,OTP_0
Your Jio pack expires tomorrow. Recharge with Rs.1498 for 1GB/day + unlimited calls.,Promo,Promo_10
Order OD4548814213 packed and ready! Expected dispatch by 01 Jul. -BigBasket,Delivery,Delivery_8
xpressbees: shipment od1041727642 reached your city hub. expected delivery: 04 jul.,Delivery,Delivery_4
Your account statement for August is available. Download from the Axis Bank app.,Bank,Bank_16
Work from home! Earn Rs.1463173/month. Join: bit.ly/toagub,Spam,Hard_14
Delivered! Your Myntra order OD6859276243 was delivered on 06 Jul. Rate your experience: bit.ly/PYueZk,Delivery,Delivery_2
Meesho: Your cart misses you! Complete purchase now & get 10% off bitly/nNKhBE,Promo,Promo_4
Recharge with Rs.767 & get 20% extra talktime. Offer valid today only!,Promo,Promo_5
Dear customer ur Axis Bank account will be blocked! Update KYC now: bit.ly/gkoqFi,Spam,Hard_11
Hungry? Get 40% off up to Rs.853 on your next 3 orders. Code: EAT40. -Swiggy,Promo,Promo_12
YOUR MYNTRA MEMBERSHIP EXPIRES SOON. RENEW NOW & SAVE 80%: BIT.LY/ASIIPE,Promo,Promo_9
  Your Zomato membership expires soon. Renew now & save 50%: bit.ly/FdLxxa,Promo,Promo_9
Your  return pickup for order OD1709034023 is scheduled on 06 Jul. Keep the item ready. -Myntra,Delivery,Delivery_7
Your BigBasket membership expires soon. Renew now & save 70%: bit.ly/ArTWib,Promo,Promo_9
Order OD2254074947 packed and ready! Expected dispatch by 01 Jul. -Meesho -TM,Delivery,Delivery_8
Order OD7930272531 packed and ready! Expected dispatch by 02 Jul. -Meesho,Delivery,Delivery_8
<#> 672755 is your Ola code. Valid 2 min. hA8sk2Lqp3,OTP,OTP_13
ALERT: Rs.93451 withdrawn from ATM using card XX9223 on 05-02-26. Bal: Rs.119827. -PNB,Bank,Bank_3
G-340010 IS YOUR GOOGLE VERIFICATION CODE.,OTP,OTP_12
Your order OD8378050366 from BigBasket is arriving tomorrow. Keep Rs.1088 ready for COD.,Delivery,Delivery_3
"Hi Jagrati, unlock Rs.753 off your first order at Myntra with code NEW55.",Promo,Promo_7
851247 is ur Hotstar security code. Anyone asking for it is a scammer.,OTP,OTP_9
Use 541804 to complete your Meesho registration. Valid till 30 mins.,OTP,OTP_4
Recharge with Rs.1780 & get 50% extra talktime. Offer valid today only!,Promo,Promo_5
Missed  our shows? Come back to Hotstar at 50% off for 3 months. Resubscribe: bit.ly/YdVsPq,Promo,Promo_19
Last day! Flipkart clearance sale ends tonight. Up to 20% off sitewide.,Promo,Promo_8
emi of rs.99380 due on 10-03-26 for loan a/c xx5004. pay now to avoid charges. -icici bank,Bank,Bank_4
Ur Zomato order OD4222857035 has been shipped via DTDC. Track: bit.ly/DDgtbq,Delivery,Delivery_0
Your Jio pack expires tomorrow Recharge with Rs.1746 for 1.5GB/day + unlimited calls,Promo,Promo_10
rs.72862 debited from a/c xx7530 on 15-01-26 to yashawini. avl bal: rs.80116. -icici bank,Bank,Bank_0
"Bro send me Rs.281 on gpay, will return by 06 Jul",Personal,Hard_5
YOUR ACCOUNT STATEMENT FOR AUGUST IS AVAILABLE. DOWNLOAD FROM THE AXIS BANK APP.,Bank,Bank_16
Exclusive for you! Buy 1 Get 1 FREE at Amazon. Limited period offer. Visit bit.ly/FYvkKX,Promo,Promo_3
  OTP-based login was enabled for your A/c XX6812. Call ICICI Bank if this wasn't you.,Bank,Hard_2
Salary of Rs.71027 credited to A/c XX5984. Avl Bal: Rs.464055. -Axis Bank,Bank,Bank_7
Your Swiggy membership expires soon Renew now & save 30%: bitly/UWneQK,Promo,Promo_9
Missed our shows? Come back to Prime Video at 50% off for 3 months. Resubscribe: bit.ly/XmevgX,Promo,Promo_19
Missed  our shows? Come back to Prime Video at 50% off for 3 months. Resubscribe: bit.ly/UkuGao,Promo,Promo_19
Your order OD9738212511 from Myntra is arriving tomorrow. Keep Rs.2729 ready for COD. -TM,Delivery,Delivery_3
Interest of Rs.9021 credited to your FD A/c XX9154. -SBI,Bank,Bank_9
PNB: 985226 is your login OTP. It expires in 15 minutes.,OTP,OTP_6
Cheque no. 900777817889 for Rs.29411 has been cleared from A/c XX9458. -HDFC Bank T&C apply,Bank,Bank_8
Pre-approved! Get a HDFC Bank credit card with Rs.84510 limit. Zero joining fee. Apply: bit.ly/PlPjJW,Promo,Promo_14
Noah from BlueDart is arriving with your package. Contact: +919271157241 T&C apply,Delivery,Delivery_6
Your account statement for August is available. Download from the Kotak app.,Bank,Bank_16
Uber: 897820 is your login OTP. It expires in 10 minutes. STOP to opt out,OTP,OTP_6
YOUR ONE TIME PASSWORD IS 890023 FOR NETFLIX. PLEASE DO NOT SHARE IT.,OTP,OTP_5
897172 is your verification code for IRCTC. Never share your OTP.,OTP,OTP_3
G-865242  is your Google verification code.,OTP,OTP_12
Pay Rs.2063 on delivery for order OD664304972. -XpressBees,Delivery,Hard_10
DEAR CUSTOMER UR BOB ACCOUNT WILL BE BLOCKED! UPDATE KYC NOW: BIT.LY/ZDAUNG,Spam,Hard_11
Convert your Kotak card purchase of INR 992 into easy EMIs at 0% interest. Reply YES.,Promo,Promo_15
ALERT: Rs.57313 withdrawn from ATM using card XX3186 on 10-01-26. Bal: Rs.353354. -SBI,Bank,Bank_3
Convert your BOB card purchase of Rs.98 into easy EMIs at 0% interest Reply YES,Promo,Promo_15
Pay Rs.865 on delivery for order OD119380923. -Delhivery T&C apply,Delivery,Hard_10
Congratulations!  You won Rs.1885050 in lucky draw. Claim: bit.ly/ypsNri,Spam,Hard_12
g-511294 is your google verification code.,OTP,OTP_12
Swiggy: Free delivery all weekend! Order your favourites now.,Promo,Promo_13
KYC UPDATE PENDING FOR A/C XX6712. PLEASE VISIT YOUR NEAREST ICICI BANK BRANCH BY 03-04-26 TO AVOID RESTRICTIONS.,Bank,Bank_12
Work from home! Earn Rs.563047/month Join: bitly/GeryHK,Spam,Hard_14
"  Bro send me Rs.802 on gpay, will return by 06 Jul",Personal,Hard_5
Your Uber code: 6498 STOP to opt out,OTP,Hard_8
Rs.70571  credited to A/c XX9191 on 28-05-26. Avl Bal: Rs.178394. -BOB,Bank,Bank_1
"Class shifted to room 9404, come fast",Personal,Hard_6
G-691743 is your Google verification code.,OTP,OTP_12
  XpressBees: Shipment OD1103917887 reached your city hub. Expected delivery: 02 Jul.,Delivery,Delivery_4
Your Netflix plan renews on 06 Jul at Rs.773 Upgrade to 4K for Rs.249/month,Promo,Promo_18
"Never share your OTP, PIN or CVV. Kotak never asks for these. Stay safe.",Bank,Hard_3
Salary of Rs.11832 credited to A/c XX2809. Avl Bal: Rs.348693. -Kotak,Bank,Bank_7
Congratulations! You won Rs.465109 in lucky draw. Claim: bit.ly/pqjAOc,Spam,Hard_12
Your one time password is 996312 for GPay. Please do not share it.,OTP,OTP_5
Use code 8823 at checkout for 50% off at Swiggy! -TM,Promo,Hard_0
Swiggy: 956124 is your login OTP. It expires in 30 minutes.,OTP,OTP_6
UPI payment of Rs.23586 to Wahab successful. UPI Ref: 128619564151. -Kotak,Bank,Bank_6
<#> 887961 is your Paytm code. Valid 15 min. hA8sk2Lqp3,OTP,OTP_13
<#> 578497 is your PNB code. Valid 15 min. hA8sk2Lqp3,OTP,OTP_13
G-74135 is your Google verification code.,OTP,OTP_12
Work from home! Earn Rs.960316/month. Join: bit.ly/oRXBfJ,Spam,Hard_14
  Items in your order history are back in stock at Flipkart. Prices start Rs.608.,Promo,Promo_23
Rs.1167 cashback credited to your Paytm wallet. Use on your next order.,Promo,Promo_21
101593 - use this to sign in. Never share this code with anyone.,OTP,Hard_7
Zomato Big Billion Days! Up to 50% off + extra 10% with ICICI Bank cards. Hurry!,Promo,Promo_1
<#>  519531 is your BigBasket code. Valid 2 min. hA8sk2Lqp3,OTP,OTP_13
Out for delivery: Your Meesho package OD4421321327 will arrive today by 6 PM. -Ekart,Delivery,Delivery_1
Delhivery:  Shipment OD8199805155 reached your city hub. Expected delivery: 02 Jul.,Delivery,Delivery_4
"your bob health insurance renewal is due 03 jul. renew online, save 60% on premium.",Promo,Promo_24
Beware of fraud calls asking for card details. SBI officials never ask for PIN or CVV.,Bank,Bank_15
Interest of INR 45397 credited to your FD A/c XX9706. -HDFC Bank,Bank,Bank_9
OTP-based login was enabled for ur A/c XX8711. Call ICICI Bank if this wasn't you.,Bank,Hard_2
YOUR ONE TIME PASSWORD IS 619956 FOR GPAY. PLEASE DO NOT SHARE IT.,OTP,OTP_5
"Hey, my new number is 06097419954. Save it! Meet at noon?",Personal,Hard_4
Congratulations! You won Rs.2164354 in lucky draw. Claim: bit.ly/qAIYPS,Spam,Hard_12
Your OTP is 859180. Use it to verify your Meesho account. Expires in 5 min.,OTP,OTP_1
Your FD of Rs.45220 matures on 24-01-26. Renew or withdraw via netbanking. -HDFC Bank,Bank,Bank_14
879324 - use this code to sign in to Paytm. Never share it with anyone.,OTP,OTP_7
SALARY OF RS.67019 CREDITED TO A/C XX1324. AVL BAL: RS.481174. -HDFC BANK,Bank,Bank_7
Your one time password is 563614 for PNB Please do not share it,OTP,OTP_5
  Rs.74640 credited to A/c XX8795 on 23-04-26. Avl Bal: Rs.317318. -Kotak,Bank,Bank_1
Your one time password is 596684 for Zomato. Please do not share it. T&C apply,OTP,OTP_5
Beware of fraud calls asking for card details. PNB officials never ask for PIN or CVV.,Bank,Bank_15
Your Swiggy membership expires soon. Renew now & save 40%: bit.ly/skwQbX,Promo,Promo_9
OTP: 898842 for txn of Rs.35869 at Netflix. Do not share. -Kotak,OTP,OTP_2
RECHARGE WITH RS.175 & GET 40% EXTRA TALKTIME. OFFER VALID TODAY ONLY!,Promo,Promo_5
Delivery  attempt failed for order OD5877972867. We will retry tomorrow. -Ekart,Delivery,Delivery_5
"Your Kotak health insurance renewal is due 05 Jul. Renew online, save 60% on premium.",Promo,Promo_24
Your one time password is 72846 for Ola. Please do not share it.,OTP,OTP_5
Out  for delivery: Your Meesho package OD5289743390 will arrive today by 12 PM. -DTDC,Delivery,Delivery_1
"BRO SEND ME RS.1704 ON GPAY, WILL RETURN BY 04 JUL",Personal,Hard_5
Your Uber code: 2629,OTP,Hard_8
  Auto-pay of Rs.60371 to Aditya is scheduled on 06-07-26 from A/c XX4082. Ensure sufficient balance.,Bank,Bank_13
Your  return pickup for order OD4997146581 is scheduled on 02 Jul. Keep the item ready. -Amazon,Delivery,Delivery_7
Interest of Rs.29526 credited to your FD A/c XX2167. -HDFC Bank,Bank,Bank_9
Your one time password is 232513 for Amazon. Please do not share it.,OTP,OTP_5
UPI payment of Rs.28046 to Zehaan successful. UPI Ref: 635862048210. -PNB -TM,Bank,Bank_6
otp for delivery of order od1262036681 is 7442. share only with the delivery agent. -delhivery,Delivery,Delivery_9
Your A/c XX4740 is debited with Rs.44832 on 25-01-26 Info: UPI-Avni Bal: Rs.322445,Bank,Bank_2
your credit card xx9165 statement is ready. total due: rs.45590. min due: rs.612. -hdfc bank,Bank,Bank_5
Your credit card XX4999 statement is ready Total due: Rs.12239 Min due: Rs.4535 -Kotak,Bank,Bank_5
G-139761 is your Google verification code.,OTP,OTP_12
Your Axis Bank debit card XX6311 has been blocked due to suspicious activity. Visit branch or call 1800-XXX to unblock.,Bank,Bank_11
"Hi Amruta, unlock INR 1841 off your first order at Myntra with code NEW38.",Promo,Promo_7
ALERT: INR 33781 withdrawn from ATM using card XX2798 on 15-04-26. Bal: INR 487806. -SBI,Bank,Bank_3
last day! flipkart clearance sale ends tonight. up to 80% off sitewide.,Promo,Promo_8
Tap to verify: 251222 This code expires shortly,OTP,Hard_9
634016  - use this to sign in. Never share this code with anyone.,OTP,Hard_7
Recharge with Rs.1326 & get 60% extra talktime. Offer valid today only!,Promo,Promo_5
Delivery attempt failed for order OD6366231170. We will retry tomorrow. -XpressBees,Delivery,Delivery_5
"Class  shifted to room 7478, come fast",Personal,Hard_6
Coupon 2511 gives you free delivery on orders above Rs.2522. -Amazon,Promo,Hard_1
Rs.61319 debited from A/c XX8657 on 08-02-26 to Faqid. Avl Bal: Rs.94995. -Kotak,Bank,Bank_0
  Out for delivery: Your Zomato package OD7082096246 will arrive today by 3 PM. -BlueDart,Delivery,Delivery_1
CHEQUE NO. 577840769067 FOR RS.48596 HAS BEEN CLEARED FROM A/C XX2203. -SBI,Bank,Bank_8
Interest of Rs.55045 credited to your FD A/c XX5562. -BOB,Bank,Bank_9
KYC update pending for A/c XX9553. Please visit your nearest Axis Bank branch by 29-04-26 to avoid restrictions.,Bank,Bank_12
13785 is your OTP for Uber login. Valid for 5 minutes. Do not share with anyone.,OTP,OTP_0
rs.88494 debited from a/c xx2672 on 11-02-26 to inaya. avl bal: rs.394926. -axis bank,Bank,Bank_0
IRCTC: Special trains added for festive season. Book early & save up to 40%.,Promo,Promo_17
enter 142469 to verify your mobile number for phonepe.,OTP,OTP_10
"hey, my new number is 02774127096. save it! meet at 8?",Personal,Hard_4
Convert your Axis Bank card purchase of Rs.1370 into easy EMIs at 0% interest. Reply YES.,Promo,Promo_15
Weekend  special at Zomato! Min 10% off on everything. Don't miss out: bit.ly/oWsNAH,Promo,Promo_6
Your Netflix plan renews on 06 Jul at Rs.629. Upgrade to 4K for Rs.333/month.,Promo,Promo_18
OTP: 521715 for txn of Rs.13231 at BOB. Do not share. -SBI,OTP,OTP_2
Interest of Rs.98651 credited to your FD A/c XX4297. -SBI,Bank,Bank_9
540842 - use this to sign in. Never share this code with anyone.,OTP,Hard_7
Your Kotak code: 109611,OTP,OTP_8
Auto-pay of Rs.20965 to Rajeshri is scheduled on 19-05-26 from A/c XX6998. Ensure sufficient balance.,Bank,Bank_13
your sonyliv plan renews on 06 jul at rs.867. upgrade to 4k for rs.573/month.,Promo,Promo_18
Swiggy Big Billion Days! Up to 40% off + extra 10% with Axis Bank cards. Hurry!,Promo,Promo_1
weekend special at flipkart! min 10% off on everything. don't miss out: bit.ly/fdonem,Promo,Promo_6
Your account statement for August is available. Download from the SBI app.,Bank,Bank_16
work from home! earn rs.1924628/month. join: bit.ly/jbncou,Spam,Hard_14
Pay Rs.503 on delivery for order OD832670393. -Delhivery,Delivery,Hard_10
Jacob from Delhivery is arriving with ur package. Contact: +911090005441,Delivery,Delivery_6
Weekend special at Amazon! Min 60% off on everything Don't miss out: bitly/XzDwdd,Promo,Promo_6
Ur SIM will be deactivated in 24hrs. Verify Aadhaar: bit.ly/jcNyqI,Spam,Hard_13
Your  Kotak debit card XX5310 has been blocked due to suspicious activity. Visit branch or call 1800-XXX to unblock.,Bank,Bank_11
  UPI payment of Rs.74121 to Hemang successful. UPI Ref: 692772998349. -BOB,Bank,Bank_6
out for delivery: your meesho package od9006275015 will arrive today by 3 pm. -ekart,Delivery,Delivery_1
INR 467 cashback credited to your Amazon Pay wallet. Use on your next order.,Promo,Promo_21
KYC update pending for A/c XX6008. Please visit your nearest ICICI Bank branch by 09-04-26 to avoid restrictions.,Bank,Bank_12
Use 192151 to complete your Kotak registration. Valid till 15 mins.,OTP,OTP_4
Low balance alert: A/c XX3334 balance is Rs.323882. Maintain min balance to avoid charges.,Bank,Bank_10
Pay Rs.2586 on delivery for order OD294755708. -BlueDart -TM,Delivery,Hard_10
  Delivery attempt failed for order OD1964387090. We will retry tomorrow. -DTDC,Delivery,Delivery_5
auto-pay of rs.19360 to anthony is scheduled on 23-01-26 from a/c xx2754. ensure sufficient balance.,Bank,Bank_13
alert: rs.32466 withdrawn from atm using card xx2046 on 29-03-26. bal: rs.1845. -axis bank,Bank,Bank_3
Your order OD5378223904 from Zomato is arriving tomorrow. Keep Rs.428 ready for COD.,Delivery,Delivery_3
Your one time password is 623993 for Axis Bank. Please do not share it.,OTP,OTP_5
congratulations! you won rs.1454406 in lucky draw. claim: bit.ly/lfetno,Spam,Hard_12
OTP: 58354 for txn of Rs.18176 at BOB. Do not share. -HDFC Bank T&C apply,OTP,OTP_2
Your return pickup for order OD5721563318 is scheduled on 04 Jul. Keep the item ready. -Swiggy,Delivery,Delivery_7
"Never share your OTP, PIN or CVV PNB never asks for these Stay safe",Bank,Hard_3
Your PNB code: 996807,OTP,OTP_8
"Hey, my new number is +917881289784. Save it! Meet at noon?",Personal,Hard_4
Use code 3754 at checkout for 10% off at Amazon!,Promo,Hard_0
Your Flipkart order OD6878299209 has been shipped via BlueDart. Track: bit.ly/qsftqt,Delivery,Delivery_0
Use code 8930 at checkout for 10% off at Zomato!,Promo,Hard_0
DELIVERY ATTEMPT FAILED FOR ORDER OD7735688582. WE WILL RETRY TOMORROW. -EKART,Delivery,Delivery_5
YOUR SIM WILL BE DEACTIVATED IN 24HRS. VERIFY AADHAAR: BIT.LY/GBLEBG,Spam,Hard_13
Last day! Meesho clearance sale ends tonight. Up to 20% off sitewide.,Promo,Promo_8
Out for delivery: Your Meesho package OD5209633312 will arrive today by 6 PM. -Ekart,Delivery,Delivery_1
interest of rs.73844 credited to your fd a/c xx1351. -axis bank,Bank,Bank_9
Your Flipkart membership expires soon. Renew now & save 30%: bit.ly/lUiRrS STOP to opt out,Promo,Promo_9
Missed our shows? Come back to Prime Video at 50% off for 3 months. Resubscribe: bit.ly/NwBilZ,Promo,Promo_19
OTP: 389008 for txn of Rs.39459 at SBI. Do not share. -SBI,OTP,OTP_2
Dear customer ur BOB account will be blocked! Update KYC now: bit.ly/ogBbkw,Spam,Hard_11
  Beware of fraud calls asking for card details. Axis Bank officials never ask for PIN or CVV.,Bank,Bank_15
Your BigBasket order OD6474907916 has been shipped via DTDC. Track: bit.ly/kGEIJA T&C apply,Delivery,Delivery_0
Use 725410 to complete your Hotstar registration. Valid till 30 mins. -TM,OTP,OTP_4
flipkart big billion days! up to 60% off + extra 10% with hdfc bank cards. hurry!,Promo,Promo_1
IRCTC: Special trains added for festive season. Book early & save up to 10%.,Promo,Promo_17
"Never share your OTP, PIN or CVV. Kotak never asks for these. Stay safe. STOP to opt out",Bank,Hard_3
192978 is your IRCTC security code. Anyone asking for it is a scammer.,OTP,OTP_9
Enter 641158 to verify your mobile number for Uber.,OTP,OTP_10
OTP-BASED LOGIN WAS ENABLED FOR YOUR A/C XX9432. CALL ICICI BANK IF THIS WASN'T YOU.,Bank,Hard_2
Pay Rs.460 on delivery for order OD637206881. -DTDC,Delivery,Hard_10
ALERT:  Rs.72466 withdrawn from ATM using card XX5225 on 01-07-26. Bal: Rs.49616. -ICICI Bank,Bank,Bank_3
Your  Netflix plan renews on 04 Jul at Rs.604. Upgrade to 4K for Rs.559/month.,Promo,Promo_18
Your  SBI debit card XX6244 has been blocked due to suspicious activity. Visit branch or call 1800-XXX to unblock.,Bank,Bank_11
You have 936 reward points expiring on 05 Jul. Redeem on Meesho.,Promo,Promo_20
pay rs.3435 on delivery for order od338836518. -delhivery,Delivery,Hard_10
EMI OF RS.46794 DUE ON 21-02-26 FOR LOAN A/C XX7709. PAY NOW TO AVOID CHARGES. -HDFC BANK,Bank,Bank_4
Brijesh  from Delhivery is arriving with your package. Contact: 08612476635,Delivery,Delivery_6
RS.126 CREDITED TO A/C XX4760 ON 08-03-26. AVL BAL: RS.298874. -SBI,Bank,Bank_1
G-80291 IS YOUR GOOGLE VERIFICATION CODE.,OTP,OTP_12
Your FD of Rs.63074 matures on 25-01-26. Renew or withdraw via netbanking. -HDFC Bank,Bank,Bank_14
<#> 519303 is your SBI code Valid 2 min hA8sk2Lqp3,OTP,OTP_13
YOUR UBER CODE: 7353,OTP,Hard_8
Your Hotstar plan renews on 06 Jul at Rs.1844. Upgrade to 4K for Rs.592/month.,Promo,Promo_18
  Your credit card XX4130 statement is ready. Total due: Rs.6592. Min due: Rs.3565. -SBI,Bank,Bank_5
"Never  share your OTP, PIN or CVV. BOB never asks for these. Stay safe.",Bank,Hard_3
  Interest of Rs.10395 credited to your FD A/c XX1825. -PNB,Bank,Bank_9
G-281610  is your Google verification code.,OTP,OTP_12
Enter 600895 to verify your mobile number for IRCTC.,OTP,OTP_10
Swiggy: 39690 is your login OTP It expires in 30 minutes,OTP,OTP_6
  Cheque no. 759719674717 for Rs.82407 has been cleared from A/c XX6644. -Axis Bank,Bank,Bank_8
<#> 10418 is your HDFC Bank code. Valid 10 min. hA8sk2Lqp3,OTP,OTP_13
627277 - use this code to sign in to GPay. Never share it with anyone.,OTP,OTP_7
Hungry? Get 60% off up to Rs.1927 on ur next 3 orders. Code: EAT43. -Zomato,Promo,Promo_12
Low balance alert: A/c XX3516 balance is Rs.128069 Maintain min balance to avoid charges,Bank,Bank_10
  Pay Rs.240 on delivery for order OD322896350. -Ekart,Delivery,Hard_10
Congratulations! U won Rs.1993324 in lucky draw. Claim: bit.ly/eXoWzM,Spam,Hard_12
confirmation code 531652 for sbi. keep it private.,OTP,OTP_11
576152 - USE THIS CODE TO SIGN IN TO ICICI BANK. NEVER SHARE IT WITH ANYONE.,OTP,OTP_7
Zomato: 439678 is your login OTP. It expires in 15 minutes.,OTP,OTP_6
Your FD of Rs.55593 matures on 20-02-26. Renew or withdraw via netbanking. -ICICI Bank,Bank,Bank_14
Data exhausted? Get 1.5GB extra with Rs.1224 booster pack Dial *121# or visit app,Promo,Promo_11
OTP: 535729 for txn of Rs.26735 at Hotstar Do not share -ICICI Bank,OTP,OTP_2
Interest of Rs.1534 credited to ur FD A/c XX2243. -BOB,Bank,Bank_9
KYC  update pending for A/c XX9386. Please visit your nearest SBI branch by 30-04-26 to avoid restrictions.,Bank,Bank_12
Order  OD9297118005 packed and ready! Expected dispatch by 05 Jul. -Swiggy,Delivery,Delivery_8
529546 - use this code to sign in to Meesho. Never share it with anyone.,OTP,OTP_7
Delivered!  Your BigBasket order OD2138313885 was delivered on 04 Jul. Rate your experience: bit.ly/sYfDxL,Delivery,Delivery_2
Use code 7381 at checkout for 50% off at Zomato!,Promo,Hard_0
Exclusive for you! Buy 1 Get 1 FREE at Zomato. Limited period offer. Visit bit.ly/HTQyTM,Promo,Promo_3
Flat Rs.1807 cashback on your next order at Meesho. Use code SAVE47. Valid till 03 Jul.,Promo,Promo_2
Rs.528 cashback credited to your Paytm wallet. Use on your next order.,Promo,Promo_21
Your credit card XX9751 statement is ready. Total due: INR 50152. Min due: INR 2975. -Axis Bank,Bank,Bank_5
Swiggy: Free delivery all weekend! Order your favourites now.,Promo,Promo_13
Ola: 349045 is your login OTP. It expires in 15 minutes.,OTP,OTP_6
G-86215 is your Google verification code. -TM,OTP,OTP_12
YOUR UBER CODE: 3793,OTP,Hard_8
Your one time password is 312625 for Swiggy. Please do not share it.,OTP,OTP_5
Work from home! Earn Rs.1212908/month Join: bitly/wpuhRh,Spam,Hard_14
Delivered! Your Zomato order OD8638255426 was delivered on 04 Jul. Rate your experience: bit.ly/agvvlg,Delivery,Delivery_2
Work from home! Earn Rs.415091/month. Join: bit.ly/ThYEoL,Spam,Hard_14
"hi kashvi, unlock rs.1611 off your first order at meesho with code new64.",Promo,Promo_7
Flight  fares dropped! HYD-LKO from Rs.1585. Book on MakeMyTrip before midnight.,Promo,Promo_16
"Class shifted to room 8912, come fast -TM",Personal,Hard_6
Recharge with Rs.296 & get 60% extra talktime. Offer valid today only!,Promo,Promo_5
Hungry? Get 80% off up to Rs.1285 on your next 3 orders Code: EAT80 -Zomato,Promo,Promo_12
Cheque no. 497215942055 for Rs.38745 has been cleared from A/c XX6805. -BOB,Bank,Bank_8
  Weekend special at Myntra! Min 50% off on everything. Don't miss out: bit.ly/VRoCYg,Promo,Promo_6
Order OD7565366732 packed and ready! Expected dispatch by 02 Jul. -Zomato,Delivery,Delivery_8
Missed our shows? Come back to Netflix at 50% off for 3 months. Resubscribe: bit.ly/TGXRIF,Promo,Promo_19
  Your Meesho membership expires soon. Renew now & save 10%: bit.ly/lgnoFI,Promo,Promo_9
Pre-approved! Get a PNB credit card with Rs.125224 limit. Zero joining fee. Apply: bit.ly/vFvAeK,Promo,Promo_14
Your OTP is 228953. Use it to verify your HDFC Bank account. Expires in 2 min.,OTP,OTP_1
Myntra: Your cart misses you! Complete purchase now & get 60% off bitly/zHMYoj,Promo,Promo_4
ALERT: Rs.69622 withdrawn from ATM using card XX4991 on 18-03-26. Bal: Rs.360986. -PNB,Bank,Bank_3
OTP for delivery of order OD7734818821 is 4138. Share only with the delivery agent. -Delhivery,Delivery,Delivery_9
Interest of Rs.4090 credited to your FD A/c XX3348. -Axis Bank -TM,Bank,Bank_9
Rishi from XpressBees is arriving with your package. Contact: 0683681312,Delivery,Delivery_6
Coupon 7537 gives you free delivery on orders above Rs.264. -Zomato,Promo,Hard_1
UPI  payment of Rs.18890 to Yashawini successful. UPI Ref: 152582142223. -PNB,Bank,Bank_6
order od7673633603 packed and ready! expected dispatch by 04 jul. -swiggy,Delivery,Delivery_8
"Ur BOB health insurance renewal is due 06 Jul. Renew online, save 70% on premium.",Promo,Promo_24
Myntra Big Billion Days! Up to 50% off + extra 10% with HDFC Bank cards. Hurry!,Promo,Promo_1
Flat Rs.252 cashback on your next order at Meesho. Use code SAVE59. Valid till 05 Jul.,Promo,Promo_2
"Class shifted to room 9096, come fast",Personal,Hard_6
Ekart: Shipment OD2078531198 reached your city hub. Expected delivery: 02 Jul.,Delivery,Delivery_4
  Out for delivery: Your BigBasket package OD1095268157 will arrive today by 12 PM. -XpressBees,Delivery,Delivery_1
Interest of Rs.82457 credited to your FD A/c XX1871. -Kotak,Bank,Bank_9
Your Uber code: 2239,OTP,Hard_8
974089  is your OTP for PhonePe login. Valid for 15 minutes. Do not share with anyone.,OTP,OTP_0
Missed  our shows? Come back to Hotstar at 50% off for 3 months. Resubscribe: bit.ly/XBACZU,Promo,Promo_19
Data exhausted? Get 1GB extra with INR 1969 booster pack. Dial *121# or visit app.,Promo,Promo_11
BOB: 203782 is your login OTP. It expires in 30 minutes.,OTP,OTP_6
Amazon: Your cart misses you! Complete purchase now & get 80% off. bit.ly/elYCou,Promo,Promo_4
YOUR ONE TIME PASSWORD IS 921713 FOR MEESHO. PLEASE DO NOT SHARE IT.,OTP,OTP_5
Flat Rs.1540 cashback on your next order at Zomato. Use code SAVE73. Valid till 06 Jul.,Promo,Promo_2
Congratulations! You won Rs.289327 in lucky draw Claim: bitly/QrxlfD,Spam,Hard_12
UPI payment of Rs.6064 to Tanvi successful. UPI Ref: 372681850855. -Kotak,Bank,Bank_6
Delhivery:  Shipment OD8409756708 reached your city hub. Expected delivery: 01 Jul.,Delivery,Delivery_4
RS.64213 DEBITED FROM A/C XX2330 ON 18-05-26 TO FARIS. AVL BAL: RS.415916. -HDFC BANK,Bank,Bank_0
"Never share your OTP, PIN or CVV. BOB never asks for these. Stay safe.",Bank,Hard_3
Beware of fraud calls asking for card details. BOB officials never ask for PIN or CVV.,Bank,Bank_15
  Your order OD8361067755 from BigBasket is arriving tomorrow. Keep Rs.2389 ready for COD.,Delivery,Delivery_3
ALERT: Rs.70643 withdrawn from ATM using card XX6826 on 09-05-26. Bal: Rs.229761. -Axis Bank,Bank,Bank_3
Flight  fares dropped! DEL-PNQ from Rs.1598. Book on ixigo before midnight.,Promo,Promo_16
Enter 57444 to verify ur mobile number for Flipkart.,OTP,OTP_10
use 61725 to complete your bigbasket registration. valid till 2 mins.,OTP,OTP_4
Ur Prime Video plan renews on 03 Jul at Rs.905. Upgrade to 4K for Rs.934/month.,Promo,Promo_18
Uber: 834705 is your login OTP. It expires in 2 minutes.,OTP,OTP_6
Interest of Rs.13323 credited to ur FD A/c XX9352. -ICICI Bank,Bank,Bank_9
Your OTP is 689317. Use it to verify your IRCTC account. Expires in 10 min.,OTP,OTP_1
Tap to verify: 330205 This code expires shortly,OTP,Hard_9
Your A/c XX2674 is debited with Rs.24915 on 19-03-26. Info: UPI-Warhi. Bal: Rs.197087 T&C apply,Bank,Bank_2
KYC update pending for A/c XX6589. Please visit your nearest Axis Bank branch by 01-05-26 to avoid restrictions.,Bank,Bank_12
Delivery  attempt failed for order OD2799613648. We will retry tomorrow. -BlueDart,Delivery,Delivery_5
Low balance alert: A/c XX6378 balance is Rs.282228. Maintain min balance to avoid charges.,Bank,Bank_10
OTP: 300922 for txn of Rs.24958 at HDFC Bank. Do not share. -PNB,OTP,OTP_2
Salary of Rs.43736 credited to A/c XX5364 Avl Bal: Rs.71688 -Kotak,Bank,Bank_7
Rs.15200 debited from A/c XX3007 on 21-05-26 to Noah. Avl Bal: Rs.497477. -SBI,Bank,Bank_0
Your BigBasket order OD6982592956 has been shipped via Delhivery. Track: bit.ly/uVhesc,Delivery,Delivery_0
G-676849 is ur Google verification code.,OTP,OTP_12
  Your Swiggy membership expires soon. Renew now & save 20%: bit.ly/YLrDZp,Promo,Promo_9
Pratyush from DTDC is arriving with ur package. Contact: +914739871082,Delivery,Delivery_6
Ur OTP is 549262. Use it to verify ur Kotak account. Expires in 15 min.,OTP,OTP_1
Hungry? Get 20% off up to Rs.165 on ur next 3 orders. Code: EAT61. -Swiggy,Promo,Promo_12
EMI of Rs.73990 due on 24-02-26 for loan A/c XX7862. Pay now to avoid charges. -BOB,Bank,Bank_4
848901 is your verification code for BOB. Never share your OTP.,OTP,OTP_3
INR 60346 credited to A/c XX3894 on 28-06-26. Avl Bal: INR 333990. -Kotak,Bank,Bank_1
Congratulations! You won Rs.142514 in lucky draw Claim: bitly/ArJNaI,Spam,Hard_12
YOUR RETURN PICKUP FOR ORDER OD3935198380 IS SCHEDULED ON 02 JUL. KEEP THE ITEM READY. -FLIPKART,Delivery,Delivery_7
Flipkart: Your cart misses you! Complete purchase now & get 20% off. bit.ly/IUEVnP STOP to opt out,Promo,Promo_4
"BRO SEND ME RS.812 ON GPAY, WILL RETURN BY 04 JUL",Personal,Hard_5
Delhivery:  Shipment OD7132526355 reached your city hub. Expected delivery: 03 Jul.,Delivery,Delivery_4
KYC update pending for A/c XX5697 Please visit your nearest Kotak branch by 15-03-26 to avoid restrictions,Bank,Bank_12
FLIGHT FARES DROPPED! BOM-LKO FROM RS.1403. BOOK ON IXIGO BEFORE MIDNIGHT.,Promo,Promo_16
Out for delivery: Your Meesho package OD8634799361 will arrive today by 12 PM. -Ekart,Delivery,Delivery_1
Zomato: Your cart misses you! Complete purchase now & get 30% off. bit.ly/lDkmom,Promo,Promo_4
Rs.15912 debited from A/c XX8265 on 01-03-26 to Bhavna. Avl Bal: Rs.416803. -Axis Bank T&C apply,Bank,Bank_0
Hungry? Get 70% off up to Rs.1442 on your next 3 orders. Code: EAT60. -Swiggy,Promo,Promo_12
OTP: 910270 for txn of Rs.19307 at Netflix. Do not share. -ICICI Bank -TM,OTP,OTP_2
OTP-based login was enabled for your A/c XX2587. Call SBI if this wasn't you.,Bank,Hard_2
"Hey, my new number is 03099011542. Save it! Meet at noon?",Personal,Hard_4
"Ur HDFC Bank health insurance renewal is due 06 Jul. Renew online, save 70% on premium.",Promo,Promo_24
Data exhausted? Get 1.5GB extra with INR 135 booster pack. Dial *121# or visit app.,Promo,Promo_11
"  Hi Christopher, unlock Rs.196 off your first order at Zomato with code NEW32.",Promo,Promo_7
Data exhausted? Get 2GB extra with Rs.837 booster pack. Dial *121# or visit app. -TM,Promo,Promo_11
Delivery attempt failed for order OD8804646115. We will retry tomorrow. -DTDC,Delivery,Delivery_5
Auto-pay of Rs.45799 to Hamsini is scheduled on 22-04-26 from A/c XX9738. Ensure sufficient balance.,Bank,Bank_13
964914  is your IRCTC security code. Anyone asking for it is a scammer.,OTP,OTP_9
rs.1318 cashback credited to your paytm wallet. use on your next order.,Promo,Promo_21
Enter 69789 to verify your mobile number for BigBasket.,OTP,OTP_10
Confirmation code 392701 for ICICI Bank. Keep it private.,OTP,OTP_11
Delivery attempt failed for order OD9638379852. We will retry tomorrow. -DTDC,Delivery,Delivery_5
549237 is your verification code for Paytm. Never share your OTP.,OTP,OTP_3
Your return pickup for order OD5732916180 is scheduled on 06 Jul. Keep the item ready. -Myntra,Delivery,Delivery_7
Flat Rs.594 cashback on your next order at Meesho. Use code SAVE20. Valid till 03 Jul.,Promo,Promo_2
<#> 418687 is ur Zomato code. Valid 15 min. hA8sk2Lqp3,OTP,OTP_13
Ur OTP is 261141. Use it to verify ur SBI account. Expires in 30 min.,OTP,OTP_1
Your Flipkart code: 359454 STOP to opt out,OTP,OTP_8
Your A/c XX1375 is debited with Rs.18209 on 20-01-26. Info: UPI-Ati. Bal: Rs.76545,Bank,Bank_2
109099 is your PNB security code. Anyone asking for it is a scammer.,OTP,OTP_9
  Convert your Axis Bank card purchase of Rs.438 into easy EMIs at 0% interest. Reply YES.,Promo,Promo_15
"Bro send me Rs.3681 on gpay, will return by 05 Jul",Personal,Hard_5
Delivered! Your Amazon order OD2065325541 was delivered on 02 Jul. Rate your experience: bit.ly/TJlfGM,Delivery,Delivery_2
  Your PNB debit card XX7751 has been blocked due to suspicious activity. Visit branch or call 1800-XXX to unblock.,Bank,Bank_11
Your return pickup for order OD1663748685 is scheduled on 01 Jul. Keep the item ready. -Myntra -TM,Delivery,Delivery_7
Pay Rs.2883 on delivery for order OD113643754. -XpressBees,Delivery,Hard_10
OTP: 345036 for txn of Rs.22416 at PNB Do not share -Axis Bank,OTP,OTP_2
TAP TO VERIFY: 872085. THIS CODE EXPIRES SHORTLY.,OTP,Hard_9
Cheque no. 720351349600 for Rs.87344 has been cleared from A/c XX6978. -Kotak,Bank,Bank_8
618779 - use this to sign in. Never share this code with anyone.,OTP,Hard_7
<#> 59619 is your Paytm code. Valid 5 min. hA8sk2Lqp3,OTP,OTP_13
Hungry? Get 10% off up to Rs.1391 on your next 3 orders. Code: EAT23. -Swiggy,Promo,Promo_12
Salary of Rs.78847 credited to A/c XX2654. Avl Bal: Rs.387853. -Kotak,Bank,Bank_7
netflix: 329370 is your login otp. it expires in 5 minutes.,OTP,OTP_6
Ur OTP is 278461. Use it to verify ur Hotstar account. Expires in 15 min.,OTP,OTP_1
UPI payment of Rs.23816 to Zayyan successful UPI Ref: 614247582792 -SBI,Bank,Bank_6
  Beware of fraud calls asking for card details. Kotak officials never ask for PIN or CVV.,Bank,Bank_15
Weekend special at Meesho! Min 70% off on everything. Don't miss out: bit.ly/RtDEgH,Promo,Promo_6
Out for delivery: Your Myntra package OD2173039593 will arrive today by 9 PM. -BlueDart,Delivery,Delivery_1
Beware of fraud calls asking for card details. HDFC Bank officials never ask for PIN or CVV.,Bank,Bank_15
Flat INR 1222 cashback on your next order at Myntra. Use code SAVE39. Valid till 06 Jul.,Promo,Promo_2
Ur Zomato membership expires soon. Renew now & save 30%: bit.ly/KqbFhx,Promo,Promo_9
Low balance alert: A/c XX7563 balance is Rs.260653. Maintain min balance to avoid charges.,Bank,Bank_10
KYC update pending for A/c XX2490. Please visit your nearest SBI branch by 29-06-26 to avoid restrictions.,Bank,Bank_12
ENTER 776005 TO VERIFY YOUR MOBILE NUMBER FOR GPAY.,OTP,OTP_10
YOUR KOTAK DEBIT CARD XX8983 HAS BEEN BLOCKED DUE TO SUSPICIOUS ACTIVITY. VISIT BRANCH OR CALL 1800-XXX TO UNBLOCK.,Bank,Bank_11
UPI payment of Rs.86589 to Yatan successful. UPI Ref: 411480720067. -ICICI Bank,Bank,Bank_6
  Hungry? Get 20% off up to Rs.195 on your next 3 orders. Code: EAT67. -Zomato,Promo,Promo_12
PAY RS.4931 ON DELIVERY FOR ORDER OD856774071. -DELHIVERY,Delivery,Hard_10
Confirmation code 380338 for Flipkart. Keep it private. -TM,OTP,OTP_11
upi payment of rs.60806 to meera successful. upi ref: 681654606990. -hdfc bank,Bank,Bank_6
Convert your SBI card purchase of Rs.590 into easy EMIs at 0% interest. Reply YES.,Promo,Promo_15
Tap to verify: 971211. This code expires shortly. STOP to opt out,OTP,Hard_9
  Your Myntra order OD4464344290 has been shipped via Delhivery. Track: bit.ly/KnyXtM,Delivery,Delivery_0
G-856816 is your Google verification code.,OTP,OTP_12
Cheque no. 206906309458 for Rs.53713 has been cleared from A/c XX7111. -ICICI Bank,Bank,Bank_8
Your BOB code: 642312,OTP,OTP_8
INR 74405 credited to A/c XX2618 on 20-03-26. Avl Bal: INR 438383. -SBI,Bank,Bank_1
Ur return pickup for order OD9759148350 is scheduled on 02 Jul. Keep the item ready. -Myntra,Delivery,Delivery_7
Exclusive for you! Buy 1 Get 1 FREE at Meesho. Limited period offer. Visit bit.ly/OomXxV,Promo,Promo_3
587941 is your Amazon security code. Anyone asking for it is a scammer.,OTP,OTP_9
Flat Rs.520 cashback on your next order at Swiggy Use code SAVE81 Valid till 05 Jul,Promo,Promo_2
mega sale! get 30% off on all products at myntra. shop now: bit.ly/jilibu t&c apply.,Promo,Promo_0
Loved your recent Amazon order? Reorder in 1 tap and get 80% off today.,Promo,Promo_22
347365 - use this to sign in Never share this code with anyone,OTP,Hard_7
Rs.21111 debited from A/c XX4014 on 04-06-26 to Pallavi Avl Bal: Rs.322483 -Axis Bank,Bank,Bank_0
beware of fraud calls asking for card details. pnb officials never ask for pin or cvv.,Bank,Bank_15
457835 - use this code to sign in to Uber. Never share it with anyone.,OTP,OTP_7
XpressBees:  Shipment OD4407261468 reached your city hub. Expected delivery: 05 Jul.,Delivery,Delivery_4
INR 93338 credited to A/c XX9339 on 01-01-26. Avl Bal: INR 228480. -Kotak,Bank,Bank_1
your a/c xx7444 is debited with rs.84722 on 19-03-26. info: upi-yauvani. bal: rs.364811,Bank,Bank_2
OTP for delivery of order OD3443729124 is 5521. Share only with the delivery agent. -DTDC,Delivery,Delivery_9
Delivered! Your Flipkart order OD4415979082 was delivered on 04 Jul. Rate your experience: bit.ly/ooLeXh,Delivery,Delivery_2
Low balance alert: A/c XX1575 balance is Rs.496466. Maintain min balance to avoid charges.,Bank,Bank_10
Swiggy: Free delivery all weekend! Order your favourites now,Promo,Promo_13
Your FD of Rs.61492 matures on 26-01-26. Renew or withdraw via netbanking. -Kotak,Bank,Bank_14
Cheque no. 689263405569 for Rs.20160 has been cleared from A/c XX5043. -HDFC Bank -TM,Bank,Bank_8
OTP-based login was enabled for your A/c XX1969. Call Axis Bank if this wasn't you.,Bank,Hard_2
Dear  customer ur Kotak account will be blocked! Update KYC now: bit.ly/wRCUUo,Spam,Hard_11
Tap to verify: 573832. This code expires shortly.,OTP,Hard_9
<#>  873734 is your Myntra code. Valid 10 min. hA8sk2Lqp3,OTP,OTP_13
Coupon 3546 gives you free delivery on orders above Rs.4543 -BigBasket,Promo,Hard_1
Interest of Rs.51330 credited to your FD A/c XX2809. -Kotak,Bank,Bank_9
ALERT: Rs.24204 withdrawn from ATM using card XX3632 on 17-03-26 Bal: Rs.25750 -ICICI Bank,Bank,Bank_3
Interest  of Rs.57756 credited to your FD A/c XX3627. -PNB,Bank,Bank_9
Rs.41557 debited from A/c XX6994 on 30-06-26 to Tripti. Avl Bal: Rs.133896. -ICICI Bank T&C apply,Bank,Bank_0
Your OTP is 334694. Use it to verify your IRCTC account. Expires in 2 min.,OTP,OTP_1
<#> 712478 is your BOB code. Valid 2 min. hA8sk2Lqp3 STOP to opt out,OTP,OTP_13
Your Ola code: 536231,OTP,OTP_8
You have 4246 reward points expiring on 03 Jul Redeem on BigBasket,Promo,Promo_20
Your Jio pack expires tomorrow. Recharge with Rs.173 for 1.5GB/day + unlimited calls.,Promo,Promo_10
OTP for delivery of order OD7057918328 is 2393. Share only with the delivery agent. -XpressBees,Delivery,Delivery_9
<#> 665902 is your PNB code. Valid 2 min. hA8sk2Lqp3,OTP,OTP_13
ALERT:  Rs.52512 withdrawn from ATM using card XX8675 on 17-01-26. Bal: Rs.225348. -ICICI Bank,Bank,Bank_3
  Enter 928727 to verify your mobile number for Axis Bank.,OTP,OTP_10
Rs.36497 debited from A/c XX8125 on 06-04-26 to Jacob. Avl Bal: Rs.356108. -Axis Bank,Bank,Bank_0
Salary of Rs.59840 credited to A/c XX5381. Avl Bal: Rs.13061. -Axis Bank,Bank,Bank_7
Auto-pay of Rs.75944 to Sai is scheduled on 06-01-26 from A/c XX9206. Ensure sufficient balance. STOP to opt out,Bank,Bank_13
Work from home! Earn Rs.1678547/month. Join: bit.ly/bKibBw,Spam,Hard_14
OUT FOR DELIVERY: YOUR MYNTRA PACKAGE OD8817568701 WILL ARRIVE TODAY BY 3 PM. -EKART,Delivery,Delivery_1
Swiggy: 38661 is your login OTP It expires in 30 minutes,OTP,OTP_6
OUT FOR DELIVERY: YOUR MEESHO PACKAGE OD1857896701 WILL ARRIVE TODAY BY 12 PM. -DELHIVERY,Delivery,Delivery_1
  Your Amazon membership expires soon. Renew now & save 80%: bit.ly/cRKzTI,Promo,Promo_9
Coupon 7801 gives you free delivery on orders above Rs.4426. -Swiggy,Promo,Hard_1
USE CODE 6165 AT CHECKOUT FOR 50% OFF AT SWIGGY!,Promo,Hard_0
Your account statement for June is available. Download from the Kotak app.,Bank,Bank_16
896714 is your PhonePe security code. Anyone asking for it is a scammer.,OTP,OTP_9
ALERT: Rs.31047 withdrawn from ATM using card XX7297 on 02-01-26. Bal: Rs.104193. -SBI,Bank,Bank_3
Enter 70896 to verify your mobile number for Kotak.,OTP,OTP_10
Exclusive for you! Buy 1 Get 1 FREE at Myntra. Limited period offer. Visit bit.ly/OHUVHF,Promo,Promo_3
Beware of fraud calls asking for card details. HDFC Bank officials never ask for PIN or CVV.,Bank,Bank_15
emi of rs.12868 due on 24-05-26 for loan a/c xx1038. pay now to avoid charges. -bob,Bank,Bank_4
611904  is your OTP for Axis Bank login. Valid for 2 minutes. Do not share with anyone.,OTP,OTP_0
DTDC: SHIPMENT OD1433453984 REACHED YOUR CITY HUB. EXPECTED DELIVERY: 05 JUL.,Delivery,Delivery_4
Tap to verify: 143872. This code expires shortly.,OTP,Hard_9
OTP: 826582 for txn of Rs.30026 at Ola. Do not share. -BOB,OTP,OTP_2
Myntra: 240559 is your login OTP. It expires in 10 minutes.,OTP,OTP_6
Cheque no. 510341878572 for Rs.78156 has been cleared from A/c XX3230. -HDFC Bank,Bank,Bank_8
Rs.16490 debited from A/c XX2330 on 31-01-26 to Caleb Avl Bal: Rs.411063 -PNB,Bank,Bank_0
Beware of fraud calls asking for card details. Axis Bank officials never ask for PIN or CVV.,Bank,Bank_15
Interest of Rs.7714 credited to your FD A/c XX4483. -BOB,Bank,Bank_9
Last  day! Flipkart clearance sale ends tonight. Up to 20% off sitewide.,Promo,Promo_8
Bhavika from DTDC is arriving with your package. Contact: 03396373353,Delivery,Delivery_6
605659  is your verification code for Swiggy. Never share your OTP.,OTP,OTP_3
Loved your recent Meesho order? Reorder in 1 tap and get 30% off today,Promo,Promo_22
Your account statement for August is available. Download from the HDFC Bank app.,Bank,Bank_16
Dear customer ur SBI account will be blocked! Update KYC now: bit.ly/pCnIPC,Spam,Hard_11
YOUR UBER CODE: 7587,OTP,Hard_8
"  Your SBI health insurance renewal is due 05 Jul. Renew online, save 70% on premium.",Promo,Promo_24
Confirmation code 890841 for Netflix. Keep it private.,OTP,OTP_11
Use code 7540 at checkout for 25% off at Meesho!,Promo,Hard_0
  Tap to verify: 529569. This code expires shortly.,OTP,Hard_9
Your return pickup for order OD8388061159 is scheduled on 04 Jul. Keep the item ready. -Meesho,Delivery,Delivery_7
Delivered! Your Flipkart order OD4253421531 was delivered on 04 Jul. Rate your experience: bit.ly/jttISg,Delivery,Delivery_2
Interest of INR 11162 credited to your FD A/c XX4613. -ICICI Bank,Bank,Bank_9
Your PNB debit card XX6817 has been blocked due to suspicious activity. Visit branch or call 1800-XXX to unblock.,Bank,Bank_11
XpressBees: Shipment OD2992326691 reached your city hub. Expected delivery: 06 Jul.,Delivery,Delivery_4
Confirmation code 975827 for PNB. Keep it private. STOP to opt out,OTP,OTP_11
Confirmation code 544357 for Swiggy Keep it private,OTP,OTP_11
exclusive for you! buy 1 get 1 free at flipkart. limited period offer. visit bit.ly/zsuxni,Promo,Promo_3
order od4553598793 packed and ready! expected dispatch by 03 jul. -flipkart,Delivery,Delivery_8
otp for delivery of order od3184002758 is 8362. share only with the delivery agent. -bluedart,Delivery,Delivery_9
"Hi Zayyan, unlock Rs.948 off your first order at Flipkart with code NEW88.",Promo,Promo_7
Recharge with Rs.641 & get 80% extra talktime. Offer valid today only!,Promo,Promo_5
"Hi Mitali, unlock Rs.1849 off your first order at Myntra with code NEW45",Promo,Promo_7
Interest of Rs.63681 credited to ur FD A/c XX4288. -BOB,Bank,Bank_9
Your credit card XX4017 statement is ready. Total due: INR 24301. Min due: INR 1505. -Kotak,Bank,Bank_5
663134 IS YOUR HOTSTAR SECURITY CODE. ANYONE ASKING FOR IT IS A SCAMMER.,OTP,OTP_9
304789 is your otp for meesho login. valid for 15 minutes. do not share with anyone.,OTP,OTP_0
YOUR VI PACK EXPIRES TOMORROW. RECHARGE WITH RS.945 FOR 3GB/DAY + UNLIMITED CALLS.,Promo,Promo_10
Your Axis Bank code: 620743 -TM,OTP,OTP_8
  Dear customer ur BOB account will be blocked! Update KYC now: bit.ly/fqDiIo,Spam,Hard_11
Flipkart: Ur cart misses you! Complete purchase now & get 70% off. bit.ly/CSpcAe,Promo,Promo_4
Your FD of Rs.42166 matures on 08-05-26. Renew or withdraw via netbanking. -Axis Bank,Bank,Bank_14
  Your SIM will be deactivated in 24hrs. Verify Aadhaar: bit.ly/uiXKPD,Spam,Hard_13
Luke from BlueDart is arriving with your package. Contact: 9236712581,Delivery,Delivery_6
Your  ICICI Bank debit card XX2889 has been blocked due to suspicious activity. Visit branch or call 1800-XXX to unblock.,Bank,Bank_11
Myntra: Your cart misses you! Complete purchase now & get 20% off. bit.ly/qiOJHw,Promo,Promo_4
EMI of INR 27482 due on 21-06-26 for loan A/c XX4792. Pay now to avoid charges. -HDFC Bank,Bank,Bank_4
"Bro send me Rs.2484 on gpay, will return by 06 Jul",Personal,Hard_5
OTP: 903226 for txn of Rs.47119 at SBI. Do not share. -SBI,OTP,OTP_2
Salary  of Rs.46612 credited to A/c XX2003. Avl Bal: Rs.492772. -BOB,Bank,Bank_7
Use 310769 to complete your HDFC Bank registration Valid till 5 mins,OTP,OTP_4
ekart: shipment od8030355624 reached your city hub. expected delivery: 05 jul.,Delivery,Delivery_4
"Your PNB health insurance renewal is due 01 Jul. Renew online, save 10% on premium.",Promo,Promo_24
Zomato: Your cart misses you! Complete purchase now & get 30% off. bit.ly/nTuuKZ,Promo,Promo_4
Rs.74890 credited to A/c XX9094 on 14-04-26. Avl Bal: Rs.227570. -ICICI Bank,Bank,Bank_1
Auto-pay of Rs.94095 to Ekavir is scheduled on 31-03-26 from A/c XX7691. Ensure sufficient balance.,Bank,Bank_13
out for delivery: your zomato package od8600214118 will arrive today by 6 pm. -ekart,Delivery,Delivery_1
"Your PNB health insurance renewal is due 04 Jul. Renew online, save 50% on premium.",Promo,Promo_24
"Hey, my new number is 00618748573. Save it! Meet at tonight?",Personal,Hard_4
Low balance alert: A/c XX1340 balance is INR 369513. Maintain min balance to avoid charges.,Bank,Bank_10
262753 - use this to sign in. Never share this code with anyone.,OTP,Hard_7
Last day! BigBasket clearance sale ends tonight Up to 40% off sitewide,Promo,Promo_8
Your OTP is 433860. Use it to verify your HDFC Bank account. Expires in 5 min.,OTP,OTP_1
Delivered! Your Myntra order OD2244480703 was delivered on 06 Jul. Rate your experience: bit.ly/yvhdFx,Delivery,Delivery_2
Enter 997064 to verify your mobile number for Paytm,OTP,OTP_10
ALERT: Rs.694 withdrawn from ATM using card XX6153 on 28-03-26. Bal: Rs.436918. -SBI,Bank,Bank_3
Flat Rs.1351 cashback on your next order at Zomato Use code SAVE90 Valid till 03 Jul,Promo,Promo_2
Salary of Rs.85979 credited to A/c XX8241. Avl Bal: Rs.477936. -HDFC Bank,Bank,Bank_7
Your SIM will be deactivated in 24hrs. Verify Aadhaar: bit.ly/cgPfuf,Spam,Hard_13
  Your one time password is 662346 for ICICI Bank. Please do not share it.,OTP,OTP_5
your credit card xx8202 statement is ready. total due: rs.45163. min due: rs.2187. -icici bank,Bank,Bank_5
Interest  of Rs.43182 credited to your FD A/c XX7751. -HDFC Bank,Bank,Bank_9
Pay Rs.2615 on delivery for order OD671540947. -Delhivery,Delivery,Hard_10
Your order OD7278203389 from Myntra is arriving tomorrow. Keep INR 1863 ready for COD.,Delivery,Delivery_3
Pre-approved! Get a SBI credit card with Rs.320081 limit. Zero joining fee. Apply: bit.ly/EVjWPt,Promo,Promo_14
FLIPKART BIG BILLION DAYS! UP TO 50% OFF + EXTRA 10% WITH PNB CARDS. HURRY!,Promo,Promo_1
Items in your order history are back in stock at Meesho. Prices start Rs.1581.,Promo,Promo_23
Recharge with INR 1038 & get 40% extra talktime. Offer valid today only!,Promo,Promo_5
  Rs.191 credited to A/c XX2062 on 13-04-26. Avl Bal: Rs.216625. -PNB,Bank,Bank_1
KYC  update pending for A/c XX5552. Please visit your nearest SBI branch by 07-02-26 to avoid restrictions.,Bank,Bank_12
281029 is your verification code for Swiggy. Never share your OTP.,OTP,OTP_3
YOUR RETURN PICKUP FOR ORDER OD3656561937 IS SCHEDULED ON 03 JUL. KEEP THE ITEM READY. -SWIGGY,Delivery,Delivery_7
Your order OD9762411556 from BigBasket is arriving tomorrow. Keep Rs.1293 ready for COD. -TM,Delivery,Delivery_3
Rs.65001 credited to A/c XX7019 on 02-04-26. Avl Bal: Rs.456872. -Axis Bank T&C apply,Bank,Bank_1
94750 - use this code to sign in to BigBasket. Never share it with anyone.,OTP,OTP_7
OTP-based login was enabled for your A/c XX6737. Call SBI if this wasn't you.,Bank,Hard_2
  Convert your Axis Bank card purchase of Rs.1076 into easy EMIs at 0% interest. Reply YES.,Promo,Promo_15
ALERT: Rs.36876 withdrawn from ATM using card XX3477 on 20-01-26. Bal: Rs.53329. -SBI,Bank,Bank_3
Confirmation code 803243 for IRCTC. Keep it private.,OTP,OTP_11
INTEREST OF RS.56437 CREDITED TO YOUR FD A/C XX2310. -SBI,Bank,Bank_9
UPI payment of Rs.70948 to Ishita successful. UPI Ref: 464917877860. -ICICI Bank,Bank,Bank_6
YOUR CREDIT CARD XX6982 STATEMENT IS READY. TOTAL DUE: RS.52249. MIN DUE: RS.4797. -BOB,Bank,Bank_5
Your Airtel pack expires tomorrow. Recharge with Rs.825 for 2GB/day + unlimited calls.,Promo,Promo_10
Convert your PNB card purchase of Rs.698 into easy EMIs at 0% interest. Reply YES.,Promo,Promo_15
Flat Rs.578 cashback on your next order at Zomato. Use code SAVE51. Valid till 05 Jul.,Promo,Promo_2
Cheque no. 315261997070 for Rs.59704 has been cleared from A/c XX7372. -ICICI Bank,Bank,Bank_8
Cheque no 225755105502 for Rs.11685 has been cleared from A/c XX2637 -BOB,Bank,Bank_8
OTP-based login was enabled for your A/c XX1035. Call Kotak if this wasn't you. -TM,Bank,Hard_2
Interest  of Rs.88169 credited to your FD A/c XX4136. -ICICI Bank,Bank,Bank_9
Your  A/c XX9586 is debited with Rs.64340 on 03-06-26. Info: UPI-Kavya. Bal: Rs.499070,Bank,Bank_2
"Your ICICI Bank health insurance renewal is due 03 Jul. Renew online, save 20% on premium.",Promo,Promo_24
"Hey, my new number is +917176080656. Save it! Meet at tonight?",Personal,Hard_4
Rs.73643 debited from A/c XX5852 on 29-04-26 to Yochana. Avl Bal: Rs.235076. -Kotak,Bank,Bank_0
Low balance alert: A/c XX8896 balance is Rs.104214. Maintain min balance to avoid charges.,Bank,Bank_10
DELIVERY ATTEMPT FAILED FOR ORDER OD9666201732. WE WILL RETRY TOMORROW. -XPRESSBEES,Delivery,Delivery_5
Auto-pay of Rs.21042 to Ojasvi is scheduled on 01-03-26 from A/c XX1034. Ensure sufficient balance.,Bank,Bank_13
Your return pickup for order OD7523357568 is scheduled on 01 Jul. Keep the item ready. -Zomato,Delivery,Delivery_7
Weekend  special at Meesho! Min 30% off on everything. Don't miss out: bit.ly/mqOnbc,Promo,Promo_6
Harsh from XpressBees is arriving with your package. Contact: 6168886064 T&C apply,Delivery,Delivery_6
Salary of Rs.71885 credited to A/c XX8569. Avl Bal: Rs.322226. -Kotak STOP to opt out,Bank,Bank_7
Zomato: 506346 is ur login OTP. It expires in 30 minutes.,OTP,OTP_6
Work from home! Earn Rs.695188/month. Join: bit.ly/SQUMiC,Spam,Hard_14
Your  Hotstar plan renews on 04 Jul at Rs.141. Upgrade to 4K for Rs.854/month.,Promo,Promo_18
ALERT: Rs.5723 withdrawn from ATM using card XX9227 on 19-01-26. Bal: Rs.67754. -PNB,Bank,Bank_3
Pay Rs.3023 on delivery for order OD924022755. -XpressBees,Delivery,Hard_10
Loved your recent Meesho order? Reorder in 1 tap and get 40% off today.,Promo,Promo_22
otp: 673858 for txn of rs.9269 at meesho. do not share. -axis bank,OTP,OTP_2
"Hey, my new number is 7653300777 Save it! Meet at 8?",Personal,Hard_4
BOB: 358212 is your login OTP. It expires in 10 minutes.,OTP,OTP_6
Your Ola code: 819048,OTP,OTP_8
Data exhausted? Get 1.5GB extra with INR 785 booster pack. Dial *121# or visit app.,Promo,Promo_11
807468 - use this code to sign in to Swiggy. Never share it with anyone.,OTP,OTP_7
Low balance alert: A/c XX1202 balance is Rs.35065. Maintain min balance to avoid charges.,Bank,Bank_10
652345 - use this to sign in. Never share this code with anyone.,OTP,Hard_7
Coupon 8247 gives you free delivery on orders above Rs.4456. -Myntra,Promo,Hard_1
auto-pay of rs.83895 to chandran is scheduled on 01-01-26 from a/c xx5959. ensure sufficient balance.,Bank,Bank_13
Your FD of Rs.67710 matures on 10-01-26. Renew or withdraw via netbanking. -Kotak,Bank,Bank_14
351383 is your OTP for Meesho login. Valid for 5 minutes. Do not share with anyone.,OTP,OTP_0
INR 23503 credited to A/c XX5834 on 22-01-26. Avl Bal: INR 109537. -ICICI Bank,Bank,Bank_1
983364 - use this code to sign in to BigBasket. Never share it with anyone.,OTP,OTP_7
Delivery attempt failed for order OD1144521529. We will retry tomorrow. -BlueDart,Delivery,Delivery_5
Pre-approved! Get a Axis Bank credit card with Rs.307112 limit. Zero joining fee. Apply: bit.ly/AQRuPR,Promo,Promo_14
  MEGA SALE! Get 30% OFF on all products at Myntra. Shop now: bit.ly/rSSaqh T&C apply.,Promo,Promo_0
Flight fares dropped! DEL-PNQ from Rs.655. Book on ixigo before midnight.,Promo,Promo_16
Your order OD5134407373 from Meesho is arriving tomorrow Keep Rs.1897 ready for COD,Delivery,Delivery_3
Ur Hotstar plan renews on 06 Jul at Rs.92. Upgrade to 4K for Rs.505/month.,Promo,Promo_18
Rs.1326 cashback credited to your Amazon Pay wallet. Use on your next order.,Promo,Promo_21
IRCTC: Special trains added for festive season. Book early & save up to 50%.,Promo,Promo_17
Interest of INR 62792 credited to your FD A/c XX6227. -Kotak,Bank,Bank_9
765156 is ur verification code for BOB. Never share ur OTP.,OTP,OTP_3
YOUR MYNTRA ORDER OD9362581712 HAS BEEN SHIPPED VIA EKART. TRACK: BIT.LY/XEGDHK,Delivery,Delivery_0
ALERT: Rs.17546 withdrawn from ATM using card XX5282 on 23-03-26. Bal: Rs.299614. -PNB,Bank,Bank_3
Ur FD of Rs.66837 matures on 29-06-26. Renew or withdraw via netbanking. -ICICI Bank,Bank,Bank_14
Use code 7698 at checkout for 10% off at BigBasket!,Promo,Hard_0
Missed our shows? Come back to Hotstar at 50% off for 3 months Resubscribe: bitly/VHWlJr,Promo,Promo_19
Loved your recent Myntra order? Reorder in 1 tap and get 40% off today.,Promo,Promo_22
535772 - use this code to sign in to BOB Never share it with anyone,OTP,OTP_7
Your A/c XX1615 is debited with Rs.87962 on 12-06-26. Info: UPI-Nachiket. Bal: Rs.369438,Bank,Bank_2
SAUMYA FROM DELHIVERY IS ARRIVING WITH YOUR PACKAGE. CONTACT: 2217374514,Delivery,Delivery_6
Your account statement for August is available. Download from the Axis Bank app.,Bank,Bank_16
Your  return pickup for order OD8392381979 is scheduled on 04 Jul. Keep the item ready. -Swiggy,Delivery,Delivery_7
Data exhausted? Get 3GB extra with Rs.418 booster pack. Dial *121# or visit app.,Promo,Promo_11
Out for delivery: Your Meesho package OD5056504447 will arrive today by 12 PM. -Ekart STOP to opt out,Delivery,Delivery_1
Swiggy: Free delivery all weekend! Order your favourites now.,Promo,Promo_13
Recharge with Rs.275 & get 10% extra talktime Offer valid today only!,Promo,Promo_5
HUNGRY? GET 80% OFF UP TO RS.76 ON YOUR NEXT 3 ORDERS. CODE: EAT91. -SWIGGY,Promo,Promo_12
OTP for delivery of order OD8846798474 is 2130 Share only with the delivery agent -DTDC,Delivery,Delivery_9
Tap to verify: 864130. This code expires shortly.,OTP,Hard_9
Rs.31389 credited to A/c XX2890 on 29-05-26. Avl Bal: Rs.19713. -Kotak,Bank,Bank_1
Your SIM will be deactivated in 24hrs Verify Aadhaar: bitly/xVkTfK,Spam,Hard_13
Weekend special at Zomato! Min 40% off on everything. Don't miss out: bit.ly/hlLQgW,Promo,Promo_6
Your one time password is 298199 for Netflix. Please do not share it. T&C apply,OTP,OTP_5
Order OD3663355602 packed and ready! Expected dispatch by 01 Jul -Myntra,Delivery,Delivery_8
Items in ur order history are back in stock at BigBasket. Prices start Rs.206.,Promo,Promo_23
Delhivery: Shipment OD9183241825 reached your city hub. Expected delivery: 03 Jul. -TM,Delivery,Delivery_4
Your  one time password is 466852 for PNB. Please do not share it.,OTP,OTP_5
Dear customer ur Axis Bank account will be blocked! Update KYC now: bit.ly/Quyarc,Spam,Hard_11
salary of rs.36501 credited to a/c xx5525. avl bal: rs.254796. -bob,Bank,Bank_7
use 68408 to complete your sbi registration. valid till 30 mins.,OTP,OTP_4
Interest of Rs.78589 credited to your FD A/c XX4205. -SBI,Bank,Bank_9
Auto-pay of Rs.6918 to Panini is scheduled on 18-02-26 from A/c XX7174. Ensure sufficient balance.,Bank,Bank_13
Your one time password is 610429 for Kotak. Please do not share it. -TM,OTP,OTP_5
kyc update pending for a/c xx2546. please visit your nearest pnb branch by 06-03-26 to avoid restrictions.,Bank,Bank_12
MEGA SALE! Get 80% OFF on all products at Meesho. Shop now: bit.ly/FTijaT T&C apply.,Promo,Promo_0
24606 is your Uber security code. Anyone asking for it is a scammer. T&C apply,OTP,OTP_9
Flight fares dropped! HYD-CCU from Rs.974. Book on ixigo before midnight.,Promo,Promo_16
Work from home! Earn Rs.2075856/month. Join: bit.ly/PiVspP T&C apply,Spam,Hard_14
  Use 818968 to complete your IRCTC registration. Valid till 30 mins.,OTP,OTP_4
Pre-approved! Get a BOB credit card with Rs.265367 limit Zero joining fee Apply: bitly/umQmbN,Promo,Promo_14
Your one time password is 50462 for SBI. Please do not share it.,OTP,OTP_5
confirmation code 363497 for flipkart. keep it private.,OTP,OTP_11
Your FD of Rs.40644 matures on 23-05-26. Renew or withdraw via netbanking. -PNB,Bank,Bank_14
"Bro send me Rs.2584 on gpay, will return by 02 Jul",Personal,Hard_5
"Ur PNB health insurance renewal is due 04 Jul. Renew online, save 40% on premium.",Promo,Promo_24
Recharge with Rs.362 & get 40% extra talktime. Offer valid today only!,Promo,Promo_5
Your Myntra order OD5836015896 has been shipped via BlueDart. Track: bit.ly/TYyscN,Delivery,Delivery_0
SALARY OF RS.97867 CREDITED TO A/C XX1057. AVL BAL: RS.432414. -AXIS BANK,Bank,Bank_7
Convert your ICICI Bank card purchase of Rs.1617 into easy EMIs at 0% interest. Reply YES.,Promo,Promo_15
Rs.36119 credited to A/c XX1914 on 25-01-26. Avl Bal: Rs.88314. -BOB,Bank,Bank_1
Your SIM will be deactivated in 24hrs. Verify Aadhaar: bit.ly/nAHSMS,Spam,Hard_13
Your Uber code: 6860,OTP,Hard_8
  918501 is your Kotak security code. Anyone asking for it is a scammer.,OTP,OTP_9
"Hey, my new number is 4772510075. Save it! Meet at 8?",Personal,Hard_4
973371 - use this to sign in. Never share this code with anyone.,OTP,Hard_7
Convert your ICICI Bank card purchase of Rs.414 into easy EMIs at 0% interest Reply YES,Promo,Promo_15
Salary of Rs.69338 credited to A/c XX7318 Avl Bal: Rs.206138 -PNB,Bank,Bank_7
Coupon 7511 gives you free delivery on orders above Rs.2128. -Meesho,Promo,Hard_1
Salary of Rs.28552 credited to A/c XX8979. Avl Bal: Rs.47241. -SBI,Bank,Bank_7
Convert your SBI card purchase of INR 68 into easy EMIs at 0% interest. Reply YES.,Promo,Promo_15
interest of rs.62224 credited to your fd a/c xx9160. -hdfc bank,Bank,Bank_9
<#> 538655 IS YOUR AMAZON CODE. VALID 2 MIN. HA8SK2LQP3,OTP,OTP_13
"Class shifted to room 6022, come fast",Personal,Hard_6
IRCTC: Special trains added for festive season. Book early & save up to 50%.,Promo,Promo_17
Your Jio pack expires tomorrow. Recharge with INR 1251 for 3GB/day + unlimited calls.,Promo,Promo_10
Use 29990 to complete ur Zomato registration. Valid till 30 mins.,OTP,OTP_4
Delivered! Ur Meesho order OD7561090690 was delivered on 04 Jul. Rate ur experience: bit.ly/ezkYuf,Delivery,Delivery_2
Loved your recent Myntra order? Reorder in 1 tap and get 70% off today.,Promo,Promo_22
Auto-pay of Rs.16480 to Yamini is scheduled on 24-02-26 from A/c XX4400. Ensure sufficient balance.,Bank,Bank_13
815640 is your Myntra security code Anyone asking for it is a scammer,OTP,OTP_9
"  Hi Shaurya, unlock Rs.1103 off your first order at Myntra with code NEW92.",Promo,Promo_7
Loved your recent Flipkart order? Reorder in 1 tap and get 70% off today.,Promo,Promo_22
Delivery attempt failed for order OD1646308072. We will retry tomorrow. -BlueDart,Delivery,Delivery_5
UPI PAYMENT OF RS.80301 TO HEMANG SUCCESSFUL. UPI REF: 777789004306. -BOB,Bank,Bank_6
Tap to verify: 694414. This code expires shortly.,OTP,Hard_9
Zomato: Your cart misses you! Complete purchase now & get 10% off. bit.ly/ntAnhc,Promo,Promo_4
Auto-pay of Rs.37438 to Xalak is scheduled on 09-06-26 from A/c XX4196 Ensure sufficient balance,Bank,Bank_13
"Your SBI health insurance renewal is due 06 Jul. Renew online, save 50% on premium.",Promo,Promo_24
Auto-pay of Rs.99572 to Ekalinga is scheduled on 28-06-26 from A/c XX6656 Ensure sufficient balance,Bank,Bank_13
639115 is your PhonePe security code Anyone asking for it is a scammer,OTP,OTP_9
beware of fraud calls asking for card details. kotak officials never ask for pin or cvv.,Bank,Bank_15
  Your FD of Rs.2044 matures on 16-02-26. Renew or withdraw via netbanking. -SBI,Bank,Bank_14
Your credit card XX1387 statement is ready Total due: Rs.47162 Min due: Rs.954 -BOB,Bank,Bank_5
Zomato: Free delivery all weekend! Order your favourites now.,Promo,Promo_13
Beware of fraud calls asking for card details. PNB officials never ask for PIN or CVV.,Bank,Bank_15
your otp is 153327. use it to verify your irctc account. expires in 2 min.,OTP,OTP_1
YOUR A/C XX1802 IS DEBITED WITH RS.91152 ON 29-03-26. INFO: UPI-LAJITA. BAL: RS.231907,Bank,Bank_2
Use 623674 to complete your IRCTC registration. Valid till 10 mins. T&C apply,OTP,OTP_4
G-539818 is your Google verification code. -TM,OTP,OTP_12
  Work from home! Earn Rs.2054804/month. Join: bit.ly/jxCBNE,Spam,Hard_14
<#>  50847 is your Amazon code. Valid 5 min. hA8sk2Lqp3,OTP,OTP_13
Delivered! Your Flipkart order OD9140228962 was delivered on 04 Jul. Rate your experience: bit.ly/fSKCqv,Delivery,Delivery_2
your swiggy order od9659400969 has been shipped via ekart. track: bit.ly/zkvckl,Delivery,Delivery_0
279602 is your icici bank security code. anyone asking for it is a scammer.,OTP,OTP_9
G-959940  is your Google verification code.,OTP,OTP_12
Pay  Rs.3824 on delivery for order OD275728210. -Delhivery,Delivery,Hard_10
406576 - use this to sign in. Never share this code with anyone.,OTP,Hard_7
Pay Rs.3564 on delivery for order OD107492326. -Ekart,Delivery,Hard_10
Your Swiggy order OD6128937072 has been shipped via BlueDart. Track: bit.ly/tnZYkW,Delivery,Delivery_0
  OTP: 550198 for txn of Rs.49134 at SBI. Do not share. -Axis Bank,OTP,OTP_2
DTDC: Shipment OD6105059765 reached your city hub. Expected delivery: 01 Jul.,Delivery,Delivery_4
Dear  customer ur Axis Bank account will be blocked! Update KYC now: bit.ly/RpKqFQ,Spam,Hard_11
OTP for delivery of order OD8893710611 is 2544 Share only with the delivery agent -Delhivery,Delivery,Delivery_9
YOUR AMAZON ORDER OD3731662712 HAS BEEN SHIPPED VIA XPRESSBEES. TRACK: BIT.LY/JKEOOY,Delivery,Delivery_0
Missed our shows? Come back to Prime Video at 50% off for 3 months. Resubscribe: bit.ly/VIxSWu,Promo,Promo_19
items in your order history are back in stock at swiggy. prices start rs.1124.,Promo,Promo_23
976775 is your verification code for Swiggy. Never share your OTP.,OTP,OTP_3
Auto-pay of Rs.79239 to Manan is scheduled on 11-01-26 from A/c XX6833. Ensure sufficient balance.,Bank,Bank_13
BigBasket Big Billion Days! Up to 10% off + extra 10% with Kotak cards Hurry!,Promo,Promo_1
Ur one time password is 535291 for Swiggy. Please do not share it.,OTP,OTP_5
"Ur Axis Bank health insurance renewal is due 05 Jul. Renew online, save 70% on premium.",Promo,Promo_24
Rs.28533 credited to A/c XX9331 on 16-01-26. Avl Bal: Rs.183608. -PNB,Bank,Bank_1
irctc: special trains added for festive season. book early & save up to 10%.,Promo,Promo_17
Work from home! Earn Rs.248688/month. Join: bit.ly/YsvtkB,Spam,Hard_14
SALARY OF RS.20103 CREDITED TO A/C XX9343. AVL BAL: RS.49325. -ICICI BANK,Bank,Bank_7
alert: rs.33781 withdrawn from atm using card xx1027 on 11-02-26. bal: rs.481863. -bob,Bank,Bank_3
Delivery attempt failed for order OD5967560377. We will retry tomorrow. -Delhivery,Delivery,Delivery_5
Exclusive for you! Buy 1 Get 1 FREE at Myntra. Limited period offer. Visit bit.ly/OCjcXK,Promo,Promo_3
Last day! Flipkart clearance sale ends tonight. Up to 30% off sitewide.,Promo,Promo_8
Weekend special at Amazon! Min 70% off on everything. Don't miss out: bit.ly/pFcAiz,Promo,Promo_6
Rs.63315 debited from A/c XX1846 on 19-04-26 to Rachana. Avl Bal: Rs.282882. -HDFC Bank,Bank,Bank_0
IRCTC: Special trains added for festive season. Book early & save up to 30%.,Promo,Promo_17
"Class shifted to room 1114, come fast",Personal,Hard_6
Your Zomato order OD9675532071 has been shipped via XpressBees. Track: bit.ly/TwxVaQ,Delivery,Delivery_0
Your SBI debit card XX2550 has been blocked due to suspicious activity. Visit branch or call 1800-XXX to unblock. STOP to opt out,Bank,Bank_11
DTDC: Shipment OD7834485622 reached ur city hub. Expected delivery: 06 Jul.,Delivery,Delivery_4
OUT FOR DELIVERY: YOUR BIGBASKET PACKAGE OD2786020330 WILL ARRIVE TODAY BY 12 PM. -BLUEDART,Delivery,Delivery_1
  Hotstar: 909289 is your login OTP. It expires in 2 minutes.,OTP,OTP_6
"CLASS SHIFTED TO ROOM 2214, COME FAST",Personal,Hard_6
  Your BOB debit card XX8878 has been blocked due to suspicious activity. Visit branch or call 1800-XXX to unblock.,Bank,Bank_11
ZOMATO: FREE DELIVERY ALL WEEKEND! ORDER YOUR FAVOURITES NOW.,Promo,Promo_13
Your  OTP is 897734. Use it to verify your HDFC Bank account. Expires in 10 min.,OTP,OTP_1
Your A/c XX7812 is debited with Rs.30197 on 09-04-26. Info: UPI-Nathaniel. Bal: Rs.398769 T&C apply,Bank,Bank_2
139601 is your OTP for Zomato login. Valid for 30 minutes. Do not share with anyone.,OTP,OTP_0
OTP: 676759 for txn of Rs.3273 at ICICI Bank. Do not share. -SBI,OTP,OTP_2
Your  Amazon membership expires soon. Renew now & save 50%: bit.ly/CLWhXL,Promo,Promo_9
Flat Rs.1712 cashback on your next order at Amazon Use code SAVE74 Valid till 06 Jul,Promo,Promo_2
Loved your recent Amazon order? Reorder in 1 tap and get 40% off today. STOP to opt out,Promo,Promo_22
  Your Meesho membership expires soon. Renew now & save 10%: bit.ly/ndbRCQ,Promo,Promo_9
Swiggy: Free delivery all weekend! Order your favourites now. STOP to opt out,Promo,Promo_13
Loved your recent Swiggy order? Reorder in 1 tap and get 50% off today.,Promo,Promo_22
Use code 7869 at checkout for 10% off at Amazon!,Promo,Hard_0
Enter 103932 to verify your mobile number for Netflix.,OTP,OTP_10
out for delivery: your flipkart package od5775081453 will arrive today by 6 pm. -dtdc,Delivery,Delivery_1
YOUR RETURN PICKUP FOR ORDER OD9680455960 IS SCHEDULED ON 04 JUL. KEEP THE ITEM READY. -SWIGGY,Delivery,Delivery_7
out for delivery: your flipkart package od4658657323 will arrive today by 3 pm. -ekart,Delivery,Delivery_1
Beware of fraud calls asking for card details. Kotak officials never ask for PIN or CVV.,Bank,Bank_15
Tap to verify: 455363. This code expires shortly.,OTP,Hard_9
Your FD of INR 51792 matures on 13-03-26. Renew or withdraw via netbanking. -SBI,Bank,Bank_14
G-698780 is your Google verification code. STOP to opt out,OTP,OTP_12
Use 241942 to complete your Kotak registration. Valid till 15 mins.,OTP,OTP_4
Flipkart: 290943 is your login OTP. It expires in 15 minutes.,OTP,OTP_6
Recharge with Rs.1230 & get 60% extra talktime. Offer valid today only!,Promo,Promo_5
irctc: special trains added for festive season. book early & save up to 40%.,Promo,Promo_17
OTP for delivery of order OD2016264427 is 6542. Share only with the delivery agent. -XpressBees,Delivery,Delivery_9
Your return pickup for order OD7001465647 is scheduled on 06 Jul. Keep the item ready. -Myntra,Delivery,Delivery_7
Confirmation code 415062 for HDFC Bank Keep it private,OTP,OTP_11
Your return pickup for order OD8426668182 is scheduled on 05 Jul. Keep the item ready. -BigBasket,Delivery,Delivery_7
  Delivered! Your BigBasket order OD9548553217 was delivered on 03 Jul. Rate your experience: bit.ly/sHJrwO,Delivery,Delivery_2
Data exhausted? Get 3GB extra with Rs.356 booster pack. Dial *121# or visit app.,Promo,Promo_11
UPI payment of Rs.13548 to Unnati successful. UPI Ref: 202088008049. -Kotak,Bank,Bank_6
YOU HAVE 4987 REWARD POINTS EXPIRING ON 03 JUL. REDEEM ON SWIGGY.,Promo,Promo_20
Rs.630 cashback credited to your Amazon Pay wallet. Use on your next order.,Promo,Promo_21
UPI payment of Rs.46918 to Laksh successful UPI Ref: 572254361439 -Axis Bank,Bank,Bank_6
Salary of INR 63850 credited to A/c XX1509. Avl Bal: INR 477613. -ICICI Bank,Bank,Bank_7
Ur credit card XX1345 statement is ready. Total due: Rs.3546. Min due: Rs.2195. -ICICI Bank,Bank,Bank_5
Work from home! Earn Rs.1620203/month. Join: bit.ly/iSbbUA T&C apply,Spam,Hard_14
  Your credit card XX8148 statement is ready. Total due: Rs.66668. Min due: Rs.1292. -Kotak,Bank,Bank_5
Loved ur recent Zomato order? Reorder in 1 tap and get 30% off today.,Promo,Promo_22
791521 - use this to sign in. Never share this code with anyone.,OTP,Hard_7
318592 - use this code to sign in to Swiggy. Never share it with anyone.,OTP,OTP_7
Recharge with Rs.955 & get 50% extra talktime. Offer valid today only!,Promo,Promo_5
Pre-approved! Get a BOB credit card with Rs.146886 limit. Zero joining fee. Apply: bit.ly/VPXQkB,Promo,Promo_14
order od3682118550 packed and ready! expected dispatch by 06 jul. -meesho,Delivery,Delivery_8
Use 19264 to complete ur SBI registration. Valid till 30 mins.,OTP,OTP_4
227034  is your HDFC Bank security code. Anyone asking for it is a scammer.,OTP,OTP_9
Use code 2063 at checkout for 50% off at Amazon!,Promo,Hard_0
Your  Myntra order OD8052947660 has been shipped via XpressBees. Track: bit.ly/OYHkjt,Delivery,Delivery_0
<#> 540945 IS YOUR PAYTM CODE. VALID 30 MIN. HA8SK2LQP3,OTP,OTP_13
Your Vi pack expires tomorrow. Recharge with Rs.1815 for 1GB/day + unlimited calls.,Promo,Promo_10
Confirmation code 641669 for Axis Bank. Keep it private.,OTP,OTP_11
298311 - use this code to sign in to HDFC Bank Never share it with anyone,OTP,OTP_7
You have 4677 reward points expiring on 06 Jul. Redeem on Swiggy.,Promo,Promo_20
Your Meesho code: 341345,OTP,OTP_8
Your OTP is 437557. Use it to verify your Meesho account. Expires in 10 min.,OTP,OTP_1
low balance alert: a/c xx2910 balance is rs.253931. maintain min balance to avoid charges.,Bank,Bank_10
out for delivery: your zomato package od1073468517 will arrive today by 9 pm. -delhivery,Delivery,Delivery_1
OTP for delivery of order OD3550557025 is 8980. Share only with the delivery agent. -Delhivery,Delivery,Delivery_9
Your account statement for August is available. Download from the Kotak app.,Bank,Bank_16
  EMI of Rs.82001 due on 07-01-26 for loan A/c XX8246. Pay now to avoid charges. -HDFC Bank,Bank,Bank_4
Use 643699 to complete your Zomato registration. Valid till 15 mins. T&C apply,OTP,OTP_4
Delhivery: Shipment OD4956773629 reached your city hub. Expected delivery: 03 Jul.,Delivery,Delivery_4
your meesho order od2655523139 has been shipped via dtdc. track: bit.ly/jslcia,Delivery,Delivery_0
Your credit card XX3938 statement is ready. Total due: Rs.67920. Min due: Rs.2642. -SBI,Bank,Bank_5
SWIGGY: FREE DELIVERY ALL WEEKEND! ORDER YOUR FAVOURITES NOW.,Promo,Promo_13
Rs.644 cashback credited to your Paytm wallet. Use on your next order. T&C apply,Promo,Promo_21
  Delivery attempt failed for order OD5746958548. We will retry tomorrow. -DTDC,Delivery,Delivery_5
Your account statement for June is available. Download from the PNB app.,Bank,Bank_16
YOUR OTP IS 732308. USE IT TO VERIFY YOUR IRCTC ACCOUNT. EXPIRES IN 15 MIN.,OTP,OTP_1
Your return pickup for order OD5108282080 is scheduled on 04 Jul. Keep the item ready. -Myntra,Delivery,Delivery_7
KYC update pending for A/c XX9995. Please visit your nearest PNB branch by 05-03-26 to avoid restrictions.,Bank,Bank_12
LOVED YOUR RECENT ZOMATO ORDER? REORDER IN 1 TAP AND GET 50% OFF TODAY.,Promo,Promo_22
Out for delivery: Ur BigBasket package OD6658000423 will arrive today by 6 PM. -XpressBees,Delivery,Delivery_1
Delivered! Ur Myntra order OD5332321847 was delivered on 03 Jul. Rate ur experience: bit.ly/onEaRg,Delivery,Delivery_2
andrew from ekart is arriving with your package. contact: +910111481155,Delivery,Delivery_6
Interest of Rs.40463 credited to your FD A/c XX9056. -BOB,Bank,Bank_9
Tap to verify: 629547 This code expires shortly,OTP,Hard_9
Delivered! Your Meesho order OD5114415811 was delivered on 04 Jul. Rate your experience: bit.ly/xgGCQp,Delivery,Delivery_2
your one time password is 830469 for axis bank. please do not share it.,OTP,OTP_5
60863 IS YOUR OTP FOR IRCTC LOGIN. VALID FOR 5 MINUTES. DO NOT SHARE WITH ANYONE.,OTP,OTP_0
961288 - use this to sign in. Never share this code with anyone.,OTP,Hard_7
IRCTC: Special trains added for festive season Book early & save up to 40%,Promo,Promo_17
YOUR PAYTM CODE: 931040,OTP,OTP_8
INTEREST OF RS.48881 CREDITED TO YOUR FD A/C XX3341. -KOTAK,Bank,Bank_9
Rs.98815 credited to A/c XX3157 on 05-04-26. Avl Bal: Rs.106385. -Kotak,Bank,Bank_1
Out for delivery: Your Swiggy package OD5199942115 will arrive today by 9 PM -Ekart,Delivery,Delivery_1
Weekend special at Zomato! Min 40% off on everything. Don't miss out: bit.ly/rxBtDJ,Promo,Promo_6
Use 791646 to complete your Flipkart registration. Valid till 10 mins.,OTP,OTP_4
You have 4153 reward points expiring on 06 Jul. Redeem on Flipkart.,Promo,Promo_20
Confirmation code 943907 for Amazon. Keep it private.,OTP,OTP_11
"Your PNB health insurance renewal is due 04 Jul Renew online, save 60% on premium",Promo,Promo_24
IRCTC: Special trains added for festive season. Book early & save up to 60%.,Promo,Promo_17
Your PhonePe code: 810426 STOP to opt out,OTP,OTP_8
out for delivery: your meesho package od5447586706 will arrive today by 9 pm. -ekart,Delivery,Delivery_1
  Dear customer ur ICICI Bank account will be blocked! Update KYC now: bit.ly/YcZFuZ,Spam,Hard_11
475717 - use this to sign in. never share this code with anyone.,OTP,Hard_7
Your Swiggy order OD5721422107 has been shipped via Delhivery. Track: bit.ly/NHsOQm,Delivery,Delivery_0
Delivery attempt failed for order OD7065032672. We will retry tomorrow. -Ekart,Delivery,Delivery_5
Last  day! BigBasket clearance sale ends tonight. Up to 10% off sitewide.,Promo,Promo_8
Ur Airtel pack expires tomorrow. Recharge with Rs.844 for 1GB/day + unlimited calls.,Promo,Promo_10
Flight fares dropped! DEL-LKO from Rs.1326. Book on Goibibo before midnight.,Promo,Promo_16
Enter 338171 to verify your mobile number for GPay.,OTP,OTP_10
Order OD9304306583 packed and ready! Expected dispatch by 04 Jul. -Myntra,Delivery,Delivery_8
"Hi Aditya, unlock Rs.1176 off your first order at Flipkart with code NEW50.",Promo,Promo_7
OTP-based login was enabled for your A/c XX5592 Call Kotak if this wasn't you,Bank,Hard_2
your flipkart membership expires soon. renew now & save 20%: bit.ly/zkjxvx,Promo,Promo_9
YOUR BIGBASKET ORDER OD1262598890 HAS BEEN SHIPPED VIA EKART. TRACK: BIT.LY/CIXUJU,Delivery,Delivery_0
Your Uber code: 1460,OTP,Hard_8
Missed our shows? Come back to SonyLIV at 50% off for 3 months. Resubscribe: bit.ly/TXgGYS STOP to opt out,Promo,Promo_19
Salary of Rs.91811 credited to A/c XX9415 Avl Bal: Rs.357854 -Axis Bank,Bank,Bank_7
Loved your recent Flipkart order? Reorder in 1 tap and get 80% off today.,Promo,Promo_22
Your HDFC Bank debit card XX5556 has been blocked due to suspicious activity. Visit branch or call 1800-XXX to unblock.,Bank,Bank_11
delivered! your amazon order od6063263035 was delivered on 03 jul. rate your experience: bit.ly/frlnch,Delivery,Delivery_2
"Your BOB health insurance renewal is due 06 Jul Renew online, save 20% on premium",Promo,Promo_24
100729 is your verification code for PhonePe. Never share your OTP.,OTP,OTP_3
Zomato:  Your cart misses you! Complete purchase now & get 10% off. bit.ly/RKKgAs,Promo,Promo_4
Your return pickup for order OD6798721598 is scheduled on 03 Jul. Keep the item ready. -Meesho,Delivery,Delivery_7
Xavier from DTDC is arriving with your package Contact: 4926834281,Delivery,Delivery_6
270320 - use this to sign in Never share this code with anyone,OTP,Hard_7
You have 674 reward points expiring on 04 Jul. Redeem on Flipkart.,Promo,Promo_20
Work from home! Earn Rs.2106508/month. Join: bit.ly/bouQHu,Spam,Hard_14
Your order OD3947194435 from Swiggy is arriving tomorrow. Keep Rs.3377 ready for COD.,Delivery,Delivery_3
Last  day! Meesho clearance sale ends tonight. Up to 50% off sitewide.,Promo,Promo_8
KYC update pending for A/c XX6104. Please visit your nearest Kotak branch by 24-01-26 to avoid restrictions.,Bank,Bank_12
Flight fares dropped! HYD-CCU from Rs.1192. Book on Goibibo before midnight.,Promo,Promo_16
Order OD7672302062 packed and ready! Expected dispatch by 02 Jul. -Myntra,Delivery,Delivery_8
Convert your Kotak card purchase of Rs.1857 into easy EMIs at 0% interest. Reply YES.,Promo,Promo_15
955189 - use this to sign in. Never share this code with anyone.,OTP,Hard_7
994395 - USE THIS TO SIGN IN. NEVER SHARE THIS CODE WITH ANYONE.,OTP,Hard_7
TAP TO VERIFY: 964516. THIS CODE EXPIRES SHORTLY.,OTP,Hard_9
Beware of fraud calls asking for card details. Kotak officials never ask for PIN or CVV.,Bank,Bank_15
Your order OD2479310451 from Swiggy is arriving tomorrow. Keep INR 3601 ready for COD.,Delivery,Delivery_3
Myntra Big Billion Days! Up to 10% off + extra 10% with PNB cards. Hurry!,Promo,Promo_1
  Your Zomato order OD4068362032 has been shipped via BlueDart. Track: bit.ly/bGnjYk,Delivery,Delivery_0
Your  Myntra order OD1258128503 has been shipped via XpressBees. Track: bit.ly/zyJZXJ,Delivery,Delivery_0
  Items in your order history are back in stock at Swiggy. Prices start Rs.1486.,Promo,Promo_23
Rs.32119  debited from A/c XX2033 on 23-03-26 to Nathaniel. Avl Bal: Rs.265465. -SBI,Bank,Bank_0
Beware of fraud calls asking for card details. SBI officials never ask for PIN or CVV.,Bank,Bank_15
XpressBees: Shipment OD6803261724 reached your city hub. Expected delivery: 04 Jul.,Delivery,Delivery_4
Data exhausted? Get 3GB extra with Rs.1104 booster pack. Dial *121# or visit app.,Promo,Promo_11
Pavani from Delhivery is arriving with your package. Contact: +916804960536,Delivery,Delivery_6
CONFIRMATION CODE 357694 FOR UBER. KEEP IT PRIVATE.,OTP,OTP_11
Enter 483475 to verify your mobile number for HDFC Bank,OTP,OTP_10
DELIVERED! YOUR AMAZON ORDER OD4734989675 WAS DELIVERED ON 03 JUL. RATE YOUR EXPERIENCE: BIT.LY/UUEDKU,Delivery,Delivery_2
Ur Swiggy order OD8091447306 has been shipped via Delhivery. Track: bit.ly/wYnYPF,Delivery,Delivery_0
Your A/c XX3064 is debited with Rs.4829 on 16-04-26. Info: UPI-Robert. Bal: Rs.50419,Bank,Bank_2
296162  - use this to sign in. Never share this code with anyone.,OTP,Hard_7
Cheque no. 917097012435 for Rs.442 has been cleared from A/c XX2154. -PNB,Bank,Bank_8
Items in your order history are back in stock at Swiggy. Prices start Rs.61. T&C apply,Promo,Promo_23
Loved your recent BigBasket order? Reorder in 1 tap and get 60% off today.,Promo,Promo_22
638808 is your Uber security code. Anyone asking for it is a scammer.,OTP,OTP_9
Order OD9724935580 packed and ready! Expected dispatch by 02 Jul. -BigBasket,Delivery,Delivery_8
YOUR FD OF RS.88945 MATURES ON 04-02-26. RENEW OR WITHDRAW VIA NETBANKING. -SBI,Bank,Bank_14
Salary of Rs.38558 credited to A/c XX7923. Avl Bal: Rs.419445. -Axis Bank,Bank,Bank_7
YOUR PNB DEBIT CARD XX2204 HAS BEEN BLOCKED DUE TO SUSPICIOUS ACTIVITY. VISIT BRANCH OR CALL 1800-XXX TO UNBLOCK.,Bank,Bank_11
94759 is your OTP for GPay login Valid for 2 minutes Do not share with anyone,OTP,OTP_0
<#> 806762 is your Meesho code. Valid 10 min. hA8sk2Lqp3,OTP,OTP_13
  OTP-based login was enabled for your A/c XX7953. Call BOB if this wasn't you.,Bank,Hard_2
Nathan from Ekart is arriving with your package. Contact: 00478005483 T&C apply,Delivery,Delivery_6
OTP for delivery of order OD6368319687 is 3473 Share only with the delivery agent -DTDC,Delivery,Delivery_9
  Order OD5959991840 packed and ready! Expected dispatch by 05 Jul. -Zomato,Delivery,Delivery_8
Your Uber code: 6649,OTP,Hard_8
Your account statement for June is available. Download from the SBI app.,Bank,Bank_16
"Hey, my new number is +915521592355. Save it! Meet at tonight?",Personal,Hard_4
Your one time password is 694862 for Amazon. Please do not share it.,OTP,OTP_5
YOUR CREDIT CARD XX7734 STATEMENT IS READY. TOTAL DUE: RS.89940. MIN DUE: RS.2711. -ICICI BANK,Bank,Bank_5
Auto-pay of Rs.38490 to Hemang is scheduled on 05-06-26 from A/c XX5882. Ensure sufficient balance.,Bank,Bank_13
Ur order OD5756789368 from Swiggy is arriving tomorrow. Keep Rs.964 ready for COD.,Delivery,Delivery_3
Delivered! Your Flipkart order OD8653288983 was delivered on 03 Jul. Rate your experience: bit.ly/FvnhEE,Delivery,Delivery_2
DEAR CUSTOMER UR HDFC BANK ACCOUNT WILL BE BLOCKED! UPDATE KYC NOW: BIT.LY/RATVHN,Spam,Hard_11
You have 1964 reward points expiring on 05 Jul. Redeem on Meesho.,Promo,Promo_20
Convert your Axis Bank card purchase of Rs.790 into easy EMIs at 0% interest. Reply YES.,Promo,Promo_15
Ekart: Shipment OD4822450724 reached your city hub. Expected delivery: 01 Jul. -TM,Delivery,Delivery_4
"Bro send me Rs.1932 on gpay, will return by 01 Jul",Personal,Hard_5
IRCTC: SPECIAL TRAINS ADDED FOR FESTIVE SEASON. BOOK EARLY & SAVE UP TO 30%.,Promo,Promo_17
Exclusive for you! Buy 1 Get 1 FREE at Myntra. Limited period offer. Visit bit.ly/tdnIub,Promo,Promo_3
  Your return pickup for order OD2728599341 is scheduled on 04 Jul. Keep the item ready. -BigBasket,Delivery,Delivery_7
Dear customer ur BOB account will be blocked! Update KYC now: bit.ly/zRNZnu,Spam,Hard_11
Rs.89577 credited to A/c XX9341 on 27-06-26 Avl Bal: Rs.335062 -Axis Bank,Bank,Bank_1
RECHARGE WITH RS.1779 & GET 40% EXTRA TALKTIME. OFFER VALID TODAY ONLY!,Promo,Promo_5
IRCTC: Special trains added for festive season. Book early & save up to 70%.,Promo,Promo_17
Your Prime Video plan renews on 04 Jul at INR 324. Upgrade to 4K for INR 903/month.,Promo,Promo_18
"HEY, MY NEW NUMBER IS +911817890710. SAVE IT! MEET AT NOON?",Personal,Hard_4
Weekend special at Meesho! Min 80% off on everything. Don't miss out: bit.ly/dztoEI,Promo,Promo_6
your sonyliv plan renews on 06 jul at rs.126. upgrade to 4k for rs.334/month.,Promo,Promo_18
Salary of Rs.70012 credited to A/c XX8013. Avl Bal: Rs.426332. -SBI,Bank,Bank_7
Use  612741 to complete your IRCTC registration. Valid till 5 mins.,OTP,OTP_4
Enter 497463 to verify your mobile number for Ola,OTP,OTP_10
Convert your Axis Bank card purchase of INR 896 into easy EMIs at 0% interest. Reply YES.,Promo,Promo_15
Your Jio pack expires tomorrow. Recharge with Rs.1989 for 2GB/day + unlimited calls.,Promo,Promo_10
<#> 538800 is ur Ola code. Valid 15 min. hA8sk2Lqp3,OTP,OTP_13
Confirmation  code 647904 for ICICI Bank. Keep it private.,OTP,OTP_11
Interest of Rs.21307 credited to your FD A/c XX2131. -Kotak,Bank,Bank_9
OTP: 551758 for txn of Rs.47114 at Meesho. Do not share. -SBI,OTP,OTP_2
Ur SIM will be deactivated in 24hrs. Verify Aadhaar: bit.ly/rWVIll,Spam,Hard_13
Interest of Rs.94131 credited to your FD A/c XX6392. -SBI,Bank,Bank_9
Beware of fraud calls asking for card details Kotak officials never ask for PIN or CVV,Bank,Bank_15
UPI payment of Rs.75713 to Akshay successful UPI Ref: 777239698918 -Kotak,Bank,Bank_6
LAST DAY! SWIGGY CLEARANCE SALE ENDS TONIGHT. UP TO 60% OFF SITEWIDE.,Promo,Promo_8
Dear  customer ur ICICI Bank account will be blocked! Update KYC now: bit.ly/zOBUWI,Spam,Hard_11
Delivery attempt failed for order OD9764660997. We will retry tomorrow. -XpressBees,Delivery,Delivery_5
Xalak from XpressBees is arriving with your package. Contact: 00549315866 -TM,Delivery,Delivery_6
Your FD of Rs.2231 matures on 22-06-26. Renew or withdraw via netbanking. -BOB,Bank,Bank_14
Your credit card XX5460 statement is ready. Total due: Rs.27256. Min due: Rs.969. -Kotak,Bank,Bank_5
Coupon 2770 gives you free delivery on orders above INR 1514. -Myntra,Promo,Hard_1
  Out for delivery: Your Amazon package OD1177130224 will arrive today by 3 PM. -Delhivery,Delivery,Delivery_1
Your OTP is 198795. Use it to verify your ICICI Bank account. Expires in 5 min.,OTP,OTP_1
Rs.54846 credited to A/c XX3369 on 06-04-26. Avl Bal: Rs.487360. -HDFC Bank,Bank,Bank_1
"Bro  send me Rs.2183 on gpay, will return by 05 Jul",Personal,Hard_5
TAP TO VERIFY: 568054. THIS CODE EXPIRES SHORTLY.,OTP,Hard_9
Your OTP is 637630. Use it to verify your Meesho account. Expires in 15 min.,OTP,OTP_1
Ur Uber code: 6604,OTP,Hard_8
Your SonyLIV plan renews on 04 Jul at Rs.409. Upgrade to 4K for Rs.948/month.,Promo,Promo_18
YOUR ONE TIME PASSWORD IS 64592 FOR GPAY. PLEASE DO NOT SHARE IT.,OTP,OTP_5
YOUR ACCOUNT STATEMENT FOR JUNE IS AVAILABLE. DOWNLOAD FROM THE ICICI BANK APP.,Bank,Bank_16
Interest of Rs.49420 credited to your FD A/c XX6912. -Axis Bank,Bank,Bank_9
Delivered! Your Myntra order OD8332233193 was delivered on 01 Jul. Rate your experience: bit.ly/EqQXVt,Delivery,Delivery_2
Last day! Swiggy clearance sale ends tonight. Up to 40% off sitewide.,Promo,Promo_8
OTP: 8645 for txn of Rs.33528 at ICICI Bank. Do not share. -BOB,OTP,OTP_2
  Swiggy: Free delivery all weekend! Order your favourites now.,Promo,Promo_13
  You have 2347 reward points expiring on 05 Jul. Redeem on Flipkart.,Promo,Promo_20
Confirmation  code 764601 for HDFC Bank. Keep it private.,OTP,OTP_11
"Your Kotak health insurance renewal is due 05 Jul. Renew online, save 40% on premium.",Promo,Promo_24
tap to verify: 464758. this code expires shortly.,OTP,Hard_9
989550 is your verification code for BigBasket Never share your OTP,OTP,OTP_3
  Swiggy: Free delivery all weekend! Order your favourites now.,Promo,Promo_13
EMI of INR 46673 due on 04-06-26 for loan A/c XX7270. Pay now to avoid charges. -Kotak,Bank,Bank_4
OTP: 128349 for txn of Rs.15086 at Meesho. Do not share. -PNB,OTP,OTP_2
  Your order OD2688302859 from Zomato is arriving tomorrow. Keep Rs.4730 ready for COD.,Delivery,Delivery_3
loved your recent meesho order? reorder in 1 tap and get 30% off today.,Promo,Promo_22
Flat Rs.1220 cashback on your next order at Meesho. Use code SAVE23. Valid till 04 Jul.,Promo,Promo_2
Delivered! Your Swiggy order OD2004958974 was delivered on 04 Jul Rate your experience: bitly/WpagcA,Delivery,Delivery_2
Interest of INR 83958 credited to your FD A/c XX7393. -ICICI Bank,Bank,Bank_9
Rs.19128 debited from A/c XX8823 on 17-04-26 to Vincent Avl Bal: Rs.471210 -SBI,Bank,Bank_0
"Your SBI health insurance renewal is due 02 Jul. Renew online, save 30% on premium.",Promo,Promo_24
UPI payment of INR 56418 to Fitan successful. UPI Ref: 688169328555. -HDFC Bank,Bank,Bank_6
  Cheque no. 175102827572 for Rs.9507 has been cleared from A/c XX8619. -Axis Bank,Bank,Bank_8
Your return pickup for order OD1950405391 is scheduled on 02 Jul. Keep the item ready. -Meesho,Delivery,Delivery_7
OTP-based login was enabled for your A/c XX5306. Call Axis Bank if this wasn't you.,Bank,Hard_2
OTP: 970486 FOR TXN OF RS.38886 AT NETFLIX. DO NOT SHARE. -BOB,OTP,OTP_2
YOUR BIGBASKET ORDER OD2583399391 HAS BEEN SHIPPED VIA XPRESSBEES. TRACK: BIT.LY/SOMGFJ,Delivery,Delivery_0
CHANCHAL FROM DTDC IS ARRIVING WITH YOUR PACKAGE. CONTACT: 08936308284,Delivery,Delivery_6
"Hey, my new number is 09172366291. Save it! Meet at tonight? STOP to opt out",Personal,Hard_4
343914 is your OTP for PhonePe login. Valid for 30 minutes. Do not share with anyone.,OTP,OTP_0
Hungry?  Get 70% off up to Rs.768 on your next 3 orders. Code: EAT19. -Swiggy,Promo,Promo_12
  Order OD3676061121 packed and ready! Expected dispatch by 03 Jul. -Swiggy,Delivery,Delivery_8
You  have 2768 reward points expiring on 05 Jul. Redeem on Myntra.,Promo,Promo_20
Weekend special at Flipkart! Min 70% off on everything. Don't miss out: bit.ly/qItXZJ -TM,Promo,Promo_6
<#> 146139 IS YOUR BOB CODE. VALID 15 MIN. HA8SK2LQP3,OTP,OTP_13
"Ur HDFC Bank health insurance renewal is due 02 Jul. Renew online, save 50% on premium.",Promo,Promo_24
"Hey, my new number is +917321732193. Save it! Meet at tonight?",Personal,Hard_4
You have 4940 reward points expiring on 05 Jul. Redeem on BigBasket.,Promo,Promo_20
OTP-based login was enabled for your A/c XX7725. Call PNB if this wasn't you.,Bank,Hard_2
ALERT: Rs.92570 withdrawn from ATM using card XX5417 on 14-03-26 Bal: Rs.70220 -Kotak,Bank,Bank_3
Rs.43215 credited to A/c XX4042 on 17-02-26. Avl Bal: Rs.323398. -SBI,Bank,Bank_1
783988 - use this to sign in. Never share this code with anyone.,OTP,Hard_7
congratulations! you won rs.694627 in lucky draw. claim: bit.ly/djhdys,Spam,Hard_12
Low balance alert: A/c XX3847 balance is Rs.298417. Maintain min balance to avoid charges. STOP to opt out,Bank,Bank_10
Amazon Big Billion Days! Up to 30% off + extra 10% with PNB cards. Hurry!,Promo,Promo_1
<#> 703944 is your Hotstar code. Valid 15 min. hA8sk2Lqp3 STOP to opt out,OTP,OTP_13
OTP:  422559 for txn of Rs.17387 at GPay. Do not share. -HDFC Bank,OTP,OTP_2
Cheque no. 713114023370 for Rs.1114 has been cleared from A/c XX4897. -Axis Bank,Bank,Bank_8
Your  FD of Rs.67208 matures on 04-05-26. Renew or withdraw via netbanking. -HDFC Bank,Bank,Bank_14
Hungry? Get 30% off up to Rs.180 on your next 3 orders. Code: EAT64. -Zomato,Promo,Promo_12
Your account statement for August is available. Download from the ICICI Bank app.,Bank,Bank_16
Missed our shows? Come back to Prime Video at 50% off for 3 months. Resubscribe: bit.ly/HrIkGp,Promo,Promo_19
Missed our shows? Come back to Netflix at 50% off for 3 months. Resubscribe: bit.ly/kuNzJL,Promo,Promo_19
  89208 is your verification code for Netflix. Never share your OTP.,OTP,OTP_3
535607 - use this code to sign in to Uber. Never share it with anyone.,OTP,OTP_7
607562 - use this to sign in. Never share this code with anyone.,OTP,Hard_7
Out for delivery: Your Myntra package OD2484714427 will arrive today by 9 PM. -XpressBees,Delivery,Delivery_1
Ur account statement for August is available. Download from the PNB app.,Bank,Bank_16
your fd of rs.91113 matures on 23-02-26. renew or withdraw via netbanking. -kotak,Bank,Bank_14
OTP: 461132 for txn of Rs.39219 at Kotak. Do not share. -SBI,OTP,OTP_2
YOUR OTP IS 255855. USE IT TO VERIFY YOUR UBER ACCOUNT. EXPIRES IN 5 MIN.,OTP,OTP_1
KYC UPDATE PENDING FOR A/C XX7694. PLEASE VISIT YOUR NEAREST HDFC BANK BRANCH BY 08-05-26 TO AVOID RESTRICTIONS.,Bank,Bank_12
You have 4478 reward points expiring on 01 Jul. Redeem on Zomato.,Promo,Promo_20
  Flipkart: Your cart misses you! Complete purchase now & get 70% off. bit.ly/aIwHuF,Promo,Promo_4
OTP for delivery of order OD3036346935 is 7997. Share only with the delivery agent. -Ekart,Delivery,Delivery_9
Salary of Rs.20119 credited to A/c XX9311. Avl Bal: Rs.424929. -SBI,Bank,Bank_7
beware of fraud calls asking for card details. kotak officials never ask for pin or cvv.,Bank,Bank_15
YOUR A/C XX6641 IS DEBITED WITH RS.96776 ON 19-06-26. INFO: UPI-QADIM. BAL: RS.271989,Bank,Bank_2
your return pickup for order od5005385644 is scheduled on 04 jul. keep the item ready. -flipkart,Delivery,Delivery_7
Pre-approved!  Get a PNB credit card with Rs.339305 limit. Zero joining fee. Apply: bit.ly/UwCxAk,Promo,Promo_14
Interest of Rs.46537 credited to your FD A/c XX9796. -ICICI Bank,Bank,Bank_9
Your ICICI Bank debit card XX6122 has been blocked due to suspicious activity. Visit branch or call 1800-XXX to unblock.,Bank,Bank_11
Flipkart: 264475 is your login OTP It expires in 10 minutes,OTP,OTP_6
HUNGRY? GET 40% OFF UP TO RS.1963 ON YOUR NEXT 3 ORDERS. CODE: EAT41. -SWIGGY,Promo,Promo_12
Enter 313279 to verify your mobile number for Netflix.,OTP,OTP_10
Your  account statement for July is available. Download from the Kotak app.,Bank,Bank_16
flight fares dropped! del-pnq from rs.1159. book on goibibo before midnight.,Promo,Promo_16
You have 3948 reward points expiring on 05 Jul. Redeem on Amazon. STOP to opt out,Promo,Promo_20
OTP for delivery of order OD9800949998 is 6245. Share only with the delivery agent. -XpressBees,Delivery,Delivery_9
Uber: 237590 is your login OTP. It expires in 5 minutes.,OTP,OTP_6
Your account statement for July is available. Download from the PNB app.,Bank,Bank_16
Low  balance alert: A/c XX4757 balance is Rs.238166. Maintain min balance to avoid charges.,Bank,Bank_10
Pre-approved! Get a Kotak credit card with Rs.343898 limit Zero joining fee Apply: bitly/QoGRbL,Promo,Promo_14
Missed our shows? Come back to Hotstar at 50% off for 3 months. Resubscribe: bit.ly/ytabYS,Promo,Promo_19
Flat Rs.88 cashback on ur next order at Meesho. Use code SAVE84. Valid till 03 Jul.,Promo,Promo_2
Your A/c XX2650 is debited with Rs.35472 on 30-03-26 Info: UPI-Divya Bal: Rs.6800,Bank,Bank_2
tap to verify: 739825. this code expires shortly.,OTP,Hard_9
"never share your otp, pin or cvv. kotak never asks for these. stay safe.",Bank,Hard_3
381612 is your BigBasket security code. Anyone asking for it is a scammer.,OTP,OTP_9
953756 - use this code to sign in to Zomato. Never share it with anyone. STOP to opt out,OTP,OTP_7
Your Netflix plan renews on 02 Jul at Rs.1378. Upgrade to 4K for Rs.209/month.,Promo,Promo_18
Your SIM will be deactivated in 24hrs. Verify Aadhaar: bit.ly/vPkZCH T&C apply,Spam,Hard_13
Flat  Rs.395 cashback on your next order at BigBasket. Use code SAVE40. Valid till 06 Jul.,Promo,Promo_2
Ekart: Shipment OD1264355110 reached your city hub. Expected delivery: 05 Jul.,Delivery,Delivery_4
Your order OD7440637773 from Swiggy is arriving tomorrow. Keep INR 3101 ready for COD.,Delivery,Delivery_3
Your account statement for June is available. Download from the PNB app.,Bank,Bank_16
360717 is your OTP for Kotak login. Valid for 10 minutes. Do not share with anyone.,OTP,OTP_0
Recharge with Rs.630 & get 50% extra talktime Offer valid today only!,Promo,Promo_5
SALARY OF RS.34385 CREDITED TO A/C XX6237. AVL BAL: RS.196183. -KOTAK,Bank,Bank_7
Cheque no. 818976316899 for Rs.37843 has been cleared from A/c XX8065. -SBI,Bank,Bank_8
INR 865 cashback credited to your PhonePe wallet. Use on your next order.,Promo,Promo_21
weekend special at amazon! min 40% off on everything. don't miss out: bit.ly/ycbqup,Promo,Promo_6
Salary of Rs.61881 credited to A/c XX9111. Avl Bal: Rs.123856. -SBI,Bank,Bank_7
Your A/c XX9568 is debited with Rs.87197 on 30-06-26. Info: UPI-Parth. Bal: Rs.467607,Bank,Bank_2
  Your ICICI Bank debit card XX3891 has been blocked due to suspicious activity. Visit branch or call 1800-XXX to unblock.,Bank,Bank_11
Beware of fraud calls asking for card details. BOB officials never ask for PIN or CVV.,Bank,Bank_15
  Your one time password is 771670 for Ola. Please do not share it.,OTP,OTP_5
Your one time password is 944716 for Netflix. Please do not share it.,OTP,OTP_5
"Hi Hitesh, unlock Rs.1656 off your first order at Meesho with code NEW96",Promo,Promo_7
RECHARGE WITH RS.245 & GET 80% EXTRA TALKTIME. OFFER VALID TODAY ONLY!,Promo,Promo_5
Items in your order history are back in stock at BigBasket Prices start Rs.1967,Promo,Promo_23
Cheque no. 627843056010 for Rs.53366 has been cleared from A/c XX6287. -Axis Bank,Bank,Bank_8
Low  balance alert: A/c XX7427 balance is Rs.470360. Maintain min balance to avoid charges.,Bank,Bank_10
  Confirmation code 945189 for HDFC Bank. Keep it private.,OTP,OTP_11
ALERT: INR 66569 withdrawn from ATM using card XX5952 on 20-04-26. Bal: INR 143235. -ICICI Bank,Bank,Bank_3
Last day! Amazon clearance sale ends tonight. Up to 80% off sitewide. T&C apply,Promo,Promo_8
interest of rs.92297 credited to your fd a/c xx3307. -sbi,Bank,Bank_9
Your BigBasket order OD4665007272 has been shipped via BlueDart. Track: bit.ly/jzdIMg,Delivery,Delivery_0
Missed our shows? Come back to SonyLIV at 50% off for 3 months. Resubscribe: bit.ly/wjtWGI,Promo,Promo_19
"Hi Anay, unlock Rs.1002 off your first order at Meesho with code NEW85.",Promo,Promo_7
Order OD9908098724 packed and ready! Expected dispatch by 02 Jul. -Amazon,Delivery,Delivery_8
g-950550 is your google verification code.,OTP,OTP_12
EMI  of Rs.63324 due on 07-03-26 for loan A/c XX1903. Pay now to avoid charges. -Kotak,Bank,Bank_4
UPI payment of Rs.14531 to Garima successful. UPI Ref: 256474588089. -Kotak,Bank,Bank_6
flight fares dropped! blr-pnq from rs.355. book on makemytrip before midnight.,Promo,Promo_16
Pre-approved! Get a PNB credit card with Rs.269009 limit. Zero joining fee. Apply: bit.ly/tpIchJ,Promo,Promo_14
your hdfc bank debit card xx1576 has been blocked due to suspicious activity. visit branch or call 1800-xxx to unblock.,Bank,Bank_11
381431 is ur OTP for Amazon login. Valid for 10 minutes. Do not share with anyone.,OTP,OTP_0
Data exhausted? Get 3GB extra with Rs.95 booster pack. Dial *121# or visit app.,Promo,Promo_11
Beware  of fraud calls asking for card details. Kotak officials never ask for PIN or CVV.,Bank,Bank_15
upi payment of rs.60548 to caleb successful. upi ref: 147056550609. -sbi,Bank,Bank_6
KYC update pending for A/c XX1587. Please visit your nearest SBI branch by 05-06-26 to avoid restrictions.,Bank,Bank_12
interest of rs.819 credited to your fd a/c xx7156. -icici bank,Bank,Bank_9
YOU HAVE 1124 REWARD POINTS EXPIRING ON 04 JUL. REDEEM ON ZOMATO.,Promo,Promo_20
KYC update pending for A/c XX7451. Please visit your nearest HDFC Bank branch by 15-01-26 to avoid restrictions.,Bank,Bank_12
RS.85324 CREDITED TO A/C XX2102 ON 26-06-26. AVL BAL: RS.192099. -HDFC BANK,Bank,Bank_1
  746240 - use this to sign in. Never share this code with anyone.,OTP,Hard_7
use 976750 to complete your netflix registration. valid till 10 mins.,OTP,OTP_4
Items in your order history are back in stock at Myntra. Prices start Rs.1825.,Promo,Promo_23
670321 - use this to sign in. Never share this code with anyone.,OTP,Hard_7
Yashodhara from Ekart is arriving with your package. Contact: 5162363552 STOP to opt out,Delivery,Delivery_6
G-280295 is ur Google verification code.,OTP,OTP_12
Salary of INR 58898 credited to A/c XX4551. Avl Bal: INR 276655. -ICICI Bank,Bank,Bank_7
OTP  for delivery of order OD2274330308 is 5172. Share only with the delivery agent. -Delhivery,Delivery,Delivery_9
your netflix plan renews on 01 jul at rs.1197. upgrade to 4k for rs.626/month.,Promo,Promo_18
"Class  shifted to room 7115, come fast",Personal,Hard_6
69411 - use this code to sign in to Paytm. Never share it with anyone.,OTP,OTP_7
TAP TO VERIFY: 803105. THIS CODE EXPIRES SHORTLY.,OTP,Hard_9
  Congratulations! You won Rs.570007 in lucky draw. Claim: bit.ly/zVNTJk,Spam,Hard_12
your uber code: 2930,OTP,Hard_8
  Out for delivery: Your BigBasket package OD3541690256 will arrive today by 9 PM. -BlueDart,Delivery,Delivery_1
178635 is your Meesho security code. Anyone asking for it is a scammer. -TM,OTP,OTP_9
"Bro  send me Rs.970 on gpay, will return by 02 Jul",Personal,Hard_5
Use code 6865 at checkout for 10% off at Zomato!,Promo,Hard_0
Flight fares dropped! BLR-MAA from Rs.1536. Book on Goibibo before midnight.,Promo,Promo_16
MEGA SALE! Get 50% OFF on all products at Swiggy. Shop now: bit.ly/CJTiYd T&C apply.,Promo,Promo_0
Your FD of Rs.9874 matures on 30-05-26. Renew or withdraw via netbanking. -PNB,Bank,Bank_14
Your  HDFC Bank debit card XX9526 has been blocked due to suspicious activity. Visit branch or call 1800-XXX to unblock.,Bank,Bank_11
200037 is your verification code for BigBasket. Never share your OTP.,OTP,OTP_3
Ur FD of Rs.1968 matures on 29-05-26. Renew or withdraw via netbanking. -PNB,Bank,Bank_14
  ALERT: Rs.43795 withdrawn from ATM using card XX4010 on 07-03-26. Bal: Rs.155426. -PNB,Bank,Bank_3
Swiggy: Free delivery all weekend! Order your favourites now.,Promo,Promo_13
irctc: special trains added for festive season. book early & save up to 60%.,Promo,Promo_17
  <#> 705565 is your Swiggy code. Valid 5 min. hA8sk2Lqp3,OTP,OTP_13
Out for delivery: Your Flipkart package OD5144749959 will arrive today by 12 PM. -Ekart -TM,Delivery,Delivery_1
Your Uber code: 9726,OTP,Hard_8
KYC update pending for A/c XX1028. Please visit your nearest ICICI Bank branch by 18-01-26 to avoid restrictions.,Bank,Bank_12
"Hi Veer, unlock Rs.1918 off your first order at Myntra with code NEW15.",Promo,Promo_7
54018 is your verification code for IRCTC. Never share your OTP.,OTP,OTP_3
Coupon 1278 gives you free delivery on orders above Rs.4623. -Zomato,Promo,Hard_1
Beware of fraud calls asking for card details. ICICI Bank officials never ask for PIN or CVV.,Bank,Bank_15
salary of rs.83107 credited to a/c xx7390. avl bal: rs.303481. -bob,Bank,Bank_7
Out for delivery: Your Flipkart package OD8983540769 will arrive today by 3 PM. -BlueDart,Delivery,Delivery_1
Tap  to verify: 501841. This code expires shortly.,OTP,Hard_9
Delivered! Your Myntra order OD1286771969 was delivered on 05 Jul. Rate your experience: bit.ly/JNguhG,Delivery,Delivery_2
Exclusive for you! Buy 1 Get 1 FREE at Meesho. Limited period offer. Visit bit.ly/AStQGg -TM,Promo,Promo_3
Rs.88787 credited to A/c XX9479 on 05-06-26. Avl Bal: Rs.464673. -Axis Bank,Bank,Bank_1
Low balance alert: A/c XX4800 balance is Rs.437784 Maintain min balance to avoid charges,Bank,Bank_10
OTP: 261729 for txn of Rs.42683 at PhonePe. Do not share. -ICICI Bank STOP to opt out,OTP,OTP_2
Flat  Rs.628 cashback on your next order at Zomato. Use code SAVE39. Valid till 04 Jul.,Promo,Promo_2
  Low balance alert: A/c XX6386 balance is Rs.397202. Maintain min balance to avoid charges.,Bank,Bank_10
909346 - use this to sign in. Never share this code with anyone.,OTP,Hard_7
Your OTP is 726837 Use it to verify your IRCTC account Expires in 5 min,OTP,OTP_1
swiggy: free delivery all weekend! order your favourites now.,Promo,Promo_13
DATA EXHAUSTED? GET 2GB EXTRA WITH RS.320 BOOSTER PACK. DIAL *121# OR VISIT APP.,Promo,Promo_11
Your  Uber code: 2998,OTP,Hard_8
Your return pickup for order OD9818625917 is scheduled on 02 Jul Keep the item ready -Zomato,Delivery,Delivery_7
Hungry? Get 60% off up to Rs.670 on your next 3 orders. Code: EAT89. -Zomato,Promo,Promo_12
YOUR KOTAK CODE: 9610,OTP,OTP_8
Your account statement for August is available. Download from the PNB app. -TM,Bank,Bank_16
MYNTRA: 216687 IS YOUR LOGIN OTP. IT EXPIRES IN 30 MINUTES.,OTP,OTP_6
"Hi Ria, unlock Rs.1303 off ur first order at Zomato with code NEW41.",Promo,Promo_7
Last day! Zomato clearance sale ends tonight. Up to 50% off sitewide.,Promo,Promo_8
OTP for delivery of order OD6615210642 is 7392. Share only with the delivery agent. -BlueDart,Delivery,Delivery_9
Swiggy: 324604 is ur login OTP. It expires in 10 minutes.,OTP,OTP_6
KYC update pending for A/c XX6141. Please visit your nearest SBI branch by 12-01-26 to avoid restrictions.,Bank,Bank_12
Data exhausted? Get 2GB extra with Rs.1037 booster pack. Dial *121# or visit app.,Promo,Promo_11
Rs.44856 credited to A/c XX8164 on 06-02-26. Avl Bal: Rs.18823. -BOB -TM,Bank,Bank_1
Use 586840 to complete your GPay registration. Valid till 15 mins.,OTP,OTP_4
  EMI of Rs.4664 due on 14-04-26 for loan A/c XX3374. Pay now to avoid charges. -Kotak,Bank,Bank_4
Interest of Rs.96260 credited to your FD A/c XX5535 -Axis Bank,Bank,Bank_9
Cheque no 809185709305 for Rs.97936 has been cleared from A/c XX7857 -BOB,Bank,Bank_8
your one time password is 359816 for myntra. please do not share it.,OTP,OTP_5
Zomato:  Free delivery all weekend! Order your favourites now.,Promo,Promo_13
Hungry? Get 60% off up to Rs.605 on your next 3 orders. Code: EAT40. -Zomato,Promo,Promo_12
DTDC: Shipment OD4218619063 reached your city hub Expected delivery: 02 Jul,Delivery,Delivery_4
Your return pickup for order OD6054309767 is scheduled on 02 Jul. Keep the item ready. -Meesho,Delivery,Delivery_7
KYC  update pending for A/c XX7272. Please visit your nearest Axis Bank branch by 01-07-26 to avoid restrictions.,Bank,Bank_12
Amazon: Your cart misses you! Complete purchase now & get 60% off. bit.ly/MvlIXM,Promo,Promo_4
79131 - use this code to sign in to paytm. never share it with anyone.,OTP,OTP_7
Delivered! Your Meesho order OD9858736064 was delivered on 04 Jul. Rate your experience: bit.ly/Puhweb,Delivery,Delivery_2
Confirmation code 838684 for Zomato. Keep it private.,OTP,OTP_11
Auto-pay  of Rs.82271 to Charles is scheduled on 11-03-26 from A/c XX7083. Ensure sufficient balance.,Bank,Bank_13
Axis Bank: 421135 is your login OTP. It expires in 10 minutes.,OTP,OTP_6
Last day! Zomato clearance sale ends tonight. Up to 30% off sitewide.,Promo,Promo_8
Pre-approved! Get a HDFC Bank credit card with Rs.238966 limit. Zero joining fee. Apply: bit.ly/NDFZao,Promo,Promo_14
  Your FD of Rs.88828 matures on 24-04-26. Renew or withdraw via netbanking. -ICICI Bank,Bank,Bank_14
Low balance alert: A/c XX5754 balance is Rs.85034. Maintain min balance to avoid charges.,Bank,Bank_10
  Confirmation code 31715 for Netflix. Keep it private.,OTP,OTP_11
Your return pickup for order OD7625831699 is scheduled on 02 Jul. Keep the item ready. -Meesho,Delivery,Delivery_7
  Out for delivery: Your Meesho package OD7446475998 will arrive today by 3 PM. -Delhivery,Delivery,Delivery_1
Rs.47089 debited from A/c XX6143 on 25-02-26 to Matthew. Avl Bal: Rs.199099. -ICICI Bank,Bank,Bank_0
Beware of fraud calls asking for card details. Axis Bank officials never ask for PIN or CVV.,Bank,Bank_15
Your Flipkart order OD7324404287 has been shipped via Delhivery. Track: bit.ly/YJBjkc,Delivery,Delivery_0
Your credit card XX8415 statement is ready Total due: Rs.72700 Min due: Rs.3450 -Kotak,Bank,Bank_5
rs.52673 credited to a/c xx4432 on 17-01-26. avl bal: rs.333937. -bob,Bank,Bank_1
Loved ur recent Zomato order? Reorder in 1 tap and get 80% off today.,Promo,Promo_22
Beware of fraud calls asking for card details PNB officials never ask for PIN or CVV,Bank,Bank_15
Your account statement for June is available. Download from the SBI app.,Bank,Bank_16
OTP: 372730 for txn of Rs.6749 at Axis Bank. Do not share. -HDFC Bank,OTP,OTP_2
Use code 8963 at checkout for 10% off at Zomato!,Promo,Hard_0
Zarna from BlueDart is arriving with your package. Contact: 00775609497,Delivery,Delivery_6
Items in your order history are back in stock at Swiggy. Prices start Rs.149. STOP to opt out,Promo,Promo_23
dear customer ur pnb account will be blocked! update kyc now: bit.ly/crqbmw,Spam,Hard_11
Auto-pay of Rs.61884 to Ekbal is scheduled on 13-02-26 from A/c XX3902. Ensure sufficient balance.,Bank,Bank_13
Delivery  attempt failed for order OD3095261246. We will retry tomorrow. -XpressBees,Delivery,Delivery_5
DELIVERED! YOUR FLIPKART ORDER OD3975624796 WAS DELIVERED ON 06 JUL. RATE YOUR EXPERIENCE: BIT.LY/RBIIQI,Delivery,Delivery_2
Your Uber code: 4078,OTP,Hard_8
  ALERT: Rs.98444 withdrawn from ATM using card XX3565 on 13-06-26. Bal: Rs.413844. -Axis Bank,Bank,Bank_3
Faqid from BlueDart is arriving with ur package. Contact: 07187954395,Delivery,Delivery_6
  UPI payment of Rs.42319 to Lucky successful. UPI Ref: 571398089436. -PNB,Bank,Bank_6
  Your Jio pack expires tomorrow. Recharge with Rs.1855 for 2GB/day + unlimited calls.,Promo,Promo_10
Enter 183569 to verify your mobile number for HDFC Bank.,OTP,OTP_10
"Bro send me Rs.2409 on gpay, will return by 01 Jul",Personal,Hard_5
EMI of Rs.49351 due on 14-06-26 for loan A/c XX5908. Pay now to avoid charges. -SBI,Bank,Bank_4
YOUR RETURN PICKUP FOR ORDER OD7476240885 IS SCHEDULED ON 03 JUL. KEEP THE ITEM READY. -FLIPKART,Delivery,Delivery_7
  Beware of fraud calls asking for card details. ICICI Bank officials never ask for PIN or CVV.,Bank,Bank_15
YOUR A/C XX8936 IS DEBITED WITH RS.50807 ON 14-03-26. INFO: UPI-ABHIRAM. BAL: RS.186319,Bank,Bank_2
Use 958014 to complete ur Meesho registration. Valid till 2 mins.,OTP,OTP_4
Your credit card XX2826 statement is ready. Total due: Rs.96969. Min due: Rs.3767. -BOB T&C apply,Bank,Bank_5
<#> 691632 is ur Hotstar code. Valid 2 min. hA8sk2Lqp3,OTP,OTP_13
"Hi Jagrati, unlock Rs.700 off your first order at Flipkart with code NEW93.",Promo,Promo_7
Data exhausted? Get 1GB extra with Rs.278 booster pack. Dial *121# or visit app.,Promo,Promo_11
KYC update pending for A/c XX2222. Please visit your nearest SBI branch by 29-04-26 to avoid restrictions.,Bank,Bank_12
438740 is your OTP for Flipkart login. Valid for 5 minutes. Do not share with anyone.,OTP,OTP_0
Auto-pay of Rs.94399 to Vidhi is scheduled on 07-03-26 from A/c XX8591 Ensure sufficient balance,Bank,Bank_13
Your credit card XX6277 statement is ready. Total due: Rs.21862. Min due: Rs.4477. -SBI,Bank,Bank_5
LAST DAY! ZOMATO CLEARANCE SALE ENDS TONIGHT. UP TO 80% OFF SITEWIDE.,Promo,Promo_8
Ur return pickup for order OD5595833858 is scheduled on 03 Jul. Keep the item ready. -BigBasket,Delivery,Delivery_7
KYC update pending for A/c XX9942. Please visit your nearest Axis Bank branch by 04-03-26 to avoid restrictions.,Bank,Bank_12
Your account statement for July is available Download from the ICICI Bank app,Bank,Bank_16
  Hungry? Get 80% off up to Rs.559 on your next 3 orders. Code: EAT28. -Zomato,Promo,Promo_12
  Your order OD2358286824 from Meesho is arriving tomorrow. Keep Rs.1234 ready for COD.,Delivery,Delivery_3
Missed our shows? Come back to Prime Video at 50% off for 3 months. Resubscribe: bit.ly/jNrLbl T&C apply,Promo,Promo_19
OTP: 286163 for txn of Rs.11875 at ICICI Bank. Do not share. -ICICI Bank,OTP,OTP_2
delivery attempt failed for order od1899160246. we will retry tomorrow. -bluedart,Delivery,Delivery_5
Items in your order history are back in stock at Flipkart. Prices start Rs.968.,Promo,Promo_23
Missed our shows? Come back to SonyLIV at 50% off for 3 months. Resubscribe: bit.ly/oEvwRS,Promo,Promo_19
  Dear customer ur Axis Bank account will be blocked! Update KYC now: bit.ly/ThyjMf,Spam,Hard_11
"Your HDFC Bank health insurance renewal is due 02 Jul Renew online, save 60% on premium",Promo,Promo_24
Flight fares dropped! BOM-LKO from Rs.1436. Book on Goibibo before midnight.,Promo,Promo_16
885733 - use this code to sign in to Meesho. Never share it with anyone.,OTP,OTP_7
Pay Rs.3752 on delivery for order OD668869441. -Ekart,Delivery,Hard_10
37501  is your OTP for SBI login. Valid for 30 minutes. Do not share with anyone.,OTP,OTP_0
SWIGGY: FREE DELIVERY ALL WEEKEND! ORDER YOUR FAVOURITES NOW.,Promo,Promo_13
Your return pickup for order OD6989109015 is scheduled on 03 Jul. Keep the item ready. -Flipkart,Delivery,Delivery_7
899681 is your verification code for HDFC Bank. Never share your OTP.,OTP,OTP_3
flight fares dropped! blr-lko from rs.1125. book on makemytrip before midnight.,Promo,Promo_16
Ur Uber code: 8511,OTP,Hard_8
Out for delivery: Your Meesho package OD1594276491 will arrive today by 6 PM. -Delhivery -TM,Delivery,Delivery_1
Low balance alert: A/c XX7277 balance is Rs.107686. Maintain min balance to avoid charges.,Bank,Bank_10
5187 is your BigBasket security code. Anyone asking for it is a scammer.,OTP,OTP_9
UPI payment of Rs.33056 to Dalaja successful. UPI Ref: 853669940001. -HDFC Bank,Bank,Bank_6
Cheque no 220030202366 for Rs.79509 has been cleared from A/c XX3003 -Axis Bank,Bank,Bank_8
  315165 is your Swiggy security code. Anyone asking for it is a scammer.,OTP,OTP_9
Your  Vi pack expires tomorrow. Recharge with Rs.1334 for 1.5GB/day + unlimited calls.,Promo,Promo_10
Swiggy:  Free delivery all weekend! Order your favourites now.,Promo,Promo_13
Your OTP is 59862. Use it to verify your IRCTC account. Expires in 30 min.,OTP,OTP_1
Items in ur order history are back in stock at Flipkart. Prices start Rs.1452.,Promo,Promo_23
  Your Jio pack expires tomorrow. Recharge with Rs.692 for 3GB/day + unlimited calls.,Promo,Promo_10
Confirmation code 834527 for SBI. Keep it private.,OTP,OTP_11
Cheque no. 143873446199 for Rs.36928 has been cleared from A/c XX3765. -ICICI Bank T&C apply,Bank,Bank_8
Enter 695341 to verify your mobile number for Meesho.,OTP,OTP_10
delivery attempt failed for order od5192549807. we will retry tomorrow. -delhivery,Delivery,Delivery_5
55793 is your OTP for Amazon login. Valid for 15 minutes. Do not share with anyone. STOP to opt out,OTP,OTP_0
"hey, my new number is 08804026238. save it! meet at tonight?",Personal,Hard_4
  Your Uber code: 9527,OTP,Hard_8
ALERT: INR 48622 withdrawn from ATM using card XX4873 on 14-04-26. Bal: INR 322326. -Axis Bank,Bank,Bank_3
  MEGA SALE! Get 10% OFF on all products at Amazon. Shop now: bit.ly/DRRCpx T&C apply.,Promo,Promo_0
Ur order OD6695441092 from Amazon is arriving tomorrow. Keep Rs.2542 ready for COD.,Delivery,Delivery_3
Nilima  from XpressBees is arriving with your package. Contact: +918466979158,Delivery,Delivery_6
"Hi  Vedhika, unlock Rs.145 off your first order at Zomato with code NEW12.",Promo,Promo_7
ALERT: Rs.28771 withdrawn from ATM using card XX1749 on 24-03-26. Bal: Rs.208324. -HDFC Bank,Bank,Bank_3
Ur credit card XX4534 statement is ready. Total due: Rs.16515. Min due: Rs.2616. -SBI,Bank,Bank_5
UPI PAYMENT OF RS.16666 TO UDARSH SUCCESSFUL. UPI REF: 912833137064. -PNB,Bank,Bank_6
Order OD9398402557 packed and ready! Expected dispatch by 01 Jul. -Flipkart T&C apply,Delivery,Delivery_8
539210 - use this to sign in. Never share this code with anyone.,OTP,Hard_7
your flipkart order od8818046568 has been shipped via ekart. track: bit.ly/gqzqer,Delivery,Delivery_0
Your FD of Rs.14546 matures on 02-07-26 Renew or withdraw via netbanking -PNB,Bank,Bank_14
BlueDart:  Shipment OD8476708925 reached your city hub. Expected delivery: 06 Jul.,Delivery,Delivery_4
OTP: 865061 for txn of Rs.14856 at Uber. Do not share. -SBI,OTP,OTP_2
YOUR ICICI BANK CODE: 997183,OTP,OTP_8
EKAVIR FROM BLUEDART IS ARRIVING WITH YOUR PACKAGE. CONTACT: 09054793322,Delivery,Delivery_6
Delivered! Your Flipkart order OD8046169511 was delivered on 02 Jul Rate your experience: bitly/CANSnc,Delivery,Delivery_2
MEGA SALE! Get 80% OFF on all products at Myntra. Shop now: bit.ly/VLbpUh T&C apply.,Promo,Promo_0
Use 183333 to complete your Swiggy registration. Valid till 15 mins.,OTP,OTP_4
INR 37875 debited from A/c XX4274 on 26-05-26 to Chatresh. Avl Bal: INR 433204. -BOB,Bank,Bank_0
KYC UPDATE PENDING FOR A/C XX5085. PLEASE VISIT YOUR NEAREST BOB BRANCH BY 15-01-26 TO AVOID RESTRICTIONS.,Bank,Bank_12
Your credit card XX5437 statement is ready. Total due: Rs.61638. Min due: Rs.4758. -BOB,Bank,Bank_5
  EMI of Rs.65270 due on 15-06-26 for loan A/c XX2549. Pay now to avoid charges. -Kotak,Bank,Bank_4
Tap to verify: 111115. This code expires shortly.,OTP,Hard_9
415921 is your verification code for Ola. Never share your OTP.,OTP,OTP_3
Flat Rs.684 cashback on your next order at Meesho Use code SAVE82 Valid till 03 Jul,Promo,Promo_2
Your Kotak debit card XX5276 has been blocked due to suspicious activity. Visit branch or call 1800-XXX to unblock.,Bank,Bank_11
Your  OTP is 303394. Use it to verify your Paytm account. Expires in 2 min.,OTP,OTP_1
LOW BALANCE ALERT: A/C XX7946 BALANCE IS RS.34951. MAINTAIN MIN BALANCE TO AVOID CHARGES.,Bank,Bank_10
OTP: 981431 FOR TXN OF RS.26504 AT BOB. DO NOT SHARE. -SBI,OTP,OTP_2
WEEKEND SPECIAL AT AMAZON! MIN 80% OFF ON EVERYTHING. DON'T MISS OUT: BIT.LY/RPVLPW,Promo,Promo_6
Low balance alert: A/c XX6893 balance is INR 326917. Maintain min balance to avoid charges.,Bank,Bank_10
Ur ICICI Bank debit card XX6343 has been blocked due to suspicious activity. Visit branch or call 1800-XXX to unblock.,Bank,Bank_11
YOUR SIM WILL BE DEACTIVATED IN 24HRS. VERIFY AADHAAR: BIT.LY/QDTBFI,Spam,Hard_13
Ur BOB debit card XX4118 has been blocked due to suspicious activity. Visit branch or call 1800-XXX to unblock.,Bank,Bank_11
"Hi Krishna, unlock Rs.687 off your first order at BigBasket with code NEW75.",Promo,Promo_7
OTP for delivery of order OD9258668051 is 5072. Share only with the delivery agent. -BlueDart,Delivery,Delivery_9
Data exhausted? Get 1GB extra with Rs.471 booster pack. Dial *121# or visit app.,Promo,Promo_11
Use 174312 to complete your BigBasket registration. Valid till 10 mins.,OTP,OTP_4
Convert your Axis Bank card purchase of Rs.1521 into easy EMIs at 0% interest. Reply YES.,Promo,Promo_15
delhivery: shipment od1064335625 reached your city hub. expected delivery: 01 jul.,Delivery,Delivery_4
"Never share your OTP, PIN or CVV. ICICI Bank never asks for these. Stay safe.",Bank,Hard_3
Your order OD1405916488 from Meesho is arriving tomorrow. Keep Rs.3988 ready for COD.,Delivery,Delivery_3
upi payment of rs.38532 to indrajit successful. upi ref: 462394456196. -sbi,Bank,Bank_6
Prisha  from Delhivery is arriving with your package. Contact: 07070933435,Delivery,Delivery_6
828945 is your Meesho security code. Anyone asking for it is a scammer. STOP to opt out,OTP,OTP_9
ALERT: Rs.84182 withdrawn from ATM using card XX1848 on 09-01-26 Bal: Rs.34161 -ICICI Bank,Bank,Bank_3
otp: 570185 for txn of rs.4517 at zomato. do not share. -kotak,OTP,OTP_2
"Class shifted to room 6632, come fast",Personal,Hard_6
rs.87608 credited to a/c xx9062 on 13-03-26. avl bal: rs.369033. -sbi,Bank,Bank_1
Ur return pickup for order OD9761395299 is scheduled on 01 Jul. Keep the item ready. -Amazon,Delivery,Delivery_7
Use code 8752 at checkout for 25% off at Zomato!,Promo,Hard_0
KYC update pending for A/c XX7648. Please visit your nearest HDFC Bank branch by 20-05-26 to avoid restrictions.,Bank,Bank_12
Cheque no. 888911194549 for Rs.85064 has been cleared from A/c XX1730. -Axis Bank,Bank,Bank_8
G-250530 is your Google verification code,OTP,OTP_12
Your Kotak code: 660553,OTP,OTP_8
ORDER OD6625564266 PACKED AND READY! EXPECTED DISPATCH BY 05 JUL. -SWIGGY,Delivery,Delivery_8
Your Hotstar plan renews on 01 Jul at Rs.1623. Upgrade to 4K for Rs.538/month. T&C apply,Promo,Promo_18
"Hi Rishi, unlock Rs.924 off your first order at Flipkart with code NEW80.",Promo,Promo_7
Delivery attempt failed for order OD5150883440. We will retry tomorrow. -XpressBees,Delivery,Delivery_5
Order OD5465533074 packed and ready! Expected dispatch by 02 Jul. -Myntra,Delivery,Delivery_8
Pay Rs.4676 on delivery for order OD937202891. -DTDC,Delivery,Hard_10
<#>  746491 is your PhonePe code. Valid 2 min. hA8sk2Lqp3,OTP,OTP_13
last day! amazon clearance sale ends tonight. up to 70% off sitewide.,Promo,Promo_8
rs.89041 credited to a/c xx8456 on 17-04-26. avl bal: rs.272368. -axis bank,Bank,Bank_1
You  have 3494 reward points expiring on 02 Jul. Redeem on Amazon.,Promo,Promo_20
pre-approved! get a axis bank credit card with rs.193319 limit. zero joining fee. apply: bit.ly/pdjvwt,Promo,Promo_14
LOW BALANCE ALERT: A/C XX7807 BALANCE IS RS.340356. MAINTAIN MIN BALANCE TO AVOID CHARGES.,Bank,Bank_10
<#> 451188 is your Zomato code. Valid 10 min. hA8sk2Lqp3,OTP,OTP_13
mega sale! get 70% off on all products at swiggy. shop now: bit.ly/kxieoy t&c apply.,Promo,Promo_0
delivered! your bigbasket order od4795297054 was delivered on 02 jul. rate your experience: bit.ly/rocnlm,Delivery,Delivery_2
"Hey, my new number is 9705699191. Save it! Meet at 8?",Personal,Hard_4
OTP: 65742 for txn of Rs.12564 at ICICI Bank. Do not share. -PNB,OTP,OTP_2
Ur account statement for August is available. Download from the Axis Bank app.,Bank,Bank_16
Your Kotak debit card XX9304 has been blocked due to suspicious activity Visit branch or call 1800-XXX to unblock,Bank,Bank_11
  Delivered! Your Amazon order OD1996611598 was delivered on 05 Jul. Rate your experience: bit.ly/AlGkcO,Delivery,Delivery_2
Interest of Rs.48265 credited to your FD A/c XX2834. -HDFC Bank,Bank,Bank_9
Hungry? Get 40% off up to Rs.1168 on ur next 3 orders. Code: EAT72. -Swiggy,Promo,Promo_12
OTP: 214866 for txn of Rs.33820 at GPay Do not share -SBI,OTP,OTP_2
Use code 4965 at checkout for 50% off at BigBasket! STOP to opt out,Promo,Hard_0
Interest of Rs.78699 credited to ur FD A/c XX7084. -ICICI Bank,Bank,Bank_9
Exclusive for you! Buy 1 Get 1 FREE at Zomato. Limited period offer. Visit bit.ly/TCfdDh,Promo,Promo_3
HUNGRY? GET 60% OFF UP TO RS.717 ON YOUR NEXT 3 ORDERS. CODE: EAT48. -SWIGGY,Promo,Promo_12
"Your HDFC Bank health insurance renewal is due 03 Jul. Renew online, save 80% on premium.",Promo,Promo_24
Your IRCTC code: 512409 STOP to opt out,OTP,OTP_8
AUTO-PAY OF RS.84046 TO YASHICA IS SCHEDULED ON 15-05-26 FROM A/C XX9531. ENSURE SUFFICIENT BALANCE.,Bank,Bank_13
Your FD of Rs.34952 matures on 29-03-26. Renew or withdraw via netbanking. -HDFC Bank,Bank,Bank_14
rs.93348 credited to a/c xx4686 on 10-04-26. avl bal: rs.355899. -sbi,Bank,Bank_1
179671 is your verification code for axis bank. never share your otp.,OTP,OTP_3
Your credit card XX8122 statement is ready. Total due: Rs.21658. Min due: Rs.2997. -Axis Bank,Bank,Bank_5
Noah from XpressBees is arriving with your package. Contact: 07244232816,Delivery,Delivery_6
615159 - use this to sign in. Never share this code with anyone. STOP to opt out,OTP,Hard_7
ALERT: Rs.24137 withdrawn from ATM using card XX9777 on 01-03-26. Bal: Rs.200738. -ICICI Bank,Bank,Bank_3
Use code 8141 at checkout for 25% off at Flipkart!,Promo,Hard_0
Your account statement for August is available. Download from the Kotak app.,Bank,Bank_16
OTP for delivery of order OD7570733854 is 5752. Share only with the delivery agent. -DTDC,Delivery,Delivery_9
Cheque  no. 728590705937 for Rs.76699 has been cleared from A/c XX2335. -ICICI Bank,Bank,Bank_8
"Bro send me Rs.504 on gpay, will return by 05 Jul T&C apply",Personal,Hard_5
Pre-approved! Get a Kotak credit card with INR 54751 limit. Zero joining fee. Apply: bit.ly/VAZZpi,Promo,Promo_14
  Rs.1646 cashback credited to your Amazon Pay wallet. Use on your next order.,Promo,Promo_21
Interest of Rs.22655 credited to your FD A/c XX4421. -ICICI Bank,Bank,Bank_9
"Never  share your OTP, PIN or CVV. BOB never asks for these. Stay safe.",Bank,Hard_3
  Interest of Rs.20123 credited to your FD A/c XX6978. -Axis Bank,Bank,Bank_9
COUPON 8136 GIVES YOU FREE DELIVERY ON ORDERS ABOVE RS.3195. -AMAZON,Promo,Hard_1
Cheque no. 812607660934 for Rs.10948 has been cleared from A/c XX3014. -Kotak,Bank,Bank_8
Convert your HDFC Bank card purchase of Rs.697 into easy EMIs at 0% interest. Reply YES.,Promo,Promo_15
Myntra: 182168 is your login OTP. It expires in 10 minutes.,OTP,OTP_6
Missed our shows? Come back to Netflix at 50% off for 3 months. Resubscribe: bit.ly/LiWKCO,Promo,Promo_19
Work from home! Earn Rs.534371/month. Join: bit.ly/wXCkdN,Spam,Hard_14
  304103 is your verification code for Paytm. Never share your OTP.,OTP,OTP_3
Your SIM will be deactivated in 24hrs Verify Aadhaar: bitly/tXxPxv,Spam,Hard_13
OTP for delivery of order OD5459682961 is 5800. Share only with the delivery agent. -BlueDart,Delivery,Delivery_9
Last day! Swiggy clearance sale ends tonight. Up to 60% off sitewide.,Promo,Promo_8
Your account statement for August is available. Download from the HDFC Bank app.,Bank,Bank_16
ALERT: Rs.18655 withdrawn from ATM using card XX8247 on 13-04-26. Bal: Rs.427785. -PNB,Bank,Bank_3
Vinaya from XpressBees is arriving with your package. Contact: 01711918844,Delivery,Delivery_6
Your Kotak code: 783163,OTP,OTP_8
"Bro send me Rs.4192 on gpay, will return by 04 Jul",Personal,Hard_5
997145 - use this to sign in Never share this code with anyone,OTP,Hard_7
"Your Kotak health insurance renewal is due 03 Jul. Renew online, save 80% on premium.",Promo,Promo_24
933704 - use this to sign in. Never share this code with anyone.,OTP,Hard_7
Order OD1532861868 packed and ready! Expected dispatch by 03 Jul. -Myntra,Delivery,Delivery_8
  139138 - use this code to sign in to Zomato. Never share it with anyone.,OTP,OTP_7
Last day! Meesho clearance sale ends tonight Up to 10% off sitewide,Promo,Promo_8
Delhivery: Shipment OD9406959133 reached your city hub Expected delivery: 03 Jul,Delivery,Delivery_4
Your  A/c XX6709 is debited with Rs.11499 on 27-02-26. Info: UPI-Tamanna. Bal: Rs.362572,Bank,Bank_2
Recharge with Rs.1443 & get 80% extra talktime. Offer valid today only! T&C apply,Promo,Promo_5
Congratulations! You won Rs.2169113 in lucky draw. Claim: bit.ly/JCLiiu,Spam,Hard_12
YOUR FD OF RS.48572 MATURES ON 18-06-26. RENEW OR WITHDRAW VIA NETBANKING. -PNB,Bank,Bank_14
Use  322171 to complete your IRCTC registration. Valid till 30 mins.,OTP,OTP_4
Pre-approved! Get a PNB credit card with Rs.364670 limit. Zero joining fee. Apply: bit.ly/DGstWz,Promo,Promo_14
Last day! Zomato clearance sale ends tonight. Up to 70% off sitewide.,Promo,Promo_8
"Never  share your OTP, PIN or CVV. HDFC Bank never asks for these. Stay safe.",Bank,Hard_3
Out  for delivery: Your Amazon package OD4624534285 will arrive today by 3 PM. -XpressBees,Delivery,Delivery_1
Flat Rs.1633 cashback on your next order at Flipkart Use code SAVE35 Valid till 01 Jul,Promo,Promo_2
  XpressBees: Shipment OD7362930804 reached your city hub. Expected delivery: 05 Jul.,Delivery,Delivery_4
enter 549703 to verify your mobile number for irctc.,OTP,OTP_10
otp: 992669 for txn of rs.5114 at uber. do not share. -axis bank,OTP,OTP_2
Pre-approved! Get a Kotak credit card with Rs.67441 limit. Zero joining fee. Apply: bit.ly/uyAnZQ,Promo,Promo_14
Riya  from BlueDart is arriving with your package. Contact: 7220593675,Delivery,Delivery_6
Your order OD4491469959 from Swiggy is arriving tomorrow. Keep Rs.2037 ready for COD.,Delivery,Delivery_3
XpressBees: Shipment OD3726786943 reached your city hub. Expected delivery: 02 Jul.,Delivery,Delivery_4
G-336110 is your Google verification code.,OTP,OTP_12
Convert your SBI card purchase of Rs.1128 into easy EMIs at 0% interest. Reply YES.,Promo,Promo_15
"Hi Siya, unlock Rs.1160 off your first order at Swiggy with code NEW48. STOP to opt out",Promo,Promo_7
Use 761421 to complete your Netflix registration. Valid till 10 mins. STOP to opt out,OTP,OTP_4
Your Netflix plan renews on 03 Jul at INR 182. Upgrade to 4K for INR 511/month.,Promo,Promo_18
Confirmation code 727071 for IRCTC. Keep it private.,OTP,OTP_11
Beware of fraud calls asking for card details. HDFC Bank officials never ask for PIN or CVV.,Bank,Bank_15
Exclusive for you! Buy 1 Get 1 FREE at Myntra. Limited period offer. Visit bit.ly/iSQGgu T&C apply,Promo,Promo_3
your axis bank debit card xx6408 has been blocked due to suspicious activity. visit branch or call 1800-xxx to unblock.,Bank,Bank_11
  Mason from Delhivery is arriving with your package. Contact: 00454446731,Delivery,Delivery_6
  451300 is your OTP for ICICI Bank login. Valid for 30 minutes. Do not share with anyone.,OTP,OTP_0
Congratulations! You won Rs.10434 in lucky draw. Claim: bit.ly/iFbMKi T&C apply,Spam,Hard_12
EMI OF RS.31221 DUE ON 03-02-26 FOR LOAN A/C XX2330. PAY NOW TO AVOID CHARGES. -PNB,Bank,Bank_4
Ur FD of Rs.1684 matures on 19-04-26. Renew or withdraw via netbanking. -ICICI Bank,Bank,Bank_14
Items  in your order history are back in stock at Myntra. Prices start Rs.1964.,Promo,Promo_23
OTP-based login was enabled for your A/c XX1207. Call HDFC Bank if this wasn't you.,Bank,Hard_2
NETFLIX: 875936 IS YOUR LOGIN OTP. IT EXPIRES IN 30 MINUTES.,OTP,OTP_6
Pay Rs.1245 on delivery for order OD366320109. -BlueDart,Delivery,Hard_10
Your A/c XX3655 is debited with Rs.83202 on 18-05-26. Info: UPI-Aarini. Bal: Rs.367921,Bank,Bank_2
Convert your SBI card purchase of Rs.1699 into easy EMIs at 0% interest. Reply YES. -TM,Promo,Promo_15
Confirmation code 329994 for IRCTC. Keep it private. T&C apply,OTP,OTP_11
Order OD9368423141 packed and ready! Expected dispatch by 05 Jul -Flipkart,Delivery,Delivery_8
your myntra order od2288477260 has been shipped via ekart. track: bit.ly/hfgapz,Delivery,Delivery_0
Use code 5374 at checkout for 50% off at Flipkart!,Promo,Hard_0
Your HDFC Bank debit card XX2861 has been blocked due to suspicious activity Visit branch or call 1800-XXX to unblock,Bank,Bank_11
Rs.46467 credited to A/c XX1471 on 28-04-26. Avl Bal: Rs.450789. -Kotak,Bank,Bank_1
Congratulations! You won Rs.173886 in lucky draw. Claim: bit.ly/igEpkt,Spam,Hard_12
Your A/c XX8160 is debited with INR 60129 on 19-02-26. Info: UPI-Avi. Bal: INR 180682,Bank,Bank_2
emi of rs.14028 due on 09-03-26 for loan a/c xx3151. pay now to avoid charges. -icici bank,Bank,Bank_4
Zomato: Free delivery all weekend! Order your favourites now.,Promo,Promo_13
  Delivery attempt failed for order OD3132328800. We will retry tomorrow. -XpressBees,Delivery,Delivery_5
Zomato: Free delivery all weekend! Order your favourites now.,Promo,Promo_13
  Flight fares dropped! DEL-MAA from Rs.1807. Book on Goibibo before midnight.,Promo,Promo_16
Use code 9730 at checkout for 25% off at BigBasket!,Promo,Hard_0
  Tap to verify: 840060. This code expires shortly.,OTP,Hard_9
Dear customer ur SBI account will be blocked! Update KYC now: bit.ly/ihTrSP,Spam,Hard_11
Your return pickup for order OD7950696719 is scheduled on 03 Jul. Keep the item ready. -Swiggy,Delivery,Delivery_7
Coupon 2485 gives you free delivery on orders above INR 814. -BigBasket,Promo,Hard_1
ITEMS IN YOUR ORDER HISTORY ARE BACK IN STOCK AT MEESHO. PRICES START RS.259.,Promo,Promo_23
delivered! your amazon order od1638855493 was delivered on 01 jul. rate your experience: bit.ly/zcankc,Delivery,Delivery_2
Last day! Zomato clearance sale ends tonight. Up to 10% off sitewide.,Promo,Promo_8
your bigbasket order od5772192189 has been shipped via bluedart. track: bit.ly/fswtae,Delivery,Delivery_0
Your Swiggy code: 976551,OTP,OTP_8
Confirmation code 378806 for Uber. Keep it private.,OTP,OTP_11
Order OD9443388446 packed and ready! Expected dispatch by 03 Jul. -BigBasket,Delivery,Delivery_8
XpressBees: Shipment OD5625705085 reached your city hub. Expected delivery: 06 Jul.,Delivery,Delivery_4
OTP for delivery of order OD9405095336 is 5254. Share only with the delivery agent. -BlueDart,Delivery,Delivery_9
OTP-based login was enabled for your A/c XX4098. Call PNB if this wasn't you.,Bank,Hard_2
Your order OD5698381318 from Myntra is arriving tomorrow. Keep Rs.289 ready for COD.,Delivery,Delivery_3
Low balance alert: A/c XX2439 balance is Rs.387570. Maintain min balance to avoid charges.,Bank,Bank_10
Low balance alert: A/c XX2419 balance is Rs.424997. Maintain min balance to avoid charges.,Bank,Bank_10
Your FD of INR 88416 matures on 18-01-26. Renew or withdraw via netbanking. -HDFC Bank,Bank,Bank_14
Myntra Big Billion Days! Up to 20% off + extra 10% with BOB cards. Hurry!,Promo,Promo_1
XpressBees: Shipment OD1913375217 reached your city hub. Expected delivery: 02 Jul.,Delivery,Delivery_4
UPI payment of Rs.46760 to Eiravati successful. UPI Ref: 145501027862. -SBI,Bank,Bank_6
Pay Rs.4022 on delivery for order OD179977163. -XpressBees,Delivery,Hard_10
Enter  739535 to verify your mobile number for Myntra.,OTP,OTP_10
Your OTP is 900866. Use it to verify your Hotstar account. Expires in 30 min.,OTP,OTP_1
Your order OD2593830637 from Amazon is arriving tomorrow Keep Rs.3832 ready for COD,Delivery,Delivery_3
USE 657734 TO COMPLETE YOUR SWIGGY REGISTRATION. VALID TILL 15 MINS.,OTP,OTP_4
Confirmation code 586454 for Flipkart Keep it private,OTP,OTP_11
  Enter 402319 to verify your mobile number for BOB.,OTP,OTP_10
Work from home! Earn Rs.1429635/month. Join: bit.ly/AdLzxv T&C apply,Spam,Hard_14
Recharge with Rs.358 & get 30% extra talktime Offer valid today only!,Promo,Promo_5
Cheque no. 233627176333 for INR 40116 has been cleared from A/c XX2763. -PNB,Bank,Bank_8
Rs.69923 debited from A/c XX6484 on 12-04-26 to Aishani. Avl Bal: Rs.356238. -HDFC Bank,Bank,Bank_0
Beware of fraud calls asking for card details. ICICI Bank officials never ask for PIN or CVV. STOP to opt out,Bank,Bank_15
Your Swiggy code: 268410,OTP,OTP_8
Your FD of Rs.2061 matures on 14-02-26. Renew or withdraw via netbanking. -BOB,Bank,Bank_14
Zomato: Free delivery all weekend! Order your favourites now.,Promo,Promo_13
Low balance alert: A/c XX1167 balance is Rs.5031. Maintain min balance to avoid charges.,Bank,Bank_10
788151 IS YOUR VERIFICATION CODE FOR OLA. NEVER SHARE YOUR OTP.,OTP,OTP_3
Swiggy: Free delivery all weekend! Order ur favourites now.,Promo,Promo_13
ALERT: Rs.97732 withdrawn from ATM using card XX1931 on 02-03-26. Bal: Rs.463368. -Kotak,Bank,Bank_3
Pre-approved! Get a BOB credit card with Rs.122974 limit. Zero joining fee. Apply: bit.ly/mmzMjS,Promo,Promo_14
Your Uber code: 3064,OTP,Hard_8
MEGA SALE! Get 30% OFF on all products at Flipkart Shop now: bitly/VgRAQw T&C apply,Promo,Promo_0
Zomato: Free delivery all weekend! Order your favourites now.,Promo,Promo_13
Your credit card XX5156 statement is ready. Total due: Rs.91006. Min due: Rs.3199. -BOB,Bank,Bank_5
Data exhausted? Get 1.5GB extra with Rs.750 booster pack. Dial *121# or visit app.,Promo,Promo_11
BigBasket: Your cart misses you! Complete purchase now & get 10% off. bit.ly/gpIaEN,Promo,Promo_4
277722 - use this code to sign in to Flipkart. Never share it with anyone.,OTP,OTP_7
Order OD9132237574 packed and ready! Expected dispatch by 05 Jul. -Zomato,Delivery,Delivery_8
Simon from Ekart is arriving with your package. Contact: +913832614772,Delivery,Delivery_6
OTP-based login was enabled for your A/c XX6019. Call PNB if this wasn't you.,Bank,Hard_2
552678  is your Hotstar security code. Anyone asking for it is a scammer.,OTP,OTP_9
  Recharge with Rs.738 & get 30% extra talktime. Offer valid today only!,Promo,Promo_5
IRCTC: Special trains added for festive season. Book early & save up to 60%.,Promo,Promo_17
Rs.1305 cashback credited to your Amazon Pay wallet Use on your next order,Promo,Promo_21
Your Netflix plan renews on 05 Jul at Rs.238. Upgrade to 4K for Rs.976/month.,Promo,Promo_18
ALERT: Rs.40529 withdrawn from ATM using card XX6051 on 27-01-26. Bal: Rs.188012. -PNB,Bank,Bank_3
G-974305 is your Google verification code.,OTP,OTP_12
OTP: 734250 for txn of Rs.39012 at ICICI Bank Do not share -SBI,OTP,OTP_2
IRCTC: Special trains added for festive season Book early & save up to 40%,Promo,Promo_17
ZOMATO: FREE DELIVERY ALL WEEKEND! ORDER YOUR FAVOURITES NOW.,Promo,Promo_13
  2268 is your OTP for IRCTC login. Valid for 2 minutes. Do not share with anyone.,OTP,OTP_0
Your account statement for August is available. Download from the Axis Bank app.,Bank,Bank_16
821208 is your SBI security code. Anyone asking for it is a scammer.,OTP,OTP_9
Data exhausted? Get 3GB extra with Rs.1307 booster pack. Dial *121# or visit app.,Promo,Promo_11
Out for delivery: Your BigBasket package OD8476782445 will arrive today by 9 PM. -XpressBees STOP to opt out,Delivery,Delivery_1
recharge with rs.629 & get 10% extra talktime. offer valid today only!,Promo,Promo_5
USE 962422 TO COMPLETE YOUR MEESHO REGISTRATION. VALID TILL 30 MINS.,OTP,OTP_4
Congratulations! You won Rs.524644 in lucky draw. Claim: bit.ly/plmktx,Spam,Hard_12
KYC update pending for A/c XX2134. Please visit your nearest Kotak branch by 18-06-26 to avoid restrictions.,Bank,Bank_12
Pre-approved! Get a ICICI Bank credit card with Rs.68812 limit. Zero joining fee. Apply: bit.ly/VKpENL,Promo,Promo_14
Delhivery: Shipment OD5444366059 reached your city hub. Expected delivery: 06 Jul.,Delivery,Delivery_4
Ur return pickup for order OD8136797464 is scheduled on 02 Jul. Keep the item ready. -Flipkart,Delivery,Delivery_7
MEGA SALE! Get 20% OFF on all products at Myntra. Shop now: bit.ly/UZqqiP T&C apply.,Promo,Promo_0
Your  return pickup for order OD5988872268 is scheduled on 03 Jul. Keep the item ready. -Swiggy,Delivery,Delivery_7
Your Swiggy code: 832115,OTP,OTP_8
out for delivery: your swiggy package od4152695373 will arrive today by 12 pm. -dtdc,Delivery,Delivery_1
Rs.88022 debited from A/c XX9991 on 11-01-26 to Aarav. Avl Bal: Rs.262442. -ICICI Bank,Bank,Bank_0
KYC  update pending for A/c XX8021. Please visit your nearest BOB branch by 25-03-26 to avoid restrictions.,Bank,Bank_12
rs.34546 credited to a/c xx2213 on 08-05-26. avl bal: rs.489506. -sbi,Bank,Bank_1
Your credit card XX9836 statement is ready. Total due: Rs.38955. Min due: Rs.2450. -HDFC Bank,Bank,Bank_5
work from home! earn rs.2281060/month. join: bit.ly/yymdub,Spam,Hard_14
VEDHIKA FROM DTDC IS ARRIVING WITH YOUR PACKAGE. CONTACT: +914844557859,Delivery,Delivery_6
IRCTC: Special trains added for festive season. Book early & save up to 20%.,Promo,Promo_17
Tap to verify: 503500. This code expires shortly.,OTP,Hard_9
618925 - use this code to sign in to PNB. Never share it with anyone.,OTP,OTP_7
G-836904 is your Google verification code,OTP,OTP_12
  G-71213 is your Google verification code.,OTP,OTP_12
Your account statement for July is available. Download from the SBI app.,Bank,Bank_16
Your Uber code: 3666,OTP,Hard_8
Convert your SBI card purchase of Rs.363 into easy EMIs at 0% interest. Reply YES. T&C apply,Promo,Promo_15
Dear customer ur Kotak account will be blocked! Update KYC now: bit.ly/bFqsBB,Spam,Hard_11
your one time password is 638567 for zomato. please do not share it.,OTP,OTP_5
"Bro send me Rs.1581 on gpay, will return by 04 Jul",Personal,Hard_5
kyc update pending for a/c xx5021. please visit your nearest kotak branch by 10-03-26 to avoid restrictions.,Bank,Bank_12
CHEQUE NO. 575484411429 FOR RS.24776 HAS BEEN CLEARED FROM A/C XX9188. -PNB,Bank,Bank_8
Your credit card XX1847 statement is ready Total due: Rs.73139 Min due: Rs.1594 -HDFC Bank,Bank,Bank_5
  Your PhonePe code: 71168,OTP,OTP_8
Work from home! Earn Rs.10863/month. Join: bit.ly/pUssOX,Spam,Hard_14
Your OTP is 397364. Use it to verify your PhonePe account. Expires in 15 min.,OTP,OTP_1
Your FD of INR 98010 matures on 10-03-26. Renew or withdraw via netbanking. -BOB,Bank,Bank_14
"Never share your OTP, PIN or CVV. Axis Bank never asks for these. Stay safe.",Bank,Hard_3
Your order OD5073032797 from Amazon is arriving tomorrow. Keep Rs.2820 ready for COD.,Delivery,Delivery_3
740060 is your verification code for sbi. never share your otp.,OTP,OTP_3
Salary of Rs.48894 credited to A/c XX8070. Avl Bal: Rs.81678. -Axis Bank -TM,Bank,Bank_7
"Class shifted to room 1813, come fast",Personal,Hard_6
Rs.885 cashback credited to your Paytm wallet. Use on your next order.,Promo,Promo_21
Out for delivery: Your Flipkart package OD3519784432 will arrive today by 6 PM. -BlueDart,Delivery,Delivery_1
  Order OD3833110134 packed and ready! Expected dispatch by 06 Jul. -Meesho,Delivery,Delivery_8
Jairaj from DTDC is arriving with your package Contact: 6142002272,Delivery,Delivery_6
Your  SBI debit card XX8851 has been blocked due to suspicious activity. Visit branch or call 1800-XXX to unblock.,Bank,Bank_11
  Your one time password is 780283 for Swiggy. Please do not share it.,OTP,OTP_5
ORDER OD8241725566 PACKED AND READY! EXPECTED DISPATCH BY 02 JUL. -BIGBASKET,Delivery,Delivery_8
IRCTC: Special trains added for festive season. Book early & save up to 80%. T&C apply,Promo,Promo_17
Out for delivery: Your Meesho package OD8619782782 will arrive today by 9 PM. -DTDC,Delivery,Delivery_1
Work from home! Earn Rs.1961867/month. Join: bit.ly/wQlvPa,Spam,Hard_14
work from home! earn rs.455102/month. join: bit.ly/xjtxkj,Spam,Hard_14
Flight  fares dropped! DEL-LKO from Rs.259. Book on ixigo before midnight.,Promo,Promo_16
Weekend special at Amazon! Min 20% off on everything. Don't miss out: bit.ly/YpyuIP,Promo,Promo_6
Your A/c XX8601 is debited with Rs.94700 on 22-05-26. Info: UPI-Ikshita. Bal: Rs.446801 -TM,Bank,Bank_2
Delivery attempt failed for order OD3880716762 We will retry tomorrow -XpressBees,Delivery,Delivery_5
YOUR UBER CODE: 5727,OTP,Hard_8
your fd of rs.37898 matures on 19-06-26. renew or withdraw via netbanking. -bob,Bank,Bank_14
Congratulations! You won Rs.256400 in lucky draw Claim: bitly/GVzmJc,Spam,Hard_12
KYC update pending for A/c XX6910. Please visit your nearest Kotak branch by 20-06-26 to avoid restrictions.,Bank,Bank_12
"Bro send me Rs.1684 on gpay, will return by 05 Jul",Personal,Hard_5
G-748954 is your Google verification code.,OTP,OTP_12
BlueDart: Shipment OD4246441177 reached your city hub. Expected delivery: 01 Jul. STOP to opt out,Delivery,Delivery_4
cheque no. 420706731260 for rs.697 has been cleared from a/c xx4784. -kotak,Bank,Bank_8
Order OD4111888072 packed and ready! Expected dispatch by 06 Jul. -Meesho,Delivery,Delivery_8
Your Jio pack expires tomorrow. Recharge with Rs.140 for 1GB/day + unlimited calls. STOP to opt out,Promo,Promo_10
"YOUR KOTAK HEALTH INSURANCE RENEWAL IS DUE 03 JUL. RENEW ONLINE, SAVE 80% ON PREMIUM.",Promo,Promo_24
PAY RS.2229 ON DELIVERY FOR ORDER OD971318528. -DTDC,Delivery,Hard_10
Your  SIM will be deactivated in 24hrs. Verify Aadhaar: bit.ly/GaySmD,Spam,Hard_13
Use  496833 to complete your Flipkart registration. Valid till 10 mins.,OTP,OTP_4
170119 is your verification code for hotstar. never share your otp.,OTP,OTP_3
Rs.1823 cashback credited to your Amazon Pay wallet. Use on your next order. T&C apply,Promo,Promo_21
Your order OD5461352966 from BigBasket is arriving tomorrow. Keep INR 1915 ready for COD.,Delivery,Delivery_3
Your account statement for August is available. Download from the HDFC Bank app.,Bank,Bank_16
MEGA SALE! Get 20% OFF on all products at Myntra. Shop now: bit.ly/UMXIrQ T&C apply.,Promo,Promo_0
Beware of fraud calls asking for card details. Kotak officials never ask for PIN or CVV.,Bank,Bank_15
EMI of Rs.89255 due on 28-04-26 for loan A/c XX6037. Pay now to avoid charges. -HDFC Bank,Bank,Bank_4
Out for delivery: Ur Flipkart package OD4829567931 will arrive today by 6 PM. -Delhivery,Delivery,Delivery_1
your order od2862236588 from swiggy is arriving tomorrow. keep rs.1228 ready for cod.,Delivery,Delivery_3
Ur Prime Video plan renews on 06 Jul at Rs.1238. Upgrade to 4K for Rs.664/month.,Promo,Promo_18
Your SIM will be deactivated in 24hrs. Verify Aadhaar: bit.ly/dqpobL,Spam,Hard_13
Your account statement for August is available. Download from the Kotak app.,Bank,Bank_16
Loved your recent BigBasket order? Reorder in 1 tap and get 40% off today.,Promo,Promo_22
765737 is your verification code for uber. never share your otp.,OTP,OTP_3
G-314983 IS YOUR GOOGLE VERIFICATION CODE.,OTP,OTP_12
Enter 991406 to verify your mobile number for Ola.,OTP,OTP_10
UPI payment of Rs.37526 to Fitan successful. UPI Ref: 223073903419. -HDFC Bank,Bank,Bank_6
Ur credit card XX9635 statement is ready. Total due: Rs.12705. Min due: Rs.4628. -ICICI Bank,Bank,Bank_5
922652 - use this to sign in. Never share this code with anyone.,OTP,Hard_7
OTP: 713580 FOR TXN OF RS.48414 AT FLIPKART. DO NOT SHARE. -PNB,OTP,OTP_2
Your FD of Rs.122 matures on 29-04-26. Renew or withdraw via netbanking. -Kotak STOP to opt out,Bank,Bank_14
convert your kotak card purchase of rs.1086 into easy emis at 0% interest. reply yes.,Promo,Promo_15
Interest of Rs.82498 credited to ur FD A/c XX9725. -Kotak,Bank,Bank_9
flight fares dropped! hyd-lko from rs.1015. book on ixigo before midnight.,Promo,Promo_16
Delivered! Your Zomato order OD8517803795 was delivered on 03 Jul. Rate your experience: bit.ly/RwgTVP T&C apply,Delivery,Delivery_2
Pay Rs.4667 on delivery for order OD484196984 -Delhivery,Delivery,Hard_10
Your one time password is 727164 for Uber. Please do not share it.,OTP,OTP_5
U have 569 reward points expiring on 02 Jul. Redeem on Zomato.,Promo,Promo_20
"Your PNB health insurance renewal is due 02 Jul. Renew online, save 20% on premium.",Promo,Promo_24
Coupon 3677 gives you free delivery on orders above Rs.3385 -Flipkart,Promo,Hard_1
ITEMS IN YOUR ORDER HISTORY ARE BACK IN STOCK AT FLIPKART. PRICES START RS.1110.,Promo,Promo_23
  Salary of Rs.18914 credited to A/c XX1821. Avl Bal: Rs.317385. -ICICI Bank,Bank,Bank_7
OTP-BASED LOGIN WAS ENABLED FOR YOUR A/C XX1452. CALL SBI IF THIS WASN'T YOU.,Bank,Hard_2
Delivery attempt failed for order OD2071639423. We will retry tomorrow. -DTDC,Delivery,Delivery_5
IRCTC: Special trains added for festive season. Book early & save up to 20%.,Promo,Promo_17
  IRCTC: Special trains added for festive season. Book early & save up to 70%.,Promo,Promo_17
Order OD3265352090 packed and ready! Expected dispatch by 03 Jul. -Amazon STOP to opt out,Delivery,Delivery_8
IRCTC: SPECIAL TRAINS ADDED FOR FESTIVE SEASON. BOOK EARLY & SAVE UP TO 50%.,Promo,Promo_17
Enter 912508 to verify your mobile number for Netflix.,OTP,OTP_10
Rs.50896 debited from A/c XX6271 on 06-01-26 to Samaksh. Avl Bal: Rs.10260. -Kotak,Bank,Bank_0
Work from home! Earn INR 76330/month. Join: bit.ly/cCjeZj,Spam,Hard_14
  Your order OD6147121237 from Meesho is arriving tomorrow. Keep Rs.1735 ready for COD.,Delivery,Delivery_3
Champak  from BlueDart is arriving with your package. Contact: 5113577695,Delivery,Delivery_6
OTP-based login was enabled for your A/c XX3812. Call Kotak if this wasn't you.,Bank,Hard_2
"Hey, my new number is 6450532957. Save it! Meet at tonight?",Personal,Hard_4
Flight fares dropped! BOM-PNQ from Rs.682. Book on ixigo before midnight. -TM,Promo,Promo_16
Missed our shows? Come back to SonyLIV at 50% off for 3 months. Resubscribe: bit.ly/GxAQrB,Promo,Promo_19
Cheque no. 756464858173 for Rs.34164 has been cleared from A/c XX8867. -HDFC Bank,Bank,Bank_8
last day! meesho clearance sale ends tonight. up to 70% off sitewide.,Promo,Promo_8
Use code 3545 at checkout for 50% off at BigBasket!,Promo,Hard_0
Confirmation code 741703 for Amazon. Keep it private.,OTP,OTP_11
tap to verify: 336610. this code expires shortly.,OTP,Hard_9
OTP for delivery of order OD6937145077 is 1472. Share only with the delivery agent. -XpressBees,Delivery,Delivery_9
your one time password is 262639 for zomato. please do not share it.,OTP,OTP_5
Delhivery: Shipment OD4490710173 reached your city hub. Expected delivery: 04 Jul.,Delivery,Delivery_4
"Your  ICICI Bank health insurance renewal is due 02 Jul. Renew online, save 70% on premium.",Promo,Promo_24
OTP for delivery of order OD8720909654 is 2160. Share only with the delivery agent. -DTDC,Delivery,Delivery_9
"Class shifted to room 7931, come fast",Personal,Hard_6
<#> 377536 IS YOUR AXIS BANK CODE. VALID 10 MIN. HA8SK2LQP3,OTP,OTP_13
  Pay Rs.2342 on delivery for order OD679906791. -DTDC,Delivery,Hard_10
Congratulations! You won Rs.2283626 in lucky draw. Claim: bit.ly/aFxJck,Spam,Hard_12
  Use code 6864 at checkout for 50% off at Amazon!,Promo,Hard_0
enter 440224 to verify your mobile number for ola.,OTP,OTP_10
Loved ur recent Swiggy order? Reorder in 1 tap and get 10% off today.,Promo,Promo_22
ALERT: Rs.45439 withdrawn from ATM using card XX8147 on 07-05-26. Bal: Rs.277238. -SBI,Bank,Bank_3
Delivered!  Your Swiggy order OD5681655773 was delivered on 03 Jul. Rate your experience: bit.ly/sHRRZt,Delivery,Delivery_2
"Hey, my new number is +912947239222. Save it! Meet at 8?",Personal,Hard_4
rs.52920 credited to a/c xx4994 on 27-01-26. avl bal: rs.423858. -pnb,Bank,Bank_1
YOUR ACCOUNT STATEMENT FOR JUNE IS AVAILABLE. DOWNLOAD FROM THE KOTAK APP.,Bank,Bank_16
Hungry? Get 70% off up to Rs.807 on your next 3 orders. Code: EAT59. -Zomato,Promo,Promo_12
Weekend special at Flipkart! Min 50% off on everything. Don't miss out: bit.ly/WHVZTo,Promo,Promo_6
  G-451935 is your Google verification code.,OTP,OTP_12
Swiggy: Free delivery all weekend! Order your favourites now.,Promo,Promo_13
Use 297686 to complete your Netflix registration. Valid till 30 mins.,OTP,OTP_4
OTP for delivery of order OD2691432719 is 3819. Share only with the delivery agent. -Delhivery,Delivery,Delivery_9
Weekend special at Amazon! Min 80% off on everything. Don't miss out: bit.ly/kCMjby,Promo,Promo_6
Items in your order history are back in stock at Zomato Prices start Rs.894,Promo,Promo_23
Work from home! Earn Rs.991788/month. Join: bit.ly/uCAFsQ,Spam,Hard_14
Salary of Rs.40553 credited to A/c XX7979. Avl Bal: Rs.190265. -Axis Bank T&C apply,Bank,Bank_7
Your credit card XX8926 statement is ready. Total due: Rs.95470. Min due: Rs.1929. -BOB STOP to opt out,Bank,Bank_5
Your account statement for July is available. Download from the SBI app.,Bank,Bank_16
Enter 60746 to verify your mobile number for Axis Bank.,OTP,OTP_10
Low balance alert: A/c XX7700 balance is Rs.214835. Maintain min balance to avoid charges. -TM,Bank,Bank_10
"Your HDFC Bank health insurance renewal is due 03 Jul. Renew online, save 40% on premium.",Promo,Promo_24
Cheque no. 596066601474 for Rs.16721 has been cleared from A/c XX4013. -Axis Bank,Bank,Bank_8
hungry? get 10% off up to rs.1086 on your next 3 orders. code: eat84. -swiggy,Promo,Promo_12
Salary of INR 32831 credited to A/c XX3103. Avl Bal: INR 150497. -SBI,Bank,Bank_7
"Hi Aarav, unlock Rs.409 off your first order at Flipkart with code NEW94.",Promo,Promo_7
Your return pickup for order OD3848139177 is scheduled on 02 Jul. Keep the item ready. -Flipkart,Delivery,Delivery_7
ALERT: Rs.24744 withdrawn from ATM using card XX5094 on 01-02-26. Bal: Rs.388694. -BOB,Bank,Bank_3
Your order OD3389488693 from Myntra is arriving tomorrow. Keep Rs.1989 ready for COD. -TM,Delivery,Delivery_3
Exclusive for you! Buy 1 Get 1 FREE at Swiggy. Limited period offer. Visit bit.ly/uHMYbl,Promo,Promo_3
ALERT: Rs.14570 withdrawn from ATM using card XX7404 on 08-04-26. Bal: Rs.98290. -ICICI Bank,Bank,Bank_3
  Auto-pay of Rs.16125 to Chanchal is scheduled on 14-03-26 from A/c XX8423. Ensure sufficient balance.,Bank,Bank_13
DELIVERED! YOUR SWIGGY ORDER OD6756385806 WAS DELIVERED ON 05 JUL. RATE YOUR EXPERIENCE: BIT.LY/QRMWUG,Delivery,Delivery_2
Your  credit card XX9196 statement is ready. Total due: Rs.71379. Min due: Rs.1426. -PNB,Bank,Bank_5
  Delivered! Your Zomato order OD9521210871 was delivered on 01 Jul. Rate your experience: bit.ly/jGBpBe,Delivery,Delivery_2
Data exhausted? Get 1.5GB extra with Rs.270 booster pack. Dial *121# or visit app.,Promo,Promo_11
Beware of fraud calls asking for card details. PNB officials never ask for PIN or CVV.,Bank,Bank_15
Your  A/c XX9603 is debited with Rs.88213 on 20-03-26. Info: UPI-Gabriel. Bal: Rs.311422,Bank,Bank_2
your zomato membership expires soon. renew now & save 80%: bit.ly/srfhrg,Promo,Promo_9
G-29534  is your Google verification code.,OTP,OTP_12
<#> 522287 is your Swiggy code. Valid 15 min. hA8sk2Lqp3,OTP,OTP_13
Work from home! Earn Rs.450790/month. Join: bit.ly/fUURya,Spam,Hard_14
523199 - use this code to sign in to zomato. never share it with anyone.,OTP,OTP_7
ORDER OD4360313330 PACKED AND READY! EXPECTED DISPATCH BY 03 JUL. -ZOMATO,Delivery,Delivery_8
  Your return pickup for order OD3074800881 is scheduled on 04 Jul. Keep the item ready. -Meesho,Delivery,Delivery_7
Your  PNB debit card XX8206 has been blocked due to suspicious activity. Visit branch or call 1800-XXX to unblock.,Bank,Bank_11
695341 is ur Paytm security code. Anyone asking for it is a scammer.,OTP,OTP_9
Missed our shows? Come back to Hotstar at 50% off for 3 months. Resubscribe: bit.ly/BvxDQS -TM,Promo,Promo_19
Use 396684 to complete your Meesho registration. Valid till 5 mins.,OTP,OTP_4
975963 is your OTP for Swiggy login. Valid for 10 minutes. Do not share with anyone.,OTP,OTP_0
<#> 900677 is your swiggy code. valid 5 min. ha8sk2lqp3,OTP,OTP_13
RS.44311 CREDITED TO A/C XX6808 ON 26-02-26. AVL BAL: RS.234293. -KOTAK,Bank,Bank_1
Your BOB debit card XX2046 has been blocked due to suspicious activity. Visit branch or call 1800-XXX to unblock.,Bank,Bank_11
Data exhausted? Get 2GB extra with Rs.313 booster pack. Dial *121# or visit app. -TM,Promo,Promo_11
irctc: special trains added for festive season. book early & save up to 30%.,Promo,Promo_17
"Hey,  my new number is +912987083937. Save it! Meet at noon?",Personal,Hard_4
YOU HAVE 3314 REWARD POINTS EXPIRING ON 06 JUL. REDEEM ON SWIGGY.,Promo,Promo_20
Low  balance alert: A/c XX2954 balance is Rs.425107. Maintain min balance to avoid charges.,Bank,Bank_10
KYC update pending for A/c XX2041. Please visit your nearest ICICI Bank branch by 05-07-26 to avoid restrictions. STOP to opt out,Bank,Bank_12
Delivery attempt failed for order OD7288750236. We will retry tomorrow. -XpressBees,Delivery,Delivery_5
"Hi Michael, unlock INR 1357 off your first order at Zomato with code NEW80.",Promo,Promo_7
411174 - use this to sign in Never share this code with anyone,OTP,Hard_7
"Hey,  my new number is 08354949250. Save it! Meet at 6pm?",Personal,Hard_4
Confirmation  code 78792 for GPay. Keep it private.,OTP,OTP_11
otp for delivery of order od8918894483 is 1832. share only with the delivery agent. -ekart,Delivery,Delivery_9
"Your  PNB health insurance renewal is due 04 Jul. Renew online, save 30% on premium.",Promo,Promo_24
DATA EXHAUSTED? GET 1.5GB EXTRA WITH RS.572 BOOSTER PACK. DIAL *121# OR VISIT APP.,Promo,Promo_11
OTP for delivery of order OD5320298667 is 1353. Share only with the delivery agent. -Delhivery,Delivery,Delivery_9
last day! swiggy clearance sale ends tonight. up to 30% off sitewide.,Promo,Promo_8
Loved your recent Amazon order? Reorder in 1 tap and get 60% off today,Promo,Promo_22
ALERT:  Rs.49840 withdrawn from ATM using card XX2674 on 22-01-26. Bal: Rs.69908. -BOB,Bank,Bank_3
Flight fares dropped! DEL-CCU from Rs.925. Book on ixigo before midnight.,Promo,Promo_16
  Your SIM will be deactivated in 24hrs. Verify Aadhaar: bit.ly/fRQtJG,Spam,Hard_13
Dear customer ur HDFC Bank account will be blocked! Update KYC now: bit.ly/VeduYW,Spam,Hard_11
OTP: 563217 for txn of Rs.5452 at Hotstar. Do not share. -Kotak,OTP,OTP_2
<#> 346990 is your Hotstar code. Valid 15 min. hA8sk2Lqp3,OTP,OTP_13
EXCLUSIVE FOR YOU! BUY 1 GET 1 FREE AT MEESHO. LIMITED PERIOD OFFER. VISIT BIT.LY/AZHFQQ,Promo,Promo_3
  BigBasket: Your cart misses you! Complete purchase now & get 50% off. bit.ly/BnMYSg,Promo,Promo_4
KYC update pending for A/c XX6695. Please visit ur nearest ICICI Bank branch by 04-05-26 to avoid restrictions.,Bank,Bank_12
Your one time password is 980766 for Zomato. Please do not share it.,OTP,OTP_5
MEGA SALE! Get 30% OFF on all products at Flipkart Shop now: bitly/EUWgwT T&C apply,Promo,Promo_0
  Delivery attempt failed for order OD3138048565. We will retry tomorrow. -DTDC,Delivery,Delivery_5
Delivered! Your Amazon order OD2945744381 was delivered on 04 Jul. Rate your experience: bit.ly/MXYrUF,Delivery,Delivery_2
<#> 443178 is your IRCTC code. Valid 10 min. hA8sk2Lqp3,OTP,OTP_13
Your Meesho order OD7492916222 has been shipped via DTDC. Track: bit.ly/SmxFfO,Delivery,Delivery_0
Confirmation code 999790 for Flipkart. Keep it private.,OTP,OTP_11
salary of rs.75244 credited to a/c xx1387. avl bal: rs.186352. -icici bank,Bank,Bank_7
swiggy: free delivery all weekend! order your favourites now.,Promo,Promo_13
  Ekart: Shipment OD5058585347 reached your city hub. Expected delivery: 05 Jul.,Delivery,Delivery_4
Salary of Rs.64902 credited to A/c XX6426. Avl Bal: Rs.230663. -SBI,Bank,Bank_7
Auto-pay of Rs.39228 to Umang is scheduled on 21-05-26 from A/c XX1128. Ensure sufficient balance. STOP to opt out,Bank,Bank_13
"Never  share your OTP, PIN or CVV. SBI never asks for these. Stay safe.",Bank,Hard_3
ALERT: Rs.72993 withdrawn from ATM using card XX6494 on 08-03-26. Bal: Rs.30396. -PNB,Bank,Bank_3
"Hey, my new number is 4187377675. Save it! Meet at 6pm?",Personal,Hard_4
Aayush from Ekart is arriving with ur package. Contact: +912077024822,Delivery,Delivery_6
Cheque  no. 893731681524 for Rs.20576 has been cleared from A/c XX8332. -Kotak,Bank,Bank_8
OTP for delivery of order OD1364471431 is 7464. Share only with the delivery agent. -Delhivery,Delivery,Delivery_9
UPI payment of Rs.40780 to Upma successful. UPI Ref: 165364882021. -Kotak,Bank,Bank_6
Rs.15869 credited to A/c XX6029 on 11-05-26. Avl Bal: Rs.76250. -PNB,Bank,Bank_1
Your Zomato order OD4132322075 has been shipped via BlueDart. Track: bit.ly/ltoPnv,Delivery,Delivery_0
Data exhausted? Get 3GB extra with Rs.1568 booster pack. Dial *121# or visit app. T&C apply,Promo,Promo_11
FLAT RS.1005 CASHBACK ON YOUR NEXT ORDER AT MEESHO. USE CODE SAVE97. VALID TILL 03 JUL.,Promo,Promo_2
Enter  184259 to verify your mobile number for IRCTC.,OTP,OTP_10
Your FD of Rs.42493 matures on 21-02-26. Renew or withdraw via netbanking. -BOB T&C apply,Bank,Bank_14
Work from home! Earn Rs.29122/month. Join: bit.ly/KBdSdh,Spam,Hard_14
Ur one time password is 801682 for Netflix. Please do not share it.,OTP,OTP_5
"NEVER SHARE YOUR OTP, PIN OR CVV. BOB NEVER ASKS FOR THESE. STAY SAFE.",Bank,Hard_3
629690 IS YOUR VERIFICATION CODE FOR GPAY. NEVER SHARE YOUR OTP.,OTP,OTP_3
Loved your recent Meesho order? Reorder in 1 tap and get 50% off today.,Promo,Promo_22
494738 - USE THIS CODE TO SIGN IN TO AXIS BANK. NEVER SHARE IT WITH ANYONE.,OTP,OTP_7
  Delivered! Your Zomato order OD3321348459 was delivered on 04 Jul. Rate your experience: bit.ly/xAITuG,Delivery,Delivery_2
"Never share your OTP, PIN or CVV Axis Bank never asks for these Stay safe",Bank,Hard_3
210500 is your verification code for Meesho. Never share your OTP.,OTP,OTP_3
Your Paytm code: 9374,OTP,OTP_8
"Your PNB health insurance renewal is due 01 Jul. Renew online, save 10% on premium.",Promo,Promo_24
Your Uber code: 3128 -TM,OTP,Hard_8
Interest of Rs.30491 credited to your FD A/c XX3226. -Kotak,Bank,Bank_9
Data exhausted? Get 2GB extra with Rs.1920 booster pack Dial *121# or visit app,Promo,Promo_11
Work from home! Earn Rs.360370/month. Join: bit.ly/WVJRZW -TM,Spam,Hard_14
Flight fares dropped! DEL-CCU from Rs.56. Book on ixigo before midnight.,Promo,Promo_16
Data  exhausted? Get 3GB extra with Rs.718 booster pack. Dial *121# or visit app.,Promo,Promo_11
Confirmation code 668199 for BigBasket. Keep it private.,OTP,OTP_11
Salary of Rs.45117 credited to A/c XX4401. Avl Bal: Rs.245726. -ICICI Bank,Bank,Bank_7
use 262125 to complete your swiggy registration. valid till 2 mins.,OTP,OTP_4
OTP: 140091 for txn of Rs.24872 at Netflix. Do not share. -HDFC Bank T&C apply,OTP,OTP_2
Recharge with INR 277 & get 20% extra talktime. Offer valid today only!,Promo,Promo_5
Low balance alert: A/c XX2528 balance is Rs.279411. Maintain min balance to avoid charges.,Bank,Bank_10
Swiggy: Free delivery all weekend! Order your favourites now.,Promo,Promo_13
TAP TO VERIFY: 901430. THIS CODE EXPIRES SHORTLY.,OTP,Hard_9
Your one time password is 44628 for BigBasket. Please do not share it. -TM,OTP,OTP_5
604182 is your OTP for Amazon login. Valid for 10 minutes. Do not share with anyone.,OTP,OTP_0
Your  account statement for August is available. Download from the Kotak app.,Bank,Bank_16
Tanay  from DTDC is arriving with your package. Contact: 08419236410,Delivery,Delivery_6
Work from home! Earn Rs.2188299/month. Join: bit.ly/UIEPWi,Spam,Hard_14
Delivery  attempt failed for order OD6715575279. We will retry tomorrow. -XpressBees,Delivery,Delivery_5
Auto-pay of Rs.99565 to Pushti is scheduled on 22-01-26 from A/c XX6036. Ensure sufficient balance.,Bank,Bank_13
Loved your recent Amazon order? Reorder in 1 tap and get 60% off today.,Promo,Promo_22
You have 4291 reward points expiring on 01 Jul. Redeem on Amazon.,Promo,Promo_20
interest of rs.61372 credited to your fd a/c xx8938. -sbi,Bank,Bank_9
Hungry? Get 50% off up to INR 1803 on your next 3 orders. Code: EAT71. -Zomato,Promo,Promo_12
XpressBees: Shipment OD5130878854 reached your city hub. Expected delivery: 06 Jul.,Delivery,Delivery_4
Use 377352 to complete your Swiggy registration. Valid till 30 mins.,OTP,OTP_4
rs.18355 credited to a/c xx9192 on 06-01-26. avl bal: rs.16676. -bob,Bank,Bank_1
Your BOB code: 757962,OTP,OTP_8
  Pay Rs.1218 on delivery for order OD525346605. -Delhivery,Delivery,Hard_10
Recharge with Rs.1349 & get 10% extra talktime. Offer valid today only!,Promo,Promo_5
  Congratulations! You won Rs.1847373 in lucky draw. Claim: bit.ly/MtAiQu,Spam,Hard_12
Rs.1422 cashback credited to ur Amazon Pay wallet. Use on ur next order.,Promo,Promo_21
706251 - use this to sign in. Never share this code with anyone.,OTP,Hard_7
  Your account statement for August is available. Download from the HDFC Bank app.,Bank,Bank_16
Your SIM will be deactivated in 24hrs. Verify Aadhaar: bit.ly/XVSzow,Spam,Hard_13
Confirmation code 340445 for GPay. Keep it private.,OTP,OTP_11
  Flight fares dropped! DEL-CCU from Rs.1126. Book on MakeMyTrip before midnight.,Promo,Promo_16
Your credit card XX4575 statement is ready. Total due: Rs.35876. Min due: Rs.4463. -BOB T&C apply,Bank,Bank_5
Interest of Rs.98869 credited to your FD A/c XX8889. -SBI,Bank,Bank_9
Your one time password is 863882 for Amazon. Please do not share it.,OTP,OTP_5
Out for delivery: Your BigBasket package OD5221642261 will arrive today by 6 PM -Delhivery,Delivery,Delivery_1
alert: rs.56875 withdrawn from atm using card xx2221 on 09-01-26. bal: rs.95340. -pnb,Bank,Bank_3
ALERT: INR 84570 withdrawn from ATM using card XX6602 on 20-04-26. Bal: INR 182834. -BOB,Bank,Bank_3
EMI of Rs.22492 due on 01-05-26 for loan A/c XX7419. Pay now to avoid charges. -SBI,Bank,Bank_4
KYC update pending for A/c XX1824. Please visit your nearest PNB branch by 06-04-26 to avoid restrictions.,Bank,Bank_12
BlueDart: Shipment OD5315324158 reached your city hub Expected delivery: 02 Jul,Delivery,Delivery_4
546556 is your OTP for Myntra login. Valid for 10 minutes. Do not share with anyone.,OTP,OTP_0
OUT FOR DELIVERY: YOUR ZOMATO PACKAGE OD5968077399 WILL ARRIVE TODAY BY 9 PM. -DELHIVERY,Delivery,Delivery_1
Rs.61760 credited to A/c XX7126 on 06-06-26 Avl Bal: Rs.181405 -Kotak,Bank,Bank_1
  358200 is your verification code for ICICI Bank. Never share your OTP.,OTP,OTP_3
Your account statement for August is available. Download from the HDFC Bank app.,Bank,Bank_16
OTP: 422050 for txn of Rs.15600 at BOB. Do not share. -Kotak,OTP,OTP_2
Exclusive for you! Buy 1 Get 1 FREE at Myntra. Limited period offer. Visit bit.ly/NvXTLS,Promo,Promo_3
"Bro send me Rs.3062 on gpay, will return by 02 Jul -TM",Personal,Hard_5
  Delivered! Your Zomato order OD6214455970 was delivered on 03 Jul. Rate your experience: bit.ly/qhXMUw,Delivery,Delivery_2
<#> 119322 is ur SBI code. Valid 15 min. hA8sk2Lqp3,OTP,OTP_13
YOUR ONE TIME PASSWORD IS 534791 FOR SBI. PLEASE DO NOT SHARE IT.,OTP,OTP_5
Confirmation code 701835 for Swiggy. Keep it private. T&C apply,OTP,OTP_11
Delivered! Your Flipkart order OD4098550422 was delivered on 06 Jul. Rate your experience: bit.ly/gJMpiV,Delivery,Delivery_2
  Your BOB debit card XX5303 has been blocked due to suspicious activity. Visit branch or call 1800-XXX to unblock.,Bank,Bank_11
Hungry?  Get 10% off up to Rs.70 on your next 3 orders. Code: EAT34. -Swiggy,Promo,Promo_12
otp-based login was enabled for your a/c xx4796. call bob if this wasn't you.,Bank,Hard_2
  Enter 438523 to verify your mobile number for Paytm.,OTP,OTP_10
Ola: 413814 is your login OTP It expires in 2 minutes,OTP,OTP_6
Flight fares dropped! BOM-PNQ from Rs.1649. Book on MakeMyTrip before midnight.,Promo,Promo_16
FLIGHT FARES DROPPED! DEL-PNQ FROM RS.481. BOOK ON IXIGO BEFORE MIDNIGHT.,Promo,Promo_16
115118 - use this to sign in. Never share this code with anyone.,OTP,Hard_7
  Flight fares dropped! DEL-MAA from Rs.1326. Book on MakeMyTrip before midnight.,Promo,Promo_16
Dear customer ur BOB account will be blocked! Update KYC now: bit.ly/gReqJz,Spam,Hard_11
Last day! Flipkart clearance sale ends tonight. Up to 80% off sitewide.,Promo,Promo_8
Pay Rs.3479 on delivery for order OD947201518. -Ekart,Delivery,Hard_10
Auto-pay of Rs.67072 to Vasatika is scheduled on 13-04-26 from A/c XX6666. Ensure sufficient balance.,Bank,Bank_13
  Your account statement for June is available. Download from the Kotak app.,Bank,Bank_16
OTP-based login was enabled for ur A/c XX9831. Call Axis Bank if this wasn't you.,Bank,Hard_2
your one time password is 42837 for sbi. please do not share it.,OTP,OTP_5
"  Hi Zehaan, unlock Rs.1226 off your first order at Flipkart with code NEW41.",Promo,Promo_7
YOUR SONYLIV PLAN RENEWS ON 03 JUL AT RS.588. UPGRADE TO 4K FOR RS.977/MONTH.,Promo,Promo_18
"Never share ur OTP, PIN or CVV. Axis Bank never asks for these. Stay safe.",Bank,Hard_3
<#> 864685 is your Netflix code Valid 10 min hA8sk2Lqp3,OTP,OTP_13
HDFC Bank: 247957 is your login OTP. It expires in 2 minutes.,OTP,OTP_6
Dear customer ur ICICI Bank account will be blocked! Update KYC now: bit.ly/EfGCGJ,Spam,Hard_11
your order od2474389845 from myntra is arriving tomorrow. keep rs.3118 ready for cod.,Delivery,Delivery_3
Enter 544789 to verify your mobile number for PNB.,OTP,OTP_10
979425 - use this code to sign in to Ola. Never share it with anyone. T&C apply,OTP,OTP_7
346890 - use this code to sign in to Ola. Never share it with anyone.,OTP,OTP_7
INR 76448 credited to A/c XX8976 on 20-03-26. Avl Bal: INR 280437. -Kotak,Bank,Bank_1
Flat Rs.1805 cashback on ur next order at Flipkart. Use code SAVE53. Valid till 03 Jul.,Promo,Promo_2
  Your Uber code: 1320,OTP,Hard_8
Rs.79288 debited from A/c XX9235 on 26-03-26 to Bhavani. Avl Bal: Rs.39752. -SBI,Bank,Bank_0
UPI payment of Rs.55692 to Bhavani successful UPI Ref: 776861061808 -Axis Bank,Bank,Bank_6
Uber: 893157 is your login OTP. It expires in 5 minutes.,OTP,OTP_6
Delivered! Your Amazon order OD4657879337 was delivered on 02 Jul. Rate your experience: bit.ly/EWZjYC,Delivery,Delivery_2
"class shifted to room 5768, come fast",Personal,Hard_6
396778 IS YOUR BIGBASKET SECURITY CODE. ANYONE ASKING FOR IT IS A SCAMMER.,OTP,OTP_9
Loved your recent BigBasket order? Reorder in 1 tap and get 80% off today.,Promo,Promo_22
IRCTC: Special trains added for festive season Book early & save up to 20%,Promo,Promo_17
  Rs.83576 credited to A/c XX3508 on 28-06-26. Avl Bal: Rs.105174. -SBI,Bank,Bank_1
your otp is 16748. use it to verify your axis bank account. expires in 2 min.,OTP,OTP_1
Auto-pay of Rs.81210 to Peter is scheduled on 12-04-26 from A/c XX7897. Ensure sufficient balance.,Bank,Bank_13
Axis Bank: 601349 is your login OTP It expires in 2 minutes,OTP,OTP_6
Ur one time password is 737504 for Kotak. Please do not share it.,OTP,OTP_5
Convert your BOB card purchase of Rs.378 into easy EMIs at 0% interest. Reply YES.,Promo,Promo_15
OTP for delivery of order OD4733940152 is 1599. Share only with the delivery agent. -Delhivery,Delivery,Delivery_9
Enter 979780 to verify ur mobile number for ICICI Bank.,OTP,OTP_10
Your HDFC Bank debit card XX1700 has been blocked due to suspicious activity Visit branch or call 1800-XXX to unblock,Bank,Bank_11
Loved ur recent Amazon order? Reorder in 1 tap and get 60% off today.,Promo,Promo_22
Flight fares dropped! DEL-PNQ from INR 974. Book on ixigo before midnight.,Promo,Promo_16
Delivered! Your Meesho order OD8938131061 was delivered on 01 Jul. Rate your experience: bit.ly/BPQQad,Delivery,Delivery_2
Weekend special at Swiggy! Min 40% off on everything. Don't miss out: bit.ly/szBvYm,Promo,Promo_6
Use 591586 to complete your PNB registration Valid till 5 mins,OTP,OTP_4
aarnav from ekart is arriving with your package. contact: +919163574194,Delivery,Delivery_6
"Bro send me INR 2505 on gpay, will return by 04 Jul",Personal,Hard_5
Your A/c XX3444 is debited with Rs.28709 on 15-06-26. Info: UPI-Devansh. Bal: Rs.37534,Bank,Bank_2
KYC  update pending for A/c XX4121. Please visit your nearest ICICI Bank branch by 03-05-26 to avoid restrictions.,Bank,Bank_12
Delhivery: Shipment OD7187006224 reached your city hub. Expected delivery: 01 Jul.,Delivery,Delivery_4
  Your A/c XX2876 is debited with Rs.12737 on 12-01-26. Info: UPI-Charan. Bal: Rs.134212,Bank,Bank_2
DELHIVERY: SHIPMENT OD5023426712 REACHED YOUR CITY HUB. EXPECTED DELIVERY: 03 JUL.,Delivery,Delivery_4
KYC  update pending for A/c XX7711. Please visit your nearest BOB branch by 29-04-26 to avoid restrictions.,Bank,Bank_12
Missed our shows? Come back to Prime Video at 50% off for 3 months. Resubscribe: bit.ly/UntXmQ,Promo,Promo_19
UPI payment of Rs.67828 to Urvashi successful. UPI Ref: 247077280498. -ICICI Bank,Bank,Bank_6
  682843 is your verification code for Axis Bank. Never share your OTP.,OTP,OTP_3
Salary of Rs.14867 credited to A/c XX8782 Avl Bal: Rs.381589 -HDFC Bank,Bank,Bank_7
Salary of Rs.94918 credited to A/c XX7227. Avl Bal: Rs.290262. -HDFC Bank,Bank,Bank_7
Delivered! Your Amazon order OD1027357889 was delivered on 03 Jul. Rate your experience: bit.ly/MbydFI,Delivery,Delivery_2
75693 is your OTP for Hotstar login. Valid for 30 minutes. Do not share with anyone.,OTP,OTP_0
INR 1860 cashback credited to your Paytm wallet. Use on your next order.,Promo,Promo_21
Missed our shows? Come back to SonyLIV at 50% off for 3 months. Resubscribe: bit.ly/dazsMZ,Promo,Promo_19
delivered! your flipkart order od9702413168 was delivered on 04 jul. rate your experience: bit.ly/yygyyg,Delivery,Delivery_2
congratulations! you won rs.665438 in lucky draw. claim: bit.ly/wrpnem,Spam,Hard_12
Your return pickup for order OD7344150243 is scheduled on 01 Jul Keep the item ready -Myntra,Delivery,Delivery_7
  ALERT: Rs.12235 withdrawn from ATM using card XX8157 on 28-03-26. Bal: Rs.37760. -ICICI Bank,Bank,Bank_3
flat rs.1836 cashback on your next order at zomato. use code save60. valid till 03 jul.,Promo,Promo_2
Cheque no. 912418010643 for Rs.72023 has been cleared from A/c XX7860. -Kotak -TM,Bank,Bank_8
Confirmation code 339652 for Paytm Keep it private,OTP,OTP_11
"Class shifted to room 8276, come fast",Personal,Hard_6
Flipkart: Your cart misses you! Complete purchase now & get 20% off. bit.ly/iDrXXm,Promo,Promo_4
OTP:  710064 for txn of Rs.5217 at Swiggy. Do not share. -BOB,OTP,OTP_2
Interest  of Rs.22224 credited to your FD A/c XX1346. -ICICI Bank,Bank,Bank_9
Interest of Rs.75242 credited to your FD A/c XX8607. -Kotak,Bank,Bank_9
  Your Prime Video plan renews on 03 Jul at Rs.1317. Upgrade to 4K for Rs.409/month.,Promo,Promo_18
UPI payment of Rs.50588 to Yamini successful. UPI Ref: 477961359202. -Axis Bank,Bank,Bank_6
MEGA SALE! Get 20% OFF on all products at Flipkart. Shop now: bit.ly/xwfEyy T&C apply.,Promo,Promo_0
  Convert your ICICI Bank card purchase of Rs.499 into easy EMIs at 0% interest. Reply YES.,Promo,Promo_15
Dear  customer ur PNB account will be blocked! Update KYC now: bit.ly/KMkdhS,Spam,Hard_11
888238 - use this code to sign in to Zomato. Never share it with anyone.,OTP,OTP_7
  Your Meesho order OD8520873644 has been shipped via Delhivery. Track: bit.ly/mxsxIN,Delivery,Delivery_0
  Use 697468 to complete your HDFC Bank registration. Valid till 15 mins.,OTP,OTP_4
Last day! Flipkart clearance sale ends tonight. Up to 10% off sitewide.,Promo,Promo_8
Loved your recent Flipkart order? Reorder in 1 tap and get 60% off today.,Promo,Promo_22
Netflix:  236876 is your login OTP. It expires in 2 minutes.,OTP,OTP_6
Interest of Rs.96724 credited to ur FD A/c XX2727. -HDFC Bank,Bank,Bank_9
YOUR RETURN PICKUP FOR ORDER OD8555212280 IS SCHEDULED ON 02 JUL. KEEP THE ITEM READY. -MYNTRA,Delivery,Delivery_7
BlueDart: Shipment OD4508332159 reached your city hub. Expected delivery: 02 Jul.,Delivery,Delivery_4
delivered! your flipkart order od5436053747 was delivered on 03 jul. rate your experience: bit.ly/pzandt,Delivery,Delivery_2
Delhivery: Shipment OD4965182813 reached your city hub. Expected delivery: 01 Jul.,Delivery,Delivery_4
IRCTC: Special trains added for festive season. Book early & save up to 30%.,Promo,Promo_17
Delivered! Your Zomato order OD5799052620 was delivered on 01 Jul. Rate your experience: bit.ly/TWBDAJ,Delivery,Delivery_2
Auto-pay of Rs.17323 to Qabil is scheduled on 19-03-26 from A/c XX9707. Ensure sufficient balance. STOP to opt out,Bank,Bank_13
your swiggy membership expires soon. renew now & save 20%: bit.ly/aqjxdo,Promo,Promo_9
Your one time password is 728888 for BigBasket. Please do not share it.,OTP,OTP_5
Your FD of Rs.16255 matures on 22-01-26. Renew or withdraw via netbanking. -PNB,Bank,Bank_14
416069 is your OTP for IRCTC login. Valid for 10 minutes. Do not share with anyone.,OTP,OTP_0
Recharge with Rs.1122 & get 80% extra talktime. Offer valid today only!,Promo,Promo_5
Your OTP is 622624. Use it to verify your BigBasket account. Expires in 30 min.,OTP,OTP_1
  Pre-approved! Get a BOB credit card with Rs.345813 limit. Zero joining fee. Apply: bit.ly/rXAryn,Promo,Promo_14
confirmation code 825088 for irctc. keep it private.,OTP,OTP_11
You have 3488 reward points expiring on 06 Jul. Redeem on BigBasket.,Promo,Promo_20
OTP  for delivery of order OD4900320865 is 1396. Share only with the delivery agent. -DTDC,Delivery,Delivery_9
Meesho: Your cart misses you! Complete purchase now & get 10% off. bit.ly/RbfzvD,Promo,Promo_4
UPI payment of Rs.50556 to Pavani successful. UPI Ref: 507756364931. -PNB,Bank,Bank_6
Your SIM will be deactivated in 24hrs. Verify Aadhaar: bit.ly/GsBIdg,Spam,Hard_13
order od2066326952 packed and ready! expected dispatch by 05 jul. -swiggy,Delivery,Delivery_8
Work  from home! Earn Rs.1871628/month. Join: bit.ly/ujEOxB,Spam,Hard_14
Your account statement for August is available. Download from the ICICI Bank app. -TM,Bank,Bank_16
Tap to verify: 842356. This code expires shortly.,OTP,Hard_9
Delivered! Your Meesho order OD6744407402 was delivered on 03 Jul. Rate your experience: bit.ly/csWVRr,Delivery,Delivery_2
  742002 is your PhonePe security code. Anyone asking for it is a scammer.,OTP,OTP_9
  Your A/c XX9346 is debited with Rs.84803 on 10-04-26. Info: UPI-Lila. Bal: Rs.457345,Bank,Bank_2
out for delivery: your zomato package od6764964693 will arrive today by 9 pm. -bluedart,Delivery,Delivery_1
279431 is your verification code for Swiggy. Never share your OTP.,OTP,OTP_3
KYC update pending for A/c XX1545. Please visit ur nearest SBI branch by 25-05-26 to avoid restrictions.,Bank,Bank_12
IRCTC: Special trains added for festive season. Book early & save up to 70%.,Promo,Promo_17
Amazon Big Billion Days! Up to 80% off + extra 10% with PNB cards. Hurry!,Promo,Promo_1
"Never share your OTP, PIN or CVV. Axis Bank never asks for these. Stay safe.",Bank,Hard_3
recharge with rs.1796 & get 50% extra talktime. offer valid today only!,Promo,Promo_5
Pre-approved! Get a PNB credit card with Rs.242907 limit. Zero joining fee. Apply: bit.ly/ytAcSF,Promo,Promo_14
Amazon Big Billion Days! Up to 50% off + extra 10% with SBI cards. Hurry!,Promo,Promo_1
ALERT: Rs.54241 withdrawn from ATM using card XX6958 on 21-06-26. Bal: Rs.17080. -BOB,Bank,Bank_3
Your account statement for August is available. Download from the PNB app.,Bank,Bank_16
Loved your recent Swiggy order? Reorder in 1 tap and get 40% off today. T&C apply,Promo,Promo_22
Use 889905 to complete your BOB registration Valid till 15 mins,OTP,OTP_4
Naveen from BlueDart is arriving with your package. Contact: 08049341394,Delivery,Delivery_6
Your credit card XX2124 statement is ready. Total due: Rs.50386. Min due: Rs.4159. -ICICI Bank,Bank,Bank_5
Your FD of INR 33717 matures on 24-02-26. Renew or withdraw via netbanking. -SBI,Bank,Bank_14
mega sale! get 80% off on all products at amazon. shop now: bit.ly/kwfdsl t&c apply.,Promo,Promo_0
Rs.914 cashback credited to your Paytm wallet. Use on your next order.,Promo,Promo_21
Exclusive for you! Buy 1 Get 1 FREE at Flipkart. Limited period offer. Visit bit.ly/OchpzH,Promo,Promo_3
  Rs.71751 debited from A/c XX5592 on 13-02-26 to Fiyaz. Avl Bal: Rs.137141. -HDFC Bank,Bank,Bank_0
  DTDC: Shipment OD2307119570 reached your city hub. Expected delivery: 02 Jul.,Delivery,Delivery_4
PNB:  672214 is your login OTP. It expires in 5 minutes.,OTP,OTP_6
"Hi Nicholas, unlock Rs.1588 off your first order at Meesho with code NEW80",Promo,Promo_7
You have 1798 reward points expiring on 04 Jul. Redeem on Flipkart.,Promo,Promo_20
G-619380 is your Google verification code.,OTP,OTP_12
Interest of Rs.93928 credited to your FD A/c XX9158. -SBI,Bank,Bank_9
Rs.57194 credited to A/c XX1719 on 17-03-26. Avl Bal: Rs.462357. -HDFC Bank,Bank,Bank_1
KYC update pending for A/c XX1578. Please visit your nearest SBI branch by 14-06-26 to avoid restrictions.,Bank,Bank_12
KYC UPDATE PENDING FOR A/C XX6008. PLEASE VISIT YOUR NEAREST KOTAK BRANCH BY 03-02-26 TO AVOID RESTRICTIONS.,Bank,Bank_12
SBI:  929951 is your login OTP. It expires in 15 minutes.,OTP,OTP_6
Your order OD5286450598 from BigBasket is arriving tomorrow. Keep Rs.1863 ready for COD.,Delivery,Delivery_3
data exhausted? get 1.5gb extra with rs.1416 booster pack. dial *121# or visit app.,Promo,Promo_11
KYC update pending for A/c XX4739. Please visit your nearest PNB branch by 04-02-26 to avoid restrictions.,Bank,Bank_12
Delivery  attempt failed for order OD6396945389. We will retry tomorrow. -DTDC,Delivery,Delivery_5
Your BigBasket membership expires soon. Renew now & save 60%: bit.ly/VKCjIb,Promo,Promo_9
IRCTC: Special trains added for festive season. Book early & save up to 30%.,Promo,Promo_17
Your A/c XX8034 is debited with Rs.1486 on 10-04-26. Info: UPI-Xalak. Bal: Rs.485819,Bank,Bank_2
cheque no. 522424294628 for rs.32030 has been cleared from a/c xx2073. -pnb,Bank,Bank_8
Swiggy: Free delivery all weekend! Order your favourites now.,Promo,Promo_13
ITEMS IN YOUR ORDER HISTORY ARE BACK IN STOCK AT FLIPKART. PRICES START RS.946.,Promo,Promo_23
Rs.70491 credited to A/c XX5750 on 13-04-26 Avl Bal: Rs.481747 -SBI,Bank,Bank_1
120153 is your verification code for HDFC Bank. Never share your OTP.,OTP,OTP_3
ALERT: Rs.9125 withdrawn from ATM using card XX8551 on 02-07-26. Bal: Rs.160168. -BOB,Bank,Bank_3
ORDER OD5237123823 PACKED AND READY! EXPECTED DISPATCH BY 03 JUL. -FLIPKART,Delivery,Delivery_8
Flight  fares dropped! HYD-PNQ from Rs.1832. Book on Goibibo before midnight.,Promo,Promo_16
DATA EXHAUSTED? GET 1.5GB EXTRA WITH RS.673 BOOSTER PACK. DIAL *121# OR VISIT APP.,Promo,Promo_11
  Dear customer ur HDFC Bank account will be blocked! Update KYC now: bit.ly/eZTbvB,Spam,Hard_11
<#> 860702 is your BOB code. Valid 15 min. hA8sk2Lqp3,OTP,OTP_13
935060 - use this code to sign in to Myntra. Never share it with anyone.,OTP,OTP_7
Last day! BigBasket clearance sale ends tonight. Up to 30% off sitewide.,Promo,Promo_8
weekend special at myntra! min 40% off on everything. don't miss out: bit.ly/hnxfnl,Promo,Promo_6
Use 680320 to complete your BigBasket registration. Valid till 30 mins.,OTP,OTP_4
Weekend special at Swiggy! Min 80% off on everything. Don't miss out: bit.ly/PTrVCb,Promo,Promo_6
UPI payment of Rs.16601 to Nachiket successful. UPI Ref: 428620632952. -HDFC Bank,Bank,Bank_6
g-334196 is your google verification code.,OTP,OTP_12
651170  is your verification code for Paytm. Never share your OTP.,OTP,OTP_3
<#> 191850 is your GPay code. Valid 5 min. hA8sk2Lqp3,OTP,OTP_13
Sai from Delhivery is arriving with your package. Contact: +919891562768,Delivery,Delivery_6
"Bro send me Rs.1678 on gpay, will return by 01 Jul",Personal,Hard_5
"Bro send me Rs.333 on gpay, will return by 01 Jul",Personal,Hard_5
Use 862086 to complete your Swiggy registration. Valid till 2 mins.,OTP,OTP_4
  Flipkart Big Billion Days! Up to 50% off + extra 10% with Kotak cards. Hurry!,Promo,Promo_1
Flight fares dropped! BLR-MAA from Rs.1449. Book on Goibibo before midnight.,Promo,Promo_16
use 695736 to complete your gpay registration. valid till 15 mins.,OTP,OTP_4
OTP: 9141 for txn of Rs.47135 at Amazon. Do not share. -Axis Bank,OTP,OTP_2
OTP: 474412 for txn of Rs.14658 at ICICI Bank Do not share -HDFC Bank,OTP,OTP_2
"Never  share your OTP, PIN or CVV. PNB never asks for these. Stay safe.",Bank,Hard_3
Loved your recent BigBasket order? Reorder in 1 tap and get 20% off today. STOP to opt out,Promo,Promo_22
"Hey, my new number is 02529665660. Save it! Meet at 6pm? STOP to opt out",Personal,Hard_4
  Your one time password is 509607 for PhonePe. Please do not share it.,OTP,OTP_5
Amazon: Your cart misses you! Complete purchase now & get 60% off. bit.ly/SQjXet,Promo,Promo_4
KYC  update pending for A/c XX6632. Please visit your nearest BOB branch by 10-05-26 to avoid restrictions.,Bank,Bank_12
847131 - use this to sign in. Never share this code with anyone. STOP to opt out,OTP,Hard_7
Your SIM will be deactivated in 24hrs. Verify Aadhaar: bit.ly/LdfwWj,Spam,Hard_13
Congratulations! You won Rs.1227956 in lucky draw. Claim: bit.ly/bVGjFi,Spam,Hard_12
Missed our shows? Come back to Netflix at 50% off for 3 months. Resubscribe: bit.ly/rCsiKC,Promo,Promo_19
Confirmation code 944100 for PhonePe Keep it private,OTP,OTP_11
Pre-approved! Get a PNB credit card with INR 394185 limit. Zero joining fee. Apply: bit.ly/ATOuMN,Promo,Promo_14
OTP: 164669 FOR TXN OF RS.34417 AT SWIGGY. DO NOT SHARE. -SBI,OTP,OTP_2
Your Vi pack expires tomorrow. Recharge with Rs.1528 for 1GB/day + unlimited calls.,Promo,Promo_10
Your SBI debit card XX5214 has been blocked due to suspicious activity. Visit branch or call 1800-XXX to unblock.,Bank,Bank_11
Amazon: Your cart misses you! Complete purchase now & get 10% off bitly/SWgslx,Promo,Promo_4
339741 IS YOUR OTP FOR BIGBASKET LOGIN. VALID FOR 30 MINUTES. DO NOT SHARE WITH ANYONE.,OTP,OTP_0
HUNGRY? GET 40% OFF UP TO RS.1827 ON YOUR NEXT 3 ORDERS. CODE: EAT14. -SWIGGY,Promo,Promo_12
SBI:  216023 is your login OTP. It expires in 5 minutes.,OTP,OTP_6
  Amazon Big Billion Days! Up to 80% off + extra 10% with HDFC Bank cards. Hurry!,Promo,Promo_1
"Class shifted to room 9123, come fast",Personal,Hard_6
FLIPKART: YOUR CART MISSES YOU! COMPLETE PURCHASE NOW & GET 30% OFF. BIT.LY/VUODXN,Promo,Promo_4
your amazon membership expires soon. renew now & save 30%: bit.ly/lgrpfl,Promo,Promo_9
XpressBees: Shipment OD8616951573 reached your city hub Expected delivery: 06 Jul,Delivery,Delivery_4
Flight fares dropped! HYD-MAA from Rs.723. Book on Goibibo before midnight.,Promo,Promo_16
Dear customer ur SBI account will be blocked! Update KYC now: bit.ly/MQfONy,Spam,Hard_11
Your return pickup for order OD8829998042 is scheduled on 05 Jul. Keep the item ready. -BigBasket,Delivery,Delivery_7
Hungry?  Get 80% off up to Rs.1764 on your next 3 orders. Code: EAT45. -Swiggy,Promo,Promo_12
BigBasket Big Billion Days! Up to 10% off + extra 10% with Axis Bank cards. Hurry!,Promo,Promo_1
items in your order history are back in stock at amazon. prices start rs.500.,Promo,Promo_23
Your order OD7799556445 from Zomato is arriving tomorrow. Keep Rs.2326 ready for COD.,Delivery,Delivery_3
"Never share your OTP, PIN or CVV. PNB never asks for these. Stay safe.",Bank,Hard_3
Cheque no. 194495269412 for Rs.98604 has been cleared from A/c XX4772. -BOB,Bank,Bank_8
  BlueDart: Shipment OD5927111756 reached your city hub. Expected delivery: 05 Jul.,Delivery,Delivery_4
Your Amazon order OD4033999773 has been shipped via BlueDart. Track: bit.ly/lCRrGv,Delivery,Delivery_0
Loved your recent Flipkart order? Reorder in 1 tap and get 80% off today.,Promo,Promo_22
Your Prime Video plan renews on 06 Jul at Rs.225. Upgrade to 4K for Rs.707/month.,Promo,Promo_18
your credit card xx3035 statement is ready. total due: rs.10969. min due: rs.3860. -sbi,Bank,Bank_5
Work from home! Earn Rs.1317953/month. Join: bit.ly/nTvbJT,Spam,Hard_14
Your  OTP is 712721. Use it to verify your Netflix account. Expires in 30 min.,OTP,OTP_1
You have 1480 reward points expiring on 02 Jul. Redeem on Myntra.,Promo,Promo_20
Your FD of Rs.5694 matures on 03-03-26. Renew or withdraw via netbanking. -ICICI Bank,Bank,Bank_14
Salary of Rs.19356 credited to A/c XX8407. Avl Bal: Rs.15219. -BOB T&C apply,Bank,Bank_7
BlueDart: Shipment OD5299359064 reached ur city hub. Expected delivery: 06 Jul.,Delivery,Delivery_4
INR 75091 debited from A/c XX1276 on 05-04-26 to Zayan. Avl Bal: INR 339366. -PNB,Bank,Bank_0
UPI payment of INR 59400 to Sachi successful. UPI Ref: 455084161452. -ICICI Bank,Bank,Bank_6
Rs.26927 debited from A/c XX6846 on 15-06-26 to Upkaar. Avl Bal: Rs.427637. -Axis Bank STOP to opt out,Bank,Bank_0
Hemani from DTDC is arriving with your package. Contact: 2089315186,Delivery,Delivery_6
Flight fares dropped! HYD-PNQ from Rs.543. Book on ixigo before midnight.,Promo,Promo_16
Auto-pay of Rs.70210 to Udyati is scheduled on 17-04-26 from A/c XX8136. Ensure sufficient balance.,Bank,Bank_13
Your Swiggy membership expires soon. Renew now & save 40%: bit.ly/cTVwXl,Promo,Promo_9
"Class shifted to room 6817, come fast",Personal,Hard_6
Vedika from XpressBees is arriving with your package. Contact: +912704028915,Delivery,Delivery_6
794457 is your verification code for BOB. Never share your OTP.,OTP,OTP_3
"Bro send me Rs.3464 on gpay, will return by 03 Jul T&C apply",Personal,Hard_5
"Your PNB health insurance renewal is due 01 Jul. Renew online, save 20% on premium.",Promo,Promo_24
Cheque no. 687625087400 for Rs.3379 has been cleared from A/c XX9439. -ICICI Bank,Bank,Bank_8
Use  396367 to complete your Hotstar registration. Valid till 10 mins.,OTP,OTP_4
Data exhausted? Get 1.5GB extra with Rs.613 booster pack Dial *121# or visit app,Promo,Promo_11
KYC update pending for A/c XX5532 Please visit your nearest BOB branch by 13-06-26 to avoid restrictions,Bank,Bank_12
IRCTC: Special trains added for festive season Book early & save up to 10%,Promo,Promo_17
Beware of fraud calls asking for card details. PNB officials never ask for PIN or CVV.,Bank,Bank_15
Your account statement for June is available. Download from the HDFC Bank app.,Bank,Bank_16
Parth from Ekart is arriving with your package. Contact: 05123960811,Delivery,Delivery_6
confirmation code 67572 for meesho. keep it private.,OTP,OTP_11
Delivered! Your Meesho order OD5377995881 was delivered on 05 Jul. Rate your experience: bit.ly/yENtOM,Delivery,Delivery_2
BEWARE OF FRAUD CALLS ASKING FOR CARD DETAILS. AXIS BANK OFFICIALS NEVER ASK FOR PIN OR CVV.,Bank,Bank_15
  Your one time password is 342368 for IRCTC. Please do not share it.,OTP,OTP_5
  Exclusive for you! Buy 1 Get 1 FREE at Amazon. Limited period offer. Visit bit.ly/xbBWHz,Promo,Promo_3
Low balance alert: A/c XX2481 balance is Rs.290844. Maintain min balance to avoid charges. -TM,Bank,Bank_10
Your one time password is 763696 for Zomato Please do not share it,OTP,OTP_5
Data exhausted? Get 1GB extra with Rs.1717 booster pack. Dial *121# or visit app.,Promo,Promo_11
318239 - USE THIS TO SIGN IN. NEVER SHARE THIS CODE WITH ANYONE.,OTP,Hard_7
your jio pack expires tomorrow. recharge with rs.1012 for 2gb/day + unlimited calls.,Promo,Promo_10
Flat INR 1774 cashback on your next order at Zomato. Use code SAVE95. Valid till 05 Jul.,Promo,Promo_2
Your Myntra order OD6759910085 has been shipped via Delhivery. Track: bit.ly/EVLFMs -TM,Delivery,Delivery_0
Swiggy: Free delivery all weekend! Order your favourites now.,Promo,Promo_13
Exclusive for you! Buy 1 Get 1 FREE at Zomato. Limited period offer. Visit bit.ly/UPOHBj,Promo,Promo_3
Cheque no. 912647436437 for Rs.79902 has been cleared from A/c XX5856. -ICICI Bank,Bank,Bank_8
OTP: 458859 for txn of Rs.35177 at ICICI Bank. Do not share. -HDFC Bank,OTP,OTP_2
Meghana from DTDC is arriving with your package Contact: 06298735733,Delivery,Delivery_6
Cheque no. 552485490214 for Rs.278 has been cleared from A/c XX3746. -BOB,Bank,Bank_8
Your A/c XX9300 is debited with INR 18950 on 14-01-26. Info: UPI-Theodore. Bal: INR 76816,Bank,Bank_2
RECHARGE WITH RS.70 & GET 40% EXTRA TALKTIME. OFFER VALID TODAY ONLY!,Promo,Promo_5
recharge with rs.1694 & get 80% extra talktime. offer valid today only!,Promo,Promo_5
Flight  fares dropped! BOM-MAA from Rs.103. Book on MakeMyTrip before midnight.,Promo,Promo_16
Use 400764 to complete ur Flipkart registration. Valid till 5 mins.,OTP,OTP_4
744722 - use this code to sign in to GPay. Never share it with anyone.,OTP,OTP_7
  Your OTP is 192281. Use it to verify your GPay account. Expires in 30 min.,OTP,OTP_1
306341 - USE THIS CODE TO SIGN IN TO BIGBASKET. NEVER SHARE IT WITH ANYONE.,OTP,OTP_7
confirmation code 961970 for paytm. keep it private.,OTP,OTP_11
OTP-based login was enabled for your A/c XX9943 Call BOB if this wasn't you,Bank,Hard_2
Delhivery:  Shipment OD6088195743 reached your city hub. Expected delivery: 02 Jul.,Delivery,Delivery_4
"Never share ur OTP, PIN or CVV. PNB never asks for these. Stay safe.",Bank,Hard_3
Your Uber code: 5585,OTP,Hard_8
Work from home! Earn Rs.1223531/month. Join: bit.ly/QNLVYe,Spam,Hard_14
your bigbasket code: 58542,OTP,OTP_8
301906 is your ICICI Bank security code Anyone asking for it is a scammer,OTP,OTP_9
421744 is your Kotak security code. Anyone asking for it is a scammer.,OTP,OTP_9
Your BigBasket membership expires soon. Renew now & save 30%: bit.ly/qnWIBo,Promo,Promo_9
  Hungry? Get 30% off up to Rs.135 on your next 3 orders. Code: EAT89. -Zomato,Promo,Promo_12
Rs.38068 debited from A/c XX8967 on 03-03-26 to Nitara. Avl Bal: Rs.25576. -Axis Bank,Bank,Bank_0
KYC update pending for A/c XX9273. Please visit your nearest HDFC Bank branch by 25-01-26 to avoid restrictions.,Bank,Bank_12
BOB: 748508 is your login OTP. It expires in 2 minutes.,OTP,OTP_6
  Pay Rs.2334 on delivery for order OD786425639. -Delhivery,Delivery,Hard_10
CONVERT YOUR AXIS BANK CARD PURCHASE OF RS.709 INTO EASY EMIS AT 0% INTEREST. REPLY YES.,Promo,Promo_15
Use code 1724 at checkout for 10% off at Myntra!,Promo,Hard_0
IRCTC:  Special trains added for festive season. Book early & save up to 30%.,Promo,Promo_17
"Class shifted to room 1116, come fast",Personal,Hard_6
Your OTP is 956517. Use it to verify your Paytm account. Expires in 30 min.,OTP,OTP_1
Ur BigBasket order OD3515961605 has been shipped via Delhivery. Track: bit.ly/zPYzUh,Delivery,Delivery_0
  Your Meesho membership expires soon. Renew now & save 20%: bit.ly/DOfEAP,Promo,Promo_9
BIGBASKET: 165308 IS YOUR LOGIN OTP. IT EXPIRES IN 15 MINUTES.,OTP,OTP_6
Salary of INR 26031 credited to A/c XX5363. Avl Bal: INR 419836. -PNB,Bank,Bank_7
Your  Axis Bank code: 722971,OTP,OTP_8
Delivered! Your Myntra order OD1461695115 was delivered on 02 Jul. Rate your experience: bit.ly/gaxSwh,Delivery,Delivery_2
"BRO SEND ME RS.3456 ON GPAY, WILL RETURN BY 04 JUL",Personal,Hard_5
  Flat Rs.482 cashback on your next order at Myntra. Use code SAVE96. Valid till 01 Jul.,Promo,Promo_2
Exclusive for you! Buy 1 Get 1 FREE at Zomato. Limited period offer. Visit bit.ly/JhfCVJ,Promo,Promo_3
OTP for delivery of order OD7408708039 is 6979. Share only with the delivery agent. -DTDC,Delivery,Delivery_9
Your PNB debit card XX6544 has been blocked due to suspicious activity. Visit branch or call 1800-XXX to unblock.,Bank,Bank_11
BOB: 851992 IS YOUR LOGIN OTP. IT EXPIRES IN 2 MINUTES.,OTP,OTP_6
Convert your HDFC Bank card purchase of INR 781 into easy EMIs at 0% interest. Reply YES.,Promo,Promo_15
Last day! Meesho clearance sale ends tonight. Up to 60% off sitewide.,Promo,Promo_8
Ur OTP is 704363. Use it to verify ur PhonePe account. Expires in 2 min.,OTP,OTP_1
Data exhausted? Get 2GB extra with Rs.1832 booster pack. Dial *121# or visit app.,Promo,Promo_11
MEGA SALE! Get 40% OFF on all products at Swiggy. Shop now: bit.ly/xHYHQw T&C apply.,Promo,Promo_0
OTP: 566924 for txn of Rs.49758 at Netflix Do not share -Kotak,OTP,OTP_2
707963 IS YOUR VERIFICATION CODE FOR IRCTC. NEVER SHARE YOUR OTP.,OTP,OTP_3
Data exhausted? Get 2GB extra with INR 1327 booster pack. Dial *121# or visit app.,Promo,Promo_11
Rs.23627 credited to A/c XX5345 on 03-02-26. Avl Bal: Rs.222249. -Kotak -TM,Bank,Bank_1
Rs.74901 debited from A/c XX1936 on 20-06-26 to Tara. Avl Bal: Rs.62965. -BOB,Bank,Bank_0
"Class shifted to room 8451, come fast",Personal,Hard_6
Your return pickup for order OD6867014472 is scheduled on 06 Jul. Keep the item ready. -Amazon,Delivery,Delivery_7
Use code 8106 at checkout for 25% off at Zomato! STOP to opt out,Promo,Hard_0
Dear customer ur Axis Bank account will be blocked! Update KYC now: bit.ly/legDGt,Spam,Hard_11
"Never share your OTP, PIN or CVV. HDFC Bank never asks for these. Stay safe.",Bank,Hard_3
Cheque no. 175869946628 for INR 99505 has been cleared from A/c XX5383. -SBI,Bank,Bank_8
Zomato: 551217 is your login OTP. It expires in 2 minutes.,OTP,OTP_6
219556 is your otp for irctc login. valid for 30 minutes. do not share with anyone.,OTP,OTP_0
Your  FD of Rs.99398 matures on 13-02-26. Renew or withdraw via netbanking. -SBI,Bank,Bank_14
Zaid from BlueDart is arriving with your package. Contact: +913975800436,Delivery,Delivery_6
Your A/c XX4908 is debited with Rs.40835 on 12-03-26. Info: UPI-Gunbir. Bal: Rs.214213,Bank,Bank_2
Flight fares dropped! BLR-MAA from Rs.361. Book on ixigo before midnight.,Promo,Promo_16
Delivered! Your Amazon order OD3979480389 was delivered on 01 Jul. Rate your experience: bit.ly/ZQAYSR T&C apply,Delivery,Delivery_2
COUPON 7038 GIVES YOU FREE DELIVERY ON ORDERS ABOVE RS.2131. -MEESHO,Promo,Hard_1
116187 - use this code to sign in to Axis Bank. Never share it with anyone.,OTP,OTP_7
Exclusive for you! Buy 1 Get 1 FREE at Myntra. Limited period offer. Visit bit.ly/HoIcRA,Promo,Promo_3
Items in your order history are back in stock at Flipkart Prices start Rs.636,Promo,Promo_23
UPI PAYMENT OF RS.65828 TO ANYA SUCCESSFUL. UPI REF: 959331831271. -PNB,Bank,Bank_6
GPay: 196773 is your login OTP. It expires in 30 minutes.,OTP,OTP_6
Coupon 6186 gives you free delivery on orders above Rs.1713. -Zomato,Promo,Hard_1
804283 - USE THIS CODE TO SIGN IN TO SWIGGY. NEVER SHARE IT WITH ANYONE.,OTP,OTP_7
Coupon  3948 gives you free delivery on orders above Rs.2177. -Myntra,Promo,Hard_1
599622 is your OTP for BigBasket login. Valid for 5 minutes. Do not share with anyone.,OTP,OTP_0
your zomato order od1942779772 has been shipped via bluedart. track: bit.ly/oanpyf,Delivery,Delivery_0
Enter 995513 to verify your mobile number for Netflix.,OTP,OTP_10
Confirmation code 600479 for Axis Bank. Keep it private. STOP to opt out,OTP,OTP_11
Confirmation code 594139 for BOB Keep it private,OTP,OTP_11
Confirmation  code 14480 for Swiggy. Keep it private.,OTP,OTP_11
Your Paytm code: 961626,OTP,OTP_8
KYC update pending for A/c XX6643 Please visit your nearest ICICI Bank branch by 13-06-26 to avoid restrictions,Bank,Bank_12
otp: 104761 for txn of rs.5900 at uber. do not share. -pnb,OTP,OTP_2
Delivery attempt failed for order OD6649054517. We will retry tomorrow. -DTDC,Delivery,Delivery_5
Out  for delivery: Your Zomato package OD6131475938 will arrive today by 6 PM. -Delhivery,Delivery,Delivery_1
  BigBasket Big Billion Days! Up to 10% off + extra 10% with ICICI Bank cards. Hurry!,Promo,Promo_1
OTP-based login was enabled for your A/c XX4014. Call ICICI Bank if this wasn't you.,Bank,Hard_2
Pre-approved! Get a BOB credit card with INR 165476 limit. Zero joining fee. Apply: bit.ly/bBQWYq,Promo,Promo_14
123945 is your OTP for Amazon login. Valid for 5 minutes. Do not share with anyone.,OTP,OTP_0
OTP for delivery of order OD2118424580 is 4787. Share only with the delivery agent. -Ekart,Delivery,Delivery_9
Pre-approved!  Get a SBI credit card with Rs.413633 limit. Zero joining fee. Apply: bit.ly/rePIWa,Promo,Promo_14
KYC update pending for A/c XX6158. Please visit your nearest HDFC Bank branch by 05-05-26 to avoid restrictions.,Bank,Bank_12
Delivery attempt failed for order OD4313486437. We will retry tomorrow. -Ekart T&C apply,Delivery,Delivery_5
Use code 5703 at checkout for 10% off at Meesho!,Promo,Hard_0
You have 3908 reward points expiring on 01 Jul Redeem on Myntra,Promo,Promo_20
Beware of fraud calls asking for card details. Kotak officials never ask for PIN or CVV.,Bank,Bank_15
OTP for delivery of order OD5952287243 is 3258. Share only with the delivery agent. -Ekart,Delivery,Delivery_9
934522 is your HDFC Bank security code. Anyone asking for it is a scammer.,OTP,OTP_9
"Hi  Yashawini, unlock Rs.1975 off your first order at Amazon with code NEW22.",Promo,Promo_7
Hungry? Get 40% off up to Rs.549 on your next 3 orders. Code: EAT13. -Zomato STOP to opt out,Promo,Promo_12
<#> 172885 is your Myntra code. Valid 5 min. hA8sk2Lqp3,OTP,OTP_13
Swiggy:  657187 is your login OTP. It expires in 5 minutes.,OTP,OTP_6
AMAZON: YOUR CART MISSES YOU! COMPLETE PURCHASE NOW & GET 20% OFF. BIT.LY/PECFQO,Promo,Promo_4
Interest of Rs.54042 credited to your FD A/c XX9609 -PNB,Bank,Bank_9
211237 is ur verification code for Flipkart. Never share ur OTP.,OTP,OTP_3
Ekart: Shipment OD8972438526 reached your city hub. Expected delivery: 05 Jul.,Delivery,Delivery_4
Riya  from DTDC is arriving with your package. Contact: +919672516559,Delivery,Delivery_6
Missed our shows? Come back to Prime Video at 50% off for 3 months. Resubscribe: bit.ly/jUyaai,Promo,Promo_19
Cheque no. 895448003151 for Rs.10858 has been cleared from A/c XX2178. -Axis Bank,Bank,Bank_8
"Class shifted to room 8625, come fast",Personal,Hard_6
OTP-BASED LOGIN WAS ENABLED FOR YOUR A/C XX4498. CALL SBI IF THIS WASN'T YOU.,Bank,Hard_2
Ur A/c XX9159 is debited with Rs.35465 on 12-02-26. Info: UPI-Devika. Bal: Rs.491246,Bank,Bank_2
  Interest of Rs.10380 credited to your FD A/c XX7498. -ICICI Bank,Bank,Bank_9
Your order OD7725175723 from Swiggy is arriving tomorrow. Keep INR 2544 ready for COD.,Delivery,Delivery_3
  Confirmation code 891477 for SBI. Keep it private.,OTP,OTP_11
Your  FD of Rs.3745 matures on 28-03-26. Renew or withdraw via netbanking. -SBI,Bank,Bank_14
  Out for delivery: Your Meesho package OD8190907192 will arrive today by 12 PM. -BlueDart,Delivery,Delivery_1
Delivery attempt failed for order OD9723359129. We will retry tomorrow. -DTDC,Delivery,Delivery_5
Rs.40357  debited from A/c XX4908 on 04-02-26 to Dalbir. Avl Bal: Rs.203806. -Kotak,Bank,Bank_0
Your credit card XX3317 statement is ready. Total due: INR 62395. Min due: INR 868. -SBI,Bank,Bank_5
532616 is your OTP for Flipkart login. Valid for 15 minutes. Do not share with anyone.,OTP,OTP_0
out for delivery: your bigbasket package od3401800133 will arrive today by 12 pm. -xpressbees,Delivery,Delivery_1
Rs.1881 cashback credited to your Amazon Pay wallet. Use on your next order.,Promo,Promo_21
839225 is your verification code for Ola. Never share your OTP.,OTP,OTP_3
OTP: 648053 for txn of INR 47127 at Swiggy. Do not share. -Kotak,OTP,OTP_2
Anvi from XpressBees is arriving with your package. Contact: 3248253316,Delivery,Delivery_6
Your Swiggy order OD3814356982 has been shipped via BlueDart. Track: bit.ly/KSlVre,Delivery,Delivery_0
Your Amazon membership expires soon. Renew now & save 20%: bit.ly/emGUPy,Promo,Promo_9
your order od2991945146 from myntra is arriving tomorrow. keep rs.1579 ready for cod.,Delivery,Delivery_3
KYC update pending for A/c XX1765. Please visit your nearest Kotak branch by 10-04-26 to avoid restrictions.,Bank,Bank_12
items in your order history are back in stock at myntra. prices start rs.668.,Promo,Promo_23
your hotstar plan renews on 03 jul at rs.276. upgrade to 4k for rs.767/month.,Promo,Promo_18
Work from home! Earn INR 1633499/month. Join: bit.ly/qrZBpJ,Spam,Hard_14
KYC update pending for A/c XX2619. Please visit your nearest HDFC Bank branch by 28-05-26 to avoid restrictions. T&C apply,Bank,Bank_12
Low balance alert: A/c XX9048 balance is Rs.15288. Maintain min balance to avoid charges. T&C apply,Bank,Bank_10
Your order OD4222300413 from Myntra is arriving tomorrow. Keep Rs.4395 ready for COD. T&C apply,Delivery,Delivery_3
Convert your PNB card purchase of Rs.868 into easy EMIs at 0% interest. Reply YES.,Promo,Promo_15
ALERT: RS.13911 WITHDRAWN FROM ATM USING CARD XX5365 ON 12-01-26. BAL: RS.195589. -ICICI BANK,Bank,Bank_3
salary of rs.16466 credited to a/c xx3146. avl bal: rs.50516. -hdfc bank,Bank,Bank_7
UPI payment of Rs.11077 to Indrajit successful. UPI Ref: 575197680683. -ICICI Bank,Bank,Bank_6
Your A/c XX1007 is debited with Rs.87229 on 18-06-26 Info: UPI-Pavani Bal: Rs.491532,Bank,Bank_2
844952 is your OTP for Kotak login. Valid for 30 minutes. Do not share with anyone.,OTP,OTP_0
Amara from Ekart is arriving with your package Contact: +919346368493,Delivery,Delivery_6
Flight  fares dropped! BOM-PNQ from Rs.743. Book on ixigo before midnight.,Promo,Promo_16
Amazon: Your cart misses you! Complete purchase now & get 80% off. bit.ly/ImELRq,Promo,Promo_4
Interest of Rs.55871 credited to your FD A/c XX4090. -Axis Bank,Bank,Bank_9
EMI of Rs.10804 due on 31-05-26 for loan A/c XX5808. Pay now to avoid charges. -BOB,Bank,Bank_4
Dear customer ur HDFC Bank account will be blocked! Update KYC now: bit.ly/yKgDVs,Spam,Hard_11
Missed our shows? Come back to SonyLIV at 50% off for 3 months. Resubscribe: bit.ly/baYYEM,Promo,Promo_19
Delivered! Your Amazon order OD5700898760 was delivered on 03 Jul. Rate your experience: bit.ly/srgPoW,Delivery,Delivery_2
Your A/c XX6224 is debited with Rs.79115 on 28-06-26. Info: UPI-Gaurang. Bal: Rs.299804,Bank,Bank_2
  Interest of Rs.33789 credited to your FD A/c XX9875. -SBI,Bank,Bank_9
Rs.5418 credited to A/c XX9987 on 31-05-26. Avl Bal: Rs.73620. -HDFC Bank,Bank,Bank_1
OTP: 74397 for txn of INR 46371 at Hotstar. Do not share. -Axis Bank,OTP,OTP_2
Enter 733265 to verify your mobile number for SBI.,OTP,OTP_10
your otp is 568710. use it to verify your hotstar account. expires in 30 min.,OTP,OTP_1
"Bro send me INR 1174 on gpay, will return by 02 Jul",Personal,Hard_5
409032  - use this to sign in. Never share this code with anyone.,OTP,Hard_7
Your Meesho membership expires soon. Renew now & save 80%: bit.ly/CymrHJ,Promo,Promo_9
YOUR BIGBASKET ORDER OD1178558277 HAS BEEN SHIPPED VIA XPRESSBEES. TRACK: BIT.LY/KTMPXF,Delivery,Delivery_0
409317 - use this code to sign in to Hotstar. Never share it with anyone.,OTP,OTP_7
Delhivery: Shipment OD6017355649 reached your city hub. Expected delivery: 01 Jul.,Delivery,Delivery_4
"Hey,  my new number is +917032963073. Save it! Meet at noon?",Personal,Hard_4
Swiggy: Free delivery all weekend! Order your favourites now,Promo,Promo_13
anmol from delhivery is arriving with your package. contact: 7893101690,Delivery,Delivery_6
Your return pickup for order OD8645954964 is scheduled on 02 Jul. Keep the item ready. -Flipkart,Delivery,Delivery_7
Your account statement for July is available. Download from the PNB app.,Bank,Bank_16
Delivered!  Your Myntra order OD7364050837 was delivered on 05 Jul. Rate your experience: bit.ly/fLfzEn,Delivery,Delivery_2
G-606848  is your Google verification code.,OTP,OTP_12
Order OD5724054802 packed and ready! Expected dispatch by 06 Jul. -BigBasket,Delivery,Delivery_8
Dear customer ur Kotak account will be blocked! Update KYC now: bit.ly/PyMyLv,Spam,Hard_11
Your  account statement for August is available. Download from the SBI app.,Bank,Bank_16
Low balance alert: A/c XX7698 balance is Rs.39348. Maintain min balance to avoid charges.,Bank,Bank_10
Ur SIM will be deactivated in 24hrs. Verify Aadhaar: bit.ly/dCVZoR,Spam,Hard_13
"  Never share your OTP, PIN or CVV. ICICI Bank never asks for these. Stay safe.",Bank,Hard_3
IRCTC: 352532 is your login OTP. It expires in 10 minutes.,OTP,OTP_6
  974860 is your OTP for Axis Bank login. Valid for 2 minutes. Do not share with anyone.,OTP,OTP_0
hungry? get 70% off up to rs.551 on your next 3 orders. code: eat75. -zomato,Promo,Promo_12
BlueDart: Shipment OD8869230013 reached your city hub. Expected delivery: 03 Jul.,Delivery,Delivery_4
Items in ur order history are back in stock at Swiggy. Prices start Rs.744.,Promo,Promo_23
Confirmation code 39662 for Amazon. Keep it private.,OTP,OTP_11
Order  OD2572356596 packed and ready! Expected dispatch by 06 Jul. -Myntra,Delivery,Delivery_8
Your credit card XX2020 statement is ready Total due: Rs.24542 Min due: Rs.690 -PNB,Bank,Bank_5
G-250781 is ur Google verification code.,OTP,OTP_12
Convert  your ICICI Bank card purchase of Rs.1239 into easy EMIs at 0% interest. Reply YES.,Promo,Promo_15
YOUR RETURN PICKUP FOR ORDER OD6602211182 IS SCHEDULED ON 06 JUL. KEEP THE ITEM READY. -FLIPKART,Delivery,Delivery_7
<#> 721158 is your ICICI Bank code. Valid 15 min. hA8sk2Lqp3,OTP,OTP_13
Your Swiggy order OD5768188236 has been shipped via Delhivery. Track: bit.ly/mFpZNs,Delivery,Delivery_0
Salary of Rs.16359 credited to A/c XX3726. Avl Bal: Rs.498562. -Kotak,Bank,Bank_7
UPI payment of Rs.51334 to Tara successful. UPI Ref: 219163739660. -PNB,Bank,Bank_6
PRE-APPROVED! GET A SBI CREDIT CARD WITH RS.311202 LIMIT. ZERO JOINING FEE. APPLY: BIT.LY/LRLRLM,Promo,Promo_14
Beware  of fraud calls asking for card details. ICICI Bank officials never ask for PIN or CVV.,Bank,Bank_15
Ur one time password is 809411 for Paytm. Please do not share it.,OTP,OTP_5
use code 6383 at checkout for 50% off at myntra!,Promo,Hard_0
608180 is your OTP for ICICI Bank login. Valid for 30 minutes. Do not share with anyone. T&C apply,OTP,OTP_0
<#> 417879 is your zomato code. valid 30 min. ha8sk2lqp3,OTP,OTP_13
BigBasket Big Billion Days! Up to 80% off + extra 10% with PNB cards. Hurry!,Promo,Promo_1
YOUR ORDER OD7083685293 FROM BIGBASKET IS ARRIVING TOMORROW. KEEP RS.1971 READY FOR COD.,Delivery,Delivery_3
EMI of Rs.89541 due on 16-01-26 for loan A/c XX6995. Pay now to avoid charges. -SBI,Bank,Bank_4
Your Myntra code: 32751,OTP,OTP_8
Kotak: 121763 is your login OTP. It expires in 5 minutes.,OTP,OTP_6
Cheque no. 673720695546 for Rs.95831 has been cleared from A/c XX1818. -PNB STOP to opt out,Bank,Bank_8
Out for delivery: Ur Myntra package OD3199172494 will arrive today by 3 PM. -BlueDart,Delivery,Delivery_1
convert your pnb card purchase of rs.1907 into easy emis at 0% interest. reply yes.,Promo,Promo_15
Your Uber code: 3278 T&C apply,OTP,Hard_8
  Exclusive for you! Buy 1 Get 1 FREE at Zomato. Limited period offer. Visit bit.ly/JSNfKB,Promo,Promo_3
79605 is your OTP for BigBasket login. Valid for 5 minutes. Do not share with anyone.,OTP,OTP_0
498884 IS YOUR VERIFICATION CODE FOR FLIPKART. NEVER SHARE YOUR OTP.,OTP,OTP_3
219099 is your OTP for Netflix login. Valid for 30 minutes. Do not share with anyone.,OTP,OTP_0
Items  in your order history are back in stock at Swiggy. Prices start Rs.317.,Promo,Promo_23
Flat Rs.1682 cashback on your next order at Myntra. Use code SAVE78. Valid till 04 Jul.,Promo,Promo_2
  Recharge with Rs.1119 & get 30% extra talktime. Offer valid today only!,Promo,Promo_5
  Your Hotstar plan renews on 05 Jul at Rs.1728. Upgrade to 4K for Rs.845/month.,Promo,Promo_18
Kotak: 591207 is ur login OTP. It expires in 2 minutes.,OTP,OTP_6
Pre-approved! Get a Axis Bank credit card with Rs.435125 limit Zero joining fee Apply: bitly/KOMRfn,Promo,Promo_14
  Cheque no. 650006365175 for Rs.55351 has been cleared from A/c XX6251. -Axis Bank,Bank,Bank_8
Last day! Flipkart clearance sale ends tonight. Up to 30% off sitewide.,Promo,Promo_8
hdfc bank: 233733 is your login otp. it expires in 15 minutes.,OTP,OTP_6
DTDC: Shipment OD8519364890 reached ur city hub. Expected delivery: 02 Jul.,Delivery,Delivery_4
Delivery attempt failed for order OD4625432641. We will retry tomorrow. -BlueDart,Delivery,Delivery_5
Pre-approved! Get a Axis Bank credit card with Rs.461577 limit. Zero joining fee. Apply: bit.ly/sLicOr,Promo,Promo_14
Zomato: Free delivery all weekend! Order your favourites now.,Promo,Promo_13
Your Zomato order OD1962983888 has been shipped via Ekart. Track: bit.ly/TpPWet,Delivery,Delivery_0
Recharge with Rs.1180 & get 50% extra talktime Offer valid today only!,Promo,Promo_5
Rs.409 cashback credited to ur Amazon Pay wallet. Use on ur next order.,Promo,Promo_21
"Your  Kotak health insurance renewal is due 03 Jul. Renew online, save 50% on premium.",Promo,Promo_24
Your OTP is 695369. Use it to verify your PhonePe account. Expires in 30 min.,OTP,OTP_1
Use 18511 to complete your Ola registration. Valid till 10 mins. T&C apply,OTP,OTP_4
ALERT: Rs.52345 withdrawn from ATM using card XX7843 on 10-02-26. Bal: Rs.117833. -SBI,Bank,Bank_3
  Your order OD6582187590 from BigBasket is arriving tomorrow. Keep Rs.3263 ready for COD.,Delivery,Delivery_3
915373 is your OTP for Paytm login. Valid for 2 minutes. Do not share with anyone.,OTP,OTP_0
Hungry?  Get 70% off up to Rs.438 on your next 3 orders. Code: EAT44. -Zomato,Promo,Promo_12
Rs.44944  credited to A/c XX7792 on 31-01-26. Avl Bal: Rs.279243. -ICICI Bank,Bank,Bank_1
"Your  BOB health insurance renewal is due 06 Jul. Renew online, save 40% on premium.",Promo,Promo_24
YOUR FLIPKART ORDER OD1673000085 HAS BEEN SHIPPED VIA DTDC. TRACK: BIT.LY/GANXHW,Delivery,Delivery_0
Confirmation  code 401134 for Swiggy. Keep it private.,OTP,OTP_11
Your Uber code: 3384,OTP,Hard_8
Delivered! Your BigBasket order OD7820705679 was delivered on 03 Jul. Rate your experience: bit.ly/xzxSHW,Delivery,Delivery_2
BigBasket Big Billion Days! Up to 40% off + extra 10% with ICICI Bank cards. Hurry!,Promo,Promo_1
Your Amazon order OD5354217520 has been shipped via Delhivery. Track: bit.ly/LzkUWS,Delivery,Delivery_0
Pay Rs.1666 on delivery for order OD826559922 -DTDC,Delivery,Hard_10
your return pickup for order od9137294264 is scheduled on 01 jul. keep the item ready. -myntra,Delivery,Delivery_7
<#>  748282 is your Netflix code. Valid 15 min. hA8sk2Lqp3,OTP,OTP_13
your otp is 9165. use it to verify your bigbasket account. expires in 30 min.,OTP,OTP_1
<#> 759129 is your Myntra code. Valid 5 min. hA8sk2Lqp3,OTP,OTP_13
  OTP for delivery of order OD3555780245 is 4775. Share only with the delivery agent. -DTDC,Delivery,Delivery_9
TAP TO VERIFY: 176142. THIS CODE EXPIRES SHORTLY.,OTP,Hard_9
Weekend  special at Zomato! Min 60% off on everything. Don't miss out: bit.ly/CinxuG,Promo,Promo_6
IRCTC: Special trains added for festive season. Book early & save up to 70%.,Promo,Promo_17
OTP FOR DELIVERY OF ORDER OD5351340511 IS 8139. SHARE ONLY WITH THE DELIVERY AGENT. -BLUEDART,Delivery,Delivery_9
Rs.45636 debited from A/c XX2498 on 23-03-26 to Anita Avl Bal: Rs.128162 -HDFC Bank,Bank,Bank_0
UPI payment of Rs.95040 to Mugdha successful. UPI Ref: 344216155301. -Kotak,Bank,Bank_6
Amazon:  Your cart misses you! Complete purchase now & get 40% off. bit.ly/YxLMYu,Promo,Promo_4
USE 742036 TO COMPLETE YOUR FLIPKART REGISTRATION. VALID TILL 10 MINS.,OTP,OTP_4
upi payment of rs.39545 to neelima successful. upi ref: 216362704184. -bob,Bank,Bank_6
  630970 - use this code to sign in to BOB. Never share it with anyone.,OTP,OTP_7
KYC update pending for A/c XX1054 Please visit your nearest BOB branch by 22-01-26 to avoid restrictions,Bank,Bank_12
Flight fares dropped! BOM-MAA from Rs.661. Book on ixigo before midnight.,Promo,Promo_16
Rs.39077 credited to A/c XX5951 on 11-05-26. Avl Bal: Rs.37427. -ICICI Bank,Bank,Bank_1
388148 is your GPay security code Anyone asking for it is a scammer,OTP,OTP_9
Enter 126033 to verify your mobile number for GPay.,OTP,OTP_10
Your order OD5890738606 from Meesho is arriving tomorrow. Keep Rs.2108 ready for COD.,Delivery,Delivery_3
Convert your Axis Bank card purchase of Rs.529 into easy EMIs at 0% interest. Reply YES.,Promo,Promo_15
You have 411 reward points expiring on 04 Jul. Redeem on Myntra.,Promo,Promo_20
Your  Jio pack expires tomorrow. Recharge with Rs.1352 for 2GB/day + unlimited calls.,Promo,Promo_10
EMI of Rs.44870 due on 05-06-26 for loan A/c XX9281. Pay now to avoid charges. -BOB,Bank,Bank_4
Beware of fraud calls asking for card details. Kotak officials never ask for PIN or CVV.,Bank,Bank_15
Confirmation code 28916 for Axis Bank. Keep it private.,OTP,OTP_11
YOUR SWIGGY MEMBERSHIP EXPIRES SOON. RENEW NOW & SAVE 30%: BIT.LY/KEXLZS,Promo,Promo_9
Your  Amazon order OD7455897984 has been shipped via Delhivery. Track: bit.ly/SDmnNW,Delivery,Delivery_0
Auto-pay of Rs.40677 to Rachita is scheduled on 27-03-26 from A/c XX8376. Ensure sufficient balance.,Bank,Bank_13
727428 IS YOUR VERIFICATION CODE FOR BIGBASKET. NEVER SHARE YOUR OTP.,OTP,OTP_3
Ur Axis Bank debit card XX5540 has been blocked due to suspicious activity. Visit branch or call 1800-XXX to unblock.,Bank,Bank_11
Hungry? Get 80% off up to Rs.827 on your next 3 orders Code: EAT84 -Swiggy,Promo,Promo_12
  Your BigBasket order OD4887004901 has been shipped via XpressBees. Track: bit.ly/MavGnv,Delivery,Delivery_0
YOUR ONE TIME PASSWORD IS 487878 FOR HDFC BANK. PLEASE DO NOT SHARE IT.,OTP,OTP_5
Ekart: Shipment OD9432642033 reached your city hub. Expected delivery: 03 Jul.,Delivery,Delivery_4
You  have 1376 reward points expiring on 04 Jul. Redeem on Myntra.,Promo,Promo_20
Rs.47159  credited to A/c XX7280 on 09-01-26. Avl Bal: Rs.373525. -SBI,Bank,Bank_1
Pay Rs.4091 on delivery for order OD332626268 -DTDC,Delivery,Hard_10
Ur Uber code: 3605,OTP,Hard_8
Your OTP is 165613. Use it to verify your PhonePe account. Expires in 30 min.,OTP,OTP_1
Weekend special at Myntra! Min 20% off on everything Don't miss out: bitly/JjmJgc,Promo,Promo_6
Last day! Meesho clearance sale ends tonight. Up to 70% off sitewide.,Promo,Promo_8
Delivered! Your Myntra order OD1107349162 was delivered on 04 Jul. Rate your experience: bit.ly/volsex,Delivery,Delivery_2
RS.71322 CREDITED TO A/C XX6648 ON 25-03-26. AVL BAL: RS.454170. -PNB,Bank,Bank_1
Cheque no. 495256282060 for Rs.93845 has been cleared from A/c XX8716. -HDFC Bank,Bank,Bank_8
Use 25542 to complete your Swiggy registration. Valid till 5 mins.,OTP,OTP_4
Rs.62737 credited to A/c XX1890 on 11-04-26. Avl Bal: Rs.216947. -BOB,Bank,Bank_1
Coupon 2691 gives you free delivery on orders above Rs.4071. -Meesho,Promo,Hard_1
Flight  fares dropped! BLR-CCU from Rs.1840. Book on Goibibo before midnight.,Promo,Promo_16
Flat Rs.598 cashback on your next order at Myntra. Use code SAVE98. Valid till 05 Jul.,Promo,Promo_2
DELIVERED! YOUR AMAZON ORDER OD9646726977 WAS DELIVERED ON 03 JUL. RATE YOUR EXPERIENCE: BIT.LY/LDZAVC,Delivery,Delivery_2
Use  730476 to complete your PhonePe registration. Valid till 5 mins.,OTP,OTP_4
work from home! earn rs.1847521/month. join: bit.ly/jyrijh,Spam,Hard_14
Your PNB debit card XX7179 has been blocked due to suspicious activity. Visit branch or call 1800-XXX to unblock.,Bank,Bank_11
Cheque no. 211021019980 for Rs.81260 has been cleared from A/c XX1145. -Kotak,Bank,Bank_8
salary of rs.21796 credited to a/c xx1691. avl bal: rs.172889. -pnb,Bank,Bank_7
BigBasket: Your cart misses you! Complete purchase now & get 20% off. bit.ly/YNqfsJ,Promo,Promo_4
UPI  payment of Rs.77379 to Ayush successful. UPI Ref: 765990471923. -BOB,Bank,Bank_6
INTEREST OF RS.64043 CREDITED TO YOUR FD A/C XX1255. -HDFC BANK,Bank,Bank_9
Tap  to verify: 281992. This code expires shortly.,OTP,Hard_9
<#> 254806 is your icici bank code. valid 10 min. ha8sk2lqp3,OTP,OTP_13
OTP: 24943 for txn of Rs.9458 at HDFC Bank. Do not share. -SBI,OTP,OTP_2
  You have 874 reward points expiring on 06 Jul. Redeem on Meesho.,Promo,Promo_20
907709 - use this code to sign in to Meesho. Never share it with anyone.,OTP,OTP_7
BlueDart: Shipment OD2807793185 reached your city hub. Expected delivery: 05 Jul.,Delivery,Delivery_4
687959 - USE THIS CODE TO SIGN IN TO MYNTRA. NEVER SHARE IT WITH ANYONE.,OTP,OTP_7
Swiggy  Big Billion Days! Up to 20% off + extra 10% with PNB cards. Hurry!,Promo,Promo_1
  Your one time password is 311887 for PNB. Please do not share it.,OTP,OTP_5
G-748704  is your Google verification code.,OTP,OTP_12
Confirmation code 192647 for HDFC Bank. Keep it private.,OTP,OTP_11
Data exhausted? Get 1GB extra with Rs.1357 booster pack Dial *121# or visit app,Promo,Promo_11
your one time password is 902824 for irctc. please do not share it.,OTP,OTP_5
IRCTC: Special trains added for festive season Book early & save up to 60%,Promo,Promo_17
Ur Axis Bank code: 59488,OTP,OTP_8
Beware of fraud calls asking for card details. Axis Bank officials never ask for PIN or CVV.,Bank,Bank_15
Missed our shows? Come back to Netflix at 50% off for 3 months. Resubscribe: bit.ly/KnpyIu,Promo,Promo_19
"YOUR ICICI BANK HEALTH INSURANCE RENEWAL IS DUE 05 JUL. RENEW ONLINE, SAVE 80% ON PREMIUM.",Promo,Promo_24
Your return pickup for order OD8157436237 is scheduled on 06 Jul. Keep the item ready. -Swiggy,Delivery,Delivery_7
  Use code 6316 at checkout for 10% off at BigBasket!,Promo,Hard_0
716018 is your irctc security code. anyone asking for it is a scammer.,OTP,OTP_9
cheque no. 285977475094 for rs.36742 has been cleared from a/c xx9386. -hdfc bank,Bank,Bank_8
Out for delivery: Your Swiggy package OD9574034635 will arrive today by 9 PM -Ekart,Delivery,Delivery_1
Delivered! Your Flipkart order OD4343242963 was delivered on 02 Jul. Rate your experience: bit.ly/RTctww,Delivery,Delivery_2
Ur FD of Rs.99471 matures on 23-05-26. Renew or withdraw via netbanking. -HDFC Bank,Bank,Bank_14
your bob debit card xx4990 has been blocked due to suspicious activity. visit branch or call 1800-xxx to unblock.,Bank,Bank_11
"Class shifted to room 4783, come fast STOP to opt out",Personal,Hard_6
MEGA SALE! Get 60% OFF on all products at Meesho. Shop now: bit.ly/RmneWS T&C apply.,Promo,Promo_0
Dear customer ur Axis Bank account will be blocked! Update KYC now: bit.ly/dXrJlV,Spam,Hard_11
Swiggy: Free delivery all weekend! Order ur favourites now.,Promo,Promo_13
Your Uber code: 3863,OTP,Hard_8
Convert your HDFC Bank card purchase of Rs.1429 into easy EMIs at 0% interest. Reply YES.,Promo,Promo_15
Salary  of Rs.1057 credited to A/c XX4186. Avl Bal: Rs.280137. -HDFC Bank,Bank,Bank_7
Use  427717 to complete your Amazon registration. Valid till 10 mins.,OTP,OTP_4
"Your Kotak health insurance renewal is due 05 Jul Renew online, save 60% on premium",Promo,Promo_24
YOUR MYNTRA ORDER OD2913695561 HAS BEEN SHIPPED VIA BLUEDART. TRACK: BIT.LY/PDFLAF,Delivery,Delivery_0
ALERT: Rs.86742 withdrawn from ATM using card XX5727 on 06-02-26. Bal: Rs.192446. -SBI,Bank,Bank_3
Rs.1013 cashback credited to your PhonePe wallet. Use on your next order. T&C apply,Promo,Promo_21
Ekart: Shipment OD3424516973 reached your city hub. Expected delivery: 06 Jul.,Delivery,Delivery_4
tap to verify: 297048. this code expires shortly.,OTP,Hard_9
  Delivery attempt failed for order OD6553834207. We will retry tomorrow. -Ekart,Delivery,Delivery_5
BIGBASKET: YOUR CART MISSES YOU! COMPLETE PURCHASE NOW & GET 20% OFF. BIT.LY/UHIYZM,Promo,Promo_4
527875 IS YOUR VERIFICATION CODE FOR AMAZON. NEVER SHARE YOUR OTP.,OTP,OTP_3
Your BigBasket membership expires soon Renew now & save 50%: bitly/kqiMte,Promo,Promo_9
Auto-pay  of Rs.31835 to Aarush is scheduled on 16-03-26 from A/c XX1584. Ensure sufficient balance.,Bank,Bank_13
Use 813286 to complete your Myntra registration Valid till 5 mins,OTP,OTP_4
477412 is your verification code for Axis Bank. Never share your OTP.,OTP,OTP_3
ORDER OD6515354110 PACKED AND READY! EXPECTED DISPATCH BY 01 JUL. -FLIPKART,Delivery,Delivery_8
Use 253096 to complete your HDFC Bank registration Valid till 10 mins,OTP,OTP_4
Enter 186136 to verify your mobile number for Swiggy.,OTP,OTP_10
BlueDart: Shipment OD2863490558 reached your city hub Expected delivery: 02 Jul,Delivery,Delivery_4
Data exhausted? Get 1GB extra with Rs.1818 booster pack. Dial *121# or visit app.,Promo,Promo_11
"Class shifted to room 3699, come fast",Personal,Hard_6
Delivery attempt failed for order OD4838683587. We will retry tomorrow. -XpressBees,Delivery,Delivery_5
Loved your recent BigBasket order? Reorder in 1 tap and get 10% off today.,Promo,Promo_22
Your Uber code: 4580,OTP,Hard_8
Congratulations! You won Rs.2407245 in lucky draw. Claim: bit.ly/VReZak,Spam,Hard_12
"Hey, my new number is +917061280195. Save it! Meet at 6pm?",Personal,Hard_4
Your FD of Rs.46759 matures on 19-04-26 Renew or withdraw via netbanking -Axis Bank,Bank,Bank_14
AUTO-PAY OF RS.62652 TO LEENA IS SCHEDULED ON 31-05-26 FROM A/C XX7136. ENSURE SUFFICIENT BALANCE.,Bank,Bank_13
KYC update pending for A/c XX5037. Please visit your nearest Axis Bank branch by 27-02-26 to avoid restrictions.,Bank,Bank_12
EKART: SHIPMENT OD1215211870 REACHED YOUR CITY HUB. EXPECTED DELIVERY: 05 JUL.,Delivery,Delivery_4
YOUR MEESHO ORDER OD4568611597 HAS BEEN SHIPPED VIA DELHIVERY. TRACK: BIT.LY/IHQKDQ,Delivery,Delivery_0
LOVED YOUR RECENT MYNTRA ORDER? REORDER IN 1 TAP AND GET 30% OFF TODAY.,Promo,Promo_22
Your BigBasket order OD7396897174 has been shipped via BlueDart. Track: bit.ly/Ljsquz,Delivery,Delivery_0
Your return pickup for order OD9935482457 is scheduled on 03 Jul. Keep the item ready. -Amazon,Delivery,Delivery_7
Rs.59016 credited to A/c XX6482 on 11-06-26. Avl Bal: Rs.418725. -SBI,Bank,Bank_1
Low balance alert: A/c XX3127 balance is Rs.34804. Maintain min balance to avoid charges.,Bank,Bank_10
Pre-approved! Get a PNB credit card with Rs.122318 limit. Zero joining fee. Apply: bit.ly/mSIStG,Promo,Promo_14
Your account statement for June is available. Download from the Kotak app.,Bank,Bank_16
Amazon:  Your cart misses you! Complete purchase now & get 70% off. bit.ly/mgJvTN,Promo,Promo_4
Interest  of Rs.48804 credited to your FD A/c XX2639. -Kotak,Bank,Bank_9
G-398514  is your Google verification code.,OTP,OTP_12
Your Zomato order OD7682064059 has been shipped via XpressBees. Track: bit.ly/UOtjKc,Delivery,Delivery_0
Your account statement for June is available. Download from the PNB app.,Bank,Bank_16
Weekend special at Myntra! Min 60% off on everything. Don't miss out: bit.ly/EEJJSu,Promo,Promo_6
low balance alert: a/c xx3426 balance is rs.362163. maintain min balance to avoid charges.,Bank,Bank_10
145456 - use this code to sign in to Amazon. Never share it with anyone.,OTP,OTP_7
Zomato: Free delivery all weekend! Order your favourites now.,Promo,Promo_13
Rs.51215 debited from A/c XX8201 on 09-05-26 to Xiti. Avl Bal: Rs.475048. -Kotak,Bank,Bank_0
Your Meesho code: 979113,OTP,OTP_8
630895 is your verification code for PhonePe. Never share your OTP. STOP to opt out,OTP,OTP_3
"Class shifted to room 6076, come fast",Personal,Hard_6
Tap to verify: 704554. This code expires shortly.,OTP,Hard_9
Missed our shows? Come back to Prime Video at 50% off for 3 months. Resubscribe: bit.ly/eOpOKj,Promo,Promo_19
Order OD5799746487 packed and ready! Expected dispatch by 06 Jul. -Meesho STOP to opt out,Delivery,Delivery_8
Your FD of INR 89232 matures on 20-04-26. Renew or withdraw via netbanking. -Kotak,Bank,Bank_14
"Hey, my new number is +915699307384. Save it! Meet at 6pm?",Personal,Hard_4
  OTP for delivery of order OD4820644704 is 1494. Share only with the delivery agent. -Delhivery,Delivery,Delivery_9
AUTO-PAY OF RS.21513 TO OMKAAR IS SCHEDULED ON 17-01-26 FROM A/C XX7375. ENSURE SUFFICIENT BALANCE.,Bank,Bank_13
IRCTC: Special trains added for festive season. Book early & save up to 70%.,Promo,Promo_17
  Use 637222 to complete your Paytm registration. Valid till 5 mins.,OTP,OTP_4
"your icici bank health insurance renewal is due 03 jul. renew online, save 20% on premium.",Promo,Promo_24
Weekend special at Flipkart! Min 70% off on everything. Don't miss out: bit.ly/qOGCOQ,Promo,Promo_6
813663 is your IRCTC security code. Anyone asking for it is a scammer.,OTP,OTP_9
meesho: your cart misses you! complete purchase now & get 20% off. bit.ly/arblwf,Promo,Promo_4
362084 is your ICICI Bank security code. Anyone asking for it is a scammer.,OTP,OTP_9
You have 3366 reward points expiring on 02 Jul. Redeem on Flipkart.,Promo,Promo_20
  Pre-approved! Get a Kotak credit card with Rs.319323 limit. Zero joining fee. Apply: bit.ly/OCGxRh,Promo,Promo_14
Tap to verify: 761786. This code expires shortly. -TM,OTP,Hard_9
Your order OD1700544424 from Amazon is arriving tomorrow Keep Rs.4549 ready for COD,Delivery,Delivery_3
You have 1998 reward points expiring on 01 Jul. Redeem on Myntra.,Promo,Promo_20
Congratulations! You won Rs.1454253 in lucky draw. Claim: bit.ly/JFwLTZ,Spam,Hard_12
DEAR CUSTOMER UR ICICI BANK ACCOUNT WILL BE BLOCKED! UPDATE KYC NOW: BIT.LY/TWNYCJ,Spam,Hard_11
  Swiggy: Your cart misses you! Complete purchase now & get 30% off. bit.ly/ePMoWu,Promo,Promo_4
  G-656255 is your Google verification code.,OTP,OTP_12
Your OTP is 754235. Use it to verify your Hotstar account. Expires in 15 min.,OTP,OTP_1
kyc update pending for a/c xx6078. please visit your nearest kotak branch by 18-06-26 to avoid restrictions.,Bank,Bank_12
562228 IS YOUR OTP FOR HOTSTAR LOGIN. VALID FOR 5 MINUTES. DO NOT SHARE WITH ANYONE.,OTP,OTP_0
513357  is your Myntra security code. Anyone asking for it is a scammer.,OTP,OTP_9
Your one time password is 557955 for Flipkart. Please do not share it.,OTP,OTP_5
Low balance alert: A/c XX9284 balance is Rs.355221 Maintain min balance to avoid charges,Bank,Bank_10
Coupon  8003 gives you free delivery on orders above Rs.2716. -Amazon,Promo,Hard_1
Salary of Rs.49594 credited to A/c XX7748. Avl Bal: Rs.218590. -PNB,Bank,Bank_7
Work from home! Earn Rs.2288877/month. Join: bit.ly/hfcEBJ,Spam,Hard_14
Cheque no 743506857836 for Rs.35605 has been cleared from A/c XX8190 -BOB,Bank,Bank_8
YOUR VI PACK EXPIRES TOMORROW. RECHARGE WITH RS.1652 FOR 3GB/DAY + UNLIMITED CALLS.,Promo,Promo_10
Your Uber code: 8880,OTP,Hard_8
Hungry? Get 20% off up to INR 674 on your next 3 orders. Code: EAT38. -Swiggy,Promo,Promo_12
Your credit card XX3717 statement is ready. Total due: Rs.54287. Min due: Rs.4020. -Axis Bank -TM,Bank,Bank_5
Interest of Rs.72523 credited to your FD A/c XX1554. -ICICI Bank,Bank,Bank_9
  Your account statement for August is available. Download from the SBI app.,Bank,Bank_16
Your return pickup for order OD9068486061 is scheduled on 01 Jul. Keep the item ready. -Meesho,Delivery,Delivery_7
Delivered! Your Flipkart order OD6417563087 was delivered on 02 Jul. Rate your experience: bit.ly/slBmun,Delivery,Delivery_2
Rs.27182 credited to A/c XX3422 on 11-04-26. Avl Bal: Rs.497560. -BOB,Bank,Bank_1
Your  BigBasket membership expires soon. Renew now & save 60%: bit.ly/Skbjfi,Promo,Promo_9
  Your return pickup for order OD5673500603 is scheduled on 01 Jul. Keep the item ready. -Myntra,Delivery,Delivery_7
Your one time password is 200983 for Netflix. Please do not share it.,OTP,OTP_5
UPI payment of Rs.36193 to Anvi successful. UPI Ref: 239349860684. -Kotak,Bank,Bank_6
Convert your ICICI Bank card purchase of Rs.381 into easy EMIs at 0% interest. Reply YES.,Promo,Promo_15
299405  is your Uber security code. Anyone asking for it is a scammer.,OTP,OTP_9
Use code 2149 at checkout for 25% off at Zomato!,Promo,Hard_0
292279 is your SBI security code. Anyone asking for it is a scammer. STOP to opt out,OTP,OTP_9
Your  A/c XX2070 is debited with Rs.81335 on 21-06-26. Info: UPI-Laban. Bal: Rs.57189,Bank,Bank_2
Auto-pay of Rs.76370 to Aashi is scheduled on 26-01-26 from A/c XX9147 Ensure sufficient balance,Bank,Bank_13
DELIVERY ATTEMPT FAILED FOR ORDER OD8739191005. WE WILL RETRY TOMORROW. -DTDC,Delivery,Delivery_5
Salary of Rs.64140 credited to A/c XX1001. Avl Bal: Rs.224196. -HDFC Bank,Bank,Bank_7
Your account statement for August is available. Download from the HDFC Bank app.,Bank,Bank_16
Your Paytm code: 115527,OTP,OTP_8
Nidra from Delhivery is arriving with your package. Contact: +910637576244 STOP to opt out,Delivery,Delivery_6
Flat Rs.302 cashback on your next order at BigBasket. Use code SAVE62. Valid till 06 Jul. -TM,Promo,Promo_2
Myntra: Your cart misses you! Complete purchase now & get 60% off. bit.ly/DZaCnq,Promo,Promo_4
Ur Uber code: 5357,OTP,Hard_8
631448 is your sbi security code. anyone asking for it is a scammer.,OTP,OTP_9
Congratulations! You won Rs.645933 in lucky draw. Claim: bit.ly/EAaCfY,Spam,Hard_12
MEGA SALE! Get 70% OFF on all products at BigBasket. Shop now: bit.ly/LFhKSw T&C apply.,Promo,Promo_0
CHEQUE NO. 423034997076 FOR RS.34167 HAS BEEN CLEARED FROM A/C XX2247. -PNB,Bank,Bank_8
518219 is your verification code for Netflix. Never share your OTP.,OTP,OTP_3
Your FD of Rs.57232 matures on 02-04-26. Renew or withdraw via netbanking. -BOB,Bank,Bank_14
KYC UPDATE PENDING FOR A/C XX2081. PLEASE VISIT YOUR NEAREST ICICI BANK BRANCH BY 02-06-26 TO AVOID RESTRICTIONS.,Bank,Bank_12
Enter  130364 to verify your mobile number for SBI.,OTP,OTP_10
DELHIVERY: SHIPMENT OD6298410035 REACHED YOUR CITY HUB. EXPECTED DELIVERY: 05 JUL.,Delivery,Delivery_4
Your credit card XX9384 statement is ready. Total due: Rs.94242. Min due: Rs.1483. -PNB,Bank,Bank_5
Paytm: 127923 is your login OTP. It expires in 5 minutes.,OTP,OTP_6
ORDER OD4773309488 PACKED AND READY! EXPECTED DISPATCH BY 05 JUL. -AMAZON,Delivery,Delivery_8
ola: 211005 is your login otp. it expires in 10 minutes.,OTP,OTP_6
OTP-based  login was enabled for your A/c XX3600. Call Kotak if this wasn't you.,Bank,Hard_2
mega sale! get 70% off on all products at flipkart. shop now: bit.ly/gxzjdh t&c apply.,Promo,Promo_0
Exclusive  for you! Buy 1 Get 1 FREE at Swiggy. Limited period offer. Visit bit.ly/tXFJfo,Promo,Promo_3
  Beware of fraud calls asking for card details. Kotak officials never ask for PIN or CVV.,Bank,Bank_15
EMI of Rs.33158 due on 04-02-26 for loan A/c XX3525. Pay now to avoid charges. -Kotak -TM,Bank,Bank_4
Use code 7839 at checkout for 50% off at Meesho!,Promo,Hard_0
Your credit card XX3498 statement is ready. Total due: Rs.93954. Min due: Rs.3381. -HDFC Bank,Bank,Bank_5
Convert your SBI card purchase of Rs.1282 into easy EMIs at 0% interest. Reply YES. T&C apply,Promo,Promo_15
Congratulations!  You won Rs.1909021 in lucky draw. Claim: bit.ly/HJBjxx,Spam,Hard_12
Salary of Rs.90433 credited to A/c XX5401. Avl Bal: Rs.135684. -BOB,Bank,Bank_7
Exclusive  for you! Buy 1 Get 1 FREE at Meesho. Limited period offer. Visit bit.ly/gBeCAR,Promo,Promo_3
Your one time password is 273912 for Kotak Please do not share it,OTP,OTP_5
Rs.86098 debited from A/c XX6180 on 15-03-26 to Hardik. Avl Bal: Rs.413375. -HDFC Bank,Bank,Bank_0
Use code 7699 at checkout for 50% off at Meesho!,Promo,Hard_0
807157 - use this to sign in. Never share this code with anyone. -TM,OTP,Hard_7
Interest of Rs.34119 credited to your FD A/c XX3700. -PNB,Bank,Bank_9
Your OTP is 952173. Use it to verify your GPay account. Expires in 30 min. -TM,OTP,OTP_1
your account statement for june is available. download from the bob app.,Bank,Bank_16
IRCTC: Special trains added for festive season Book early & save up to 70%,Promo,Promo_17
G-577674 is ur Google verification code.,OTP,OTP_12
Your account statement for June is available. Download from the Kotak app.,Bank,Bank_16
Interest  of Rs.97996 credited to your FD A/c XX1370. -Axis Bank,Bank,Bank_9
OTP for delivery of order OD7929501873 is 9915. Share only with the delivery agent. -DTDC,Delivery,Delivery_9
161976  - use this code to sign in to ICICI Bank. Never share it with anyone.,OTP,OTP_7
Your SonyLIV plan renews on 01 Jul at Rs.868 Upgrade to 4K for Rs.395/month,Promo,Promo_18
Recharge  with Rs.1924 & get 20% extra talktime. Offer valid today only!,Promo,Promo_5
zomato: free delivery all weekend! order your favourites now.,Promo,Promo_13
OTP-based login was enabled for your A/c XX4582. Call SBI if this wasn't you.,Bank,Hard_2
  Missed our shows? Come back to SonyLIV at 50% off for 3 months. Resubscribe: bit.ly/iNugYb,Promo,Promo_19
  IRCTC: Special trains added for festive season. Book early & save up to 50%.,Promo,Promo_17
Data exhausted? Get 1GB extra with Rs.1228 booster pack. Dial *121# or visit app.,Promo,Promo_11
Order  OD2731084838 packed and ready! Expected dispatch by 06 Jul. -Swiggy,Delivery,Delivery_8
  Cheque no. 438103082858 for Rs.29572 has been cleared from A/c XX9922. -BOB,Bank,Bank_8
OTP FOR DELIVERY OF ORDER OD2171874482 IS 6003. SHARE ONLY WITH THE DELIVERY AGENT. -DTDC,Delivery,Delivery_9
delivery attempt failed for order od7818956065. we will retry tomorrow. -dtdc,Delivery,Delivery_5
  Your OTP is 598464. Use it to verify your Flipkart account. Expires in 2 min.,OTP,OTP_1
G-381808 is your Google verification code.,OTP,OTP_12
Zomato: Free delivery all weekend! Order your favourites now.,Promo,Promo_13
"Never  share your OTP, PIN or CVV. Kotak never asks for these. Stay safe.",Bank,Hard_3
  Rs.76575 credited to A/c XX6903 on 09-06-26. Avl Bal: Rs.426676. -PNB,Bank,Bank_1
your vi pack expires tomorrow. recharge with rs.1297 for 3gb/day + unlimited calls.,Promo,Promo_10
Ur Uber code: 2697,OTP,Hard_8
Out  for delivery: Your Myntra package OD8265880826 will arrive today by 9 PM. -Ekart,Delivery,Delivery_1
Your account statement for July is available. Download from the PNB app.,Bank,Bank_16
Your  BigBasket membership expires soon. Renew now & save 30%: bit.ly/bseTTB,Promo,Promo_9
Beware of fraud calls asking for card details. Axis Bank officials never ask for PIN or CVV.,Bank,Bank_15
  Exclusive for you! Buy 1 Get 1 FREE at Flipkart. Limited period offer. Visit bit.ly/lGONtI,Promo,Promo_3
Your A/c XX3083 is debited with Rs.89607 on 24-03-26. Info: UPI-Nidra. Bal: Rs.333793,Bank,Bank_2
  Delivery attempt failed for order OD1792687506. We will retry tomorrow. -BlueDart,Delivery,Delivery_5
YOUR ORDER OD4429191491 FROM ZOMATO IS ARRIVING TOMORROW. KEEP RS.1305 READY FOR COD.,Delivery,Delivery_3
Salary of Rs.48736 credited to A/c XX1159. Avl Bal: Rs.161300. -HDFC Bank,Bank,Bank_7
"Never share your OTP, PIN or CVV. ICICI Bank never asks for these. Stay safe. STOP to opt out",Bank,Hard_3
<#> 213704 is your Flipkart code. Valid 15 min. hA8sk2Lqp3,OTP,OTP_13
USE 779857 TO COMPLETE YOUR SBI REGISTRATION. VALID TILL 15 MINS.,OTP,OTP_4
Enter 361409 to verify your mobile number for IRCTC,OTP,OTP_10
Rs.1915  cashback credited to your Paytm wallet. Use on your next order.,Promo,Promo_21
interest of rs.30506 credited to your fd a/c xx2982. -axis bank,Bank,Bank_9
Enter 862643 to verify your mobile number for ICICI Bank.,OTP,OTP_10
OTP: 396005 for txn of Rs.21436 at Paytm. Do not share. -HDFC Bank,OTP,OTP_2
<#> 736983 is ur IRCTC code. Valid 5 min. hA8sk2Lqp3,OTP,OTP_13
Loved  your recent Swiggy order? Reorder in 1 tap and get 10% off today.,Promo,Promo_22
Your OTP is 162558. Use it to verify your Kotak account. Expires in 10 min.,OTP,OTP_1
Your credit card XX6521 statement is ready. Total due: Rs.25512. Min due: Rs.3909. -PNB,Bank,Bank_5
"CLASS SHIFTED TO ROOM 6698, COME FAST",Personal,Hard_6
Convert your Kotak card purchase of Rs.169 into easy EMIs at 0% interest. Reply YES.,Promo,Promo_15
EMI OF RS.17998 DUE ON 18-02-26 FOR LOAN A/C XX5718. PAY NOW TO AVOID CHARGES. -AXIS BANK,Bank,Bank_4
Order OD1879309775 packed and ready! Expected dispatch by 03 Jul. -Zomato,Delivery,Delivery_8
Delivered! Ur Zomato order OD8691115655 was delivered on 02 Jul. Rate ur experience: bit.ly/WSxAKC,Delivery,Delivery_2
Auto-pay of Rs.58359 to Bahadurjit is scheduled on 02-02-26 from A/c XX3088. Ensure sufficient balance.,Bank,Bank_13
OTP: 561655 FOR TXN OF RS.6875 AT HOTSTAR. DO NOT SHARE. -AXIS BANK,OTP,OTP_2
IRCTC: Special trains added for festive season. Book early & save up to 60%. T&C apply,Promo,Promo_17
  KYC update pending for A/c XX1175. Please visit your nearest HDFC Bank branch by 26-06-26 to avoid restrictions.,Bank,Bank_12
152479 - use this code to sign in to SBI. Never share it with anyone.,OTP,OTP_7
Your credit card XX8457 statement is ready. Total due: Rs.90974. Min due: Rs.2187. -ICICI Bank,Bank,Bank_5
  Myntra Big Billion Days! Up to 80% off + extra 10% with HDFC Bank cards. Hurry!,Promo,Promo_1
Myntra Big Billion Days! Up to 70% off + extra 10% with PNB cards. Hurry!,Promo,Promo_1
Beware of fraud calls asking for card details. PNB officials never ask for PIN or CVV.,Bank,Bank_15
Tap to verify: 892511. This code expires shortly. -TM,OTP,Hard_9
Flat Rs.1207 cashback on your next order at Zomato. Use code SAVE89. Valid till 04 Jul.,Promo,Promo_2
227042 - use this code to sign in to GPay. Never share it with anyone.,OTP,OTP_7
tap to verify: 449909. this code expires shortly.,OTP,Hard_9
Cheque no. 932144031374 for Rs.57873 has been cleared from A/c XX5401. -BOB,Bank,Bank_8
G-282646 IS YOUR GOOGLE VERIFICATION CODE.,OTP,OTP_12
783168  is your Ola security code. Anyone asking for it is a scammer.,OTP,OTP_9
Beware of fraud calls asking for card details. ICICI Bank officials never ask for PIN or CVV.,Bank,Bank_15
Rs.84528 credited to A/c XX3179 on 08-03-26. Avl Bal: Rs.202232. -SBI,Bank,Bank_1
Ur SIM will be deactivated in 24hrs. Verify Aadhaar: bit.ly/YtOpWM,Spam,Hard_13
"Bro send me Rs.2464 on gpay, will return by 01 Jul",Personal,Hard_5
MEGA SALE! GET 40% OFF ON ALL PRODUCTS AT BIGBASKET. SHOP NOW: BIT.LY/KZVDAM T&C APPLY.,Promo,Promo_0
Exclusive for you! Buy 1 Get 1 FREE at Zomato. Limited period offer. Visit bit.ly/OgDnuL,Promo,Promo_3
Out  for delivery: Your Swiggy package OD2819013231 will arrive today by 3 PM. -Delhivery,Delivery,Delivery_1
Your Uber code: 5784,OTP,Hard_8
You  have 2433 reward points expiring on 04 Jul. Redeem on Flipkart.,Promo,Promo_20
Exclusive for you! Buy 1 Get 1 FREE at Myntra. Limited period offer. Visit bit.ly/tICgIK,Promo,Promo_3
Ur account statement for July is available. Download from the Axis Bank app.,Bank,Bank_16
161440  is your verification code for IRCTC. Never share your OTP.,OTP,OTP_3
"  Never share your OTP, PIN or CVV. Axis Bank never asks for these. Stay safe.",Bank,Hard_3
Interest of Rs.56025 credited to ur FD A/c XX5063. -BOB,Bank,Bank_9
"Class shifted to room 9418, come fast",Personal,Hard_6
YOUR ORDER OD8185735646 FROM MEESHO IS ARRIVING TOMORROW. KEEP RS.2825 READY FOR COD.,Delivery,Delivery_3
You have 620 reward points expiring on 03 Jul. Redeem on Myntra.,Promo,Promo_20
671544 is your Hotstar security code. Anyone asking for it is a scammer.,OTP,OTP_9
amazon: 115029 is your login otp. it expires in 10 minutes.,OTP,OTP_6
Exclusive for you! Buy 1 Get 1 FREE at Flipkart Limited period offer Visit bitly/NzFCZy,Promo,Promo_3
EMI of Rs.17660 due on 27-03-26 for loan A/c XX5990. Pay now to avoid charges. -ICICI Bank,Bank,Bank_4
Your credit card XX5859 statement is ready. Total due: Rs.63865. Min due: Rs.3254. -Kotak,Bank,Bank_5
Rs.89403 credited to A/c XX1222 on 28-03-26. Avl Bal: Rs.313653. -SBI,Bank,Bank_1
Beware of fraud calls asking for card details. ICICI Bank officials never ask for PIN or CVV.,Bank,Bank_15
  Tap to verify: 160684. This code expires shortly.,OTP,Hard_9
Interest of Rs.7160 credited to your FD A/c XX8378. -HDFC Bank,Bank,Bank_9
Salary of Rs.51738 credited to A/c XX1110. Avl Bal: Rs.494740. -ICICI Bank,Bank,Bank_7
Out for delivery: Your Zomato package OD9351751142 will arrive today by 9 PM -DTDC,Delivery,Delivery_1
YOU HAVE 3905 REWARD POINTS EXPIRING ON 01 JUL. REDEEM ON MYNTRA.,Promo,Promo_20
"  Hi Advika, unlock Rs.661 off your first order at Flipkart with code NEW48.",Promo,Promo_7
Rs.587 cashback credited to ur Paytm wallet. Use on ur next order.,Promo,Promo_21
Salary of INR 28209 credited to A/c XX4904. Avl Bal: INR 347088. -PNB,Bank,Bank_7
use code 5649 at checkout for 10% off at bigbasket!,Promo,Hard_0
  Your FD of Rs.88365 matures on 18-05-26. Renew or withdraw via netbanking. -PNB,Bank,Bank_14
  G-570958 is your Google verification code.,OTP,OTP_12
  Data exhausted? Get 3GB extra with Rs.1849 booster pack. Dial *121# or visit app.,Promo,Promo_11
dear customer ur kotak account will be blocked! update kyc now: bit.ly/mxufpo,Spam,Hard_11
congratulations! you won rs.782138 in lucky draw. claim: bit.ly/raaxfw,Spam,Hard_12
Enter 72243 to verify your mobile number for Zomato,OTP,OTP_10
Your SBI debit card XX9755 has been blocked due to suspicious activity. Visit branch or call 1800-XXX to unblock.,Bank,Bank_11
Flipkart: 830431 is ur login OTP. It expires in 30 minutes.,OTP,OTP_6
Exclusive for you! Buy 1 Get 1 FREE at Myntra. Limited period offer. Visit bit.ly/RFgtNk,Promo,Promo_3
Low balance alert: A/c XX3017 balance is Rs.67217 Maintain min balance to avoid charges,Bank,Bank_10
your flipkart code: 975746,OTP,OTP_8
319600 is your OTP for Ola login. Valid for 30 minutes. Do not share with anyone.,OTP,OTP_0
XpressBees: Shipment OD5342388138 reached your city hub. Expected delivery: 06 Jul.,Delivery,Delivery_4
Order OD5605098504 packed and ready! Expected dispatch by 04 Jul. -Meesho,Delivery,Delivery_8
242007 is your OTP for Swiggy login. Valid for 5 minutes. Do not share with anyone.,OTP,OTP_0
220329 - use this to sign in Never share this code with anyone,OTP,Hard_7
"Class shifted to room 2523, come fast",Personal,Hard_6
"Never share your OTP, PIN or CVV. Axis Bank never asks for these. Stay safe.",Bank,Hard_3
Siya from Delhivery is arriving with your package. Contact: +911593999564,Delivery,Delivery_6
925110 is your Axis Bank security code. Anyone asking for it is a scammer.,OTP,OTP_9
CONGRATULATIONS! YOU WON RS.77612 IN LUCKY DRAW. CLAIM: BIT.LY/XRCDFB,Spam,Hard_12
exclusive for you! buy 1 get 1 free at meesho. limited period offer. visit bit.ly/plqasf,Promo,Promo_3
flat rs.966 cashback on your next order at amazon. use code save96. valid till 01 jul.,Promo,Promo_2
Your FD of Rs.25181 matures on 19-05-26. Renew or withdraw via netbanking. -BOB,Bank,Bank_14
FLAT RS.954 CASHBACK ON YOUR NEXT ORDER AT MEESHO. USE CODE SAVE34. VALID TILL 05 JUL.,Promo,Promo_2
Pre-approved! Get a HDFC Bank credit card with Rs.332219 limit. Zero joining fee. Apply: bit.ly/FDTnBU,Promo,Promo_14
Your GPay code: 162225,OTP,OTP_8
  Your Swiggy membership expires soon. Renew now & save 60%: bit.ly/tXAfGr,Promo,Promo_9
Data  exhausted? Get 3GB extra with Rs.1444 booster pack. Dial *121# or visit app.,Promo,Promo_11
Your  order OD6443138030 from Meesho is arriving tomorrow. Keep Rs.2413 ready for COD.,Delivery,Delivery_3
OTP for delivery of order OD2054508183 is 5251. Share only with the delivery agent. -Delhivery,Delivery,Delivery_9
Your Meesho code: 883708,OTP,OTP_8
"Hey, my new number is 00994442729. Save it! Meet at 8? STOP to opt out",Personal,Hard_4
Exclusive for you! Buy 1 Get 1 FREE at Flipkart. Limited period offer. Visit bit.ly/hNSahQ,Promo,Promo_3
Your A/c XX3934 is debited with Rs.14930 on 04-04-26. Info: UPI-Kashish. Bal: Rs.312813 STOP to opt out,Bank,Bank_2
USE 303199 TO COMPLETE YOUR KOTAK REGISTRATION. VALID TILL 10 MINS.,OTP,OTP_4
Your return pickup for order OD9784954151 is scheduled on 02 Jul Keep the item ready -Myntra,Delivery,Delivery_7
IRCTC: Special trains added for festive season. Book early & save up to 20%.,Promo,Promo_17
30870 is your Netflix security code. Anyone asking for it is a scammer. STOP to opt out,OTP,OTP_9
"Class shifted to room 5908, come fast",Personal,Hard_6
  Items in your order history are back in stock at Amazon. Prices start Rs.1057.,Promo,Promo_23
UPI PAYMENT OF RS.8271 TO UNNI SUCCESSFUL. UPI REF: 536999991184. -BOB,Bank,Bank_6
Dear customer ur BOB account will be blocked! Update KYC now: bit.ly/eKGbEm,Spam,Hard_11
otp: 951370 for txn of rs.43738 at phonepe. do not share. -pnb,OTP,OTP_2
Your  HDFC Bank debit card XX9974 has been blocked due to suspicious activity. Visit branch or call 1800-XXX to unblock.,Bank,Bank_11
Your OTP is 557075. Use it to verify your Kotak account. Expires in 30 min. STOP to opt out,OTP,OTP_1
Salary of Rs.98215 credited to A/c XX7024. Avl Bal: Rs.108263. -PNB,Bank,Bank_7
your meesho membership expires soon. renew now & save 70%: bit.ly/efrjei,Promo,Promo_9
  522884 is your HDFC Bank security code. Anyone asking for it is a scammer.,OTP,OTP_9
  Cheque no. 393232783865 for Rs.61546 has been cleared from A/c XX8278. -Kotak,Bank,Bank_8
your one time password is 775209 for meesho. please do not share it.,OTP,OTP_5
Congratulations! You won Rs.287240 in lucky draw. Claim: bit.ly/AKAQTk,Spam,Hard_12
Convert your Axis Bank card purchase of Rs.1390 into easy EMIs at 0% interest. Reply YES. T&C apply,Promo,Promo_15
Flat Rs.431 cashback on your next order at Zomato. Use code SAVE31. Valid till 03 Jul.,Promo,Promo_2
Auto-pay of Rs.99573 to Lopa is scheduled on 28-02-26 from A/c XX2907. Ensure sufficient balance.,Bank,Bank_13
You have 3905 reward points expiring on 02 Jul. Redeem on BigBasket.,Promo,Promo_20
KYC update pending for A/c XX8802. Please visit your nearest SBI branch by 04-05-26 to avoid restrictions.,Bank,Bank_12
Pay Rs.3456 on delivery for order OD693102957. -XpressBees T&C apply,Delivery,Hard_10
Items  in your order history are back in stock at Amazon. Prices start Rs.944.,Promo,Promo_23
Your PNB debit card XX1698 has been blocked due to suspicious activity. Visit branch or call 1800-XXX to unblock.,Bank,Bank_11
Loved your recent Meesho order? Reorder in 1 tap and get 10% off today.,Promo,Promo_22
Hungry? Get 30% off up to Rs.63 on your next 3 orders. Code: EAT88. -Swiggy,Promo,Promo_12
Pre-approved! Get a Kotak credit card with Rs.462002 limit. Zero joining fee. Apply: bit.ly/FHFmcc,Promo,Promo_14
your a/c xx6823 is debited with rs.72687 on 06-01-26. info: upi-krishna. bal: rs.347916,Bank,Bank_2
Cheque no. 782950899524 for Rs.38569 has been cleared from A/c XX7369. -SBI,Bank,Bank_8
Beware of fraud calls asking for card details. BOB officials never ask for PIN or CVV.,Bank,Bank_15
Use  873825 to complete your Paytm registration. Valid till 5 mins.,OTP,OTP_4
"Your HDFC Bank health insurance renewal is due 02 Jul Renew online, save 10% on premium",Promo,Promo_24
Salary of Rs.32727 credited to A/c XX3731. Avl Bal: Rs.382399. -HDFC Bank,Bank,Bank_7
Dear customer ur Kotak account will be blocked! Update KYC now: bit.ly/DWILRj,Spam,Hard_11
Enter 50038 to verify your mobile number for IRCTC.,OTP,OTP_10
Swiggy: Free delivery all weekend! Order your favourites now.,Promo,Promo_13
Swiggy: 329020 is your login OTP. It expires in 5 minutes.,OTP,OTP_6
Your A/c XX1596 is debited with Rs.11123 on 27-06-26. Info: UPI-Kritika. Bal: Rs.110262,Bank,Bank_2
XpressBees: Shipment OD8893406371 reached your city hub. Expected delivery: 03 Jul.,Delivery,Delivery_4
cheque no. 642608888755 for rs.71076 has been cleared from a/c xx2001. -kotak,Bank,Bank_8
  EMI of Rs.19652 due on 07-05-26 for loan A/c XX7983. Pay now to avoid charges. -SBI,Bank,Bank_4
MEGA SALE! Get 30% OFF on all products at Amazon. Shop now: bit.ly/UtnXoV T&C apply.,Promo,Promo_0
Your Uber code: 5984,OTP,Hard_8
  Cheque no. 374596262070 for Rs.74257 has been cleared from A/c XX2520. -ICICI Bank,Bank,Bank_8
KYC update pending for A/c XX1213. Please visit your nearest BOB branch by 07-05-26 to avoid restrictions.,Bank,Bank_12
Congratulations! You won Rs.769799 in lucky draw. Claim: bit.ly/pOVdwG,Spam,Hard_12
Netflix: 721552 is your login OTP. It expires in 5 minutes.,OTP,OTP_6
RECHARGE WITH RS.1924 & GET 60% EXTRA TALKTIME. OFFER VALID TODAY ONLY!,Promo,Promo_5
Your A/c XX9221 is debited with INR 99394 on 21-03-26. Info: UPI-Nicholas. Bal: INR 86172,Bank,Bank_2
Cheque no. 336847022934 for Rs.92451 has been cleared from A/c XX1177. -BOB,Bank,Bank_8
Beware of fraud calls asking for card details. SBI officials never ask for PIN or CVV.,Bank,Bank_15
G-790541 is ur Google verification code.,OTP,OTP_12
Your  SIM will be deactivated in 24hrs. Verify Aadhaar: bit.ly/GVfibN,Spam,Hard_13
G-498535 is your Google verification code.,OTP,OTP_12
g-309034 is your google verification code.,OTP,OTP_12
"Hi  Tanish, unlock Rs.511 off your first order at Swiggy with code NEW55.",Promo,Promo_7
Enter 463501 to verify ur mobile number for Hotstar.,OTP,OTP_10
Your SIM will be deactivated in 24hrs Verify Aadhaar: bitly/LzyeiC,Spam,Hard_13
Data exhausted? Get 3GB extra with Rs.1534 booster pack Dial *121# or visit app,Promo,Promo_11
OTP: 128628 for txn of Rs.33411 at Myntra Do not share -Axis Bank,OTP,OTP_2
Recharge with Rs.1646 & get 20% extra talktime. Offer valid today only!,Promo,Promo_5
OTP-based login was enabled for your A/c XX5564 Call Axis Bank if this wasn't you,Bank,Hard_2
Loved  your recent Meesho order? Reorder in 1 tap and get 60% off today.,Promo,Promo_22
Your credit card XX4388 statement is ready. Total due: INR 22641. Min due: INR 3709. -Kotak,Bank,Bank_5
YOUR VI PACK EXPIRES TOMORROW. RECHARGE WITH RS.1054 FOR 1GB/DAY + UNLIMITED CALLS.,Promo,Promo_10
your sonyliv plan renews on 01 jul at rs.843. upgrade to 4k for rs.810/month.,Promo,Promo_18
Coupon 4439 gives you free delivery on orders above Rs.461. -Myntra,Promo,Hard_1
97438 - use this code to sign in to HDFC Bank. Never share it with anyone.,OTP,OTP_7
OTP for delivery of order OD3686270653 is 7149. Share only with the delivery agent. -XpressBees,Delivery,Delivery_9
Convert your ICICI Bank card purchase of INR 1823 into easy EMIs at 0% interest. Reply YES.,Promo,Promo_15
G-170888 is your Google verification code.,OTP,OTP_12
Your one time password is 216634 for Amazon. Please do not share it.,OTP,OTP_5
YOUR FLIPKART ORDER OD6877995930 HAS BEEN SHIPPED VIA EKART. TRACK: BIT.LY/VOYKFN,Delivery,Delivery_0
Your  FD of Rs.44257 matures on 26-06-26. Renew or withdraw via netbanking. -ICICI Bank,Bank,Bank_14
g-82763 is your google verification code.,OTP,OTP_12
Missed our shows? Come back to Netflix at 50% off for 3 months. Resubscribe: bit.ly/kPcTkA,Promo,Promo_19
YOUR FLIPKART MEMBERSHIP EXPIRES SOON. RENEW NOW & SAVE 20%: BIT.LY/AWUEVS,Promo,Promo_9
Netflix: 950119 is your login OTP It expires in 15 minutes,OTP,OTP_6
Out for delivery: Ur Amazon package OD9186509576 will arrive today by 3 PM. -XpressBees,Delivery,Delivery_1
Flight  fares dropped! BLR-CCU from Rs.79. Book on MakeMyTrip before midnight.,Promo,Promo_16
Rs.1279 cashback credited to your PhonePe wallet. Use on your next order.,Promo,Promo_21
Out for delivery: Your Flipkart package OD4875026834 will arrive today by 6 PM. -DTDC,Delivery,Delivery_1
kyc update pending for a/c xx5302. please visit your nearest bob branch by 17-04-26 to avoid restrictions.,Bank,Bank_12
Enter 721340 to verify your mobile number for PhonePe.,OTP,OTP_10
Ur credit card XX9866 statement is ready. Total due: Rs.66656. Min due: Rs.1325. -BOB,Bank,Bank_5
"Hey, my new number is 8443864348. Save it! Meet at 6pm?",Personal,Hard_4
949271 - use this code to sign in to IRCTC. Never share it with anyone.,OTP,OTP_7
"  Bro send me Rs.1815 on gpay, will return by 03 Jul",Personal,Hard_5
UPI payment of Rs.88382 to Darpan successful. UPI Ref: 573678234490. -PNB STOP to opt out,Bank,Bank_6
130479 is your ICICI Bank security code. Anyone asking for it is a scammer. -TM,OTP,OTP_9
"Hey, my new number is +913052641655. Save it! Meet at 8?",Personal,Hard_4
your return pickup for order od4459149341 is scheduled on 01 jul. keep the item ready. -flipkart,Delivery,Delivery_7
Your SIM will be deactivated in 24hrs Verify Aadhaar: bitly/ATSvuR,Spam,Hard_13
Order OD5560359025 packed and ready! Expected dispatch by 01 Jul. -Zomato,Delivery,Delivery_8
557631 - use this code to sign in to PhonePe. Never share it with anyone.,OTP,OTP_7
248742 - use this to sign in. Never share this code with anyone.,OTP,Hard_7
"Hey, my new number is 09013041746. Save it! Meet at noon?",Personal,Hard_4
Low balance alert: A/c XX6471 balance is Rs.293787 Maintain min balance to avoid charges,Bank,Bank_10
Your one time password is 257701 for Zomato. Please do not share it.,OTP,OTP_5
BigBasket Big Billion Days! Up to 50% off + extra 10% with ICICI Bank cards. Hurry!,Promo,Promo_1
Tap to verify: 505467. This code expires shortly.,OTP,Hard_9
"NEVER SHARE YOUR OTP, PIN OR CVV. SBI NEVER ASKS FOR THESE. STAY SAFE.",Bank,Hard_3
Recharge with INR 620 & get 20% extra talktime. Offer valid today only!,Promo,Promo_5
Delivered!  Your BigBasket order OD7737551526 was delivered on 06 Jul. Rate your experience: bit.ly/TNKkxp,Delivery,Delivery_2
Beware of fraud calls asking for card details. BOB officials never ask for PIN or CVV.,Bank,Bank_15
Ur account statement for August is available. Download from the PNB app.,Bank,Bank_16
660149 - use this to sign in. Never share this code with anyone.,OTP,Hard_7
364699 - use this to sign in Never share this code with anyone,OTP,Hard_7
Ur credit card XX5885 statement is ready. Total due: Rs.31120. Min due: Rs.546. -ICICI Bank,Bank,Bank_5
Flight  fares dropped! DEL-LKO from Rs.1447. Book on MakeMyTrip before midnight.,Promo,Promo_16
Low balance alert: A/c XX3238 balance is Rs.140059 Maintain min balance to avoid charges,Bank,Bank_10
518606 - use this code to sign in to Meesho. Never share it with anyone.,OTP,OTP_7
AUTO-PAY OF RS.41288 TO MEKHALA IS SCHEDULED ON 30-05-26 FROM A/C XX4761. ENSURE SUFFICIENT BALANCE.,Bank,Bank_13
Myntra Big Billion Days! Up to 70% off + extra 10% with PNB cards Hurry!,Promo,Promo_1
xpressbees: shipment od5700061243 reached your city hub. expected delivery: 05 jul.,Delivery,Delivery_4
Interest of INR 42589 credited to your FD A/c XX3101. -HDFC Bank,Bank,Bank_9
UPI payment of INR 34889 to Jack successful. UPI Ref: 177014886068. -HDFC Bank,Bank,Bank_6
SALARY OF RS.77689 CREDITED TO A/C XX5515. AVL BAL: RS.156128. -HDFC BANK,Bank,Bank_7
Salary of Rs.70882 credited to A/c XX3945 Avl Bal: Rs.299072 -ICICI Bank,Bank,Bank_7
Rs.41955 debited from A/c XX8677 on 14-05-26 to Wyatt. Avl Bal: Rs.305268. -ICICI Bank,Bank,Bank_0
Your one time password is 832633 for BigBasket. Please do not share it.,OTP,OTP_5
YOUR SWIGGY MEMBERSHIP EXPIRES SOON. RENEW NOW & SAVE 50%: BIT.LY/NZXZVT,Promo,Promo_9
Beware of fraud calls asking for card details Axis Bank officials never ask for PIN or CVV,Bank,Bank_15
Order OD8377234763 packed and ready! Expected dispatch by 03 Jul. -Amazon,Delivery,Delivery_8
518591 - use this code to sign in to BOB. Never share it with anyone. -TM,OTP,OTP_7
Your Hotstar plan renews on 02 Jul at Rs.1516. Upgrade to 4K for Rs.468/month.,Promo,Promo_18
OTP-based login was enabled for your A/c XX7868 Call Kotak if this wasn't you,Bank,Hard_2
  Use 37365 to complete your Swiggy registration. Valid till 10 mins.,OTP,OTP_4
Enter 851830 to verify your mobile number for Netflix.,OTP,OTP_10
  Your BigBasket order OD2581184036 has been shipped via XpressBees. Track: bit.ly/MSgmDe,Delivery,Delivery_0
  981125 is your Hotstar security code. Anyone asking for it is a scammer.,OTP,OTP_9
Salary of INR 13875 credited to A/c XX8801. Avl Bal: INR 344954. -SBI,Bank,Bank_7
Ur BOB debit card XX9322 has been blocked due to suspicious activity. Visit branch or call 1800-XXX to unblock.,Bank,Bank_11
Confirmation  code 650161 for SBI. Keep it private.,OTP,OTP_11
YOUR UBER CODE: 3076,OTP,Hard_8
Use code 4207 at checkout for 50% off at Myntra!,Promo,Hard_0
Exclusive for you! Buy 1 Get 1 FREE at Amazon. Limited period offer. Visit bit.ly/GRzhGz,Promo,Promo_3
Coupon 5181 gives you free delivery on orders above Rs.2105. -Zomato,Promo,Hard_1
Flat Rs.1953 cashback on your next order at Flipkart. Use code SAVE32. Valid till 03 Jul. T&C apply,Promo,Promo_2
Your credit card XX9455 statement is ready Total due: Rs.86636 Min due: Rs.649 -HDFC Bank,Bank,Bank_5
Low  balance alert: A/c XX5184 balance is Rs.379069. Maintain min balance to avoid charges.,Bank,Bank_10
Interest of INR 3513 credited to your FD A/c XX3773. -SBI,Bank,Bank_9
Your Jio pack expires tomorrow. Recharge with Rs.1855 for 3GB/day + unlimited calls.,Promo,Promo_10
pre-approved! get a pnb credit card with rs.284248 limit. zero joining fee. apply: bit.ly/ktwshi,Promo,Promo_14
Your order OD1689654145 from Meesho is arriving tomorrow Keep Rs.4163 ready for COD,Delivery,Delivery_3
Out for delivery: Your Amazon package OD1672422328 will arrive today by 9 PM. -Delhivery,Delivery,Delivery_1
<#> 664851 is your paytm code. valid 5 min. ha8sk2lqp3,OTP,OTP_13
Delivered!  Your Swiggy order OD8926642381 was delivered on 03 Jul. Rate your experience: bit.ly/OaTNsV,Delivery,Delivery_2
Auto-pay of Rs.64840 to Sarthak is scheduled on 02-04-26 from A/c XX9150. Ensure sufficient balance.,Bank,Bank_13
rs.99404 debited from a/c xx6151 on 01-05-26 to jagvi. avl bal: rs.173854. -axis bank,Bank,Bank_0
G-875541 is your Google verification code. STOP to opt out,OTP,OTP_12
Your Vi pack expires tomorrow. Recharge with Rs.420 for 1GB/day + unlimited calls.,Promo,Promo_10
  Your Swiggy code: 737277,OTP,OTP_8
Your  return pickup for order OD5643518294 is scheduled on 01 Jul. Keep the item ready. -Flipkart,Delivery,Delivery_7
Use  195026 to complete your GPay registration. Valid till 10 mins.,OTP,OTP_4
confirmation code 135767 for pnb. keep it private.,OTP,OTP_11
Weekend special at Amazon! Min 70% off on everything. Don't miss out: bit.ly/TrCJsD,Promo,Promo_6
917125 is your ICICI Bank security code. Anyone asking for it is a scammer.,OTP,OTP_9
Use 656968 to complete your Amazon registration. Valid till 5 mins.,OTP,OTP_4
456807 - use this code to sign in to ICICI Bank. Never share it with anyone.,OTP,OTP_7
UPI  payment of Rs.55274 to Sara successful. UPI Ref: 742037277325. -PNB,Bank,Bank_6
dear customer ur bob account will be blocked! update kyc now: bit.ly/ocefuj,Spam,Hard_11
USE 166474 TO COMPLETE YOUR KOTAK REGISTRATION. VALID TILL 30 MINS.,OTP,OTP_4
Your Prime Video plan renews on 06 Jul at Rs.1953. Upgrade to 4K for Rs.669/month.,Promo,Promo_18
391631 is ur OTP for IRCTC login. Valid for 30 minutes. Do not share with anyone.,OTP,OTP_0
  Uber: 204385 is your login OTP. It expires in 10 minutes.,OTP,OTP_6
  Your A/c XX4961 is debited with Rs.76590 on 15-03-26. Info: UPI-Faqid. Bal: Rs.378654,Bank,Bank_2
Salary of Rs.79927 credited to A/c XX5631. Avl Bal: Rs.291994. -HDFC Bank,Bank,Bank_7
Use code 6665 at checkout for 10% off at Amazon!,Promo,Hard_0
"  Hi Aarush, unlock Rs.1641 off your first order at BigBasket with code NEW49.",Promo,Promo_7
G-310931  is your Google verification code.,OTP,OTP_12
"hi harsh, unlock rs.1973 off your first order at zomato with code new50.",Promo,Promo_7
Order OD9155332057 packed and ready! Expected dispatch by 03 Jul. -Amazon,Delivery,Delivery_8
Your A/c XX8347 is debited with Rs.93400 on 01-04-26. Info: UPI-Kiaan. Bal: Rs.208018,Bank,Bank_2
"Class shifted to room 5900, come fast",Personal,Hard_6
Amazon Big Billion Days! Up to 60% off + extra 10% with HDFC Bank cards. Hurry!,Promo,Promo_1
Your FD of Rs.89536 matures on 10-06-26. Renew or withdraw via netbanking. -SBI,Bank,Bank_14
"Your Kotak health insurance renewal is due 04 Jul Renew online, save 40% on premium",Promo,Promo_24
Recharge with INR 497 & get 20% extra talktime. Offer valid today only!,Promo,Promo_5
Low balance alert: A/c XX2248 balance is Rs.340254. Maintain min balance to avoid charges.,Bank,Bank_10
Use 426313 to complete your Zomato registration. Valid till 2 mins.,OTP,OTP_4
ALERT: Rs.2277 withdrawn from ATM using card XX3193 on 18-01-26. Bal: Rs.332754. -ICICI Bank,Bank,Bank_3
529840 is your verification code for Netflix. Never share your OTP.,OTP,OTP_3
Work  from home! Earn Rs.1610328/month. Join: bit.ly/auVmyO,Spam,Hard_14
Rs.62039 credited to A/c XX9526 on 17-06-26. Avl Bal: Rs.22859. -Kotak,Bank,Bank_1
  141915 - use this to sign in. Never share this code with anyone.,OTP,Hard_7
Enter 534477 to verify your mobile number for Myntra. -TM,OTP,OTP_10
Delivered! Your BigBasket order OD8215115290 was delivered on 05 Jul. Rate your experience: bit.ly/ZMYlyf,Delivery,Delivery_2
USE 433070 TO COMPLETE YOUR GPAY REGISTRATION. VALID TILL 30 MINS.,OTP,OTP_4
TAP TO VERIFY: 780948. THIS CODE EXPIRES SHORTLY.,OTP,Hard_9
RS.62111 DEBITED FROM A/C XX5971 ON 18-03-26 TO DOMINIC. AVL BAL: RS.281979. -SBI,Bank,Bank_0
"class shifted to room 6377, come fast",Personal,Hard_6
YOUR SIM WILL BE DEACTIVATED IN 24HRS. VERIFY AADHAAR: BIT.LY/PSNTIT,Spam,Hard_13
  HDFC Bank: 611697 is your login OTP. It expires in 10 minutes.,OTP,OTP_6
Rs.1280 cashback credited to your Paytm wallet. Use on your next order.,Promo,Promo_21
BEWARE OF FRAUD CALLS ASKING FOR CARD DETAILS. BOB OFFICIALS NEVER ASK FOR PIN OR CVV.,Bank,Bank_15
Missed our shows? Come back to Hotstar at 50% off for 3 months. Resubscribe: bit.ly/jPGhew STOP to opt out,Promo,Promo_19
KYC update pending for A/c XX2144 Please visit your nearest SBI branch by 03-02-26 to avoid restrictions,Bank,Bank_12
Your Jio pack expires tomorrow. Recharge with Rs.1909 for 1.5GB/day + unlimited calls.,Promo,Promo_10
EMI of Rs.67030 due on 19-04-26 for loan A/c XX4633. Pay now to avoid charges. -Axis Bank,Bank,Bank_4
"Bro send me Rs.2423 on gpay, will return by 03 Jul",Personal,Hard_5
IRCTC: Special trains added for festive season. Book early & save up to 80%.,Promo,Promo_17
Congratulations! You won Rs.799611 in lucky draw. Claim: bit.ly/dTEHlJ,Spam,Hard_12
Tap to verify: 930889 This code expires shortly,OTP,Hard_9
Your Uber code: 9808,OTP,Hard_8
Your  Prime Video plan renews on 01 Jul at Rs.1802. Upgrade to 4K for Rs.266/month.,Promo,Promo_18
Low balance alert: A/c XX6615 balance is INR 254697. Maintain min balance to avoid charges.,Bank,Bank_10
Your credit card XX7398 statement is ready. Total due: Rs.89800. Min due: Rs.2866. -ICICI Bank,Bank,Bank_5
  232777 - use this code to sign in to SBI. Never share it with anyone.,OTP,OTP_7
EMI of Rs.72748 due on 08-05-26 for loan A/c XX1874 Pay now to avoid charges -Kotak,Bank,Bank_4
Cheque no. 417427150506 for Rs.15280 has been cleared from A/c XX8811. -Axis Bank,Bank,Bank_8
G-841708 is ur Google verification code.,OTP,OTP_12
Amazon: Your cart misses you! Complete purchase now & get 20% off. bit.ly/KYIGYm,Promo,Promo_4
PhonePe:  790486 is your login OTP. It expires in 2 minutes.,OTP,OTP_6
Confirmation code 435552 for Kotak. Keep it private.,OTP,OTP_11
Weekend special at BigBasket! Min 30% off on everything. Don't miss out: bit.ly/ZOBBPL,Promo,Promo_6
Delivery attempt failed for order OD7246799149. We will retry tomorrow. -Delhivery,Delivery,Delivery_5
Items in your order history are back in stock at Swiggy. Prices start Rs.447.,Promo,Promo_23
"Bro send me Rs.4716 on gpay, will return by 04 Jul",Personal,Hard_5
Salary of Rs.4810 credited to A/c XX8394 Avl Bal: Rs.258635 -BOB,Bank,Bank_7
195775 is your Zomato security code. Anyone asking for it is a scammer.,OTP,OTP_9
RECHARGE WITH RS.1845 & GET 60% EXTRA TALKTIME. OFFER VALID TODAY ONLY!,Promo,Promo_5
IRCTC: Special trains added for festive season. Book early & save up to 80%.,Promo,Promo_17
552601 is your Flipkart security code. Anyone asking for it is a scammer.,OTP,OTP_9
Flipkart  Big Billion Days! Up to 50% off + extra 10% with ICICI Bank cards. Hurry!,Promo,Promo_1
884905 IS YOUR ZOMATO SECURITY CODE. ANYONE ASKING FOR IT IS A SCAMMER.,OTP,OTP_9
Delivery attempt failed for order OD1727311698. We will retry tomorrow. -Ekart,Delivery,Delivery_5
G-310753 is your Google verification code.,OTP,OTP_12
  Your Flipkart order OD2240551846 has been shipped via XpressBees. Track: bit.ly/dkJJgv,Delivery,Delivery_0
ORDER OD1644137896 PACKED AND READY! EXPECTED DISPATCH BY 03 JUL. -SWIGGY,Delivery,Delivery_8
g-615032 is your google verification code.,OTP,OTP_12
"Bro send me Rs.1888 on gpay, will return by 06 Jul",Personal,Hard_5
your kotak debit card xx1727 has been blocked due to suspicious activity. visit branch or call 1800-xxx to unblock.,Bank,Bank_11
Your  SIM will be deactivated in 24hrs. Verify Aadhaar: bit.ly/ZZTYTS,Spam,Hard_13
Items in your order history are back in stock at Flipkart. Prices start INR 1486.,Promo,Promo_23
Pre-approved! Get a BOB credit card with Rs.459089 limit. Zero joining fee. Apply: bit.ly/gTZRQw,Promo,Promo_14
Your Kotak code: 560320,OTP,OTP_8
"Your BOB health insurance renewal is due 01 Jul. Renew online, save 50% on premium.",Promo,Promo_24
  Cheque no. 916836429546 for Rs.85960 has been cleared from A/c XX8793. -Axis Bank,Bank,Bank_8
Ur credit card XX9443 statement is ready. Total due: Rs.77698. Min due: Rs.641. -Axis Bank,Bank,Bank_5
your uber code: 8964,OTP,Hard_8
Confirmation code 432924 for IRCTC. Keep it private.,OTP,OTP_11
Confirmation code 302152 for Meesho. Keep it private.,OTP,OTP_11
Recharge with Rs.1067 & get 70% extra talktime. Offer valid today only!,Promo,Promo_5
G-220922 is your Google verification code.,OTP,OTP_12
"Never share your OTP, PIN or CVV Kotak never asks for these Stay safe",Bank,Hard_3
XPRESSBEES: SHIPMENT OD5742638593 REACHED YOUR CITY HUB. EXPECTED DELIVERY: 06 JUL.,Delivery,Delivery_4
your one time password is 75023 for hdfc bank. please do not share it.,OTP,OTP_5
Your credit card XX9494 statement is ready. Total due: Rs.56582. Min due: Rs.2345. -BOB,Bank,Bank_5
ALERT:  Rs.40787 withdrawn from ATM using card XX4689 on 02-04-26. Bal: Rs.148721. -SBI,Bank,Bank_3
MYNTRA: 169163 IS YOUR LOGIN OTP. IT EXPIRES IN 10 MINUTES.,OTP,OTP_6
Your Myntra membership expires soon. Renew now & save 10%: bit.ly/SDnzOC,Promo,Promo_9
446312 is your otp for axis bank login. valid for 5 minutes. do not share with anyone.,OTP,OTP_0
Low balance alert: A/c XX8335 balance is Rs.388181. Maintain min balance to avoid charges.,Bank,Bank_10
Weekend special at Myntra! Min 30% off on everything. Don't miss out: bit.ly/guDSPn STOP to opt out,Promo,Promo_6
upi payment of rs.44435 to samesh successful. upi ref: 659026235266. -icici bank,Bank,Bank_6
646606 - use this code to sign in to Zomato. Never share it with anyone. -TM,OTP,OTP_7
Amazon Big Billion Days! Up to 70% off + extra 10% with Axis Bank cards Hurry!,Promo,Promo_1
flipkart big billion days! up to 70% off + extra 10% with pnb cards. hurry!,Promo,Promo_1
Confirmation code 621466 for Myntra. Keep it private.,OTP,OTP_11
UBER: 336101 IS YOUR LOGIN OTP. IT EXPIRES IN 10 MINUTES.,OTP,OTP_6
<#> 990162 is your Zomato code. Valid 5 min. hA8sk2Lqp3,OTP,OTP_13
You have 3859 reward points expiring on 01 Jul. Redeem on Swiggy.,Promo,Promo_20
G-7154 is your Google verification code.,OTP,OTP_12
Delivered! Your Zomato order OD9046095200 was delivered on 02 Jul. Rate your experience: bit.ly/wZsGyw,Delivery,Delivery_2
Beware of fraud calls asking for card details. PNB officials never ask for PIN or CVV.,Bank,Bank_15
941529 is your verification code for Swiggy. Never share your OTP.,OTP,OTP_3
Order OD7617543306 packed and ready! Expected dispatch by 02 Jul. -Myntra,Delivery,Delivery_8
OTP FOR DELIVERY OF ORDER OD4105879368 IS 6387. SHARE ONLY WITH THE DELIVERY AGENT. -DELHIVERY,Delivery,Delivery_9
exclusive for you! buy 1 get 1 free at amazon. limited period offer. visit bit.ly/efehvi,Promo,Promo_3
INTEREST OF RS.26213 CREDITED TO YOUR FD A/C XX3144. -SBI,Bank,Bank_9
Confirmation code 889924 for Amazon. Keep it private.,OTP,OTP_11
Your PNB debit card XX3651 has been blocked due to suspicious activity Visit branch or call 1800-XXX to unblock,Bank,Bank_11
119735 IS YOUR OTP FOR BIGBASKET LOGIN. VALID FOR 15 MINUTES. DO NOT SHARE WITH ANYONE.,OTP,OTP_0
Low balance alert: A/c XX5230 balance is Rs.36914. Maintain min balance to avoid charges.,Bank,Bank_10
<#> 353194 IS YOUR PAYTM CODE. VALID 2 MIN. HA8SK2LQP3,OTP,OTP_13
Work from home! Earn INR 880581/month. Join: bit.ly/fVpenh,Spam,Hard_14
G-106655 is your Google verification code.,OTP,OTP_12
your credit card xx6143 statement is ready. total due: rs.16906. min due: rs.699. -pnb,Bank,Bank_5
IRCTC: Special trains added for festive season. Book early & save up to 20%.,Promo,Promo_17
Enter 787477 to verify your mobile number for Flipkart.,OTP,OTP_10
"Your HDFC Bank health insurance renewal is due 03 Jul. Renew online, save 50% on premium.",Promo,Promo_24
BigBasket: 390211 is your login OTP. It expires in 15 minutes.,OTP,OTP_6
Flight fares dropped! HYD-PNQ from Rs.1659. Book on Goibibo before midnight.,Promo,Promo_16
Frederick from Ekart is arriving with ur package. Contact: 1747684825,Delivery,Delivery_6
923545 is your IRCTC security code. Anyone asking for it is a scammer.,OTP,OTP_9
Flat Rs.1224 cashback on your next order at Flipkart. Use code SAVE41. Valid till 02 Jul.,Promo,Promo_2
Andrew from DTDC is arriving with your package Contact: 3086538332,Delivery,Delivery_6
PAY RS.4222 ON DELIVERY FOR ORDER OD827142289. -DELHIVERY,Delivery,Hard_10
irctc: special trains added for festive season. book early & save up to 80%.,Promo,Promo_17
Congratulations! You won Rs.1821153 in lucky draw. Claim: bit.ly/UDofNp,Spam,Hard_12
107831 is your verification code for ICICI Bank. Never share your OTP.,OTP,OTP_3
260440 is your verification code for SBI. Never share your OTP. STOP to opt out,OTP,OTP_3
285981  - use this to sign in. Never share this code with anyone.,OTP,Hard_7
Beware of fraud calls asking for card details. Axis Bank officials never ask for PIN or CVV.,Bank,Bank_15
Your IRCTC code: 459996 STOP to opt out,OTP,OTP_8
Flight fares dropped! HYD-PNQ from Rs.1030. Book on ixigo before midnight.,Promo,Promo_16
Ur IRCTC code: 362981,OTP,OTP_8
517823 is your verification code for PhonePe. Never share your OTP.,OTP,OTP_3
"Ur Kotak health insurance renewal is due 01 Jul. Renew online, save 30% on premium.",Promo,Promo_24
Your PNB debit card XX1700 has been blocked due to suspicious activity. Visit branch or call 1800-XXX to unblock.,Bank,Bank_11
Flight fares dropped! HYD-CCU from Rs.1377 Book on ixigo before midnight,Promo,Promo_16
"Bro send me Rs.4982 on gpay, will return by 05 Jul STOP to opt out",Personal,Hard_5
Exclusive for you! Buy 1 Get 1 FREE at Amazon. Limited period offer. Visit bit.ly/ypcUVL,Promo,Promo_3
Salary of Rs.80925 credited to A/c XX4144. Avl Bal: Rs.380323. -PNB,Bank,Bank_7
Enter 845683 to verify ur mobile number for Paytm.,OTP,OTP_10
Your account statement for August is available. Download from the Kotak app.,Bank,Bank_16
757783 - use this to sign in. Never share this code with anyone.,OTP,Hard_7
YOUR RETURN PICKUP FOR ORDER OD4266192862 IS SCHEDULED ON 02 JUL. KEEP THE ITEM READY. -AMAZON,Delivery,Delivery_7
  Items in your order history are back in stock at Myntra. Prices start Rs.726.,Promo,Promo_23
YOUR FD OF RS.29650 MATURES ON 30-05-26. RENEW OR WITHDRAW VIA NETBANKING. -ICICI BANK,Bank,Bank_14
Rs.713 cashback credited to ur Paytm wallet. Use on ur next order.,Promo,Promo_21
  Salary of Rs.76908 credited to A/c XX9980. Avl Bal: Rs.255121. -HDFC Bank,Bank,Bank_7
beware of fraud calls asking for card details. hdfc bank officials never ask for pin or cvv.,Bank,Bank_15
Dear customer ur Axis Bank account will be blocked! Update KYC now: bit.ly/PIQajJ,Spam,Hard_11
<#>  113146 is your IRCTC code. Valid 30 min. hA8sk2Lqp3,OTP,OTP_13
  Out for delivery: Your Swiggy package OD1221570850 will arrive today by 3 PM. -DTDC,Delivery,Delivery_1
Weekend special at Meesho! Min 40% off on everything. Don't miss out: bit.ly/WYsPUa,Promo,Promo_6
"Your BOB health insurance renewal is due 06 Jul. Renew online, save 70% on premium.",Promo,Promo_24
Ur return pickup for order OD7495399322 is scheduled on 01 Jul. Keep the item ready. -Swiggy,Delivery,Delivery_7
Delivered! Your BigBasket order OD2486265120 was delivered on 02 Jul Rate your experience: bitly/qyWZIM,Delivery,Delivery_2
<#> 474508 IS YOUR AXIS BANK CODE. VALID 15 MIN. HA8SK2LQP3,OTP,OTP_13
"Bro send me Rs.4993 on gpay, will return by 03 Jul",Personal,Hard_5
Rs.154 cashback credited to your PhonePe wallet. Use on your next order.,Promo,Promo_21
  Recharge with Rs.232 & get 60% extra talktime. Offer valid today only!,Promo,Promo_5
Ur Flipkart order OD6885265852 has been shipped via Ekart. Track: bit.ly/RZGvuE,Delivery,Delivery_0
G-714296 is your Google verification code.,OTP,OTP_12
Weekend special at Flipkart! Min 20% off on everything Don't miss out: bitly/NmIZSV,Promo,Promo_6
order od5852010170 packed and ready! expected dispatch by 01 jul. -meesho,Delivery,Delivery_8
317450 IS YOUR VERIFICATION CODE FOR ICICI BANK. NEVER SHARE YOUR OTP.,OTP,OTP_3
Coupon 4940 gives you free delivery on orders above Rs.4976. -Swiggy,Promo,Hard_1
MEGA SALE! Get 10% OFF on all products at Swiggy. Shop now: bit.ly/yymQhJ T&C apply.,Promo,Promo_0
YOUR ACCOUNT STATEMENT FOR JUNE IS AVAILABLE. DOWNLOAD FROM THE SBI APP.,Bank,Bank_16
Use  740864 to complete your Uber registration. Valid till 5 mins.,OTP,OTP_4
Your  SIM will be deactivated in 24hrs. Verify Aadhaar: bit.ly/uTepXF,Spam,Hard_13
  Loved your recent Myntra order? Reorder in 1 tap and get 80% off today.,Promo,Promo_22
<#> 562557 is your Hotstar code. Valid 5 min. hA8sk2Lqp3 T&C apply,OTP,OTP_13
BlueDart: Shipment OD8069968377 reached your city hub. Expected delivery: 03 Jul.,Delivery,Delivery_4
  EMI of Rs.15345 due on 12-03-26 for loan A/c XX5928. Pay now to avoid charges. -Kotak,Bank,Bank_4
Beware  of fraud calls asking for card details. ICICI Bank officials never ask for PIN or CVV.,Bank,Bank_15
Your order OD8277084006 from Flipkart is arriving tomorrow. Keep Rs.2400 ready for COD.,Delivery,Delivery_3
your uber code: 3803,OTP,Hard_8
Flat Rs.1760 cashback on your next order at Myntra. Use code SAVE79. Valid till 04 Jul. STOP to opt out,Promo,Promo_2
Delivery attempt failed for order OD6777903201. We will retry tomorrow. -Delhivery STOP to opt out,Delivery,Delivery_5
Your  Kotak debit card XX6429 has been blocked due to suspicious activity. Visit branch or call 1800-XXX to unblock.,Bank,Bank_11
  Convert your PNB card purchase of Rs.1351 into easy EMIs at 0% interest. Reply YES.,Promo,Promo_15
Use code 3881 at checkout for 10% off at Swiggy!,Promo,Hard_0
Missed our shows? Come back to Netflix at 50% off for 3 months. Resubscribe: bit.ly/udJoqj T&C apply,Promo,Promo_19
Congratulations! You won Rs.2117199 in lucky draw. Claim: bit.ly/xKxjpd STOP to opt out,Spam,Hard_12
Cheque no 579796729561 for Rs.38452 has been cleared from A/c XX2267 -SBI,Bank,Bank_8
Delivery attempt failed for order OD8717034043. We will retry tomorrow. -XpressBees,Delivery,Delivery_5
777378 is your OTP for Hotstar login. Valid for 2 minutes. Do not share with anyone.,OTP,OTP_0
rs.701 cashback credited to your phonepe wallet. use on your next order.,Promo,Promo_21
  Your Jio pack expires tomorrow. Recharge with Rs.1001 for 1.5GB/day + unlimited calls.,Promo,Promo_10
Data exhausted? Get 2GB extra with Rs.1343 booster pack. Dial *121# or visit app. -TM,Promo,Promo_11
67931  is your OTP for HDFC Bank login. Valid for 2 minutes. Do not share with anyone.,OTP,OTP_0
716763 is your verification code for amazon. never share your otp.,OTP,OTP_3
"Hey, my new number is +918921836774. Save it! Meet at tonight?",Personal,Hard_4
data exhausted? get 1gb extra with rs.819 booster pack. dial *121# or visit app.,Promo,Promo_11
Confirmation  code 532982 for Zomato. Keep it private.,OTP,OTP_11
USE 261663 TO COMPLETE YOUR FLIPKART REGISTRATION. VALID TILL 30 MINS.,OTP,OTP_4
870951 IS YOUR VERIFICATION CODE FOR FLIPKART. NEVER SHARE YOUR OTP.,OTP,OTP_3
Pay Rs.4266 on delivery for order OD801148365. -Ekart,Delivery,Hard_10
You have 1692 reward points expiring on 06 Jul Redeem on Amazon,Promo,Promo_20
Hungry? Get 10% off up to Rs.1863 on ur next 3 orders. Code: EAT55. -Swiggy,Promo,Promo_12
Your FD of INR 87257 matures on 05-06-26. Renew or withdraw via netbanking. -BOB,Bank,Bank_14
<#> 844704 is your Uber code. Valid 5 min. hA8sk2Lqp3,OTP,OTP_13
  Meesho: Your cart misses you! Complete purchase now & get 10% off. bit.ly/AOnZVJ,Promo,Promo_4
Enter 974643 to verify your mobile number for Uber,OTP,OTP_10
use 466247 to complete your paytm registration. valid till 15 mins.,OTP,OTP_4
Delivery  attempt failed for order OD4128824411. We will retry tomorrow. -BlueDart,Delivery,Delivery_5
Your  OTP is 468333. Use it to verify your Axis Bank account. Expires in 10 min.,OTP,OTP_1
EMI of Rs.14975 due on 24-03-26 for loan A/c XX6074. Pay now to avoid charges. -Axis Bank,Bank,Bank_4
Coupon 1562 gives you free delivery on orders above Rs.948. -Meesho,Promo,Hard_1
Interest of Rs.58247 credited to your FD A/c XX1883. -BOB,Bank,Bank_9
Exclusive for you! Buy 1 Get 1 FREE at BigBasket. Limited period offer. Visit bit.ly/IvVkvV,Promo,Promo_3
"Your  ICICI Bank health insurance renewal is due 03 Jul. Renew online, save 40% on premium.",Promo,Promo_24
Your SIM will be deactivated in 24hrs. Verify Aadhaar: bit.ly/bLukNT,Spam,Hard_13
Myntra Big Billion Days! Up to 10% off + extra 10% with PNB cards. Hurry!,Promo,Promo_1
OTP  for delivery of order OD6471576113 is 4889. Share only with the delivery agent. -DTDC,Delivery,Delivery_9
Confirmation  code 944527 for GPay. Keep it private.,OTP,OTP_11
<#> 52753 is your BOB code. Valid 15 min. hA8sk2Lqp3,OTP,OTP_13
myntra: your cart misses you! complete purchase now & get 40% off. bit.ly/rrhqnk,Promo,Promo_4
  Your Zomato order OD5095615687 has been shipped via Ekart. Track: bit.ly/nOsXws,Delivery,Delivery_0
Exclusive  for you! Buy 1 Get 1 FREE at Flipkart. Limited period offer. Visit bit.ly/XIXVjY,Promo,Promo_3
562413 is your OTP for Myntra login Valid for 10 minutes Do not share with anyone,OTP,OTP_0
Out for delivery: Your Amazon package OD2245646949 will arrive today by 12 PM. -Ekart,Delivery,Delivery_1
"Your BOB health insurance renewal is due 06 Jul. Renew online, save 50% on premium.",Promo,Promo_24
OTP: 474371 for txn of Rs.37852 at PhonePe. Do not share. -Axis Bank STOP to opt out,OTP,OTP_2
MEGA SALE! Get 50% OFF on all products at Amazon Shop now: bitly/PbWyDJ T&C apply,Promo,Promo_0
  Work from home! Earn Rs.274611/month. Join: bit.ly/LciRYY,Spam,Hard_14
  Swiggy: Free delivery all weekend! Order your favourites now.,Promo,Promo_13
  MEGA SALE! Get 70% OFF on all products at Swiggy. Shop now: bit.ly/ppQKix T&C apply.,Promo,Promo_0
"Bro send me Rs.3450 on gpay, will return by 06 Jul",Personal,Hard_5
your jio pack expires tomorrow. recharge with rs.297 for 1gb/day + unlimited calls.,Promo,Promo_10
  327809 is your Uber security code. Anyone asking for it is a scammer.,OTP,OTP_9
otp: 506387 for txn of rs.28238 at bob. do not share. -sbi,OTP,OTP_2
Tap to verify: 221943. This code expires shortly.,OTP,Hard_9
Beware of fraud calls asking for card details SBI officials never ask for PIN or CVV,Bank,Bank_15
DELIVERY ATTEMPT FAILED FOR ORDER OD2730299724. WE WILL RETRY TOMORROW. -DELHIVERY,Delivery,Delivery_5
Congratulations! You won Rs.2181046 in lucky draw. Claim: bit.ly/IXyPqU,Spam,Hard_12
Order OD3795741970 packed and ready! Expected dispatch by 02 Jul. -Zomato STOP to opt out,Delivery,Delivery_8
You have 3758 reward points expiring on 04 Jul Redeem on Swiggy,Promo,Promo_20
372348 is your verification code for meesho. never share your otp.,OTP,OTP_3
Ur credit card XX5740 statement is ready. Total due: Rs.28221. Min due: Rs.4728. -SBI,Bank,Bank_5
YOUR FD OF RS.27826 MATURES ON 13-04-26. RENEW OR WITHDRAW VIA NETBANKING. -BOB,Bank,Bank_14
DELIVERED! YOUR ZOMATO ORDER OD7407562584 WAS DELIVERED ON 05 JUL. RATE YOUR EXPERIENCE: BIT.LY/UNSEGP,Delivery,Delivery_2
Pay INR 2831 on delivery for order OD151083422. -XpressBees,Delivery,Hard_10
Congratulations! You won Rs.1742974 in lucky draw. Claim: bit.ly/jxdwqT,Spam,Hard_12
DEAR CUSTOMER UR AXIS BANK ACCOUNT WILL BE BLOCKED! UPDATE KYC NOW: BIT.LY/ZTUGGK,Spam,Hard_11
Data exhausted? Get 1GB extra with Rs.634 booster pack. Dial *121# or visit app.,Promo,Promo_11
Kotak: 425656 is ur login OTP. It expires in 10 minutes.,OTP,OTP_6
use 927857 to complete your axis bank registration. valid till 5 mins.,OTP,OTP_4
UPI payment of Rs.22868 to Ishwar successful UPI Ref: 939836847679 -BOB,Bank,Bank_6
Your Vi pack expires tomorrow. Recharge with Rs.61 for 2GB/day + unlimited calls.,Promo,Promo_10
Work from home! Earn Rs.393461/month. Join: bit.ly/YRCOCk,Spam,Hard_14
Your Uber code: 5020,OTP,Hard_8
"Class shifted to room 2983, come fast",Personal,Hard_6
pre-approved! get a bob credit card with rs.210941 limit. zero joining fee. apply: bit.ly/muoqnz,Promo,Promo_14
"bro send me rs.2921 on gpay, will return by 02 jul",Personal,Hard_5
"Your PNB health insurance renewal is due 03 Jul. Renew online, save 70% on premium.",Promo,Promo_24
Auto-pay of Rs.47161 to Lila is scheduled on 19-02-26 from A/c XX9422. Ensure sufficient balance. STOP to opt out,Bank,Bank_13
Your account statement for July is available. Download from the HDFC Bank app.,Bank,Bank_16
OTP for delivery of order OD5364476623 is 8637. Share only with the delivery agent. -BlueDart,Delivery,Delivery_9
Salary of Rs.33308 credited to A/c XX1284. Avl Bal: Rs.359875. -Axis Bank,Bank,Bank_7
Rs.37956 debited from A/c XX1477 on 24-05-26 to Ikbal. Avl Bal: Rs.387859. -HDFC Bank STOP to opt out,Bank,Bank_0
486686 is your verification code for Zomato. Never share your OTP.,OTP,OTP_3
interest of rs.29621 credited to your fd a/c xx5368. -sbi,Bank,Bank_9
Your Myntra order OD3940863979 has been shipped via DTDC. Track: bit.ly/oyIsGF,Delivery,Delivery_0
Out for delivery: Your Meesho package OD7870878441 will arrive today by 3 PM. -DTDC,Delivery,Delivery_1
79197 is your BigBasket security code. Anyone asking for it is a scammer.,OTP,OTP_9
Weekend special at Amazon! Min 80% off on everything. Don't miss out: bit.ly/qFHkcT,Promo,Promo_6
Meesho: 198928 is your login OTP. It expires in 5 minutes.,OTP,OTP_6
Work from home! Earn Rs.1106047/month. Join: bit.ly/gqRfcb,Spam,Hard_14
  Auto-pay of Rs.50803 to Leela is scheduled on 13-06-26 from A/c XX6155. Ensure sufficient balance.,Bank,Bank_13
Your Myntra order OD2679127789 has been shipped via Delhivery. Track: bit.ly/CjmUrB,Delivery,Delivery_0
Your Paytm code: 444567,OTP,OTP_8
your jio pack expires tomorrow. recharge with rs.88 for 2gb/day + unlimited calls.,Promo,Promo_10
your hdfc bank code: 110420,OTP,OTP_8
Samaksh from Delhivery is arriving with ur package. Contact: 01434191668,Delivery,Delivery_6
RS.11051 CREDITED TO A/C XX9523 ON 21-06-26. AVL BAL: RS.393627. -SBI,Bank,Bank_1
Pre-approved! Get a BOB credit card with INR 192693 limit. Zero joining fee. Apply: bit.ly/kuCwJy,Promo,Promo_14
Your FD of INR 81694 matures on 29-04-26. Renew or withdraw via netbanking. -HDFC Bank,Bank,Bank_14
Auto-pay of Rs.78195 to Baghyawati is scheduled on 15-01-26 from A/c XX9921 Ensure sufficient balance,Bank,Bank_13
Enter 503863 to verify your mobile number for GPay.,OTP,OTP_10
Order OD3188131639 packed and ready! Expected dispatch by 02 Jul. -Myntra,Delivery,Delivery_8
"Bro send me Rs.1833 on gpay, will return by 03 Jul",Personal,Hard_5
Delivered! Ur Swiggy order OD6633216509 was delivered on 06 Jul. Rate ur experience: bit.ly/NJzMWa,Delivery,Delivery_2
You  have 3954 reward points expiring on 02 Jul. Redeem on Swiggy.,Promo,Promo_20
"Hey, my new number is +910690607666. Save it! Meet at 6pm? T&C apply",Personal,Hard_4
Delhivery:  Shipment OD1090753001 reached your city hub. Expected delivery: 03 Jul.,Delivery,Delivery_4
ALERT: Rs.29401 withdrawn from ATM using card XX9505 on 21-03-26. Bal: Rs.294653. -BOB STOP to opt out,Bank,Bank_3
Rs.52150 credited to A/c XX1558 on 27-03-26. Avl Bal: Rs.478105. -HDFC Bank,Bank,Bank_1
Delivery attempt failed for order OD7871990814. We will retry tomorrow. -Ekart,Delivery,Delivery_5
Your  one time password is 988218 for Amazon. Please do not share it.,OTP,OTP_5
hotstar: 224569 is your login otp. it expires in 10 minutes.,OTP,OTP_6
Tap to verify: 396955. This code expires shortly.,OTP,Hard_9
pnb: 891586 is your login otp. it expires in 2 minutes.,OTP,OTP_6
  Use code 2530 at checkout for 25% off at Amazon!,Promo,Hard_0
KYC update pending for A/c XX2867. Please visit ur nearest BOB branch by 24-01-26 to avoid restrictions.,Bank,Bank_12
DTDC: Shipment OD5742662229 reached your city hub. Expected delivery: 01 Jul.,Delivery,Delivery_4
Last day! Flipkart clearance sale ends tonight. Up to 80% off sitewide.,Promo,Promo_8
Low balance alert: A/c XX9303 balance is Rs.152828. Maintain min balance to avoid charges.,Bank,Bank_10
403208 - use this to sign in. Never share this code with anyone.,OTP,Hard_7
EMI of Rs.85077 due on 27-03-26 for loan A/c XX4570 Pay now to avoid charges -Kotak,Bank,Bank_4
Delivery attempt failed for order OD7185627503. We will retry tomorrow. -Delhivery,Delivery,Delivery_5
391621 - use this code to sign in to Swiggy. Never share it with anyone.,OTP,OTP_7
Your order OD1846939788 from Zomato is arriving tomorrow Keep Rs.1394 ready for COD,Delivery,Delivery_3
  Your account statement for August is available. Download from the SBI app.,Bank,Bank_16
IRCTC: Special trains added for festive season. Book early & save up to 30%.,Promo,Promo_17
Use 332267 to complete your GPay registration. Valid till 5 mins. STOP to opt out,OTP,OTP_4
Ur one time password is 459236 for PhonePe. Please do not share it.,OTP,OTP_5
Out for delivery: Your Meesho package OD7835018576 will arrive today by 3 PM. -BlueDart,Delivery,Delivery_1
Confirmation  code 225343 for Amazon. Keep it private.,OTP,OTP_11
Ur HDFC Bank code: 880196,OTP,OTP_8
Auto-pay of Rs.49673 to Abeer is scheduled on 03-02-26 from A/c XX6865 Ensure sufficient balance,Bank,Bank_13
Low balance alert: A/c XX6600 balance is INR 464173. Maintain min balance to avoid charges.,Bank,Bank_10
OTP: 701873 for txn of Rs.13522 at Swiggy. Do not share. -BOB,OTP,OTP_2
Beware of fraud calls asking for card details Kotak officials never ask for PIN or CVV,Bank,Bank_15
salary of rs.62563 credited to a/c xx8693. avl bal: rs.59072. -pnb,Bank,Bank_7
Your credit card XX6287 statement is ready. Total due: Rs.21800. Min due: Rs.4651. -PNB,Bank,Bank_5
"Your PNB health insurance renewal is due 03 Jul. Renew online, save 20% on premium.",Promo,Promo_24
  Your Vi pack expires tomorrow. Recharge with Rs.873 for 2GB/day + unlimited calls.,Promo,Promo_10
Your credit card XX5166 statement is ready Total due: Rs.20620 Min due: Rs.3742 -PNB,Bank,Bank_5
FLAT RS.553 CASHBACK ON YOUR NEXT ORDER AT FLIPKART. USE CODE SAVE65. VALID TILL 05 JUL.,Promo,Promo_2
Rs.86957 credited to A/c XX2950 on 28-04-26. Avl Bal: Rs.419267. -SBI,Bank,Bank_1
EMI of Rs.47600 due on 29-04-26 for loan A/c XX2066. Pay now to avoid charges. -Axis Bank,Bank,Bank_4
loved your recent zomato order? reorder in 1 tap and get 50% off today.,Promo,Promo_22
OTP for delivery of order OD6868546067 is 7194. Share only with the delivery agent. -XpressBees,Delivery,Delivery_9
IRCTC: Special trains added for festive season. Book early & save up to 20%.,Promo,Promo_17
Low  balance alert: A/c XX2807 balance is Rs.363748. Maintain min balance to avoid charges.,Bank,Bank_10
Auto-pay of Rs.55749 to Saumya is scheduled on 24-04-26 from A/c XX7464. Ensure sufficient balance.,Bank,Bank_13
g-718940 is your google verification code.,OTP,OTP_12
You have 317 reward points expiring on 04 Jul. Redeem on BigBasket.,Promo,Promo_20
  Confirmation code 897547 for Uber. Keep it private.,OTP,OTP_11
OTP:  172580 for txn of Rs.9976 at Zomato. Do not share. -BOB,OTP,OTP_2
Oscar  from Delhivery is arriving with your package. Contact: 08542315068,Delivery,Delivery_6
"Ur HDFC Bank health insurance renewal is due 03 Jul. Renew online, save 40% on premium.",Promo,Promo_24
Swiggy: Your cart misses you! Complete purchase now & get 80% off. bit.ly/smrBuT,Promo,Promo_4
250075 is ur Netflix security code. Anyone asking for it is a scammer.,OTP,OTP_9
Confirmation code 394407 for Amazon Keep it private,OTP,OTP_11
your amazon order od4338354403 has been shipped via dtdc. track: bit.ly/evabsa,Delivery,Delivery_0
upi payment of rs.9111 to veer successful. upi ref: 537456829440. -icici bank,Bank,Bank_6
Missed our shows? Come back to Hotstar at 50% off for 3 months. Resubscribe: bit.ly/GaySQr STOP to opt out,Promo,Promo_19
Ekart:  Shipment OD8016189558 reached your city hub. Expected delivery: 04 Jul.,Delivery,Delivery_4
Work from home! Earn Rs.1914774/month Join: bitly/GMorPH,Spam,Hard_14
Swiggy: Free delivery all weekend! Order your favourites now. -TM,Promo,Promo_13
Use 443083 to complete your Zomato registration. Valid till 5 mins.,OTP,OTP_4
Your Hotstar plan renews on 01 Jul at Rs.605. Upgrade to 4K for Rs.729/month. -TM,Promo,Promo_18
Rs.5217 credited to A/c XX9023 on 12-06-26. Avl Bal: Rs.159345. -SBI,Bank,Bank_1
Zomato Big Billion Days! Up to 30% off + extra 10% with Axis Bank cards. Hurry!,Promo,Promo_1
Last day! BigBasket clearance sale ends tonight. Up to 50% off sitewide. -TM,Promo,Promo_8
EMI  of Rs.57450 due on 19-06-26 for loan A/c XX4822. Pay now to avoid charges. -SBI,Bank,Bank_4
Coupon 8346 gives you free delivery on orders above Rs.3870. -Amazon,Promo,Hard_1
IRCTC:  Special trains added for festive season. Book early & save up to 60%.,Promo,Promo_17
Use 37018 to complete your Paytm registration. Valid till 30 mins.,OTP,OTP_4
Salary of Rs.99289 credited to A/c XX9090. Avl Bal: Rs.211701. -ICICI Bank,Bank,Bank_7
65268 - use this code to sign in to Zomato. Never share it with anyone.,OTP,OTP_7
Last day! Swiggy clearance sale ends tonight. Up to 80% off sitewide.,Promo,Promo_8
"Hey, my new number is +916652489769. Save it! Meet at noon?",Personal,Hard_4
Swiggy: Free delivery all weekend! Order your favourites now.,Promo,Promo_13
"Hey,  my new number is 08658953518. Save it! Meet at 6pm?",Personal,Hard_4
your amazon order od8197315439 has been shipped via bluedart. track: bit.ly/przdrd,Delivery,Delivery_0
Swiggy Big Billion Days! Up to 10% off + extra 10% with Kotak cards. Hurry!,Promo,Promo_1
UPI payment of Rs.36253 to Arin successful. UPI Ref: 547482242524. -Axis Bank,Bank,Bank_6
<#> 762439 is your irctc code. valid 5 min. ha8sk2lqp3,OTP,OTP_13
Your Hotstar plan renews on 06 Jul at Rs.1601. Upgrade to 4K for Rs.393/month. T&C apply,Promo,Promo_18
Last day! Zomato clearance sale ends tonight. Up to 70% off sitewide.,Promo,Promo_8
Recharge  with Rs.801 & get 10% extra talktime. Offer valid today only!,Promo,Promo_5
Saanvi from Ekart is arriving with your package. Contact: +910706039822,Delivery,Delivery_6
Out for delivery: Your Swiggy package OD3783276766 will arrive today by 9 PM. -DTDC,Delivery,Delivery_1
OTP-based login was enabled for ur A/c XX6724. Call Kotak if this wasn't you.,Bank,Hard_2
your prime video plan renews on 05 jul at rs.1873. upgrade to 4k for rs.343/month.,Promo,Promo_18
Auto-pay of INR 97503 to Eesha is scheduled on 23-04-26 from A/c XX5933. Ensure sufficient balance.,Bank,Bank_13
932484 is your verification code for BOB. Never share your OTP.,OTP,OTP_3
OTP for delivery of order OD6405046178 is 8097. Share only with the delivery agent. -DTDC,Delivery,Delivery_9
Pre-approved! Get a HDFC Bank credit card with INR 421431 limit. Zero joining fee. Apply: bit.ly/BuhRca,Promo,Promo_14
Low balance alert: A/c XX5534 balance is Rs.275745. Maintain min balance to avoid charges.,Bank,Bank_10
Hungry? Get 10% off up to Rs.911 on your next 3 orders. Code: EAT75. -Zomato -TM,Promo,Promo_12
769887 - use this to sign in. Never share this code with anyone.,OTP,Hard_7
"your bob health insurance renewal is due 03 jul. renew online, save 30% on premium.",Promo,Promo_24
Pay Rs.3507 on delivery for order OD223200667. -Ekart,Delivery,Hard_10
ALERT: Rs.98119 withdrawn from ATM using card XX1189 on 18-04-26. Bal: Rs.246532. -Axis Bank STOP to opt out,Bank,Bank_3
660370 - use this to sign in. Never share this code with anyone.,OTP,Hard_7
  Order OD3608839957 packed and ready! Expected dispatch by 03 Jul. -Myntra,Delivery,Delivery_8
Recharge with Rs.1631 & get 70% extra talktime. Offer valid today only!,Promo,Promo_5
  Your order OD4722798638 from BigBasket is arriving tomorrow. Keep Rs.691 ready for COD.,Delivery,Delivery_3
Flight fares dropped! DEL-CCU from Rs.1910. Book on ixigo before midnight.,Promo,Promo_16
Flat Rs.897 cashback on your next order at Flipkart. Use code SAVE22. Valid till 03 Jul.,Promo,Promo_2
Your A/c XX3338 is debited with Rs.89188 on 10-03-26. Info: UPI-Yashasvi. Bal: Rs.467964,Bank,Bank_2
your flipkart order od5477226425 has been shipped via bluedart. track: bit.ly/acesbw,Delivery,Delivery_0
Harish  from Delhivery is arriving with your package. Contact: 4611559045,Delivery,Delivery_6
Your FD of Rs.70028 matures on 04-01-26. Renew or withdraw via netbanking. -SBI -TM,Bank,Bank_14
IRCTC: Special trains added for festive season. Book early & save up to 10%.,Promo,Promo_17
143766 is your OTP for ICICI Bank login. Valid for 15 minutes. Do not share with anyone.,OTP,OTP_0
Beware of fraud calls asking for card details. HDFC Bank officials never ask for PIN or CVV.,Bank,Bank_15
Rs.39428 debited from A/c XX8893 on 09-02-26 to Hemal Avl Bal: Rs.323939 -Axis Bank,Bank,Bank_0
Pay Rs.4471 on delivery for order OD405284776. -BlueDart,Delivery,Hard_10
OTP: 520088 for txn of Rs.9318 at Hotstar. Do not share. -ICICI Bank STOP to opt out,OTP,OTP_2
Your  Uber code: 9614,OTP,Hard_8
ALERT: Rs.22021 withdrawn from ATM using card XX7466 on 03-06-26. Bal: Rs.322518. -Kotak,Bank,Bank_3
pre-approved! get a pnb credit card with rs.271820 limit. zero joining fee. apply: bit.ly/wmtouf,Promo,Promo_14
RS.31557 DEBITED FROM A/C XX6486 ON 28-05-26 TO BALJIWAN. AVL BAL: RS.366498. -HDFC BANK,Bank,Bank_0
831015 is your OTP for SBI login. Valid for 2 minutes. Do not share with anyone.,OTP,OTP_0
delivered! your zomato order od4357197131 was delivered on 03 jul. rate your experience: bit.ly/hgnsrr,Delivery,Delivery_2
amazon big billion days! up to 50% off + extra 10% with pnb cards. hurry!,Promo,Promo_1
Tap to verify: 182365. This code expires shortly.,OTP,Hard_9
zomato: free delivery all weekend! order your favourites now.,Promo,Promo_13
Coupon 5290 gives you free delivery on orders above Rs.4810. -Meesho,Promo,Hard_1
  IRCTC: Special trains added for festive season. Book early & save up to 50%.,Promo,Promo_17
Rs.659 cashback credited to your Amazon Pay wallet. Use on your next order.,Promo,Promo_21
Your SIM will be deactivated in 24hrs. Verify Aadhaar: bit.ly/vgxIBe,Spam,Hard_13
Flipkart: Your cart misses you! Complete purchase now & get 30% off. bit.ly/dKdaAh,Promo,Promo_4
Meesho: Your cart misses you! Complete purchase now & get 70% off. bit.ly/CevqwN,Promo,Promo_4
Cheque no. 348714380793 for Rs.1015 has been cleared from A/c XX5257. -SBI,Bank,Bank_8
upi payment of rs.12787 to eesha successful. upi ref: 377996774852. -kotak,Bank,Bank_6
Order OD8608662457 packed and ready! Expected dispatch by 06 Jul. -BigBasket T&C apply,Delivery,Delivery_8
Rs.50426  credited to A/c XX3327 on 08-01-26. Avl Bal: Rs.468556. -HDFC Bank,Bank,Bank_1
Your A/c XX6849 is debited with Rs.55281 on 08-02-26. Info: UPI-Garima. Bal: Rs.439789,Bank,Bank_2
Flight fares dropped! DEL-MAA from Rs.109. Book on Goibibo before midnight.,Promo,Promo_16
KYC update pending for A/c XX5329. Please visit your nearest HDFC Bank branch by 20-04-26 to avoid restrictions.,Bank,Bank_12
ALERT: INR 73387 withdrawn from ATM using card XX9532 on 08-06-26. Bal: INR 373601. -SBI,Bank,Bank_3
Delivery attempt failed for order OD9836278882. We will retry tomorrow. -Ekart,Delivery,Delivery_5
Use 648007 to complete your Zomato registration. Valid till 10 mins.,OTP,OTP_4
Flat Rs.1404 cashback on your next order at Zomato. Use code SAVE85. Valid till 02 Jul. -TM,Promo,Promo_2
Ur Airtel pack expires tomorrow. Recharge with Rs.1058 for 1GB/day + unlimited calls.,Promo,Promo_10
  <#> 158759 is your SBI code. Valid 15 min. hA8sk2Lqp3,OTP,OTP_13
Your OTP is 328777. Use it to verify your HDFC Bank account. Expires in 2 min.,OTP,OTP_1
DTDC: Shipment OD9170530140 reached ur city hub. Expected delivery: 04 Jul.,Delivery,Delivery_4
990298 is your verification code for Uber Never share your OTP,OTP,OTP_3
Confirmation code 664278 for Swiggy. Keep it private.,OTP,OTP_11
DATA EXHAUSTED? GET 1GB EXTRA WITH RS.154 BOOSTER PACK. DIAL *121# OR VISIT APP.,Promo,Promo_11
299475  is your verification code for ICICI Bank. Never share your OTP.,OTP,OTP_3
Your SonyLIV plan renews on 06 Jul at INR 51. Upgrade to 4K for INR 947/month.,Promo,Promo_18
Cheque  no. 390057985949 for Rs.60593 has been cleared from A/c XX6232. -Kotak,Bank,Bank_8
swiggy: free delivery all weekend! order your favourites now.,Promo,Promo_13
<#>  585139 is your BOB code. Valid 5 min. hA8sk2Lqp3,OTP,OTP_13
ALERT: INR 72529 withdrawn from ATM using card XX8481 on 10-01-26. Bal: INR 70701. -Axis Bank,Bank,Bank_3
Tap to verify: 844179. This code expires shortly.,OTP,Hard_9
Congratulations! You won INR 982794 in lucky draw. Claim: bit.ly/reKLec,Spam,Hard_12
  Zomato Big Billion Days! Up to 80% off + extra 10% with BOB cards. Hurry!,Promo,Promo_1
rs.46910 debited from a/c xx8091 on 27-05-26 to jacob. avl bal: rs.180623. -hdfc bank,Bank,Bank_0
delivery attempt failed for order od7319664471. we will retry tomorrow. -bluedart,Delivery,Delivery_5
"  Bro send me Rs.943 on gpay, will return by 03 Jul",Personal,Hard_5
Missed our shows? Come back to Prime Video at 50% off for 3 months. Resubscribe: bit.ly/ILfrCc,Promo,Promo_19
UPI payment of Rs.25861 to Dayita successful. UPI Ref: 285073100997. -SBI,Bank,Bank_6
Exclusive for you! Buy 1 Get 1 FREE at Zomato. Limited period offer. Visit bit.ly/YAaIdj,Promo,Promo_3
246693 - USE THIS CODE TO SIGN IN TO HDFC BANK. NEVER SHARE IT WITH ANYONE.,OTP,OTP_7
515269 IS YOUR GPAY SECURITY CODE. ANYONE ASKING FOR IT IS A SCAMMER.,OTP,OTP_9
Out for delivery: Your Zomato package OD8629963096 will arrive today by 6 PM. -XpressBees,Delivery,Delivery_1
  Your BigBasket code: 822219,OTP,OTP_8
Last day! Zomato clearance sale ends tonight. Up to 10% off sitewide.,Promo,Promo_8
Your SIM will be deactivated in 24hrs. Verify Aadhaar: bit.ly/hVYHKA,Spam,Hard_13
Enter 574266 to verify your mobile number for SBI,OTP,OTP_10
delivered! your zomato order od9287745768 was delivered on 03 jul. rate your experience: bit.ly/vyisal,Delivery,Delivery_2
pay rs.4332 on delivery for order od793541969. -xpressbees,Delivery,Hard_10
Rs.322 cashback credited to your PhonePe wallet. Use on your next order.,Promo,Promo_21
  Your FD of Rs.98682 matures on 31-03-26. Renew or withdraw via netbanking. -SBI,Bank,Bank_14
YOUR ORDER OD5274442098 FROM MEESHO IS ARRIVING TOMORROW. KEEP RS.327 READY FOR COD.,Delivery,Delivery_3
  Items in your order history are back in stock at Myntra. Prices start Rs.1089.,Promo,Promo_23
Low balance alert: A/c XX3803 balance is INR 226047. Maintain min balance to avoid charges.,Bank,Bank_10
"Never  share your OTP, PIN or CVV. ICICI Bank never asks for these. Stay safe.",Bank,Hard_3
Your FD of Rs.95346 matures on 10-01-26. Renew or withdraw via netbanking. -BOB,Bank,Bank_14
Your OTP is 493124. Use it to verify your SBI account. Expires in 5 min.,OTP,OTP_1
Beware of fraud calls asking for card details. Kotak officials never ask for PIN or CVV.,Bank,Bank_15
RS.211 CASHBACK CREDITED TO YOUR AMAZON PAY WALLET. USE ON YOUR NEXT ORDER.,Promo,Promo_21
Your FD of INR 32957 matures on 17-05-26. Renew or withdraw via netbanking. -ICICI Bank,Bank,Bank_14
XpressBees: Shipment OD8550191324 reached your city hub. Expected delivery: 03 Jul.,Delivery,Delivery_4
Confirmation code 52333 for Flipkart. Keep it private.,OTP,OTP_11
Rs.78676 debited from A/c XX9297 on 16-04-26 to Anika. Avl Bal: Rs.294386. -ICICI Bank,Bank,Bank_0
Delivery attempt failed for order OD3783327199. We will retry tomorrow. -BlueDart,Delivery,Delivery_5
Interest of Rs.33010 credited to your FD A/c XX6169. -BOB,Bank,Bank_9
XpressBees: Shipment OD5620297813 reached your city hub. Expected delivery: 06 Jul. T&C apply,Delivery,Delivery_4
Order OD9384345217 packed and ready! Expected dispatch by 05 Jul. -Meesho,Delivery,Delivery_8
Low balance alert: A/c XX2879 balance is Rs.366567 Maintain min balance to avoid charges,Bank,Bank_10
493323  is your OTP for Netflix login. Valid for 10 minutes. Do not share with anyone.,OTP,OTP_0
Your Axis Bank debit card XX8905 has been blocked due to suspicious activity. Visit branch or call 1800-XXX to unblock.,Bank,Bank_11
data exhausted? get 1.5gb extra with rs.1756 booster pack. dial *121# or visit app.,Promo,Promo_11
Myntra Big Billion Days! Up to 60% off + extra 10% with Axis Bank cards. Hurry!,Promo,Promo_1
Enter 82068 to verify your mobile number for Myntra.,OTP,OTP_10
331704 - use this to sign in. Never share this code with anyone.,OTP,Hard_7
Recharge with INR 209 & get 20% extra talktime. Offer valid today only!,Promo,Promo_5
  Tap to verify: 332464. This code expires shortly.,OTP,Hard_9
IRCTC:  Special trains added for festive season. Book early & save up to 50%.,Promo,Promo_17
  Convert your SBI card purchase of Rs.1020 into easy EMIs at 0% interest. Reply YES.,Promo,Promo_15
541884  - use this code to sign in to Amazon. Never share it with anyone.,OTP,OTP_7
Flat  Rs.370 cashback on your next order at Amazon. Use code SAVE88. Valid till 06 Jul.,Promo,Promo_2
EMI of Rs.88666 due on 20-02-26 for loan A/c XX8179. Pay now to avoid charges. -HDFC Bank,Bank,Bank_4
Ur ICICI Bank code: 401903,OTP,OTP_8
Congratulations! You won Rs.994204 in lucky draw Claim: bitly/XOqFOq,Spam,Hard_12
Out for delivery: Your Flipkart package OD4201519407 will arrive today by 9 PM. -DTDC T&C apply,Delivery,Delivery_1
83981 is your Ola security code. Anyone asking for it is a scammer.,OTP,OTP_9
delivered! your flipkart order od5849821445 was delivered on 01 jul. rate your experience: bit.ly/hefbpe,Delivery,Delivery_2
Swiggy: 724448 is your login OTP. It expires in 5 minutes.,OTP,OTP_6
  Interest of Rs.60796 credited to your FD A/c XX2395. -Axis Bank,Bank,Bank_9
OTP for delivery of order OD3869650135 is 9551. Share only with the delivery agent. -XpressBees,Delivery,Delivery_9
Last  day! BigBasket clearance sale ends tonight. Up to 20% off sitewide.,Promo,Promo_8
  G-564697 is your Google verification code.,OTP,OTP_12
Your order OD9093045841 from Swiggy is arriving tomorrow. Keep Rs.365 ready for COD.,Delivery,Delivery_3
Delivery attempt failed for order OD6864400625 We will retry tomorrow -DTDC,Delivery,Delivery_5
your myntra order od7329165356 has been shipped via delhivery. track: bit.ly/bwwgue,Delivery,Delivery_0
Interest of Rs.23658 credited to your FD A/c XX3053. -Kotak,Bank,Bank_9
You have 1800 reward points expiring on 05 Jul. Redeem on Flipkart.,Promo,Promo_20
IRCTC: Special trains added for festive season Book early & save up to 10%,Promo,Promo_17
"Bro  send me Rs.4949 on gpay, will return by 04 Jul",Personal,Hard_5
Your one time password is 443476 for Flipkart. Please do not share it.,OTP,OTP_5
G-566368 is your Google verification code. STOP to opt out,OTP,OTP_12
Loved your recent Amazon order? Reorder in 1 tap and get 30% off today.,Promo,Promo_22
UPI payment of Rs.87671 to Osha successful. UPI Ref: 802322641690. -Kotak,Bank,Bank_6
Data exhausted? Get 3GB extra with Rs.1951 booster pack. Dial *121# or visit app.,Promo,Promo_11
delivered! your amazon order od5191670974 was delivered on 03 jul. rate your experience: bit.ly/rcwpuw,Delivery,Delivery_2
Hungry? Get 20% off up to Rs.1708 on ur next 3 orders. Code: EAT86. -Zomato,Promo,Promo_12
G-411278 is your Google verification code.,OTP,OTP_12
Delhivery: Shipment OD1039544113 reached ur city hub. Expected delivery: 02 Jul.,Delivery,Delivery_4
Ur A/c XX7599 is debited with Rs.47636 on 10-05-26. Info: UPI-Tanay. Bal: Rs.315171,Bank,Bank_2
Cheque no. 644876385779 for Rs.62959 has been cleared from A/c XX5337. -HDFC Bank,Bank,Bank_8
Delivery  attempt failed for order OD5031921724. We will retry tomorrow. -Delhivery,Delivery,Delivery_5
204653 is your otp for pnb login. valid for 15 minutes. do not share with anyone.,OTP,OTP_0
Recharge with Rs.1794 & get 30% extra talktime. Offer valid today only!,Promo,Promo_5
yasti from delhivery is arriving with your package. contact: 5218219552,Delivery,Delivery_6
Last day! Swiggy clearance sale ends tonight. Up to 60% off sitewide.,Promo,Promo_8
<#> 867680 is your SBI code. Valid 2 min. hA8sk2Lqp3,OTP,OTP_13
MEGA SALE! Get 30% OFF on all products at Flipkart. Shop now: bit.ly/mRROWG T&C apply.,Promo,Promo_0
Last day! Flipkart clearance sale ends tonight. Up to 60% off sitewide.,Promo,Promo_8
Last day! Myntra clearance sale ends tonight. Up to 40% off sitewide.,Promo,Promo_8
Your OTP is 33368. Use it to verify your SBI account. Expires in 10 min.,OTP,OTP_1
MEGA SALE! Get 40% OFF on all products at Meesho Shop now: bitly/zIrAye T&C apply,Promo,Promo_0
Congratulations! You won Rs.1237028 in lucky draw. Claim: bit.ly/kkNvIm,Spam,Hard_12
COUPON 3845 GIVES YOU FREE DELIVERY ON ORDERS ABOVE RS.2676. -BIGBASKET,Promo,Hard_1
Your Jio pack expires tomorrow. Recharge with Rs.1913 for 1.5GB/day + unlimited calls.,Promo,Promo_10
Your order OD3181991540 from Flipkart is arriving tomorrow. Keep INR 1141 ready for COD.,Delivery,Delivery_3
406364 is your OTP for PhonePe login. Valid for 5 minutes. Do not share with anyone.,OTP,OTP_0
Beware of fraud calls asking for card details. SBI officials never ask for PIN or CVV.,Bank,Bank_15
G-443868 is your Google verification code,OTP,OTP_12
OTP for delivery of order OD1420178073 is 5274. Share only with the delivery agent. -Delhivery,Delivery,Delivery_9
Delivered! Your Amazon order OD1010878112 was delivered on 05 Jul. Rate your experience: bit.ly/CEjapL,Delivery,Delivery_2
Your OTP is 984195. Use it to verify your IRCTC account. Expires in 15 min.,OTP,OTP_1
interest of rs.93150 credited to your fd a/c xx1702. -hdfc bank,Bank,Bank_9
"Hey, my new number is +916257205190. Save it! Meet at 6pm?",Personal,Hard_4
Your Kotak debit card XX8198 has been blocked due to suspicious activity. Visit branch or call 1800-XXX to unblock.,Bank,Bank_11
Delivery attempt failed for order OD2318334099. We will retry tomorrow. -DTDC,Delivery,Delivery_5
Your account statement for August is available. Download from the Axis Bank app.,Bank,Bank_16
Your SIM will be deactivated in 24hrs. Verify Aadhaar: bit.ly/FZdsAe,Spam,Hard_13
Low balance alert: A/c XX3858 balance is Rs.348761. Maintain min balance to avoid charges. T&C apply,Bank,Bank_10
"Your  SBI health insurance renewal is due 04 Jul. Renew online, save 20% on premium.",Promo,Promo_24
  Use 842175 to complete your Amazon registration. Valid till 10 mins.,OTP,OTP_4
Harsh from DTDC is arriving with ur package. Contact: 03697924060,Delivery,Delivery_6
Flight  fares dropped! BLR-PNQ from Rs.133. Book on MakeMyTrip before midnight.,Promo,Promo_16
Your OTP is 292532. Use it to verify your GPay account. Expires in 15 min.,OTP,OTP_1
"Never share your OTP, PIN or CVV HDFC Bank never asks for these Stay safe",Bank,Hard_3
39904 is ur OTP for Flipkart login. Valid for 5 minutes. Do not share with anyone.,OTP,OTP_0
Convert your Kotak card purchase of Rs.1060 into easy EMIs at 0% interest. Reply YES.,Promo,Promo_15
"Bro send me INR 4078 on gpay, will return by 01 Jul",Personal,Hard_5
Your Prime Video plan renews on 05 Jul at Rs.853 Upgrade to 4K for Rs.703/month,Promo,Promo_18
Low balance alert: A/c XX1265 balance is Rs.495944. Maintain min balance to avoid charges.,Bank,Bank_10
  ALERT: Rs.25605 withdrawn from ATM using card XX5641 on 01-05-26. Bal: Rs.172577. -Axis Bank,Bank,Bank_3
flight fares dropped! bom-maa from rs.890. book on ixigo before midnight.,Promo,Promo_16
Missed our shows? Come back to Hotstar at 50% off for 3 months. Resubscribe: bit.ly/wLlnvH,Promo,Promo_19
You have 628 reward points expiring on 01 Jul Redeem on Flipkart,Promo,Promo_20
MEGA  SALE! Get 10% OFF on all products at Zomato. Shop now: bit.ly/XmoiJX T&C apply.,Promo,Promo_0
Hotstar: 521551 is your login OTP. It expires in 10 minutes.,OTP,OTP_6
"Hey, my new number is +911547480249. Save it! Meet at 6pm?",Personal,Hard_4
Your PNB debit card XX2136 has been blocked due to suspicious activity Visit branch or call 1800-XXX to unblock,Bank,Bank_11
ALERT: Rs.89049 withdrawn from ATM using card XX4547 on 25-01-26. Bal: Rs.44346. -SBI,Bank,Bank_3
BlueDart: Shipment OD5470404491 reached your city hub. Expected delivery: 04 Jul.,Delivery,Delivery_4
Rs.49086  debited from A/c XX4773 on 14-06-26 to Indali. Avl Bal: Rs.364042. -HDFC Bank,Bank,Bank_0
Missed our shows? Come back to Hotstar at 50% off for 3 months. Resubscribe: bit.ly/tpHNcR,Promo,Promo_19
Hungry? Get 80% off up to Rs.225 on ur next 3 orders. Code: EAT23. -Zomato,Promo,Promo_12
"Bro send me Rs.3674 on gpay, will return by 02 Jul",Personal,Hard_5
Your account statement for July is available. Download from the SBI app.,Bank,Bank_16
Your  account statement for August is available. Download from the Kotak app.,Bank,Bank_16
Rs.64222 debited from A/c XX5944 on 21-01-26 to Amara. Avl Bal: Rs.162503. -BOB,Bank,Bank_0
Enter 282672 to verify your mobile number for Amazon.,OTP,OTP_10
"Bro send me Rs.4701 on gpay, will return by 02 Jul",Personal,Hard_5
Beware of fraud calls asking for card details. Axis Bank officials never ask for PIN or CVV.,Bank,Bank_15
556867 - use this to sign in. never share this code with anyone.,OTP,Hard_7
  Your OTP is 702686. Use it to verify your Paytm account. Expires in 10 min.,OTP,OTP_1
Delivered! Your Zomato order OD1576224548 was delivered on 02 Jul. Rate your experience: bit.ly/MpHMod,Delivery,Delivery_2
684837 IS YOUR OTP FOR UBER LOGIN. VALID FOR 15 MINUTES. DO NOT SHARE WITH ANYONE.,OTP,OTP_0
your order od1680143533 from meesho is arriving tomorrow. keep rs.1449 ready for cod.,Delivery,Delivery_3
your amazon membership expires soon. renew now & save 60%: bit.ly/xubncf,Promo,Promo_9
107746 - use this code to sign in to Swiggy. Never share it with anyone.,OTP,OTP_7
  Delivered! Your Zomato order OD5426619202 was delivered on 06 Jul. Rate your experience: bit.ly/jnqOyo,Delivery,Delivery_2
Missed our shows? Come back to Prime Video at 50% off for 3 months. Resubscribe: bit.ly/gtdoIx STOP to opt out,Promo,Promo_19
Convert ur HDFC Bank card purchase of Rs.1240 into easy EMIs at 0% interest. Reply YES.,Promo,Promo_15
Enter 826251 to verify your mobile number for Swiggy.,OTP,OTP_10
Salary of Rs.40218 credited to A/c XX8640. Avl Bal: Rs.275489. -Axis Bank,Bank,Bank_7
beware of fraud calls asking for card details. kotak officials never ask for pin or cvv.,Bank,Bank_15
HUNGRY? GET 60% OFF UP TO RS.1668 ON YOUR NEXT 3 ORDERS. CODE: EAT38. -SWIGGY,Promo,Promo_12
FLIGHT FARES DROPPED! DEL-PNQ FROM RS.1443. BOOK ON IXIGO BEFORE MIDNIGHT.,Promo,Promo_16
your sonyliv plan renews on 02 jul at rs.1099. upgrade to 4k for rs.763/month.,Promo,Promo_18
Salary of Rs.44078 credited to A/c XX6167. Avl Bal: Rs.490817. -Axis Bank,Bank,Bank_7
  Your Uber code: 7234,OTP,Hard_8
  Your FD of Rs.17639 matures on 14-02-26. Renew or withdraw via netbanking. -HDFC Bank,Bank,Bank_14
YOU HAVE 2483 REWARD POINTS EXPIRING ON 03 JUL. REDEEM ON MEESHO.,Promo,Promo_20
interest of rs.83551 credited to your fd a/c xx5032. -bob,Bank,Bank_9
Delivered! Your Swiggy order OD4844229838 was delivered on 02 Jul. Rate your experience: bit.ly/kETxUe,Delivery,Delivery_2
kyc update pending for a/c xx5546. please visit your nearest axis bank branch by 25-06-26 to avoid restrictions.,Bank,Bank_12
Dear customer ur SBI account will be blocked! Update KYC now: bitly/sjjGYm,Spam,Hard_11
Loved your recent Amazon order? Reorder in 1 tap and get 80% off today.,Promo,Promo_22
YOUR ACCOUNT STATEMENT FOR JULY IS AVAILABLE. DOWNLOAD FROM THE ICICI BANK APP.,Bank,Bank_16
Recharge with Rs.1779 & get 10% extra talktime. Offer valid today only!,Promo,Promo_5
your credit card xx5935 statement is ready. total due: rs.70070. min due: rs.4966. -axis bank,Bank,Bank_5
Pre-approved! Get a Axis Bank credit card with INR 241601 limit. Zero joining fee. Apply: bit.ly/FQfOoM,Promo,Promo_14
664631 is your OTP for Uber login. Valid for 10 minutes. Do not share with anyone.,OTP,OTP_0
Your return pickup for order OD1459437094 is scheduled on 06 Jul. Keep the item ready. -Myntra,Delivery,Delivery_7
Salary of Rs.40813 credited to A/c XX1335. Avl Bal: Rs.277417. -Axis Bank T&C apply,Bank,Bank_7
"  Bro send me Rs.3722 on gpay, will return by 04 Jul",Personal,Hard_5
Auto-pay of Rs.28758 to Charita is scheduled on 03-01-26 from A/c XX5551. Ensure sufficient balance.,Bank,Bank_13
Zayyan  from XpressBees is arriving with your package. Contact: 5183456257,Delivery,Delivery_6
Flight fares dropped! DEL-LKO from Rs.1095 Book on MakeMyTrip before midnight,Promo,Promo_16
  Coupon 9891 gives you free delivery on orders above Rs.3503. -Swiggy,Promo,Hard_1
  Januja from Ekart is arriving with your package. Contact: +917003106086,Delivery,Delivery_6
AUTO-PAY OF RS.62478 TO AMOL IS SCHEDULED ON 17-06-26 FROM A/C XX1366. ENSURE SUFFICIENT BALANCE.,Bank,Bank_13
  Your Axis Bank debit card XX6251 has been blocked due to suspicious activity. Visit branch or call 1800-XXX to unblock.,Bank,Bank_11
EXCLUSIVE FOR YOU! BUY 1 GET 1 FREE AT MEESHO. LIMITED PERIOD OFFER. VISIT BIT.LY/FBUBUQ,Promo,Promo_3
pre-approved! get a hdfc bank credit card with rs.219431 limit. zero joining fee. apply: bit.ly/zlmazn,Promo,Promo_14
"Class shifted to room 9936, come fast",Personal,Hard_6
XpressBees: Shipment OD1870656524 reached your city hub. Expected delivery: 02 Jul.,Delivery,Delivery_4
HDFC Bank: 448150 is your login OTP. It expires in 5 minutes.,OTP,OTP_6
Your Meesho order OD1678952224 has been shipped via XpressBees. Track: bit.ly/idsZPK,Delivery,Delivery_0
Your FD of INR 99564 matures on 03-05-26. Renew or withdraw via netbanking. -Kotak,Bank,Bank_14
Your Kotak debit card XX4644 has been blocked due to suspicious activity. Visit branch or call 1800-XXX to unblock.,Bank,Bank_11
"Hey, my new number is 7182021205. Save it! Meet at 6pm?",Personal,Hard_4
Your Hotstar code: 862355,OTP,OTP_8
Last day! BigBasket clearance sale ends tonight. Up to 30% off sitewide.,Promo,Promo_8
Order OD5145084927 packed and ready! Expected dispatch by 05 Jul. -Flipkart,Delivery,Delivery_8
"  Class shifted to room 5120, come fast",Personal,Hard_6
Congratulations! You won Rs.2132686 in lucky draw. Claim: bit.ly/rOiMdy,Spam,Hard_12
Your credit card XX4581 statement is ready. Total due: Rs.37545. Min due: Rs.3899. -SBI STOP to opt out,Bank,Bank_5
Out for delivery: Your Amazon package OD1981303824 will arrive today by 6 PM. -DTDC,Delivery,Delivery_1
You have 3008 reward points expiring on 06 Jul. Redeem on Zomato.,Promo,Promo_20
Use 485632 to complete your Myntra registration. Valid till 5 mins.,OTP,OTP_4
Your FD of INR 96827 matures on 04-03-26. Renew or withdraw via netbanking. -HDFC Bank,Bank,Bank_14
UPI payment of Rs.97740 to Yutika successful. UPI Ref: 405535151235. -Kotak,Bank,Bank_6
Low balance alert: A/c XX8694 balance is INR 435046. Maintain min balance to avoid charges.,Bank,Bank_10
ALERT: INR 22984 withdrawn from ATM using card XX1311 on 11-02-26. Bal: INR 161484. -HDFC Bank,Bank,Bank_3
Use 661553 to complete your SBI registration. Valid till 2 mins.,OTP,OTP_4
Use 364547 to complete your IRCTC registration Valid till 15 mins,OTP,OTP_4
Order OD6601700884 packed and ready! Expected dispatch by 06 Jul. -BigBasket,Delivery,Delivery_8
Out for delivery: Your Meesho package OD5553252983 will arrive today by 12 PM. -Delhivery,Delivery,Delivery_1
Your Amazon order OD6831426459 has been shipped via BlueDart. Track: bit.ly/sTSNBs T&C apply,Delivery,Delivery_0
BlueDart: Shipment OD1276105856 reached your city hub. Expected delivery: 02 Jul. T&C apply,Delivery,Delivery_4
Beware of fraud calls asking for card details Kotak officials never ask for PIN or CVV,Bank,Bank_15
Ur PNB debit card XX5859 has been blocked due to suspicious activity. Visit branch or call 1800-XXX to unblock.,Bank,Bank_11
Meesho Big Billion Days! Up to 50% off + extra 10% with HDFC Bank cards. Hurry!,Promo,Promo_1
loved your recent swiggy order? reorder in 1 tap and get 10% off today.,Promo,Promo_22
Coupon 1022 gives you free delivery on orders above Rs.1867. -Amazon,Promo,Hard_1
Delivered! Your Zomato order OD1798045646 was delivered on 05 Jul. Rate your experience: bit.ly/HdYqmT STOP to opt out,Delivery,Delivery_2
Your A/c XX4415 is debited with Rs.76294 on 10-03-26. Info: UPI-Jasmit. Bal: Rs.14032 T&C apply,Bank,Bank_2
Salary of Rs.45404 credited to A/c XX1968. Avl Bal: Rs.39696. -BOB,Bank,Bank_7
603964 is your OTP for Paytm login. Valid for 10 minutes. Do not share with anyone.,OTP,OTP_0
your account statement for june is available. download from the axis bank app.,Bank,Bank_16
Items in your order history are back in stock at Amazon. Prices start INR 292.,Promo,Promo_23
Pre-approved! Get a HDFC Bank credit card with Rs.120900 limit. Zero joining fee. Apply: bit.ly/WghrTy,Promo,Promo_14
Enter 169276 to verify your mobile number for Axis Bank,OTP,OTP_10
Your BigBasket order OD1118591544 has been shipped via XpressBees. Track: bit.ly/ffMNnY,Delivery,Delivery_0
your order od4342892075 from zomato is arriving tomorrow. keep rs.4942 ready for cod.,Delivery,Delivery_3
Delivered! Your Flipkart order OD9223021446 was delivered on 03 Jul. Rate your experience: bit.ly/SEqINS,Delivery,Delivery_2
congratulations! you won rs.852711 in lucky draw. claim: bit.ly/ykmsos,Spam,Hard_12
Your credit card XX3595 statement is ready Total due: Rs.54656 Min due: Rs.1681 -BOB,Bank,Bank_5
Use code 3303 at checkout for 50% off at Meesho! T&C apply,Promo,Hard_0
KYC update pending for A/c XX2795. Please visit your nearest PNB branch by 09-05-26 to avoid restrictions.,Bank,Bank_12
Ur one time password is 464540 for Meesho. Please do not share it.,OTP,OTP_5
"Class shifted to room 2804, come fast T&C apply",Personal,Hard_6
Your one time password is 23090 for BOB. Please do not share it. -TM,OTP,OTP_5
Auto-pay of Rs.72165 to Agastya is scheduled on 28-01-26 from A/c XX9255. Ensure sufficient balance. -TM,Bank,Bank_13
"Hi Nidhi, unlock Rs.1568 off your first order at Myntra with code NEW55.",Promo,Promo_7
Order OD5934458188 packed and ready! Expected dispatch by 03 Jul. -Myntra,Delivery,Delivery_8
Amazon: Your cart misses you! Complete purchase now & get 50% off. bit.ly/SwEQAX T&C apply,Promo,Promo_4
Missed our shows? Come back to Netflix at 50% off for 3 months. Resubscribe: bit.ly/anNXsH,Promo,Promo_19
KYC  update pending for A/c XX3993. Please visit your nearest HDFC Bank branch by 04-04-26 to avoid restrictions.,Bank,Bank_12
RS.53049 DEBITED FROM A/C XX3691 ON 26-06-26 TO ADVIK. AVL BAL: RS.116597. -KOTAK,Bank,Bank_0
"Hi  Arjun, unlock Rs.1084 off your first order at Swiggy with code NEW91.",Promo,Promo_7
Out for delivery: Your Flipkart package OD4617021668 will arrive today by 3 PM. -Delhivery,Delivery,Delivery_1
BigBasket Big Billion Days! Up to 70% off + extra 10% with Axis Bank cards. Hurry!,Promo,Promo_1
your one time password is 195035 for swiggy. please do not share it.,OTP,OTP_5
EMI of Rs.75194 due on 31-05-26 for loan A/c XX8689. Pay now to avoid charges. -Kotak,Bank,Bank_4
G-561569 is your Google verification code.,OTP,OTP_12
Convert ur Kotak card purchase of Rs.438 into easy EMIs at 0% interest. Reply YES.,Promo,Promo_15
Beware of fraud calls asking for card details. PNB officials never ask for PIN or CVV.,Bank,Bank_15
  OTP-based login was enabled for your A/c XX9221. Call ICICI Bank if this wasn't you.,Bank,Hard_2
  Your Ola code: 523457,OTP,OTP_8
ORDER OD9246493176 PACKED AND READY! EXPECTED DISPATCH BY 04 JUL. -MEESHO,Delivery,Delivery_8
Zomato Big Billion Days! Up to 20% off + extra 10% with ICICI Bank cards. Hurry!,Promo,Promo_1
Rs.33869 credited to A/c XX4561 on 02-02-26. Avl Bal: Rs.36217. -Kotak,Bank,Bank_1
Delivery attempt failed for order OD8978998553. We will retry tomorrow. -DTDC,Delivery,Delivery_5
897086 is your verification code for SBI. Never share your OTP.,OTP,OTP_3
Pre-approved! Get a Axis Bank credit card with Rs.472353 limit. Zero joining fee. Apply: bit.ly/LnPIxp,Promo,Promo_14
Low balance alert: A/c XX3094 balance is Rs.447664 Maintain min balance to avoid charges,Bank,Bank_10
OTP: 309233 for txn of INR 40877 at Ola. Do not share. -Axis Bank,OTP,OTP_2
ARADHANA FROM XPRESSBEES IS ARRIVING WITH YOUR PACKAGE. CONTACT: 4426725238,Delivery,Delivery_6
Use code 6965 at checkout for 10% off at Amazon! T&C apply,Promo,Hard_0
Interest of Rs.94113 credited to your FD A/c XX4438. -Kotak,Bank,Bank_9
Swiggy: Free delivery all weekend! Order your favourites now.,Promo,Promo_13
Interest of Rs.79726 credited to your FD A/c XX7595. -ICICI Bank STOP to opt out,Bank,Bank_9
Enter 73271 to verify your mobile number for BigBasket.,OTP,OTP_10
  Rs.10260 credited to A/c XX5157 on 26-03-26. Avl Bal: Rs.152891. -SBI,Bank,Bank_1
Cheque no 294740431413 for Rs.2440 has been cleared from A/c XX2884 -HDFC Bank,Bank,Bank_8
use 125873 to complete your irctc registration. valid till 2 mins.,OTP,OTP_4
Swiggy: Free delivery all weekend! Order your favourites now,Promo,Promo_13
Ur A/c XX4826 is debited with Rs.63680 on 16-03-26. Info: UPI-Warjas. Bal: Rs.35943,Bank,Bank_2
Confirmation code 208189 for Swiggy. Keep it private. T&C apply,OTP,OTP_11
use 429665 to complete your myntra registration. valid till 10 mins.,OTP,OTP_4
OTP: 185304 for txn of Rs.7107 at Axis Bank. Do not share. -BOB,OTP,OTP_2
Your Amazon order OD6092305169 has been shipped via DTDC. Track: bit.ly/RyQehP,Delivery,Delivery_0
Use 571470 to complete your SBI registration Valid till 10 mins,OTP,OTP_4
Your OTP is 669221. Use it to verify your Swiggy account. Expires in 30 min.,OTP,OTP_1
Ur OTP is 581671. Use it to verify ur Flipkart account. Expires in 10 min.,OTP,OTP_1
489352 is your Amazon security code. Anyone asking for it is a scammer.,OTP,OTP_9
cheque no. 544114892424 for rs.11981 has been cleared from a/c xx3472. -hdfc bank,Bank,Bank_8
ALERT: Rs.28223 withdrawn from ATM using card XX7635 on 20-01-26. Bal: Rs.195894. -BOB,Bank,Bank_3
Missed our shows? Come back to SonyLIV at 50% off for 3 months. Resubscribe: bit.ly/OFwWgm,Promo,Promo_19
Mitali  from DTDC is arriving with your package. Contact: 00142491255,Delivery,Delivery_6
upi payment of rs.77807 to tripti successful. upi ref: 395459356991. -pnb,Bank,Bank_6
Ur account statement for August is available. Download from the HDFC Bank app.,Bank,Bank_16
OTP: 309814 FOR TXN OF RS.30456 AT MEESHO. DO NOT SHARE. -ICICI BANK,OTP,OTP_2
Your Myntra membership expires soon. Renew now & save 60%: bit.ly/JMnpWa,Promo,Promo_9
Out for delivery: Your Meesho package OD2126089214 will arrive today by 9 PM. -Ekart,Delivery,Delivery_1
Enter 38334 to verify your mobile number for Myntra,OTP,OTP_10
SALARY OF RS.82999 CREDITED TO A/C XX8222. AVL BAL: RS.175058. -AXIS BANK,Bank,Bank_7
INR 67 cashback credited to your PhonePe wallet. Use on your next order.,Promo,Promo_21
confirmation code 977251 for uber. keep it private.,OTP,OTP_11
Exclusive for you! Buy 1 Get 1 FREE at BigBasket. Limited period offer. Visit bit.ly/OTpoqz,Promo,Promo_3
  991430 - use this code to sign in to BigBasket. Never share it with anyone.,OTP,OTP_7
Last day! Amazon clearance sale ends tonight. Up to 70% off sitewide. -TM,Promo,Promo_8
Weekend special at Swiggy! Min 80% off on everything. Don't miss out: bit.ly/IUNRZm,Promo,Promo_6
IRCTC: Special trains added for festive season. Book early & save up to 20%.,Promo,Promo_17
Delivered! Your Meesho order OD2841343419 was delivered on 04 Jul. Rate your experience: bit.ly/AJEAqq,Delivery,Delivery_2
Use  347628 to complete your Myntra registration. Valid till 5 mins.,OTP,OTP_4
Missed our shows? Come back to SonyLIV at 50% off for 3 months. Resubscribe: bit.ly/NvTRVL,Promo,Promo_19
upi payment of rs.6885 to raghav successful. upi ref: 352863513961. -pnb,Bank,Bank_6
  Use code 5477 at checkout for 10% off at Amazon!,Promo,Hard_0
Use code 4696 at checkout for 50% off at Swiggy!,Promo,Hard_0
Your OTP is 491219. Use it to verify your SBI account. Expires in 2 min.,OTP,OTP_1
Your OTP is 336692. Use it to verify your IRCTC account. Expires in 10 min.,OTP,OTP_1
Your one time password is 199262 for GPay. Please do not share it.,OTP,OTP_5
Flipkart: Ur cart misses you! Complete purchase now & get 50% off. bit.ly/KSleMt,Promo,Promo_4
Your  account statement for August is available. Download from the SBI app.,Bank,Bank_16
759702 is ur OTP for ICICI Bank login. Valid for 10 minutes. Do not share with anyone.,OTP,OTP_0
Data exhausted? Get 1GB extra with Rs.138 booster pack. Dial *121# or visit app.,Promo,Promo_11
  Your return pickup for order OD1440489515 is scheduled on 05 Jul. Keep the item ready. -Swiggy,Delivery,Delivery_7
Flipkart: Your cart misses you! Complete purchase now & get 80% off. bit.ly/amEMoZ,Promo,Promo_4
Your  Swiggy order OD2060810160 has been shipped via Delhivery. Track: bit.ly/hiCsuf,Delivery,Delivery_0
Zomato Big Billion Days! Up to 60% off + extra 10% with Axis Bank cards. Hurry!,Promo,Promo_1
auto-pay of rs.5032 to mitesh is scheduled on 14-06-26 from a/c xx8457. ensure sufficient balance.,Bank,Bank_13
<#> 699693 is your Myntra code. Valid 10 min. hA8sk2Lqp3,OTP,OTP_13
Your Jio pack expires tomorrow. Recharge with Rs.538 for 3GB/day + unlimited calls.,Promo,Promo_10
Your  Uber code: 1821,OTP,Hard_8
"Hi Ayush, unlock Rs.1727 off your first order at Myntra with code NEW17.",Promo,Promo_7
  ALERT: Rs.3279 withdrawn from ATM using card XX2772 on 23-04-26. Bal: Rs.348959. -HDFC Bank,Bank,Bank_3
Data exhausted? Get 1.5GB extra with Rs.1965 booster pack Dial *121# or visit app,Promo,Promo_11
Convert your HDFC Bank card purchase of Rs.179 into easy EMIs at 0% interest Reply YES,Promo,Promo_15
interest of rs.84386 credited to your fd a/c xx8020. -hdfc bank,Bank,Bank_9
Rs.33866 debited from A/c XX5105 on 24-06-26 to Lakshmi. Avl Bal: Rs.133823. -ICICI Bank,Bank,Bank_0
KYC update pending for A/c XX5658. Please visit your nearest Axis Bank branch by 19-03-26 to avoid restrictions.,Bank,Bank_12
Salary of Rs.18127 credited to A/c XX3761. Avl Bal: Rs.227852. -Axis Bank T&C apply,Bank,Bank_7
Enter 584029 to verify your mobile number for Hotstar. -TM,OTP,OTP_10
306778 IS YOUR OTP FOR BIGBASKET LOGIN. VALID FOR 10 MINUTES. DO NOT SHARE WITH ANYONE.,OTP,OTP_0
delivery attempt failed for order od9367561699. we will retry tomorrow. -delhivery,Delivery,Delivery_5
Out for delivery: Ur Amazon package OD5637230457 will arrive today by 3 PM. -Delhivery,Delivery,Delivery_1
Rishi from BlueDart is arriving with your package. Contact: +915788188035,Delivery,Delivery_6
<#> 427794 is your BigBasket code. Valid 2 min. hA8sk2Lqp3,OTP,OTP_13
otp for delivery of order od7843203233 is 9344. share only with the delivery agent. -dtdc,Delivery,Delivery_9
EMI OF RS.19617 DUE ON 22-04-26 FOR LOAN A/C XX2876. PAY NOW TO AVOID CHARGES. -HDFC BANK,Bank,Bank_4
"  Bro send me Rs.2973 on gpay, will return by 02 Jul",Personal,Hard_5
Exclusive for you! Buy 1 Get 1 FREE at Amazon. Limited period offer. Visit bit.ly/YuRLSX,Promo,Promo_3
<#> 563046 is your BigBasket code. Valid 2 min. hA8sk2Lqp3,OTP,OTP_13
"Class shifted to room 7057, come fast",Personal,Hard_6
rs.32484 debited from a/c xx3786 on 22-01-26 to bhanumati. avl bal: rs.94410. -kotak,Bank,Bank_0
Exclusive for you! Buy 1 Get 1 FREE at Flipkart. Limited period offer. Visit bit.ly/FUDWIa STOP to opt out,Promo,Promo_3
Ur one time password is 35693 for Uber. Please do not share it.,OTP,OTP_5
Your one time password is 836856 for Amazon Please do not share it,OTP,OTP_5
Delivery attempt failed for order OD9456428937. We will retry tomorrow. -Ekart,Delivery,Delivery_5
  <#> 569807 is your SBI code. Valid 10 min. hA8sk2Lqp3,OTP,OTP_13
"Hi Adweta, unlock Rs.1557 off your first order at Myntra with code NEW43. STOP to opt out",Promo,Promo_7
Coupon 4674 gives you free delivery on orders above Rs.4057. -BigBasket,Promo,Hard_1
Pay Rs.327 on delivery for order OD771557108. -BlueDart,Delivery,Hard_10
OTP for delivery of order OD3780524556 is 8587 Share only with the delivery agent -XpressBees,Delivery,Delivery_9
<#> 491236 IS YOUR BIGBASKET CODE. VALID 30 MIN. HA8SK2LQP3,OTP,OTP_13
  Your OTP is 976216. Use it to verify your Hotstar account. Expires in 30 min.,OTP,OTP_1
UPI payment of Rs.93463 to Anirudh successful. UPI Ref: 481658697480. -Axis Bank,Bank,Bank_6
  Beware of fraud calls asking for card details. HDFC Bank officials never ask for PIN or CVV.,Bank,Bank_15
Amazon: 187011 is ur login OTP. It expires in 10 minutes.,OTP,OTP_6
Ur return pickup for order OD6131914518 is scheduled on 03 Jul. Keep the item ready. -Zomato,Delivery,Delivery_7
myntra: your cart misses you! complete purchase now & get 20% off. bit.ly/fbssyj,Promo,Promo_4
Use  896046 to complete your GPay registration. Valid till 2 mins.,OTP,OTP_4
  726256 - use this code to sign in to GPay. Never share it with anyone.,OTP,OTP_7
Beware of fraud calls asking for card details. PNB officials never ask for PIN or CVV.,Bank,Bank_15
Your OTP is 17071. Use it to verify your Hotstar account. Expires in 30 min. T&C apply,OTP,OTP_1
BEWARE OF FRAUD CALLS ASKING FOR CARD DETAILS. BOB OFFICIALS NEVER ASK FOR PIN OR CVV.,Bank,Bank_15
Zomato:  867039 is your login OTP. It expires in 15 minutes.,OTP,OTP_6
646540 - use this code to sign in to Ola Never share it with anyone,OTP,OTP_7
Enter 375175 to verify your mobile number for GPay,OTP,OTP_10
"Hi Vihaan, unlock Rs.712 off your first order at Zomato with code NEW68",Promo,Promo_7
UPI payment of Rs.22511 to Priya successful. UPI Ref: 503583132233. -HDFC Bank,Bank,Bank_6
MEGA SALE! Get 80% OFF on all products at BigBasket. Shop now: bit.ly/ibQDyi T&C apply.,Promo,Promo_0
rs.92625 debited from a/c xx8539 on 19-05-26 to chandran. avl bal: rs.134506. -axis bank,Bank,Bank_0
Rs.275 cashback credited to your Amazon Pay wallet. Use on your next order.,Promo,Promo_21
Delivery attempt failed for order OD8716529967. We will retry tomorrow. -DTDC,Delivery,Delivery_5
your otp is 112503. use it to verify your myntra account. expires in 5 min.,OTP,OTP_1
Your order OD5927168218 from BigBasket is arriving tomorrow. Keep Rs.4457 ready for COD.,Delivery,Delivery_3
Low balance alert: A/c XX3569 balance is Rs.31629. Maintain min balance to avoid charges. STOP to opt out,Bank,Bank_10
OUT FOR DELIVERY: YOUR ZOMATO PACKAGE OD1903125187 WILL ARRIVE TODAY BY 3 PM. -BLUEDART,Delivery,Delivery_1
Cheque no 697917215433 for Rs.19352 has been cleared from A/c XX1171 -ICICI Bank,Bank,Bank_8
Beware of fraud calls asking for card details. PNB officials never ask for PIN or CVV.,Bank,Bank_15
G-788267 is ur Google verification code.,OTP,OTP_12
Congratulations! You won Rs.2302983 in lucky draw. Claim: bit.ly/mlGwjG,Spam,Hard_12
979966 - use this code to sign in to Uber. Never share it with anyone.,OTP,OTP_7
SBI:  900451 is your login OTP. It expires in 10 minutes.,OTP,OTP_6
OTP for delivery of order OD4352847550 is 4665. Share only with the delivery agent. -DTDC,Delivery,Delivery_9
BEWARE OF FRAUD CALLS ASKING FOR CARD DETAILS. ICICI BANK OFFICIALS NEVER ASK FOR PIN OR CVV.,Bank,Bank_15
Cheque no. 702267989450 for Rs.74217 has been cleared from A/c XX7907. -PNB,Bank,Bank_8
ORDER OD4162800627 PACKED AND READY! EXPECTED DISPATCH BY 06 JUL. -SWIGGY,Delivery,Delivery_8
Coupon 7776 gives you free delivery on orders above Rs.2935. -Meesho,Promo,Hard_1
Your  Myntra order OD4186507048 has been shipped via DTDC. Track: bit.ly/ntHpCD,Delivery,Delivery_0
Work from home! Earn Rs.2151567/month Join: bitly/bFiswa,Spam,Hard_14
XpressBees: Shipment OD9054472604 reached your city hub. Expected delivery: 05 Jul.,Delivery,Delivery_4
ALERT: Rs.9409 withdrawn from ATM using card XX4915 on 19-04-26. Bal: Rs.36193. -SBI,Bank,Bank_3
Your Swiggy code: 490518,OTP,OTP_8
Data exhausted? Get 3GB extra with INR 1948 booster pack. Dial *121# or visit app.,Promo,Promo_11
Ur A/c XX7387 is debited with Rs.73929 on 07-04-26. Info: UPI-Baghyawati. Bal: Rs.1239,Bank,Bank_2
you have 2433 reward points expiring on 04 jul. redeem on bigbasket.,Promo,Promo_20
"Bro send me Rs.2547 on gpay, will return by 06 Jul",Personal,Hard_5
162899  is your OTP for Netflix login. Valid for 15 minutes. Do not share with anyone.,OTP,OTP_0
your otp is 727776. use it to verify your hdfc bank account. expires in 5 min.,OTP,OTP_1
Auto-pay of INR 13718 to Utkarsh is scheduled on 03-07-26 from A/c XX1370. Ensure sufficient balance.,Bank,Bank_13
OTP: 665397 for txn of Rs.43879 at ICICI Bank. Do not share. -Axis Bank,OTP,OTP_2
Last day! Zomato clearance sale ends tonight. Up to 40% off sitewide.,Promo,Promo_8
irctc: special trains added for festive season. book early & save up to 40%.,Promo,Promo_17
Hungry? Get 10% off up to Rs.1735 on your next 3 orders. Code: EAT82. -Zomato,Promo,Promo_12
weekend special at flipkart! min 30% off on everything. don't miss out: bit.ly/gjzdwe,Promo,Promo_6
Data exhausted? Get 1.5GB extra with Rs.379 booster pack. Dial *121# or visit app.,Promo,Promo_11
Rs.721 cashback credited to your Amazon Pay wallet. Use on your next order.,Promo,Promo_21
Rs.71 cashback credited to ur Amazon Pay wallet. Use on ur next order.,Promo,Promo_21
Coupon 6036 gives you free delivery on orders above Rs.4788. -Swiggy,Promo,Hard_1
Confirmation code 752033 for Paytm. Keep it private.,OTP,OTP_11
Your Kotak code: 827275 T&C apply,OTP,OTP_8
"Hey, my new number is +918473520788. Save it! Meet at 6pm?",Personal,Hard_4
754678 is your OTP for GPay login. Valid for 30 minutes. Do not share with anyone.,OTP,OTP_0
mega sale! get 10% off on all products at myntra. shop now: bit.ly/crirzf t&c apply.,Promo,Promo_0
delhivery: shipment od8540089623 reached your city hub. expected delivery: 05 jul.,Delivery,Delivery_4
Dear customer ur SBI account will be blocked! Update KYC now: bit.ly/fDOFHq,Spam,Hard_11
Your SonyLIV plan renews on 06 Jul at INR 1628. Upgrade to 4K for INR 877/month.,Promo,Promo_18
Tap to verify: 188303. This code expires shortly.,OTP,Hard_9
Beware  of fraud calls asking for card details. SBI officials never ask for PIN or CVV.,Bank,Bank_15
Your SIM will be deactivated in 24hrs. Verify Aadhaar: bit.ly/QBUuex,Spam,Hard_13
<#> 371171 is your Hotstar code. Valid 5 min. hA8sk2Lqp3,OTP,OTP_13
Swiggy Big Billion Days! Up to 50% off + extra 10% with Axis Bank cards Hurry!,Promo,Promo_1
Zomato: Free delivery all weekend! Order your favourites now.,Promo,Promo_13
out for delivery: your swiggy package od1188494296 will arrive today by 6 pm. -bluedart,Delivery,Delivery_1
Rs.27275 credited to A/c XX5798 on 24-02-26. Avl Bal: Rs.133913. -BOB,Bank,Bank_1
out for delivery: your meesho package od1233809504 will arrive today by 12 pm. -dtdc,Delivery,Delivery_1
"Your HDFC Bank health insurance renewal is due 02 Jul. Renew online, save 20% on premium.",Promo,Promo_24
YOUR RETURN PICKUP FOR ORDER OD2344600719 IS SCHEDULED ON 05 JUL. KEEP THE ITEM READY. -MYNTRA,Delivery,Delivery_7
ALERT: Rs.28331 withdrawn from ATM using card XX2397 on 21-04-26. Bal: Rs.233679. -ICICI Bank,Bank,Bank_3
Delhivery: Shipment OD3144914257 reached your city hub. Expected delivery: 02 Jul.,Delivery,Delivery_4
  G-28922 is your Google verification code.,OTP,OTP_12
34905 is your PhonePe security code. Anyone asking for it is a scammer.,OTP,OTP_9
Congratulations! You won Rs.744257 in lucky draw. Claim: bit.ly/HAOZtB,Spam,Hard_12
764639 - use this code to sign in to SBI. Never share it with anyone.,OTP,OTP_7
Your OTP is 195504. Use it to verify your ICICI Bank account. Expires in 2 min.,OTP,OTP_1
Your Jio pack expires tomorrow. Recharge with Rs.1968 for 3GB/day + unlimited calls.,Promo,Promo_10
Interest  of Rs.41231 credited to your FD A/c XX5301. -Axis Bank,Bank,Bank_9
Interest of Rs.70265 credited to your FD A/c XX1847. -ICICI Bank,Bank,Bank_9
Your Airtel pack expires tomorrow. Recharge with Rs.376 for 2GB/day + unlimited calls.,Promo,Promo_10
Flipkart Big Billion Days! Up to 50% off + extra 10% with SBI cards Hurry!,Promo,Promo_1
Gautami from XpressBees is arriving with your package. Contact: 07746266213,Delivery,Delivery_6
Coupon 5206 gives you free delivery on orders above Rs.3373. -Flipkart,Promo,Hard_1
Zomato: Free delivery all weekend! Order your favourites now.,Promo,Promo_13
Your SIM will be deactivated in 24hrs. Verify Aadhaar: bit.ly/WUgbse,Spam,Hard_13
Last day! Myntra clearance sale ends tonight. Up to 40% off sitewide.,Promo,Promo_8
otp for delivery of order od8549258560 is 5433. share only with the delivery agent. -bluedart,Delivery,Delivery_9
Rs.15204  debited from A/c XX6609 on 04-05-26 to Bishakha. Avl Bal: Rs.322031. -ICICI Bank,Bank,Bank_0
Enter 466250 to verify your mobile number for SBI.,OTP,OTP_10
Coupon 8700 gives you free delivery on orders above Rs.1207. -BigBasket,Promo,Hard_1
Delivery attempt failed for order OD8246171350 We will retry tomorrow -XpressBees,Delivery,Delivery_5
ALERT: INR 65853 withdrawn from ATM using card XX3487 on 17-03-26. Bal: INR 293127. -Axis Bank,Bank,Bank_3
Pre-approved! Get a Kotak credit card with Rs.196314 limit. Zero joining fee. Apply: bit.ly/ccmJRT,Promo,Promo_14
OTP-BASED LOGIN WAS ENABLED FOR YOUR A/C XX8460. CALL ICICI BANK IF THIS WASN'T YOU.,Bank,Hard_2
Your PNB debit card XX7019 has been blocked due to suspicious activity. Visit branch or call 1800-XXX to unblock.,Bank,Bank_11
Rs.4847  debited from A/c XX8992 on 13-05-26 to Osha. Avl Bal: Rs.234906. -SBI,Bank,Bank_0
Enter 88809 to verify your mobile number for Kotak.,OTP,OTP_10
Your Airtel pack expires tomorrow. Recharge with INR 1463 for 1GB/day + unlimited calls.,Promo,Promo_10
Your  A/c XX9419 is debited with Rs.75848 on 13-02-26. Info: UPI-Lajita. Bal: Rs.132627,Bank,Bank_2
Zomato: Free delivery all weekend! Order your favourites now.,Promo,Promo_13
Your Uber code: 3514,OTP,Hard_8
Coupon 8003 gives you free delivery on orders above Rs.4664. -Amazon,Promo,Hard_1
Rs.21275 credited to A/c XX9069 on 02-07-26 Avl Bal: Rs.363728 -PNB,Bank,Bank_1
Rs.929 credited to A/c XX1132 on 20-05-26 Avl Bal: Rs.49352 -HDFC Bank,Bank,Bank_1
  Order OD3013538915 packed and ready! Expected dispatch by 06 Jul. -Meesho,Delivery,Delivery_8
Order OD7847540608 packed and ready! Expected dispatch by 06 Jul. -Myntra,Delivery,Delivery_8
RS.989 CASHBACK CREDITED TO YOUR PAYTM WALLET. USE ON YOUR NEXT ORDER.,Promo,Promo_21
Interest of INR 12748 credited to your FD A/c XX5517. -HDFC Bank,Bank,Bank_9
otp-based login was enabled for your a/c xx6902. call hdfc bank if this wasn't you.,Bank,Hard_2
OTP  for delivery of order OD8728129483 is 6884. Share only with the delivery agent. -XpressBees,Delivery,Delivery_9
Cheque  no. 651405091587 for Rs.95473 has been cleared from A/c XX7049. -SBI,Bank,Bank_8
OTP:  398690 for txn of Rs.3581 at Uber. Do not share. -Axis Bank,OTP,OTP_2
Flight fares dropped! HYD-CCU from Rs.451 Book on ixigo before midnight,Promo,Promo_16
Last day! BigBasket clearance sale ends tonight. Up to 60% off sitewide. STOP to opt out,Promo,Promo_8
Dear customer ur ICICI Bank account will be blocked! Update KYC now: bit.ly/MXSeUs,Spam,Hard_11
Ur account statement for July is available. Download from the ICICI Bank app.,Bank,Bank_16
Loved your recent Zomato order? Reorder in 1 tap and get 10% off today.,Promo,Promo_22
YOUR OTP IS 686717. USE IT TO VERIFY YOUR IRCTC ACCOUNT. EXPIRES IN 5 MIN.,OTP,OTP_1
Enter 522780 to verify your mobile number for GPay.,OTP,OTP_10
"your pnb health insurance renewal is due 02 jul. renew online, save 30% on premium.",Promo,Promo_24
"Ur PNB health insurance renewal is due 04 Jul. Renew online, save 20% on premium.",Promo,Promo_24
your bigbasket order od5098874303 has been shipped via delhivery. track: bit.ly/xxcrgc,Delivery,Delivery_0
Flight fares dropped! HYD-LKO from Rs.982 Book on ixigo before midnight,Promo,Promo_16
Your Myntra code: 216351,OTP,OTP_8
Your one time password is 149304 for Swiggy. Please do not share it. T&C apply,OTP,OTP_5
OTP for delivery of order OD3835871784 is 1328. Share only with the delivery agent. -DTDC,Delivery,Delivery_9
"Never share your OTP, PIN or CVV. PNB never asks for these. Stay safe.",Bank,Hard_3
Delivery  attempt failed for order OD1888187803. We will retry tomorrow. -DTDC,Delivery,Delivery_5
Order OD4328687888 packed and ready! Expected dispatch by 02 Jul. -Amazon,Delivery,Delivery_8
Dear customer ur Axis Bank account will be blocked! Update KYC now: bitly/FIcxKU,Spam,Hard_11
your return pickup for order od7820760017 is scheduled on 02 jul. keep the item ready. -zomato,Delivery,Delivery_7
KYC update pending for A/c XX8467. Please visit your nearest HDFC Bank branch by 16-05-26 to avoid restrictions.,Bank,Bank_12
BOB: 207323 is your login OTP. It expires in 10 minutes.,OTP,OTP_6
618715 - use this to sign in. Never share this code with anyone.,OTP,Hard_7
Use 989302 to complete your BOB registration. Valid till 2 mins.,OTP,OTP_4
Coupon 6815 gives you free delivery on orders above INR 653. -Flipkart,Promo,Hard_1
your sonyliv plan renews on 04 jul at rs.213. upgrade to 4k for rs.984/month.,Promo,Promo_18
irctc: special trains added for festive season. book early & save up to 10%.,Promo,Promo_17
Out for delivery: Your BigBasket package OD1269823932 will arrive today by 9 PM. -Ekart,Delivery,Delivery_1
Data exhausted? Get 1GB extra with INR 972 booster pack. Dial *121# or visit app.,Promo,Promo_11
  Your Swiggy order OD4416742508 has been shipped via Ekart. Track: bit.ly/TRvtKn,Delivery,Delivery_0
EMI of Rs.50946 due on 09-05-26 for loan A/c XX2056. Pay now to avoid charges. -HDFC Bank,Bank,Bank_4
low balance alert: a/c xx5880 balance is rs.405588. maintain min balance to avoid charges.,Bank,Bank_10
Delivered!  Your Meesho order OD2262215951 was delivered on 04 Jul. Rate your experience: bit.ly/ClyONN,Delivery,Delivery_2
"Never share ur OTP, PIN or CVV. HDFC Bank never asks for these. Stay safe.",Bank,Hard_3
"Hi  Isha, unlock Rs.1527 off your first order at Swiggy with code NEW59.",Promo,Promo_7
Use 399880 to complete ur SBI registration. Valid till 30 mins.,OTP,OTP_4
Your Meesho order OD4999059864 has been shipped via Ekart. Track: bit.ly/hXLkVo,Delivery,Delivery_0
405608 is your ICICI Bank security code. Anyone asking for it is a scammer.,OTP,OTP_9
Your OTP is 386335. Use it to verify your BOB account. Expires in 10 min.,OTP,OTP_1
"Hey, my new number is 04680731561 Save it! Meet at 6pm?",Personal,Hard_4
"Never share your OTP, PIN or CVV. Kotak never asks for these. Stay safe.",Bank,Hard_3
  Your Axis Bank debit card XX6011 has been blocked due to suspicious activity. Visit branch or call 1800-XXX to unblock.,Bank,Bank_11
KYC  update pending for A/c XX8340. Please visit your nearest HDFC Bank branch by 25-06-26 to avoid restrictions.,Bank,Bank_12
pay rs.514 on delivery for order od871665949. -delhivery,Delivery,Hard_10
Flight fares dropped! HYD-LKO from Rs.1106. Book on MakeMyTrip before midnight.,Promo,Promo_16
Data exhausted? Get 1.5GB extra with INR 902 booster pack. Dial *121# or visit app.,Promo,Promo_11
Rs.1465 cashback credited to your Paytm wallet. Use on your next order.,Promo,Promo_21
auto-pay of rs.33973 to anusha is scheduled on 26-03-26 from a/c xx5621. ensure sufficient balance.,Bank,Bank_13
Use code 3378 at checkout for 50% off at Zomato! -TM,Promo,Hard_0
914421 - use this code to sign in to Kotak. Never share it with anyone.,OTP,OTP_7
  Hungry? Get 70% off up to Rs.1481 on your next 3 orders. Code: EAT97. -Swiggy,Promo,Promo_12
Zomato:  Free delivery all weekend! Order your favourites now.,Promo,Promo_13
"  Hey, my new number is 08860307096. Save it! Meet at noon?",Personal,Hard_4
Auto-pay of Rs.72215 to Radhika is scheduled on 10-03-26 from A/c XX2385. Ensure sufficient balance.,Bank,Bank_13
KOTAK: 592819 IS YOUR LOGIN OTP. IT EXPIRES IN 2 MINUTES.,OTP,OTP_6
Your  HDFC Bank debit card XX5257 has been blocked due to suspicious activity. Visit branch or call 1800-XXX to unblock.,Bank,Bank_11
  Work from home! Earn Rs.1298761/month. Join: bit.ly/VQwxtn,Spam,Hard_14
Rs.93892 debited from A/c XX8983 on 01-02-26 to Unnati Avl Bal: Rs.191575 -BOB,Bank,Bank_0
Your FD of Rs.41855 matures on 27-05-26. Renew or withdraw via netbanking. -SBI,Bank,Bank_14
OTP: 207908 for txn of Rs.34172 at Myntra. Do not share. -ICICI Bank,OTP,OTP_2
Your  credit card XX9192 statement is ready. Total due: Rs.25214. Min due: Rs.4420. -BOB,Bank,Bank_5
MEGA SALE! Get 40% OFF on all products at Myntra. Shop now: bit.ly/GTNSGT T&C apply.,Promo,Promo_0
976019 is your PNB security code. Anyone asking for it is a scammer.,OTP,OTP_9
403999 is your OTP for Amazon login Valid for 10 minutes Do not share with anyone,OTP,OTP_0
  Congratulations! You won Rs.1440744 in lucky draw. Claim: bit.ly/cDQLyP,Spam,Hard_12
MEGA SALE! Get 80% OFF on all products at Flipkart. Shop now: bit.ly/aORQVP T&C apply.,Promo,Promo_0
Interest of Rs.2592 credited to ur FD A/c XX4649. -BOB,Bank,Bank_9
Your  one time password is 638591 for BigBasket. Please do not share it.,OTP,OTP_5
Your Jio pack expires tomorrow. Recharge with Rs.910 for 3GB/day + unlimited calls.,Promo,Promo_10
Your OTP is 333166. Use it to verify your ICICI Bank account. Expires in 2 min.,OTP,OTP_1
  Your one time password is 266897 for IRCTC. Please do not share it.,OTP,OTP_5
Delivery attempt failed for order OD1434384069. We will retry tomorrow. -DTDC,Delivery,Delivery_5
OTP  for delivery of order OD6468907152 is 1273. Share only with the delivery agent. -DTDC,Delivery,Delivery_9
Tap to verify: 201232. This code expires shortly.,OTP,Hard_9
EMI of Rs.66368 due on 16-04-26 for loan A/c XX2431. Pay now to avoid charges. -SBI,Bank,Bank_4
Recharge with Rs.1252 & get 80% extra talktime. Offer valid today only!,Promo,Promo_5
Work from home! Earn Rs.823826/month. Join: bit.ly/vbKqAh,Spam,Hard_14
interest of rs.96827 credited to your fd a/c xx5505. -hdfc bank,Bank,Bank_9
Pay  Rs.4828 on delivery for order OD732960322. -DTDC,Delivery,Hard_10
OTP for delivery of order OD7341645444 is 5323. Share only with the delivery agent. -XpressBees,Delivery,Delivery_9
Amazon: Your cart misses you! Complete purchase now & get 60% off. bit.ly/SHoMwe,Promo,Promo_4
Coupon 5711 gives you free delivery on orders above Rs.4117. -Swiggy,Promo,Hard_1
Your order OD8843410464 from Swiggy is arriving tomorrow. Keep Rs.3031 ready for COD. STOP to opt out,Delivery,Delivery_3
Cheque no. 833717917598 for Rs.42507 has been cleared from A/c XX6300. -Axis Bank,Bank,Bank_8
Last day! BigBasket clearance sale ends tonight. Up to 40% off sitewide. STOP to opt out,Promo,Promo_8
Rs.37780 debited from A/c XX5308 on 28-03-26 to Kritika. Avl Bal: Rs.219806. -SBI,Bank,Bank_0
  Confirmation code 839233 for Flipkart. Keep it private.,OTP,OTP_11
INTEREST OF RS.29039 CREDITED TO YOUR FD A/C XX5783. -BOB,Bank,Bank_9
your one time password is 756627 for hdfc bank. please do not share it.,OTP,OTP_5
RS.36859 DEBITED FROM A/C XX2392 ON 01-02-26 TO PRANEEL. AVL BAL: RS.205150. -HDFC BANK,Bank,Bank_0
  Missed our shows? Come back to Hotstar at 50% off for 3 months. Resubscribe: bit.ly/hAknWU,Promo,Promo_19
kyc update pending for a/c xx2509. please visit your nearest axis bank branch by 28-02-26 to avoid restrictions.,Bank,Bank_12
Rudra from BlueDart is arriving with your package. Contact: +918785863175,Delivery,Delivery_6
Order  OD9484800747 packed and ready! Expected dispatch by 01 Jul. -BigBasket,Delivery,Delivery_8
743913 IS YOUR UBER SECURITY CODE. ANYONE ASKING FOR IT IS A SCAMMER.,OTP,OTP_9
607525 IS YOUR PNB SECURITY CODE. ANYONE ASKING FOR IT IS A SCAMMER.,OTP,OTP_9
your return pickup for order od4951697015 is scheduled on 04 jul. keep the item ready. -amazon,Delivery,Delivery_7
  Your credit card XX5856 statement is ready. Total due: Rs.26875. Min due: Rs.3881. -ICICI Bank,Bank,Bank_5
  Flight fares dropped! DEL-CCU from Rs.705. Book on Goibibo before midnight.,Promo,Promo_16
Your Meesho order OD3985715353 has been shipped via Delhivery. Track: bit.ly/hwiUYo,Delivery,Delivery_0
Your Flipkart order OD3049756636 has been shipped via XpressBees. Track: bit.ly/oMRILc -TM,Delivery,Delivery_0
Your BOB debit card XX7384 has been blocked due to suspicious activity. Visit branch or call 1800-XXX to unblock.,Bank,Bank_11
Loved your recent BigBasket order? Reorder in 1 tap and get 60% off today.,Promo,Promo_22
EMI of Rs.70083 due on 17-01-26 for loan A/c XX8346. Pay now to avoid charges. -HDFC Bank,Bank,Bank_4
"Hi  Januja, unlock Rs.915 off your first order at Myntra with code NEW64.",Promo,Promo_7
Items in your order history are back in stock at Zomato. Prices start Rs.1494.,Promo,Promo_23
614723 - use this to sign in. Never share this code with anyone.,OTP,Hard_7
Delivered! Your Swiggy order OD2369891207 was delivered on 05 Jul. Rate your experience: bit.ly/cunnIb,Delivery,Delivery_2
Order OD2462277507 packed and ready! Expected dispatch by 01 Jul. -BigBasket -TM,Delivery,Delivery_8
Work from home! Earn INR 1354026/month. Join: bit.ly/srSReh,Spam,Hard_14
Delivery attempt failed for order OD2304090871. We will retry tomorrow. -DTDC,Delivery,Delivery_5
YOUR AIRTEL PACK EXPIRES TOMORROW. RECHARGE WITH RS.1256 FOR 1.5GB/DAY + UNLIMITED CALLS.,Promo,Promo_10
Amazon: Your cart misses you! Complete purchase now & get 60% off. bit.ly/ehDFjb,Promo,Promo_4
G-992872 IS YOUR GOOGLE VERIFICATION CODE.,OTP,OTP_12
Use  809277 to complete your Zomato registration. Valid till 5 mins.,OTP,OTP_4
Rs.48637 credited to A/c XX2767 on 17-01-26. Avl Bal: Rs.383566. -PNB,Bank,Bank_1
  Flight fares dropped! BLR-LKO from Rs.1560. Book on MakeMyTrip before midnight.,Promo,Promo_16
IRCTC: SPECIAL TRAINS ADDED FOR FESTIVE SEASON. BOOK EARLY & SAVE UP TO 80%.,Promo,Promo_17
IRCTC: Special trains added for festive season Book early & save up to 20%,Promo,Promo_17
"Hi  Dalbir, unlock Rs.1605 off your first order at BigBasket with code NEW53.",Promo,Promo_7
Beware of fraud calls asking for card details Axis Bank officials never ask for PIN or CVV,Bank,Bank_15
your airtel pack expires tomorrow. recharge with rs.971 for 2gb/day + unlimited calls.,Promo,Promo_10
Cheque no 365551903652 for Rs.24433 has been cleared from A/c XX7448 -HDFC Bank,Bank,Bank_8
RS.81452 CREDITED TO A/C XX8138 ON 28-06-26. AVL BAL: RS.392759. -ICICI BANK,Bank,Bank_1
RECHARGE WITH RS.1472 & GET 80% EXTRA TALKTIME. OFFER VALID TODAY ONLY!,Promo,Promo_5
delivered! your swiggy order od7937277463 was delivered on 04 jul. rate your experience: bit.ly/exhlmv,Delivery,Delivery_2
You have 3764 reward points expiring on 06 Jul. Redeem on Swiggy.,Promo,Promo_20
"Your HDFC Bank health insurance renewal is due 05 Jul. Renew online, save 10% on premium.",Promo,Promo_24
"Hey, my new number is +913359825540. Save it! Meet at tonight?",Personal,Hard_4
Your return pickup for order OD4893102665 is scheduled on 01 Jul. Keep the item ready. -Amazon,Delivery,Delivery_7
EMI of Rs.37023 due on 13-05-26 for loan A/c XX5886. Pay now to avoid charges. -Kotak,Bank,Bank_4
Auto-pay of Rs.51129 to Garima is scheduled on 04-05-26 from A/c XX8780. Ensure sufficient balance. -TM,Bank,Bank_13
Your A/c XX2995 is debited with Rs.56173 on 01-03-26. Info: UPI-Ijaya. Bal: Rs.48522,Bank,Bank_2
Interest of INR 16337 credited to your FD A/c XX4293. -BOB,Bank,Bank_9
304155 is ur BigBasket security code. Anyone asking for it is a scammer.,OTP,OTP_9
<#> 73169 is your Axis Bank code Valid 15 min hA8sk2Lqp3,OTP,OTP_13
Loved your recent Myntra order? Reorder in 1 tap and get 70% off today.,Promo,Promo_22
Exclusive for you! Buy 1 Get 1 FREE at Zomato. Limited period offer. Visit bit.ly/wlotpJ,Promo,Promo_3
Rs.1549 cashback credited to your Amazon Pay wallet Use on your next order,Promo,Promo_21
  Order OD3562087657 packed and ready! Expected dispatch by 05 Jul. -Amazon,Delivery,Delivery_8
Your A/c XX1944 is debited with Rs.90248 on 22-03-26. Info: UPI-Darika. Bal: Rs.292558,Bank,Bank_2
ALERT: Rs.78538 withdrawn from ATM using card XX6658 on 12-04-26. Bal: Rs.144823. -Kotak -TM,Bank,Bank_3
MEESHO BIG BILLION DAYS! UP TO 80% OFF + EXTRA 10% WITH KOTAK CARDS. HURRY!,Promo,Promo_1
YOUR VI PACK EXPIRES TOMORROW. RECHARGE WITH RS.1408 FOR 2GB/DAY + UNLIMITED CALLS.,Promo,Promo_10
Pre-approved! Get a SBI credit card with Rs.179672 limit. Zero joining fee. Apply: bit.ly/pcyrhU,Promo,Promo_14
Delivery attempt failed for order OD1943697774. We will retry tomorrow. -XpressBees,Delivery,Delivery_5
Missed our shows? Come back to SonyLIV at 50% off for 3 months. Resubscribe: bit.ly/uYBRxN,Promo,Promo_19
You have 3118 reward points expiring on 04 Jul. Redeem on Swiggy.,Promo,Promo_20
Your one time password is 419474 for Ola. Please do not share it. T&C apply,OTP,OTP_5
Order OD1908182250 packed and ready! Expected dispatch by 02 Jul -Amazon,Delivery,Delivery_8
"  Your Axis Bank health insurance renewal is due 02 Jul. Renew online, save 20% on premium.",Promo,Promo_24
Last day! Meesho clearance sale ends tonight. Up to 30% off sitewide.,Promo,Promo_8
BlueDart: Shipment OD4517222786 reached your city hub. Expected delivery: 05 Jul.,Delivery,Delivery_4
"HI AZAD, UNLOCK RS.1718 OFF YOUR FIRST ORDER AT FLIPKART WITH CODE NEW68.",Promo,Promo_7
"Class shifted to room 6197, come fast",Personal,Hard_6
Rs.79928 credited to A/c XX5996 on 11-04-26. Avl Bal: Rs.443665. -SBI,Bank,Bank_1
Delhivery: Shipment OD6443217311 reached your city hub. Expected delivery: 02 Jul.,Delivery,Delivery_4
YOUR MYNTRA ORDER OD1251856770 HAS BEEN SHIPPED VIA DTDC. TRACK: BIT.LY/YGSLTK,Delivery,Delivery_0
901780 - use this code to sign in to Meesho Never share it with anyone,OTP,OTP_7
Congratulations! You won Rs.1126729 in lucky draw. Claim: bit.ly/sEZuqY T&C apply,Spam,Hard_12
Use code 4725 at checkout for 50% off at Zomato!,Promo,Hard_0
"Class shifted to room 7349, come fast",Personal,Hard_6
Your one time password is 903377 for SBI. Please do not share it.,OTP,OTP_5
  Your OTP is 122484. Use it to verify your Amazon account. Expires in 5 min.,OTP,OTP_1
100065 is your OTP for Hotstar login. Valid for 10 minutes. Do not share with anyone.,OTP,OTP_0
Ur BigBasket code: 822107,OTP,OTP_8
Flight  fares dropped! BOM-LKO from Rs.511. Book on Goibibo before midnight.,Promo,Promo_16
OTP FOR DELIVERY OF ORDER OD1353976999 IS 4027. SHARE ONLY WITH THE DELIVERY AGENT. -BLUEDART,Delivery,Delivery_9
G-479876  is your Google verification code.,OTP,OTP_12
  Your Swiggy order OD9248025593 has been shipped via BlueDart. Track: bit.ly/DIobQM,Delivery,Delivery_0
Rs.98306 credited to A/c XX1339 on 17-01-26. Avl Bal: Rs.424442. -Kotak,Bank,Bank_1
Flight fares dropped! BOM-PNQ from Rs.1375. Book on ixigo before midnight.,Promo,Promo_16
Your SonyLIV plan renews on 04 Jul at Rs.1904. Upgrade to 4K for Rs.518/month.,Promo,Promo_18
326271 is your OTP for Kotak login. Valid for 15 minutes. Do not share with anyone.,OTP,OTP_0
pre-approved! get a bob credit card with rs.270218 limit. zero joining fee. apply: bit.ly/rxywcq,Promo,Promo_14
Your  account statement for August is available. Download from the ICICI Bank app.,Bank,Bank_16
Enter  681257 to verify your mobile number for HDFC Bank.,OTP,OTP_10
Loved  your recent Meesho order? Reorder in 1 tap and get 50% off today.,Promo,Promo_22
Your OTP is 330978 Use it to verify your HDFC Bank account Expires in 10 min,OTP,OTP_1
OTP FOR DELIVERY OF ORDER OD3390228627 IS 2115. SHARE ONLY WITH THE DELIVERY AGENT. -XPRESSBEES,Delivery,Delivery_9
Tap to verify: 646491. This code expires shortly.,OTP,Hard_9
Order OD1597696320 packed and ready! Expected dispatch by 05 Jul. -BigBasket,Delivery,Delivery_8
Rs.43265 credited to A/c XX2421 on 25-03-26 Avl Bal: Rs.217482 -Axis Bank,Bank,Bank_1
Work from home! Earn Rs.2306290/month. Join: bit.ly/RMWZDw,Spam,Hard_14
Cheque no 240213441763 for Rs.59308 has been cleared from A/c XX3651 -ICICI Bank,Bank,Bank_8
Your  return pickup for order OD7312166263 is scheduled on 01 Jul. Keep the item ready. -Zomato,Delivery,Delivery_7
  Interest of Rs.18830 credited to your FD A/c XX6414. -Kotak,Bank,Bank_9
769524 is your OTP for BOB login. Valid for 2 minutes. Do not share with anyone. STOP to opt out,OTP,OTP_0
Confirmation code 739316 for Axis Bank. Keep it private.,OTP,OTP_11
G-40879 is your Google verification code,OTP,OTP_12
Interest of Rs.998 credited to your FD A/c XX5000. -SBI,Bank,Bank_9
ENTER 918298 TO VERIFY YOUR MOBILE NUMBER FOR AMAZON.,OTP,OTP_10
Cheque no. 594958056900 for Rs.98223 has been cleared from A/c XX2508. -Axis Bank,Bank,Bank_8
Low balance alert: A/c XX1683 balance is Rs.230018 Maintain min balance to avoid charges,Bank,Bank_10
zomato big billion days! up to 20% off + extra 10% with kotak cards. hurry!,Promo,Promo_1
Samesh from BlueDart is arriving with ur package. Contact: +913699058882,Delivery,Delivery_6
Order OD7411720714 packed and ready! Expected dispatch by 04 Jul. -Flipkart,Delivery,Delivery_8
<#> 701353 is your Kotak code. Valid 30 min. hA8sk2Lqp3,OTP,OTP_13
INR 1629 cashback credited to your Amazon Pay wallet. Use on your next order.,Promo,Promo_21
  Your OTP is 945725. Use it to verify your Flipkart account. Expires in 15 min.,OTP,OTP_1
Your A/c XX1764 is debited with Rs.12755 on 23-05-26. Info: UPI-Ekiya. Bal: Rs.246660,Bank,Bank_2
803090 is your verification code for Flipkart. Never share your OTP.,OTP,OTP_3
Pay Rs.784 on delivery for order OD560148470. -Ekart -TM,Delivery,Hard_10
Your order OD4179448316 from Zomato is arriving tomorrow. Keep Rs.2682 ready for COD.,Delivery,Delivery_3
EMI of INR 64798 due on 12-03-26 for loan A/c XX9588. Pay now to avoid charges. -Axis Bank,Bank,Bank_4
"Hi Aarini, unlock Rs.212 off your first order at Meesho with code NEW63.",Promo,Promo_7
Your return pickup for order OD2002113210 is scheduled on 02 Jul. Keep the item ready. -Swiggy,Delivery,Delivery_7
"Your HDFC Bank health insurance renewal is due 05 Jul. Renew online, save 80% on premium.",Promo,Promo_24
"Hey,  my new number is 9886696260. Save it! Meet at noon?",Personal,Hard_4
Enter 165170 to verify your mobile number for Kotak,OTP,OTP_10
Your OTP is 453738. Use it to verify your SBI account. Expires in 10 min.,OTP,OTP_1
YOUR MYNTRA MEMBERSHIP EXPIRES SOON. RENEW NOW & SAVE 20%: BIT.LY/IDBILF,Promo,Promo_9
Data exhausted? Get 2GB extra with Rs.1092 booster pack. Dial *121# or visit app.,Promo,Promo_11
Your BigBasket membership expires soon. Renew now & save 10%: bit.ly/SGVUjU,Promo,Promo_9
<#> 112848 is your Axis Bank code. Valid 2 min. hA8sk2Lqp3,OTP,OTP_13
Loved your recent BigBasket order? Reorder in 1 tap and get 10% off today.,Promo,Promo_22
Delivery  attempt failed for order OD4800646906. We will retry tomorrow. -Delhivery,Delivery,Delivery_5
Your  Myntra order OD8210186032 has been shipped via BlueDart. Track: bit.ly/rqwQtL,Delivery,Delivery_0
G-930669 is your Google verification code.,OTP,OTP_12
Swiggy: Your cart misses you! Complete purchase now & get 70% off. bit.ly/yeZdPM,Promo,Promo_4
EMI of Rs.65763 due on 08-04-26 for loan A/c XX8608. Pay now to avoid charges. -Kotak,Bank,Bank_4
Work  from home! Earn Rs.1550622/month. Join: bit.ly/etaMDl,Spam,Hard_14
Delivered! Your Flipkart order OD7790391780 was delivered on 05 Jul. Rate your experience: bit.ly/ByVsrx,Delivery,Delivery_2
Rs.2166  credited to A/c XX1030 on 03-02-26. Avl Bal: Rs.491208. -Axis Bank,Bank,Bank_1
Your Uber code: 9572,OTP,Hard_8
Delivered! Your Swiggy order OD7745672025 was delivered on 01 Jul Rate your experience: bitly/JeckzI,Delivery,Delivery_2
upi payment of rs.21610 to fariq successful. upi ref: 596424677434. -axis bank,Bank,Bank_6
Meesho  Big Billion Days! Up to 60% off + extra 10% with Axis Bank cards. Hurry!,Promo,Promo_1
loved your recent swiggy order? reorder in 1 tap and get 20% off today.,Promo,Promo_22
Out for delivery: Ur Myntra package OD6585503154 will arrive today by 6 PM. -Delhivery,Delivery,Delivery_1
YOUR JIO PACK EXPIRES TOMORROW. RECHARGE WITH RS.1191 FOR 2GB/DAY + UNLIMITED CALLS.,Promo,Promo_10
low balance alert: a/c xx5766 balance is rs.189291. maintain min balance to avoid charges.,Bank,Bank_10
BigBasket:  Your cart misses you! Complete purchase now & get 50% off. bit.ly/cnOSPW,Promo,Promo_4
Interest of Rs.23849 credited to your FD A/c XX6903. -Kotak T&C apply,Bank,Bank_9
delivery attempt failed for order od8864426655. we will retry tomorrow. -xpressbees,Delivery,Delivery_5
Convert  your Kotak card purchase of Rs.1293 into easy EMIs at 0% interest. Reply YES.,Promo,Promo_15
Items in your order history are back in stock at BigBasket. Prices start Rs.90.,Promo,Promo_23
"Hey, my new number is +913481898254. Save it! Meet at tonight?",Personal,Hard_4
  MEGA SALE! Get 30% OFF on all products at BigBasket. Shop now: bit.ly/TAzUyf T&C apply.,Promo,Promo_0
Auto-pay of Rs.80466 to Wridesh is scheduled on 18-04-26 from A/c XX9741. Ensure sufficient balance.,Bank,Bank_13
Use 912843 to complete your ICICI Bank registration. Valid till 5 mins.,OTP,OTP_4
HOTSTAR: 642971 IS YOUR LOGIN OTP. IT EXPIRES IN 30 MINUTES.,OTP,OTP_6
Out for delivery: Your Zomato package OD9449472611 will arrive today by 12 PM. -Delhivery,Delivery,Delivery_1
OTP for delivery of order OD8825927260 is 9441. Share only with the delivery agent. -DTDC,Delivery,Delivery_9
DEAR CUSTOMER UR BOB ACCOUNT WILL BE BLOCKED! UPDATE KYC NOW: BIT.LY/BSZJYU,Spam,Hard_11
Delivery  attempt failed for order OD3947931677. We will retry tomorrow. -Ekart,Delivery,Delivery_5
UPI PAYMENT OF RS.78432 TO LILA SUCCESSFUL. UPI REF: 238684615607. -ICICI BANK,Bank,Bank_6
Use code 9225 at checkout for 25% off at Flipkart! T&C apply,Promo,Hard_0
your account statement for august is available. download from the hdfc bank app.,Bank,Bank_16
Your Flipkart membership expires soon. Renew now & save 60%: bit.ly/EHKpvT,Promo,Promo_9
EMI of Rs.51059 due on 15-05-26 for loan A/c XX8240. Pay now to avoid charges. -SBI,Bank,Bank_4
UPI payment of Rs.26080 to Urvashi successful. UPI Ref: 263225515102. -Axis Bank,Bank,Bank_6
DTDC: Shipment OD9073946872 reached your city hub. Expected delivery: 01 Jul.,Delivery,Delivery_4
  Flight fares dropped! BOM-CCU from Rs.374. Book on MakeMyTrip before midnight.,Promo,Promo_16
ALERT: INR 76713 withdrawn from ATM using card XX2930 on 03-05-26. Bal: INR 106670. -BOB,Bank,Bank_3
Beware of fraud calls asking for card details. Axis Bank officials never ask for PIN or CVV.,Bank,Bank_15
OTP-based login was enabled for your A/c XX8501. Call Axis Bank if this wasn't you.,Bank,Hard_2
Recharge with Rs.1368 & get 40% extra talktime. Offer valid today only!,Promo,Promo_5
  OTP for delivery of order OD5836282681 is 4057. Share only with the delivery agent. -Delhivery,Delivery,Delivery_9
  BlueDart: Shipment OD7455174023 reached your city hub. Expected delivery: 06 Jul.,Delivery,Delivery_4
Work from home! Earn Rs.2087166/month. Join: bit.ly/tFawix,Spam,Hard_14
UPI payment of INR 37902 to Vedant successful. UPI Ref: 703774350089. -Axis Bank,Bank,Bank_6
Your return pickup for order OD2691909909 is scheduled on 06 Jul. Keep the item ready. -Flipkart -TM,Delivery,Delivery_7
Your A/c XX5450 is debited with Rs.20596 on 20-06-26. Info: UPI-Hemang. Bal: Rs.81768 T&C apply,Bank,Bank_2
Order  OD3402588302 packed and ready! Expected dispatch by 04 Jul. -BigBasket,Delivery,Delivery_8
RS.362 CASHBACK CREDITED TO YOUR AMAZON PAY WALLET. USE ON YOUR NEXT ORDER.,Promo,Promo_21
missed our shows? come back to netflix at 50% off for 3 months. resubscribe: bit.ly/maazos,Promo,Promo_19
Items in your order history are back in stock at Swiggy. Prices start Rs.765. T&C apply,Promo,Promo_23
  Items in your order history are back in stock at Meesho. Prices start Rs.414.,Promo,Promo_23
your credit card xx1562 statement is ready. total due: rs.56302. min due: rs.1240. -pnb,Bank,Bank_5
Flight fares dropped! DEL-LKO from Rs.430. Book on MakeMyTrip before midnight.,Promo,Promo_16
"Class shifted to room 2135, come fast",Personal,Hard_6
Work from home! Earn Rs.180509/month. Join: bit.ly/fYnnmj,Spam,Hard_14
Pre-approved! Get a BOB credit card with Rs.111205 limit. Zero joining fee. Apply: bit.ly/OErKgV,Promo,Promo_14
KYC update pending for A/c XX6121. Please visit ur nearest ICICI Bank branch by 09-04-26 to avoid restrictions.,Bank,Bank_12
your order od4001048354 from meesho is arriving tomorrow. keep rs.4931 ready for cod.,Delivery,Delivery_3
G-803419 is ur Google verification code.,OTP,OTP_12
Flat Rs.97 cashback on your next order at BigBasket. Use code SAVE93. Valid till 04 Jul. STOP to opt out,Promo,Promo_2
Out for delivery: Your Myntra package OD3828359458 will arrive today by 6 PM. -XpressBees,Delivery,Delivery_1
Flight fares dropped! DEL-MAA from Rs.732. Book on Goibibo before midnight.,Promo,Promo_16
Your  return pickup for order OD4850308242 is scheduled on 01 Jul. Keep the item ready. -Myntra,Delivery,Delivery_7
532071 is your OTP for Swiggy login. Valid for 15 minutes. Do not share with anyone.,OTP,OTP_0
  Items in your order history are back in stock at Meesho. Prices start Rs.128.,Promo,Promo_23
Confirmation code 300882 for PhonePe Keep it private,OTP,OTP_11
Recharge with Rs.369 & get 20% extra talktime. Offer valid today only!,Promo,Promo_5
Your  Airtel pack expires tomorrow. Recharge with Rs.170 for 2GB/day + unlimited calls.,Promo,Promo_10
Your Jio pack expires tomorrow. Recharge with Rs.1247 for 3GB/day + unlimited calls.,Promo,Promo_10
Ur FD of Rs.26055 matures on 29-01-26. Renew or withdraw via netbanking. -SBI,Bank,Bank_14
913987 - USE THIS CODE TO SIGN IN TO FLIPKART. NEVER SHARE IT WITH ANYONE.,OTP,OTP_7
Delivery attempt failed for order OD5938789365. We will retry tomorrow. -Delhivery,Delivery,Delivery_5
Use code 2635 at checkout for 50% off at Zomato!,Promo,Hard_0
DELIVERED! YOUR BIGBASKET ORDER OD2671240900 WAS DELIVERED ON 01 JUL. RATE YOUR EXPERIENCE: BIT.LY/EMDEXU,Delivery,Delivery_2
Use 194030 to complete your Netflix registration. Valid till 2 mins.,OTP,OTP_4
Weekend special at Zomato! Min 30% off on everything. Don't miss out: bit.ly/rUQong,Promo,Promo_6
Your SBI code: 554188,OTP,OTP_8
FLIGHT FARES DROPPED! HYD-PNQ FROM RS.1256. BOOK ON GOIBIBO BEFORE MIDNIGHT.,Promo,Promo_16
713216  - use this to sign in. Never share this code with anyone.,OTP,Hard_7
Paytm: 996073 is your login OTP. It expires in 10 minutes.,OTP,OTP_6
Out for delivery: Your BigBasket package OD5183594155 will arrive today by 9 PM. -BlueDart,Delivery,Delivery_1
Cheque  no. 671710655867 for Rs.11686 has been cleared from A/c XX5769. -PNB,Bank,Bank_8
Dear customer ur Kotak account will be blocked! Update KYC now: bit.ly/JWYCjf,Spam,Hard_11
Delhivery: Shipment OD2320432014 reached your city hub. Expected delivery: 01 Jul.,Delivery,Delivery_4
Interest of Rs.30014 credited to your FD A/c XX7546 -SBI,Bank,Bank_9
Use code 1324 at checkout for 25% off at Myntra!,Promo,Hard_0
<#> 148220 is ur Axis Bank code. Valid 2 min. hA8sk2Lqp3,OTP,OTP_13
Exclusive for you! Buy 1 Get 1 FREE at Amazon. Limited period offer. Visit bit.ly/kphXmS,Promo,Promo_3
G-473582 is ur Google verification code.,OTP,OTP_12
Recharge  with Rs.797 & get 40% extra talktime. Offer valid today only!,Promo,Promo_5
  Your FD of Rs.72216 matures on 20-02-26. Renew or withdraw via netbanking. -Axis Bank,Bank,Bank_14
  Delivered! Your Meesho order OD4145752461 was delivered on 05 Jul. Rate your experience: bit.ly/AyrfwI,Delivery,Delivery_2
599665 is your verification code for Amazon Never share your OTP,OTP,OTP_3
Recharge with Rs.1410 & get 80% extra talktime. Offer valid today only!,Promo,Promo_5
MEGA SALE! Get 50% OFF on all products at Zomato. Shop now: bit.ly/MSQmbz T&C apply.,Promo,Promo_0
Delivered! Your Swiggy order OD7354751195 was delivered on 05 Jul Rate your experience: bitly/WDxwEJ,Delivery,Delivery_2
Vaishnavi from Delhivery is arriving with your package. Contact: 05510469069,Delivery,Delivery_6
zomato: free delivery all weekend! order your favourites now.,Promo,Promo_13
  Last day! Flipkart clearance sale ends tonight. Up to 40% off sitewide.,Promo,Promo_8
Missed  our shows? Come back to Prime Video at 50% off for 3 months. Resubscribe: bit.ly/YElUPK,Promo,Promo_19
EMI of Rs.54776 due on 06-02-26 for loan A/c XX1009. Pay now to avoid charges. -Kotak,Bank,Bank_4
KYC update pending for A/c XX1983. Please visit your nearest BOB branch by 03-02-26 to avoid restrictions.,Bank,Bank_12
Low balance alert: A/c XX7007 balance is Rs.144864. Maintain min balance to avoid charges.,Bank,Bank_10
Your SIM will be deactivated in 24hrs. Verify Aadhaar: bit.ly/BUyQsZ -TM,Spam,Hard_13
Your OTP is 582972. Use it to verify your Swiggy account. Expires in 2 min.,OTP,OTP_1
Congratulations! You won INR 193396 in lucky draw. Claim: bit.ly/VDEDwu,Spam,Hard_12
Enter 914242 to verify your mobile number for Hotstar. T&C apply,OTP,OTP_10
Rs.5360  credited to A/c XX1585 on 29-06-26. Avl Bal: Rs.219720. -HDFC Bank,Bank,Bank_1
You have 1638 reward points expiring on 04 Jul. Redeem on BigBasket.,Promo,Promo_20
Auto-pay  of Rs.69724 to Advaith is scheduled on 16-06-26 from A/c XX6698. Ensure sufficient balance.,Bank,Bank_13
Delivered! Your Swiggy order OD9175167608 was delivered on 05 Jul. Rate your experience: bit.ly/JOQdMA,Delivery,Delivery_2
WORK FROM HOME! EARN RS.2061789/MONTH. JOIN: BIT.LY/JJDGCN,Spam,Hard_14
IRCTC: Special trains added for festive season. Book early & save up to 60%.,Promo,Promo_17
Rs.72095 debited from A/c XX1053 on 08-03-26 to Ekansh. Avl Bal: Rs.393597. -PNB,Bank,Bank_0
BEWARE OF FRAUD CALLS ASKING FOR CARD DETAILS. KOTAK OFFICIALS NEVER ASK FOR PIN OR CVV.,Bank,Bank_15
Missed our shows? Come back to Hotstar at 50% off for 3 months. Resubscribe: bit.ly/ZXducM,Promo,Promo_19
CONFIRMATION CODE 892104 FOR KOTAK. KEEP IT PRIVATE.,OTP,OTP_11
DELHIVERY: SHIPMENT OD3355203904 REACHED YOUR CITY HUB. EXPECTED DELIVERY: 04 JUL.,Delivery,Delivery_4
You have 2298 reward points expiring on 04 Jul. Redeem on Meesho. T&C apply,Promo,Promo_20
Your return pickup for order OD5399396546 is scheduled on 05 Jul. Keep the item ready. -Swiggy,Delivery,Delivery_7
Delivered! Your Myntra order OD8965019165 was delivered on 04 Jul. Rate your experience: bit.ly/vRbrrX,Delivery,Delivery_2
Hungry? Get 70% off up to Rs.1841 on your next 3 orders. Code: EAT28. -Zomato T&C apply,Promo,Promo_12
Swiggy: Free delivery all weekend! Order your favourites now,Promo,Promo_13
Your A/c XX3095 is debited with Rs.97911 on 20-02-26 Info: UPI-Kiaan Bal: Rs.168994,Bank,Bank_2
426186 is your OTP for Amazon login. Valid for 5 minutes. Do not share with anyone.,OTP,OTP_0
Hungry? Get 60% off up to Rs.858 on your next 3 orders. Code: EAT52. -Swiggy,Promo,Promo_12
Your SIM will be deactivated in 24hrs. Verify Aadhaar: bit.ly/pLHorS,Spam,Hard_13
Your order OD5108800202 from Myntra is arriving tomorrow. Keep Rs.1822 ready for COD. STOP to opt out,Delivery,Delivery_3
VANYA FROM BLUEDART IS ARRIVING WITH YOUR PACKAGE. CONTACT: 09309374519,Delivery,Delivery_6
Your Amazon membership expires soon Renew now & save 60%: bitly/pyBGcA,Promo,Promo_9
"Hey, my new number is 06853779512. Save it! Meet at noon?",Personal,Hard_4
Data exhausted? Get 2GB extra with INR 1559 booster pack. Dial *121# or visit app.,Promo,Promo_11
IRCTC: Special trains added for festive season Book early & save up to 70%,Promo,Promo_17
  Cheque no. 403423901599 for Rs.71609 has been cleared from A/c XX7596. -Axis Bank,Bank,Bank_8
Enter 279497 to verify your mobile number for BOB. STOP to opt out,OTP,OTP_10
PhonePe: 39468 is your login OTP. It expires in 2 minutes. T&C apply,OTP,OTP_6
Interest of Rs.74925 credited to your FD A/c XX8315. -HDFC Bank T&C apply,Bank,Bank_9
swiggy: free delivery all weekend! order your favourites now.,Promo,Promo_13
MEGA SALE! Get 70% OFF on all products at Flipkart. Shop now: bit.ly/NDCpRf T&C apply.,Promo,Promo_0
Delivered! Your Amazon order OD1468100057 was delivered on 05 Jul. Rate your experience: bit.ly/sCzoOE T&C apply,Delivery,Delivery_2
629849 - use this code to sign in to myntra. never share it with anyone.,OTP,OTP_7
Work from home! Earn Rs.2303337/month Join: bitly/DwVlFo,Spam,Hard_14
  Your credit card XX3357 statement is ready. Total due: Rs.12002. Min due: Rs.3947. -HDFC Bank,Bank,Bank_5
Your OTP is 306773. Use it to verify your Netflix account. Expires in 2 min.,OTP,OTP_1
YOUR UBER CODE: 7892,OTP,Hard_8
OTP  for delivery of order OD1525768468 is 1941. Share only with the delivery agent. -DTDC,Delivery,Delivery_9
FLIGHT FARES DROPPED! HYD-CCU FROM RS.1998. BOOK ON MAKEMYTRIP BEFORE MIDNIGHT.,Promo,Promo_16
547702  - use this code to sign in to Zomato. Never share it with anyone.,OTP,OTP_7
Your return pickup for order OD3626761961 is scheduled on 06 Jul. Keep the item ready. -Amazon,Delivery,Delivery_7
Salary of Rs.42685 credited to A/c XX3352. Avl Bal: Rs.369758. -BOB,Bank,Bank_7
zomato: your cart misses you! complete purchase now & get 30% off. bit.ly/gxuzlk,Promo,Promo_4
"Class shifted to room 2969, come fast",Personal,Hard_6
ALERT: INR 57583 withdrawn from ATM using card XX4365 on 22-05-26. Bal: INR 415683. -Axis Bank,Bank,Bank_3
"Class shifted to room 9570, come fast",Personal,Hard_6
congratulations! you won rs.1112020 in lucky draw. claim: bit.ly/scnsbg,Spam,Hard_12
G-568254 is your Google verification code.,OTP,OTP_12
Your SIM will be deactivated in 24hrs. Verify Aadhaar: bit.ly/rYhbCe,Spam,Hard_13
Interest of Rs.96918 credited to your FD A/c XX9614. -ICICI Bank,Bank,Bank_9
Beware of fraud calls asking for card details. SBI officials never ask for PIN or CVV.,Bank,Bank_15
Recharge with Rs.1468 & get 40% extra talktime. Offer valid today only!,Promo,Promo_5
HUNGRY? GET 50% OFF UP TO RS.564 ON YOUR NEXT 3 ORDERS. CODE: EAT73. -SWIGGY,Promo,Promo_12
Last day! Meesho clearance sale ends tonight. Up to 20% off sitewide.,Promo,Promo_8
Recharge with Rs.153 & get 20% extra talktime. Offer valid today only!,Promo,Promo_5
  Your Uber code: 8157,OTP,Hard_8
OTP for delivery of order OD5670460873 is 7359. Share only with the delivery agent. -XpressBees,Delivery,Delivery_9
pay rs.592 on delivery for order od245044162. -delhivery,Delivery,Hard_10
251804 IS YOUR NETFLIX SECURITY CODE. ANYONE ASKING FOR IT IS A SCAMMER.,OTP,OTP_9
Meesho: Your cart misses you! Complete purchase now & get 30% off. bit.ly/iHXeui,Promo,Promo_4
ALERT: Rs.9269 withdrawn from ATM using card XX5580 on 24-02-26. Bal: Rs.176787. -ICICI Bank,Bank,Bank_3
Your Uber code: 1475,OTP,Hard_8
Your Airtel pack expires tomorrow. Recharge with Rs.1215 for 2GB/day + unlimited calls.,Promo,Promo_10
  Zaid from DTDC is arriving with your package. Contact: 08225666539,Delivery,Delivery_6
Salary of Rs.72233 credited to A/c XX9637. Avl Bal: Rs.331540. -BOB,Bank,Bank_7
891882 - use this to sign in. Never share this code with anyone.,OTP,Hard_7
Confirmation code 586306 for BOB. Keep it private.,OTP,OTP_11
rs.6650 debited from a/c xx2528 on 03-04-26 to lucky. avl bal: rs.145889. -icici bank,Bank,Bank_0
Delivery attempt failed for order OD5928735152. We will retry tomorrow. -Ekart,Delivery,Delivery_5
Your return pickup for order OD9168984314 is scheduled on 03 Jul. Keep the item ready. -BigBasket,Delivery,Delivery_7
Your Flipkart order OD3257345890 has been shipped via Ekart. Track: bit.ly/ngseoI,Delivery,Delivery_0
  Dear customer ur Axis Bank account will be blocked! Update KYC now: bit.ly/ejNpQb,Spam,Hard_11
YOUR ACCOUNT STATEMENT FOR JULY IS AVAILABLE. DOWNLOAD FROM THE BOB APP.,Bank,Bank_16
Work from home! Earn Rs.1660034/month. Join: bit.ly/PiGHTh,Spam,Hard_14
Rs.22349  credited to A/c XX8167 on 03-05-26. Avl Bal: Rs.315810. -ICICI Bank,Bank,Bank_1
Use code 4288 at checkout for 50% off at Zomato!,Promo,Hard_0
  <#> 436559 is your Netflix code. Valid 5 min. hA8sk2Lqp3,OTP,OTP_13
items in your order history are back in stock at amazon. prices start rs.54.,Promo,Promo_23
U have 2622 reward points expiring on 03 Jul. Redeem on BigBasket.,Promo,Promo_20
DELIVERY ATTEMPT FAILED FOR ORDER OD4390374465. WE WILL RETRY TOMORROW. -XPRESSBEES,Delivery,Delivery_5
Hungry? Get 40% off up to Rs.1440 on your next 3 orders Code: EAT58 -Swiggy,Promo,Promo_12
Enter 941729 to verify your mobile number for PhonePe.,OTP,OTP_10
Congratulations! U won Rs.796956 in lucky draw. Claim: bit.ly/LXznjB,Spam,Hard_12
"Hi Ojasvi, unlock Rs.590 off ur first order at Flipkart with code NEW48.",Promo,Promo_7
Beware of fraud calls asking for card details. ICICI Bank officials never ask for PIN or CVV.,Bank,Bank_15
Swiggy: Free delivery all weekend! Order your favourites now. T&C apply,Promo,Promo_13
Swiggy Big Billion Days! Up to 10% off + extra 10% with BOB cards. Hurry!,Promo,Promo_1
Your order OD7882694421 from Zomato is arriving tomorrow. Keep INR 4509 ready for COD.,Delivery,Delivery_3
Your  Airtel pack expires tomorrow. Recharge with Rs.1890 for 3GB/day + unlimited calls.,Promo,Promo_10
Your A/c XX5094 is debited with Rs.80812 on 22-03-26. Info: UPI-Chakradhar. Bal: Rs.59104,Bank,Bank_2
your uber code: 1646,OTP,Hard_8
195275 - use this code to sign in to PNB. Never share it with anyone.,OTP,OTP_7
Dear  customer ur PNB account will be blocked! Update KYC now: bit.ly/KJHkLV,Spam,Hard_11
Your order OD7431396956 from Flipkart is arriving tomorrow Keep Rs.2252 ready for COD,Delivery,Delivery_3
Items in your order history are back in stock at Swiggy. Prices start Rs.687.,Promo,Promo_23
Flight fares dropped! BLR-LKO from INR 554. Book on ixigo before midnight.,Promo,Promo_16
<#> 403676 is your Ola code Valid 15 min hA8sk2Lqp3,OTP,OTP_13
dtdc: shipment od9480697779 reached your city hub. expected delivery: 04 jul.,Delivery,Delivery_4
recharge with rs.341 & get 30% extra talktime. offer valid today only!,Promo,Promo_5
OTP-based login was enabled for your A/c XX3842 Call Axis Bank if this wasn't you,Bank,Hard_2
Your SIM will be deactivated in 24hrs. Verify Aadhaar: bit.ly/AazYfe,Spam,Hard_13
Delivery attempt failed for order OD3785362337 We will retry tomorrow -Delhivery,Delivery,Delivery_5
442026 - use this to sign in. Never share this code with anyone. STOP to opt out,OTP,Hard_7
Rs.76808 credited to A/c XX2817 on 29-03-26. Avl Bal: Rs.13781. -SBI,Bank,Bank_1
Low balance alert: A/c XX2285 balance is Rs.177636. Maintain min balance to avoid charges.,Bank,Bank_10
YOUR OTP IS 958589. USE IT TO VERIFY YOUR ICICI BANK ACCOUNT. EXPIRES IN 2 MIN.,OTP,OTP_1
OTP-based login was enabled for your A/c XX2610. Call BOB if this wasn't you.,Bank,Hard_2
Out for delivery: Your Zomato package OD7888837062 will arrive today by 12 PM. -DTDC,Delivery,Delivery_1
MEGA SALE! Get 20% OFF on all products at Flipkart. Shop now: bit.ly/uUoMtj T&C apply.,Promo,Promo_0
Enter 581050 to verify ur mobile number for Myntra.,OTP,OTP_10
Zomato: Free delivery all weekend! Order your favourites now. T&C apply,Promo,Promo_13
Your Myntra membership expires soon. Renew now & save 70%: bit.ly/CrUMFP,Promo,Promo_9
IRCTC: Special trains added for festive season. Book early & save up to 40%. -TM,Promo,Promo_17
Work from home! Earn Rs.471241/month Join: bitly/Nmwjjp,Spam,Hard_14
  Your BOB debit card XX1016 has been blocked due to suspicious activity. Visit branch or call 1800-XXX to unblock.,Bank,Bank_11
otp for delivery of order od2850571807 is 9199. share only with the delivery agent. -bluedart,Delivery,Delivery_9
Your Uber code: 1973,OTP,Hard_8
  Use 61201 to complete your Amazon registration. Valid till 15 mins.,OTP,OTP_4
Interest of Rs.36020 credited to ur FD A/c XX1414. -HDFC Bank,Bank,Bank_9
Your Swiggy order OD9520498024 has been shipped via Delhivery. Track: bit.ly/IJtpCr,Delivery,Delivery_0
INTEREST OF RS.48033 CREDITED TO YOUR FD A/C XX3810. -AXIS BANK,Bank,Bank_9
confirmation code 380848 for gpay. keep it private.,OTP,OTP_11
Use 797078 to complete your BigBasket registration. Valid till 15 mins.,OTP,OTP_4
Order OD6881162014 packed and ready! Expected dispatch by 02 Jul. -Meesho,Delivery,Delivery_8
302930 - USE THIS CODE TO SIGN IN TO AMAZON. NEVER SHARE IT WITH ANYONE.,OTP,OTP_7
Delivery attempt failed for order OD2670753738. We will retry tomorrow. -DTDC T&C apply,Delivery,Delivery_5
  OTP-based login was enabled for your A/c XX1246. Call BOB if this wasn't you.,Bank,Hard_2
"hey, my new number is +918100665226. save it! meet at 8?",Personal,Hard_4
Cheque no. 723091194440 for Rs.4372 has been cleared from A/c XX2104. -PNB,Bank,Bank_8
<#>  736385 is your Kotak code. Valid 10 min. hA8sk2Lqp3,OTP,OTP_13
Beware of fraud calls asking for card details. HDFC Bank officials never ask for PIN or CVV.,Bank,Bank_15
Ur A/c XX8745 is debited with Rs.22828 on 04-05-26. Info: UPI-Kashvi. Bal: Rs.131858,Bank,Bank_2
congratulations! you won rs.1859823 in lucky draw. claim: bit.ly/fwcyuh,Spam,Hard_12
Congratulations! You won Rs.1792284 in lucky draw. Claim: bit.ly/kmSJTK,Spam,Hard_12
Your  order OD9879316032 from Amazon is arriving tomorrow. Keep Rs.1787 ready for COD.,Delivery,Delivery_3
Ur OTP is 758513. Use it to verify ur IRCTC account. Expires in 5 min.,OTP,OTP_1
Rs.75701 debited from A/c XX3774 on 27-03-26 to Wahab. Avl Bal: Rs.62007. -HDFC Bank,Bank,Bank_0
Your account statement for June is available. Download from the ICICI Bank app.,Bank,Bank_16
You  have 3078 reward points expiring on 03 Jul. Redeem on Myntra.,Promo,Promo_20
"Hey,  my new number is 02316671943. Save it! Meet at noon?",Personal,Hard_4
NETFLIX: 341984 IS YOUR LOGIN OTP. IT EXPIRES IN 2 MINUTES.,OTP,OTP_6
Auto-pay of INR 10759 to Upma is scheduled on 28-04-26 from A/c XX9674. Ensure sufficient balance.,Bank,Bank_13
Last day! Zomato clearance sale ends tonight. Up to 80% off sitewide.,Promo,Promo_8
Auto-pay of INR 4152 to Daksha is scheduled on 13-03-26 from A/c XX5403. Ensure sufficient balance.,Bank,Bank_13
your credit card xx5829 statement is ready. total due: rs.63804. min due: rs.1233. -sbi,Bank,Bank_5
SALARY OF RS.97027 CREDITED TO A/C XX4133. AVL BAL: RS.399951. -SBI,Bank,Bank_7
ENTER 632625 TO VERIFY YOUR MOBILE NUMBER FOR SWIGGY.,OTP,OTP_10
Tap to verify: 401988 This code expires shortly,OTP,Hard_9
Order OD5059993500 packed and ready! Expected dispatch by 02 Jul. -Zomato,Delivery,Delivery_8
Low balance alert: A/c XX2712 balance is Rs.34652. Maintain min balance to avoid charges.,Bank,Bank_10
Zomato Big Billion Days! Up to 70% off + extra 10% with BOB cards. Hurry!,Promo,Promo_1
Cheque no. 204160124512 for INR 18517 has been cleared from A/c XX2941. -ICICI Bank,Bank,Bank_8
916946 is your PNB security code. Anyone asking for it is a scammer.,OTP,OTP_9
Flat  Rs.1996 cashback on your next order at Swiggy. Use code SAVE15. Valid till 06 Jul.,Promo,Promo_2
Ur Axis Bank debit card XX7191 has been blocked due to suspicious activity. Visit branch or call 1800-XXX to unblock.,Bank,Bank_11
INR 1519 cashback credited to your Amazon Pay wallet. Use on your next order.,Promo,Promo_21
zomato: your cart misses you! complete purchase now & get 10% off. bit.ly/oobkua,Promo,Promo_4
Your Jio pack expires tomorrow. Recharge with Rs.362 for 3GB/day + unlimited calls.,Promo,Promo_10
Delivery  attempt failed for order OD4195653452. We will retry tomorrow. -Ekart,Delivery,Delivery_5
  Interest of Rs.51162 credited to your FD A/c XX9130. -PNB,Bank,Bank_9
Rs.708 cashback credited to your Paytm wallet. Use on your next order. STOP to opt out,Promo,Promo_21
OTP: 354246 for txn of Rs.32728 at Hotstar. Do not share. -Kotak,OTP,OTP_2
otp-based login was enabled for your a/c xx7862. call hdfc bank if this wasn't you.,Bank,Hard_2
Auto-pay of Rs.21244 to Vinaya is scheduled on 13-06-26 from A/c XX9116. Ensure sufficient balance.,Bank,Bank_13
Your Kotak debit card XX9366 has been blocked due to suspicious activity. Visit branch or call 1800-XXX to unblock.,Bank,Bank_11
ALERT: Rs.56433 withdrawn from ATM using card XX7614 on 02-03-26. Bal: Rs.202621. -Kotak,Bank,Bank_3
otp: 120856 for txn of rs.37185 at zomato. do not share. -sbi,OTP,OTP_2
OTP:  230167 for txn of Rs.44705 at Kotak. Do not share. -ICICI Bank,OTP,OTP_2
OTP:  954671 for txn of Rs.16837 at BOB. Do not share. -PNB,OTP,OTP_2
Cheque no. 772127479613 for INR 51236 has been cleared from A/c XX4813. -ICICI Bank,Bank,Bank_8
Dear  customer ur Axis Bank account will be blocked! Update KYC now: bit.ly/hVjJKx,Spam,Hard_11
Low balance alert: A/c XX7494 balance is Rs.354923 Maintain min balance to avoid charges,Bank,Bank_10
Flight fares dropped! BOM-LKO from Rs.1123. Book on Goibibo before midnight.,Promo,Promo_16
"Hi Janya, unlock Rs.1887 off your first order at Swiggy with code NEW68. STOP to opt out",Promo,Promo_7
MEGA SALE! Get 70% OFF on all products at Swiggy. Shop now: bit.ly/zHDDjY T&C apply.,Promo,Promo_0
Cheque no 333273148012 for Rs.49362 has been cleared from A/c XX6677 -Axis Bank,Bank,Bank_8
  697238 is your OTP for Ola login. Valid for 2 minutes. Do not share with anyone.,OTP,OTP_0
KYC UPDATE PENDING FOR A/C XX8931. PLEASE VISIT YOUR NEAREST SBI BRANCH BY 02-06-26 TO AVOID RESTRICTIONS.,Bank,Bank_12
Hredhaan from BlueDart is arriving with your package. Contact: 05933422437,Delivery,Delivery_6
Delivered!  Your Zomato order OD7459904271 was delivered on 06 Jul. Rate your experience: bit.ly/bMfFiu,Delivery,Delivery_2
hardik from bluedart is arriving with your package. contact: 07203906009,Delivery,Delivery_6
991036  is your Myntra security code. Anyone asking for it is a scammer.,OTP,OTP_9
Your SIM will be deactivated in 24hrs Verify Aadhaar: bitly/npruNA,Spam,Hard_13
Your A/c XX1564 is debited with Rs.18638 on 02-06-26. Info: UPI-Reyansh. Bal: Rs.210769,Bank,Bank_2
YOUR CREDIT CARD XX2714 STATEMENT IS READY. TOTAL DUE: RS.44774. MIN DUE: RS.1343. -ICICI BANK,Bank,Bank_5
your order od3691739151 from bigbasket is arriving tomorrow. keep rs.1958 ready for cod.,Delivery,Delivery_3
  KYC update pending for A/c XX5942. Please visit your nearest BOB branch by 18-03-26 to avoid restrictions.,Bank,Bank_12
otp: 938102 for txn of rs.20966 at hotstar. do not share. -bob,OTP,OTP_2
UPI payment of Rs.15566 to Lekha successful. UPI Ref: 214190099467. -Kotak,Bank,Bank_6
Enter 359301 to verify your mobile number for HDFC Bank.,OTP,OTP_10
"Your Kotak health insurance renewal is due 06 Jul. Renew online, save 50% on premium.",Promo,Promo_24
743529  is your Ola security code. Anyone asking for it is a scammer.,OTP,OTP_9
OTP for delivery of order OD1009093017 is 1415. Share only with the delivery agent. -Delhivery,Delivery,Delivery_9
Recharge with INR 1859 & get 70% extra talktime. Offer valid today only!,Promo,Promo_5
Your Hotstar plan renews on 06 Jul at Rs.680. Upgrade to 4K for Rs.868/month.,Promo,Promo_18
Meesho: 322229 is your login OTP. It expires in 5 minutes.,OTP,OTP_6
  Kotak: 104247 is your login OTP. It expires in 5 minutes.,OTP,OTP_6
HUNGRY? GET 40% OFF UP TO RS.1690 ON YOUR NEXT 3 ORDERS. CODE: EAT53. -ZOMATO,Promo,Promo_12
OTP for delivery of order OD8220582332 is 4714. Share only with the delivery agent. -Ekart,Delivery,Delivery_9
YOUR A/C XX3647 IS DEBITED WITH RS.76 ON 30-03-26. INFO: UPI-YOSHITA. BAL: RS.462896,Bank,Bank_2
  Your FD of Rs.68444 matures on 11-01-26. Renew or withdraw via netbanking. -Axis Bank,Bank,Bank_14
Zomato: 967311 is your login OTP. It expires in 30 minutes. STOP to opt out,OTP,OTP_6
Ur one time password is 71527 for IRCTC. Please do not share it.,OTP,OTP_5
  You have 1478 reward points expiring on 05 Jul. Redeem on Meesho.,Promo,Promo_20
  Zomato: Free delivery all weekend! Order your favourites now.,Promo,Promo_13
EMI of Rs.62525 due on 23-02-26 for loan A/c XX3793. Pay now to avoid charges. -PNB,Bank,Bank_4
Flat Rs.534 cashback on ur next order at Amazon. Use code SAVE89. Valid till 05 Jul.,Promo,Promo_2
Hungry? Get 40% off up to Rs.1417 on your next 3 orders. Code: EAT37. -Swiggy,Promo,Promo_12
Your account statement for August is available. Download from the BOB app.,Bank,Bank_16
G-934115 is your Google verification code.,OTP,OTP_12
Confirmation code 110996 for Ola. Keep it private.,OTP,OTP_11
Vinaya from Ekart is arriving with your package. Contact: +914325316667,Delivery,Delivery_6
647218 - use this to sign in. Never share this code with anyone.,OTP,Hard_7
<#> 613005 is your pnb code. valid 10 min. ha8sk2lqp3,OTP,OTP_13
Rs.39729 credited to A/c XX9461 on 04-05-26. Avl Bal: Rs.179950. -ICICI Bank,Bank,Bank_1
UPI payment of Rs.90582 to Siya successful. UPI Ref: 861393257746. -ICICI Bank,Bank,Bank_6
Tap to verify: 954249. This code expires shortly.,OTP,Hard_9
otp-based login was enabled for your a/c xx5598. call pnb if this wasn't you.,Bank,Hard_2
PNB: 651033 is your login OTP. It expires in 2 minutes. T&C apply,OTP,OTP_6
Rs.91793 credited to A/c XX5443 on 23-02-26. Avl Bal: Rs.313308. -Kotak -TM,Bank,Bank_1
Netflix: 474600 is your login OTP. It expires in 10 minutes.,OTP,OTP_6
  Low balance alert: A/c XX8715 balance is Rs.136260. Maintain min balance to avoid charges.,Bank,Bank_10
134735 is your verification code for Hotstar. Never share your OTP.,OTP,OTP_3
EMI of Rs.77301 due on 13-06-26 for loan A/c XX4097 Pay now to avoid charges -HDFC Bank,Bank,Bank_4
  UPI payment of Rs.52504 to Ishaan successful. UPI Ref: 576971733361. -PNB,Bank,Bank_6
Interest of Rs.9774 credited to your FD A/c XX7444. -PNB -TM,Bank,Bank_9
IRCTC: Special trains added for festive season. Book early & save up to 40%.,Promo,Promo_17
  Your IRCTC code: 965148,OTP,OTP_8
Your Flipkart membership expires soon. Renew now & save 60%: bit.ly/kRDhwa,Promo,Promo_9
DELIVERED! YOUR ZOMATO ORDER OD5496374461 WAS DELIVERED ON 04 JUL. RATE YOUR EXPERIENCE: BIT.LY/RAWJGF,Delivery,Delivery_2
OTP for delivery of order OD1609917806 is 1572. Share only with the delivery agent. -Delhivery,Delivery,Delivery_9
Your  OTP is 414483. Use it to verify your Netflix account. Expires in 10 min.,OTP,OTP_1
Your  Axis Bank debit card XX3297 has been blocked due to suspicious activity. Visit branch or call 1800-XXX to unblock.,Bank,Bank_11
Flight  fares dropped! BLR-CCU from Rs.625. Book on ixigo before midnight.,Promo,Promo_16
"Never share your OTP, PIN or CVV. Axis Bank never asks for these. Stay safe.",Bank,Hard_3
Your Hotstar plan renews on 02 Jul at Rs.476. Upgrade to 4K for Rs.635/month.,Promo,Promo_18
Your Swiggy order OD6416803060 has been shipped via Ekart. Track: bit.ly/dFpggJ,Delivery,Delivery_0
Rs.61495 debited from A/c XX7928 on 12-02-26 to David Avl Bal: Rs.425466 -SBI,Bank,Bank_0
  Interest of Rs.95023 credited to your FD A/c XX9328. -PNB,Bank,Bank_9
889675  is your OTP for Hotstar login. Valid for 2 minutes. Do not share with anyone.,OTP,OTP_0
979025 - use this code to sign in to BigBasket. Never share it with anyone.,OTP,OTP_7
  <#> 694568 is your Meesho code. Valid 2 min. hA8sk2Lqp3,OTP,OTP_13
Confirmation code 37688 for Meesho. Keep it private. STOP to opt out,OTP,OTP_11
XpressBees: Shipment OD3579624233 reached ur city hub. Expected delivery: 05 Jul.,Delivery,Delivery_4
Weekend special at Flipkart! Min 10% off on everything. Don't miss out: bit.ly/DKiijM,Promo,Promo_6
"Never share your OTP, PIN or CVV. SBI never asks for these. Stay safe.",Bank,Hard_3
  Rs.97714 debited from A/c XX4251 on 17-06-26 to Avni. Avl Bal: Rs.122546. -HDFC Bank,Bank,Bank_0
OTP: 201537 for txn of Rs.24225 at Paytm. Do not share. -Kotak T&C apply,OTP,OTP_2
  DTDC: Shipment OD8509202636 reached your city hub. Expected delivery: 03 Jul.,Delivery,Delivery_4
795191 - use this to sign in. Never share this code with anyone.,OTP,Hard_7
Delhivery: Shipment OD2960594665 reached your city hub. Expected delivery: 04 Jul.,Delivery,Delivery_4
521938 is your verification code for Swiggy. Never share your OTP.,OTP,OTP_3
Delivery attempt failed for order OD8305118676. We will retry tomorrow. -Ekart,Delivery,Delivery_5
Your one time password is 938689 for Myntra. Please do not share it.,OTP,OTP_5
Uber: 539040 is your login OTP. It expires in 5 minutes.,OTP,OTP_6
Beware of fraud calls asking for card details. Axis Bank officials never ask for PIN or CVV.,Bank,Bank_15
694005 - use this to sign in. Never share this code with anyone.,OTP,Hard_7
841694  is your HDFC Bank security code. Anyone asking for it is a scammer.,OTP,OTP_9
Confirmation code 314501 for Zomato. Keep it private.,OTP,OTP_11
Beware of fraud calls asking for card details. Axis Bank officials never ask for PIN or CVV.,Bank,Bank_15
order od8172667820 packed and ready! expected dispatch by 03 jul. -swiggy,Delivery,Delivery_8
Dear customer ur BOB account will be blocked! Update KYC now: bit.ly/mKQhTL,Spam,Hard_11
Enter 807804 to verify your mobile number for Uber.,OTP,OTP_10
Exclusive for you! Buy 1 Get 1 FREE at Myntra. Limited period offer. Visit bit.ly/qWEDlk T&C apply,Promo,Promo_3
Amazon: Your cart misses you! Complete purchase now & get 10% off. bit.ly/ctCBZP,Promo,Promo_4
Order OD2926961519 packed and ready! Expected dispatch by 04 Jul. -BigBasket,Delivery,Delivery_8
Delivery attempt failed for order OD6886539202. We will retry tomorrow. -XpressBees,Delivery,Delivery_5
IRCTC: Special trains added for festive season Book early & save up to 20%,Promo,Promo_17
G-709900 is your Google verification code. T&C apply,OTP,OTP_12
<#> 480607 is your Amazon code. Valid 2 min. hA8sk2Lqp3,OTP,OTP_13
  Pre-approved! Get a SBI credit card with Rs.407789 limit. Zero joining fee. Apply: bit.ly/FlXcWG,Promo,Promo_14
Congratulations! U won Rs.2162999 in lucky draw. Claim: bit.ly/kgZIhf,Spam,Hard_12
Rs.8459 debited from A/c XX1417 on 25-06-26 to Kabir. Avl Bal: Rs.231098. -BOB,Bank,Bank_0
Pay Rs.4180 on delivery for order OD917628038 -Delhivery,Delivery,Hard_10
Exclusive for you! Buy 1 Get 1 FREE at Swiggy. Limited period offer. Visit bit.ly/AVsVlX,Promo,Promo_3
"Hi  Gautami, unlock Rs.303 off your first order at Swiggy with code NEW38.",Promo,Promo_7
  Cheque no. 790743625853 for Rs.10929 has been cleared from A/c XX8422. -PNB,Bank,Bank_8
"Hi Lohit, unlock Rs.615 off your first order at Swiggy with code NEW88.",Promo,Promo_7
Your account statement for August is available Download from the BOB app,Bank,Bank_16
"  Your SBI health insurance renewal is due 05 Jul. Renew online, save 60% on premium.",Promo,Promo_24
  Your ICICI Bank debit card XX3311 has been blocked due to suspicious activity. Visit branch or call 1800-XXX to unblock.,Bank,Bank_11
Your account statement for August is available. Download from the PNB app.,Bank,Bank_16
Your Netflix code: 894930,OTP,OTP_8
Ur account statement for August is available. Download from the ICICI Bank app.,Bank,Bank_16
Your Swiggy membership expires soon. Renew now & save 40%: bit.ly/CjOuKu T&C apply,Promo,Promo_9
496879 is your bob security code. anyone asking for it is a scammer.,OTP,OTP_9
"  Your HDFC Bank health insurance renewal is due 01 Jul. Renew online, save 30% on premium.",Promo,Promo_24
Congratulations! You won Rs.305983 in lucky draw. Claim: bit.ly/YLPgTW -TM,Spam,Hard_12
Tap to verify: 303788 This code expires shortly,OTP,Hard_9
Your Uber code: 2846,OTP,Hard_8
YOUR SWIGGY MEMBERSHIP EXPIRES SOON. RENEW NOW & SAVE 40%: BIT.LY/WVBWWP,Promo,Promo_9
BigBasket: Your cart misses you! Complete purchase now & get 20% off. bit.ly/MQEGlz,Promo,Promo_4
"Bro send me Rs.3301 on gpay, will return by 06 Jul",Personal,Hard_5
Beware of fraud calls asking for card details BOB officials never ask for PIN or CVV,Bank,Bank_15
MISSED OUR SHOWS? COME BACK TO HOTSTAR AT 50% OFF FOR 3 MONTHS. RESUBSCRIBE: BIT.LY/KZPFYW,Promo,Promo_19
Out for delivery: Your Amazon package OD6502573148 will arrive today by 3 PM -BlueDart,Delivery,Delivery_1
Data exhausted? Get 2GB extra with Rs.384 booster pack. Dial *121# or visit app. -TM,Promo,Promo_11
Loved your recent Flipkart order? Reorder in 1 tap and get 50% off today.,Promo,Promo_22
EMI of Rs.36138 due on 06-03-26 for loan A/c XX6579. Pay now to avoid charges. -BOB,Bank,Bank_4
Your Hotstar plan renews on 01 Jul at Rs.1102. Upgrade to 4K for Rs.317/month. -TM,Promo,Promo_18
Your Hotstar plan renews on 02 Jul at Rs.1838. Upgrade to 4K for Rs.782/month.,Promo,Promo_18
Enter 59881 to verify ur mobile number for Flipkart.,OTP,OTP_10
Your OTP is 493593. Use it to verify your Myntra account. Expires in 15 min.,OTP,OTP_1
Your account statement for July is available Download from the PNB app,Bank,Bank_16
  Your return pickup for order OD9526213672 is scheduled on 04 Jul. Keep the item ready. -Myntra,Delivery,Delivery_7
891854 - use this code to sign in to Zomato Never share it with anyone,OTP,OTP_7
Delhivery: Shipment OD1404158731 reached your city hub. Expected delivery: 02 Jul.,Delivery,Delivery_4
Dear customer ur BOB account will be blocked! Update KYC now: bit.ly/uWCnnn,Spam,Hard_11
810187 - USE THIS CODE TO SIGN IN TO IRCTC. NEVER SHARE IT WITH ANYONE.,OTP,OTP_7
Enter 656254 to verify your mobile number for Myntra. STOP to opt out,OTP,OTP_10
  Your Myntra membership expires soon. Renew now & save 40%: bit.ly/vzdrcw,Promo,Promo_9
RS.63188 CREDITED TO A/C XX7636 ON 28-05-26. AVL BAL: RS.149172. -PNB,Bank,Bank_1
order od9399364711 packed and ready! expected dispatch by 03 jul. -swiggy,Delivery,Delivery_8
order od2591833867 packed and ready! expected dispatch by 06 jul. -meesho,Delivery,Delivery_8
Fitan from DTDC is arriving with your package. Contact: 05253587405 T&C apply,Delivery,Delivery_6
Your Zomato order OD8373875042 has been shipped via DTDC. Track: bit.ly/llfSLO,Delivery,Delivery_0
Pre-approved! Get a PNB credit card with Rs.220415 limit Zero joining fee Apply: bitly/cjEEvN,Promo,Promo_14
Last  day! Zomato clearance sale ends tonight. Up to 60% off sitewide.,Promo,Promo_8
ALERT:  Rs.20341 withdrawn from ATM using card XX5141 on 11-01-26. Bal: Rs.67274. -HDFC Bank,Bank,Bank_3
OTP-based login was enabled for your A/c XX7773. Call ICICI Bank if this wasn't you.,Bank,Hard_2
Myntra Big Billion Days! Up to 80% off + extra 10% with Axis Bank cards Hurry!,Promo,Promo_1
YOUR CREDIT CARD XX1566 STATEMENT IS READY. TOTAL DUE: RS.34599. MIN DUE: RS.1306. -AXIS BANK,Bank,Bank_5
INTEREST OF RS.75584 CREDITED TO YOUR FD A/C XX5180. -PNB,Bank,Bank_9
Your  credit card XX7253 statement is ready. Total due: Rs.33918. Min due: Rs.557. -HDFC Bank,Bank,Bank_5
Your  return pickup for order OD4998613613 is scheduled on 06 Jul. Keep the item ready. -Myntra,Delivery,Delivery_7
Your account statement for July is available. Download from the Kotak app.,Bank,Bank_16
Hungry? Get 80% off up to Rs.938 on your next 3 orders. Code: EAT29. -Swiggy,Promo,Promo_12
CHEQUE NO. 919293910477 FOR RS.48558 HAS BEEN CLEARED FROM A/C XX6181. -BOB,Bank,Bank_8
Out for delivery: Your Zomato package OD5635933760 will arrive today by 6 PM. -XpressBees,Delivery,Delivery_1
Delivered! Your Swiggy order OD9494175428 was delivered on 03 Jul. Rate your experience: bit.ly/HpTUpx,Delivery,Delivery_2
G-677123 is your Google verification code.,OTP,OTP_12
Order  OD6144750945 packed and ready! Expected dispatch by 01 Jul. -Swiggy,Delivery,Delivery_8
563909 - use this to sign in. Never share this code with anyone.,OTP,Hard_7
Order OD6902918939 packed and ready! Expected dispatch by 02 Jul. -BigBasket,Delivery,Delivery_8
SWIGGY: FREE DELIVERY ALL WEEKEND! ORDER YOUR FAVOURITES NOW.,Promo,Promo_13
"Your HDFC Bank health insurance renewal is due 06 Jul. Renew online, save 10% on premium.",Promo,Promo_24
Your Uber code: 7780,OTP,Hard_8
"Hi Chanchal, unlock Rs.399 off your first order at Zomato with code NEW32",Promo,Promo_7
"  Bro send me Rs.3528 on gpay, will return by 03 Jul",Personal,Hard_5
G-660857 is your Google verification code. -TM,OTP,OTP_12
  Tap to verify: 689714. This code expires shortly.,OTP,Hard_9
Congratulations! You won Rs.861215 in lucky draw. Claim: bit.ly/pJptkU STOP to opt out,Spam,Hard_12
"Your  Kotak health insurance renewal is due 02 Jul. Renew online, save 70% on premium.",Promo,Promo_24
YOUR ACCOUNT STATEMENT FOR JUNE IS AVAILABLE. DOWNLOAD FROM THE SBI APP.,Bank,Bank_16
Your order OD2783607396 from Swiggy is arriving tomorrow. Keep Rs.4345 ready for COD.,Delivery,Delivery_3
IRCTC: Special trains added for festive season. Book early & save up to 60%.,Promo,Promo_17
Cheque no. 800935444464 for Rs.14364 has been cleared from A/c XX4239. -SBI,Bank,Bank_8
loved your recent myntra order? reorder in 1 tap and get 10% off today.,Promo,Promo_22
Flipkart: Your cart misses you! Complete purchase now & get 20% off bitly/hCQtft,Promo,Promo_4
304424  is your verification code for BigBasket. Never share your OTP.,OTP,OTP_3
Bhavya from DTDC is arriving with your package. Contact: 0860383605,Delivery,Delivery_6
Your FD of Rs.26238 matures on 27-05-26. Renew or withdraw via netbanking. -Axis Bank,Bank,Bank_14
"Hi Osha, unlock Rs.1031 off ur first order at BigBasket with code NEW39.",Promo,Promo_7
Ur FD of Rs.1109 matures on 01-04-26. Renew or withdraw via netbanking. -HDFC Bank,Bank,Bank_14
Recharge with Rs.1314 & get 40% extra talktime. Offer valid today only!,Promo,Promo_5
"Class shifted to room 8897, come fast",Personal,Hard_6
IRCTC: Special trains added for festive season. Book early & save up to 50%.,Promo,Promo_17
Your FD of Rs.54501 matures on 05-07-26. Renew or withdraw via netbanking. -SBI T&C apply,Bank,Bank_14
Rs.88296 debited from A/c XX6539 on 24-01-26 to Osha. Avl Bal: Rs.145766. -BOB,Bank,Bank_0
"Bro send me Rs.648 on gpay, will return by 06 Jul",Personal,Hard_5
Confirmation code 336118 for Meesho. Keep it private. -TM,OTP,OTP_11
Pre-approved! Get a Axis Bank credit card with Rs.311312 limit. Zero joining fee. Apply: bit.ly/oQpjhd,Promo,Promo_14
<#> 110365 is your Myntra code. Valid 30 min. hA8sk2Lqp3,OTP,OTP_13
Use 430950 to complete ur Ola registration. Valid till 2 mins.,OTP,OTP_4
Data exhausted? Get 1GB extra with Rs.658 booster pack. Dial *121# or visit app.,Promo,Promo_11
Delivered! Your Amazon order OD9871024862 was delivered on 04 Jul. Rate your experience: bit.ly/OCNSRh,Delivery,Delivery_2
Flat Rs.1131 cashback on your next order at Flipkart Use code SAVE14 Valid till 04 Jul,Promo,Promo_2
OTP for delivery of order OD8266088020 is 3824. Share only with the delivery agent. -Delhivery,Delivery,Delivery_9
EMI of Rs.31422 due on 11-03-26 for loan A/c XX8000. Pay now to avoid charges. -Kotak,Bank,Bank_4
OTP  for delivery of order OD4002008595 is 4641. Share only with the delivery agent. -DTDC,Delivery,Delivery_9
<#> 493769 is your Paytm code. Valid 30 min. hA8sk2Lqp3,OTP,OTP_13
Your OTP is 715075. Use it to verify your Netflix account. Expires in 10 min.,OTP,OTP_1
EMI of Rs.8010 due on 23-03-26 for loan A/c XX4985. Pay now to avoid charges. -HDFC Bank T&C apply,Bank,Bank_4
Flight fares dropped! BLR-MAA from Rs.1916. Book on Goibibo before midnight.,Promo,Promo_16
Your Kotak debit card XX1639 has been blocked due to suspicious activity. Visit branch or call 1800-XXX to unblock.,Bank,Bank_11
YOUR RETURN PICKUP FOR ORDER OD5406105863 IS SCHEDULED ON 02 JUL. KEEP THE ITEM READY. -AMAZON,Delivery,Delivery_7
  Recharge with Rs.1636 & get 50% extra talktime. Offer valid today only!,Promo,Promo_5
missed our shows? come back to prime video at 50% off for 3 months. resubscribe: bit.ly/alapcu,Promo,Promo_19
Your Uber code: 7424,OTP,Hard_8
Your order OD6031185304 from Swiggy is arriving tomorrow. Keep Rs.775 ready for COD.,Delivery,Delivery_3
UPI payment of Rs.73205 to Omya successful. UPI Ref: 180064907992. -SBI,Bank,Bank_6
Beware of fraud calls asking for card details. ICICI Bank officials never ask for PIN or CVV.,Bank,Bank_15
Your GPay code: 176787,OTP,OTP_8
XPRESSBEES: SHIPMENT OD2197144289 REACHED YOUR CITY HUB. EXPECTED DELIVERY: 02 JUL.,Delivery,Delivery_4
delivered! your swiggy order od2275120098 was delivered on 02 jul. rate your experience: bit.ly/mcltsh,Delivery,Delivery_2
"Class shifted to room 3109, come fast",Personal,Hard_6
OTP for delivery of order OD9790331497 is 1351. Share only with the delivery agent. -Ekart,Delivery,Delivery_9
851015 is your otp for bigbasket login. valid for 30 minutes. do not share with anyone.,OTP,OTP_0
Last day! Amazon clearance sale ends tonight. Up to 80% off sitewide.,Promo,Promo_8
Low balance alert: A/c XX2410 balance is INR 16639. Maintain min balance to avoid charges.,Bank,Bank_10
Delivered! Your Myntra order OD3473691356 was delivered on 04 Jul. Rate your experience: bit.ly/cmHvXy,Delivery,Delivery_2
  Out for delivery: Your Myntra package OD4117916765 will arrive today by 9 PM. -XpressBees,Delivery,Delivery_1
Delivered! Ur Myntra order OD7735791907 was delivered on 04 Jul. Rate ur experience: bit.ly/djgUMm,Delivery,Delivery_2
Delivered! Your Myntra order OD7013454725 was delivered on 02 Jul. Rate your experience: bit.ly/HvPJCC,Delivery,Delivery_2
Items in your order history are back in stock at Zomato. Prices start Rs.1307.,Promo,Promo_23
Your Swiggy order OD4091668880 has been shipped via Ekart. Track: bit.ly/LRJyPr,Delivery,Delivery_0
  Use code 4831 at checkout for 25% off at Amazon!,Promo,Hard_0
Order OD3016514675 packed and ready! Expected dispatch by 02 Jul. -Swiggy,Delivery,Delivery_8
Your  OTP is 14738. Use it to verify your Ola account. Expires in 5 min.,OTP,OTP_1
KYC update pending for A/c XX6064. Please visit ur nearest ICICI Bank branch by 04-06-26 to avoid restrictions.,Bank,Bank_12
"Hey,  my new number is 01670257732. Save it! Meet at tonight?",Personal,Hard_4
  Coupon 1203 gives you free delivery on orders above Rs.4196. -BigBasket,Promo,Hard_1
Missed our shows? Come back to SonyLIV at 50% off for 3 months. Resubscribe: bit.ly/DGssCp,Promo,Promo_19
USE 698821 TO COMPLETE YOUR ICICI BANK REGISTRATION. VALID TILL 2 MINS.,OTP,OTP_4
Your FD of Rs.33506 matures on 24-02-26. Renew or withdraw via netbanking. -PNB,Bank,Bank_14
Last day! Flipkart clearance sale ends tonight. Up to 70% off sitewide.,Promo,Promo_8
Exclusive for you! Buy 1 Get 1 FREE at Meesho. Limited period offer. Visit bit.ly/dsyFyQ,Promo,Promo_3
Myntra:  Your cart misses you! Complete purchase now & get 80% off. bit.ly/kUUoPW,Promo,Promo_4
Loved your recent Myntra order? Reorder in 1 tap and get 60% off today.,Promo,Promo_22
Data exhausted? Get 1.5GB extra with Rs.1951 booster pack Dial *121# or visit app,Promo,Promo_11
Zomato: 604429 is your login OTP. It expires in 5 minutes.,OTP,OTP_6
  MEGA SALE! Get 60% OFF on all products at Flipkart. Shop now: bit.ly/QwTSBz T&C apply.,Promo,Promo_0
  Dear customer ur PNB account will be blocked! Update KYC now: bit.ly/IBvjDw,Spam,Hard_11
Auto-pay of Rs.10719 to Jairaj is scheduled on 14-05-26 from A/c XX4638 Ensure sufficient balance,Bank,Bank_13
Cheque no. 685447884428 for INR 35044 has been cleared from A/c XX8385. -Axis Bank,Bank,Bank_8
ITEMS IN YOUR ORDER HISTORY ARE BACK IN STOCK AT MYNTRA. PRICES START RS.490.,Promo,Promo_23
low balance alert: a/c xx4583 balance is rs.111887. maintain min balance to avoid charges.,Bank,Bank_10
Your FD of INR 12939 matures on 30-06-26. Renew or withdraw via netbanking. -Axis Bank,Bank,Bank_14
MEGA SALE! Get 70% OFF on all products at Zomato. Shop now: bit.ly/IOoyhQ T&C apply.,Promo,Promo_0
"Your Kotak health insurance renewal is due 05 Jul. Renew online, save 80% on premium.",Promo,Promo_24
Low balance alert: A/c XX5592 balance is Rs.449105. Maintain min balance to avoid charges.,Bank,Bank_10
Weekend special at Amazon! Min 80% off on everything. Don't miss out: bit.ly/jwKcwF,Promo,Promo_6
  UPI payment of Rs.12431 to Ojasvi successful. UPI Ref: 704679414476. -HDFC Bank,Bank,Bank_6
otp for delivery of order od4383050198 is 9128. share only with the delivery agent. -delhivery,Delivery,Delivery_9
560861 - use this to sign in. Never share this code with anyone.,OTP,Hard_7
Your A/c XX1330 is debited with Rs.62841 on 27-06-26. Info: UPI-Owen. Bal: Rs.399000,Bank,Bank_2
Auto-pay of Rs.69875 to Radhika is scheduled on 09-06-26 from A/c XX4780. Ensure sufficient balance. -TM,Bank,Bank_13
Cheque no. 842644760323 for Rs.28132 has been cleared from A/c XX1060. -PNB,Bank,Bank_8
"Class shifted to room 3980, come fast",Personal,Hard_6
Your Hotstar plan renews on 01 Jul at Rs.1133. Upgrade to 4K for Rs.347/month.,Promo,Promo_18
"Bro send me Rs.3934 on gpay, will return by 01 Jul",Personal,Hard_5
Out for delivery: Your Flipkart package OD9835706461 will arrive today by 6 PM. -DTDC,Delivery,Delivery_1
Your Meesho order OD2469241269 has been shipped via Ekart. Track: bit.ly/rlofgO,Delivery,Delivery_0
USE CODE 5772 AT CHECKOUT FOR 25% OFF AT BIGBASKET!,Promo,Hard_0
G-198859  is your Google verification code.,OTP,OTP_12
delivery attempt failed for order od4007388739. we will retry tomorrow. -bluedart,Delivery,Delivery_5
Rs.1613 cashback credited to your Paytm wallet. Use on your next order.,Promo,Promo_21
  EMI of Rs.42929 due on 03-07-26 for loan A/c XX6320. Pay now to avoid charges. -HDFC Bank,Bank,Bank_4
Dear customer ur HDFC Bank account will be blocked! Update KYC now: bit.ly/OpPHMB STOP to opt out,Spam,Hard_11
Enter 931657 to verify your mobile number for Uber. STOP to opt out,OTP,OTP_10
KYC UPDATE PENDING FOR A/C XX6127. PLEASE VISIT YOUR NEAREST BOB BRANCH BY 15-06-26 TO AVOID RESTRICTIONS.,Bank,Bank_12
"Bro send me Rs.4780 on gpay, will return by 03 Jul STOP to opt out",Personal,Hard_5
Last  day! Swiggy clearance sale ends tonight. Up to 30% off sitewide.,Promo,Promo_8
Ur A/c XX5452 is debited with Rs.72490 on 20-05-26. Info: UPI-Darpan. Bal: Rs.463054,Bank,Bank_2
IRCTC: SPECIAL TRAINS ADDED FOR FESTIVE SEASON. BOOK EARLY & SAVE UP TO 50%.,Promo,Promo_17
Work from home! Earn Rs.2050039/month. Join: bit.ly/vRfQOf T&C apply,Spam,Hard_14
Out for delivery: Your Meesho package OD3855373494 will arrive today by 9 PM. -DTDC,Delivery,Delivery_1
OTP-BASED LOGIN WAS ENABLED FOR YOUR A/C XX8793. CALL HDFC BANK IF THIS WASN'T YOU.,Bank,Hard_2
RS.1739 CASHBACK CREDITED TO YOUR PHONEPE WALLET. USE ON YOUR NEXT ORDER.,Promo,Promo_21
Low balance alert: A/c XX3433 balance is INR 45901. Maintain min balance to avoid charges.,Bank,Bank_10
Your credit card XX1666 statement is ready Total due: Rs.33794 Min due: Rs.2699 -HDFC Bank,Bank,Bank_5
  Zomato: Free delivery all weekend! Order your favourites now.,Promo,Promo_13
  Missed our shows? Come back to SonyLIV at 50% off for 3 months. Resubscribe: bit.ly/caUNTL,Promo,Promo_19
  255527 - use this code to sign in to Uber. Never share it with anyone.,OTP,OTP_7
PhonePe: 412446 is your login OTP. It expires in 15 minutes.,OTP,OTP_6
Your HDFC Bank debit card XX9193 has been blocked due to suspicious activity Visit branch or call 1800-XXX to unblock,Bank,Bank_11
Salary  of Rs.13881 credited to A/c XX6295. Avl Bal: Rs.448964. -BOB,Bank,Bank_7
G-431528 is your Google verification code.,OTP,OTP_12
YOUR A/C XX8563 IS DEBITED WITH RS.16115 ON 27-01-26. INFO: UPI-AYUSHMAN. BAL: RS.234845,Bank,Bank_2
Your account statement for July is available. Download from the ICICI Bank app.,Bank,Bank_16
  Your one time password is 346350 for PhonePe. Please do not share it.,OTP,OTP_5
OTP-BASED LOGIN WAS ENABLED FOR YOUR A/C XX1964. CALL ICICI BANK IF THIS WASN'T YOU.,Bank,Hard_2
3461 - USE THIS CODE TO SIGN IN TO PHONEPE. NEVER SHARE IT WITH ANYONE.,OTP,OTP_7
"Hi Rayaan, unlock Rs.325 off your first order at Amazon with code NEW23",Promo,Promo_7
Swiggy Big Billion Days! Up to 80% off + extra 10% with HDFC Bank cards. Hurry!,Promo,Promo_1
OTP:  708347 for txn of Rs.29189 at Zomato. Do not share. -PNB,OTP,OTP_2
auto-pay of rs.86648 to tripti is scheduled on 11-01-26 from a/c xx4705. ensure sufficient balance.,Bank,Bank_13
Convert your SBI card purchase of Rs.1443 into easy EMIs at 0% interest. Reply YES.,Promo,Promo_15
confirmation code 702060 for bigbasket. keep it private.,OTP,OTP_11
ALERT: Rs.98831 withdrawn from ATM using card XX6367 on 18-04-26. Bal: Rs.158551. -BOB,Bank,Bank_3
Your  Prime Video plan renews on 05 Jul at Rs.622. Upgrade to 4K for Rs.815/month.,Promo,Promo_18
"Class shifted to room 9035, come fast",Personal,Hard_6
Confirmation code 913804 for Myntra. Keep it private.,OTP,OTP_11
Use 489839 to complete your Kotak registration. Valid till 5 mins.,OTP,OTP_4
UPI payment of Rs.6724 to Balhaar successful. UPI Ref: 674779791938. -PNB,Bank,Bank_6
Confirmation code 532480 for Paytm. Keep it private.,OTP,OTP_11
"never share your otp, pin or cvv. kotak never asks for these. stay safe.",Bank,Hard_3
Your SBI debit card XX1246 has been blocked due to suspicious activity. Visit branch or call 1800-XXX to unblock.,Bank,Bank_11
Congratulations! U won Rs.247815 in lucky draw. Claim: bit.ly/VrGBIj,Spam,Hard_12
606226 - use this code to sign in to GPay. Never share it with anyone.,OTP,OTP_7
Your SBI debit card XX6337 has been blocked due to suspicious activity. Visit branch or call 1800-XXX to unblock.,Bank,Bank_11
IRCTC:  Special trains added for festive season. Book early & save up to 70%.,Promo,Promo_17
726020 is your BOB security code. Anyone asking for it is a scammer.,OTP,OTP_9
confirmation code 82422 for bob. keep it private.,OTP,OTP_11
Enter 567533 to verify your mobile number for PhonePe.,OTP,OTP_10
Out for delivery: Your Myntra package OD4530092028 will arrive today by 6 PM. -BlueDart,Delivery,Delivery_1
Confirmation  code 162114 for Uber. Keep it private.,OTP,OTP_11
Pay  Rs.782 on delivery for order OD953059264. -BlueDart,Delivery,Hard_10
Out for delivery: Your BigBasket package OD9238078221 will arrive today by 12 PM. -DTDC,Delivery,Delivery_1
IRCTC: Special trains added for festive season. Book early & save up to 50%.,Promo,Promo_17
Dear  customer ur Kotak account will be blocked! Update KYC now: bit.ly/gzkgyu,Spam,Hard_11
Delivered! Your Meesho order OD2374867180 was delivered on 01 Jul. Rate your experience: bit.ly/MbjkMV,Delivery,Delivery_2
Items in your order history are back in stock at Myntra. Prices start Rs.1947.,Promo,Promo_23
confirmation code 433285 for zomato. keep it private.,OTP,OTP_11
Your return pickup for order OD3839421075 is scheduled on 02 Jul. Keep the item ready. -Zomato T&C apply,Delivery,Delivery_7
Your OTP is 482357. Use it to verify your Swiggy account. Expires in 10 min.,OTP,OTP_1
data exhausted? get 1.5gb extra with rs.970 booster pack. dial *121# or visit app.,Promo,Promo_11
OTP-based login was enabled for your A/c XX3026. Call PNB if this wasn't you.,Bank,Hard_2
770329 - use this code to sign in to Swiggy. Never share it with anyone.,OTP,OTP_7
rs.588 cashback credited to your paytm wallet. use on your next order.,Promo,Promo_21
Loved your recent Zomato order? Reorder in 1 tap and get 10% off today,Promo,Promo_22
Swiggy: Your cart misses you! Complete purchase now & get 60% off. bit.ly/VLOhEY,Promo,Promo_4
EMI of Rs.6530 due on 10-05-26 for loan A/c XX4753. Pay now to avoid charges. -ICICI Bank,Bank,Bank_4
Missed our shows? Come back to Netflix at 50% off for 3 months. Resubscribe: bit.ly/qsgdkx,Promo,Promo_19
Low balance alert: A/c XX2724 balance is Rs.203461. Maintain min balance to avoid charges. -TM,Bank,Bank_10
Beware of fraud calls asking for card details. HDFC Bank officials never ask for PIN or CVV.,Bank,Bank_15
Low  balance alert: A/c XX9499 balance is Rs.178194. Maintain min balance to avoid charges.,Bank,Bank_10
WORK FROM HOME! EARN RS.1109617/MONTH. JOIN: BIT.LY/XXCHMM,Spam,Hard_14
Loved  your recent Amazon order? Reorder in 1 tap and get 60% off today.,Promo,Promo_22
Your credit card XX5867 statement is ready. Total due: Rs.35229. Min due: Rs.4166. -Axis Bank,Bank,Bank_5
Ur OTP is 722888. Use it to verify ur Meesho account. Expires in 15 min.,OTP,OTP_1
  IRCTC: Special trains added for festive season. Book early & save up to 60%.,Promo,Promo_17
Ekart: Shipment OD8913113842 reached ur city hub. Expected delivery: 01 Jul.,Delivery,Delivery_4
OTP: 163456 for txn of Rs.8842 at GPay. Do not share. -Kotak,OTP,OTP_2
Your credit card XX6589 statement is ready. Total due: Rs.37331. Min due: Rs.1664. -BOB STOP to opt out,Bank,Bank_5
Convert your Axis Bank card purchase of Rs.1062 into easy EMIs at 0% interest. Reply YES.,Promo,Promo_15
Order OD2343308530 packed and ready! Expected dispatch by 04 Jul. -Zomato,Delivery,Delivery_8
Cheque no. 914330553525 for Rs.66058 has been cleared from A/c XX7714. -HDFC Bank,Bank,Bank_8
Confirmation code 779255 for Meesho Keep it private,OTP,OTP_11
Confirmation code 985504 for Uber. Keep it private.,OTP,OTP_11
  Cheque no. 284666127789 for Rs.69161 has been cleared from A/c XX3619. -Axis Bank,Bank,Bank_8
Flight fares dropped! BOM-LKO from Rs.1905 Book on Goibibo before midnight,Promo,Promo_16
Your one time password is 394362 for PNB. Please do not share it. T&C apply,OTP,OTP_5
MISSED OUR SHOWS? COME BACK TO SONYLIV AT 50% OFF FOR 3 MONTHS. RESUBSCRIBE: BIT.LY/OWVMLG,Promo,Promo_19
Your return pickup for order OD8801947134 is scheduled on 01 Jul Keep the item ready -BigBasket,Delivery,Delivery_7
Out for delivery: Your Amazon package OD4686449846 will arrive today by 12 PM. -DTDC,Delivery,Delivery_1
You have 1515 reward points expiring on 03 Jul. Redeem on Flipkart. STOP to opt out,Promo,Promo_20
Convert your BOB card purchase of Rs.1577 into easy EMIs at 0% interest. Reply YES.,Promo,Promo_15
  Enter 72482 to verify your mobile number for Amazon.,OTP,OTP_10
Your one time password is 38496 for HDFC Bank. Please do not share it.,OTP,OTP_5
Rs.31130 debited from A/c XX6084 on 06-06-26 to Karan Avl Bal: Rs.326197 -SBI,Bank,Bank_0
795830  - use this code to sign in to HDFC Bank. Never share it with anyone.,OTP,OTP_7
Missed our shows? Come back to Prime Video at 50% off for 3 months Resubscribe: bitly/TnkfzV,Promo,Promo_19
  384125 is your Paytm security code. Anyone asking for it is a scammer.,OTP,OTP_9
IRCTC:  329370 is your login OTP. It expires in 30 minutes.,OTP,OTP_6
418957 - use this to sign in. Never share this code with anyone.,OTP,Hard_7
Confirmation code 249226 for Ola. Keep it private.,OTP,OTP_11
Your GPay code: 860746,OTP,OTP_8
ALERT: RS.89988 WITHDRAWN FROM ATM USING CARD XX2394 ON 17-01-26. BAL: RS.150023. -PNB,Bank,Bank_3
Pre-approved!  Get a Kotak credit card with Rs.484371 limit. Zero joining fee. Apply: bit.ly/MrNYZS,Promo,Promo_14
KYC update pending for A/c XX5920 Please visit your nearest Axis Bank branch by 24-03-26 to avoid restrictions,Bank,Bank_12
Coupon 4835 gives you free delivery on orders above Rs.4788. -Myntra T&C apply,Promo,Hard_1
Your BOB debit card XX7801 has been blocked due to suspicious activity Visit branch or call 1800-XXX to unblock,Bank,Bank_11
Exclusive  for you! Buy 1 Get 1 FREE at Myntra. Limited period offer. Visit bit.ly/OBIJui,Promo,Promo_3
Your Uber code: 6157,OTP,Hard_8
Recharge with INR 1900 & get 60% extra talktime. Offer valid today only!,Promo,Promo_5
"Never share your OTP, PIN or CVV. BOB never asks for these. Stay safe.",Bank,Hard_3
Zomato Big Billion Days! Up to 60% off + extra 10% with ICICI Bank cards Hurry!,Promo,Promo_1
ALERT: Rs.47104 withdrawn from ATM using card XX5622 on 19-05-26. Bal: Rs.206442. -HDFC Bank -TM,Bank,Bank_3
otp: 249875 for txn of rs.205 at bob. do not share. -sbi,OTP,OTP_2
Your order OD5042678951 from Flipkart is arriving tomorrow. Keep Rs.1748 ready for COD. STOP to opt out,Delivery,Delivery_3
bluedart: shipment od1716386519 reached your city hub. expected delivery: 02 jul.,Delivery,Delivery_4
  647572 - use this to sign in. Never share this code with anyone.,OTP,Hard_7
Pay Rs.944 on delivery for order OD970649485. -Delhivery,Delivery,Hard_10
"Hey, my new number is 03382542442. Save it! Meet at 6pm?",Personal,Hard_4
Low balance alert: A/c XX7285 balance is Rs.56882. Maintain min balance to avoid charges.,Bank,Bank_10
"  Bro send me Rs.3815 on gpay, will return by 04 Jul",Personal,Hard_5
783414 is your OTP for PNB login. Valid for 15 minutes. Do not share with anyone.,OTP,OTP_0
coupon 5637 gives you free delivery on orders above rs.2762. -swiggy,Promo,Hard_1
KYC update pending for A/c XX4994 Please visit your nearest Kotak branch by 06-05-26 to avoid restrictions,Bank,Bank_12
  Your Swiggy membership expires soon. Renew now & save 80%: bit.ly/UVyGXY,Promo,Promo_9
Tap to verify: 412599. This code expires shortly.,OTP,Hard_9
OTP: 516886 for txn of INR 46376 at GPay. Do not share. -Axis Bank,OTP,OTP_2
Rs.87417 debited from A/c XX5776 on 01-02-26 to Leela. Avl Bal: Rs.3958. -HDFC Bank T&C apply,Bank,Bank_0
Cheque no. 866970860937 for Rs.53084 has been cleared from A/c XX1674. -HDFC Bank,Bank,Bank_8
OTP:  530563 for txn of Rs.4448 at GPay. Do not share. -BOB,OTP,OTP_2
Recharge  with Rs.1584 & get 60% extra talktime. Offer valid today only!,Promo,Promo_5
Delivery attempt failed for order OD8045676825. We will retry tomorrow. -XpressBees,Delivery,Delivery_5
"Never share your OTP, PIN or CVV Axis Bank never asks for these Stay safe",Bank,Hard_3
Your account statement for July is available. Download from the HDFC Bank app.,Bank,Bank_16
Exclusive for you! Buy 1 Get 1 FREE at Flipkart. Limited period offer. Visit bit.ly/aLXwNv,Promo,Promo_3
"Bro send me Rs.2008 on gpay, will return by 02 Jul",Personal,Hard_5
909941 is your Meesho security code. Anyone asking for it is a scammer.,OTP,OTP_9
Rs.13900 credited to A/c XX6331 on 27-06-26. Avl Bal: Rs.186756. -Kotak,Bank,Bank_1
Hungry?  Get 80% off up to Rs.89 on your next 3 orders. Code: EAT58. -Zomato,Promo,Promo_12
  KYC update pending for A/c XX1432. Please visit your nearest SBI branch by 29-06-26 to avoid restrictions.,Bank,Bank_12
727146 IS YOUR PHONEPE SECURITY CODE. ANYONE ASKING FOR IT IS A SCAMMER.,OTP,OTP_9
Auto-pay  of Rs.7163 to Qarin is scheduled on 21-03-26 from A/c XX2212. Ensure sufficient balance.,Bank,Bank_13
OTP:  743353 for txn of Rs.3020 at Hotstar. Do not share. -ICICI Bank,OTP,OTP_2
DELIVERED! YOUR MEESHO ORDER OD8144187173 WAS DELIVERED ON 01 JUL. RATE YOUR EXPERIENCE: BIT.LY/AMOVOS,Delivery,Delivery_2
Cheque no. 899265826855 for Rs.15271 has been cleared from A/c XX9914. -ICICI Bank,Bank,Bank_8
  Your OTP is 3662. Use it to verify your PhonePe account. Expires in 15 min.,OTP,OTP_1
Your OTP is 247727. Use it to verify your Ola account. Expires in 2 min.,OTP,OTP_1
568511 is your verification code for Paytm. Never share your OTP.,OTP,OTP_3
<#> 67172 is your irctc code. valid 30 min. ha8sk2lqp3,OTP,OTP_13
OTP for delivery of order OD8317145228 is 7832. Share only with the delivery agent. -XpressBees,Delivery,Delivery_9
Order OD1834999495 packed and ready! Expected dispatch by 05 Jul. -Meesho,Delivery,Delivery_8
emi of rs.3775 due on 16-02-26 for loan a/c xx1339. pay now to avoid charges. -hdfc bank,Bank,Bank_4
Cheque  no. 314525000819 for Rs.36623 has been cleared from A/c XX4503. -Kotak,Bank,Bank_8
YOUR AIRTEL PACK EXPIRES TOMORROW. RECHARGE WITH RS.1584 FOR 1GB/DAY + UNLIMITED CALLS.,Promo,Promo_10
"Hey, my new number is 7593218777. Save it! Meet at 8?",Personal,Hard_4
Your A/c XX9230 is debited with Rs.11849 on 15-02-26. Info: UPI-Anvi. Bal: Rs.119084,Bank,Bank_2
OTP  for delivery of order OD4768409826 is 3439. Share only with the delivery agent. -Ekart,Delivery,Delivery_9
Your Flipkart membership expires soon. Renew now & save 80%: bit.ly/YTeSvA,Promo,Promo_9
Items  in your order history are back in stock at Zomato. Prices start Rs.1097.,Promo,Promo_23
Swiggy: Free delivery all weekend! Order your favourites now. STOP to opt out,Promo,Promo_13
Delivered! Your Flipkart order OD1976588988 was delivered on 04 Jul. Rate your experience: bit.ly/oKxAQG,Delivery,Delivery_2
Weekend special at Amazon! Min 50% off on everything. Don't miss out: bit.ly/OXTitd,Promo,Promo_6
RS.1306 CASHBACK CREDITED TO YOUR PAYTM WALLET. USE ON YOUR NEXT ORDER.,Promo,Promo_21
Your SIM will be deactivated in 24hrs. Verify Aadhaar: bit.ly/ssRNzA -TM,Spam,Hard_13
your sim will be deactivated in 24hrs. verify aadhaar: bit.ly/cidxzi,Spam,Hard_13
Rs.64374  debited from A/c XX1960 on 30-05-26 to Bakhshi. Avl Bal: Rs.187257. -PNB,Bank,Bank_0
Low balance alert: A/c XX5903 balance is Rs.340930. Maintain min balance to avoid charges.,Bank,Bank_10
HDFC Bank: 356024 is your login OTP. It expires in 15 minutes.,OTP,OTP_6
"never share your otp, pin or cvv. kotak never asks for these. stay safe.",Bank,Hard_3
  Convert your Axis Bank card purchase of Rs.233 into easy EMIs at 0% interest. Reply YES.,Promo,Promo_15
Use 258214 to complete your BOB registration Valid till 10 mins,OTP,OTP_4
"Hey, my new number is 09741888096. Save it! Meet at noon?",Personal,Hard_4
INR 344 cashback credited to your PhonePe wallet. Use on your next order.,Promo,Promo_21
Your SIM will be deactivated in 24hrs Verify Aadhaar: bitly/MWfDum,Spam,Hard_13
Rs.1454 cashback credited to ur PhonePe wallet. Use on ur next order.,Promo,Promo_21
OUT FOR DELIVERY: YOUR ZOMATO PACKAGE OD4868722131 WILL ARRIVE TODAY BY 6 PM. -DELHIVERY,Delivery,Delivery_1
WEEKEND SPECIAL AT MEESHO! MIN 30% OFF ON EVERYTHING. DON'T MISS OUT: BIT.LY/TWPFEE,Promo,Promo_6
G-75595  is your Google verification code.,OTP,OTP_12
CONFIRMATION CODE 845220 FOR BOB. KEEP IT PRIVATE.,OTP,OTP_11
Your  return pickup for order OD6830686715 is scheduled on 01 Jul. Keep the item ready. -Amazon,Delivery,Delivery_7
917162 is your OTP for PhonePe login. Valid for 2 minutes. Do not share with anyone.,OTP,OTP_0
  Convert your PNB card purchase of Rs.526 into easy EMIs at 0% interest. Reply YES.,Promo,Promo_15
MEGA SALE! Get 50% OFF on all products at Myntra. Shop now: bit.ly/mRMCKu T&C apply.,Promo,Promo_0
Interest of Rs.38908 credited to your FD A/c XX7364. -ICICI Bank,Bank,Bank_9
"Bro send me Rs.327 on gpay, will return by 05 Jul",Personal,Hard_5
754858 IS YOUR VERIFICATION CODE FOR ZOMATO. NEVER SHARE YOUR OTP.,OTP,OTP_3
Recharge with Rs.193 & get 60% extra talktime. Offer valid today only! STOP to opt out,Promo,Promo_5
  Your OTP is 712187. Use it to verify your Swiggy account. Expires in 5 min.,OTP,OTP_1
588150 is your Ola security code. Anyone asking for it is a scammer.,OTP,OTP_9
Auto-pay of Rs.96723 to Amrita is scheduled on 24-06-26 from A/c XX3269. Ensure sufficient balance.,Bank,Bank_13
Last day! BigBasket clearance sale ends tonight. Up to 30% off sitewide.,Promo,Promo_8
Your  Hotstar plan renews on 05 Jul at Rs.1019. Upgrade to 4K for Rs.431/month.,Promo,Promo_18
Your Uber code: 1142,OTP,Hard_8
Cheque no. 902137940957 for Rs.74397 has been cleared from A/c XX5503. -PNB,Bank,Bank_8
Recharge with Rs.1069 & get 50% extra talktime Offer valid today only!,Promo,Promo_5
Pre-approved! Get a Axis Bank credit card with Rs.191832 limit. Zero joining fee. Apply: bit.ly/zzIgqN,Promo,Promo_14
Convert your HDFC Bank card purchase of Rs.1375 into easy EMIs at 0% interest. Reply YES.,Promo,Promo_15
Confirmation code 646011 for BigBasket. Keep it private. -TM,OTP,OTP_11
  Order OD7456468112 packed and ready! Expected dispatch by 03 Jul. -Swiggy,Delivery,Delivery_8
You have 1159 reward points expiring on 01 Jul. Redeem on Swiggy.,Promo,Promo_20
Missed our shows? Come back to Netflix at 50% off for 3 months. Resubscribe: bit.ly/qUxBXB,Promo,Promo_19
  Order OD9098628781 packed and ready! Expected dispatch by 06 Jul. -Myntra,Delivery,Delivery_8
Zomato Big Billion Days! Up to 80% off + extra 10% with Kotak cards. Hurry!,Promo,Promo_1
Dear customer ur PNB account will be blocked! Update KYC now: bit.ly/dhuMlz -TM,Spam,Hard_11
Your Prime Video plan renews on 02 Jul at Rs.1141. Upgrade to 4K for Rs.964/month.,Promo,Promo_18
Beware of fraud calls asking for card details. PNB officials never ask for PIN or CVV.,Bank,Bank_15
"Class shifted to room 8641, come fast",Personal,Hard_6
Delivered! Your Swiggy order OD1512453327 was delivered on 02 Jul. Rate your experience: bit.ly/KhActq,Delivery,Delivery_2
Pay  Rs.4802 on delivery for order OD589643216. -BlueDart,Delivery,Hard_10
ALERT: Rs.302 withdrawn from ATM using card XX1009 on 21-02-26. Bal: Rs.272159. -Kotak,Bank,Bank_3
Dear customer ur PNB account will be blocked! Update KYC now: bit.ly/BTnneF,Spam,Hard_11
  Your FD of Rs.53742 matures on 14-05-26. Renew or withdraw via netbanking. -SBI,Bank,Bank_14
your sim will be deactivated in 24hrs. verify aadhaar: bit.ly/timxmh,Spam,Hard_13
  Tap to verify: 220950. This code expires shortly.,OTP,Hard_9
YOUR SIM WILL BE DEACTIVATED IN 24HRS. VERIFY AADHAAR: BIT.LY/XRFWSI,Spam,Hard_13
Ekart: Shipment OD8749011369 reached your city hub. Expected delivery: 06 Jul. -TM,Delivery,Delivery_4
619391 is your verification code for SBI. Never share your OTP.,OTP,OTP_3
"Your PNB health insurance renewal is due 05 Jul. Renew online, save 60% on premium. T&C apply",Promo,Promo_24
Work from home! Earn Rs.800817/month. Join: bit.ly/VMSlRt,Spam,Hard_14
ALERT: Rs.15411 withdrawn from ATM using card XX4892 on 04-05-26. Bal: Rs.154198. -SBI,Bank,Bank_3
Enter 680014 to verify your mobile number for Ola.,OTP,OTP_10
EMI OF RS.59333 DUE ON 06-05-26 FOR LOAN A/C XX4368. PAY NOW TO AVOID CHARGES. -SBI,Bank,Bank_4
Tap to verify: 351612. This code expires shortly.,OTP,Hard_9
parth from delhivery is arriving with your package. contact: +910196424401,Delivery,Delivery_6
Out for delivery: Your Amazon package OD9521605198 will arrive today by 3 PM. -DTDC,Delivery,Delivery_1
Recharge with Rs.1747 & get 30% extra talktime. Offer valid today only!,Promo,Promo_5
your paytm code: 39691,OTP,OTP_8
ORDER OD5607632297 PACKED AND READY! EXPECTED DISPATCH BY 05 JUL. -SWIGGY,Delivery,Delivery_8
709742 is ur OTP for Ola login. Valid for 10 minutes. Do not share with anyone.,OTP,OTP_0
Enter 472261 to verify your mobile number for GPay.,OTP,OTP_10
194832 - use this code to sign in to SBI. Never share it with anyone.,OTP,OTP_7
weekend special at swiggy! min 40% off on everything. don't miss out: bit.ly/xtbtlk,Promo,Promo_6
Your SonyLIV plan renews on 05 Jul at Rs.982. Upgrade to 4K for Rs.960/month.,Promo,Promo_18
Your A/c XX1352 is debited with Rs.95792 on 11-03-26. Info: UPI-Ucchal. Bal: Rs.172735,Bank,Bank_2
Use 296435 to complete your Myntra registration. Valid till 10 mins.,OTP,OTP_4
EMI of Rs.90963 due on 09-03-26 for loan A/c XX1764. Pay now to avoid charges. -ICICI Bank,Bank,Bank_4
Auto-pay of Rs.54878 to Zashil is scheduled on 09-03-26 from A/c XX1433. Ensure sufficient balance.,Bank,Bank_13
"Class shifted to room 2069, come fast",Personal,Hard_6
your otp is 406634. use it to verify your gpay account. expires in 30 min.,OTP,OTP_1
salary of rs.92630 credited to a/c xx1102. avl bal: rs.295856. -bob,Bank,Bank_7
Items in your order history are back in stock at Amazon. Prices start Rs.97.,Promo,Promo_23
G-567454 is your Google verification code.,OTP,OTP_12
"BRO SEND ME RS.407 ON GPAY, WILL RETURN BY 06 JUL",Personal,Hard_5
Work from home! Earn Rs.439553/month. Join: bit.ly/IHdscA,Spam,Hard_14
  234785 is your verification code for Axis Bank. Never share your OTP.,OTP,OTP_3
OTP for delivery of order OD9140827965 is 1420. Share only with the delivery agent. -DTDC,Delivery,Delivery_9
Your FD of Rs.52548 matures on 08-05-26 Renew or withdraw via netbanking -ICICI Bank,Bank,Bank_14
enter 94233 to verify your mobile number for irctc.,OTP,OTP_10
Loved  your recent Flipkart order? Reorder in 1 tap and get 50% off today.,Promo,Promo_22
Flat Rs.1047 cashback on ur next order at Amazon. Use code SAVE25. Valid till 02 Jul.,Promo,Promo_2
  Your Uber code: 7370,OTP,Hard_8
OTP: 104961 for txn of INR 16172 at PNB. Do not share. -SBI,OTP,OTP_2
Beware of fraud calls asking for card details SBI officials never ask for PIN or CVV,Bank,Bank_15
COUPON 8381 GIVES YOU FREE DELIVERY ON ORDERS ABOVE RS.4625. -MEESHO,Promo,Hard_1
IRCTC:  Special trains added for festive season. Book early & save up to 10%.,Promo,Promo_17
"Class shifted to room 6596, come fast",Personal,Hard_6
interest of rs.40616 credited to your fd a/c xx8628. -pnb,Bank,Bank_9
U have 2661 reward points expiring on 05 Jul. Redeem on Amazon.,Promo,Promo_20
Delivery attempt failed for order OD9642582437. We will retry tomorrow. -Delhivery,Delivery,Delivery_5
enter 595881 to verify your mobile number for amazon.,OTP,OTP_10
Delivery attempt failed for order OD6189742249. We will retry tomorrow. -Delhivery,Delivery,Delivery_5
OTP for delivery of order OD2785076341 is 9208. Share only with the delivery agent. -DTDC,Delivery,Delivery_9
Missed our shows? Come back to Netflix at 50% off for 3 months. Resubscribe: bit.ly/njJVII,Promo,Promo_19
You have 4065 reward points expiring on 04 Jul. Redeem on Zomato.,Promo,Promo_20
Zomato: Free delivery all weekend! Order your favourites now.,Promo,Promo_13
OTP for delivery of order OD2632364251 is 8822. Share only with the delivery agent. -XpressBees,Delivery,Delivery_9
WORK FROM HOME! EARN RS.547067/MONTH. JOIN: BIT.LY/TATABW,Spam,Hard_14
Your OTP is 888236. Use it to verify your HDFC Bank account. Expires in 10 min.,OTP,OTP_1
  Your Airtel pack expires tomorrow. Recharge with Rs.765 for 3GB/day + unlimited calls.,Promo,Promo_10
Salary of INR 69688 credited to A/c XX5873. Avl Bal: INR 211211. -HDFC Bank,Bank,Bank_7
your return pickup for order od1464442951 is scheduled on 02 jul. keep the item ready. -amazon,Delivery,Delivery_7
Exclusive for you! Buy 1 Get 1 FREE at Flipkart. Limited period offer. Visit bit.ly/vEUMQo,Promo,Promo_3
Ekaja  from DTDC is arriving with your package. Contact: +914766101226,Delivery,Delivery_6
BigBasket Big Billion Days! Up to 10% off + extra 10% with PNB cards. Hurry!,Promo,Promo_1
Your A/c XX6657 is debited with Rs.2949 on 07-06-26. Info: UPI-Aarush. Bal: Rs.168046,Bank,Bank_2
Rs.92721 debited from A/c XX7217 on 28-02-26 to Jasmit. Avl Bal: Rs.297645. -SBI,Bank,Bank_0
188395 is your verification code for Paytm. Never share your OTP.,OTP,OTP_3
Enter 564125 to verify your mobile number for Zomato,OTP,OTP_10
Flipkart  Big Billion Days! Up to 40% off + extra 10% with SBI cards. Hurry!,Promo,Promo_1
YOUR ORDER OD8787820361 FROM SWIGGY IS ARRIVING TOMORROW. KEEP RS.2655 READY FOR COD.,Delivery,Delivery_3
kyc update pending for a/c xx1906. please visit your nearest bob branch by 29-06-26 to avoid restrictions.,Bank,Bank_12
IRCTC: SPECIAL TRAINS ADDED FOR FESTIVE SEASON. BOOK EARLY & SAVE UP TO 40%.,Promo,Promo_17
Auto-pay of Rs.63602 to Ayush is scheduled on 31-05-26 from A/c XX6995. Ensure sufficient balance.,Bank,Bank_13
Your Jio pack expires tomorrow. Recharge with Rs.1412 for 1.5GB/day + unlimited calls.,Promo,Promo_10
Flat Rs.1946 cashback on your next order at Swiggy. Use code SAVE56. Valid till 05 Jul.,Promo,Promo_2
Your FD of Rs.67660 matures on 19-01-26. Renew or withdraw via netbanking. -Axis Bank,Bank,Bank_14
Rs.604 cashback credited to your Paytm wallet. Use on your next order. -TM,Promo,Promo_21
ALERT:  Rs.92277 withdrawn from ATM using card XX9946 on 17-06-26. Bal: Rs.340181. -Kotak,Bank,Bank_3
  Flight fares dropped! BLR-LKO from Rs.1391. Book on MakeMyTrip before midnight.,Promo,Promo_16
Pre-approved! Get a SBI credit card with Rs.439993 limit. Zero joining fee. Apply: bit.ly/GEoZZp,Promo,Promo_14
confirmation code 398100 for irctc. keep it private.,OTP,OTP_11
  Interest of Rs.48615 credited to your FD A/c XX5251. -PNB,Bank,Bank_9
Your Hotstar plan renews on 05 Jul at Rs.1335 Upgrade to 4K for Rs.759/month,Promo,Promo_18
Rs.58727 debited from A/c XX8057 on 17-01-26 to Keya. Avl Bal: Rs.28751. -Kotak,Bank,Bank_0
413743  - use this code to sign in to HDFC Bank. Never share it with anyone.,OTP,OTP_7
EMI of Rs.21398 due on 23-04-26 for loan A/c XX8381. Pay now to avoid charges. -BOB,Bank,Bank_4
  Items in your order history are back in stock at Zomato. Prices start Rs.1137.,Promo,Promo_23
Dear customer ur HDFC Bank account will be blocked! Update KYC now: bit.ly/OFzJAH T&C apply,Spam,Hard_11
"Class shifted to room 6342, come fast",Personal,Hard_6
OTP for delivery of order OD5013622969 is 7972. Share only with the delivery agent. -BlueDart,Delivery,Delivery_9
216521 is your verification code for amazon. never share your otp.,OTP,OTP_3
Convert ur HDFC Bank card purchase of Rs.1143 into easy EMIs at 0% interest. Reply YES.,Promo,Promo_15
Ur Uber code: 4421,OTP,Hard_8
  Dear customer ur Kotak account will be blocked! Update KYC now: bit.ly/NKbLHA,Spam,Hard_11
Your SIM will be deactivated in 24hrs. Verify Aadhaar: bit.ly/FTPXsO STOP to opt out,Spam,Hard_13
Delivery attempt failed for order OD6013310095. We will retry tomorrow. -BlueDart,Delivery,Delivery_5
out for delivery: your flipkart package od2529033380 will arrive today by 9 pm. -bluedart,Delivery,Delivery_1
Data exhausted? Get 3GB extra with Rs.1988 booster pack. Dial *121# or visit app.,Promo,Promo_11
Auto-pay of Rs.1264 to Daksha is scheduled on 25-06-26 from A/c XX3360 Ensure sufficient balance,Bank,Bank_13
Interest of Rs.71732 credited to your FD A/c XX6237. -ICICI Bank,Bank,Bank_9
Low balance alert: A/c XX2358 balance is Rs.301334. Maintain min balance to avoid charges.,Bank,Bank_10
Your BigBasket order OD6412855903 has been shipped via Delhivery. Track: bit.ly/vTERed,Delivery,Delivery_0
Recharge with Rs.1390 & get 20% extra talktime. Offer valid today only!,Promo,Promo_5
Your Uber code: 4496,OTP,Hard_8
Your Uber code: 2180,OTP,Hard_8
Zomato: Free delivery all weekend! Order your favourites now.,Promo,Promo_13
ITEMS IN YOUR ORDER HISTORY ARE BACK IN STOCK AT MYNTRA. PRICES START RS.1898.,Promo,Promo_23
FLAT RS.1421 CASHBACK ON YOUR NEXT ORDER AT ZOMATO. USE CODE SAVE71. VALID TILL 02 JUL.,Promo,Promo_2
Interest of Rs.58637 credited to ur FD A/c XX1116. -BOB,Bank,Bank_9
Ur Axis Bank debit card XX8945 has been blocked due to suspicious activity. Visit branch or call 1800-XXX to unblock.,Bank,Bank_11
OTP: 347527 for txn of Rs.47145 at BOB. Do not share. -Axis Bank STOP to opt out,OTP,OTP_2
Your order OD2341269242 from Swiggy is arriving tomorrow. Keep Rs.4399 ready for COD.,Delivery,Delivery_3
UPI payment of Rs.35406 to Xalak successful. UPI Ref: 683283163329. -Axis Bank,Bank,Bank_6
kyc update pending for a/c xx9609. please visit your nearest sbi branch by 07-06-26 to avoid restrictions.,Bank,Bank_12
Your ICICI Bank code: 566994,OTP,OTP_8
Data exhausted? Get 2GB extra with Rs.1960 booster pack. Dial *121# or visit app.,Promo,Promo_11
Your  account statement for June is available. Download from the BOB app.,Bank,Bank_16
BigBasket: Your cart misses you! Complete purchase now & get 20% off bitly/wIglgF,Promo,Promo_4
Weekend special at Amazon! Min 60% off on everything. Don't miss out: bit.ly/LEJbaS,Promo,Promo_6
Use 730551 to complete your Hotstar registration. Valid till 10 mins.,OTP,OTP_4
Your order OD1535576722 from Flipkart is arriving tomorrow. Keep Rs.4719 ready for COD.,Delivery,Delivery_3
YOUR CREDIT CARD XX2346 STATEMENT IS READY. TOTAL DUE: RS.13248. MIN DUE: RS.3490. -SBI,Bank,Bank_5
Swiggy: Free delivery all weekend! Order your favourites now.,Promo,Promo_13
Your A/c XX5784 is debited with INR 88445 on 02-06-26. Info: UPI-Bhavna. Bal: INR 341123,Bank,Bank_2
Data exhausted? Get 2GB extra with Rs.175 booster pack. Dial *121# or visit app.,Promo,Promo_11
Coupon 3431 gives you free delivery on orders above Rs.3709. -Flipkart,Promo,Hard_1
Last day! BigBasket clearance sale ends tonight. Up to 70% off sitewide.,Promo,Promo_8
"Hey, my new number is 0610126915. Save it! Meet at noon? -TM",Personal,Hard_4
Congratulations!  You won Rs.1437595 in lucky draw. Claim: bit.ly/fCYbOi,Spam,Hard_12
Your Prime Video plan renews on 06 Jul at Rs.1496. Upgrade to 4K for Rs.698/month.,Promo,Promo_18
Cheque no. 896614450206 for Rs.78033 has been cleared from A/c XX1864. -SBI,Bank,Bank_8
Dear customer ur BOB account will be blocked! Update KYC now: bitly/uSBasD,Spam,Hard_11
Order OD6497337780 packed and ready! Expected dispatch by 06 Jul. -Amazon,Delivery,Delivery_8
U have 751 reward points expiring on 02 Jul. Redeem on Flipkart.,Promo,Promo_20
Your SIM will be deactivated in 24hrs. Verify Aadhaar: bit.ly/rIABIl,Spam,Hard_13
Your account statement for July is available. Download from the ICICI Bank app.,Bank,Bank_16
Convert your Kotak card purchase of Rs.435 into easy EMIs at 0% interest. Reply YES.,Promo,Promo_15
Last day! Meesho clearance sale ends tonight. Up to 60% off sitewide.,Promo,Promo_8
  Items in your order history are back in stock at Amazon. Prices start Rs.1593.,Promo,Promo_23
XpressBees: Shipment OD6141333791 reached your city hub Expected delivery: 06 Jul,Delivery,Delivery_4
Your account statement for June is available. Download from the PNB app.,Bank,Bank_16
ENTER 919039 TO VERIFY YOUR MOBILE NUMBER FOR MEESHO.,OTP,OTP_10
Flight fares dropped! HYD-PNQ from Rs.254. Book on MakeMyTrip before midnight.,Promo,Promo_16
KYC update pending for A/c XX7039. Please visit your nearest BOB branch by 27-05-26 to avoid restrictions. -TM,Bank,Bank_12
ORDER OD5590936268 PACKED AND READY! EXPECTED DISPATCH BY 06 JUL. -BIGBASKET,Delivery,Delivery_8
<#> 79958 is your PhonePe code. Valid 5 min. hA8sk2Lqp3,OTP,OTP_13
  Tap to verify: 706772. This code expires shortly.,OTP,Hard_9
Your Hotstar plan renews on 03 Jul at Rs.126. Upgrade to 4K for Rs.583/month.,Promo,Promo_18
  OTP-based login was enabled for your A/c XX4468. Call SBI if this wasn't you.,Bank,Hard_2
delivered! your swiggy order od1852458466 was delivered on 04 jul. rate your experience: bit.ly/sdvari,Delivery,Delivery_2
Missed our shows? Come back to Netflix at 50% off for 3 months Resubscribe: bitly/fwTROi,Promo,Promo_19
Delivery attempt failed for order OD8457793499. We will retry tomorrow. -XpressBees,Delivery,Delivery_5
931462 is your Paytm security code. Anyone asking for it is a scammer.,OTP,OTP_9
Your one time password is 564384 for Zomato. Please do not share it.,OTP,OTP_5
Your account statement for June is available. Download from the Kotak app.,Bank,Bank_16
Order  OD1131768831 packed and ready! Expected dispatch by 05 Jul. -Flipkart,Delivery,Delivery_8
Use code 3962 at checkout for 10% off at Myntra!,Promo,Hard_0
"Ur Axis Bank health insurance renewal is due 05 Jul. Renew online, save 80% on premium.",Promo,Promo_24
Cheque no. 324576180496 for Rs.44038 has been cleared from A/c XX9318. -Kotak T&C apply,Bank,Bank_8
  Weekend special at Flipkart! Min 50% off on everything. Don't miss out: bit.ly/MBPnbC,Promo,Promo_6
Amazon: 633033 is your login OTP It expires in 2 minutes,OTP,OTP_6
Your Uber code: 5489 T&C apply,OTP,Hard_8
"  Hi Charles, unlock Rs.1013 off your first order at Flipkart with code NEW97.",Promo,Promo_7
Your  Hotstar code: 536202,OTP,OTP_8
Your  OTP is 576653. Use it to verify your Hotstar account. Expires in 30 min.,OTP,OTP_1
Loved your recent Amazon order? Reorder in 1 tap and get 80% off today.,Promo,Promo_22
  EMI of Rs.39219 due on 06-06-26 for loan A/c XX5347. Pay now to avoid charges. -Axis Bank,Bank,Bank_4
BOB: 571690 is ur login OTP. It expires in 10 minutes.,OTP,OTP_6
Your  OTP is 565153. Use it to verify your Netflix account. Expires in 2 min.,OTP,OTP_1
"Hey, my new number is 04565862627. Save it! Meet at 6pm?",Personal,Hard_4
IRCTC: Special trains added for festive season. Book early & save up to 20%. T&C apply,Promo,Promo_17
OTP: 35150 for txn of Rs.1299 at Kotak. Do not share. -HDFC Bank T&C apply,OTP,OTP_2
Out  for delivery: Your BigBasket package OD6849609820 will arrive today by 3 PM. -Delhivery,Delivery,Delivery_1
  Your ICICI Bank debit card XX8651 has been blocked due to suspicious activity. Visit branch or call 1800-XXX to unblock.,Bank,Bank_11
Order OD4891623334 packed and ready! Expected dispatch by 02 Jul. -Meesho,Delivery,Delivery_8
Ur FD of Rs.85386 matures on 10-01-26. Renew or withdraw via netbanking. -Kotak,Bank,Bank_14
Rs.48725 credited to A/c XX9022 on 13-04-26. Avl Bal: Rs.106879. -Kotak T&C apply,Bank,Bank_1
Rs.56567 debited from A/c XX3055 on 27-03-26 to Varenya. Avl Bal: Rs.361750. -HDFC Bank,Bank,Bank_0
Cheque no. 620195763633 for Rs.9834 has been cleared from A/c XX6908. -SBI,Bank,Bank_8
476812 - use this to sign in. Never share this code with anyone.,OTP,Hard_7
Ur A/c XX7694 is debited with Rs.56332 on 18-05-26. Info: UPI-Sanaya. Bal: Rs.77811,Bank,Bank_2
enter 718965 to verify your mobile number for pnb.,OTP,OTP_10
Rs.26806 credited to A/c XX5689 on 26-01-26. Avl Bal: Rs.410220. -PNB,Bank,Bank_1
Your  order OD7002609315 from Meesho is arriving tomorrow. Keep Rs.3719 ready for COD.,Delivery,Delivery_3
ALERT: Rs.3293 withdrawn from ATM using card XX5750 on 23-02-26. Bal: Rs.470818. -Axis Bank,Bank,Bank_3
Flight fares dropped! BOM-PNQ from Rs.488. Book on ixigo before midnight.,Promo,Promo_16
732141 is your OTP for Swiggy login. Valid for 5 minutes. Do not share with anyone.,OTP,OTP_0
SALARY OF RS.11023 CREDITED TO A/C XX9253. AVL BAL: RS.133820. -BOB,Bank,Bank_7
MEESHO BIG BILLION DAYS! UP TO 20% OFF + EXTRA 10% WITH HDFC BANK CARDS. HURRY!,Promo,Promo_1
Your Kotak debit card XX9188 has been blocked due to suspicious activity. Visit branch or call 1800-XXX to unblock.,Bank,Bank_11
Delivery attempt failed for order OD7846228459. We will retry tomorrow. -Delhivery,Delivery,Delivery_5
Your SIM will be deactivated in 24hrs Verify Aadhaar: bitly/SKyelT,Spam,Hard_13
Pre-approved!  Get a Axis Bank credit card with Rs.240126 limit. Zero joining fee. Apply: bit.ly/OyfiOC,Promo,Promo_14
776429 is your netflix security code. anyone asking for it is a scammer.,OTP,OTP_9
JEEVIKA FROM XPRESSBEES IS ARRIVING WITH YOUR PACKAGE. CONTACT: 09912550313,Delivery,Delivery_6
"Class shifted to room 8073, come fast",Personal,Hard_6
INR 12591 debited from A/c XX8986 on 11-04-26 to Chandresh. Avl Bal: INR 364935. -ICICI Bank,Bank,Bank_0
Your FD of Rs.43814 matures on 08-01-26. Renew or withdraw via netbanking. -HDFC Bank,Bank,Bank_14
Auto-pay of Rs.1568 to Vasana is scheduled on 02-02-26 from A/c XX6576. Ensure sufficient balance. T&C apply,Bank,Bank_13
Your Meesho order OD8728824202 has been shipped via BlueDart. Track: bit.ly/oThVLq,Delivery,Delivery_0
Work from home! Earn Rs.1359079/month. Join: bit.ly/nzrFGr -TM,Spam,Hard_14
your credit card xx9687 statement is ready. total due: rs.80651. min due: rs.2535. -pnb,Bank,Bank_5
"Class shifted to room 3372, come fast",Personal,Hard_6
Congratulations!  You won Rs.2010830 in lucky draw. Claim: bit.ly/OmybZJ,Spam,Hard_12
"Hey,  my new number is 00675633352. Save it! Meet at noon?",Personal,Hard_4
Delivery attempt failed for order OD7167495091 We will retry tomorrow -BlueDart,Delivery,Delivery_5
Pay Rs.2983 on delivery for order OD309611131. -BlueDart,Delivery,Hard_10
Axis Bank: 13380 is your login OTP. It expires in 10 minutes.,OTP,OTP_6
your bob debit card xx6733 has been blocked due to suspicious activity. visit branch or call 1800-xxx to unblock.,Bank,Bank_11
Your one time password is 419668 for ICICI Bank. Please do not share it.,OTP,OTP_5
Ur HDFC Bank debit card XX9724 has been blocked due to suspicious activity. Visit branch or call 1800-XXX to unblock.,Bank,Bank_11
Aashi from DTDC is arriving with your package. Contact: 01264328536,Delivery,Delivery_6
ICICI BANK: 775510 IS YOUR LOGIN OTP. IT EXPIRES IN 30 MINUTES.,OTP,OTP_6
  <#> 694723 is your Zomato code. Valid 15 min. hA8sk2Lqp3,OTP,OTP_13
Your one time password is 755129 for GPay. Please do not share it.,OTP,OTP_5
Your one time password is 124655 for SBI. Please do not share it.,OTP,OTP_5
LOVED YOUR RECENT MEESHO ORDER? REORDER IN 1 TAP AND GET 10% OFF TODAY.,Promo,Promo_22
OTP: 460241 for txn of Rs.38611 at Swiggy. Do not share. -BOB,OTP,OTP_2
Salary  of Rs.13377 credited to A/c XX9047. Avl Bal: Rs.148870. -Axis Bank,Bank,Bank_7
ALERT: Rs.73932 withdrawn from ATM using card XX2781 on 13-04-26. Bal: Rs.167849. -Axis Bank,Bank,Bank_3
OTP-based login was enabled for your A/c XX7677. Call Kotak if this wasn't you.,Bank,Hard_2
KYC update pending for A/c XX1472. Please visit your nearest HDFC Bank branch by 07-02-26 to avoid restrictions.,Bank,Bank_12
Salary  of Rs.8701 credited to A/c XX9388. Avl Bal: Rs.7493. -HDFC Bank,Bank,Bank_7
OTP: 67618 for txn of Rs.21771 at Flipkart. Do not share. -ICICI Bank,OTP,OTP_2
G-448581 IS YOUR GOOGLE VERIFICATION CODE.,OTP,OTP_12
loved your recent flipkart order? reorder in 1 tap and get 30% off today.,Promo,Promo_22
Flat Rs.500 cashback on your next order at Myntra. Use code SAVE12. Valid till 03 Jul.,Promo,Promo_2
YOUR AMAZON CODE: 609415,OTP,OTP_8
Your Uber code: 817500,OTP,OTP_8
189084 is your PNB security code. Anyone asking for it is a scammer.,OTP,OTP_9
Hungry? Get 70% off up to Rs.1814 on your next 3 orders. Code: EAT18. -Swiggy,Promo,Promo_12
Hungry? Get 40% off up to Rs.185 on your next 3 orders Code: EAT49 -Swiggy,Promo,Promo_12
Your credit card XX1075 statement is ready Total due: Rs.66312 Min due: Rs.3230 -Axis Bank,Bank,Bank_5
Your  SIM will be deactivated in 24hrs. Verify Aadhaar: bit.ly/zGNIse,Spam,Hard_13
ITEMS IN YOUR ORDER HISTORY ARE BACK IN STOCK AT BIGBASKET. PRICES START RS.1471.,Promo,Promo_23
"BRO SEND ME RS.3430 ON GPAY, WILL RETURN BY 03 JUL",Personal,Hard_5
Your credit card XX8744 statement is ready. Total due: Rs.94020. Min due: Rs.2681. -BOB,Bank,Bank_5
Low balance alert: A/c XX1820 balance is Rs.305384 Maintain min balance to avoid charges,Bank,Bank_10
INR 452 cashback credited to your Paytm wallet. Use on your next order.,Promo,Promo_21
UPI payment of INR 73122 to Vivaan successful. UPI Ref: 945636349567. -ICICI Bank,Bank,Bank_6
MEGA  SALE! Get 80% OFF on all products at Amazon. Shop now: bit.ly/BPdQII T&C apply.,Promo,Promo_0
IRCTC: Special trains added for festive season. Book early & save up to 70%.,Promo,Promo_17
IRCTC: Special trains added for festive season. Book early & save up to 70%.,Promo,Promo_17
UPI payment of Rs.48140 to Aradhana successful. UPI Ref: 985053339888. -SBI,Bank,Bank_6
Flight fares dropped! HYD-CCU from Rs.379. Book on Goibibo before midnight.,Promo,Promo_16
alert: rs.52236 withdrawn from atm using card xx5837 on 22-04-26. bal: rs.435692. -pnb,Bank,Bank_3
Your  SIM will be deactivated in 24hrs. Verify Aadhaar: bit.ly/NaKZWO,Spam,Hard_13
"class shifted to room 4519, come fast",Personal,Hard_6
IRCTC: 669834 is ur login OTP. It expires in 30 minutes.,OTP,OTP_6
Weekend special at Flipkart! Min 80% off on everything. Don't miss out: bit.ly/ZYdNRU,Promo,Promo_6
Meesho: Your cart misses you! Complete purchase now & get 10% off. bit.ly/veIZzi,Promo,Promo_4
Ur BigBasket order OD2347307566 has been shipped via Delhivery. Track: bit.ly/pXAcVo,Delivery,Delivery_0
  Use 749210 to complete your Meesho registration. Valid till 10 mins.,OTP,OTP_4
ENTER 828614 TO VERIFY YOUR MOBILE NUMBER FOR AXIS BANK.,OTP,OTP_10
YOUR FD OF RS.79545 MATURES ON 27-02-26. RENEW OR WITHDRAW VIA NETBANKING. -SBI,Bank,Bank_14
data exhausted? get 2gb extra with rs.863 booster pack. dial *121# or visit app.,Promo,Promo_11
Flat Rs.1690 cashback on your next order at Myntra. Use code SAVE84. Valid till 04 Jul.,Promo,Promo_2
"Your Kotak health insurance renewal is due 02 Jul Renew online, save 50% on premium",Promo,Promo_24
Your one time password is 962226 for Kotak. Please do not share it. -TM,OTP,OTP_5
304181 is your Amazon security code. Anyone asking for it is a scammer.,OTP,OTP_9
Your HDFC Bank debit card XX7982 has been blocked due to suspicious activity Visit branch or call 1800-XXX to unblock,Bank,Bank_11
Last day! Myntra clearance sale ends tonight Up to 20% off sitewide,Promo,Promo_8
emi of rs.65030 due on 03-06-26 for loan a/c xx6083. pay now to avoid charges. -icici bank,Bank,Bank_4
XpressBees: Shipment OD3738232829 reached your city hub. Expected delivery: 04 Jul.,Delivery,Delivery_4
convert your bob card purchase of rs.188 into easy emis at 0% interest. reply yes.,Promo,Promo_15
Your return pickup for order OD7147515222 is scheduled on 03 Jul. Keep the item ready. -Swiggy,Delivery,Delivery_7
Enter 601130 to verify your mobile number for Paytm.,OTP,OTP_10
Interest  of Rs.80851 credited to your FD A/c XX1896. -PNB,Bank,Bank_9
EXCLUSIVE FOR YOU! BUY 1 GET 1 FREE AT ZOMATO. LIMITED PERIOD OFFER. VISIT BIT.LY/PMKJXZ,Promo,Promo_3
"hey, my new number is 07378390995. save it! meet at tonight?",Personal,Hard_4
your one time password is 976966 for gpay. please do not share it.,OTP,OTP_5
YOUR BIGBASKET ORDER OD6413733649 HAS BEEN SHIPPED VIA BLUEDART. TRACK: BIT.LY/IPRBUI,Delivery,Delivery_0
Flight  fares dropped! DEL-PNQ from Rs.1227. Book on ixigo before midnight.,Promo,Promo_16
Recharge with Rs.1571 & get 20% extra talktime. Offer valid today only!,Promo,Promo_5
interest of rs.25643 credited to your fd a/c xx9783. -pnb,Bank,Bank_9
BlueDart: Shipment OD8563338868 reached ur city hub. Expected delivery: 06 Jul.,Delivery,Delivery_4
Out for delivery: Your BigBasket package OD4153961113 will arrive today by 6 PM. -XpressBees,Delivery,Delivery_1
Work from home! Earn Rs.1888452/month. Join: bit.ly/OYgQGj,Spam,Hard_14
IRCTC:  Special trains added for festive season. Book early & save up to 50%.,Promo,Promo_17
  Your Uber code: 7886,OTP,Hard_8
order od3728107703 packed and ready! expected dispatch by 02 jul. -meesho,Delivery,Delivery_8
442118 is your netflix security code. anyone asking for it is a scammer.,OTP,OTP_9
Ur one time password is 741072 for Ola. Please do not share it.,OTP,OTP_5
ORDER OD5867736015 PACKED AND READY! EXPECTED DISPATCH BY 06 JUL. -MYNTRA,Delivery,Delivery_8
"Hi Omya, unlock Rs.1539 off ur first order at Myntra with code NEW27.",Promo,Promo_7
"Class shifted to room 7948, come fast",Personal,Hard_6
"hi vritti, unlock rs.1619 off your first order at amazon with code new93.",Promo,Promo_7
Items in your order history are back in stock at Meesho. Prices start Rs.375.,Promo,Promo_23
474633 is your uber security code. anyone asking for it is a scammer.,OTP,OTP_9
Your ICICI Bank code: 835404,OTP,OTP_8
Hungry? Get 70% off up to Rs.1112 on your next 3 orders. Code: EAT18. -Zomato,Promo,Promo_12
OTP: 272574 for txn of Rs.25157 at PNB. Do not share. -PNB,OTP,OTP_2
  Rs.873 cashback credited to your Paytm wallet. Use on your next order.,Promo,Promo_21
UPI payment of Rs.75014 to Upasna successful UPI Ref: 933500257519 -HDFC Bank,Bank,Bank_6
Ur GPay code: 35855,OTP,OTP_8
Coupon 9050 gives you free delivery on orders above Rs.1536. -Zomato,Promo,Hard_1
  UPI payment of Rs.86078 to Rishi successful. UPI Ref: 533156278472. -SBI,Bank,Bank_6
YOUR SONYLIV PLAN RENEWS ON 04 JUL AT RS.421. UPGRADE TO 4K FOR RS.314/MONTH.,Promo,Promo_18
upi payment of rs.13375 to libni successful. upi ref: 156009501593. -axis bank,Bank,Bank_6
Your SIM will be deactivated in 24hrs. Verify Aadhaar: bit.ly/xmaCuU,Spam,Hard_13
"Hi Nihal, unlock Rs.849 off your first order at Amazon with code NEW24.",Promo,Promo_7
LOW BALANCE ALERT: A/C XX6978 BALANCE IS RS.494737. MAINTAIN MIN BALANCE TO AVOID CHARGES.,Bank,Bank_10
"  Hey, my new number is +914844420831. Save it! Meet at 6pm?",Personal,Hard_4
Your Zomato order OD4482114938 has been shipped via Delhivery. Track: bit.ly/AfrYXM,Delivery,Delivery_0
Delivery attempt failed for order OD2709496706. We will retry tomorrow. -BlueDart,Delivery,Delivery_5
Salary of Rs.13488 credited to A/c XX3694. Avl Bal: Rs.448209. -Axis Bank,Bank,Bank_7
YOUR UBER CODE: 6008,OTP,Hard_8
Your Netflix plan renews on 04 Jul at Rs.1572. Upgrade to 4K for Rs.485/month.,Promo,Promo_18
"Your ICICI Bank health insurance renewal is due 03 Jul. Renew online, save 60% on premium.",Promo,Promo_24
DTDC:  Shipment OD6334988169 reached your city hub. Expected delivery: 03 Jul.,Delivery,Delivery_4
742922 - use this to sign in Never share this code with anyone,OTP,Hard_7
<#> 276407 is your Paytm code. Valid 15 min. hA8sk2Lqp3,OTP,OTP_13
  Your Flipkart membership expires soon. Renew now & save 70%: bit.ly/OYBuff,Promo,Promo_9
Rs.15570 debited from A/c XX1807 on 19-01-26 to Harita. Avl Bal: Rs.68908. -Kotak,Bank,Bank_0
Data exhausted? Get 1.5GB extra with Rs.616 booster pack. Dial *121# or visit app. STOP to opt out,Promo,Promo_11
Zomato: Free delivery all weekend! Order your favourites now.,Promo,Promo_13
Ur A/c XX7017 is debited with Rs.80691 on 03-05-26. Info: UPI-Hema. Bal: Rs.217607,Bank,Bank_2
  576226 is your verification code for GPay. Never share your OTP.,OTP,OTP_3
your bigbasket order od2272295269 has been shipped via ekart. track: bit.ly/bzjyyu,Delivery,Delivery_0
Rs.1085 cashback credited to your Paytm wallet. Use on your next order.,Promo,Promo_21
Your order OD8198270395 from Meesho is arriving tomorrow. Keep INR 2114 ready for COD.,Delivery,Delivery_3
Missed our shows? Come back to Netflix at 50% off for 3 months. Resubscribe: bit.ly/YSOzUo,Promo,Promo_19
Your  Zomato membership expires soon. Renew now & save 20%: bit.ly/ejWaGD,Promo,Promo_9
"Hey, my new number is +911487425391. Save it! Meet at 8?",Personal,Hard_4
OUT FOR DELIVERY: YOUR SWIGGY PACKAGE OD4933113599 WILL ARRIVE TODAY BY 12 PM. -DTDC,Delivery,Delivery_1
Confirmation code 728108 for Netflix. Keep it private.,OTP,OTP_11
Salary of Rs.44403 credited to A/c XX5557. Avl Bal: Rs.257527. -SBI,Bank,Bank_7
Flight fares dropped! DEL-CCU from INR 466. Book on ixigo before midnight.,Promo,Promo_16
Data exhausted? Get 2GB extra with Rs.1901 booster pack. Dial *121# or visit app.,Promo,Promo_11
Cheque  no. 377526619491 for Rs.54321 has been cleared from A/c XX6322. -PNB,Bank,Bank_8
Last day! Amazon clearance sale ends tonight. Up to 60% off sitewide. -TM,Promo,Promo_8
Last day! Meesho clearance sale ends tonight. Up to 10% off sitewide. T&C apply,Promo,Promo_8
<#> 733388 is your netflix code. valid 10 min. ha8sk2lqp3,OTP,OTP_13
Your one time password is 340476 for Swiggy Please do not share it,OTP,OTP_5
Use 107195 to complete ur HDFC Bank registration. Valid till 2 mins.,OTP,OTP_4
  Out for delivery: Your Flipkart package OD5454695580 will arrive today by 12 PM. -Delhivery,Delivery,Delivery_1
Items in your order history are back in stock at Amazon. Prices start INR 373.,Promo,Promo_23
Pay Rs.2874 on delivery for order OD607626547. -DTDC,Delivery,Hard_10
  Your Uber code: 3058,OTP,Hard_8
"Class shifted to room 1247, come fast",Personal,Hard_6
Flight fares dropped! BLR-PNQ from INR 1826. Book on Goibibo before midnight.,Promo,Promo_16
Your SIM will be deactivated in 24hrs. Verify Aadhaar: bit.ly/ikgUAt,Spam,Hard_13
Order OD9375549187 packed and ready! Expected dispatch by 06 Jul. -BigBasket,Delivery,Delivery_8
your myntra order od2239502795 has been shipped via xpressbees. track: bit.ly/ycccbw,Delivery,Delivery_0
Last day! Myntra clearance sale ends tonight. Up to 50% off sitewide.,Promo,Promo_8
otp-based login was enabled for your a/c xx5653. call pnb if this wasn't you.,Bank,Hard_2
Zomato: 309511 is your login OTP It expires in 5 minutes,OTP,OTP_6
511465 - use this to sign in. Never share this code with anyone.,OTP,Hard_7
Pay Rs.4056 on delivery for order OD182928510. -BlueDart -TM,Delivery,Hard_10
  Delivered! Your Myntra order OD8238582782 was delivered on 04 Jul. Rate your experience: bit.ly/yJHwYU,Delivery,Delivery_2
alert: rs.81352 withdrawn from atm using card xx7963 on 17-03-26. bal: rs.194747. -kotak,Bank,Bank_3
tap to verify: 492966. this code expires shortly.,OTP,Hard_9
Last day! Flipkart clearance sale ends tonight. Up to 50% off sitewide.,Promo,Promo_8
173371 - use this code to sign in to gpay. never share it with anyone.,OTP,OTP_7
Loved your recent Zomato order? Reorder in 1 tap and get 70% off today.,Promo,Promo_22
Items in ur order history are back in stock at Zomato. Prices start Rs.875.,Promo,Promo_23
<#> 128162 is your SBI code. Valid 10 min. hA8sk2Lqp3,OTP,OTP_13
order od7656726189 packed and ready! expected dispatch by 06 jul. -amazon,Delivery,Delivery_8
Missed our shows? Come back to Hotstar at 50% off for 3 months. Resubscribe: bit.ly/trPjEM,Promo,Promo_19
Sachi from DTDC is arriving with your package. Contact: 6470048412,Delivery,Delivery_6
Rs.333 cashback credited to your PhonePe wallet Use on your next order,Promo,Promo_21
Delivery attempt failed for order OD9178959989. We will retry tomorrow. -BlueDart,Delivery,Delivery_5
Delivery attempt failed for order OD6267186393. We will retry tomorrow. -BlueDart T&C apply,Delivery,Delivery_5
"Never share your OTP, PIN or CVV. SBI never asks for these. Stay safe. -TM",Bank,Hard_3
Your A/c XX3587 is debited with Rs.70755 on 04-04-26. Info: UPI-Kamala. Bal: Rs.367725,Bank,Bank_2
Your order OD9240792253 from Amazon is arriving tomorrow. Keep Rs.3861 ready for COD.,Delivery,Delivery_3
order od1193894179 packed and ready! expected dispatch by 04 jul. -myntra,Delivery,Delivery_8
Hungry? Get 30% off up to INR 595 on your next 3 orders. Code: EAT49. -Swiggy,Promo,Promo_12
Amazon Big Billion Days! Up to 30% off + extra 10% with BOB cards Hurry!,Promo,Promo_1
Last day! BigBasket clearance sale ends tonight. Up to 30% off sitewide.,Promo,Promo_8
Weekend special at Myntra! Min 50% off on everything. Don't miss out: bit.ly/XZEkEX,Promo,Promo_6
Hungry? Get 70% off up to Rs.1458 on your next 3 orders. Code: EAT15. -Swiggy,Promo,Promo_12
  Out for delivery: Your Myntra package OD3904483394 will arrive today by 3 PM. -BlueDart,Delivery,Delivery_1
OTP for delivery of order OD8583292789 is 8929. Share only with the delivery agent. -BlueDart,Delivery,Delivery_9
  Your A/c XX3446 is debited with Rs.79642 on 04-03-26. Info: UPI-Manthan. Bal: Rs.436929,Bank,Bank_2
817028 is your Axis Bank security code. Anyone asking for it is a scammer.,OTP,OTP_9
Low balance alert: A/c XX7337 balance is Rs.369833. Maintain min balance to avoid charges.,Bank,Bank_10
Rs.51  cashback credited to your PhonePe wallet. Use on your next order.,Promo,Promo_21
Low balance alert: A/c XX1977 balance is Rs.211549. Maintain min balance to avoid charges.,Bank,Bank_10
AUTO-PAY OF RS.25427 TO SAMAKSH IS SCHEDULED ON 02-03-26 FROM A/C XX5099. ENSURE SUFFICIENT BALANCE.,Bank,Bank_13
Your order OD4785749624 from Myntra is arriving tomorrow Keep Rs.3824 ready for COD,Delivery,Delivery_3
Beware of fraud calls asking for card details Axis Bank officials never ask for PIN or CVV,Bank,Bank_15
Convert your Kotak card purchase of Rs.1777 into easy EMIs at 0% interest. Reply YES.,Promo,Promo_15
238656 is your OTP for Hotstar login. Valid for 30 minutes. Do not share with anyone.,OTP,OTP_0
Uber: 95052 is your login OTP. It expires in 10 minutes.,OTP,OTP_6
Your  ICICI Bank code: 711819,OTP,OTP_8
G-868743 IS YOUR GOOGLE VERIFICATION CODE.,OTP,OTP_12
MEGA SALE! Get 30% OFF on all products at Myntra. Shop now: bit.ly/MGoZRN T&C apply.,Promo,Promo_0
Work from home! Earn Rs.700224/month. Join: bit.ly/yXhnFx,Spam,Hard_14
"Bro send me Rs.1153 on gpay, will return by 03 Jul",Personal,Hard_5
Items in your order history are back in stock at Myntra Prices start Rs.1736,Promo,Promo_23
Missed our shows? Come back to Hotstar at 50% off for 3 months Resubscribe: bitly/LQNiwu,Promo,Promo_19
ITEMS IN YOUR ORDER HISTORY ARE BACK IN STOCK AT SWIGGY. PRICES START RS.744.,Promo,Promo_23
"CLASS SHIFTED TO ROOM 6201, COME FAST",Personal,Hard_6
  Your return pickup for order OD6692818036 is scheduled on 05 Jul. Keep the item ready. -Flipkart,Delivery,Delivery_7
your a/c xx9363 is debited with rs.62271 on 23-04-26. info: upi-dominic. bal: rs.165416,Bank,Bank_2
Flight fares dropped! DEL-LKO from Rs.460 Book on ixigo before midnight,Promo,Promo_16
Your account statement for August is available. Download from the BOB app. STOP to opt out,Bank,Bank_16
Salary of Rs.83545 credited to A/c XX1280. Avl Bal: Rs.163540. -HDFC Bank,Bank,Bank_7
<#> 396207 is your netflix code. valid 5 min. ha8sk2lqp3,OTP,OTP_13
Weekend special at BigBasket! Min 50% off on everything. Don't miss out: bit.ly/LVGGDR STOP to opt out,Promo,Promo_6
Coupon 4545 gives you free delivery on orders above Rs.4035. -Myntra,Promo,Hard_1
Loved your recent Meesho order? Reorder in 1 tap and get 60% off today.,Promo,Promo_22
Your return pickup for order OD8261065418 is scheduled on 04 Jul. Keep the item ready. -Zomato,Delivery,Delivery_7
G-632522 is your Google verification code,OTP,OTP_12
kyc update pending for a/c xx5265. please visit your nearest sbi branch by 14-04-26 to avoid restrictions.,Bank,Bank_12
Your Zomato membership expires soon. Renew now & save 30%: bit.ly/GoIftp,Promo,Promo_9
your fd of rs.74791 matures on 19-04-26. renew or withdraw via netbanking. -kotak,Bank,Bank_14
"Ur HDFC Bank health insurance renewal is due 03 Jul. Renew online, save 10% on premium.",Promo,Promo_24
  Your account statement for July is available. Download from the Axis Bank app.,Bank,Bank_16
Your SIM will be deactivated in 24hrs. Verify Aadhaar: bit.ly/wJINEG,Spam,Hard_13
  Your HDFC Bank debit card XX2550 has been blocked due to suspicious activity. Visit branch or call 1800-XXX to unblock.,Bank,Bank_11
FLAT RS.1984 CASHBACK ON YOUR NEXT ORDER AT AMAZON. USE CODE SAVE16. VALID TILL 02 JUL.,Promo,Promo_2
  Your one time password is 238570 for Paytm. Please do not share it.,OTP,OTP_5
Delivery attempt failed for order OD8077972904. We will retry tomorrow. -Delhivery,Delivery,Delivery_5
Out for delivery: Your Zomato package OD8214692227 will arrive today by 9 PM -XpressBees,Delivery,Delivery_1
Pre-approved!  Get a PNB credit card with Rs.110362 limit. Zero joining fee. Apply: bit.ly/bXLYMW,Promo,Promo_14
34430 - use this code to sign in to PNB. Never share it with anyone. T&C apply,OTP,OTP_7
Low balance alert: A/c XX4381 balance is Rs.187726. Maintain min balance to avoid charges.,Bank,Bank_10
Your order OD7251753152 from Amazon is arriving tomorrow. Keep Rs.865 ready for COD.,Delivery,Delivery_3
Auto-pay of Rs.79609 to Ladli is scheduled on 28-05-26 from A/c XX6819. Ensure sufficient balance.,Bank,Bank_13
  Delivery attempt failed for order OD7531706964. We will retry tomorrow. -Ekart,Delivery,Delivery_5
Coupon 8207 gives you free delivery on orders above Rs.3854. -Flipkart,Promo,Hard_1
XPRESSBEES: SHIPMENT OD9731856393 REACHED YOUR CITY HUB. EXPECTED DELIVERY: 06 JUL.,Delivery,Delivery_4
OTP for delivery of order OD2216833941 is 5873 Share only with the delivery agent -BlueDart,Delivery,Delivery_9
Confirmation code 932423 for GPay. Keep it private.,OTP,OTP_11
"Bro send me INR 1173 on gpay, will return by 01 Jul",Personal,Hard_5
Your SonyLIV plan renews on 01 Jul at Rs.648. Upgrade to 4K for Rs.242/month.,Promo,Promo_18
EMI OF RS.95060 DUE ON 26-03-26 FOR LOAN A/C XX1641. PAY NOW TO AVOID CHARGES. -AXIS BANK,Bank,Bank_4
  Delivered! Your Zomato order OD4849349825 was delivered on 02 Jul. Rate your experience: bit.ly/NSaVZx,Delivery,Delivery_2
CHEQUE NO. 549616532332 FOR RS.5464 HAS BEEN CLEARED FROM A/C XX9950. -KOTAK,Bank,Bank_8
333441 is your pnb security code. anyone asking for it is a scammer.,OTP,OTP_9
  Swiggy Big Billion Days! Up to 40% off + extra 10% with ICICI Bank cards. Hurry!,Promo,Promo_1
980129 is your verification code for Kotak. Never share your OTP. STOP to opt out,OTP,OTP_3
Flight fares dropped! BOM-LKO from Rs.658. Book on MakeMyTrip before midnight.,Promo,Promo_16
Your one time password is 216200 for ICICI Bank. Please do not share it.,OTP,OTP_5
Your OTP is 399620. Use it to verify your HDFC Bank account. Expires in 10 min. -TM,OTP,OTP_1
Congratulations! You won Rs.795393 in lucky draw. Claim: bit.ly/jJnbtM,Spam,Hard_12
Your SBI debit card XX3584 has been blocked due to suspicious activity. Visit branch or call 1800-XXX to unblock.,Bank,Bank_11
XpressBees: Shipment OD6403132006 reached ur city hub. Expected delivery: 04 Jul.,Delivery,Delivery_4
  Your FD of Rs.9779 matures on 27-05-26. Renew or withdraw via netbanking. -SBI,Bank,Bank_14
YOUR OTP IS 934083. USE IT TO VERIFY YOUR FLIPKART ACCOUNT. EXPIRES IN 5 MIN.,OTP,OTP_1
Cheque no. 990556793914 for Rs.84694 has been cleared from A/c XX5288. -SBI,Bank,Bank_8
UPI payment of Rs.49685 to Leela successful. UPI Ref: 315758605896. -Kotak,Bank,Bank_6
INR 27464 debited from A/c XX7050 on 30-03-26 to Dev. Avl Bal: INR 135520. -SBI,Bank,Bank_0
Delivered! Ur Amazon order OD1680884980 was delivered on 02 Jul. Rate ur experience: bit.ly/mQhRoA,Delivery,Delivery_2
Ur return pickup for order OD8030198284 is scheduled on 06 Jul. Keep the item ready. -BigBasket,Delivery,Delivery_7
Your ICICI Bank code: 715509,OTP,OTP_8
IRCTC: Special trains added for festive season. Book early & save up to 60%. -TM,Promo,Promo_17
ALERT: Rs.39700 withdrawn from ATM using card XX6550 on 29-03-26. Bal: Rs.342410. -HDFC Bank,Bank,Bank_3
  OTP for delivery of order OD1282901250 is 8540. Share only with the delivery agent. -BlueDart,Delivery,Delivery_9
YOUR A/C XX3188 IS DEBITED WITH RS.93544 ON 18-04-26. INFO: UPI-ISAAC. BAL: RS.161082,Bank,Bank_2
926816 IS YOUR VERIFICATION CODE FOR BOB. NEVER SHARE YOUR OTP.,OTP,OTP_3
Weekend special at BigBasket! Min 30% off on everything. Don't miss out: bit.ly/qGGPiI,Promo,Promo_6
Axis Bank: 993981 is your login OTP. It expires in 30 minutes.,OTP,OTP_6
Data exhausted? Get 3GB extra with Rs.1445 booster pack. Dial *121# or visit app.,Promo,Promo_11
TAP TO VERIFY: 973515. THIS CODE EXPIRES SHORTLY.,OTP,Hard_9
601719 is your verification code for HDFC Bank. Never share your OTP.,OTP,OTP_3
  Your return pickup for order OD9612111754 is scheduled on 05 Jul. Keep the item ready. -Myntra,Delivery,Delivery_7
  Work from home! Earn Rs.1342223/month. Join: bit.ly/JBUCdQ,Spam,Hard_14
"Ur HDFC Bank health insurance renewal is due 01 Jul. Renew online, save 10% on premium.",Promo,Promo_24
Rs.44152 debited from A/c XX7932 on 11-05-26 to Nidra Avl Bal: Rs.331981 -ICICI Bank,Bank,Bank_0
Dear customer ur Kotak account will be blocked! Update KYC now: bit.ly/sYxaJp,Spam,Hard_11
Girik from BlueDart is arriving with your package. Contact: +919434239351,Delivery,Delivery_6
Delivery attempt failed for order OD6986627917. We will retry tomorrow. -DTDC,Delivery,Delivery_5
Work  from home! Earn Rs.96880/month. Join: bit.ly/omwDUn,Spam,Hard_14
Use 486677 to complete your Ola registration. Valid till 15 mins. -TM,OTP,OTP_4
"Your HDFC Bank health insurance renewal is due 04 Jul. Renew online, save 40% on premium.",Promo,Promo_24
order od3173246207 packed and ready! expected dispatch by 01 jul. -myntra,Delivery,Delivery_8
beware of fraud calls asking for card details. icici bank officials never ask for pin or cvv.,Bank,Bank_15
911880 is your OTP for ICICI Bank login. Valid for 5 minutes. Do not share with anyone.,OTP,OTP_0
Ur one time password is 184003 for PhonePe. Please do not share it.,OTP,OTP_5
EXCLUSIVE FOR YOU! BUY 1 GET 1 FREE AT ZOMATO. LIMITED PERIOD OFFER. VISIT BIT.LY/JFPCMM,Promo,Promo_3
OTP-based login was enabled for your A/c XX2300. Call ICICI Bank if this wasn't you.,Bank,Hard_2
Your account statement for August is available. Download from the ICICI Bank app.,Bank,Bank_16
Your ICICI Bank debit card XX2612 has been blocked due to suspicious activity. Visit branch or call 1800-XXX to unblock.,Bank,Bank_11
KYC UPDATE PENDING FOR A/C XX8414. PLEASE VISIT YOUR NEAREST SBI BRANCH BY 19-02-26 TO AVOID RESTRICTIONS.,Bank,Bank_12
RECHARGE WITH RS.1881 & GET 70% EXTRA TALKTIME. OFFER VALID TODAY ONLY!,Promo,Promo_5
LOW BALANCE ALERT: A/C XX3644 BALANCE IS RS.341674. MAINTAIN MIN BALANCE TO AVOID CHARGES.,Bank,Bank_10
Your FD of Rs.45512 matures on 27-03-26. Renew or withdraw via netbanking. -Axis Bank,Bank,Bank_14
IRCTC: Special trains added for festive season. Book early & save up to 50%.,Promo,Promo_17
rs.90703 credited to a/c xx9934 on 05-02-26. avl bal: rs.113874. -hdfc bank,Bank,Bank_1
Your Swiggy order OD7247093137 has been shipped via DTDC. Track: bit.ly/YQitJM,Delivery,Delivery_0
343995 is your OTP for Flipkart login. Valid for 15 minutes. Do not share with anyone.,OTP,OTP_0
Hungry?  Get 50% off up to Rs.1966 on your next 3 orders. Code: EAT87. -Zomato,Promo,Promo_12
Hungry? Get 40% off up to Rs.1481 on your next 3 orders. Code: EAT84. -Zomato,Promo,Promo_12
  Order OD5198347676 packed and ready! Expected dispatch by 03 Jul. -Flipkart,Delivery,Delivery_8
Pay Rs.921 on delivery for order OD967475978. -DTDC,Delivery,Hard_10
MEGA SALE! Get 40% OFF on all products at Swiggy. Shop now: bit.ly/jwaWZp T&C apply.,Promo,Promo_0
KYC update pending for A/c XX1972. Please visit your nearest PNB branch by 05-02-26 to avoid restrictions.,Bank,Bank_12
"Hey, my new number is 1262209129. Save it! Meet at 6pm?",Personal,Hard_4
Use code 6305 at checkout for 50% off at Meesho!,Promo,Hard_0
MEGA SALE! Get 20% OFF on all products at Zomato Shop now: bitly/RBcthp T&C apply,Promo,Promo_0
Salary of Rs.3613 credited to A/c XX7841. Avl Bal: Rs.13726. -BOB,Bank,Bank_7
Enter 17325 to verify your mobile number for BigBasket.,OTP,OTP_10
Tap to verify: 327938. This code expires shortly.,OTP,Hard_9
Loved your recent Zomato order? Reorder in 1 tap and get 40% off today.,Promo,Promo_22
Beware  of fraud calls asking for card details. ICICI Bank officials never ask for PIN or CVV.,Bank,Bank_15
Pre-approved! Get a HDFC Bank credit card with Rs.61836 limit. Zero joining fee. Apply: bit.ly/JwdWpM,Promo,Promo_14
Hungry? Get 50% off up to Rs.818 on your next 3 orders. Code: EAT89. -Swiggy,Promo,Promo_12
Rs.589 cashback credited to your Paytm wallet. Use on your next order.,Promo,Promo_21
G-855745 is your Google verification code.,OTP,OTP_12
EMI OF RS.78352 DUE ON 19-02-26 FOR LOAN A/C XX1266. PAY NOW TO AVOID CHARGES. -PNB,Bank,Bank_4
Confirmation code 731000 for Ola. Keep it private.,OTP,OTP_11
Your return pickup for order OD6448166464 is scheduled on 02 Jul. Keep the item ready. -Amazon,Delivery,Delivery_7
Beware of fraud calls asking for card details. HDFC Bank officials never ask for PIN or CVV.,Bank,Bank_15
KYC update pending for A/c XX5855. Please visit your nearest HDFC Bank branch by 26-04-26 to avoid restrictions.,Bank,Bank_12
G-249521  is your Google verification code.,OTP,OTP_12
Delivery attempt failed for order OD2007530999. We will retry tomorrow. -Delhivery,Delivery,Delivery_5
Order OD1175076267 packed and ready! Expected dispatch by 02 Jul. -Amazon,Delivery,Delivery_8
you have 3944 reward points expiring on 02 jul. redeem on zomato.,Promo,Promo_20
Your OTP is 746850. Use it to verify your Flipkart account. Expires in 30 min.,OTP,OTP_1
Coupon 6248 gives you free delivery on orders above INR 2264. -BigBasket,Promo,Hard_1
Your credit card XX7012 statement is ready. Total due: Rs.47477. Min due: Rs.1187. -ICICI Bank,Bank,Bank_5
Your order OD3149925696 from BigBasket is arriving tomorrow. Keep Rs.2316 ready for COD.,Delivery,Delivery_3
Beware of fraud calls asking for card details. Kotak officials never ask for PIN or CVV.,Bank,Bank_15
Tap to verify: 830669. This code expires shortly.,OTP,Hard_9
YOUR ACCOUNT STATEMENT FOR JULY IS AVAILABLE. DOWNLOAD FROM THE PNB APP.,Bank,Bank_16
Interest of Rs.36196 credited to your FD A/c XX2964. -HDFC Bank,Bank,Bank_9
Dear customer ur HDFC Bank account will be blocked! Update KYC now: bit.ly/CxQskn,Spam,Hard_11
Swiggy: 522599 is your login OTP. It expires in 15 minutes.,OTP,OTP_6
"Class shifted to room 6955, come fast",Personal,Hard_6
903152 is your Uber security code. Anyone asking for it is a scammer.,OTP,OTP_9
flight fares dropped! hyd-maa from rs.943. book on makemytrip before midnight.,Promo,Promo_16
<#> 740003 is your axis bank code. valid 10 min. ha8sk2lqp3,OTP,OTP_13
OTP-based login was enabled for your A/c XX8172. Call PNB if this wasn't you.,Bank,Hard_2
Confirmation code 41236 for Uber Keep it private,OTP,OTP_11
  525019 is your verification code for Zomato. Never share your OTP.,OTP,OTP_3
RS.263 CASHBACK CREDITED TO YOUR AMAZON PAY WALLET. USE ON YOUR NEXT ORDER.,Promo,Promo_21
Rs.1993 cashback credited to ur Amazon Pay wallet. Use on ur next order.,Promo,Promo_21
"Never share your OTP, PIN or CVV. SBI never asks for these. Stay safe.",Bank,Hard_3
OTP: 113873 for txn of Rs.25671 at Paytm. Do not share. -Kotak,OTP,OTP_2
Delivered! Your Zomato order OD7787801137 was delivered on 01 Jul. Rate your experience: bit.ly/eKcbKn,Delivery,Delivery_2
Convert your HDFC Bank card purchase of INR 425 into easy EMIs at 0% interest. Reply YES.,Promo,Promo_15
Exclusive for you! Buy 1 Get 1 FREE at Zomato. Limited period offer. Visit bit.ly/eRasco,Promo,Promo_3
XpressBees: Shipment OD9913176609 reached your city hub. Expected delivery: 01 Jul.,Delivery,Delivery_4
Use 195956 to complete your Paytm registration. Valid till 2 mins.,OTP,OTP_4
Your SIM will be deactivated in 24hrs. Verify Aadhaar: bit.ly/EFwaKU,Spam,Hard_13
  Your A/c XX7823 is debited with Rs.93032 on 31-05-26. Info: UPI-Sanya. Bal: Rs.32689,Bank,Bank_2
Hungry? Get 20% off up to Rs.1098 on your next 3 orders. Code: EAT85. -Zomato,Promo,Promo_12
Your one time password is 275758 for Myntra. Please do not share it.,OTP,OTP_5
your order od6627627892 from zomato is arriving tomorrow. keep rs.2938 ready for cod.,Delivery,Delivery_3
DELHIVERY: SHIPMENT OD9038177328 REACHED YOUR CITY HUB. EXPECTED DELIVERY: 05 JUL.,Delivery,Delivery_4
Your OTP is 345988. Use it to verify your Myntra account. Expires in 15 min.,OTP,OTP_1
937945 is ur PhonePe security code. Anyone asking for it is a scammer.,OTP,OTP_9
Faras from Ekart is arriving with your package. Contact: 00307548764,Delivery,Delivery_6
"Hi Harshil, unlock INR 1217 off your first order at Myntra with code NEW62.",Promo,Promo_7
"Hi Vrishti, unlock Rs.373 off your first order at Swiggy with code NEW71. T&C apply",Promo,Promo_7
Loved  your recent Flipkart order? Reorder in 1 tap and get 40% off today.,Promo,Promo_22
Confirmation  code 808812 for Flipkart. Keep it private.,OTP,OTP_11
Loved your recent Meesho order? Reorder in 1 tap and get 40% off today.,Promo,Promo_22
665518 is your OTP for BOB login. Valid for 30 minutes. Do not share with anyone.,OTP,OTP_0
DELIVERED! YOUR SWIGGY ORDER OD3436586461 WAS DELIVERED ON 05 JUL. RATE YOUR EXPERIENCE: BIT.LY/OSGGFK,Delivery,Delivery_2
"class shifted to room 3672, come fast",Personal,Hard_6
  Your Zomato order OD4806515598 has been shipped via Delhivery. Track: bit.ly/SGREwo,Delivery,Delivery_0
UPI payment of Rs.41428 to Neel successful. UPI Ref: 211876492295. -Axis Bank,Bank,Bank_6
"  Class shifted to room 9066, come fast",Personal,Hard_6
Flat Rs.878 cashback on your next order at Meesho. Use code SAVE39. Valid till 01 Jul.,Promo,Promo_2
Loved your recent BigBasket order? Reorder in 1 tap and get 80% off today.,Promo,Promo_22
CONFIRMATION CODE 308624 FOR ICICI BANK. KEEP IT PRIVATE.,OTP,OTP_11
Meesho Big Billion Days! Up to 20% off + extra 10% with BOB cards. Hurry!,Promo,Promo_1
Your FD of Rs.89985 matures on 28-03-26 Renew or withdraw via netbanking -ICICI Bank,Bank,Bank_14
order od2507193604 packed and ready! expected dispatch by 06 jul. -bigbasket,Delivery,Delivery_8
CONVERT YOUR HDFC BANK CARD PURCHASE OF RS.1875 INTO EASY EMIS AT 0% INTEREST. REPLY YES.,Promo,Promo_15
<#> 365969 is your Netflix code. Valid 10 min. hA8sk2Lqp3,OTP,OTP_13
337768 - use this to sign in. never share this code with anyone.,OTP,Hard_7
YOUR FLIPKART MEMBERSHIP EXPIRES SOON. RENEW NOW & SAVE 40%: BIT.LY/LBLPGU,Promo,Promo_9
coupon 5175 gives you free delivery on orders above rs.3847. -swiggy,Promo,Hard_1
Your Netflix code: 308162,OTP,OTP_8
Tap to verify: 361895. This code expires shortly.,OTP,Hard_9
Myntra: Your cart misses you! Complete purchase now & get 80% off. bit.ly/JrgzTU,Promo,Promo_4
ALERT: Rs.29143 withdrawn from ATM using card XX4737 on 20-05-26. Bal: Rs.481115. -SBI,Bank,Bank_3
"Hey,  my new number is +918297093626. Save it! Meet at tonight?",Personal,Hard_4
Your return pickup for order OD4856740281 is scheduled on 04 Jul. Keep the item ready. -Swiggy,Delivery,Delivery_7
17314 - USE THIS CODE TO SIGN IN TO NETFLIX. NEVER SHARE IT WITH ANYONE.,OTP,OTP_7
"Bro send me Rs.928 on gpay, will return by 06 Jul",Personal,Hard_5
Rachana from Ekart is arriving with your package. Contact: +912634743454,Delivery,Delivery_6
Out for delivery: Your Myntra package OD3444113530 will arrive today by 12 PM. -BlueDart,Delivery,Delivery_1
Pre-approved! Get a Axis Bank credit card with Rs.322526 limit. Zero joining fee. Apply: bit.ly/HdlMUP,Promo,Promo_14
OLA: 76089 IS YOUR LOGIN OTP. IT EXPIRES IN 30 MINUTES.,OTP,OTP_6
g-44305 is your google verification code.,OTP,OTP_12
"Class  shifted to room 5867, come fast",Personal,Hard_6
your vi pack expires tomorrow. recharge with rs.1635 for 3gb/day + unlimited calls.,Promo,Promo_10
KYC UPDATE PENDING FOR A/C XX3193. PLEASE VISIT YOUR NEAREST AXIS BANK BRANCH BY 03-07-26 TO AVOID RESTRICTIONS.,Bank,Bank_12
your uber code: 4521,OTP,Hard_8
"Class  shifted to room 7062, come fast",Personal,Hard_6
your amazon order od3512532476 has been shipped via bluedart. track: bit.ly/wlipkb,Delivery,Delivery_0
  Your OTP is 134060. Use it to verify your Paytm account. Expires in 5 min.,OTP,OTP_1
KYC update pending for A/c XX5426. Please visit your nearest Kotak branch by 14-03-26 to avoid restrictions.,Bank,Bank_12
UPI payment of INR 6305 to Xalak successful. UPI Ref: 699484755888. -Axis Bank,Bank,Bank_6
Dear customer ur HDFC Bank account will be blocked! Update KYC now: bit.ly/sMoSVD,Spam,Hard_11
You have 1086 reward points expiring on 02 Jul. Redeem on BigBasket.,Promo,Promo_20
Your Prime Video plan renews on 03 Jul at Rs.506. Upgrade to 4K for Rs.699/month.,Promo,Promo_18
Weekend special at Amazon! Min 60% off on everything. Don't miss out: bit.ly/vHxdAT T&C apply,Promo,Promo_6
ALERT: Rs.61562 withdrawn from ATM using card XX2509 on 08-02-26. Bal: Rs.199260. -HDFC Bank,Bank,Bank_3
Data exhausted? Get 2GB extra with Rs.1584 booster pack. Dial *121# or visit app.,Promo,Promo_11
EMI of INR 76396 due on 08-03-26 for loan A/c XX4471. Pay now to avoid charges. -Kotak,Bank,Bank_4
Cheque no. 282267652537 for Rs.96091 has been cleared from A/c XX5554. -PNB,Bank,Bank_8
Your account statement for July is available. Download from the PNB app.,Bank,Bank_16
Auto-pay of Rs.42036 to Owen is scheduled on 26-01-26 from A/c XX4782. Ensure sufficient balance.,Bank,Bank_13
  Flat Rs.1764 cashback on your next order at BigBasket. Use code SAVE12. Valid till 01 Jul.,Promo,Promo_2
  ALERT: Rs.35998 withdrawn from ATM using card XX8519 on 24-05-26. Bal: Rs.227191. -BOB,Bank,Bank_3
"Hey,  my new number is +910346525364. Save it! Meet at noon?",Personal,Hard_4
Delivery attempt failed for order OD9073021248 We will retry tomorrow -Delhivery,Delivery,Delivery_5
Convert your ICICI Bank card purchase of Rs.664 into easy EMIs at 0% interest. Reply YES.,Promo,Promo_15
501810 is ur Axis Bank security code. Anyone asking for it is a scammer.,OTP,OTP_9
99424  is your OTP for Swiggy login. Valid for 5 minutes. Do not share with anyone.,OTP,OTP_0
Ur return pickup for order OD8452531744 is scheduled on 05 Jul. Keep the item ready. -BigBasket,Delivery,Delivery_7
68357  is your OTP for Meesho login. Valid for 30 minutes. Do not share with anyone.,OTP,OTP_0
OTP  for delivery of order OD1952994257 is 8305. Share only with the delivery agent. -XpressBees,Delivery,Delivery_9
EMI  of Rs.79098 due on 03-04-26 for loan A/c XX9177. Pay now to avoid charges. -HDFC Bank,Bank,Bank_4
281968 is your HDFC Bank security code. Anyone asking for it is a scammer.,OTP,OTP_9
Delivery attempt failed for order OD1917489216. We will retry tomorrow. -Delhivery,Delivery,Delivery_5
925304  is your BigBasket security code. Anyone asking for it is a scammer.,OTP,OTP_9
Pay Rs.386 on delivery for order OD580506752. -XpressBees,Delivery,Hard_10
YOUR A/C XX3841 IS DEBITED WITH RS.59691 ON 06-07-26. INFO: UPI-ARJUN. BAL: RS.48479,Bank,Bank_2
Ekart: Shipment OD7156919279 reached your city hub. Expected delivery: 06 Jul. T&C apply,Delivery,Delivery_4
"Class shifted to room 8085, come fast",Personal,Hard_6
185985 - use this code to sign in to HDFC Bank Never share it with anyone,OTP,OTP_7
G-196478 is your Google verification code.,OTP,OTP_12
last day! amazon clearance sale ends tonight. up to 80% off sitewide.,Promo,Promo_8
649717 is your Meesho security code. Anyone asking for it is a scammer.,OTP,OTP_9
Coupon 1710 gives you free delivery on orders above Rs.1699 -Myntra,Promo,Hard_1
Your Axis Bank debit card XX6090 has been blocked due to suspicious activity. Visit branch or call 1800-XXX to unblock.,Bank,Bank_11
Missed  our shows? Come back to SonyLIV at 50% off for 3 months. Resubscribe: bit.ly/NMPuVy,Promo,Promo_19
Your FD of Rs.60452 matures on 14-06-26. Renew or withdraw via netbanking. -ICICI Bank,Bank,Bank_14
Paytm: 448411 is your login OTP. It expires in 10 minutes.,OTP,OTP_6
Your Myntra membership expires soon. Renew now & save 20%: bit.ly/MrQTKo,Promo,Promo_9
FLIPKART: 711822 IS YOUR LOGIN OTP. IT EXPIRES IN 10 MINUTES.,OTP,OTP_6
Salary of Rs.81235 credited to A/c XX1395. Avl Bal: Rs.283279. -SBI,Bank,Bank_7
salary of rs.76564 credited to a/c xx5195. avl bal: rs.86422. -hdfc bank,Bank,Bank_7
Cheque no. 688428857042 for Rs.82997 has been cleared from A/c XX1996. -SBI,Bank,Bank_8
"Hi Girik, unlock Rs.1823 off your first order at Flipkart with code NEW27.",Promo,Promo_7
  Tap to verify: 130763. This code expires shortly.,OTP,Hard_9
Recharge with Rs.197 & get 30% extra talktime. Offer valid today only!,Promo,Promo_5
Out for delivery: Ur BigBasket package OD9384913047 will arrive today by 3 PM. -XpressBees,Delivery,Delivery_1
  Enter 111186 to verify your mobile number for Netflix.,OTP,OTP_10
hdfc bank: 977346 is your login otp. it expires in 2 minutes.,OTP,OTP_6
CONVERT YOUR HDFC BANK CARD PURCHASE OF RS.1595 INTO EASY EMIS AT 0% INTEREST. REPLY YES.,Promo,Promo_15
YOUR ONE TIME PASSWORD IS 55336 FOR PAYTM. PLEASE DO NOT SHARE IT.,OTP,OTP_5
Your FD of Rs.11598 matures on 09-05-26. Renew or withdraw via netbanking. -HDFC Bank,Bank,Bank_14
"YOUR ICICI BANK HEALTH INSURANCE RENEWAL IS DUE 01 JUL. RENEW ONLINE, SAVE 80% ON PREMIUM.",Promo,Promo_24
Your FD of Rs.49734 matures on 17-04-26. Renew or withdraw via netbanking. -PNB,Bank,Bank_14
Your SIM will be deactivated in 24hrs. Verify Aadhaar: bit.ly/mpQzfR -TM,Spam,Hard_13
Low balance alert: A/c XX6516 balance is Rs.183537. Maintain min balance to avoid charges.,Bank,Bank_10
IRCTC: Special trains added for festive season. Book early & save up to 70%.,Promo,Promo_17
ALERT: Rs.13295 withdrawn from ATM using card XX5105 on 02-03-26 Bal: Rs.226115 -HDFC Bank,Bank,Bank_3
IRCTC: SPECIAL TRAINS ADDED FOR FESTIVE SEASON. BOOK EARLY & SAVE UP TO 40%.,Promo,Promo_17
172300 - use this to sign in. Never share this code with anyone.,OTP,Hard_7
KYC update pending for A/c XX3364. Please visit your nearest HDFC Bank branch by 02-06-26 to avoid restrictions.,Bank,Bank_12
  Enter 790876 to verify your mobile number for ICICI Bank.,OTP,OTP_10
Your FD of Rs.80537 matures on 05-06-26 Renew or withdraw via netbanking -ICICI Bank,Bank,Bank_14
Interest of Rs.34931 credited to your FD A/c XX5417. -Kotak,Bank,Bank_9
Data exhausted? Get 2GB extra with Rs.1918 booster pack. Dial *121# or visit app.,Promo,Promo_11
YOUR SIM WILL BE DEACTIVATED IN 24HRS. VERIFY AADHAAR: BIT.LY/ONPDGE,Spam,Hard_13
"Class shifted to room 1162, come fast",Personal,Hard_6
MEGA SALE! Get 20% OFF on all products at Meesho. Shop now: bit.ly/LMMLzo T&C apply.,Promo,Promo_0
Hungry? Get 20% off up to Rs.803 on your next 3 orders. Code: EAT43. -Zomato T&C apply,Promo,Promo_12
OTP for delivery of order OD9789813336 is 4993. Share only with the delivery agent. -XpressBees,Delivery,Delivery_9
UPI payment of INR 43312 to Chatresh successful. UPI Ref: 211947202978. -SBI,Bank,Bank_6
OTP: 958821 for txn of Rs.48748 at Ola. Do not share. -Axis Bank,OTP,OTP_2
Low balance alert: A/c XX3537 balance is Rs.347646. Maintain min balance to avoid charges.,Bank,Bank_10
UPI payment of Rs.17378 to Zilmil successful. UPI Ref: 413976575549. -PNB STOP to opt out,Bank,Bank_6
Your order OD9083462476 from Amazon is arriving tomorrow. Keep Rs.3593 ready for COD.,Delivery,Delivery_3
Your SIM will be deactivated in 24hrs Verify Aadhaar: bitly/cHiHvg,Spam,Hard_13
ALERT: RS.30636 WITHDRAWN FROM ATM USING CARD XX5595 ON 10-02-26. BAL: RS.184287. -BOB,Bank,Bank_3
Your SIM will be deactivated in 24hrs. Verify Aadhaar: bit.ly/mNMKmp,Spam,Hard_13
G-825525 is ur Google verification code.,OTP,OTP_12
  Rs.194 cashback credited to your Paytm wallet. Use on your next order.,Promo,Promo_21
EMI of Rs.50901 due on 15-05-26 for loan A/c XX7344 Pay now to avoid charges -BOB,Bank,Bank_4
Rs.30142 debited from A/c XX9831 on 18-03-26 to Aradhana Avl Bal: Rs.64549 -Axis Bank,Bank,Bank_0
Last day! Swiggy clearance sale ends tonight. Up to 20% off sitewide.,Promo,Promo_8
Hungry? Get 50% off up to Rs.1133 on your next 3 orders. Code: EAT30. -Zomato,Promo,Promo_12
Delivery attempt failed for order OD3731146698. We will retry tomorrow. -Delhivery,Delivery,Delivery_5
Ur SIM will be deactivated in 24hrs. Verify Aadhaar: bit.ly/XLcJrB,Spam,Hard_13
You have 2078 reward points expiring on 02 Jul. Redeem on Flipkart.,Promo,Promo_20
Tap to verify: 395924. This code expires shortly.,OTP,Hard_9
Flight fares dropped! DEL-LKO from Rs.724. Book on ixigo before midnight. STOP to opt out,Promo,Promo_16
Your  ICICI Bank debit card XX6975 has been blocked due to suspicious activity. Visit branch or call 1800-XXX to unblock.,Bank,Bank_11
  OTP: 965050 for txn of Rs.19784 at Swiggy. Do not share. -ICICI Bank,OTP,OTP_2
Last day! Myntra clearance sale ends tonight. Up to 20% off sitewide.,Promo,Promo_8
  Rs.73755 debited from A/c XX9797 on 19-03-26 to Lakshmi. Avl Bal: Rs.30556. -SBI,Bank,Bank_0
Zomato: Free delivery all weekend! Order your favourites now. T&C apply,Promo,Promo_13
interest of rs.25320 credited to your fd a/c xx5758. -hdfc bank,Bank,Bank_9
SBI: 11923 is your login OTP. It expires in 15 minutes.,OTP,OTP_6
Your Kotak debit card XX8934 has been blocked due to suspicious activity. Visit branch or call 1800-XXX to unblock.,Bank,Bank_11
YOUR SIM WILL BE DEACTIVATED IN 24HRS. VERIFY AADHAAR: BIT.LY/FHHIZO,Spam,Hard_13
Your FD of Rs.24968 matures on 16-03-26. Renew or withdraw via netbanking. -Kotak,Bank,Bank_14
OTP-based login was enabled for your A/c XX2018. Call Kotak if this wasn't you.,Bank,Hard_2
OTP for delivery of order OD1720290824 is 5393. Share only with the delivery agent. -XpressBees,Delivery,Delivery_9
Congratulations!  You won Rs.2296370 in lucky draw. Claim: bit.ly/rDsTDK,Spam,Hard_12
"Hi Vincent, unlock Rs.809 off your first order at BigBasket with code NEW46.",Promo,Promo_7
Flat Rs.908 cashback on your next order at BigBasket. Use code SAVE14. Valid till 01 Jul.,Promo,Promo_2
Swiggy: Free delivery all weekend! Order your favourites now.,Promo,Promo_13
Your credit card XX5734 statement is ready. Total due: Rs.44510. Min due: Rs.3942. -ICICI Bank -TM,Bank,Bank_5
ALERT: Rs.60461 withdrawn from ATM using card XX7308 on 11-02-26. Bal: Rs.186218. -BOB,Bank,Bank_3
"Bro send me Rs.1958 on gpay, will return by 06 Jul T&C apply",Personal,Hard_5
462256 is your verification code for BigBasket. Never share your OTP.,OTP,OTP_3
OTP-BASED LOGIN WAS ENABLED FOR YOUR A/C XX5155. CALL AXIS BANK IF THIS WASN'T YOU.,Bank,Hard_2
688966 is ur OTP for HDFC Bank login. Valid for 2 minutes. Do not share with anyone.,OTP,OTP_0
Beware of fraud calls asking for card details. Axis Bank officials never ask for PIN or CVV.,Bank,Bank_15
  Coupon 9008 gives you free delivery on orders above Rs.4705. -BigBasket,Promo,Hard_1
YOUR SBI CODE: 844334,OTP,OTP_8
Your Airtel pack expires tomorrow. Recharge with INR 1770 for 2GB/day + unlimited calls.,Promo,Promo_10
Convert your Kotak card purchase of Rs.582 into easy EMIs at 0% interest Reply YES,Promo,Promo_15
Your PNB debit card XX4851 has been blocked due to suspicious activity. Visit branch or call 1800-XXX to unblock.,Bank,Bank_11
CONFIRMATION CODE 164343 FOR PAYTM. KEEP IT PRIVATE.,OTP,OTP_11
Dear customer ur HDFC Bank account will be blocked! Update KYC now: bit.ly/qavrfQ,Spam,Hard_11
Ur SIM will be deactivated in 24hrs. Verify Aadhaar: bit.ly/SnJYur,Spam,Hard_13
XpressBees:  Shipment OD4299014780 reached your city hub. Expected delivery: 06 Jul.,Delivery,Delivery_4
G-769788  is your Google verification code.,OTP,OTP_12
  651545 is your verification code for BigBasket. Never share your OTP.,OTP,OTP_3
Your FD of Rs.3855 matures on 22-04-26. Renew or withdraw via netbanking. -HDFC Bank,Bank,Bank_14
coupon 5143 gives you free delivery on orders above rs.1980. -meesho,Promo,Hard_1
Rs.24176 debited from A/c XX4966 on 02-05-26 to Harish. Avl Bal: Rs.336079. -PNB T&C apply,Bank,Bank_0
Netflix: 684024 is your login OTP It expires in 15 minutes,OTP,OTP_6
Coupon 1573 gives you free delivery on orders above Rs.4800. -Zomato,Promo,Hard_1
DTDC: Shipment OD5049557624 reached your city hub. Expected delivery: 05 Jul.,Delivery,Delivery_4
your amazon order od8115732961 has been shipped via bluedart. track: bit.ly/ebqwsr,Delivery,Delivery_0
Flight fares dropped! BOM-MAA from Rs.402. Book on ixigo before midnight.,Promo,Promo_16
Hungry? Get 60% off up to Rs.750 on your next 3 orders. Code: EAT70. -Zomato,Promo,Promo_12
IRCTC: Special trains added for festive season. Book early & save up to 40%.,Promo,Promo_17
Weekend special at BigBasket! Min 10% off on everything. Don't miss out: bit.ly/jEnyVO,Promo,Promo_6
UPI PAYMENT OF RS.14117 TO GIRINDRA SUCCESSFUL. UPI REF: 372294138554. -HDFC BANK,Bank,Bank_6
Delivered! Your Amazon order OD1677795212 was delivered on 03 Jul. Rate your experience: bit.ly/NTnkph,Delivery,Delivery_2
Auto-pay of INR 18441 to Caleb is scheduled on 11-01-26 from A/c XX4770. Ensure sufficient balance.,Bank,Bank_13
MEGA SALE! Get 70% OFF on all products at Zomato. Shop now: bit.ly/GrHxqu T&C apply.,Promo,Promo_0
YOUR FLIPKART ORDER OD7178542744 HAS BEEN SHIPPED VIA EKART. TRACK: BIT.LY/ZIPWTB,Delivery,Delivery_0
DTDC: SHIPMENT OD5828867034 REACHED YOUR CITY HUB. EXPECTED DELIVERY: 05 JUL.,Delivery,Delivery_4
Your one time password is 287233 for Hotstar. Please do not share it. -TM,OTP,OTP_5
Ur credit card XX7694 statement is ready. Total due: Rs.12522. Min due: Rs.2400. -PNB,Bank,Bank_5
Meesho Big Billion Days! Up to 30% off + extra 10% with PNB cards. Hurry! -TM,Promo,Promo_1
Interest of Rs.5683 credited to your FD A/c XX1794. -ICICI Bank,Bank,Bank_9
Weekend special at Myntra! Min 20% off on everything. Don't miss out: bit.ly/rfvxKL,Promo,Promo_6
congratulations! you won rs.1757416 in lucky draw. claim: bit.ly/omdyaf,Spam,Hard_12
Recharge with Rs.1078 & get 50% extra talktime. Offer valid today only!,Promo,Promo_5
Coupon 2371 gives you free delivery on orders above Rs.4145. -BigBasket,Promo,Hard_1
"bro send me rs.1660 on gpay, will return by 04 jul",Personal,Hard_5
  Order OD6152155279 packed and ready! Expected dispatch by 04 Jul. -BigBasket,Delivery,Delivery_8
Use code 6532 at checkout for 50% off at BigBasket! T&C apply,Promo,Hard_0
Enter 504196 to verify your mobile number for Myntra.,OTP,OTP_10
Salary of Rs.45139 credited to A/c XX8256. Avl Bal: Rs.179218. -HDFC Bank,Bank,Bank_7
EMI OF RS.12291 DUE ON 24-02-26 FOR LOAN A/C XX3828. PAY NOW TO AVOID CHARGES. -SBI,Bank,Bank_4
FLAT RS.1900 CASHBACK ON YOUR NEXT ORDER AT SWIGGY. USE CODE SAVE84. VALID TILL 03 JUL.,Promo,Promo_2
KYC update pending for A/c XX8170. Please visit your nearest HDFC Bank branch by 16-06-26 to avoid restrictions.,Bank,Bank_12
Your order OD2692955332 from Swiggy is arriving tomorrow Keep Rs.2131 ready for COD,Delivery,Delivery_3
Pranit from BlueDart is arriving with your package Contact: +913392378950,Delivery,Delivery_6
Nachiket from BlueDart is arriving with your package. Contact: 3585251905,Delivery,Delivery_6
EMI  of Rs.99491 due on 05-07-26 for loan A/c XX8469. Pay now to avoid charges. -SBI,Bank,Bank_4
Last  day! Amazon clearance sale ends tonight. Up to 80% off sitewide.,Promo,Promo_8
items in your order history are back in stock at zomato. prices start rs.1349.,Promo,Promo_23
UPI payment of Rs.15997 to Unnati successful. UPI Ref: 518150170513. -PNB,Bank,Bank_6
Pre-approved! Get a ICICI Bank credit card with Rs.461765 limit. Zero joining fee. Apply: bit.ly/IYqvLc,Promo,Promo_14
  Your FD of Rs.90384 matures on 08-03-26. Renew or withdraw via netbanking. -PNB,Bank,Bank_14
Cheque no. 671727227672 for Rs.48491 has been cleared from A/c XX8078. -PNB,Bank,Bank_8
Flight fares dropped! BLR-MAA from Rs.328 Book on Goibibo before midnight,Promo,Promo_16
USE CODE 2251 AT CHECKOUT FOR 25% OFF AT BIGBASKET!,Promo,Hard_0
"Class shifted to room 5243, come fast",Personal,Hard_6
146658 - USE THIS CODE TO SIGN IN TO SBI. NEVER SHARE IT WITH ANYONE.,OTP,OTP_7
your fd of rs.10893 matures on 12-01-26. renew or withdraw via netbanking. -axis bank,Bank,Bank_14
Jairaj from Delhivery is arriving with your package. Contact: +911471667693,Delivery,Delivery_6
  601420 - use this code to sign in to Amazon. Never share it with anyone.,OTP,OTP_7
your fd of rs.1922 matures on 07-06-26. renew or withdraw via netbanking. -icici bank,Bank,Bank_14
ALERT: Rs.85047 withdrawn from ATM using card XX8891 on 09-02-26. Bal: Rs.92782. -SBI,Bank,Bank_3
"Hi Sudiksha, unlock Rs.449 off ur first order at Myntra with code NEW14.",Promo,Promo_7
  Out for delivery: Your Flipkart package OD4212210213 will arrive today by 12 PM. -DTDC,Delivery,Delivery_1
Use  code 7345 at checkout for 25% off at Flipkart!,Promo,Hard_0
Auto-pay of Rs.30140 to Rachana is scheduled on 11-04-26 from A/c XX4336. Ensure sufficient balance.,Bank,Bank_13
Your A/c XX6219 is debited with Rs.35637 on 18-05-26. Info: UPI-Oviya. Bal: Rs.67822,Bank,Bank_2
103586 - use this to sign in. Never share this code with anyone. T&C apply,OTP,Hard_7
Auto-pay of Rs.33626 to Christopher is scheduled on 10-03-26 from A/c XX9070. Ensure sufficient balance.,Bank,Bank_13
emi of rs.33028 due on 02-01-26 for loan a/c xx6558. pay now to avoid charges. -icici bank,Bank,Bank_4
Order OD1147712404 packed and ready! Expected dispatch by 05 Jul. -Flipkart,Delivery,Delivery_8
  Pay Rs.4297 on delivery for order OD176931213. -BlueDart,Delivery,Hard_10
Out for delivery: Your Flipkart package OD1904522454 will arrive today by 6 PM. -DTDC,Delivery,Delivery_1
Enter 541437 to verify your mobile number for Kotak.,OTP,OTP_10
work from home! earn rs.126143/month. join: bit.ly/kvjpyc,Spam,Hard_14
KYC update pending for A/c XX2196. Please visit your nearest BOB branch by 01-06-26 to avoid restrictions.,Bank,Bank_12
Delivery attempt failed for order OD2778465567. We will retry tomorrow. -DTDC,Delivery,Delivery_5
  Items in your order history are back in stock at Zomato. Prices start Rs.901.,Promo,Promo_23
RS.75911 CREDITED TO A/C XX9326 ON 16-02-26. AVL BAL: RS.424548. -ICICI BANK,Bank,Bank_1
UPI payment of Rs.21445 to Falguni successful. UPI Ref: 340252419509. -BOB,Bank,Bank_6
Convert your ICICI Bank card purchase of Rs.1434 into easy EMIs at 0% interest. Reply YES. -TM,Promo,Promo_15
Rs.71404  credited to A/c XX4476 on 04-03-26. Avl Bal: Rs.430567. -HDFC Bank,Bank,Bank_1
Flight fares dropped! DEL-MAA from Rs.578. Book on Goibibo before midnight.,Promo,Promo_16
Your Flipkart code: 109415,OTP,OTP_8
WEEKEND SPECIAL AT ZOMATO! MIN 20% OFF ON EVERYTHING. DON'T MISS OUT: BIT.LY/YURCTK,Promo,Promo_6
YOUR RETURN PICKUP FOR ORDER OD8749144353 IS SCHEDULED ON 02 JUL. KEEP THE ITEM READY. -MEESHO,Delivery,Delivery_7
Rs.81764 credited to A/c XX1128 on 17-03-26 Avl Bal: Rs.467496 -PNB,Bank,Bank_1
Low balance alert: A/c XX3748 balance is Rs.120219 Maintain min balance to avoid charges,Bank,Bank_10
"Your BOB health insurance renewal is due 04 Jul. Renew online, save 40% on premium.",Promo,Promo_24
  757780 is your verification code for Zomato. Never share your OTP.,OTP,OTP_3
Pay  Rs.862 on delivery for order OD141935725. -Ekart,Delivery,Hard_10
438786 is your OTP for IRCTC login. Valid for 15 minutes. Do not share with anyone.,OTP,OTP_0
Beware of fraud calls asking for card details. Axis Bank officials never ask for PIN or CVV.,Bank,Bank_15
Flight fares dropped! BOM-CCU from Rs.1707. Book on MakeMyTrip before midnight.,Promo,Promo_16
Your one time password is 704357 for Paytm. Please do not share it.,OTP,OTP_5
  Work from home! Earn Rs.1536813/month. Join: bit.ly/hbwLAm,Spam,Hard_14
452189  is your OTP for PNB login. Valid for 5 minutes. Do not share with anyone.,OTP,OTP_0
Your Myntra order OD5015353124 has been shipped via DTDC Track: bitly/GvlHxZ,Delivery,Delivery_0
KYC update pending for A/c XX7249. Please visit ur nearest SBI branch by 07-03-26 to avoid restrictions.,Bank,Bank_12
Your one time password is 420507 for Amazon. Please do not share it.,OTP,OTP_5
Dear  customer ur ICICI Bank account will be blocked! Update KYC now: bit.ly/xgUPdz,Spam,Hard_11
items in your order history are back in stock at flipkart. prices start rs.1471.,Promo,Promo_23
"Bro send me Rs.1810 on gpay, will return by 06 Jul",Personal,Hard_5
OTP:  266838 for txn of Rs.12517 at ICICI Bank. Do not share. -Kotak,OTP,OTP_2
236139 is your verification code for Flipkart Never share your OTP,OTP,OTP_3
"Never share your OTP, PIN or CVV. Axis Bank never asks for these. Stay safe.",Bank,Hard_3
Use code 8807 at checkout for 50% off at Flipkart!,Promo,Hard_0
  You have 3997 reward points expiring on 06 Jul. Redeem on Flipkart.,Promo,Promo_20
Enter 871826 to verify ur mobile number for Uber.,OTP,OTP_10
YOUR MEESHO ORDER OD5179664079 HAS BEEN SHIPPED VIA DELHIVERY. TRACK: BIT.LY/JMJYZZ,Delivery,Delivery_0
"Hey, my new number is 4911282082. Save it! Meet at tonight?",Personal,Hard_4
OTP for delivery of order OD9811078811 is 5212. Share only with the delivery agent. -Ekart,Delivery,Delivery_9
  884597 is your Netflix security code. Anyone asking for it is a scammer.,OTP,OTP_9
Auto-pay of INR 4087 to Aarush is scheduled on 12-01-26 from A/c XX7105. Ensure sufficient balance.,Bank,Bank_13
MEGA SALE! Get 20% OFF on all products at Myntra. Shop now: bit.ly/ckTBvv T&C apply.,Promo,Promo_0
929567 is your OTP for Hotstar login. Valid for 30 minutes. Do not share with anyone.,OTP,OTP_0
  Pay Rs.3059 on delivery for order OD690040855. -Ekart,Delivery,Hard_10
106621 - use this code to sign in to HDFC Bank. Never share it with anyone.,OTP,OTP_7
<#>  42496 is your Axis Bank code. Valid 5 min. hA8sk2Lqp3,OTP,OTP_13
"Hey, my new number is 1824150087. Save it! Meet at 8?",Personal,Hard_4
Your credit card XX9157 statement is ready. Total due: Rs.29723. Min due: Rs.3622. -Kotak -TM,Bank,Bank_5
your credit card xx2511 statement is ready. total due: rs.34586. min due: rs.1675. -bob,Bank,Bank_5
Your A/c XX8381 is debited with Rs.62693 on 01-03-26. Info: UPI-Laksh. Bal: Rs.382730,Bank,Bank_2
You have 4554 reward points expiring on 02 Jul Redeem on Meesho,Promo,Promo_20
"hey, my new number is +914961517964. save it! meet at tonight?",Personal,Hard_4
Zomato: Free delivery all weekend! Order your favourites now.,Promo,Promo_13
WORK FROM HOME! EARN RS.2479484/MONTH. JOIN: BIT.LY/KBCOKN,Spam,Hard_14
cheque no. 682846517639 for rs.12060 has been cleared from a/c xx7641. -hdfc bank,Bank,Bank_8
"Hey, my new number is +918593130699. Save it! Meet at noon?",Personal,Hard_4
"YOUR SBI HEALTH INSURANCE RENEWAL IS DUE 02 JUL. RENEW ONLINE, SAVE 20% ON PREMIUM.",Promo,Promo_24
<#> 50490 is your Axis Bank code. Valid 2 min. hA8sk2Lqp3,OTP,OTP_13
Recharge with Rs.977 & get 30% extra talktime. Offer valid today only!,Promo,Promo_5
Exclusive for you! Buy 1 Get 1 FREE at BigBasket. Limited period offer. Visit bit.ly/QLYfKX,Promo,Promo_3
SWIGGY: FREE DELIVERY ALL WEEKEND! ORDER YOUR FAVOURITES NOW.,Promo,Promo_13
Your BigBasket order OD9527510505 has been shipped via Ekart. Track: bit.ly/EmBBnQ,Delivery,Delivery_0
"Your SBI health insurance renewal is due 01 Jul. Renew online, save 60% on premium.",Promo,Promo_24
Your GPay code: 390811,OTP,OTP_8
Low balance alert: A/c XX4464 balance is Rs.346249. Maintain min balance to avoid charges.,Bank,Bank_10
"Never share ur OTP, PIN or CVV. PNB never asks for these. Stay safe.",Bank,Hard_3
Out for delivery: Your BigBasket package OD1775726202 will arrive today by 6 PM. -BlueDart,Delivery,Delivery_1
Coupon 3717 gives you free delivery on orders above Rs.604. -Zomato -TM,Promo,Hard_1
652379 is your phonepe security code. anyone asking for it is a scammer.,OTP,OTP_9
OTP  for delivery of order OD8408683554 is 1151. Share only with the delivery agent. -XpressBees,Delivery,Delivery_9
upi payment of rs.70733 to aarini successful. upi ref: 782581653398. -icici bank,Bank,Bank_6
Work from home! Earn Rs.350751/month. Join: bit.ly/ARhIFT,Spam,Hard_14
dear customer ur sbi account will be blocked! update kyc now: bit.ly/ckcigf,Spam,Hard_11
KYC update pending for A/c XX4027. Please visit your nearest Kotak branch by 09-03-26 to avoid restrictions.,Bank,Bank_12
CONVERT YOUR AXIS BANK CARD PURCHASE OF RS.325 INTO EASY EMIS AT 0% INTEREST. REPLY YES.,Promo,Promo_15
Coupon 4654 gives you free delivery on orders above Rs.4953. -Flipkart,Promo,Hard_1
OTP for delivery of order OD2429271746 is 3852. Share only with the delivery agent. -Ekart,Delivery,Delivery_9
Salary of Rs.49439 credited to A/c XX6427. Avl Bal: Rs.409815. -HDFC Bank,Bank,Bank_7
Enter 671392 to verify ur mobile number for Hotstar.,OTP,OTP_10
YOUR FLIPKART ORDER OD2614035901 HAS BEEN SHIPPED VIA DELHIVERY. TRACK: BIT.LY/VVJVGW,Delivery,Delivery_0
Your Axis Bank code: 281048,OTP,OTP_8
Ur OTP is 108667. Use it to verify ur IRCTC account. Expires in 2 min.,OTP,OTP_1
G-134332 is your Google verification code.,OTP,OTP_12
"Hey, my new number is 9865096973. Save it! Meet at noon?",Personal,Hard_4
upi payment of rs.57724 to ekaraj successful. upi ref: 453346753231. -bob,Bank,Bank_6
Out for delivery: Your Zomato package OD3489239413 will arrive today by 3 PM. -Delhivery -TM,Delivery,Delivery_1
Missed our shows? Come back to SonyLIV at 50% off for 3 months. Resubscribe: bit.ly/SxbRIX,Promo,Promo_19
  Order OD3060717151 packed and ready! Expected dispatch by 05 Jul. -Meesho,Delivery,Delivery_8
Missed  our shows? Come back to Netflix at 50% off for 3 months. Resubscribe: bit.ly/QhmdyQ,Promo,Promo_19
Your return pickup for order OD4877355224 is scheduled on 04 Jul. Keep the item ready. -Meesho,Delivery,Delivery_7
Auto-pay of Rs.21680 to Chaman is scheduled on 23-05-26 from A/c XX8304. Ensure sufficient balance.,Bank,Bank_13
Low balance alert: A/c XX3882 balance is Rs.204661. Maintain min balance to avoid charges.,Bank,Bank_10
You  have 4143 reward points expiring on 04 Jul. Redeem on BigBasket.,Promo,Promo_20
Convert  your Axis Bank card purchase of Rs.1306 into easy EMIs at 0% interest. Reply YES.,Promo,Promo_15
  KYC update pending for A/c XX9462. Please visit your nearest Kotak branch by 18-04-26 to avoid restrictions.,Bank,Bank_12
Your  Axis Bank debit card XX7475 has been blocked due to suspicious activity. Visit branch or call 1800-XXX to unblock.,Bank,Bank_11
rs.64854 credited to a/c xx5575 on 05-05-26. avl bal: rs.17463. -bob,Bank,Bank_1
Last day! Meesho clearance sale ends tonight. Up to 40% off sitewide.,Promo,Promo_8
Your  FD of Rs.91556 matures on 03-03-26. Renew or withdraw via netbanking. -HDFC Bank,Bank,Bank_14
  Last day! BigBasket clearance sale ends tonight. Up to 70% off sitewide.,Promo,Promo_8
Pre-approved! Get a Kotak credit card with Rs.476903 limit Zero joining fee Apply: bitly/WblszV,Promo,Promo_14
Swiggy  Big Billion Days! Up to 30% off + extra 10% with ICICI Bank cards. Hurry!,Promo,Promo_1
Your  order OD1291532410 from BigBasket is arriving tomorrow. Keep Rs.1890 ready for COD.,Delivery,Delivery_3
YOUR VI PACK EXPIRES TOMORROW. RECHARGE WITH RS.1204 FOR 3GB/DAY + UNLIMITED CALLS.,Promo,Promo_10
rs.56227 credited to a/c xx3528 on 15-03-26. avl bal: rs.179691. -pnb,Bank,Bank_1
876890 is your verification code for BigBasket. Never share your OTP.,OTP,OTP_3
INR 925 cashback credited to your PhonePe wallet. Use on your next order.,Promo,Promo_21
OTP:  634645 for txn of Rs.13573 at Amazon. Do not share. -HDFC Bank,OTP,OTP_2
Cheque no. 149634726027 for Rs.53497 has been cleared from A/c XX6191. -BOB,Bank,Bank_8
Your  one time password is 876765 for Zomato. Please do not share it.,OTP,OTP_5
RECHARGE WITH RS.721 & GET 60% EXTRA TALKTIME. OFFER VALID TODAY ONLY!,Promo,Promo_5
349858 - use this to sign in. Never share this code with anyone.,OTP,Hard_7
"Hey, my new number is +916783321162. Save it! Meet at 6pm?",Personal,Hard_4
Confirmation code 424524 for ICICI Bank. Keep it private.,OTP,OTP_11
Loved your recent Myntra order? Reorder in 1 tap and get 60% off today,Promo,Promo_22
126422 - use this to sign in. never share this code with anyone.,OTP,Hard_7
Rs.13534  credited to A/c XX5875 on 08-01-26. Avl Bal: Rs.166693. -Kotak,Bank,Bank_1
Rs.669 cashback credited to your PhonePe wallet Use on your next order,Promo,Promo_21
Your  Uber code: 9486,OTP,Hard_8
145539 is your OTP for Flipkart login. Valid for 15 minutes. Do not share with anyone.,OTP,OTP_0
OTP-based login was enabled for your A/c XX9786. Call HDFC Bank if this wasn't you. T&C apply,Bank,Hard_2
Use code 4686 at checkout for 50% off at Flipkart!,Promo,Hard_0
931351 is your HDFC Bank security code. Anyone asking for it is a scammer.,OTP,OTP_9
Work from home! Earn Rs.2174811/month. Join: bit.ly/CjKDnA,Spam,Hard_14
Your  Myntra order OD9722285050 has been shipped via XpressBees. Track: bit.ly/DvpDVN,Delivery,Delivery_0
You have 1775 reward points expiring on 06 Jul. Redeem on Meesho.,Promo,Promo_20
Flipkart Big Billion Days! Up to 20% off + extra 10% with PNB cards. Hurry!,Promo,Promo_1
Pay Rs.3003 on delivery for order OD465391801. -XpressBees,Delivery,Hard_10
items in your order history are back in stock at amazon. prices start rs.1918.,Promo,Promo_23
Rs.83261 debited from A/c XX3011 on 17-02-26 to Baghyawati. Avl Bal: Rs.92153. -Axis Bank,Bank,Bank_0
Flat Rs.1178 cashback on ur next order at BigBasket. Use code SAVE28. Valid till 01 Jul.,Promo,Promo_2
Rs.1169 cashback credited to your Amazon Pay wallet. Use on your next order.,Promo,Promo_21
Exclusive for you! Buy 1 Get 1 FREE at BigBasket Limited period offer Visit bitly/pMvyYF,Promo,Promo_3
Swiggy Big Billion Days! Up to 80% off + extra 10% with BOB cards. Hurry!,Promo,Promo_1
Flipkart: Your cart misses you! Complete purchase now & get 60% off. bit.ly/NfsLYU -TM,Promo,Promo_4
482396 - use this to sign in. Never share this code with anyone.,OTP,Hard_7
Your Netflix plan renews on 04 Jul at Rs.595. Upgrade to 4K for Rs.272/month.,Promo,Promo_18
OUT FOR DELIVERY: YOUR ZOMATO PACKAGE OD3628890326 WILL ARRIVE TODAY BY 9 PM. -BLUEDART,Delivery,Delivery_1
"  Your PNB health insurance renewal is due 04 Jul. Renew online, save 60% on premium.",Promo,Promo_24
Auto-pay of INR 27454 to Qasim is scheduled on 04-06-26 from A/c XX3512. Ensure sufficient balance.,Bank,Bank_13
  ALERT: Rs.41894 withdrawn from ATM using card XX5868 on 25-02-26. Bal: Rs.144021. -Kotak,Bank,Bank_3
your fd of rs.30914 matures on 17-01-26. renew or withdraw via netbanking. -sbi,Bank,Bank_14
Auto-pay of INR 99201 to Eesha is scheduled on 08-06-26 from A/c XX9531. Ensure sufficient balance.,Bank,Bank_13
YOUR RETURN PICKUP FOR ORDER OD3119708991 IS SCHEDULED ON 04 JUL. KEEP THE ITEM READY. -SWIGGY,Delivery,Delivery_7
Flat  Rs.1929 cashback on your next order at Swiggy. Use code SAVE36. Valid till 02 Jul.,Promo,Promo_2
Beware of fraud calls asking for card details. Kotak officials never ask for PIN or CVV.,Bank,Bank_15
YOUR HOTSTAR PLAN RENEWS ON 01 JUL AT RS.540. UPGRADE TO 4K FOR RS.974/MONTH.,Promo,Promo_18
Zomato Big Billion Days! Up to 70% off + extra 10% with BOB cards. Hurry!,Promo,Promo_1
Last day! Flipkart clearance sale ends tonight. Up to 20% off sitewide.,Promo,Promo_8
you have 2107 reward points expiring on 03 jul. redeem on amazon.,Promo,Promo_20
YOUR ORDER OD1011240446 FROM MEESHO IS ARRIVING TOMORROW. KEEP RS.2026 READY FOR COD.,Delivery,Delivery_3
Hungry? Get 70% off up to Rs.79 on your next 3 orders Code: EAT58 -Zomato,Promo,Promo_12
Rs.92330 credited to A/c XX5003 on 06-03-26. Avl Bal: Rs.215626. -PNB,Bank,Bank_1
Confirmation code 629162 for Zomato. Keep it private.,OTP,OTP_11
Enter 812340 to verify your mobile number for Amazon.,OTP,OTP_10
<#> 531380 is your Hotstar code. Valid 2 min. hA8sk2Lqp3,OTP,OTP_13
EMI OF RS.44444 DUE ON 25-06-26 FOR LOAN A/C XX8350. PAY NOW TO AVOID CHARGES. -PNB,Bank,Bank_4
Out for delivery: Your Swiggy package OD6305043162 will arrive today by 9 PM. -DTDC,Delivery,Delivery_1
UPI PAYMENT OF RS.48520 TO AGASTYA SUCCESSFUL. UPI REF: 290782230973. -KOTAK,Bank,Bank_6
otp: 292128 for txn of rs.42555 at axis bank. do not share. -axis bank,OTP,OTP_2
Your Axis Bank debit card XX3370 has been blocked due to suspicious activity. Visit branch or call 1800-XXX to unblock.,Bank,Bank_11
OTP: 218448 FOR TXN OF RS.1813 AT PHONEPE. DO NOT SHARE. -AXIS BANK,OTP,OTP_2
Hungry? Get 80% off up to Rs.1965 on your next 3 orders Code: EAT40 -Swiggy,Promo,Promo_12
Your A/c XX4877 is debited with Rs.8322 on 16-03-26. Info: UPI-Falak. Bal: Rs.121918,Bank,Bank_2
Your Zomato order OD8654966715 has been shipped via XpressBees. Track: bit.ly/GoVwkg,Delivery,Delivery_0
Data exhausted? Get 1.5GB extra with Rs.1041 booster pack. Dial *121# or visit app.,Promo,Promo_11
  Your Jio pack expires tomorrow. Recharge with Rs.725 for 2GB/day + unlimited calls.,Promo,Promo_10
Order OD3669810400 packed and ready! Expected dispatch by 06 Jul. -Flipkart,Delivery,Delivery_8
Your OTP is 786474. Use it to verify your HDFC Bank account. Expires in 5 min.,OTP,OTP_1
Your Jio pack expires tomorrow. Recharge with Rs.1571 for 1.5GB/day + unlimited calls.,Promo,Promo_10
data exhausted? get 2gb extra with rs.107 booster pack. dial *121# or visit app.,Promo,Promo_11
Zomato: Free delivery all weekend! Order your favourites now.,Promo,Promo_13
168569  is your verification code for Swiggy. Never share your OTP.,OTP,OTP_3
You have 4309 reward points expiring on 03 Jul. Redeem on BigBasket.,Promo,Promo_20
Your Flipkart membership expires soon. Renew now & save 20%: bit.ly/yKJEKp,Promo,Promo_9
Congratulations! You won Rs.1430093 in lucky draw. Claim: bit.ly/uwQxoK,Spam,Hard_12
606736 is ur Zomato security code. Anyone asking for it is a scammer.,OTP,OTP_9
Your  OTP is 396150. Use it to verify your BOB account. Expires in 5 min.,OTP,OTP_1
483099 is your GPay security code. Anyone asking for it is a scammer.,OTP,OTP_9
"Bro send me Rs.4068 on gpay, will return by 02 Jul",Personal,Hard_5
Interest of Rs.56623 credited to your FD A/c XX6678. -SBI,Bank,Bank_9
Delivery attempt failed for order OD3669272310. We will retry tomorrow. -BlueDart,Delivery,Delivery_5
Weekend special at Swiggy! Min 80% off on everything. Don't miss out: bit.ly/bRHyBC,Promo,Promo_6
EMI  of Rs.68824 due on 03-05-26 for loan A/c XX5210. Pay now to avoid charges. -SBI,Bank,Bank_4
Data exhausted? Get 1.5GB extra with Rs.860 booster pack. Dial *121# or visit app.,Promo,Promo_11
Items in ur order history are back in stock at Swiggy. Prices start Rs.1077.,Promo,Promo_23
Pay Rs.2956 on delivery for order OD457356148. -Delhivery,Delivery,Hard_10
OTP for delivery of order OD3053938258 is 4243. Share only with the delivery agent. -BlueDart,Delivery,Delivery_9
Enter  164034 to verify your mobile number for PNB.,OTP,OTP_10
Your A/c XX2854 is debited with Rs.22909 on 27-06-26. Info: UPI-Yashasvi. Bal: Rs.361306,Bank,Bank_2
Convert your ICICI Bank card purchase of Rs.1886 into easy EMIs at 0% interest. Reply YES.,Promo,Promo_15
Congratulations! You won Rs.884267 in lucky draw. Claim: bit.ly/dysIok,Spam,Hard_12
Rs.27690 debited from A/c XX3553 on 30-03-26 to Aayush. Avl Bal: Rs.237360. -ICICI Bank,Bank,Bank_0
UPI payment of Rs.13257 to Mason successful. UPI Ref: 484638051280. -SBI,Bank,Bank_6
Tap to verify: 691065. This code expires shortly. STOP to opt out,OTP,Hard_9
769975 is your verification code for Uber Never share your OTP,OTP,OTP_3
flight fares dropped! blr-lko from rs.255. book on makemytrip before midnight.,Promo,Promo_16
"Class shifted to room 4674, come fast",Personal,Hard_6
Your IRCTC code: 738149,OTP,OTP_8
Your  OTP is 894037. Use it to verify your Axis Bank account. Expires in 5 min.,OTP,OTP_1
"Never share your OTP, PIN or CVV. Axis Bank never asks for these. Stay safe.",Bank,Hard_3
xpressbees: shipment od6187968135 reached your city hub. expected delivery: 03 jul.,Delivery,Delivery_4
  Your FD of Rs.28622 matures on 18-05-26. Renew or withdraw via netbanking. -SBI,Bank,Bank_14
Myntra: Ur cart misses you! Complete purchase now & get 20% off. bit.ly/ixhuwc,Promo,Promo_4
KYC update pending for A/c XX1778. Please visit ur nearest PNB branch by 29-01-26 to avoid restrictions.,Bank,Bank_12
out for delivery: your zomato package od9025103360 will arrive today by 9 pm. -dtdc,Delivery,Delivery_1
"Bro send me Rs.4543 on gpay, will return by 02 Jul",Personal,Hard_5
PRE-APPROVED! GET A PNB CREDIT CARD WITH RS.201880 LIMIT. ZERO JOINING FEE. APPLY: BIT.LY/ZASINF,Promo,Promo_14
YOUR PNB DEBIT CARD XX9856 HAS BEEN BLOCKED DUE TO SUSPICIOUS ACTIVITY. VISIT BRANCH OR CALL 1800-XXX TO UNBLOCK.,Bank,Bank_11
101179 - use this code to sign in to Zomato. Never share it with anyone.,OTP,OTP_7
Flight fares dropped! HYD-CCU from INR 1188. Book on MakeMyTrip before midnight.,Promo,Promo_16
Interest of Rs.94496 credited to your FD A/c XX1334. -SBI,Bank,Bank_9
CONFIRMATION CODE 278658 FOR PAYTM. KEEP IT PRIVATE.,OTP,OTP_11
KYC update pending for A/c XX8745. Please visit your nearest BOB branch by 01-02-26 to avoid restrictions.,Bank,Bank_12
Your return pickup for order OD9445715996 is scheduled on 02 Jul. Keep the item ready. -Amazon,Delivery,Delivery_7
Your Vi pack expires tomorrow. Recharge with Rs.868 for 2GB/day + unlimited calls.,Promo,Promo_10
Your OTP is 438355. Use it to verify your Hotstar account. Expires in 30 min.,OTP,OTP_1
UPI payment of Rs.64289 to Mitesh successful. UPI Ref: 947510070993. -BOB,Bank,Bank_6
sai from delhivery is arriving with your package. contact: 04117212685,Delivery,Delivery_6
"Bro send me Rs.1387 on gpay, will return by 03 Jul",Personal,Hard_5
Your ICICI Bank debit card XX8289 has been blocked due to suspicious activity Visit branch or call 1800-XXX to unblock,Bank,Bank_11
Your return pickup for order OD2368727906 is scheduled on 05 Jul. Keep the item ready. -Zomato,Delivery,Delivery_7
OTP-based login was enabled for your A/c XX1717 Call HDFC Bank if this wasn't you,Bank,Hard_2
Order OD1767339113 packed and ready! Expected dispatch by 05 Jul. -BigBasket,Delivery,Delivery_8
Your Myntra membership expires soon. Renew now & save 70%: bit.ly/uqNoau,Promo,Promo_9
Cheque no. 634685986897 for Rs.6312 has been cleared from A/c XX5871. -HDFC Bank,Bank,Bank_8
Ur FD of Rs.4492 matures on 16-05-26. Renew or withdraw via netbanking. -PNB,Bank,Bank_14
110336  is your Amazon security code. Anyone asking for it is a scammer.,OTP,OTP_9
591546 is your Myntra security code. Anyone asking for it is a scammer.,OTP,OTP_9
<#>  742081 is your PNB code. Valid 15 min. hA8sk2Lqp3,OTP,OTP_13
<#> 911397 IS YOUR HDFC BANK CODE. VALID 15 MIN. HA8SK2LQP3,OTP,OTP_13
G-662821 IS YOUR GOOGLE VERIFICATION CODE.,OTP,OTP_12
Rs.25420  credited to A/c XX8674 on 27-01-26. Avl Bal: Rs.26479. -Kotak,Bank,Bank_1
MEGA SALE! GET 30% OFF ON ALL PRODUCTS AT MYNTRA. SHOP NOW: BIT.LY/FJXQIG T&C APPLY.,Promo,Promo_0
your order od7396937250 from swiggy is arriving tomorrow. keep rs.2122 ready for cod.,Delivery,Delivery_3
Ur Flipkart membership expires soon. Renew now & save 20%: bit.ly/xClvWR,Promo,Promo_9
Data exhausted? Get 1GB extra with Rs.295 booster pack. Dial *121# or visit app.,Promo,Promo_11
Your SBI debit card XX6044 has been blocked due to suspicious activity. Visit branch or call 1800-XXX to unblock.,Bank,Bank_11
Confirmation code 922412 for Netflix. Keep it private.,OTP,OTP_11
Your OTP is 494125. Use it to verify your Meesho account. Expires in 5 min.,OTP,OTP_1
IRCTC: 760286 IS YOUR LOGIN OTP. IT EXPIRES IN 10 MINUTES.,OTP,OTP_6
VEDANT FROM BLUEDART IS ARRIVING WITH YOUR PACKAGE. CONTACT: 1585233358,Delivery,Delivery_6
"bro send me rs.1847 on gpay, will return by 02 jul",Personal,Hard_5
Delhivery: Shipment OD6801606519 reached your city hub. Expected delivery: 05 Jul.,Delivery,Delivery_4
Delhivery: Shipment OD6294226270 reached your city hub. Expected delivery: 06 Jul. STOP to opt out,Delivery,Delivery_4
rs.97845 debited from a/c xx2978 on 09-05-26 to nathaniel. avl bal: rs.30805. -bob,Bank,Bank_0
your otp is 177286. use it to verify your axis bank account. expires in 10 min.,OTP,OTP_1
Your  Flipkart membership expires soon. Renew now & save 40%: bit.ly/YOuoWT,Promo,Promo_9
Your credit card XX8095 statement is ready. Total due: Rs.12534. Min due: Rs.1284. -PNB,Bank,Bank_5
Ekaja from Delhivery is arriving with your package. Contact: 03870168319,Delivery,Delivery_6
Low balance alert: A/c XX7616 balance is Rs.431381 Maintain min balance to avoid charges,Bank,Bank_10
beware of fraud calls asking for card details. kotak officials never ask for pin or cvv.,Bank,Bank_15
HDFC Bank: 884739 is your login OTP. It expires in 5 minutes.,OTP,OTP_6
475015 is your verification code for Netflix. Never share your OTP.,OTP,OTP_3
"Class shifted to room 3689, come fast -TM",Personal,Hard_6
Enter 801344 to verify your mobile number for Netflix.,OTP,OTP_10
Missed our shows? Come back to Prime Video at 50% off for 3 months. Resubscribe: bit.ly/ebUMeV,Promo,Promo_19
Delhivery: Shipment OD4563855135 reached your city hub. Expected delivery: 02 Jul.,Delivery,Delivery_4
<#> 647473 is your PhonePe code. Valid 5 min. hA8sk2Lqp3,OTP,OTP_13
Out for delivery: Your Amazon package OD7798164009 will arrive today by 3 PM. -Ekart,Delivery,Delivery_1
Pre-approved! Get a Axis Bank credit card with INR 198658 limit. Zero joining fee. Apply: bit.ly/EsjarY,Promo,Promo_14
973727 - use this code to sign in to Myntra. Never share it with anyone. -TM,OTP,OTP_7
"Bro send me Rs.4476 on gpay, will return by 02 Jul",Personal,Hard_5
Zomato Big Billion Days! Up to 20% off + extra 10% with Kotak cards. Hurry!,Promo,Promo_1
"YOUR PNB HEALTH INSURANCE RENEWAL IS DUE 05 JUL. RENEW ONLINE, SAVE 70% ON PREMIUM.",Promo,Promo_24
  Last day! Flipkart clearance sale ends tonight. Up to 70% off sitewide.,Promo,Promo_8
  Your account statement for June is available. Download from the PNB app.,Bank,Bank_16
MEESHO: YOUR CART MISSES YOU! COMPLETE PURCHASE NOW & GET 60% OFF. BIT.LY/YTTNUL,Promo,Promo_4
"Your BOB health insurance renewal is due 03 Jul. Renew online, save 20% on premium.",Promo,Promo_24
Your Vi pack expires tomorrow. Recharge with Rs.672 for 3GB/day + unlimited calls.,Promo,Promo_10
Data exhausted? Get 3GB extra with Rs.984 booster pack. Dial *121# or visit app.,Promo,Promo_11
  Data exhausted? Get 1GB extra with Rs.224 booster pack. Dial *121# or visit app.,Promo,Promo_11
otp-based login was enabled for your a/c xx6578. call sbi if this wasn't you.,Bank,Hard_2
Pay Rs.3293 on delivery for order OD645837492. -DTDC,Delivery,Hard_10
KYC update pending for A/c XX1760. Please visit your nearest ICICI Bank branch by 11-01-26 to avoid restrictions. -TM,Bank,Bank_12
Your FD of Rs.69904 matures on 24-01-26 Renew or withdraw via netbanking -SBI,Bank,Bank_14
Out for delivery: Your Flipkart package OD6321326391 will arrive today by 6 PM -BlueDart,Delivery,Delivery_1
Your return pickup for order OD9301992674 is scheduled on 04 Jul. Keep the item ready. -Myntra,Delivery,Delivery_7
Your FD of Rs.67126 matures on 28-06-26. Renew or withdraw via netbanking. -HDFC Bank,Bank,Bank_14
Ur Zomato order OD2340878226 has been shipped via Ekart. Track: bit.ly/tmDQfo,Delivery,Delivery_0
your sim will be deactivated in 24hrs. verify aadhaar: bit.ly/feoujt,Spam,Hard_13
Rs.93324 debited from A/c XX6447 on 15-03-26 to Jeremiah. Avl Bal: Rs.407816. -Axis Bank,Bank,Bank_0
your uber code: 2996,OTP,Hard_8
Delivery attempt failed for order OD3606069294. We will retry tomorrow. -BlueDart T&C apply,Delivery,Delivery_5
Loved your recent Swiggy order? Reorder in 1 tap and get 50% off today.,Promo,Promo_22
Flat Rs.68 cashback on your next order at BigBasket. Use code SAVE52. Valid till 02 Jul. -TM,Promo,Promo_2
your account statement for july is available. download from the icici bank app.,Bank,Bank_16
Hungry?  Get 40% off up to Rs.210 on your next 3 orders. Code: EAT54. -Swiggy,Promo,Promo_12
KYC UPDATE PENDING FOR A/C XX2614. PLEASE VISIT YOUR NEAREST BOB BRANCH BY 26-05-26 TO AVOID RESTRICTIONS.,Bank,Bank_12
Your A/c XX7133 is debited with Rs.90137 on 03-03-26. Info: UPI-Zaitra. Bal: Rs.60439,Bank,Bank_2
Hungry?  Get 30% off up to Rs.1528 on your next 3 orders. Code: EAT56. -Zomato,Promo,Promo_12
Loved your recent Amazon order? Reorder in 1 tap and get 20% off today.,Promo,Promo_22
OTP  for delivery of order OD2858611904 is 4719. Share only with the delivery agent. -DTDC,Delivery,Delivery_9
Delivery attempt failed for order OD8594391838. We will retry tomorrow. -Ekart,Delivery,Delivery_5
Your return pickup for order OD4386323071 is scheduled on 01 Jul. Keep the item ready. -Flipkart T&C apply,Delivery,Delivery_7
DTDC: Shipment OD2118806578 reached ur city hub. Expected delivery: 04 Jul.,Delivery,Delivery_4
Convert your Kotak card purchase of Rs.1499 into easy EMIs at 0% interest. Reply YES.,Promo,Promo_15
ICICI Bank: 761204 is your login OTP. It expires in 2 minutes.,OTP,OTP_6
"  Class shifted to room 6938, come fast",Personal,Hard_6
"  Hey, my new number is 04324972911. Save it! Meet at noon?",Personal,Hard_4
Delivery  attempt failed for order OD1534976813. We will retry tomorrow. -XpressBees,Delivery,Delivery_5
Missed our shows? Come back to Hotstar at 50% off for 3 months. Resubscribe: bit.ly/FHEUsT,Promo,Promo_19
Your OTP is 190038. Use it to verify your HDFC Bank account. Expires in 10 min.,OTP,OTP_1
Your FD of Rs.50869 matures on 24-04-26. Renew or withdraw via netbanking. -Kotak,Bank,Bank_14
Myntra Big Billion Days! Up to 40% off + extra 10% with BOB cards. Hurry!,Promo,Promo_1
186796 - USE THIS TO SIGN IN. NEVER SHARE THIS CODE WITH ANYONE.,OTP,Hard_7
Cheque no. 277822312958 for Rs.68077 has been cleared from A/c XX7911. -HDFC Bank,Bank,Bank_8
G-351057 is your Google verification code.,OTP,OTP_12
Interest of Rs.17814 credited to your FD A/c XX5316. -HDFC Bank,Bank,Bank_9
Use 261911 to complete your PNB registration Valid till 30 mins,OTP,OTP_4
Loved your recent Myntra order? Reorder in 1 tap and get 60% off today.,Promo,Promo_22
  OTP: 383851 for txn of Rs.28607 at PNB. Do not share. -Axis Bank,OTP,OTP_2
Beware of fraud calls asking for card details. SBI officials never ask for PIN or CVV.,Bank,Bank_15
Last day! Zomato clearance sale ends tonight. Up to 30% off sitewide.,Promo,Promo_8
Urvi from Delhivery is arriving with your package. Contact: +917966828300,Delivery,Delivery_6
Delivery attempt failed for order OD9855574329. We will retry tomorrow. -Ekart -TM,Delivery,Delivery_5
Your SIM will be deactivated in 24hrs. Verify Aadhaar: bit.ly/QETqUi,Spam,Hard_13
IRCTC: Special trains added for festive season. Book early & save up to 30%.,Promo,Promo_17
Hungry? Get 80% off up to Rs.1106 on your next 3 orders. Code: EAT21. -Swiggy,Promo,Promo_12
Ur order OD2766364520 from Zomato is arriving tomorrow. Keep Rs.3598 ready for COD.,Delivery,Delivery_3
Low balance alert: A/c XX7176 balance is Rs.52289. Maintain min balance to avoid charges.,Bank,Bank_10
  Tap to verify: 797174. This code expires shortly.,OTP,Hard_9
Delivered! Your Amazon order OD4650976596 was delivered on 05 Jul Rate your experience: bitly/pqdYmP,Delivery,Delivery_2
Your OTP is 890852. Use it to verify your Ola account. Expires in 15 min.,OTP,OTP_1
Order  OD1755300690 packed and ready! Expected dispatch by 01 Jul. -BigBasket,Delivery,Delivery_8
Auto-pay of Rs.8502 to Qushi is scheduled on 17-03-26 from A/c XX8741. Ensure sufficient balance.,Bank,Bank_13
ALERT: INR 19057 withdrawn from ATM using card XX8988 on 25-06-26. Bal: INR 432829. -BOB,Bank,Bank_3
  Rs.547 cashback credited to your PhonePe wallet. Use on your next order.,Promo,Promo_21
EXCLUSIVE FOR YOU! BUY 1 GET 1 FREE AT SWIGGY. LIMITED PERIOD OFFER. VISIT BIT.LY/JOYMRO,Promo,Promo_3
UPI PAYMENT OF RS.14358 TO ZAID SUCCESSFUL. UPI REF: 649814211843. -ICICI BANK,Bank,Bank_6
Your A/c XX3433 is debited with Rs.64394 on 12-05-26. Info: UPI-Sathvik. Bal: Rs.300448,Bank,Bank_2
Your FD of Rs.66688 matures on 15-06-26. Renew or withdraw via netbanking. -Axis Bank,Bank,Bank_14
delivery attempt failed for order od5583992424. we will retry tomorrow. -bluedart,Delivery,Delivery_5
Your ICICI Bank code: 484719,OTP,OTP_8
INR 2827 credited to A/c XX5138 on 18-03-26. Avl Bal: INR 397451. -SBI,Bank,Bank_1
  Amazon Big Billion Days! Up to 10% off + extra 10% with Axis Bank cards. Hurry!,Promo,Promo_1
YOUR ACCOUNT STATEMENT FOR AUGUST IS AVAILABLE. DOWNLOAD FROM THE ICICI BANK APP.,Bank,Bank_16
Flight fares dropped! HYD-LKO from Rs.314 Book on Goibibo before midnight,Promo,Promo_16
985907 is your OTP for Myntra login. Valid for 30 minutes. Do not share with anyone.,OTP,OTP_0
congratulations! you won rs.1965433 in lucky draw. claim: bit.ly/ygnvhn,Spam,Hard_12
Your SonyLIV plan renews on 04 Jul at Rs.1602. Upgrade to 4K for Rs.405/month.,Promo,Promo_18
G-394607 is your Google verification code.,OTP,OTP_12
Ur SIM will be deactivated in 24hrs. Verify Aadhaar: bit.ly/aZWCKD,Spam,Hard_13
"Class shifted to room 8273, come fast",Personal,Hard_6
  OTP for delivery of order OD6234327100 is 5085. Share only with the delivery agent. -Delhivery,Delivery,Delivery_9
Interest  of Rs.96090 credited to your FD A/c XX1456. -PNB,Bank,Bank_9
data exhausted? get 3gb extra with rs.893 booster pack. dial *121# or visit app.,Promo,Promo_11
972803 is your verification code for Myntra. Never share your OTP.,OTP,OTP_3
  Data exhausted? Get 2GB extra with Rs.1459 booster pack. Dial *121# or visit app.,Promo,Promo_11
  Coupon 4834 gives you free delivery on orders above Rs.2316. -Swiggy,Promo,Hard_1
Out  for delivery: Your Swiggy package OD4608922339 will arrive today by 3 PM. -Delhivery,Delivery,Delivery_1
Your Hotstar plan renews on 05 Jul at Rs.272. Upgrade to 4K for Rs.632/month. T&C apply,Promo,Promo_18
Myntra: Your cart misses you! Complete purchase now & get 20% off. bit.ly/rxIzdt,Promo,Promo_4
Last day! Meesho clearance sale ends tonight. Up to 40% off sitewide.,Promo,Promo_8
Delivered! Your Flipkart order OD5324524707 was delivered on 03 Jul. Rate your experience: bit.ly/kQTlFO,Delivery,Delivery_2
  OTP for delivery of order OD3357523751 is 6144. Share only with the delivery agent. -Ekart,Delivery,Delivery_9
your sim will be deactivated in 24hrs. verify aadhaar: bit.ly/nefecc,Spam,Hard_13
Cheque no. 907737226508 for Rs.60778 has been cleared from A/c XX5587. -SBI,Bank,Bank_8
MEGA SALE! GET 40% OFF ON ALL PRODUCTS AT BIGBASKET. SHOP NOW: BIT.LY/WHSNEN T&C APPLY.,Promo,Promo_0
Amazon: 869858 is your login OTP. It expires in 10 minutes.,OTP,OTP_6
Your Swiggy order OD5417820903 has been shipped via Ekart. Track: bit.ly/FZRetz,Delivery,Delivery_0
Missed our shows? Come back to Prime Video at 50% off for 3 months Resubscribe: bitly/yNQGFo,Promo,Promo_19
KYC update pending for A/c XX7530. Please visit your nearest BOB branch by 27-02-26 to avoid restrictions.,Bank,Bank_12
Congratulations! You won Rs.2238809 in lucky draw. Claim: bit.ly/njEJFD,Spam,Hard_12
OTP for delivery of order OD5645152349 is 1011. Share only with the delivery agent. -Delhivery,Delivery,Delivery_9
  Exclusive for you! Buy 1 Get 1 FREE at Myntra. Limited period offer. Visit bit.ly/wVmwsL,Promo,Promo_3
interest of rs.82422 credited to your fd a/c xx9731. -axis bank,Bank,Bank_9
Congratulations! You won Rs.1100806 in lucky draw. Claim: bit.ly/oZXvUz,Spam,Hard_12
Pay Rs.2446 on delivery for order OD545821379. -DTDC,Delivery,Hard_10
<#> 132091 is ur Axis Bank code. Valid 2 min. hA8sk2Lqp3,OTP,OTP_13
Weekend special at Swiggy! Min 20% off on everything. Don't miss out: bit.ly/mgVrIw,Promo,Promo_6
UPI payment of Rs.1454 to Ekiya successful. UPI Ref: 692612384019. -SBI,Bank,Bank_6
Your return pickup for order OD6330716686 is scheduled on 01 Jul. Keep the item ready. -Swiggy,Delivery,Delivery_7
Your credit card XX5102 statement is ready. Total due: Rs.45018. Min due: Rs.3026. -PNB,Bank,Bank_5
You  have 1736 reward points expiring on 06 Jul. Redeem on BigBasket.,Promo,Promo_20
your account statement for august is available. download from the bob app.,Bank,Bank_16
Manbir from XpressBees is arriving with your package. Contact: 06345017818,Delivery,Delivery_6
Your account statement for June is available. Download from the Axis Bank app.,Bank,Bank_16
Your  Swiggy membership expires soon. Renew now & save 30%: bit.ly/rVNRtC,Promo,Promo_9
"Class  shifted to room 1700, come fast",Personal,Hard_6
recharge with rs.1665 & get 70% extra talktime. offer valid today only!,Promo,Promo_5
<#> 696289 is your Swiggy code. Valid 30 min. hA8sk2Lqp3,OTP,OTP_13
Convert your BOB card purchase of Rs.366 into easy EMIs at 0% interest. Reply YES.,Promo,Promo_15
EMI  of Rs.50670 due on 02-02-26 for loan A/c XX9519. Pay now to avoid charges. -ICICI Bank,Bank,Bank_4
302365 is your Myntra security code. Anyone asking for it is a scammer.,OTP,OTP_9
Low balance alert: A/c XX4695 balance is Rs.479563. Maintain min balance to avoid charges.,Bank,Bank_10
Your Swiggy code: 165568,OTP,OTP_8
Out for delivery: Your Meesho package OD5971059623 will arrive today by 3 PM. -BlueDart,Delivery,Delivery_1
Confirmation  code 754430 for GPay. Keep it private.,OTP,OTP_11
Order OD2211000350 packed and ready! Expected dispatch by 02 Jul. -Zomato,Delivery,Delivery_8
ALERT: Rs.7891 withdrawn from ATM using card XX1351 on 17-01-26. Bal: Rs.161711. -SBI,Bank,Bank_3
Pre-approved! Get a BOB credit card with Rs.480130 limit. Zero joining fee. Apply: bit.ly/HkaIZU,Promo,Promo_14
KYC update pending for A/c XX7945 Please visit your nearest HDFC Bank branch by 30-03-26 to avoid restrictions,Bank,Bank_12
Loved  your recent Swiggy order? Reorder in 1 tap and get 80% off today.,Promo,Promo_22
YOUR RETURN PICKUP FOR ORDER OD1341460385 IS SCHEDULED ON 06 JUL. KEEP THE ITEM READY. -SWIGGY,Delivery,Delivery_7
Delivered! Ur Meesho order OD7660738912 was delivered on 02 Jul. Rate ur experience: bit.ly/mLpfpv,Delivery,Delivery_2
Delivery attempt failed for order OD8906887533 We will retry tomorrow -Delhivery,Delivery,Delivery_5
UPI payment of Rs.3433 to Udant successful. UPI Ref: 228981812983. -PNB STOP to opt out,Bank,Bank_6
OTP for delivery of order OD5608917517 is 2222 Share only with the delivery agent -DTDC,Delivery,Delivery_9
  Congratulations! You won Rs.179821 in lucky draw. Claim: bit.ly/xXzmIU,Spam,Hard_12
Amazon Big Billion Days! Up to 20% off + extra 10% with HDFC Bank cards. Hurry!,Promo,Promo_1
Ur A/c XX7503 is debited with Rs.40504 on 28-06-26. Info: UPI-Gunbir. Bal: Rs.441919,Bank,Bank_2
Your Myntra order OD6476122276 has been shipped via XpressBees. Track: bit.ly/pwJoVH,Delivery,Delivery_0
50038 is your Uber security code. Anyone asking for it is a scammer. -TM,OTP,OTP_9
Your  PNB debit card XX6213 has been blocked due to suspicious activity. Visit branch or call 1800-XXX to unblock.,Bank,Bank_11
848620 - use this code to sign in to BOB. Never share it with anyone. STOP to opt out,OTP,OTP_7
Out for delivery: Ur Swiggy package OD5279921487 will arrive today by 12 PM. -DTDC,Delivery,Delivery_1
ALERT: Rs.60759 withdrawn from ATM using card XX9541 on 02-06-26. Bal: Rs.313466. -HDFC Bank,Bank,Bank_3
Delivered! Your Flipkart order OD5276527126 was delivered on 03 Jul. Rate your experience: bit.ly/cnVORj,Delivery,Delivery_2
Your credit card XX3633 statement is ready. Total due: Rs.64843. Min due: Rs.2611. -Axis Bank,Bank,Bank_5
Cheque no. 732485766618 for Rs.2259 has been cleared from A/c XX9662. -PNB,Bank,Bank_8
  Auto-pay of Rs.85513 to Kritika is scheduled on 16-06-26 from A/c XX2578. Ensure sufficient balance.,Bank,Bank_13
your account statement for august is available. download from the icici bank app.,Bank,Bank_16
Your Uber code: 4874,OTP,Hard_8
Pre-approved! Get a HDFC Bank credit card with Rs.174645 limit. Zero joining fee. Apply: bit.ly/UcJbPR,Promo,Promo_14
  Use 583704 to complete your Axis Bank registration. Valid till 15 mins.,OTP,OTP_4
  UPI payment of Rs.66231 to Elijah successful. UPI Ref: 173655222899. -Axis Bank,Bank,Bank_6
Your PNB debit card XX1359 has been blocked due to suspicious activity. Visit branch or call 1800-XXX to unblock.,Bank,Bank_11
504823  is your verification code for ICICI Bank. Never share your OTP.,OTP,OTP_3
Your Flipkart code: 28077,OTP,OTP_8
Your order OD2048964873 from BigBasket is arriving tomorrow. Keep Rs.963 ready for COD.,Delivery,Delivery_3
832285  is your verification code for BigBasket. Never share your OTP.,OTP,OTP_3
Amazon:  Your cart misses you! Complete purchase now & get 30% off. bit.ly/rFyTfu,Promo,Promo_4
Flat  Rs.1630 cashback on your next order at Zomato. Use code SAVE18. Valid till 01 Jul.,Promo,Promo_2
Loved your recent Zomato order? Reorder in 1 tap and get 30% off today.,Promo,Promo_22
Zomato Big Billion Days! Up to 60% off + extra 10% with BOB cards. Hurry!,Promo,Promo_1
MEGA SALE! Get 40% OFF on all products at Zomato. Shop now: bit.ly/EziUTM T&C apply.,Promo,Promo_0
PAY RS.859 ON DELIVERY FOR ORDER OD599797598. -XPRESSBEES,Delivery,Hard_10
Out  for delivery: Your Amazon package OD1660038731 will arrive today by 9 PM. -Ekart,Delivery,Delivery_1
666831 is your verification code for Meesho. Never share your OTP.,OTP,OTP_3
Missed our shows? Come back to Netflix at 50% off for 3 months. Resubscribe: bit.ly/cwZfcs,Promo,Promo_19
ZOMATO: FREE DELIVERY ALL WEEKEND! ORDER YOUR FAVOURITES NOW.,Promo,Promo_13
Delivery attempt failed for order OD6639938226. We will retry tomorrow. -DTDC,Delivery,Delivery_5
Flat Rs.1994 cashback on ur next order at Zomato. Use code SAVE55. Valid till 04 Jul.,Promo,Promo_2
Hungry? Get 10% off up to Rs.1492 on your next 3 orders Code: EAT74 -Swiggy,Promo,Promo_12
Dear customer ur HDFC Bank account will be blocked! Update KYC now: bit.ly/HhTNsy,Spam,Hard_11
EMI OF RS.52391 DUE ON 16-06-26 FOR LOAN A/C XX1766. PAY NOW TO AVOID CHARGES. -ICICI BANK,Bank,Bank_4
OTP: 624050 for txn of Rs.37771 at Swiggy. Do not share. -ICICI Bank,OTP,OTP_2
Interest of Rs.50976 credited to your FD A/c XX7783. -Kotak,Bank,Bank_9
G-287405 is your Google verification code.,OTP,OTP_12
Your account statement for June is available. Download from the ICICI Bank app.,Bank,Bank_16
OTP: 625800 for txn of Rs.41808 at PNB. Do not share. -Kotak,OTP,OTP_2
Your Uber code: 8931,OTP,Hard_8
301792 is your OTP for Ola login. Valid for 10 minutes. Do not share with anyone.,OTP,OTP_0
use 296126 to complete your hdfc bank registration. valid till 30 mins.,OTP,OTP_4
Out for delivery: Your Swiggy package OD5415671329 will arrive today by 6 PM. -XpressBees,Delivery,Delivery_1
Your Swiggy order OD9557779273 has been shipped via Delhivery. Track: bit.ly/rCsXeA T&C apply,Delivery,Delivery_0
Use code 3634 at checkout for 10% off at BigBasket!,Promo,Hard_0
507242 IS YOUR IRCTC SECURITY CODE. ANYONE ASKING FOR IT IS A SCAMMER.,OTP,OTP_9
Weekend special at Myntra! Min 50% off on everything. Don't miss out: bit.ly/WjwvDY,Promo,Promo_6
MISSED OUR SHOWS? COME BACK TO HOTSTAR AT 50% OFF FOR 3 MONTHS. RESUBSCRIBE: BIT.LY/LJEXRI,Promo,Promo_19
  Salary of Rs.45872 credited to A/c XX5170. Avl Bal: Rs.73890. -PNB,Bank,Bank_7
419298 - use this code to sign in to Kotak. Never share it with anyone.,OTP,OTP_7
Your OTP is 913990. Use it to verify your Zomato account. Expires in 2 min. STOP to opt out,OTP,OTP_1
  Pre-approved! Get a ICICI Bank credit card with Rs.181686 limit. Zero joining fee. Apply: bit.ly/cwmjca,Promo,Promo_14
Your order OD5189403210 from BigBasket is arriving tomorrow. Keep Rs.2441 ready for COD.,Delivery,Delivery_3
Your Uber code: 7709,OTP,Hard_8
pay rs.3333 on delivery for order od213106484. -dtdc,Delivery,Hard_10
422547 - use this code to sign in to Hotstar. Never share it with anyone.,OTP,OTP_7
  Your return pickup for order OD3689230441 is scheduled on 01 Jul. Keep the item ready. -Swiggy,Delivery,Delivery_7
Your A/c XX6408 is debited with Rs.43517 on 02-03-26. Info: UPI-Harsh. Bal: Rs.460034,Bank,Bank_2
Pay Rs.2001 on delivery for order OD638368297 -XpressBees,Delivery,Hard_10
Order OD6688846929 packed and ready! Expected dispatch by 03 Jul. -Zomato,Delivery,Delivery_8
  Enter 887656 to verify your mobile number for Zomato.,OTP,OTP_10
Use 605535 to complete your Hotstar registration. Valid till 2 mins.,OTP,OTP_4
244887 is your verification code for Ola. Never share your OTP.,OTP,OTP_3
Kotak: 281197 is your login OTP. It expires in 5 minutes.,OTP,OTP_6
Your Myntra order OD9087124655 has been shipped via Delhivery. Track: bit.ly/VpfDlv,Delivery,Delivery_0
zomato: free delivery all weekend! order your favourites now.,Promo,Promo_13
Recharge with Rs.283 & get 40% extra talktime. Offer valid today only!,Promo,Promo_5
"BRO SEND ME RS.615 ON GPAY, WILL RETURN BY 04 JUL",Personal,Hard_5
Delivery  attempt failed for order OD7387604922. We will retry tomorrow. -Delhivery,Delivery,Delivery_5
Your Uber code: 5479,OTP,Hard_8
OTP for delivery of order OD5172561273 is 3275. Share only with the delivery agent. -Delhivery,Delivery,Delivery_9
Your  return pickup for order OD3098299209 is scheduled on 03 Jul. Keep the item ready. -Myntra,Delivery,Delivery_7
Use  code 4294 at checkout for 25% off at Flipkart!,Promo,Hard_0
Data exhausted? Get 2GB extra with Rs.1430 booster pack. Dial *121# or visit app.,Promo,Promo_11
ALERT: Rs.23284 withdrawn from ATM using card XX1637 on 03-07-26. Bal: Rs.210206. -BOB,Bank,Bank_3
  Confirmation code 173932 for Ola. Keep it private.,OTP,OTP_11
KYC  update pending for A/c XX2990. Please visit your nearest Axis Bank branch by 21-03-26 to avoid restrictions.,Bank,Bank_12
Data exhausted? Get 2GB extra with Rs.402 booster pack. Dial *121# or visit app.,Promo,Promo_11
"Hey, my new number is +913663201660. Save it! Meet at 8? T&C apply",Personal,Hard_4
462183 is your OTP for Ola login Valid for 30 minutes Do not share with anyone,OTP,OTP_0
CONVERT YOUR PNB CARD PURCHASE OF RS.295 INTO EASY EMIS AT 0% INTEREST. REPLY YES.,Promo,Promo_15
Missed our shows? Come back to Hotstar at 50% off for 3 months. Resubscribe: bit.ly/ZUpwqi -TM,Promo,Promo_19
Flipkart: Your cart misses you! Complete purchase now & get 30% off. bit.ly/qXAPfR,Promo,Promo_4
BigBasket: Your cart misses you! Complete purchase now & get 50% off. bit.ly/Lqupfr,Promo,Promo_4
Your order OD6764683049 from Flipkart is arriving tomorrow. Keep Rs.1483 ready for COD.,Delivery,Delivery_3
Your SIM will be deactivated in 24hrs Verify Aadhaar: bitly/EgxsGC,Spam,Hard_13
Your order OD1975335514 from Meesho is arriving tomorrow. Keep Rs.562 ready for COD. T&C apply,Delivery,Delivery_3
Your A/c XX2032 is debited with Rs.55026 on 01-06-26. Info: UPI-Farhan. Bal: Rs.362692,Bank,Bank_2
"Class shifted to room 6330, come fast",Personal,Hard_6
ZOMATO: FREE DELIVERY ALL WEEKEND! ORDER YOUR FAVOURITES NOW.,Promo,Promo_13
You have 1502 reward points expiring on 03 Jul. Redeem on Meesho.,Promo,Promo_20
EKART: SHIPMENT OD6438887692 REACHED YOUR CITY HUB. EXPECTED DELIVERY: 06 JUL.,Delivery,Delivery_4
Your one time password is 876967 for PNB. Please do not share it.,OTP,OTP_5
Ur FD of Rs.48667 matures on 01-01-26. Renew or withdraw via netbanking. -SBI,Bank,Bank_14
Delhivery: Shipment OD7577590468 reached your city hub. Expected delivery: 04 Jul.,Delivery,Delivery_4
your account statement for august is available. download from the pnb app.,Bank,Bank_16
INR 54207 credited to A/c XX9021 on 06-06-26. Avl Bal: INR 206186. -Kotak,Bank,Bank_1
  281402 is your OTP for PhonePe login. Valid for 10 minutes. Do not share with anyone.,OTP,OTP_0
EMI of Rs.87353 due on 30-01-26 for loan A/c XX6618 Pay now to avoid charges -BOB,Bank,Bank_4
691352 is your OTP for Meesho login Valid for 10 minutes Do not share with anyone,OTP,OTP_0
order od7440761995 packed and ready! expected dispatch by 04 jul. -amazon,Delivery,Delivery_8
Convert your PNB card purchase of Rs.131 into easy EMIs at 0% interest. Reply YES.,Promo,Promo_15
<#> 569871 is your PhonePe code. Valid 30 min. hA8sk2Lqp3,OTP,OTP_13
BlueDart: Shipment OD2891989631 reached your city hub. Expected delivery: 06 Jul.,Delivery,Delivery_4
  Confirmation code 674713 for BigBasket. Keep it private.,OTP,OTP_11
Confirmation code 685914 for Hotstar. Keep it private.,OTP,OTP_11
IRCTC: 879660 is your login OTP. It expires in 5 minutes.,OTP,OTP_6
Hungry? Get 20% off up to Rs.901 on your next 3 orders. Code: EAT31. -Swiggy,Promo,Promo_12
auto-pay of rs.3033 to lekha is scheduled on 07-05-26 from a/c xx6223. ensure sufficient balance.,Bank,Bank_13
MEGA SALE! Get 30% OFF on all products at Meesho. Shop now: bit.ly/hVycmC T&C apply.,Promo,Promo_0
Your  return pickup for order OD7534056802 is scheduled on 04 Jul. Keep the item ready. -Myntra,Delivery,Delivery_7
  Use code 2044 at checkout for 25% off at Meesho!,Promo,Hard_0
EMI of Rs.38844 due on 24-03-26 for loan A/c XX6845. Pay now to avoid charges. -HDFC Bank,Bank,Bank_4
  900322 is your OTP for Axis Bank login. Valid for 15 minutes. Do not share with anyone.,OTP,OTP_0
upi payment of rs.86417 to ranveer successful. upi ref: 790199282421. -hdfc bank,Bank,Bank_6
Rs.34967 debited from A/c XX8073 on 30-04-26 to Jyoti Avl Bal: Rs.124355 -SBI,Bank,Bank_0
647333 is your verification code for zomato. never share your otp.,OTP,OTP_3
Your credit card XX2733 statement is ready. Total due: Rs.98031. Min due: Rs.4695. -BOB -TM,Bank,Bank_5
Your Meesho membership expires soon. Renew now & save 50%: bit.ly/IJukkb,Promo,Promo_9
Salary of Rs.20116 credited to A/c XX8736. Avl Bal: Rs.406315. -Axis Bank,Bank,Bank_7
"  Hey, my new number is +912693134173. Save it! Meet at 6pm?",Personal,Hard_4
Interest  of Rs.12990 credited to your FD A/c XX2574. -HDFC Bank,Bank,Bank_9
653738 - use this code to sign in to Myntra. Never share it with anyone.,OTP,OTP_7
Beware of fraud calls asking for card details. Axis Bank officials never ask for PIN or CVV.,Bank,Bank_15
516940 is ur OTP for Hotstar login. Valid for 5 minutes. Do not share with anyone.,OTP,OTP_0
Salary of Rs.12299 credited to A/c XX3265. Avl Bal: Rs.72693. -Axis Bank,Bank,Bank_7
Low balance alert: A/c XX8555 balance is Rs.302161. Maintain min balance to avoid charges.,Bank,Bank_10
Low balance alert: A/c XX4040 balance is INR 463035. Maintain min balance to avoid charges.,Bank,Bank_10
MEGA  SALE! Get 20% OFF on all products at Swiggy. Shop now: bit.ly/fpVZng T&C apply.,Promo,Promo_0
Enter 670432 to verify ur mobile number for Hotstar.,OTP,OTP_10
Your order OD1808149729 from Flipkart is arriving tomorrow. Keep Rs.3741 ready for COD.,Delivery,Delivery_3
Congratulations! You won Rs.1179023 in lucky draw. Claim: bit.ly/PyHrTD -TM,Spam,Hard_12
Recharge  with Rs.917 & get 10% extra talktime. Offer valid today only!,Promo,Promo_5
"Class shifted to room 4419, come fast",Personal,Hard_6
Flat Rs.240 cashback on your next order at BigBasket. Use code SAVE25. Valid till 04 Jul.,Promo,Promo_2
Cheque no. 197600807344 for Rs.90537 has been cleared from A/c XX5376. -SBI T&C apply,Bank,Bank_8
Convert your BOB card purchase of INR 757 into easy EMIs at 0% interest. Reply YES.,Promo,Promo_15
"Hey, my new number is 9144795777. Save it! Meet at noon? STOP to opt out",Personal,Hard_4
Your SIM will be deactivated in 24hrs. Verify Aadhaar: bit.ly/RNqaCr,Spam,Hard_13
  Use 109880 to complete your HDFC Bank registration. Valid till 15 mins.,OTP,OTP_4
  607262 - use this code to sign in to Axis Bank. Never share it with anyone.,OTP,OTP_7
Coupon 8348 gives you free delivery on orders above Rs.371. -Meesho,Promo,Hard_1
Missed our shows? Come back to Netflix at 50% off for 3 months. Resubscribe: bit.ly/qpEFLl T&C apply,Promo,Promo_19
FLAT RS.1447 CASHBACK ON YOUR NEXT ORDER AT SWIGGY. USE CODE SAVE51. VALID TILL 03 JUL.,Promo,Promo_2
  OTP for delivery of order OD9159723928 is 6467. Share only with the delivery agent. -DTDC,Delivery,Delivery_9
"NEVER SHARE YOUR OTP, PIN OR CVV. ICICI BANK NEVER ASKS FOR THESE. STAY SAFE.",Bank,Hard_3
pre-approved! get a hdfc bank credit card with rs.243700 limit. zero joining fee. apply: bit.ly/ypdsml,Promo,Promo_14
Out for delivery: Ur Swiggy package OD9252300190 will arrive today by 6 PM. -BlueDart,Delivery,Delivery_1
G-301096  is your Google verification code.,OTP,OTP_12
Delivered! Your Amazon order OD2536396814 was delivered on 04 Jul Rate your experience: bitly/NUeXMU,Delivery,Delivery_2
Tap to verify: 457254 This code expires shortly,OTP,Hard_9
Auto-pay of Rs.39226 to Ethan is scheduled on 17-04-26 from A/c XX9853. Ensure sufficient balance.,Bank,Bank_13
upi payment of rs.54034 to aadhya successful. upi ref: 104735772591. -axis bank,Bank,Bank_6
"HI DARIKA, UNLOCK RS.855 OFF YOUR FIRST ORDER AT AMAZON WITH CODE NEW63.",Promo,Promo_7
Enter 626295 to verify ur mobile number for Hotstar.,OTP,OTP_10
warhi from dtdc is arriving with your package. contact: +915325323073,Delivery,Delivery_6
Your SonyLIV plan renews on 04 Jul at Rs.684. Upgrade to 4K for Rs.626/month.,Promo,Promo_18
Loved your recent Amazon order? Reorder in 1 tap and get 10% off today.,Promo,Promo_22
Auto-pay of Rs.58906 to Agastya is scheduled on 22-02-26 from A/c XX2970. Ensure sufficient balance.,Bank,Bank_13
delivered! your swiggy order od7415999985 was delivered on 06 jul. rate your experience: bit.ly/knlpob,Delivery,Delivery_2
RS.38051 CREDITED TO A/C XX9758 ON 12-06-26. AVL BAL: RS.494881. -BOB,Bank,Bank_1
224123 is your Ola security code Anyone asking for it is a scammer,OTP,OTP_9
Rs.21882 credited to A/c XX9225 on 20-06-26. Avl Bal: Rs.128751. -SBI,Bank,Bank_1
937454 - use this to sign in. never share this code with anyone.,OTP,Hard_7
ALERT: INR 14550 withdrawn from ATM using card XX1274 on 03-03-26. Bal: INR 289371. -PNB,Bank,Bank_3
Work from home! Earn Rs.1424058/month Join: bitly/yMFwso,Spam,Hard_14
EMI  of Rs.17820 due on 30-05-26 for loan A/c XX5267. Pay now to avoid charges. -SBI,Bank,Bank_4
sathvik from xpressbees is arriving with your package. contact: +914984571288,Delivery,Delivery_6
"Your HDFC Bank health insurance renewal is due 04 Jul. Renew online, save 80% on premium. STOP to opt out",Promo,Promo_24
585837 is your verification code for Swiggy. Never share your OTP.,OTP,OTP_3
Low balance alert: A/c XX3233 balance is Rs.331189. Maintain min balance to avoid charges.,Bank,Bank_10
754116 is your OTP for BigBasket login. Valid for 2 minutes. Do not share with anyone. T&C apply,OTP,OTP_0
BigBasket: 677234 is your login OTP. It expires in 5 minutes.,OTP,OTP_6
Interest  of Rs.14290 credited to your FD A/c XX7231. -BOB,Bank,Bank_9
Flat Rs.576 cashback on your next order at Myntra. Use code SAVE54. Valid till 05 Jul.,Promo,Promo_2
  Your one time password is 127017 for Paytm. Please do not share it.,OTP,OTP_5
KYC update pending for A/c XX4635. Please visit your nearest ICICI Bank branch by 22-04-26 to avoid restrictions.,Bank,Bank_12
575966 IS YOUR ZOMATO SECURITY CODE. ANYONE ASKING FOR IT IS A SCAMMER.,OTP,OTP_9
Your one time password is 411688 for Hotstar. Please do not share it.,OTP,OTP_5
Your credit card XX8046 statement is ready. Total due: Rs.3595. Min due: Rs.4488. -Kotak,Bank,Bank_5
Auto-pay of Rs.50969 to Aradhana is scheduled on 17-05-26 from A/c XX2844. Ensure sufficient balance. -TM,Bank,Bank_13
Your Zomato order OD8765552633 has been shipped via DTDC. Track: bit.ly/ZdkWDi,Delivery,Delivery_0
out for delivery: your meesho package od5464146929 will arrive today by 12 pm. -xpressbees,Delivery,Delivery_1
IRCTC:  Special trains added for festive season. Book early & save up to 50%.,Promo,Promo_17
OTP for delivery of order OD4694656809 is 4986. Share only with the delivery agent. -XpressBees T&C apply,Delivery,Delivery_9
Use 248927 to complete your Axis Bank registration. Valid till 2 mins.,OTP,OTP_4
Interest of Rs.1007 credited to your FD A/c XX8767. -SBI,Bank,Bank_9
Use 74344 to complete your Paytm registration. Valid till 15 mins.,OTP,OTP_4
"Hi Lajita, unlock Rs.422 off your first order at BigBasket with code NEW35. T&C apply",Promo,Promo_7
paytm: 943597 is your login otp. it expires in 10 minutes.,OTP,OTP_6
Recharge with Rs.1031 & get 20% extra talktime Offer valid today only!,Promo,Promo_5
88832 - use this code to sign in to Meesho Never share it with anyone,OTP,OTP_7
Tap to verify: 267105. This code expires shortly.,OTP,Hard_9
"Hey,  my new number is 02073629345. Save it! Meet at 8?",Personal,Hard_4
Ur order OD5703991921 from Myntra is arriving tomorrow. Keep Rs.3191 ready for COD.,Delivery,Delivery_3
Auto-pay of Rs.36023 to Zaitra is scheduled on 26-05-26 from A/c XX6628. Ensure sufficient balance.,Bank,Bank_13
Auto-pay of Rs.94032 to Faras is scheduled on 24-05-26 from A/c XX9884 Ensure sufficient balance,Bank,Bank_13
Swiggy: Your cart misses you! Complete purchase now & get 20% off. bit.ly/KOIWQH -TM,Promo,Promo_4
964123 - use this code to sign in to Ola Never share it with anyone,OTP,OTP_7
"Never share your OTP, PIN or CVV. ICICI Bank never asks for these. Stay safe.",Bank,Hard_3
LOW BALANCE ALERT: A/C XX8110 BALANCE IS RS.445787. MAINTAIN MIN BALANCE TO AVOID CHARGES.,Bank,Bank_10
Your account statement for June is available. Download from the Axis Bank app.,Bank,Bank_16
"Hey, my new number is 7203017220 Save it! Meet at 8?",Personal,Hard_4
  Enter 164281 to verify your mobile number for HDFC Bank.,OTP,OTP_10
  ALERT: Rs.75908 withdrawn from ATM using card XX4735 on 03-03-26. Bal: Rs.330708. -BOB,Bank,Bank_3
Recharge with INR 1524 & get 30% extra talktime. Offer valid today only!,Promo,Promo_5
use 545118 to complete your zomato registration. valid till 2 mins.,OTP,OTP_4
  Missed our shows? Come back to Netflix at 50% off for 3 months. Resubscribe: bit.ly/FwLJUu,Promo,Promo_19
Cheque  no. 760603782748 for Rs.99393 has been cleared from A/c XX2072. -BOB,Bank,Bank_8
Work from home! Earn INR 1794529/month. Join: bit.ly/VJxLnt,Spam,Hard_14
RS.67429 CREDITED TO A/C XX3366 ON 08-06-26. AVL BAL: RS.492757. -KOTAK,Bank,Bank_1
<#> 360570 is your Zomato code. Valid 10 min. hA8sk2Lqp3,OTP,OTP_13
406805 is your SBI security code. Anyone asking for it is a scammer.,OTP,OTP_9
Last day! Myntra clearance sale ends tonight. Up to 70% off sitewide.,Promo,Promo_8
Your return pickup for order OD1569576936 is scheduled on 04 Jul. Keep the item ready. -Amazon,Delivery,Delivery_7
Your Swiggy membership expires soon. Renew now & save 50%: bit.ly/YFYxyD -TM,Promo,Promo_9
  Your Uber code: 6102,OTP,Hard_8
LOW BALANCE ALERT: A/C XX9522 BALANCE IS RS.19211. MAINTAIN MIN BALANCE TO AVOID CHARGES.,Bank,Bank_10
Order  OD9032192620 packed and ready! Expected dispatch by 06 Jul. -Flipkart,Delivery,Delivery_8
Your account statement for June is available Download from the BOB app,Bank,Bank_16
Your order OD1490396381 from Myntra is arriving tomorrow. Keep INR 2117 ready for COD.,Delivery,Delivery_3
EMI of Rs.50471 due on 03-04-26 for loan A/c XX2501 Pay now to avoid charges -BOB,Bank,Bank_4
Beware of fraud calls asking for card details. SBI officials never ask for PIN or CVV.,Bank,Bank_15
Dear  customer ur PNB account will be blocked! Update KYC now: bit.ly/VSpAOQ,Spam,Hard_11
  Auto-pay of Rs.92214 to Yatin is scheduled on 05-06-26 from A/c XX1521. Ensure sufficient balance.,Bank,Bank_13
510255 is your Meesho security code. Anyone asking for it is a scammer.,OTP,OTP_9
Your Airtel pack expires tomorrow. Recharge with Rs.226 for 3GB/day + unlimited calls.,Promo,Promo_10
bigbasket big billion days! up to 30% off + extra 10% with kotak cards. hurry!,Promo,Promo_1
Dear customer ur SBI account will be blocked! Update KYC now: bit.ly/HaQgaU,Spam,Hard_11
your sonyliv plan renews on 06 jul at rs.601. upgrade to 4k for rs.513/month.,Promo,Promo_18
Your one time password is 135064 for GPay. Please do not share it.,OTP,OTP_5
Your  OTP is 692893. Use it to verify your Uber account. Expires in 10 min.,OTP,OTP_1
OTP-based login was enabled for ur A/c XX1000. Call Kotak if this wasn't you.,Bank,Hard_2
33428 is your OTP for BigBasket login Valid for 10 minutes Do not share with anyone,OTP,OTP_0
979809 is your IRCTC security code. Anyone asking for it is a scammer.,OTP,OTP_9
"BRO SEND ME RS.3649 ON GPAY, WILL RETURN BY 05 JUL",Personal,Hard_5
KYC update pending for A/c XX3211. Please visit your nearest BOB branch by 20-02-26 to avoid restrictions. -TM,Bank,Bank_12
Work from home! Earn Rs.1033303/month Join: bitly/dOJOLE,Spam,Hard_14
Rs.78703 credited to A/c XX8841 on 07-01-26. Avl Bal: Rs.98877. -BOB -TM,Bank,Bank_1
Your OTP is 791598. Use it to verify your Zomato account. Expires in 5 min.,OTP,OTP_1
You  have 967 reward points expiring on 06 Jul. Redeem on Amazon.,Promo,Promo_20
salary of rs.75081 credited to a/c xx8388. avl bal: rs.203989. -axis bank,Bank,Bank_7
  Data exhausted? Get 2GB extra with Rs.873 booster pack. Dial *121# or visit app.,Promo,Promo_11
Beware  of fraud calls asking for card details. SBI officials never ask for PIN or CVV.,Bank,Bank_15
Ur SIM will be deactivated in 24hrs. Verify Aadhaar: bit.ly/DAjlUh,Spam,Hard_13
Salary of Rs.95935 credited to A/c XX4400. Avl Bal: Rs.479620. -HDFC Bank,Bank,Bank_7
Your return pickup for order OD2347875350 is scheduled on 01 Jul. Keep the item ready. -Meesho,Delivery,Delivery_7
Your one time password is 949093 for Zomato. Please do not share it.,OTP,OTP_5
Recharge with Rs.614 & get 70% extra talktime. Offer valid today only!,Promo,Promo_5
  Delivered! Your Myntra order OD1060762663 was delivered on 03 Jul. Rate your experience: bit.ly/WmwtHW,Delivery,Delivery_2
OTP for delivery of order OD7403705689 is 1115. Share only with the delivery agent. -Ekart,Delivery,Delivery_9
Out  for delivery: Your Swiggy package OD9245182360 will arrive today by 9 PM. -DTDC,Delivery,Delivery_1
Your Amazon order OD9161321611 has been shipped via BlueDart. Track: bit.ly/TcHtcu,Delivery,Delivery_0
Your SIM will be deactivated in 24hrs. Verify Aadhaar: bit.ly/vxKirS,Spam,Hard_13
Jason from BlueDart is arriving with your package. Contact: 0616040871,Delivery,Delivery_6
Your HDFC Bank debit card XX1533 has been blocked due to suspicious activity. Visit branch or call 1800-XXX to unblock.,Bank,Bank_11
"Your Kotak health insurance renewal is due 01 Jul. Renew online, save 40% on premium.",Promo,Promo_24
delivery attempt failed for order od1417136582. we will retry tomorrow. -dtdc,Delivery,Delivery_5
Your  credit card XX2573 statement is ready. Total due: Rs.32377. Min due: Rs.1594. -BOB,Bank,Bank_5
Auto-pay of Rs.7816 to Manthan is scheduled on 25-01-26 from A/c XX7209. Ensure sufficient balance.,Bank,Bank_13
Salary of Rs.76456 credited to A/c XX4252. Avl Bal: Rs.302476. -ICICI Bank,Bank,Bank_7
Data exhausted? Get 2GB extra with Rs.1705 booster pack. Dial *121# or visit app.,Promo,Promo_11
673518 is ur OTP for BigBasket login. Valid for 2 minutes. Do not share with anyone.,OTP,OTP_0
Coupon 6698 gives you free delivery on orders above Rs.3428. -Swiggy -TM,Promo,Hard_1
Low balance alert: A/c XX6713 balance is Rs.146737. Maintain min balance to avoid charges.,Bank,Bank_10
Salary of Rs.18423 credited to A/c XX7074. Avl Bal: Rs.457854. -SBI,Bank,Bank_7
Items  in your order history are back in stock at Swiggy. Prices start Rs.1819.,Promo,Promo_23
IRCTC: Special trains added for festive season. Book early & save up to 50%.,Promo,Promo_17
beware of fraud calls asking for card details. axis bank officials never ask for pin or cvv.,Bank,Bank_15
<#> 549630 is your Swiggy code. Valid 15 min. hA8sk2Lqp3,OTP,OTP_13
You have 1828 reward points expiring on 05 Jul. Redeem on Myntra.,Promo,Promo_20
Swiggy: Free delivery all weekend! Order your favourites now.,Promo,Promo_13
955771 - use this code to sign in to BOB. Never share it with anyone.,OTP,OTP_7
"Class shifted to room 8881, come fast",Personal,Hard_6
Salary of Rs.59212 credited to A/c XX4720. Avl Bal: Rs.405192. -Kotak -TM,Bank,Bank_7
Confirmation  code 420612 for Kotak. Keep it private.,OTP,OTP_11
Out for delivery: Your Amazon package OD1069901540 will arrive today by 12 PM. -BlueDart,Delivery,Delivery_1
Cheque  no. 839962135100 for Rs.45109 has been cleared from A/c XX1718. -BOB,Bank,Bank_8
ALERT: Rs.61119 withdrawn from ATM using card XX7010 on 23-05-26. Bal: Rs.121100. -Kotak,Bank,Bank_3
ITEMS IN YOUR ORDER HISTORY ARE BACK IN STOCK AT FLIPKART. PRICES START RS.1144.,Promo,Promo_23
Work from home! Earn Rs.335035/month. Join: bit.ly/HYUjsx,Spam,Hard_14
Your one time password is 122034 for BOB. Please do not share it.,OTP,OTP_5
Your Axis Bank debit card XX1788 has been blocked due to suspicious activity. Visit branch or call 1800-XXX to unblock.,Bank,Bank_11
"Hi Ishita, unlock Rs.1376 off ur first order at Zomato with code NEW27.",Promo,Promo_7
Ekart: Shipment OD8087781658 reached your city hub. Expected delivery: 01 Jul.,Delivery,Delivery_4
Use 753284 to complete your Netflix registration. Valid till 30 mins.,OTP,OTP_4
Your SIM will be deactivated in 24hrs. Verify Aadhaar: bit.ly/fmHfeU,Spam,Hard_13
Zomato: Free delivery all weekend! Order your favourites now.,Promo,Promo_13
  831056 is your Amazon security code. Anyone asking for it is a scammer.,OTP,OTP_9
Your credit card XX1412 statement is ready. Total due: INR 43018. Min due: INR 3980. -SBI,Bank,Bank_5
Pay INR 899 on delivery for order OD902711456. -DTDC,Delivery,Hard_10
Your  one time password is 388728 for Paytm. Please do not share it.,OTP,OTP_5
Your Meesho order OD4722189624 has been shipped via Ekart. Track: bit.ly/FUWheP,Delivery,Delivery_0
KYC update pending for A/c XX4889. Please visit your nearest BOB branch by 18-03-26 to avoid restrictions.,Bank,Bank_12
Ur return pickup for order OD7089744475 is scheduled on 05 Jul. Keep the item ready. -Swiggy,Delivery,Delivery_7
Nathaniel from Ekart is arriving with your package. Contact: 04033111781 T&C apply,Delivery,Delivery_6
"Bro send me Rs.3211 on gpay, will return by 01 Jul",Personal,Hard_5
XpressBees: Shipment OD7190252121 reached your city hub. Expected delivery: 06 Jul.,Delivery,Delivery_4
Work  from home! Earn Rs.1919718/month. Join: bit.ly/ixTxsL,Spam,Hard_14
Your Airtel pack expires tomorrow. Recharge with Rs.1006 for 3GB/day + unlimited calls.,Promo,Promo_10
Your credit card XX2378 statement is ready. Total due: Rs.50709. Min due: Rs.756. -SBI,Bank,Bank_5
qasim from dtdc is arriving with your package. contact: +910429958938,Delivery,Delivery_6
388829 is your Amazon security code. Anyone asking for it is a scammer.,OTP,OTP_9
618336 is your Ola security code. Anyone asking for it is a scammer.,OTP,OTP_9
"  Bro send me Rs.4366 on gpay, will return by 05 Jul",Personal,Hard_5
  Meesho: 5765 is your login OTP. It expires in 10 minutes.,OTP,OTP_6
IRCTC: Special trains added for festive season. Book early & save up to 80%. -TM,Promo,Promo_17
Auto-pay  of Rs.93812 to Ekansh is scheduled on 15-04-26 from A/c XX5539. Ensure sufficient balance.,Bank,Bank_13
Your OTP is 548620. Use it to verify your Ola account. Expires in 2 min.,OTP,OTP_1
Your Uber code: 1341,OTP,Hard_8
  Your order OD1753983844 from Myntra is arriving tomorrow. Keep Rs.1857 ready for COD.,Delivery,Delivery_3
Your SIM will be deactivated in 24hrs. Verify Aadhaar: bit.ly/HVHEoS,Spam,Hard_13
Items in your order history are back in stock at Zomato Prices start Rs.1524,Promo,Promo_23
out for delivery: your flipkart package od5474356542 will arrive today by 12 pm. -delhivery,Delivery,Delivery_1
Cheque no. 766465087608 for Rs.78768 has been cleared from A/c XX1192. -PNB,Bank,Bank_8
Recharge with Rs.717 & get 80% extra talktime. Offer valid today only!,Promo,Promo_5
USE CODE 7105 AT CHECKOUT FOR 50% OFF AT ZOMATO!,Promo,Hard_0
EMI of Rs.4938 due on 05-05-26 for loan A/c XX3605. Pay now to avoid charges. -SBI,Bank,Bank_4
  MEGA SALE! Get 40% OFF on all products at Zomato. Shop now: bit.ly/NULqip T&C apply.,Promo,Promo_0
Convert your HDFC Bank card purchase of INR 276 into easy EMIs at 0% interest. Reply YES.,Promo,Promo_15
Wahab from BlueDart is arriving with ur package. Contact: 7045018450,Delivery,Delivery_6
Beware of fraud calls asking for card details. ICICI Bank officials never ask for PIN or CVV. STOP to opt out,Bank,Bank_15
Last  day! Swiggy clearance sale ends tonight. Up to 50% off sitewide.,Promo,Promo_8
otp for delivery of order od1340628491 is 7651. share only with the delivery agent. -xpressbees,Delivery,Delivery_9
Rs.16835  debited from A/c XX3296 on 12-06-26 to Prisha. Avl Bal: Rs.220800. -ICICI Bank,Bank,Bank_0
Data exhausted? Get 2GB extra with Rs.572 booster pack. Dial *121# or visit app.,Promo,Promo_11
Coupon 1466 gives you free delivery on orders above Rs.3186. -Flipkart,Promo,Hard_1
<#> 539928 is your HDFC Bank code. Valid 30 min. hA8sk2Lqp3,OTP,OTP_13
Work from home! Earn Rs.893451/month. Join: bit.ly/lTdZLw T&C apply,Spam,Hard_14
YOUR OTP IS 546471. USE IT TO VERIFY YOUR BIGBASKET ACCOUNT. EXPIRES IN 5 MIN.,OTP,OTP_1
741447 is your verification code for ICICI Bank. Never share your OTP.,OTP,OTP_3
  Work from home! Earn Rs.2348348/month. Join: bit.ly/YPcjXi,Spam,Hard_14
Enter  696985 to verify your mobile number for Swiggy.,OTP,OTP_10
765337  is your verification code for Zomato. Never share your OTP.,OTP,OTP_3
Pre-approved! Get a Kotak credit card with Rs.211980 limit. Zero joining fee. Apply: bit.ly/lkmknA,Promo,Promo_14
Congratulations! You won Rs.590459 in lucky draw. Claim: bit.ly/ptdARp,Spam,Hard_12
Beware of fraud calls asking for card details. Kotak officials never ask for PIN or CVV.,Bank,Bank_15
INR 31400 credited to A/c XX7033 on 10-05-26. Avl Bal: INR 429165. -Kotak,Bank,Bank_1
Your FD of Rs.98017 matures on 15-02-26. Renew or withdraw via netbanking. -ICICI Bank,Bank,Bank_14
OTP  for delivery of order OD8451757884 is 8851. Share only with the delivery agent. -BlueDart,Delivery,Delivery_9
  OTP: 793645 for txn of Rs.39758 at BOB. Do not share. -PNB,OTP,OTP_2
Rs.9256  debited from A/c XX2014 on 04-07-26 to Chanchal. Avl Bal: Rs.69683. -Axis Bank,Bank,Bank_0
  Work from home! Earn Rs.1520598/month. Join: bit.ly/tiTLzg,Spam,Hard_14
"Class shifted to room 6888, come fast",Personal,Hard_6
MEGA SALE! Get 30% OFF on all products at Zomato. Shop now: bit.ly/MlJBJY T&C apply.,Promo,Promo_0
Salary of Rs.29128 credited to A/c XX8214. Avl Bal: Rs.236173. -Kotak,Bank,Bank_7
Rs.84954 credited to A/c XX7113 on 13-03-26. Avl Bal: Rs.213308. -PNB,Bank,Bank_1
YOUR RETURN PICKUP FOR ORDER OD2234257394 IS SCHEDULED ON 04 JUL. KEEP THE ITEM READY. -MYNTRA,Delivery,Delivery_7
Interest  of Rs.95810 credited to your FD A/c XX8890. -Axis Bank,Bank,Bank_9
Enter 766629 to verify your mobile number for SBI.,OTP,OTP_10
Convert ur SBI card purchase of Rs.339 into easy EMIs at 0% interest. Reply YES.,Promo,Promo_15
Your order OD7646701819 from Meesho is arriving tomorrow. Keep Rs.4445 ready for COD.,Delivery,Delivery_3
Order OD8462763778 packed and ready! Expected dispatch by 03 Jul. -Swiggy,Delivery,Delivery_8
KYC update pending for A/c XX3071. Please visit your nearest HDFC Bank branch by 01-04-26 to avoid restrictions.,Bank,Bank_12
INR 97 cashback credited to your Amazon Pay wallet. Use on your next order.,Promo,Promo_21
Congratulations! You won Rs.2477045 in lucky draw. Claim: bit.ly/CNNyXD STOP to opt out,Spam,Hard_12
293099 - use this code to sign in to Axis Bank Never share it with anyone,OTP,OTP_7
EMI of Rs.65687 due on 29-03-26 for loan A/c XX5422. Pay now to avoid charges. -HDFC Bank,Bank,Bank_4
Interest of INR 41760 credited to your FD A/c XX8752. -SBI,Bank,Bank_9
DELIVERED! YOUR ZOMATO ORDER OD8608009559 WAS DELIVERED ON 05 JUL. RATE YOUR EXPERIENCE: BIT.LY/CRNTON,Delivery,Delivery_2
CONGRATULATIONS! YOU WON RS.2309691 IN LUCKY DRAW. CLAIM: BIT.LY/BXDRLP,Spam,Hard_12
<#> 101727 is your Hotstar code. Valid 5 min. hA8sk2Lqp3,OTP,OTP_13
Weekend special at Myntra! Min 40% off on everything. Don't miss out: bit.ly/YkkBDB,Promo,Promo_6
672268  - use this to sign in. Never share this code with anyone.,OTP,Hard_7
Pre-approved! Get a PNB credit card with Rs.397506 limit Zero joining fee Apply: bitly/UFdrqU,Promo,Promo_14
Your one time password is 578955 for Paytm. Please do not share it.,OTP,OTP_5
Salary  of Rs.43753 credited to A/c XX5557. Avl Bal: Rs.469081. -Kotak,Bank,Bank_7
573824 is your amazon security code. anyone asking for it is a scammer.,OTP,OTP_9
  Confirmation code 829218 for Ola. Keep it private.,OTP,OTP_11
alert: rs.63615 withdrawn from atm using card xx5369 on 28-01-26. bal: rs.407530. -hdfc bank,Bank,Bank_3
Interest of Rs.57275 credited to your FD A/c XX5416 -SBI,Bank,Bank_9
Rs.790 cashback credited to your PhonePe wallet. Use on your next order.,Promo,Promo_21
  850970 - use this to sign in. Never share this code with anyone.,OTP,Hard_7
864994 is your OTP for Amazon login. Valid for 10 minutes. Do not share with anyone.,OTP,OTP_0
Pay Rs.4557 on delivery for order OD782055900. -Ekart,Delivery,Hard_10
255201 is your IRCTC security code. Anyone asking for it is a scammer.,OTP,OTP_9
hungry? get 20% off up to rs.1587 on your next 3 orders. code: eat90. -zomato,Promo,Promo_12
821630 is your OTP for Amazon login. Valid for 30 minutes. Do not share with anyone. STOP to opt out,OTP,OTP_0
OUT FOR DELIVERY: YOUR FLIPKART PACKAGE OD6253541426 WILL ARRIVE TODAY BY 12 PM. -DELHIVERY,Delivery,Delivery_1
Recharge with Rs.1638 & get 50% extra talktime. Offer valid today only!,Promo,Promo_5
Ur FD of Rs.68122 matures on 06-05-26. Renew or withdraw via netbanking. -HDFC Bank,Bank,Bank_14
Enter 399072 to verify your mobile number for HDFC Bank,OTP,OTP_10
EMI of INR 602 due on 12-01-26 for loan A/c XX2767. Pay now to avoid charges. -PNB,Bank,Bank_4
SALARY OF RS.2521 CREDITED TO A/C XX9582. AVL BAL: RS.76371. -KOTAK,Bank,Bank_7
"Your ICICI Bank health insurance renewal is due 03 Jul. Renew online, save 80% on premium.",Promo,Promo_24
870987 is your OTP for GPay login. Valid for 5 minutes. Do not share with anyone.,OTP,OTP_0
Rs.40856 credited to A/c XX7784 on 24-04-26. Avl Bal: Rs.345058. -HDFC Bank,Bank,Bank_1
Order OD4016348711 packed and ready! Expected dispatch by 03 Jul. -Swiggy,Delivery,Delivery_8
Beware of fraud calls asking for card details. Kotak officials never ask for PIN or CVV.,Bank,Bank_15
XpressBees: Shipment OD8666443040 reached your city hub. Expected delivery: 03 Jul. -TM,Delivery,Delivery_4
Ur BigBasket order OD9762443518 has been shipped via XpressBees. Track: bit.ly/boiPFe,Delivery,Delivery_0
Beware of fraud calls asking for card details. ICICI Bank officials never ask for PIN or CVV.,Bank,Bank_15
Delivered! Your Amazon order OD4820957550 was delivered on 04 Jul. Rate your experience: bit.ly/glhYqn,Delivery,Delivery_2
Delivered! Your Myntra order OD6093276982 was delivered on 01 Jul. Rate your experience: bit.ly/jMCGLS,Delivery,Delivery_2
UPI payment of INR 89153 to Advik successful. UPI Ref: 730089451584. -HDFC Bank,Bank,Bank_6
recharge with rs.1729 & get 40% extra talktime. offer valid today only!,Promo,Promo_5
pre-approved! get a bob credit card with rs.75358 limit. zero joining fee. apply: bit.ly/ecbsep,Promo,Promo_14
Your BigBasket order OD8270175021 has been shipped via XpressBees. Track: bit.ly/JuMplx,Delivery,Delivery_0
YOUR MEESHO MEMBERSHIP EXPIRES SOON. RENEW NOW & SAVE 50%: BIT.LY/BYFXHR,Promo,Promo_9
Loved  your recent Meesho order? Reorder in 1 tap and get 60% off today.,Promo,Promo_22
Your one time password is 471318 for BOB. Please do not share it.,OTP,OTP_5
Ur BOB debit card XX9894 has been blocked due to suspicious activity. Visit branch or call 1800-XXX to unblock.,Bank,Bank_11
Delivered! Your BigBasket order OD3323222006 was delivered on 01 Jul. Rate your experience: bit.ly/vGySpY,Delivery,Delivery_2
<#> 174334 is your Paytm code. Valid 5 min. hA8sk2Lqp3,OTP,OTP_13
"hi mahika, unlock rs.297 off your first order at flipkart with code new86.",Promo,Promo_7
Ekart: Shipment OD2127647363 reached ur city hub. Expected delivery: 04 Jul.,Delivery,Delivery_4
Rs.75683 credited to A/c XX6218 on 21-02-26. Avl Bal: Rs.320708. -PNB,Bank,Bank_1
Ur Uber code: 5134,OTP,Hard_8
881746 is your verification code for Myntra. Never share your OTP. STOP to opt out,OTP,OTP_3
Ur one time password is 807692 for BigBasket. Please do not share it.,OTP,OTP_5
KYC update pending for A/c XX5484. Please visit your nearest PNB branch by 03-07-26 to avoid restrictions. T&C apply,Bank,Bank_12
Recharge with Rs.1179 & get 60% extra talktime. Offer valid today only!,Promo,Promo_5
<#>  444862 is your GPay code. Valid 30 min. hA8sk2Lqp3,OTP,OTP_13
Last  day! Swiggy clearance sale ends tonight. Up to 50% off sitewide.,Promo,Promo_8
Interest  of Rs.76122 credited to your FD A/c XX1386. -Kotak,Bank,Bank_9
EMI of Rs.36135 due on 17-02-26 for loan A/c XX1173 Pay now to avoid charges -SBI,Bank,Bank_4
YOUR A/C XX8233 IS DEBITED WITH RS.97878 ON 02-05-26. INFO: UPI-BALVAN. BAL: RS.90766,Bank,Bank_2
Your one time password is 36924 for Axis Bank. Please do not share it.,OTP,OTP_5
YOUR RETURN PICKUP FOR ORDER OD8942857485 IS SCHEDULED ON 04 JUL. KEEP THE ITEM READY. -BIGBASKET,Delivery,Delivery_7
Coupon 5751 gives you free delivery on orders above INR 4099. -Amazon,Promo,Hard_1
Your Netflix code: 433119,OTP,OTP_8
Convert  your Axis Bank card purchase of Rs.1547 into easy EMIs at 0% interest. Reply YES.,Promo,Promo_15
your meesho order od3461844453 has been shipped via delhivery. track: bit.ly/otmlle,Delivery,Delivery_0
Your A/c XX3985 is debited with Rs.72919 on 08-05-26. Info: UPI-Vihaan. Bal: Rs.432991,Bank,Bank_2
MEGA SALE! Get 70% OFF on all products at Myntra. Shop now: bit.ly/XcQQah T&C apply.,Promo,Promo_0
Your PNB debit card XX9387 has been blocked due to suspicious activity. Visit branch or call 1800-XXX to unblock.,Bank,Bank_11
Your HDFC Bank debit card XX5430 has been blocked due to suspicious activity. Visit branch or call 1800-XXX to unblock.,Bank,Bank_11
397359 - USE THIS CODE TO SIGN IN TO OLA. NEVER SHARE IT WITH ANYONE.,OTP,OTP_7
Your OTP is 399524 Use it to verify your Hotstar account Expires in 5 min,OTP,OTP_1
Dear customer ur BOB account will be blocked! Update KYC now: bit.ly/fOJAgr,Spam,Hard_11
ALERT: Rs.17742 withdrawn from ATM using card XX9304 on 09-02-26. Bal: Rs.200676. -Kotak,Bank,Bank_3
Order  OD6790200947 packed and ready! Expected dispatch by 01 Jul. -Zomato,Delivery,Delivery_8
Your credit card XX8597 statement is ready. Total due: Rs.83036. Min due: Rs.2949. -PNB,Bank,Bank_5
892760 is your verification code for ICICI Bank. Never share your OTP.,OTP,OTP_3
MEGA SALE! Get 30% OFF on all products at Swiggy. Shop now: bit.ly/RznQhm T&C apply.,Promo,Promo_0
Recharge with INR 1192 & get 70% extra talktime. Offer valid today only!,Promo,Promo_5
Ur A/c XX1243 is debited with Rs.67607 on 02-02-26. Info: UPI-Kavya. Bal: Rs.253156,Bank,Bank_2
327508 is your OTP for Swiggy login. Valid for 15 minutes. Do not share with anyone. -TM,OTP,OTP_0
MEGA SALE! Get 20% OFF on all products at Zomato. Shop now: bit.ly/aaMHjZ T&C apply.,Promo,Promo_0
Zomato: Your cart misses you! Complete purchase now & get 70% off. bit.ly/OEJkIH,Promo,Promo_4
Your order OD1464522697 from Meesho is arriving tomorrow. Keep Rs.2810 ready for COD.,Delivery,Delivery_3
<#> 300287 is your PhonePe code. Valid 30 min. hA8sk2Lqp3,OTP,OTP_13
You have 2389 reward points expiring on 02 Jul Redeem on Meesho,Promo,Promo_20
your one time password is 640593 for meesho. please do not share it.,OTP,OTP_5
UPI payment of Rs.63909 to Idika successful. UPI Ref: 286145946382. -SBI T&C apply,Bank,Bank_6
Use  419063 to complete your Swiggy registration. Valid till 30 mins.,OTP,OTP_4
Interest of Rs.48119 credited to your FD A/c XX3379 -BOB,Bank,Bank_9
Rs.52976 debited from A/c XX6911 on 17-02-26 to Osha. Avl Bal: Rs.102480. -BOB T&C apply,Bank,Bank_0
Pay Rs.788 on delivery for order OD677782267. -XpressBees -TM,Delivery,Hard_10
"Your PNB health insurance renewal is due 03 Jul. Renew online, save 10% on premium.",Promo,Promo_24
Your one time password is 59726 for Swiggy. Please do not share it.,OTP,OTP_5
Your order OD8974496950 from Zomato is arriving tomorrow. Keep INR 4017 ready for COD.,Delivery,Delivery_3
congratulations! you won rs.1080854 in lucky draw. claim: bit.ly/fonhdj,Spam,Hard_12
<#> 648145 is your Axis Bank code Valid 5 min hA8sk2Lqp3,OTP,OTP_13
Delivery attempt failed for order OD4433812440. We will retry tomorrow. -BlueDart,Delivery,Delivery_5
Dear customer ur PNB account will be blocked! Update KYC now: bit.ly/NIroue,Spam,Hard_11
Congratulations! You won Rs.1060680 in lucky draw. Claim: bit.ly/AFKlPG,Spam,Hard_12
BEWARE OF FRAUD CALLS ASKING FOR CARD DETAILS. KOTAK OFFICIALS NEVER ASK FOR PIN OR CVV.,Bank,Bank_15
order od7271863419 packed and ready! expected dispatch by 03 jul. -zomato,Delivery,Delivery_8
Beware of fraud calls asking for card details. PNB officials never ask for PIN or CVV.,Bank,Bank_15
INR 656 cashback credited to your PhonePe wallet. Use on your next order.,Promo,Promo_21
Your credit card XX2113 statement is ready. Total due: INR 93371. Min due: INR 1738. -PNB,Bank,Bank_5
"Bro send me Rs.743 on gpay, will return by 05 Jul",Personal,Hard_5
Your  A/c XX8690 is debited with Rs.60225 on 24-02-26. Info: UPI-Praneel. Bal: Rs.109727,Bank,Bank_2
Your FD of Rs.61884 matures on 10-03-26. Renew or withdraw via netbanking. -HDFC Bank,Bank,Bank_14
your account statement for june is available. download from the icici bank app.,Bank,Bank_16
Delivered! Your BigBasket order OD9119105009 was delivered on 05 Jul. Rate your experience: bit.ly/EEqvnZ STOP to opt out,Delivery,Delivery_2
"Class shifted to room 6813, come fast",Personal,Hard_6
Qasim from DTDC is arriving with your package. Contact: +910554744948,Delivery,Delivery_6
CONVERT YOUR AXIS BANK CARD PURCHASE OF RS.613 INTO EASY EMIS AT 0% INTEREST. REPLY YES.,Promo,Promo_15
Enter 358956 to verify your mobile number for Paytm.,OTP,OTP_10
Tap to verify: 289410. This code expires shortly.,OTP,Hard_9
ALERT: Rs.23808 withdrawn from ATM using card XX8171 on 18-06-26. Bal: Rs.209987. -BOB,Bank,Bank_3
Exclusive for you! Buy 1 Get 1 FREE at BigBasket Limited period offer Visit bitly/CrtPts,Promo,Promo_3
Salary of Rs.37556 credited to A/c XX8618. Avl Bal: Rs.132413. -Axis Bank,Bank,Bank_7
RS.91762 CREDITED TO A/C XX2025 ON 14-02-26. AVL BAL: RS.282863. -AXIS BANK,Bank,Bank_1
Use 929164 to complete your Axis Bank registration Valid till 30 mins,OTP,OTP_4
  Your Amazon order OD8575742556 has been shipped via Ekart. Track: bit.ly/nlNMId,Delivery,Delivery_0
Flat Rs.262 cashback on your next order at Myntra. Use code SAVE43. Valid till 03 Jul.,Promo,Promo_2
G-380380 is your Google verification code.,OTP,OTP_12
Your BigBasket code: 132509,OTP,OTP_8
Order OD8430790798 packed and ready! Expected dispatch by 03 Jul -Zomato,Delivery,Delivery_8
Your credit card XX9235 statement is ready Total due: Rs.92155 Min due: Rs.4698 -ICICI Bank,Bank,Bank_5
RS.652 CASHBACK CREDITED TO YOUR PHONEPE WALLET. USE ON YOUR NEXT ORDER.,Promo,Promo_21
SNEHA FROM EKART IS ARRIVING WITH YOUR PACKAGE. CONTACT: 07366743428,Delivery,Delivery_6
Recharge  with Rs.456 & get 40% extra talktime. Offer valid today only!,Promo,Promo_5
"Never share your OTP, PIN or CVV. HDFC Bank never asks for these. Stay safe. T&C apply",Bank,Hard_3
order od1122609409 packed and ready! expected dispatch by 04 jul. -swiggy,Delivery,Delivery_8
Your Zomato order OD8680915573 has been shipped via Ekart. Track: bit.ly/CIzSSx -TM,Delivery,Delivery_0
Recharge  with Rs.1398 & get 30% extra talktime. Offer valid today only!,Promo,Promo_5
MEGA SALE! Get 40% OFF on all products at Meesho. Shop now: bit.ly/TiBAmc T&C apply.,Promo,Promo_0
Ur GPay code: 266330,OTP,OTP_8
ENTER 573448 TO VERIFY YOUR MOBILE NUMBER FOR MEESHO.,OTP,OTP_10
  Recharge with Rs.896 & get 30% extra talktime. Offer valid today only!,Promo,Promo_5
YOUR PAYTM CODE: 650558,OTP,OTP_8
Ur Jio pack expires tomorrow. Recharge with Rs.905 for 2GB/day + unlimited calls.,Promo,Promo_10
<#> 519885 is your Flipkart code. Valid 5 min. hA8sk2Lqp3,OTP,OTP_13
IRCTC: 268886 is your login OTP. It expires in 10 minutes.,OTP,OTP_6
Weekend special at Swiggy! Min 60% off on everything. Don't miss out: bit.ly/CKmogk,Promo,Promo_6
  Dear customer ur BOB account will be blocked! Update KYC now: bit.ly/vOtcXm,Spam,Hard_11
  Flat Rs.1705 cashback on your next order at Zomato. Use code SAVE89. Valid till 06 Jul.,Promo,Promo_2
Use 460879 to complete your Netflix registration. Valid till 15 mins.,OTP,OTP_4
kyc update pending for a/c xx3967. please visit your nearest kotak branch by 30-06-26 to avoid restrictions.,Bank,Bank_12
g-511453 is your google verification code.,OTP,OTP_12
  Loved your recent Myntra order? Reorder in 1 tap and get 50% off today.,Promo,Promo_22
Interest of Rs.48910 credited to your FD A/c XX8664. -PNB,Bank,Bank_9
Myntra: Your cart misses you! Complete purchase now & get 20% off. bit.ly/kSQCJd,Promo,Promo_4
Beware of fraud calls asking for card details. Kotak officials never ask for PIN or CVV.,Bank,Bank_15
AUTO-PAY OF RS.24072 TO OMKAAR IS SCHEDULED ON 30-03-26 FROM A/C XX2720. ENSURE SUFFICIENT BALANCE.,Bank,Bank_13
Data exhausted? Get 1.5GB extra with Rs.724 booster pack. Dial *121# or visit app.,Promo,Promo_11
rs.80589 credited to a/c xx6339 on 03-02-26. avl bal: rs.125295. -hdfc bank,Bank,Bank_1
Use 219021 to complete your Axis Bank registration. Valid till 30 mins. -TM,OTP,OTP_4
OTP-BASED LOGIN WAS ENABLED FOR YOUR A/C XX8474. CALL SBI IF THIS WASN'T YOU.,Bank,Hard_2
Your one time password is 115890 for Zomato. Please do not share it. T&C apply,OTP,OTP_5
You have 333 reward points expiring on 04 Jul. Redeem on BigBasket.,Promo,Promo_20
LOVED YOUR RECENT SWIGGY ORDER? REORDER IN 1 TAP AND GET 40% OFF TODAY.,Promo,Promo_22
Recharge  with Rs.123 & get 10% extra talktime. Offer valid today only!,Promo,Promo_5
Enter 530827 to verify your mobile number for Myntra.,OTP,OTP_10
"Hi Anika, unlock Rs.1095 off your first order at Swiggy with code NEW64.",Promo,Promo_7
Exclusive for you! Buy 1 Get 1 FREE at Flipkart. Limited period offer. Visit bit.ly/FuztFB,Promo,Promo_3
your credit card xx8264 statement is ready. total due: rs.294. min due: rs.2825. -icici bank,Bank,Bank_5
  Enter 465578 to verify your mobile number for Swiggy.,OTP,OTP_10
Your credit card XX8327 statement is ready. Total due: Rs.45723. Min due: Rs.4172. -SBI,Bank,Bank_5
Delivery attempt failed for order OD5786154004. We will retry tomorrow. -Delhivery,Delivery,Delivery_5
Your SonyLIV plan renews on 02 Jul at Rs.1734 Upgrade to 4K for Rs.698/month,Promo,Promo_18
Amazon: Your cart misses you! Complete purchase now & get 40% off. bit.ly/tStBNA,Promo,Promo_4
your order od3046095743 from amazon is arriving tomorrow. keep rs.3252 ready for cod.,Delivery,Delivery_3
Swiggy: Free delivery all weekend! Order your favourites now.,Promo,Promo_13
U have 1476 reward points expiring on 04 Jul. Redeem on Myntra.,Promo,Promo_20
Your HDFC Bank debit card XX8956 has been blocked due to suspicious activity. Visit branch or call 1800-XXX to unblock. -TM,Bank,Bank_11
  G-667458 is your Google verification code.,OTP,OTP_12
"Bro  send me Rs.4730 on gpay, will return by 02 Jul",Personal,Hard_5
Your return pickup for order OD6286811734 is scheduled on 06 Jul Keep the item ready -Myntra,Delivery,Delivery_7
Ekart:  Shipment OD8070528413 reached your city hub. Expected delivery: 06 Jul.,Delivery,Delivery_4
bluedart: shipment od5607091449 reached your city hub. expected delivery: 05 jul.,Delivery,Delivery_4
Use  code 9974 at checkout for 25% off at Zomato!,Promo,Hard_0
KYC update pending for A/c XX5262. Please visit your nearest Axis Bank branch by 09-01-26 to avoid restrictions.,Bank,Bank_12
Rs.64671 debited from A/c XX1286 on 28-05-26 to Theodore. Avl Bal: Rs.15976. -PNB,Bank,Bank_0
Delivery attempt failed for order OD7973981521. We will retry tomorrow. -DTDC,Delivery,Delivery_5
Cheque no. 839259255805 for Rs.20900 has been cleared from A/c XX6132. -Kotak,Bank,Bank_8
"hey, my new number is 01022451539. save it! meet at tonight?",Personal,Hard_4
your fd of rs.61241 matures on 26-04-26. renew or withdraw via netbanking. -kotak,Bank,Bank_14
Confirmation code 893558 for Hotstar. Keep it private.,OTP,OTP_11
Your Uber code: 7625,OTP,Hard_8
EMI  of Rs.40409 due on 24-03-26 for loan A/c XX7840. Pay now to avoid charges. -PNB,Bank,Bank_4
Loved your recent Myntra order? Reorder in 1 tap and get 40% off today.,Promo,Promo_22
Convert your SBI card purchase of Rs.1378 into easy EMIs at 0% interest. Reply YES.,Promo,Promo_15
G-383203  is your Google verification code.,OTP,OTP_12
Data exhausted? Get 1GB extra with Rs.730 booster pack. Dial *121# or visit app.,Promo,Promo_11
543659 is your OTP for Swiggy login. Valid for 2 minutes. Do not share with anyone.,OTP,OTP_0
Last day! BigBasket clearance sale ends tonight. Up to 30% off sitewide. -TM,Promo,Promo_8
Exclusive for you! Buy 1 Get 1 FREE at Swiggy. Limited period offer. Visit bit.ly/bkJyAg,Promo,Promo_3
Pre-approved! Get a BOB credit card with Rs.309800 limit Zero joining fee Apply: bitly/QEZgYL,Promo,Promo_14
Ur Airtel pack expires tomorrow. Recharge with Rs.1209 for 1GB/day + unlimited calls.,Promo,Promo_10
Salary of Rs.80123 credited to A/c XX1304 Avl Bal: Rs.11783 -ICICI Bank,Bank,Bank_7
Data exhausted? Get 1GB extra with Rs.402 booster pack. Dial *121# or visit app.,Promo,Promo_11
Enter 477992 to verify your mobile number for PhonePe.,OTP,OTP_10
Out for delivery: Your Zomato package OD4504989137 will arrive today by 6 PM. -XpressBees,Delivery,Delivery_1
Meesho: Your cart misses you! Complete purchase now & get 20% off bitly/SzBOxq,Promo,Promo_4
Work from home! Earn Rs.1049883/month. Join: bit.ly/PYvxSE,Spam,Hard_14
Beware of fraud calls asking for card details. Kotak officials never ask for PIN or CVV. STOP to opt out,Bank,Bank_15
Recharge with Rs.1257 & get 50% extra talktime. Offer valid today only!,Promo,Promo_5
Tap to verify: 175513. This code expires shortly.,OTP,Hard_9
"bro send me rs.780 on gpay, will return by 01 jul",Personal,Hard_5
Your OTP is 178922 Use it to verify your Meesho account Expires in 15 min,OTP,OTP_1
  471585 is your Amazon security code. Anyone asking for it is a scammer.,OTP,OTP_9
OTP: 954516 for txn of Rs.42752 at Paytm Do not share -SBI,OTP,OTP_2
Your Uber code: 9276 -TM,OTP,Hard_8
Congratulations! You won Rs.91784 in lucky draw. Claim: bit.ly/jlwXCI,Spam,Hard_12
ALERT: Rs.51442 withdrawn from ATM using card XX8352 on 03-04-26. Bal: Rs.241216. -Axis Bank,Bank,Bank_3
Items in your order history are back in stock at Amazon. Prices start Rs.1752.,Promo,Promo_23
recharge with rs.1624 & get 10% extra talktime. offer valid today only!,Promo,Promo_5
Auto-pay of Rs.59013 to Qasim is scheduled on 10-02-26 from A/c XX7731. Ensure sufficient balance.,Bank,Bank_13
G-659608 is your Google verification code.,OTP,OTP_12
Beware of fraud calls asking for card details. SBI officials never ask for PIN or CVV.,Bank,Bank_15
Data exhausted? Get 2GB extra with Rs.534 booster pack. Dial *121# or visit app.,Promo,Promo_11
Dear customer ur Kotak account will be blocked! Update KYC now: bit.ly/qqzwDE,Spam,Hard_11
Use  191765 to complete your Amazon registration. Valid till 30 mins.,OTP,OTP_4
  Recharge with Rs.1744 & get 20% extra talktime. Offer valid today only!,Promo,Promo_5
Swiggy: Free delivery all weekend! Order your favourites now.,Promo,Promo_13
Confirmation code 879442 for HDFC Bank. Keep it private.,OTP,OTP_11
Tap to verify: 782882. This code expires shortly.,OTP,Hard_9
flat rs.867 cashback on your next order at amazon. use code save67. valid till 03 jul.,Promo,Promo_2
Confirmation code 556643 for Meesho. Keep it private.,OTP,OTP_11
cheque no. 685400680058 for rs.9545 has been cleared from a/c xx8729. -pnb,Bank,Bank_8
  Rs.1443 cashback credited to your Paytm wallet. Use on your next order.,Promo,Promo_21
Your Prime Video plan renews on 01 Jul at Rs.1242. Upgrade to 4K for Rs.951/month. STOP to opt out,Promo,Promo_18
Your credit card XX5194 statement is ready Total due: Rs.84495 Min due: Rs.2092 -PNB,Bank,Bank_5
KYC update pending for A/c XX5759 Please visit your nearest HDFC Bank branch by 07-02-26 to avoid restrictions,Bank,Bank_12
UPI payment of Rs.64925 to Bhavna successful. UPI Ref: 804909035213. -HDFC Bank STOP to opt out,Bank,Bank_6
"Bro send me Rs.4346 on gpay, will return by 05 Jul",Personal,Hard_5
Your order OD2433715163 from Flipkart is arriving tomorrow. Keep Rs.4617 ready for COD.,Delivery,Delivery_3
  Use 867134 to complete your BigBasket registration. Valid till 15 mins.,OTP,OTP_4
Items in your order history are back in stock at BigBasket Prices start Rs.1870,Promo,Promo_23
Items in your order history are back in stock at Flipkart Prices start Rs.1942,Promo,Promo_23
"Class shifted to room 2058, come fast",Personal,Hard_6
Ur OTP is 522119. Use it to verify ur Uber account. Expires in 15 min.,OTP,OTP_1
OTP FOR DELIVERY OF ORDER OD5554033570 IS 4206. SHARE ONLY WITH THE DELIVERY AGENT. -XPRESSBEES,Delivery,Delivery_9
Confirmation code 310331 for PNB. Keep it private.,OTP,OTP_11
You have 401 reward points expiring on 06 Jul. Redeem on Flipkart.,Promo,Promo_20
277363 is your verification code for IRCTC. Never share your OTP.,OTP,OTP_3
Data exhausted? Get 3GB extra with Rs.876 booster pack. Dial *121# or visit app.,Promo,Promo_11
Delivered! Your Flipkart order OD3041378294 was delivered on 04 Jul. Rate your experience: bit.ly/YZeLnQ T&C apply,Delivery,Delivery_2
Congratulations! You won INR 2019183 in lucky draw. Claim: bit.ly/jdTWYY,Spam,Hard_12
  Pay Rs.1363 on delivery for order OD722756748. -BlueDart,Delivery,Hard_10
"your sbi health insurance renewal is due 02 jul. renew online, save 80% on premium.",Promo,Promo_24
"Never share your OTP, PIN or CVV. SBI never asks for these. Stay safe.",Bank,Hard_3
Order OD2602125569 packed and ready! Expected dispatch by 02 Jul. -Meesho,Delivery,Delivery_8
KYC update pending for A/c XX9847. Please visit your nearest BOB branch by 16-02-26 to avoid restrictions.,Bank,Bank_12
Interest of INR 27515 credited to your FD A/c XX2288. -ICICI Bank,Bank,Bank_9
MEGA SALE! Get 10% OFF on all products at Flipkart. Shop now: bit.ly/alqDCl T&C apply. STOP to opt out,Promo,Promo_0
Last  day! BigBasket clearance sale ends tonight. Up to 70% off sitewide.,Promo,Promo_8
Low balance alert: A/c XX3270 balance is Rs.85529. Maintain min balance to avoid charges.,Bank,Bank_10
Rs.35462 credited to A/c XX8131 on 27-03-26 Avl Bal: Rs.441313 -Axis Bank,Bank,Bank_1
KYC update pending for A/c XX4685. Please visit your nearest BOB branch by 12-03-26 to avoid restrictions. T&C apply,Bank,Bank_12
OTP for delivery of order OD5432818812 is 2396. Share only with the delivery agent. -Delhivery T&C apply,Delivery,Delivery_9
Use 245245 to complete your SBI registration. Valid till 30 mins.,OTP,OTP_4
Rs.75352  debited from A/c XX6093 on 06-02-26 to Rachana. Avl Bal: Rs.54465. -Kotak,Bank,Bank_0
"Bro send me Rs.599 on gpay, will return by 01 Jul",Personal,Hard_5
  Your OTP is 365271. Use it to verify your IRCTC account. Expires in 30 min.,OTP,OTP_1
Missed our shows? Come back to Hotstar at 50% off for 3 months. Resubscribe: bit.ly/GsyWSI,Promo,Promo_19
Ur A/c XX7741 is debited with Rs.84049 on 25-06-26. Info: UPI-Finn. Bal: Rs.401153,Bank,Bank_2
Loved your recent Zomato order? Reorder in 1 tap and get 30% off today.,Promo,Promo_22
  Last day! Flipkart clearance sale ends tonight. Up to 60% off sitewide.,Promo,Promo_8
EMI  of Rs.1013 due on 07-02-26 for loan A/c XX1688. Pay now to avoid charges. -BOB,Bank,Bank_4
  ALERT: Rs.79866 withdrawn from ATM using card XX1116 on 04-03-26. Bal: Rs.384481. -PNB,Bank,Bank_3
Items in your order history are back in stock at Meesho. Prices start Rs.1110.,Promo,Promo_23
BigBasket: Your cart misses you! Complete purchase now & get 80% off. bit.ly/NCMVbb -TM,Promo,Promo_4
Coupon 8563 gives you free delivery on orders above Rs.1669. -Zomato,Promo,Hard_1
Ur Axis Bank debit card XX1262 has been blocked due to suspicious activity. Visit branch or call 1800-XXX to unblock.,Bank,Bank_11
IRCTC: Special trains added for festive season. Book early & save up to 60%.,Promo,Promo_17
salary of rs.59302 credited to a/c xx7345. avl bal: rs.30283. -sbi,Bank,Bank_7
748687 is your verification code for bob. never share your otp.,OTP,OTP_3
Rs.79633 debited from A/c XX2720 on 06-03-26 to Ojasvi Avl Bal: Rs.302383 -ICICI Bank,Bank,Bank_0
YOUR A/C XX7709 IS DEBITED WITH RS.9181 ON 20-05-26. INFO: UPI-SHIVANI. BAL: RS.217543,Bank,Bank_2
  Use 400130 to complete your Zomato registration. Valid till 10 mins.,OTP,OTP_4
Weekend special at Amazon! Min 50% off on everything. Don't miss out: bit.ly/cpUTcc STOP to opt out,Promo,Promo_6
Tap to verify: 557369. This code expires shortly.,OTP,Hard_9
KYC update pending for A/c XX1683. Please visit ur nearest Axis Bank branch by 28-01-26 to avoid restrictions.,Bank,Bank_12
  Beware of fraud calls asking for card details. SBI officials never ask for PIN or CVV.,Bank,Bank_15
  You have 2673 reward points expiring on 03 Jul. Redeem on Amazon.,Promo,Promo_20
Rs.713 cashback credited to your Paytm wallet. Use on your next order.,Promo,Promo_21
FLAT RS.1312 CASHBACK ON YOUR NEXT ORDER AT MEESHO. USE CODE SAVE98. VALID TILL 05 JUL.,Promo,Promo_2
Ur credit card XX1557 statement is ready. Total due: Rs.14778. Min due: Rs.1812. -PNB,Bank,Bank_5
778967 is your GPay security code. Anyone asking for it is a scammer.,OTP,OTP_9
You have 4002 reward points expiring on 02 Jul. Redeem on Amazon.,Promo,Promo_20
Ur FD of Rs.51143 matures on 26-01-26. Renew or withdraw via netbanking. -BOB,Bank,Bank_14
Meesho: 450707 is your login OTP. It expires in 5 minutes.,OTP,OTP_6
Confirmation code 997059 for BOB Keep it private,OTP,OTP_11
Dear  customer ur HDFC Bank account will be blocked! Update KYC now: bit.ly/JJLntm,Spam,Hard_11
628822 - use this to sign in. Never share this code with anyone.,OTP,Hard_7
Data exhausted? Get 2GB extra with Rs.1455 booster pack. Dial *121# or visit app.,Promo,Promo_11
<#> 706711 is your Swiggy code. Valid 10 min. hA8sk2Lqp3,OTP,OTP_13
  Convert your PNB card purchase of Rs.1487 into easy EMIs at 0% interest. Reply YES.,Promo,Promo_15
Your FD of Rs.41687 matures on 20-01-26 Renew or withdraw via netbanking -ICICI Bank,Bank,Bank_14
delivery attempt failed for order od5196268790. we will retry tomorrow. -ekart,Delivery,Delivery_5
Your  BigBasket membership expires soon. Renew now & save 80%: bit.ly/OeGQKd,Promo,Promo_9
KYC update pending for A/c XX3650. Please visit your nearest ICICI Bank branch by 10-06-26 to avoid restrictions.,Bank,Bank_12
  Flight fares dropped! BLR-MAA from Rs.889. Book on MakeMyTrip before midnight.,Promo,Promo_16
Weekend special at Amazon! Min 20% off on everything. Don't miss out: bit.ly/YnWbJH,Promo,Promo_6
PRE-APPROVED! GET A ICICI BANK CREDIT CARD WITH RS.274800 LIMIT. ZERO JOINING FEE. APPLY: BIT.LY/HBMLSU,Promo,Promo_14
Your Myntra order OD3658273772 has been shipped via Delhivery. Track: bit.ly/PtIrZN,Delivery,Delivery_0
Order OD5185375762 packed and ready! Expected dispatch by 04 Jul. -Meesho STOP to opt out,Delivery,Delivery_8
Interest of Rs.2024 credited to your FD A/c XX3061. -SBI,Bank,Bank_9
  Confirmation code 64296 for Hotstar. Keep it private.,OTP,OTP_11
Exclusive for you! Buy 1 Get 1 FREE at Swiggy. Limited period offer. Visit bit.ly/hWVkXE,Promo,Promo_3
Use 976159 to complete your PNB registration. Valid till 2 mins.,OTP,OTP_4
MEESHO: 288374 IS YOUR LOGIN OTP. IT EXPIRES IN 30 MINUTES.,OTP,OTP_6
Your return pickup for order OD4679939600 is scheduled on 01 Jul. Keep the item ready. -Myntra,Delivery,Delivery_7
Delhivery: Shipment OD7837943745 reached ur city hub. Expected delivery: 01 Jul.,Delivery,Delivery_4
Items in your order history are back in stock at Myntra. Prices start Rs.1237.,Promo,Promo_23
EMI  of Rs.87779 due on 30-05-26 for loan A/c XX1727. Pay now to avoid charges. -BOB,Bank,Bank_4
Your Prime Video plan renews on 04 Jul at Rs.616. Upgrade to 4K for Rs.919/month.,Promo,Promo_18
Your credit card XX1661 statement is ready. Total due: Rs.46069. Min due: Rs.4358. -PNB,Bank,Bank_5
Your Meesho code: 11632,OTP,OTP_8
UPI payment of Rs.54454 to Pallavi successful. UPI Ref: 657233126705. -ICICI Bank,Bank,Bank_6
"Hi Xalak, unlock Rs.1600 off your first order at Swiggy with code NEW24.",Promo,Promo_7
Your ICICI Bank code: 54934,OTP,OTP_8
<#> 386379 is ur Amazon code. Valid 5 min. hA8sk2Lqp3,OTP,OTP_13
Loved  your recent Meesho order? Reorder in 1 tap and get 70% off today.,Promo,Promo_22
  Flight fares dropped! HYD-MAA from Rs.577. Book on MakeMyTrip before midnight.,Promo,Promo_16
Coupon 2312 gives you free delivery on orders above Rs.4261. -BigBasket,Promo,Hard_1
  Flipkart Big Billion Days! Up to 20% off + extra 10% with Kotak cards. Hurry!,Promo,Promo_1
Ur Flipkart order OD6823268553 has been shipped via Ekart. Track: bit.ly/UbMZei,Delivery,Delivery_0
Low balance alert: A/c XX8493 balance is Rs.122437 Maintain min balance to avoid charges,Bank,Bank_10
Myntra: Your cart misses you! Complete purchase now & get 10% off bitly/eAkREM,Promo,Promo_4
Enter 709563 to verify your mobile number for Netflix.,OTP,OTP_10
  <#> 628883 is your Hotstar code. Valid 30 min. hA8sk2Lqp3,OTP,OTP_13
OTP-based login was enabled for your A/c XX5610 Call SBI if this wasn't you,Bank,Hard_2
YOUR UBER CODE: 697525,OTP,OTP_8
  29427 - use this code to sign in to PhonePe. Never share it with anyone.,OTP,OTP_7
Order OD5414936579 packed and ready! Expected dispatch by 01 Jul. -Meesho STOP to opt out,Delivery,Delivery_8
Your one time password is 107239 for PNB Please do not share it,OTP,OTP_5
your zomato membership expires soon. renew now & save 60%: bit.ly/jirgbe,Promo,Promo_9
Data exhausted? Get 1GB extra with INR 1859 booster pack. Dial *121# or visit app.,Promo,Promo_11
Auto-pay of Rs.85104 to Raghav is scheduled on 20-03-26 from A/c XX6322. Ensure sufficient balance.,Bank,Bank_13
Confirmation code 539678 for IRCTC. Keep it private.,OTP,OTP_11
KYC update pending for A/c XX8631. Please visit ur nearest PNB branch by 28-02-26 to avoid restrictions.,Bank,Bank_12
out for delivery: your meesho package od9312912355 will arrive today by 3 pm. -ekart,Delivery,Delivery_1
Confirmation code 410559 for Kotak. Keep it private.,OTP,OTP_11
<#> 695365 is your Zomato code. Valid 10 min. hA8sk2Lqp3,OTP,OTP_13
G-921598 is your Google verification code.,OTP,OTP_12
479158 is your BigBasket security code. Anyone asking for it is a scammer. T&C apply,OTP,OTP_9
  Your credit card XX3920 statement is ready. Total due: Rs.91259. Min due: Rs.901. -HDFC Bank,Bank,Bank_5
Dear customer ur Axis Bank account will be blocked! Update KYC now: bit.ly/zdLMSx,Spam,Hard_11
Rs.71555 credited to A/c XX7313 on 02-05-26. Avl Bal: Rs.75475. -PNB,Bank,Bank_1
Rs.76848 credited to A/c XX4649 on 04-06-26. Avl Bal: Rs.91556. -Axis Bank,Bank,Bank_1
"class shifted to room 9327, come fast",Personal,Hard_6
"Never share your OTP, PIN or CVV. PNB never asks for these. Stay safe.",Bank,Hard_3
Tap to verify: 767126 This code expires shortly,OTP,Hard_9
OTP for delivery of order OD3850702203 is 6187. Share only with the delivery agent. -Ekart,Delivery,Delivery_9
Your return pickup for order OD1629554448 is scheduled on 03 Jul. Keep the item ready. -Zomato,Delivery,Delivery_7
weekend special at swiggy! min 40% off on everything. don't miss out: bit.ly/rtkesu,Promo,Promo_6
Your  A/c XX3337 is debited with Rs.16324 on 13-04-26. Info: UPI-Raksha. Bal: Rs.334542,Bank,Bank_2
OTP for delivery of order OD5085997691 is 1033 Share only with the delivery agent -XpressBees,Delivery,Delivery_9
Interest of Rs.90461 credited to your FD A/c XX7014. -ICICI Bank -TM,Bank,Bank_9
OTP: 742525 for txn of Rs.49482 at Meesho. Do not share. -ICICI Bank,OTP,OTP_2
Enter 393144 to verify your mobile number for Paytm.,OTP,OTP_10
Pre-approved! Get a ICICI Bank credit card with Rs.281467 limit. Zero joining fee. Apply: bit.ly/IpUuLW,Promo,Promo_14
Work from home! Earn Rs.655979/month. Join: bit.ly/BAliLc,Spam,Hard_14
  Last day! BigBasket clearance sale ends tonight. Up to 30% off sitewide.,Promo,Promo_8
Confirmation code 756783 for BOB. Keep it private.,OTP,OTP_11
G-459611  is your Google verification code.,OTP,OTP_12
Your account statement for August is available Download from the Kotak app,Bank,Bank_16
Order OD6346578795 packed and ready! Expected dispatch by 02 Jul -Meesho,Delivery,Delivery_8
YOUR AIRTEL PACK EXPIRES TOMORROW. RECHARGE WITH RS.638 FOR 3GB/DAY + UNLIMITED CALLS.,Promo,Promo_10
OTP-based login was enabled for your A/c XX2675. Call PNB if this wasn't you.,Bank,Hard_2
YOU HAVE 3838 REWARD POINTS EXPIRING ON 04 JUL. REDEEM ON MYNTRA.,Promo,Promo_20
Your return pickup for order OD8650009551 is scheduled on 06 Jul Keep the item ready -Amazon,Delivery,Delivery_7
low balance alert: a/c xx9626 balance is rs.221693. maintain min balance to avoid charges.,Bank,Bank_10
CONFIRMATION CODE 308303 FOR GPAY. KEEP IT PRIVATE.,OTP,OTP_11
"  Never share your OTP, PIN or CVV. BOB never asks for these. Stay safe.",Bank,Hard_3
"Bro send me Rs.4583 on gpay, will return by 03 Jul",Personal,Hard_5
Ur A/c XX1149 is debited with Rs.50208 on 17-04-26. Info: UPI-Wishi. Bal: Rs.274361,Bank,Bank_2
use 252567 to complete your hdfc bank registration. valid till 15 mins.,OTP,OTP_4
Delivered! Your Amazon order OD9074958947 was delivered on 04 Jul Rate your experience: bitly/noBMKY,Delivery,Delivery_2
Loved your recent Zomato order? Reorder in 1 tap and get 40% off today.,Promo,Promo_22
Delivered! Your Meesho order OD3848483364 was delivered on 02 Jul. Rate your experience: bit.ly/aHcoDZ,Delivery,Delivery_2
YOUR MYNTRA ORDER OD7954387249 HAS BEEN SHIPPED VIA DELHIVERY. TRACK: BIT.LY/FGUKYT,Delivery,Delivery_0
