text,label,source,is_hard,template_id,label_id
Salary of Rs.63739 credited to A/c XX9298. Avl Bal: Rs.433799. -BOB,Bank,synthetic,False,Bank_7,1
"Hmmm.... Mayb can try e shoppin area one, but forgot e name of hotel...",Personal,uci,False,,5
BigBasket: Ur cart misses you! Complete purchase now & get 60% off. bit.ly/HWSJAn,Promo,synthetic,False,Promo_4,2
622465 - use this to sign in. Never share this code with anyone.,OTP,synthetic,True,Hard_7,0
  Out for delivery: Your BigBasket package OD2147924317 will arrive today by 9 PM. -XpressBees,Delivery,synthetic,False,Delivery_1,3
Horrible bf... I now v hungry...,Personal,uci,False,,5
your order od7306519487 from swiggy is arriving tomorrow. keep rs.946 ready for cod.,Delivery,synthetic,False,Delivery_3,3
FLIGHT FARES DROPPED! BOM-LKO FROM RS.398. BOOK ON GOIBIBO BEFORE MIDNIGHT.,Promo,synthetic,False,Promo_16,2
Your one time password is 762269 for PNB. Please do not share it.,OTP,synthetic,False,OTP_5,0
Delivery attempt failed for order OD6043745204. We will retry tomorrow. -Delhivery,Delivery,synthetic,False,Delivery_5,3
YOUR FD OF RS.25927 MATURES ON 22-02-26. RENEW OR WITHDRAW VIA NETBANKING. -SBI,Bank,synthetic,False,Bank_14,1
DEAR CUSTOMER UR HDFC BANK ACCOUNT WILL BE BLOCKED! UPDATE KYC NOW: BIT.LY/EDGVFI,Spam,synthetic,True,Hard_11,4
Enter 480659 to verify your mobile number for PhonePe.,OTP,synthetic,False,OTP_10,0
Your Kotak debit card XX8405 has been blocked due to suspicious activity. Visit branch or call 1800-XXX to unblock.,Bank,synthetic,False,Bank_11,1
Just woke up. Yeesh its late. But I didn't fall asleep til &lt;#&gt; am :/,Personal,uci,False,,5
YOUR BIGBASKET ORDER OD9463763904 HAS BEEN SHIPPED VIA DTDC. TRACK: BIT.LY/XNSCBQ,Delivery,synthetic,False,Delivery_0,3
"sure, but make sure he knows we ain't smokin yet",Personal,uci,False,,5
Auto-pay of Rs.35474 to Yashasvi is scheduled on 01-04-26 from A/c XX2662. Ensure sufficient balance.,Bank,synthetic,False,Bank_13,1
Dear customer ur Kotak account will be blocked! Update KYC now: bit.ly/XwxEID,Spam,synthetic,True,Hard_11,4
Sai from DTDC is arriving with your package. Contact: +910891391031,Delivery,synthetic,False,Delivery_6,3
Exclusive for you! Buy 1 Get 1 FREE at Meesho. Limited period offer. Visit bit.ly/ZrxNbb STOP to opt out,Promo,synthetic,False,Promo_3,2
"09066362231 URGENT! Your mobile No 07xxxxxxxxx won a £2,000 bonus caller prize on 02/06/03! this is the 2nd attempt to reach YOU! call 09066362231 ASAP!",Spam,uci,False,,4
UPI payment of Rs.15589 to Ekaraj successful. UPI Ref: 942906626802. -SBI,Bank,synthetic,False,Bank_6,1
"sir, you will receive the account no another 1hr time. Sorry for the delay.",Personal,uci,False,,5
Neva mind it's ok..,Personal,uci,False,,5
"Urgent Urgent! We have 800 FREE flights to Europe to give away, call B4 10th Sept & take a friend 4 FREE. Call now to claim on 09050000555. BA128NNFWFLY150ppm",Spam,uci,False,,4
Use 148160 to complete your Amazon registration Valid till 10 mins,OTP,synthetic,False,OTP_4,0
"This is the 2nd time we have tried 2 contact u. U have won the 750 Pound prize. 2 claim is easy, call 08712101358 NOW! Only 10p per min. BT-national-rate",Spam,uci,False,,4
Rs.229 cashback credited to ur PhonePe wallet. Use on ur next order.,Promo,synthetic,False,Promo_21,2
"* Was really good to see you the other day dudette, been missing you!",Personal,uci,False,,5
Oh ok.. Wat's ur email?,Personal,uci,False,,5
Dun need to use dial up juz open da browser n surf...,Personal,uci,False,,5
Yay! You better not have told that to 5 other girls either.,Personal,uci,False,,5
They released vday shirts and when u put it on it makes your bottom half naked instead of those white underwear.,Personal,uci,False,,5
Dude avatar 3d was imp. At one point i thought there were actually flies in the room and almost tried hittng one as a reflex,Personal,uci,False,,5
  Your Uber code: 2554,OTP,synthetic,True,Hard_8,0
Dare i ask... Any luck with sorting out the car?,Personal,uci,False,,5
Pay  Rs.3366 on delivery for order OD258030726. -Delhivery,Delivery,synthetic,True,Hard_10,3
flight fares dropped! blr-lko from rs.1910. book on goibibo before midnight.,Promo,synthetic,False,Promo_16,2
your credit card xx4390 statement is ready. total due: rs.1348. min due: rs.918. -axis bank,Bank,synthetic,False,Bank_5,1
EMI of Rs.98244 due on 04-03-26 for loan A/c XX7957. Pay now to avoid charges. -HDFC Bank -TM,Bank,synthetic,False,Bank_4,1
No. 1 Nokia Tone 4 ur mob every week! Just txt NOK to 87021. 1st Tone FREE ! so get txtin now and tell ur friends. 150p/tone. 16 reply HL 4info,Spam,uci,False,,4
Ill be at yours in about 3 mins but look out for me,Personal,uci,False,,5
571670 is your OTP for ICICI Bank login. Valid for 5 minutes. Do not share with anyone.,OTP,synthetic,False,OTP_0,0
Interest  of Rs.46063 credited to your FD A/c XX7837. -Axis Bank,Bank,synthetic,False,Bank_9,1
475846  is your Ola security code. Anyone asking for it is a scammer.,OTP,synthetic,False,OTP_9,0
Convert your SBI card purchase of INR 1722 into easy EMIs at 0% interest. Reply YES.,Promo,synthetic,False,Promo_15,2
wamma get laid?want real doggin locations sent direct to your mobile? join the UKs largest dogging network. txt dogs to 69696 now!nyt. ec2a. 3lp £1.50/msg.,Spam,uci,False,,4
Convert your Axis Bank card purchase of Rs.1380 into easy EMIs at 0% interest. Reply YES.,Promo,synthetic,False,Promo_15,2
Work from home! Earn Rs.558484/month. Join: bit.ly/angKlQ,Spam,synthetic,True,Hard_14,4
EMI  of Rs.84080 due on 11-05-26 for loan A/c XX8268. Pay now to avoid charges. -ICICI Bank,Bank,synthetic,False,Bank_4,1
Items in your order history are back in stock at Flipkart. Prices start Rs.431.,Promo,synthetic,False,Promo_23,2
K then 2marrow are you coming to class.,Personal,uci,False,,5
Oh :-)only 4 outside players allowed to play know,Personal,uci,False,,5
Flight fares dropped! BOM-LKO from Rs.93. Book on MakeMyTrip before midnight.,Promo,synthetic,False,Promo_16,2
Going for dinner.msg you after.,Personal,uci,False,,5
That's my honeymoon outfit. :),Personal,uci,False,,5
Your Flipkart membership expires soon Renew now & save 20%: bitly/bznYWR,Promo,synthetic,False,Promo_9,2
"Cool, I'll text you when I'm on the way",Personal,uci,False,,5
Use code 4972 at checkout for 10% off at Swiggy!,Promo,synthetic,True,Hard_0,2
Your order OD6705895122 from Swiggy is arriving tomorrow. Keep Rs.3888 ready for COD.,Delivery,synthetic,False,Delivery_3,3
Your SonyLIV plan renews on 01 Jul at Rs.1693. Upgrade to 4K for Rs.897/month. -TM,Promo,synthetic,False,Promo_18,2
  852241 - use this to sign in. Never share this code with anyone.,OTP,synthetic,True,Hard_7,0
"Never share your OTP, PIN or CVV HDFC Bank never asks for these Stay safe",Bank,synthetic,True,Hard_3,1
No need to ke qi... Ü too bored izzit y suddenly thk of this...,Personal,uci,False,,5
last day! amazon clearance sale ends tonight. up to 20% off sitewide.,Promo,synthetic,False,Promo_8,2
YOUR CREDIT CARD XX5731 STATEMENT IS READY. TOTAL DUE: RS.41250. MIN DUE: RS.1672. -AXIS BANK,Bank,synthetic,False,Bank_5,1
Your Netflix plan renews on 01 Jul at INR 193. Upgrade to 4K for INR 946/month.,Promo,synthetic,False,Promo_18,2
K go and sleep well. Take rest:-).,Personal,uci,False,,5
Missed our shows? Come back to Netflix at 50% off for 3 months. Resubscribe: bit.ly/sjgLjY,Promo,synthetic,False,Promo_19,2
201897 - use this to sign in Never share this code with anyone,OTP,synthetic,True,Hard_7,0
I love you. You set my soul on fire. It is not just a spark. But it is a flame. A big rawring flame. XoXo,Personal,uci,False,,5
  Tap to verify: 670489. This code expires shortly.,OTP,synthetic,True,Hard_9,0
Huh? 6 also cannot? Then only how many mistakes?,Personal,uci,False,,5
You have 4629 reward points expiring on 05 Jul. Redeem on Meesho.,Promo,synthetic,False,Promo_20,2
This weekend is fine (an excuse not to do too much decorating),Personal,uci,False,,5
Your FD of Rs.44750 matures on 07-02-26 Renew or withdraw via netbanking -PNB,Bank,synthetic,False,Bank_14,1
I'm coming back on Thursday. Yay. Is it gonna be ok to get the money. Cheers. Oh yeah and how are you. Everything alright. Hows school. Or do you call it work now,Personal,uci,False,,5
Order OD2472233887 packed and ready! Expected dispatch by 06 Jul. -Flipkart,Delivery,synthetic,False,Delivery_8,3
"Its ok., i just askd did u knw tht no?",Personal,uci,False,,5
Cheque  no. 595620665537 for Rs.13708 has been cleared from A/c XX4165. -BOB,Bank,synthetic,False,Bank_8,1
PRIVATE! Your 2003 Account Statement for 07973788240 shows 800 un-redeemed S. I. M. points. Call 08715203649 Identifier Code: 40533 Expires 31/10/04,Spam,uci,False,,4
Swiggy: Your cart misses you! Complete purchase now & get 20% off. bit.ly/RIxlxB,Promo,synthetic,False,Promo_4,2
700269 IS YOUR VERIFICATION CODE FOR AMAZON. NEVER SHARE YOUR OTP.,OTP,synthetic,False,OTP_3,0
Oh and by the way you do have more food in your fridge! Want to go out for a meal tonight? ,Personal,uci,False,,5
How much did ur hdd casing cost.,Personal,uci,False,,5
Congratulations! You won INR 1890468 in lucky draw. Claim: bit.ly/zBENZc,Spam,synthetic,True,Hard_12,4
Your one time password is 155947 for Kotak Please do not share it,OTP,synthetic,False,OTP_5,0
You didnt complete your gist oh.,Personal,uci,False,,5
Do u still have plumbers tape and a wrench we could borrow?,Personal,uci,False,,5
Enter 589764 to verify ur mobile number for Amazon.,OTP,synthetic,False,OTP_10,0
Your Vi pack expires tomorrow. Recharge with Rs.611 for 2GB/day + unlimited calls.,Promo,synthetic,False,Promo_10,2
Not sure I have the stomach for it ...,Personal,uci,False,,5
Your order OD1619082946 from Flipkart is arriving tomorrow Keep Rs.2774 ready for COD,Delivery,synthetic,False,Delivery_3,3
phonepe: 870634 is your login otp. it expires in 2 minutes.,OTP,synthetic,False,OTP_6,0
You know my old Dom I told you about yesterday ? His name is Roger? He got in touch with me last night and wants me to meet him today at 2 pm,Personal,uci,False,,5
"I dont knw pa, i just drink milk..",Personal,uci,False,,5
373338 - use this to sign in. Never share this code with anyone.,OTP,synthetic,True,Hard_7,0
Home so we can always chat,Personal,uci,False,,5
RS.91336 CREDITED TO A/C XX5757 ON 04-07-26. AVL BAL: RS.244861. -SBI,Bank,synthetic,False,Bank_1,1
Mm have some kanji dont eat anything heavy ok,Personal,uci,False,,5
Ok... Let u noe when i leave my house.,Personal,uci,False,,5
Your order OD3184289473 from Meesho is arriving tomorrow. Keep Rs.1644 ready for COD.,Delivery,synthetic,False,Delivery_3,3
Ü log off 4 wat. It's sdryb8i,Personal,uci,False,,5
U have a Secret Admirer who is looking 2 make contact with U-find out who they R*reveal who thinks UR so special-call on 09065171142-stopsms-08,Spam,uci,False,,4
Your  credit card XX9364 statement is ready. Total due: Rs.42688. Min due: Rs.4515. -HDFC Bank,Bank,synthetic,False,Bank_5,1
Ur Vi pack expires tomorrow. Recharge with Rs.906 for 3GB/day + unlimited calls.,Promo,synthetic,False,Promo_10,2
YOU HAVE 1819 REWARD POINTS EXPIRING ON 02 JUL. REDEEM ON FLIPKART.,Promo,synthetic,False,Promo_20,2
"Probably gonna be here for a while, see you later tonight &lt;)",Personal,uci,False,,5
  Data exhausted? Get 1GB extra with Rs.605 booster pack. Dial *121# or visit app.,Promo,synthetic,False,Promo_11,2
DEAR CUSTOMER UR ICICI BANK ACCOUNT WILL BE BLOCKED! UPDATE KYC NOW: BIT.LY/MMYXEP,Spam,synthetic,True,Hard_11,4
Thinking of u ;) x,Personal,uci,False,,5
Darren was saying dat if u meeting da ge den we dun meet 4 dinner. Cos later u leave xy will feel awkward. Den u meet him 4 lunch lor.,Personal,uci,False,,5
110094 is ur OTP for Netflix login. Valid for 15 minutes. Do not share with anyone.,OTP,synthetic,False,OTP_0,0
EMI of Rs.2173 due on 16-03-26 for loan A/c XX1788. Pay now to avoid charges. -PNB,Bank,synthetic,False,Bank_4,1
677558 is your Ola security code. Anyone asking for it is a scammer.,OTP,synthetic,False,OTP_9,0
"Hi Yashodhara, unlock Rs.1873 off your first order at Zomato with code NEW47.",Promo,synthetic,False,Promo_7,2
You made my day. Do have a great day too.,Personal,uci,False,,5
"Oops - am at my mum's in somerset... Bit far! Back tomo, see you soon x",Personal,uci,False,,5
Why de. You looking good only:-)..,Personal,uci,False,,5
Cheque  no. 505335261991 for Rs.80227 has been cleared from A/c XX8679. -ICICI Bank,Bank,synthetic,False,Bank_8,1
Have a good trip. Watch out for . Remember when you get back we must decide about easter.,Personal,uci,False,,5
Missed our shows? Come back to Netflix at 50% off for 3 months. Resubscribe: bit.ly/UybEDK,Promo,synthetic,False,Promo_19,2
Paytm: 493621 is ur login OTP. It expires in 15 minutes.,OTP,synthetic,False,OTP_6,0
"  Hey, my new number is +917585540148. Save it! Meet at 6pm?",Personal,synthetic,True,Hard_4,5
"Hi Jon, Pete here, Ive bin 2 Spain recently & hav sum dinero left, Bill said u or ur rents mayb interested in it, I hav 12,000pes, so around £48, tb, James.",Personal,uci,False,,5
Alex knows a guy who sells mids but he's down in south tampa and I don't think I could set it up before like 8,Personal,uci,False,,5
G-100073 is your Google verification code.,OTP,synthetic,False,OTP_12,0
"Lol, oh you got a friend for the dog ?",Personal,uci,False,,5
  Flight fares dropped! HYD-PNQ from Rs.1305. Book on Goibibo before midnight.,Promo,synthetic,False,Promo_16,2
59577 is your Zomato security code. Anyone asking for it is a scammer.,OTP,synthetic,False,OTP_9,0
K come to nordstrom when you're done,Personal,uci,False,,5
2marrow only. Wed at  &lt;#&gt;  to 2 aha.,Personal,uci,False,,5
Order OD7279569213 packed and ready! Expected dispatch by 03 Jul. -Flipkart,Delivery,synthetic,False,Delivery_8,3
BigBasket Big Billion Days! Up to 70% off + extra 10% with PNB cards. Hurry!,Promo,synthetic,False,Promo_1,2
"Dear,Me at cherthala.in case u r coming cochin pls call bfore u start.i shall also reach accordingly.or tell me which day u r coming.tmorow i am engaged ans its holiday.",Personal,uci,False,,5
Enter  346381 to verify your mobile number for BigBasket.,OTP,synthetic,False,OTP_10,0
IRCTC: Special trains added for festive season Book early & save up to 10%,Promo,synthetic,False,Promo_17,2
You're not sure that I'm not trying to make xavier smoke because I don't want to smoke after being told I smoke too much?,Personal,uci,False,,5
88101  is your verification code for ICICI Bank. Never share your OTP.,OTP,synthetic,False,OTP_3,0
KYC update pending for A/c XX2984 Please visit your nearest Kotak branch by 06-02-26 to avoid restrictions,Bank,synthetic,False,Bank_12,1
"Hi Agastya, unlock Rs.1443 off your first order at Zomato with code NEW45.",Promo,synthetic,False,Promo_7,2
Your credit card XX4854 statement is ready. Total due: Rs.4103. Min due: Rs.4183. -BOB,Bank,synthetic,False,Bank_5,1
Want to finally have lunch today?,Personal,uci,False,,5
Missed our shows? Come back to Prime Video at 50% off for 3 months. Resubscribe: bit.ly/eKZUEV,Promo,synthetic,False,Promo_19,2
U’ve Bin Awarded £50 to Play 4 Instant Cash. Call 08715203028 To Claim. EVERY 9th Player Wins Min £50-£500. OptOut 08718727870,Spam,uci,False,,4
Work from home! Earn Rs.914482/month Join: bitly/ixtGfH,Spam,synthetic,True,Hard_14,4
"Hi  Brinda, unlock Rs.785 off your first order at Meesho with code NEW54.",Promo,synthetic,False,Promo_7,2
What time is ur flight tmr?,Personal,uci,False,,5
You give us back my id proof and  &lt;#&gt;  rs. We wont allow you to work. We will come to your home within days,Personal,uci,False,,5
Fffff. Can you text kadeem or are you too far gone,Personal,uci,False,,5
Your BigBasket order OD1815694376 has been shipped via XpressBees. Track: bit.ly/uDhWcV STOP to opt out,Delivery,synthetic,False,Delivery_0,3
Not able to do anything.,Personal,uci,False,,5
Recharge with Rs.1359 & get 20% extra talktime. Offer valid today only!,Promo,synthetic,False,Promo_5,2
505661 is your Ola security code. Anyone asking for it is a scammer.,OTP,synthetic,False,OTP_9,0
"HI QADIM, UNLOCK RS.542 OFF YOUR FIRST ORDER AT MYNTRA WITH CODE NEW71.",Promo,synthetic,False,Promo_7,2
OTP for delivery of order OD5391169182 is 2439. Share only with the delivery agent. -DTDC,Delivery,synthetic,False,Delivery_9,3
Cheque no. 334579034324 for Rs.2993 has been cleared from A/c XX2372. -PNB STOP to opt out,Bank,synthetic,False,Bank_8,1
UPI payment of Rs.49791 to Sathvik successful. UPI Ref: 178858144789. -Axis Bank,Bank,synthetic,False,Bank_6,1
You are a great role model. You are giving so much and i really wish each day for a miracle but God as a reason for everything and i must say i wish i knew why but i dont. I've looked up to you since i was young and i still do. Have a great day.,Personal,uci,False,,5
Last day! Flipkart clearance sale ends tonight. Up to 80% off sitewide.,Promo,synthetic,False,Promo_8,2
Yes its possible but dint try. Pls dont tell to any one k,Personal,uci,False,,5
Recharge with Rs.1481 & get 50% extra talktime. Offer valid today only!,Promo,synthetic,False,Promo_5,2
Height of recycling: Read twice- People spend time for earning money and the same money is spent for spending time!;-) Good morning.. keep smiling:-),Personal,uci,False,,5
Your  Amazon order OD8458016188 has been shipped via DTDC. Track: bit.ly/cqEgQC,Delivery,synthetic,False,Delivery_0,3
Rs.26484 debited from A/c XX8492 on 15-03-26 to Harita. Avl Bal: Rs.60171. -PNB,Bank,synthetic,False,Bank_0,1
Your  A/c XX1326 is debited with Rs.30934 on 10-06-26. Info: UPI-Nirja. Bal: Rs.315186,Bank,synthetic,False,Bank_2,1
Low balance alert: A/c XX7907 balance is Rs.228077. Maintain min balance to avoid charges.,Bank,synthetic,False,Bank_10,1
Studying. But i.ll be free next weekend.,Personal,uci,False,,5
"FreeMsg Hey there darling it's been 3 week's now and no word back! I'd like some fun you up for it still? Tb ok! XxX std chgs to send, £1.50 to rcv",Spam,uci,False,,4
Rs.21439 debited from A/c XX4129 on 09-03-26 to Zinal. Avl Bal: Rs.453508. -HDFC Bank,Bank,synthetic,False,Bank_0,1
Order OD9691861982 packed and ready! Expected dispatch by 04 Jul. -Zomato,Delivery,synthetic,False,Delivery_8,3
You should change your fb to jaykwon thuglyfe falconerf,Personal,uci,False,,5
Work  from home! Earn Rs.1020969/month. Join: bit.ly/nbHobZ,Spam,synthetic,True,Hard_14,4
Order OD4482624005 packed and ready! Expected dispatch by 01 Jul. -Zomato,Delivery,synthetic,False,Delivery_8,3
"Haha awesome, I've been to 4u a couple times. Who all's coming?",Personal,uci,False,,5
  Order OD6212574647 packed and ready! Expected dispatch by 04 Jul. -Swiggy,Delivery,synthetic,False,Delivery_8,3
361680  - use this code to sign in to SBI. Never share it with anyone.,OTP,synthetic,False,OTP_7,0
You have 4457 reward points expiring on 05 Jul. Redeem on BigBasket.,Promo,synthetic,False,Promo_20,2
INTEREST OF RS.23575 CREDITED TO YOUR FD A/C XX8596. -AXIS BANK,Bank,synthetic,False,Bank_9,1
"Hello, my love! How goes that day ? I wish your well and fine babe and hope that you find some job prospects. I miss you, boytoy ... *a teasing kiss*",Personal,uci,False,,5
Siva is in hostel aha:-.,Personal,uci,False,,5
Your Swiggy membership expires soon. Renew now & save 10%: bit.ly/COJAGY,Promo,synthetic,False,Promo_9,2
"URGENT! Your mobile was awarded a £1,500 Bonus Caller Prize on 27/6/03. Our final attempt 2 contact U! Call 08714714011",Spam,uci,False,,4
Ur Meesho membership expires soon. Renew now & save 10%: bit.ly/ImYojo,Promo,synthetic,False,Promo_9,2
"Wn u r hurt by d prsn who s close 2 u, do fight wit dem. Coz somtimes dis fight saves a relation bt being quiet leaves nothin in a relation.. Gud eveB-)",Personal,uci,False,,5
Your Amazon code: 511578,OTP,synthetic,False,OTP_8,0
Did you show him and wot did he say or could u not c him 4 dust?,Personal,uci,False,,5
Hungry?  Get 20% off up to Rs.1769 on your next 3 orders. Code: EAT67. -Zomato,Promo,synthetic,False,Promo_12,2
Me too! Have a lovely night xxx,Personal,uci,False,,5
422933 - use this code to sign in to SBI. Never share it with anyone.,OTP,synthetic,False,OTP_7,0
Your A/c XX8433 is debited with Rs.42084 on 20-01-26. Info: UPI-Ridhi. Bal: Rs.113838,Bank,synthetic,False,Bank_2,1
Delivered! Your BigBasket order OD6929347989 was delivered on 03 Jul. Rate your experience: bit.ly/xKzwOl,Delivery,synthetic,False,Delivery_2,3
Today my system sh get ready.all is well and i am also in the deep well,Personal,uci,False,,5
U 2.,Personal,uci,False,,5
Order OD4810456820 packed and ready! Expected dispatch by 06 Jul. -Zomato,Delivery,synthetic,False,Delivery_8,3
  Qabil from BlueDart is arriving with your package. Contact: 7481615502,Delivery,synthetic,False,Delivery_6,3
Thanks for looking out for me. I really appreciate.,Personal,uci,False,,5
EMI of INR 14777 due on 28-06-26 for loan A/c XX4733. Pay now to avoid charges. -HDFC Bank,Bank,synthetic,False,Bank_4,1
916728 IS YOUR OTP FOR UBER LOGIN. VALID FOR 10 MINUTES. DO NOT SHARE WITH ANYONE.,OTP,synthetic,False,OTP_0,0
Flipkart Big Billion Days! Up to 50% off + extra 10% with BOB cards. Hurry!,Promo,synthetic,False,Promo_1,2
Your Uber code: 8972,OTP,synthetic,True,Hard_8,0
Your  order OD7876917610 from BigBasket is arriving tomorrow. Keep Rs.469 ready for COD.,Delivery,synthetic,False,Delivery_3,3
UPI payment of Rs.8520 to Urvashi successful. UPI Ref: 597272182017. -BOB T&C apply,Bank,synthetic,False,Bank_6,1
DELIVERY ATTEMPT FAILED FOR ORDER OD3288126720. WE WILL RETRY TOMORROW. -BLUEDART,Delivery,synthetic,False,Delivery_5,3
kyc update pending for a/c xx8875. please visit your nearest sbi branch by 20-06-26 to avoid restrictions.,Bank,synthetic,False,Bank_12,1
Yar... I tot u knew dis would happen long ago already.,Personal,uci,False,,5
Just getting back home,Personal,uci,False,,5
Missed our shows? Come back to Prime Video at 50% off for 3 months. Resubscribe: bit.ly/wvbaSB,Promo,synthetic,False,Promo_19,2
Myntra Big Billion Days! Up to 80% off + extra 10% with HDFC Bank cards Hurry!,Promo,synthetic,False,Promo_1,2
Tap to verify: 318830. This code expires shortly. -TM,OTP,synthetic,True,Hard_9,0
Customer place i will call you.,Personal,uci,False,,5
On ma way to school. Can you pls send me ashley's number,Personal,uci,False,,5
Ur A/c XX4968 is debited with Rs.1994 on 05-06-26. Info: UPI-Jack. Bal: Rs.88016,Bank,synthetic,False,Bank_2,1
Rs.69391 debited from A/c XX7274 on 05-02-26 to Anika. Avl Bal: Rs.175977. -SBI,Bank,synthetic,False,Bank_0,1
Dont you have message offer,Personal,uci,False,,5
Hungry? Get 50% off up to Rs.618 on your next 3 orders. Code: EAT40. -Swiggy,Promo,synthetic,False,Promo_12,2
ALRITE SAM ITS NIC JUST CHECKIN THAT THIS IS UR NUMBER-SO IS IT?T.B*,Personal,uci,False,,5
Out for delivery: Your Swiggy package OD3923504950 will arrive today by 9 PM. -XpressBees,Delivery,synthetic,False,Delivery_1,3
"Ya ok, vikky vl c witin  &lt;#&gt; mins and il reply u..",Personal,uci,False,,5
Interest of Rs.24081 credited to your FD A/c XX2577. -PNB T&C apply,Bank,synthetic,False,Bank_9,1
142129 is your verification code for Amazon. Never share your OTP.,OTP,synthetic,False,OTP_3,0
Out for delivery: Your Amazon package OD7166197172 will arrive today by 12 PM -DTDC,Delivery,synthetic,False,Delivery_1,3
Your A/c XX4799 is debited with Rs.91751 on 03-07-26 Info: UPI-Lipika Bal: Rs.312769,Bank,synthetic,False,Bank_2,1
Oh unintentionally not bad timing. Great. Fingers  the trains play along! Will give fifteen min warning.,Personal,uci,False,,5
"Hmm ok, i'll stay for like an hour cos my eye is really sore!",Personal,uci,False,,5
MEGA SALE! GET 70% OFF ON ALL PRODUCTS AT AMAZON. SHOP NOW: BIT.LY/JOLETJ T&C APPLY.,Promo,synthetic,False,Promo_0,2
I'm thinking that chennai forgot to come for auction..,Personal,uci,False,,5
Your Airtel pack expires tomorrow. Recharge with Rs.1155 for 3GB/day + unlimited calls.,Promo,synthetic,False,Promo_10,2
"TODAY is Sorry day.! If ever i was angry with you, if ever i misbehaved or hurt you? plz plz JUST SLAP URSELF Bcoz, Its ur fault, I'm basically GOOD",Personal,uci,False,,5
I'm always on yahoo messenger now. Just send the message to me and i.ll get it you may have to send it in the mobile mode sha but i.ll get it. And will reply.,Personal,uci,False,,5
EMI of Rs.28033 due on 30-03-26 for loan A/c XX8994. Pay now to avoid charges. -Kotak,Bank,synthetic,False,Bank_4,1
"SIX chances to win CASH! From 100 to 20,000 pounds txt> CSH11 and send to 87575. Cost 150p/day, 6days, 16+ TsandCs apply Reply HL 4 info",Spam,uci,False,,4
Salary of Rs.73192 credited to A/c XX8453 Avl Bal: Rs.243761 -Axis Bank,Bank,synthetic,False,Bank_7,1
Idea will soon get converted to live:),Personal,uci,False,,5
Carlos says he'll be at mu in  &lt;#&gt;  minutes,Personal,uci,False,,5
So how's the weather over there?,Personal,uci,False,,5
OTP for delivery of order OD8720529904 is 9975. Share only with the delivery agent. -Delhivery,Delivery,synthetic,False,Delivery_9,3
PAY RS.4496 ON DELIVERY FOR ORDER OD173504348. -DTDC,Delivery,synthetic,True,Hard_10,3
"I guess that's why you re worried. You must know that there's a way the body repairs itself. And i'm quite sure you shouldn't worry. We'll take it slow. First the tests, they will guide when your ovulation is then just relax. Nothing you've said is a reason to worry but i.ll keep on followin you up.",Personal,uci,False,,5
hi baby im cruisin with my girl friend what r u up 2? give me a call in and hour at home if thats alright or fone me on this fone now love jenny xxx,Personal,uci,False,,5
"Yeah I should be able to, I'll text you when I'm ready to meet up",Personal,uci,False,,5
Auto-pay of Rs.32006 to Jason is scheduled on 18-02-26 from A/c XX7243 Ensure sufficient balance,Bank,synthetic,False,Bank_13,1
Hello. Damn this christmas thing. I think i have decided to keep this mp3 that doesnt work.,Personal,uci,False,,5
"Erm... Woodland avenue somewhere. Do you get the parish magazine, his telephone number will be in there.",Personal,uci,False,,5
Thanks honey. Have a great day.,Personal,uci,False,,5
Its  &lt;#&gt; k here oh. Should i send home for sale.,Personal,uci,False,,5
Pls what's the full name of joke's school cos fees in university of florida seem to actually be  &lt;#&gt; k. Pls holla back,Personal,uci,False,,5
PAY RS.3704 ON DELIVERY FOR ORDER OD213173234. -DTDC,Delivery,synthetic,True,Hard_10,3
Use code 1387 at checkout for 10% off at Swiggy!,Promo,synthetic,True,Hard_0,2
22194 is your OTP for ICICI Bank login. Valid for 2 minutes. Do not share with anyone.,OTP,synthetic,False,OTP_0,0
Paytm: 229480 is your login OTP It expires in 2 minutes,OTP,synthetic,False,OTP_6,0
use 125787 to complete your phonepe registration. valid till 10 mins.,OTP,synthetic,False,OTP_4,0
Then why you not responding,Personal,uci,False,,5
I don't know but I'm raping dudes at poker,Personal,uci,False,,5
Low balance alert: A/c XX3593 balance is INR 432982. Maintain min balance to avoid charges.,Bank,synthetic,False,Bank_10,1
Ur one time password is 315960 for IRCTC. Please do not share it.,OTP,synthetic,False,OTP_5,0
Low balance alert: A/c XX3354 balance is Rs.218126 Maintain min balance to avoid charges,Bank,synthetic,False,Bank_10,1
Rs.44003 credited to A/c XX4248 on 30-01-26. Avl Bal: Rs.305305. -Kotak,Bank,synthetic,False,Bank_1,1
My slave! I want you to take 2 or 3 pictures of yourself today in bright light on your cell phone! Bright light!,Personal,uci,False,,5
814484 - USE THIS TO SIGN IN. NEVER SHARE THIS CODE WITH ANYONE.,OTP,synthetic,True,Hard_7,0
I sent you  &lt;#&gt;  bucks,Personal,uci,False,,5
I wanted to ask ü to wait 4 me to finish lect. Cos my lect finishes in an hour anyway.,Personal,uci,False,,5
Swiggy Big Billion Days! Up to 60% off + extra 10% with Kotak cards. Hurry!,Promo,synthetic,False,Promo_1,2
<#> 159656 is your HDFC Bank code. Valid 5 min. hA8sk2Lqp3,OTP,synthetic,False,OTP_13,0
Urgent Ur £500 guaranteed award is still unclaimed! Call 09066368327 NOW closingdate04/09/02 claimcode M39M51 £1.50pmmorefrommobile2Bremoved-MobyPOBox734LS27YF,Spam,uci,False,,4
WARJAS FROM DTDC IS ARRIVING WITH YOUR PACKAGE. CONTACT: +915225357811,Delivery,synthetic,False,Delivery_6,3
OTP for delivery of order OD6799398007 is 4881. Share only with the delivery agent. -Ekart,Delivery,synthetic,False,Delivery_9,3
Rs.1046  cashback credited to your Amazon Pay wallet. Use on your next order.,Promo,synthetic,False,Promo_21,2
No wonder... Cos i dun rem seeing a silver car... But i thk i saw a black one...,Personal,uci,False,,5
Last  day! BigBasket clearance sale ends tonight. Up to 30% off sitewide.,Promo,synthetic,False,Promo_8,2
Work from home! Earn Rs.994807/month. Join: bit.ly/UqyRzy,Spam,synthetic,True,Hard_14,4
No I'm in the same boat. Still here at my moms. Check me out on yo. I'm half naked.,Personal,uci,False,,5
Low  balance alert: A/c XX4439 balance is Rs.465127. Maintain min balance to avoid charges.,Bank,synthetic,False,Bank_10,1
Is it your yahoo boys that bring in the perf? Or legal.,Personal,uci,False,,5
emi of rs.62561 due on 23-02-26 for loan a/c xx6331. pay now to avoid charges. -axis bank,Bank,synthetic,False,Bank_4,1
He said i look pretty wif long hair wat. But i thk he's cutting quite short 4 me leh.,Personal,uci,False,,5
Your credit card XX3748 statement is ready. Total due: Rs.59071. Min due: Rs.2863. -PNB,Bank,synthetic,False,Bank_5,1
I need details about that online job.,Personal,uci,False,,5
Good day to You too.Pray for me.Remove the teeth as its painful maintaining other stuff.,Personal,uci,False,,5
"Hi Laban, unlock Rs.1231 off your first order at Meesho with code NEW42.",Promo,synthetic,False,Promo_7,2
Your Zomato membership expires soon. Renew now & save 80%: bit.ly/huqAvU,Promo,synthetic,False,Promo_9,2
383135 is your OTP for Ola login Valid for 10 minutes Do not share with anyone,OTP,synthetic,False,OTP_0,0
BigBasket:  Your cart misses you! Complete purchase now & get 80% off. bit.ly/nzeCgf,Promo,synthetic,False,Promo_4,2
Host-based IDPS for linux systems.,Personal,uci,False,,5
Haha... They cant what... At the most tmr forfeit... haha so how?,Personal,uci,False,,5
"Storming msg: Wen u lift d phne, u say ""HELLO"" Do u knw wt is d real meaning of HELLO?? . . . It's d name of a girl..! . . . Yes.. And u knw who is dat girl?? ""Margaret Hello"" She is d girlfrnd f Grahmbell who invnted telphone... . . . . Moral:One can 4get d name of a person, bt not his girlfrnd... G o o d n i g h t . . .@",Personal,uci,False,,5
Ur order OD6706537832 from Meesho is arriving tomorrow. Keep Rs.4567 ready for COD.,Delivery,synthetic,False,Delivery_3,3
Do ü all wan 2 meet up n combine all the parts? How's da rest of da project going?,Personal,uci,False,,5
"Yo, you around? Just got my car back",Personal,uci,False,,5
I dont know what to do to come out of this so only am ask questions like this dont mistake me.,Personal,uci,False,,5
Recharge  with Rs.461 & get 20% extra talktime. Offer valid today only!,Promo,synthetic,False,Promo_5,2
Missed our shows? Come back to Netflix at 50% off for 3 months. Resubscribe: bit.ly/WQlvOR T&C apply,Promo,synthetic,False,Promo_19,2
How i noe... Did ü specify da domain as nusstu... Ü still in sch...,Personal,uci,False,,5
Yo do you know anyone  &lt;#&gt;  or otherwise able to buy liquor? Our guy flaked and right now if we don't get a hold of somebody its just 4 loko all night,Personal,uci,False,,5
Data exhausted? Get 1GB extra with Rs.1618 booster pack. Dial *121# or visit app.,Promo,synthetic,False,Promo_11,2
last day! zomato clearance sale ends tonight. up to 70% off sitewide.,Promo,synthetic,False,Promo_8,2
Recharge with Rs.388 & get 20% extra talktime. Offer valid today only!,Promo,synthetic,False,Promo_5,2
74240 - use this code to sign in to ICICI Bank. Never share it with anyone.,OTP,synthetic,False,OTP_7,0
Now press conference da:),Personal,uci,False,,5
What not under standing.,Personal,uci,False,,5
Recharge with Rs.766 & get 50% extra talktime. Offer valid today only!,Promo,synthetic,False,Promo_5,2
ENTER 319018 TO VERIFY YOUR MOBILE NUMBER FOR IRCTC.,OTP,synthetic,False,OTP_10,0
Low balance alert: A/c XX2615 balance is Rs.335500. Maintain min balance to avoid charges.,Bank,synthetic,False,Bank_10,1
MEGA SALE! Get 30% OFF on all products at Zomato. Shop now: bit.ly/vrhtkx T&C apply.,Promo,synthetic,False,Promo_0,2
613634  is your Netflix security code. Anyone asking for it is a scammer.,OTP,synthetic,False,OTP_9,0
Your order OD7484589551 from Zomato is arriving tomorrow. Keep Rs.533 ready for COD.,Delivery,synthetic,False,Delivery_3,3
920613 - use this code to sign in to hdfc bank. never share it with anyone.,OTP,synthetic,False,OTP_7,0
Your Jio pack expires tomorrow. Recharge with INR 630 for 1GB/day + unlimited calls.,Promo,synthetic,False,Promo_10,2
I just really need shit before tomorrow and I know you won't be awake before like 6,Personal,uci,False,,5
  Delivery attempt failed for order OD1162525741. We will retry tomorrow. -DTDC,Delivery,synthetic,False,Delivery_5,3
"No my blankets are sufficient, thx",Personal,uci,False,,5
Would me smoking you out help us work through this difficult time,Personal,uci,False,,5
128072 - use this to sign in Never share this code with anyone,OTP,synthetic,True,Hard_7,0
Your Hotstar plan renews on 05 Jul at Rs.575. Upgrade to 4K for Rs.863/month.,Promo,synthetic,False,Promo_18,2
"Haha awesome, omw back now then",Personal,uci,False,,5
Your Jio pack expires tomorrow. Recharge with Rs.1258 for 2GB/day + unlimited calls.,Promo,synthetic,False,Promo_10,2
your credit card xx3444 statement is ready. total due: rs.59863. min due: rs.810. -sbi,Bank,synthetic,False,Bank_5,1
No message..no responce..what happend?,Personal,uci,False,,5
Myntra Big Billion Days! Up to 20% off + extra 10% with PNB cards. Hurry!,Promo,synthetic,False,Promo_1,2
COUPON 6055 GIVES YOU FREE DELIVERY ON ORDERS ABOVE RS.560. -BIGBASKET,Promo,synthetic,True,Hard_1,2
"Haven't seen my facebook, huh? Lol!",Personal,uci,False,,5
"Aight, can you text me the address?",Personal,uci,False,,5
YOUR UBER CODE: 4130,OTP,synthetic,True,Hard_8,0
Cheque no. 728628780156 for Rs.49463 has been cleared from A/c XX1201. -HDFC Bank,Bank,synthetic,False,Bank_8,1
YOUR ICICI BANK DEBIT CARD XX6967 HAS BEEN BLOCKED DUE TO SUSPICIOUS ACTIVITY. VISIT BRANCH OR CALL 1800-XXX TO UNBLOCK.,Bank,synthetic,False,Bank_11,1
Zomato: Your cart misses you! Complete purchase now & get 80% off. bit.ly/ZRkgcK,Promo,synthetic,False,Promo_4,2
280297 is your Myntra security code. Anyone asking for it is a scammer. -TM,OTP,synthetic,False,OTP_9,0
Use 132354 to complete your ICICI Bank registration. Valid till 15 mins.,OTP,synthetic,False,OTP_4,0
Flipkart: 697317 is your login OTP. It expires in 5 minutes.,OTP,synthetic,False,OTP_6,0
Missed our shows? Come back to Prime Video at 50% off for 3 months Resubscribe: bitly/DGVpxY,Promo,synthetic,False,Promo_19,2
  Your credit card XX6809 statement is ready. Total due: Rs.85618. Min due: Rs.798. -Kotak,Bank,synthetic,False,Bank_5,1
Your Uber code: 9952,OTP,synthetic,True,Hard_8,0
Fyi I'm gonna call you sporadically starting at like  &lt;#&gt;  bc we are not not doin this shit,Personal,uci,False,,5
Interest of Rs.20379 credited to your FD A/c XX9194. -BOB,Bank,synthetic,False,Bank_9,1
"Hurry up, I've been weed-deficient for like three days",Personal,uci,False,,5
Tell me they're female :V how're you throwing in? We're deciding what all to get now,Personal,uci,False,,5
Hai ana tomarrow am coming on morning.  &lt;DECIMAL&gt;  ill be there in sathy then we ll go to RTO office. Reply me after came to home.,Personal,uci,False,,5
Your Amazon order OD4507702342 has been shipped via Delhivery. Track: bit.ly/bnIWVd,Delivery,synthetic,False,Delivery_0,3
Congratulations! U won Rs.765811 in lucky draw. Claim: bit.ly/ogAYMU,Spam,synthetic,True,Hard_12,4
UR awarded a City Break and could WIN a £200 Summer Shopping spree every WK. Txt STORE to 88039 . SkilGme. TsCs087147403231Winawk!Age16 £1.50perWKsub,Spam,uci,False,,4
Use code 5550 at checkout for 10% off at Swiggy! T&C apply,Promo,synthetic,True,Hard_0,2
I‘ll have a look at the frying pan in case it‘s cheap or a book perhaps. No that‘s silly a frying pan isn‘t likely to be a book,Personal,uci,False,,5
U buy newspapers already?,Personal,uci,False,,5
OTP for delivery of order OD6531985725 is 8418. Share only with the delivery agent. -XpressBees,Delivery,synthetic,False,Delivery_9,3
Swiggy: Your cart misses you! Complete purchase now & get 60% off. bit.ly/IuYwEA,Promo,synthetic,False,Promo_4,2
BigBasket: Your cart misses you! Complete purchase now & get 20% off. bit.ly/MhjhTr,Promo,synthetic,False,Promo_4,2
congratulations! you won rs.1399292 in lucky draw. claim: bit.ly/qbvtxk,Spam,synthetic,True,Hard_12,4
"Come round, it's . ",Personal,uci,False,,5
KYC update pending for A/c XX7927. Please visit your nearest Axis Bank branch by 13-03-26 to avoid restrictions.,Bank,synthetic,False,Bank_12,1
Your FD of Rs.72412 matures on 02-02-26. Renew or withdraw via netbanking. -HDFC Bank,Bank,synthetic,False,Bank_14,1
Coupon 2832 gives you free delivery on orders above Rs.1913. -Meesho,Promo,synthetic,True,Hard_1,2
Your Kotak debit card XX6101 has been blocked due to suspicious activity. Visit branch or call 1800-XXX to unblock.,Bank,synthetic,False,Bank_11,1
If You mean the website. Yes.,Personal,uci,False,,5
Do u konw waht is rael FRIENDSHIP Im gving yuo an exmpel: Jsut ese tihs msg.. Evrey splleing of tihs msg is wrnog.. Bt sitll yuo can raed it wihtuot ayn mitsake.. GOODNIGHT &amp; HAVE A NICE SLEEP..SWEET DREAMS..,Personal,uci,False,,5
You're right I have now that I think about it,Personal,uci,False,,5
269719 is your verification code for GPay. Never share your OTP.,OTP,synthetic,False,OTP_3,0
"Cool, we shall go and see, have to go to tip anyway. Are you at home, got something to drop in later? So lets go to town tonight! Maybe mum can take us in.",Personal,uci,False,,5
PRIVATE! Your 2003 Account Statement for shows 800 un-redeemed S. I. M. points. Call 08715203652 Identifier Code: 42810 Expires 29/10/0,Spam,uci,False,,4
Ur ICICI Bank debit card XX3478 has been blocked due to suspicious activity. Visit branch or call 1800-XXX to unblock.,Bank,synthetic,False,Bank_11,1
Congratulations! You won Rs.759106 in lucky draw Claim: bitly/LOgeol,Spam,synthetic,True,Hard_12,4
You have 1359 reward points expiring on 01 Jul. Redeem on Swiggy.,Promo,synthetic,False,Promo_20,2
G-255030 is your Google verification code.,OTP,synthetic,False,OTP_12,0
Your one time password is 724194 for Ola Please do not share it,OTP,synthetic,False,OTP_5,0
Lmao but its so fun...,Personal,uci,False,,5
Recharge  with Rs.825 & get 40% extra talktime. Offer valid today only!,Promo,synthetic,False,Promo_5,2
YOUR A/C XX2127 IS DEBITED WITH RS.58833 ON 08-02-26. INFO: UPI-JAGAT. BAL: RS.471204,Bank,synthetic,False,Bank_2,1
order od9249009450 packed and ready! expected dispatch by 02 jul. -myntra,Delivery,synthetic,False,Delivery_8,3
Please call our customer service representative on FREEPHONE 0808 145 4742 between 9am-11pm as you have WON a guaranteed £1000 cash or £5000 prize!,Spam,uci,False,,4
"I can. But it will tell quite long, cos i haven't finish my film yet...",Personal,uci,False,,5
I havent lei.. Next mon can?,Personal,uci,False,,5
"Hi Charvi, unlock Rs.1123 off your first order at BigBasket with code NEW18. -TM",Promo,synthetic,False,Promo_7,2
Work from home! Earn Rs.2303398/month Join: bitly/QTYXTX,Spam,synthetic,True,Hard_14,4
Your order OD9015386817 from Zomato is arriving tomorrow Keep Rs.632 ready for COD,Delivery,synthetic,False,Delivery_3,3
Your Zomato code: 967937,OTP,synthetic,False,OTP_8,0
YOUR BIGBASKET MEMBERSHIP EXPIRES SOON. RENEW NOW & SAVE 50%: BIT.LY/MDYOYY,Promo,synthetic,False,Promo_9,2
Your Netflix plan renews on 06 Jul at Rs.801. Upgrade to 4K for Rs.437/month. T&C apply,Promo,synthetic,False,Promo_18,2
Your PNB code: 123371,OTP,synthetic,False,OTP_8,0
Ur cash-balance is currently 500 pounds - to maximize ur cash-in now send GO to 86688 only 150p/msg. CC 08718720201 HG/Suite342/2Lands Row/W1J6HL,Spam,uci,False,,4
"No shit, but I wasn't that surprised, so I went and spent the evening with that french guy I met in town here and we fooled around a bit but I didn't let him fuck me",Personal,uci,False,,5
Hi Princess! Thank you for the pics. You are very pretty. How are you?,Personal,uci,False,,5
Flipkart: Your cart misses you! Complete purchase now & get 10% off. bit.ly/Lfypsg,Promo,synthetic,False,Promo_4,2
Auto-pay of Rs.7469 to Nihal is scheduled on 24-03-26 from A/c XX9151. Ensure sufficient balance.,Bank,synthetic,False,Bank_13,1
Use 789287 to complete ur BOB registration. Valid till 10 mins.,OTP,synthetic,False,OTP_4,0
Dunno lei... I might b eatin wif my frens... If ü wan to eat then i wait 4 ü lar,Personal,uci,False,,5
"U've been selected to stay in 1 of 250 top British hotels - FOR NOTHING! Holiday valued at £350! Dial 08712300220 to claim - National Rate Call. Bx526, SW73SS",Spam,uci,False,,4
Out for delivery: Your BigBasket package OD8495465561 will arrive today by 12 PM. -Delhivery,Delivery,synthetic,False,Delivery_1,3
Your one time password is 911756 for BOB. Please do not share it.,OTP,synthetic,False,OTP_5,0
OTP for delivery of order OD5327901488 is 9549. Share only with the delivery agent. -BlueDart,Delivery,synthetic,False,Delivery_9,3
Convert your Axis Bank card purchase of Rs.355 into easy EMIs at 0% interest. Reply YES.,Promo,synthetic,False,Promo_15,2
From someone not to smoke when every time I've smoked in the last two weeks is because of you calling or texting me that you wanted to smoke,Personal,uci,False,,5
Cheque no. 273853554958 for Rs.13198 has been cleared from A/c XX6929. -Axis Bank,Bank,synthetic,False,Bank_8,1
excellent. I spent  &lt;#&gt;  years in the Air Force. Iraq and afghanistan. I am stable and honest. do you like traveling?,Personal,uci,False,,5
INTEREST OF RS.9952 CREDITED TO YOUR FD A/C XX9823. -SBI,Bank,synthetic,False,Bank_9,1
Congratulations! U won Rs.439986 in lucky draw. Claim: bit.ly/sNelfB,Spam,synthetic,True,Hard_12,4
"URGENT! Your Mobile No. was awarded £2000 Bonus Caller Prize on 5/9/03 This is our final try to contact U! Call from Landline 09064019788 BOX42WR29C, 150PPM",Spam,uci,False,,4
Last  day! Swiggy clearance sale ends tonight. Up to 80% off sitewide.,Promo,synthetic,False,Promo_8,2
"Hey, my new number is 05936576520. Save it! Meet at 8?",Personal,synthetic,True,Hard_4,5
K.k:)i'm going to tirunelvali this week to see my uncle ..i already spend the amount by taking dress .so only i want money.i will give it on feb 1,Personal,uci,False,,5
Well there's a pattern emerging of my friends telling me to drive up and come smoke with them and then telling me that I'm a weed fiend/make them smoke too much/impede their doing other things so you see how I'm hesitant,Personal,uci,False,,5
Hungry? Get 50% off up to Rs.1754 on your next 3 orders. Code: EAT68. -Swiggy,Promo,synthetic,False,Promo_12,2
Then ur physics get a-?,Personal,uci,False,,5
INTERFLORA - It's not too late to order Interflora flowers for christmas call 0800 505060 to place your order before Midnight tomorrow.,Spam,uci,False,,4
Your Uber code: 3660,OTP,synthetic,True,Hard_8,0
Exclusive for you! Buy 1 Get 1 FREE at BigBasket. Limited period offer. Visit bit.ly/XIdpVG,Promo,synthetic,False,Promo_3,2
Your Hotstar plan renews on 05 Jul at INR 818. Upgrade to 4K for INR 589/month.,Promo,synthetic,False,Promo_18,2
Delivery attempt failed for order OD1306793719. We will retry tomorrow. -DTDC,Delivery,synthetic,False,Delivery_5,3
Your one time password is 321050 for Netflix. Please do not share it.,OTP,synthetic,False,OTP_5,0
Your credit card XX8053 statement is ready Total due: Rs.87688 Min due: Rs.1777 -HDFC Bank,Bank,synthetic,False,Bank_5,1
Todays Voda numbers ending with 7634 are selected to receive a £350 reward. If you have a match please call 08712300220 quoting claim code 7684 standard rates apply.,Spam,uci,False,,4
Your one time password is 360967 for Meesho. Please do not share it.,OTP,synthetic,False,OTP_5,0
Is there a reason we've not spoken this year? Anyways have a great week and all the best in your exam,Personal,uci,False,,5
Loved your recent Amazon order? Reorder in 1 tap and get 40% off today.,Promo,synthetic,False,Promo_22,2
"Never share your OTP, PIN or CVV. ICICI Bank never asks for these. Stay safe.",Bank,synthetic,True,Hard_3,1
"Nah man, my car is meant to be crammed full of people",Personal,uci,False,,5
"Better than bb. If he wont use it, his wife will or them doctor",Personal,uci,False,,5
You have 3536 reward points expiring on 02 Jul. Redeem on Flipkart.,Promo,synthetic,False,Promo_20,2
Ishita from BlueDart is arriving with your package. Contact: 00258975458,Delivery,synthetic,False,Delivery_6,3
Your  Prime Video plan renews on 02 Jul at Rs.1339. Upgrade to 4K for Rs.870/month.,Promo,synthetic,False,Promo_18,2
Tap to verify: 359437. This code expires shortly.,OTP,synthetic,True,Hard_9,0
Order OD2332046898 packed and ready! Expected dispatch by 04 Jul. -Meesho,Delivery,synthetic,False,Delivery_8,3
Ur Airtel pack expires tomorrow. Recharge with Rs.215 for 2GB/day + unlimited calls.,Promo,synthetic,False,Promo_10,2
"Well imma definitely need to restock before thanksgiving, I'll let you know when I'm out",Personal,uci,False,,5
You have WON a guaranteed £1000 cash or a £2000 prize. To claim yr prize call our customer service representative on 08714712379 between 10am-7pm Cost 10p,Spam,uci,False,,4
You will go to walmart. I.ll stay.,Personal,uci,False,,5
<#> 384453 is your PNB code Valid 10 min hA8sk2Lqp3,OTP,synthetic,False,OTP_13,0
  EMI of Rs.3191 due on 07-03-26 for loan A/c XX2728. Pay now to avoid charges. -Axis Bank,Bank,synthetic,False,Bank_4,1
Jokin only lar... :-) depends on which phone my father can get lor...,Personal,uci,False,,5
I accidentally deleted the message. Resend please.,Personal,uci,False,,5
KYC UPDATE PENDING FOR A/C XX8271. PLEASE VISIT YOUR NEAREST BOB BRANCH BY 07-04-26 TO AVOID RESTRICTIONS.,Bank,synthetic,False,Bank_12,1
Your Flipkart membership expires soon. Renew now & save 20%: bit.ly/dMFQKw,Promo,synthetic,False,Promo_9,2
Rs.36703 credited to A/c XX1965 on 22-03-26. Avl Bal: Rs.422902. -HDFC Bank,Bank,synthetic,False,Bank_1,1
Your FD of INR 84913 matures on 29-01-26. Renew or withdraw via netbanking. -SBI,Bank,synthetic,False,Bank_14,1
Out for delivery: Ur Amazon package OD2119729524 will arrive today by 3 PM. -BlueDart,Delivery,synthetic,False,Delivery_1,3
UPI payment of Rs.70247 to Saumya successful. UPI Ref: 147639161105. -PNB,Bank,synthetic,False,Bank_6,1
"Hi Ayush, unlock Rs.1979 off your first order at Myntra with code NEW82.",Promo,synthetic,False,Promo_7,2
Boo. How's things? I'm back at home and a little bored already :-(,Personal,uci,False,,5
"Tyler (getting an 8th) has to leave not long after 9, can you get here in like an hour?",Personal,uci,False,,5
Ok lor... But buy wat?,Personal,uci,False,,5
Missed our shows? Come back to SonyLIV at 50% off for 3 months. Resubscribe: bit.ly/rJRrCy,Promo,synthetic,False,Promo_19,2
"Sir, Waiting for your mail.",Personal,uci,False,,5
Your Swiggy code: 834013,OTP,synthetic,False,OTP_8,0
"no, i *didn't* mean to post it. I wrote it, and like so many other times i've ritten stuff to you, i let it sit there. it WAS what i was feeling at the time. I was angry. Before i left, i hit send, then stop. It wasn't there. I checked on my phone when i got to my car. It wasn't there. You said you didn't sleep, you were bored. So why wouldn't THAT be the time to clean, fold laundry, etc.? At least make the bed?",Personal,uci,False,,5
important information 4 orange user . today is your lucky day!2find out why log onto http://www.urawinner.com THERE'S A FANTASTIC SURPRISE AWAITING YOU!,Spam,uci,False,,4
work from home! earn rs.1751565/month. join: bit.ly/pqyxuu,Spam,synthetic,True,Hard_14,4
G-646704 is your Google verification code.,OTP,synthetic,False,OTP_12,0
No I don't have cancer. Moms making a big deal out of a regular checkup aka pap smear,Personal,uci,False,,5
RS.48392 DEBITED FROM A/C XX2885 ON 12-04-26 TO TANISH. AVL BAL: RS.361789. -SBI,Bank,synthetic,False,Bank_0,1
K..k:)how much does it cost?,Personal,uci,False,,5
1Apple/Day=No Doctor. 1Tulsi Leaf/Day=No Cancer. 1Lemon/Day=No Fat. 1Cup Milk/day=No Bone Problms 3 Litres Watr/Day=No Diseases Snd ths 2 Whom U Care..:-),Personal,uci,False,,5
pay rs.973 on delivery for order od131577039. -dtdc,Delivery,synthetic,True,Hard_10,3
Swiggy Big Billion Days! Up to 60% off + extra 10% with BOB cards. Hurry!,Promo,synthetic,False,Promo_1,2
What happened in interview?,Personal,uci,False,,5
The hair cream has not been shipped.,Personal,uci,False,,5
Ha! I wouldn't say that I just didn't read anything into way u seemed. I don't like 2 be judgemental....i save that for fridays in the pub!,Personal,uci,False,,5
Call to the number which is available in appointment. And ask to connect the call to waheed fathima.,Personal,uci,False,,5
I need... Coz i never go before ,Personal,uci,False,,5
Someone U know has asked our dating service 2 contact you! Cant Guess who? CALL 09058091854 NOW all will be revealed. PO BOX385 M6 6WU,Spam,uci,False,,4
"Think ur smart ? Win £200 this week in our weekly quiz, text PLAY to 85222 now!T&Cs WinnersClub PO BOX 84, M26 3UZ. 16+. GBP1.50/week",Spam,uci,False,,4
OTP for delivery of order OD6268564519 is 4557. Share only with the delivery agent. -Delhivery,Delivery,synthetic,False,Delivery_9,3
Your one time password is 942951 for Paytm. Please do not share it.,OTP,synthetic,False,OTP_5,0
YOUR A/C XX6871 IS DEBITED WITH RS.29798 ON 03-04-26. INFO: UPI-URISHILLA. BAL: RS.182685,Bank,synthetic,False,Bank_2,1
UPI payment of Rs.33874 to Samarth successful. UPI Ref: 745720735402. -Axis Bank,Bank,synthetic,False,Bank_6,1
Mobile Club: Choose any of the top quality items for your mobile. 7cfca1a,Spam,uci,False,,4
Hungry? Get 60% off up to Rs.620 on ur next 3 orders. Code: EAT50. -Zomato,Promo,synthetic,False,Promo_12,2
your flipkart membership expires soon. renew now & save 80%: bit.ly/tivvcp,Promo,synthetic,False,Promo_9,2
Your Axis Bank debit card XX9275 has been blocked due to suspicious activity. Visit branch or call 1800-XXX to unblock.,Bank,synthetic,False,Bank_11,1
"TheMob> Check out our newest selection of content, Games, Tones, Gossip, babes and sport, Keep your mobile fit and funky text WAP to 82468",Spam,uci,False,,4
Tap to verify: 461089. This code expires shortly.,OTP,synthetic,True,Hard_9,0
  Your SonyLIV plan renews on 01 Jul at Rs.1818. Upgrade to 4K for Rs.536/month.,Promo,synthetic,False,Promo_18,2
Your credit card XX7814 statement is ready. Total due: Rs.59668. Min due: Rs.1998. -SBI,Bank,synthetic,False,Bank_5,1
mega sale! get 60% off on all products at myntra. shop now: bit.ly/iqhwsk t&c apply.,Promo,synthetic,False,Promo_0,2
865138  is your verification code for Swiggy. Never share your OTP.,OTP,synthetic,False,OTP_3,0
"U wake up already? Wat u doing? U picking us up later rite? I'm taking sq825, reaching ard 7 smth 8 like dat. U can check e arrival time. C ya soon...",Personal,uci,False,,5
173317  - use this to sign in. Never share this code with anyone.,OTP,synthetic,True,Hard_7,0
Ok no prob,Personal,uci,False,,5
515583 is your Meesho security code Anyone asking for it is a scammer,OTP,synthetic,False,OTP_9,0
MEGA SALE! Get 40% OFF on all products at Zomato. Shop now: bit.ly/OSdGqf T&C apply.,Promo,synthetic,False,Promo_0,2
Order OD1900574977 packed and ready! Expected dispatch by 04 Jul -Zomato,Delivery,synthetic,False,Delivery_8,3
Ah poop. Looks like ill prob have to send in my laptop to get fixed cuz it has a gpu problem,Personal,uci,False,,5
I'll let you know when it kicks in,Personal,uci,False,,5
"Yeah, probably but not sure. Ilol let u know, but personally I wuldnt bother, then again if ur goin to then I mite as well!!",Personal,uci,False,,5
Coupon 3127 gives you free delivery on orders above INR 3193. -BigBasket,Promo,synthetic,True,Hard_1,2
Its sarcasm.. .nt scarcasim,Personal,uci,False,,5
"I'm used to it. I just hope my agents don't drop me since i've only booked a few things this year. This whole me in boston, them in nyc was an experiment.",Personal,uci,False,,5
Congratulations! You won Rs.229224 in lucky draw. Claim: bit.ly/quNnIc T&C apply,Spam,synthetic,True,Hard_12,4
Cold. Dont be sad dear,Personal,uci,False,,5
Nan sonathaya soladha. Why boss?,Personal,uci,False,,5
Delivery attempt failed for order OD6795719368. We will retry tomorrow. -Ekart,Delivery,synthetic,False,Delivery_5,3
CHEQUE NO. 231857149364 FOR RS.30641 HAS BEEN CLEARED FROM A/C XX4675. -KOTAK,Bank,synthetic,False,Bank_8,1
99431 - use this code to sign in to GPay. Never share it with anyone.,OTP,synthetic,False,OTP_7,0
534336 - use this code to sign in to Swiggy. Never share it with anyone.,OTP,synthetic,False,OTP_7,0
"Sorry man my account's dry or I would, if you want we could trade back half or I could buy some shit with my credit card",Personal,uci,False,,5
Where are you ? You said you would be here when I woke ... :-(,Personal,uci,False,,5
Your  A/c XX5015 is debited with Rs.85879 on 24-03-26. Info: UPI-Alexander. Bal: Rs.23958,Bank,synthetic,False,Bank_2,1
OUT FOR DELIVERY: YOUR AMAZON PACKAGE OD3318455895 WILL ARRIVE TODAY BY 12 PM. -EKART,Delivery,synthetic,False,Delivery_1,3
And I don't plan on staying the night but I prolly won't be back til late,Personal,uci,False,,5
No probs hon! How u doinat the mo?,Personal,uci,False,,5
G-104977 IS YOUR GOOGLE VERIFICATION CODE.,OTP,synthetic,False,OTP_12,0
Still otside le..u come 2morrow maga..,Personal,uci,False,,5
Tap to verify: 411240. This code expires shortly.,OTP,synthetic,True,Hard_9,0
Am going to take bath ill place the key in window:-),Personal,uci,False,,5
HI BABE U R MOST LIKELY TO BE IN BED BUT IM SO SORRY ABOUT TONIGHT! I REALLY WANNA SEE U TOMORROW SO CALL ME AT 9. LOVE ME XXX,Personal,uci,False,,5
Auto-pay of Rs.85011 to Eshana is scheduled on 20-02-26 from A/c XX9055. Ensure sufficient balance.,Bank,synthetic,False,Bank_13,1
  Data exhausted? Get 1.5GB extra with Rs.488 booster pack. Dial *121# or visit app.,Promo,synthetic,False,Promo_11,2
"Hmmm ... I thought we said 2 hours slave, not 3 ... You are late ... How should I punish you ?",Personal,uci,False,,5
Your Zomato order OD6808592934 has been shipped via Delhivery. Track: bit.ly/OGJBeC -TM,Delivery,synthetic,False,Delivery_0,3
UPI payment of Rs.68084 to Zarna successful. UPI Ref: 651852007098. -SBI,Bank,synthetic,False,Bank_6,1
You have 1 new message. Please call 08718738034.,Spam,uci,False,,4
"Hey, my new number is 07205979010. Save it! Meet at noon?",Personal,synthetic,True,Hard_4,5
salary of rs.33017 credited to a/c xx7517. avl bal: rs.245917. -sbi,Bank,synthetic,False,Bank_7,1
Rs.62568 credited to A/c XX5378 on 01-03-26. Avl Bal: Rs.210713. -SBI,Bank,synthetic,False,Bank_1,1
Your BigBasket order OD4067963562 has been shipped via Delhivery. Track: bit.ly/khauOF,Delivery,synthetic,False,Delivery_0,3
Salary of Rs.64194 credited to A/c XX3168 Avl Bal: Rs.197339 -BOB,Bank,synthetic,False,Bank_7,1
my ex-wife was not able to have kids. Do you want kids one day?,Personal,uci,False,,5
"That's what I love to hear :V see you sundayish, then",Personal,uci,False,,5
Netflix:  704047 is your login OTP. It expires in 10 minutes.,OTP,synthetic,False,OTP_6,0
Wanna get laid 2nite? Want real Dogging locations sent direct to ur mobile? Join the UK's largest Dogging Network. Txt PARK to 69696 now! Nyt. ec2a. 3lp £1.50/msg,Spam,uci,False,,4
myntra: your cart misses you! complete purchase now & get 80% off. bit.ly/zwynod,Promo,synthetic,False,Promo_4,2
Order OD8722809337 packed and ready! Expected dispatch by 03 Jul. -Meesho,Delivery,synthetic,False,Delivery_8,3
Your Myntra membership expires soon. Renew now & save 20%: bit.ly/JMkXEi STOP to opt out,Promo,synthetic,False,Promo_9,2
YOUR SONYLIV PLAN RENEWS ON 05 JUL AT RS.1531. UPGRADE TO 4K FOR RS.437/MONTH.,Promo,synthetic,False,Promo_18,2
Your Uber code: 5332,OTP,synthetic,True,Hard_8,0
Am okay. Will soon be over. All the best,Personal,uci,False,,5
Your Uber code: 2958,OTP,synthetic,True,Hard_8,0
Exclusive for you! Buy 1 Get 1 FREE at BigBasket. Limited period offer. Visit bit.ly/ZivwFD,Promo,synthetic,False,Promo_3,2
Loved ur recent Amazon order? Reorder in 1 tap and get 20% off today.,Promo,synthetic,False,Promo_22,2
Dear customer ur HDFC Bank account will be blocked! Update KYC now: bit.ly/QTqxfO,Spam,synthetic,True,Hard_11,4
TELL HER I SAID EAT SHIT.,Personal,uci,False,,5
Your Uber code: 6131,OTP,synthetic,True,Hard_8,0
UPI  payment of Rs.8595 to Gaurika successful. UPI Ref: 556848750963. -BOB,Bank,synthetic,False,Bank_6,1
MEGA SALE! Get 30% OFF on all products at Amazon. Shop now: bit.ly/zKcXCh T&C apply. T&C apply,Promo,synthetic,False,Promo_0,2
Interest of Rs.14565 credited to your FD A/c XX9167. -Axis Bank,Bank,synthetic,False,Bank_9,1
No. Thank you. You've been wonderful,Personal,uci,False,,5
Is there any movie theatre i can go to and watch unlimited movies and just pay once?,Personal,uci,False,,5
"The word ""Checkmate"" in chess comes from the Persian phrase ""Shah Maat"" which means; ""the king is dead.."" Goodmorning.. Have a good day..:)",Personal,uci,False,,5
upi payment of rs.65402 to sarthak successful. upi ref: 518047272207. -sbi,Bank,synthetic,False,Bank_6,1
Use 695985 to complete your BOB registration. Valid till 5 mins.,OTP,synthetic,False,OTP_4,0
Your A/c XX2565 is debited with Rs.45661 on 01-03-26. Info: UPI-Jackson. Bal: Rs.149428,Bank,synthetic,False,Bank_2,1
Yup ü not comin :-(,Personal,uci,False,,5
Pls send me your address sir.,Personal,uci,False,,5
OTP for delivery of order OD2407283475 is 4194 Share only with the delivery agent -DTDC,Delivery,synthetic,False,Delivery_9,3
U definitely need a module from e humanities dis sem izzit? U wan 2 take other modules 1st?,Personal,uci,False,,5
recharge with rs.1528 & get 80% extra talktime. offer valid today only!,Promo,synthetic,False,Promo_5,2
  Loved your recent Myntra order? Reorder in 1 tap and get 80% off today.,Promo,synthetic,False,Promo_22,2
"Mum, hope you are having a great day. Hoping this text meets you well and full of life. Have a great day. Abiola",Personal,uci,False,,5
686289 is your verification code for Swiggy Never share your OTP,OTP,synthetic,False,OTP_3,0
Your order OD3903599217 from Myntra is arriving tomorrow. Keep Rs.4108 ready for COD.,Delivery,synthetic,False,Delivery_3,3
My sister got placed in birla soft da:-),Personal,uci,False,,5
163397 is your otp for pnb login. valid for 15 minutes. do not share with anyone.,OTP,synthetic,False,OTP_0,0
Your Meesho order OD1187723920 has been shipped via BlueDart. Track: bit.ly/rFGfpO -TM,Delivery,synthetic,False,Delivery_0,3
rs.1816 cashback credited to your paytm wallet. use on your next order.,Promo,synthetic,False,Promo_21,2
Friendship poem: Dear O Dear U R Not Near But I Can Hear Dont Get Fear Live With Cheer No More Tear U R Always my Dear. Gud ni8,Personal,uci,False,,5
  Meesho Big Billion Days! Up to 50% off + extra 10% with PNB cards. Hurry!,Promo,synthetic,False,Promo_1,2
525935 - use this to sign in. Never share this code with anyone.,OTP,synthetic,True,Hard_7,0
Hmmm...k...but i want to change the field quickly da:-)i wanna get system administrator or network administrator..,Personal,uci,False,,5
YOUR ZOMATO MEMBERSHIP EXPIRES SOON. RENEW NOW & SAVE 60%: BIT.LY/MPGQNK,Promo,synthetic,False,Promo_9,2
Your SonyLIV plan renews on 04 Jul at INR 1718. Upgrade to 4K for INR 720/month.,Promo,synthetic,False,Promo_18,2
dear customer ur sbi account will be blocked! update kyc now: bit.ly/cnlliq,Spam,synthetic,True,Hard_11,4
  Last day! Flipkart clearance sale ends tonight. Up to 70% off sitewide.,Promo,synthetic,False,Promo_8,2
pay rs.3772 on delivery for order od982776783. -xpressbees,Delivery,synthetic,True,Hard_10,3
Flipkart: Your cart misses you! Complete purchase now & get 10% off. bit.ly/XTQuwW T&C apply,Promo,synthetic,False,Promo_4,2
Flight fares dropped! BLR-CCU from Rs.851. Book on MakeMyTrip before midnight.,Promo,synthetic,False,Promo_16,2
Pahal from DTDC is arriving with ur package. Contact: +917978756361,Delivery,synthetic,False,Delivery_6,3
159739 - use this code to sign in to Uber. Never share it with anyone.,OTP,synthetic,False,OTP_7,0
810803 - use this to sign in. Never share this code with anyone.,OTP,synthetic,True,Hard_7,0
"  Hey, my new number is +918269236609. Save it! Meet at 8?",Personal,synthetic,True,Hard_4,5
Interest of Rs.94515 credited to your FD A/c XX1285. -Axis Bank,Bank,synthetic,False,Bank_9,1
972397 - use this code to sign in to Uber. Never share it with anyone.,OTP,synthetic,False,OTP_7,0
out for delivery: your zomato package od7716581539 will arrive today by 12 pm. -bluedart,Delivery,synthetic,False,Delivery_1,3
"The world is running and i am still.maybe all are feeling the same,so be it.or i have to admit,i am mad.then where is the correction?or let me call this is life.and keep running with the world,may be u r also running.lets run.",Personal,uci,False,,5
EMI of Rs.5255 due on 06-06-26 for loan A/c XX3051. Pay now to avoid charges. -SBI,Bank,synthetic,False,Bank_4,1
Exclusive for you! Buy 1 Get 1 FREE at Swiggy. Limited period offer. Visit bit.ly/pPkPMC,Promo,synthetic,False,Promo_3,2
"Customer place, i wil cal u sir.",Personal,uci,False,,5
Rs.503 cashback credited to your PhonePe wallet. Use on your next order.,Promo,synthetic,False,Promo_21,2
Use code 1080 at checkout for 10% off at Amazon!,Promo,synthetic,True,Hard_0,2
Sounds like a plan! Cardiff is still here and still cold! I'm sitting on the radiator!,Personal,uci,False,,5
Your Prime Video plan renews on 06 Jul at Rs.314. Upgrade to 4K for Rs.539/month.,Promo,synthetic,False,Promo_18,2
Your FD of Rs.80234 matures on 21-03-26. Renew or withdraw via netbanking. -Axis Bank,Bank,synthetic,False,Bank_14,1
You have won a guaranteed 32000 award or maybe even £1000 cash to claim ur award call free on 0800 ..... (18+). Its a legitimat efreefone number wat do u think???,Spam,uci,False,,4
"The sign of maturity is not when we start saying big things.. But actually it is, when we start understanding small things... *HAVE A NICE EVENING* BSLVYL",Personal,uci,False,,5
984711 is your OTP for BigBasket login. Valid for 5 minutes. Do not share with anyone. STOP to opt out,OTP,synthetic,False,OTP_0,0
Ok lor.,Personal,uci,False,,5
"Hey, my new number is 04079010182. Save it! Meet at 8?",Personal,synthetic,True,Hard_4,5
Congratulations! You won Rs.334872 in lucky draw. Claim: bit.ly/hmRbYd,Spam,synthetic,True,Hard_12,4
Delivered!  Your Meesho order OD5329085671 was delivered on 04 Jul. Rate your experience: bit.ly/exeabn,Delivery,synthetic,False,Delivery_2,3
Rs.1734 cashback credited to your Paytm wallet Use on your next order,Promo,synthetic,False,Promo_21,2
Are you going to wipro interview today?,Personal,uci,False,,5
"Hello baby, did you get back to your mom's ? Are you setting up the computer now ? Filling your belly ? How goes it loverboy ? I miss you already ... *sighs*",Personal,uci,False,,5
MEESHO BIG BILLION DAYS! UP TO 20% OFF + EXTRA 10% WITH KOTAK CARDS. HURRY!,Promo,synthetic,False,Promo_1,2
Your Axis Bank debit card XX9122 has been blocked due to suspicious activity. Visit branch or call 1800-XXX to unblock.,Bank,synthetic,False,Bank_11,1
K...k:)why cant you come here and search job:),Personal,uci,False,,5
Your Uber code: 4675 T&C apply,OTP,synthetic,True,Hard_8,0
your one time password is 933326 for myntra. please do not share it.,OTP,synthetic,False,OTP_5,0
Your order OD2119119097 from Swiggy is arriving tomorrow. Keep Rs.1309 ready for COD.,Delivery,synthetic,False,Delivery_3,3
I am in bus on the way to calicut,Personal,uci,False,,5
"We spend our days waiting for the ideal path to appear in front of us.. But what we forget is.. ""paths are made by walking.. not by waiting.."" Goodnight!",Personal,uci,False,,5
Beware of fraud calls asking for card details. PNB officials never ask for PIN or CVV. STOP to opt out,Bank,synthetic,False,Bank_15,1
Delivery attempt failed for order OD2760092367. We will retry tomorrow. -BlueDart,Delivery,synthetic,False,Delivery_5,3
your icici bank code: 714404,OTP,synthetic,False,OTP_8,0
Auto-pay of Rs.60694 to Jason is scheduled on 15-05-26 from A/c XX7491. Ensure sufficient balance.,Bank,synthetic,False,Bank_13,1
It shall be fine. I have avalarr now. Will hollalater,Personal,uci,False,,5
  Items in your order history are back in stock at Zomato. Prices start Rs.740.,Promo,synthetic,False,Promo_23,2
Rs.78797 debited from A/c XX7936 on 11-02-26 to Shivansh. Avl Bal: Rs.213754. -SBI,Bank,synthetic,False,Bank_0,1
BigBasket:  Your cart misses you! Complete purchase now & get 10% off. bit.ly/DiFayj,Promo,synthetic,False,Promo_4,2
Hi dear we saw dear. We both are happy. Where you my battery is low,Personal,uci,False,,5
I will come with karnan car. Please wait till 6pm will directly goto doctor.,Personal,uci,False,,5
We took hooch for a walk toaday and i fell over! Splat! Grazed my knees and everything! Should have stayed at home! See you tomorrow! ,Personal,uci,False,,5
20474 is ur OTP for SBI login. Valid for 30 minutes. Do not share with anyone.,OTP,synthetic,False,OTP_0,0
Interest of Rs.40500 credited to your FD A/c XX6662. -Kotak,Bank,synthetic,False,Bank_9,1
7 at esplanade.. Do ü mind giving me a lift cos i got no car today..,Personal,uci,False,,5
EMI of Rs.45132 due on 11-02-26 for loan A/c XX5494. Pay now to avoid charges. -ICICI Bank STOP to opt out,Bank,synthetic,False,Bank_4,1
MEGA  SALE! Get 20% OFF on all products at Zomato. Shop now: bit.ly/XmbUjB T&C apply.,Promo,synthetic,False,Promo_0,2
Your credit card XX4689 statement is ready. Total due: Rs.54586. Min due: Rs.1649. -Kotak,Bank,synthetic,False,Bank_5,1
Sorry i've not gone to that place. I.ll do so tomorrow. Really sorry.,Personal,uci,False,,5
Items in your order history are back in stock at Myntra. Prices start Rs.1720.,Promo,synthetic,False,Promo_23,2
Yes:)sura in sun tv.:)lol.,Personal,uci,False,,5
Then u ask darren go n pick u lor... But i oso sian tmr haf 2 meet lect...,Personal,uci,False,,5
Tap  to verify: 278941. This code expires shortly.,OTP,synthetic,True,Hard_9,0
Please ask mummy to call father,Personal,uci,False,,5
I called but no one pick up e phone. I ask both of them already they said ok.,Personal,uci,False,,5
MEGA SALE! Get 30% OFF on all products at BigBasket. Shop now: bit.ly/vyoNHH T&C apply.,Promo,synthetic,False,Promo_0,2
Dunno lei ü all decide lor. How abt leona? Oops i tot ben is going n i msg him.,Personal,uci,False,,5
EMI of Rs.16109 due on 13-06-26 for loan A/c XX2099. Pay now to avoid charges. -SBI,Bank,synthetic,False,Bank_4,1
Rs.31881 debited from A/c XX5329 on 23-04-26 to Yahvi. Avl Bal: Rs.345327. -ICICI Bank,Bank,synthetic,False,Bank_0,1
Hi mate its RV did u hav a nice hol just a message 3 say hello coz havent sent u 1 in ages started driving so stay off roads!RVx,Personal,uci,False,,5
"Yeah go on then, bored and depressed sittin waitin for phone to ring... Hope the wind drops though, scary",Personal,uci,False,,5
AUTO-PAY OF RS.87966 TO KAI IS SCHEDULED ON 05-07-26 FROM A/C XX8562. ENSURE SUFFICIENT BALANCE.,Bank,synthetic,False,Bank_13,1
ICICI  Bank: 134437 is your login OTP. It expires in 5 minutes.,OTP,synthetic,False,OTP_6,0
Out for delivery: Your Zomato package OD6957255760 will arrive today by 9 PM. -Delhivery,Delivery,synthetic,False,Delivery_1,3
How many licks does it take to get to the center of a tootsie pop?,Personal,uci,False,,5
Yup no more already... Thanx 4 printing n handing it up.,Personal,uci,False,,5
Your SBI debit card XX7444 has been blocked due to suspicious activity. Visit branch or call 1800-XXX to unblock.,Bank,synthetic,False,Bank_11,1
Wait 2 min..stand at bus stop,Personal,uci,False,,5
Or better still can you catch her and let ask her if she can sell  &lt;#&gt;  for me.,Personal,uci,False,,5
Your Amazon code: 989959,OTP,synthetic,False,OTP_8,0
Let me know if you need anything else. Salad or desert or something... How many beers shall i get?,Personal,uci,False,,5
I hope you arnt pissed off but id would really like to see you tomorrow. Love me xxxxxxxxxxxxxX,Personal,uci,False,,5
"I don't know, same thing that's wrong everyso often, he panicks starts goin on bout not bein good enough …",Personal,uci,False,,5
"Bro send me Rs.3005 on gpay, will return by 06 Jul",Personal,synthetic,True,Hard_5,5
"Hi Harrison, unlock Rs.1176 off your first order at Meesho with code NEW54. -TM",Promo,synthetic,False,Promo_7,2
Your board is working fine. The issue of overheating is also reslove. But still software inst is pending. I will come around 8'o clock.,Personal,uci,False,,5
Why must we sit around and wait for summer days to celebrate. Such a magical sight when the worlds dressed in white. Oooooh let there be snow.,Personal,uci,False,,5
Recharge with Rs.613 & get 70% extra talktime. Offer valid today only! -TM,Promo,synthetic,False,Promo_5,2
Interest of Rs.24506 credited to your FD A/c XX7282. -HDFC Bank,Bank,synthetic,False,Bank_9,1
KYC update pending for A/c XX9967. Please visit your nearest ICICI Bank branch by 02-05-26 to avoid restrictions.,Bank,synthetic,False,Bank_12,1
Also remember the beads don't come off. Ever.,Personal,uci,False,,5
I hope you know I'm still mad at you.,Personal,uci,False,,5
Hungry? Get 10% off up to Rs.172 on ur next 3 orders. Code: EAT74. -Swiggy,Promo,synthetic,False,Promo_12,2
data exhausted? get 2gb extra with rs.758 booster pack. dial *121# or visit app.,Promo,synthetic,False,Promo_11,2
Exclusive for you! Buy 1 Get 1 FREE at BigBasket. Limited period offer. Visit bit.ly/oJUOmq,Promo,synthetic,False,Promo_3,2
173028 - use this to sign in. never share this code with anyone.,OTP,synthetic,True,Hard_7,0
your airtel pack expires tomorrow. recharge with rs.688 for 1gb/day + unlimited calls.,Promo,synthetic,False,Promo_10,2
"Sorry that took so long, omw now",Personal,uci,False,,5
Work from home! Earn Rs.2414568/month Join: bitly/XbGwYC,Spam,synthetic,True,Hard_14,4
Delivered! Your Meesho order OD7743709386 was delivered on 02 Jul. Rate your experience: bit.ly/RzCdwN,Delivery,synthetic,False,Delivery_2,3
Hungry? Get 70% off up to INR 804 on your next 3 orders. Code: EAT97. -Zomato,Promo,synthetic,False,Promo_12,2
U know we watchin at lido?,Personal,uci,False,,5
Interest of Rs.48261 credited to ur FD A/c XX1467. -Axis Bank,Bank,synthetic,False,Bank_9,1
Your A/c XX5393 is debited with Rs.18649 on 27-04-26. Info: UPI-Omya. Bal: Rs.438299,Bank,synthetic,False,Bank_2,1
"Sir, waiting for your letter.",Personal,uci,False,,5
PRIVATE! Your 2003 Account Statement for shows 800 un-redeemed S.I.M. points. Call 08718738001 Identifier Code: 49557 Expires 26/11/04,Spam,uci,False,,4
  Rs.22894 debited from A/c XX1477 on 31-01-26 to Elijah. Avl Bal: Rs.344724. -Kotak,Bank,synthetic,False,Bank_0,1
DELIVERY ATTEMPT FAILED FOR ORDER OD8097135018. WE WILL RETRY TOMORROW. -BLUEDART,Delivery,synthetic,False,Delivery_5,3
YOUR HDFC BANK DEBIT CARD XX3015 HAS BEEN BLOCKED DUE TO SUSPICIOUS ACTIVITY. VISIT BRANCH OR CALL 1800-XXX TO UNBLOCK.,Bank,synthetic,False,Bank_11,1
YOUR HOTSTAR PLAN RENEWS ON 02 JUL AT RS.1015. UPGRADE TO 4K FOR RS.473/MONTH.,Promo,synthetic,False,Promo_18,2
Be happy there. I will come after noon,Personal,uci,False,,5
360391 - USE THIS TO SIGN IN. NEVER SHARE THIS CODE WITH ANYONE.,OTP,synthetic,True,Hard_7,0
Your A/c XX3035 is debited with Rs.62206 on 08-03-26. Info: UPI-Omisha. Bal: Rs.175254,Bank,synthetic,False,Bank_2,1
Your GPay code: 97848,OTP,synthetic,False,OTP_8,0
Missed our shows? Come back to Hotstar at 50% off for 3 months. Resubscribe: bit.ly/MWNqEy,Promo,synthetic,False,Promo_19,2
  OTP for delivery of order OD6786370288 is 6012. Share only with the delivery agent. -BlueDart,Delivery,synthetic,False,Delivery_9,3
Well keep in mind I've only got enough gas for one more round trip barring a sudden influx of cash,Personal,uci,False,,5
DELIVERED! YOUR MYNTRA ORDER OD8004432535 WAS DELIVERED ON 06 JUL. RATE YOUR EXPERIENCE: BIT.LY/NRXGXW,Delivery,synthetic,False,Delivery_2,3
She.s find. I sent you an offline message to know how anjola's now.,Personal,uci,False,,5
Idika from Delhivery is arriving with your package Contact: 00987679409,Delivery,synthetic,False,Delivery_6,3
Your Prime Video plan renews on 05 Jul at INR 871. Upgrade to 4K for INR 516/month.,Promo,synthetic,False,Promo_18,2
Oh Howda gud gud.. Mathe en samachara chikku:-),Personal,uci,False,,5
Of cos can lar i'm not so ba dao ok... 1 pm lor... Y u never ask where we go ah... I said u would ask on fri but he said u will ask today...,Personal,uci,False,,5
Teach me apps da. When you come to college.,Personal,uci,False,,5
RS.1098 CASHBACK CREDITED TO YOUR AMAZON PAY WALLET. USE ON YOUR NEXT ORDER.,Promo,synthetic,False,Promo_21,2
Low balance alert: A/c XX6393 balance is Rs.356983. Maintain min balance to avoid charges.,Bank,synthetic,False,Bank_10,1
  KYC update pending for A/c XX9545. Please visit your nearest SBI branch by 02-01-26 to avoid restrictions.,Bank,synthetic,False,Bank_12,1
Your one time password is 734706 for Paytm. Please do not share it.,OTP,synthetic,False,OTP_5,0
Can not use foreign stamps in this country. Good lecture .,Personal,uci,False,,5
I'm coming home 4 dinner.,Personal,uci,False,,5
Ah you see. You have to be in the lingo. I will let you know wot on earth it is when has finished making it!,Personal,uci,False,,5
Salary of Rs.62553 credited to A/c XX6823. Avl Bal: Rs.313493. -HDFC Bank,Bank,synthetic,False,Bank_7,1
"Whatever, juliana. Do whatever you want.",Personal,uci,False,,5
You have 2165 reward points expiring on 01 Jul. Redeem on Meesho. -TM,Promo,synthetic,False,Promo_20,2
Items in your order history are back in stock at Flipkart. Prices start Rs.1140.,Promo,synthetic,False,Promo_23,2
YOUR PRIME VIDEO PLAN RENEWS ON 01 JUL AT RS.289. UPGRADE TO 4K FOR RS.817/MONTH.,Promo,synthetic,False,Promo_18,2
Work from home! Earn Rs.1595882/month. Join: bit.ly/QyBTmR,Spam,synthetic,True,Hard_14,4
KYC update pending for A/c XX1380. Please visit your nearest Axis Bank branch by 01-07-26 to avoid restrictions.,Bank,synthetic,False,Bank_12,1
Dear customer ur SBI account will be blocked! Update KYC now: bit.ly/umaoOa -TM,Spam,synthetic,True,Hard_11,4
"Sorry man, accidentally left my phone on silent last night and didn't check it til I got up",Personal,uci,False,,5
bob: 472289 is your login otp. it expires in 10 minutes.,OTP,synthetic,False,OTP_6,0
Out for delivery: Your Zomato package OD1101758775 will arrive today by 3 PM. -BlueDart,Delivery,synthetic,False,Delivery_1,3
260945 is your verification code for Kotak. Never share your OTP.,OTP,synthetic,False,OTP_3,0
"U can WIN £100 of Music Gift Vouchers every week starting NOW Txt the word DRAW to 87066 TsCs www.ldew.com SkillGame,1Winaweek, age16.150ppermessSubscription",Spam,uci,False,,4
"Never  share your OTP, PIN or CVV. Kotak never asks for these. Stay safe.",Bank,synthetic,True,Hard_3,1
OTP for delivery of order OD5847852977 is 9803. Share only with the delivery agent. -BlueDart,Delivery,synthetic,False,Delivery_9,3
Future is not what we planned for tomorrow.....! it is the result of what we do today...! Do the best in present... enjoy the future.,Personal,uci,False,,5
Your one time password is 346546 for Netflix Please do not share it,OTP,synthetic,False,OTP_5,0
Missed our shows? Come back to Netflix at 50% off for 3 months. Resubscribe: bit.ly/nxEajF,Promo,synthetic,False,Promo_19,2
Your credit card XX7068 statement is ready. Total due: INR 24836. Min due: INR 4857. -ICICI Bank,Bank,synthetic,False,Bank_5,1
yay! finally lol. i missed our cinema trip last week :-(,Personal,uci,False,,5
FREE UNLIMITED HARDCORE PORN direct 2 your mobile Txt PORN to 69200 & get FREE access for 24 hrs then chrgd@50p per day txt Stop 2exit. This msg is free,Spam,uci,False,,4
I was slept that time.you there?,Personal,uci,False,,5
Mode men or have you left.,Personal,uci,False,,5
Hungry? Get 60% off up to Rs.1734 on ur next 3 orders. Code: EAT52. -Swiggy,Promo,synthetic,False,Promo_12,2
  Out for delivery: Your Swiggy package OD2433635145 will arrive today by 6 PM. -Delhivery,Delivery,synthetic,False,Delivery_1,3
See you there! ,Personal,uci,False,,5
845412  is your Zomato security code. Anyone asking for it is a scammer.,OTP,synthetic,False,OTP_9,0
Pathaya enketa maraikara pa',Personal,uci,False,,5
Promotion Number: 8714714 - UR awarded a City Break and could WIN a £200 Summer Shopping spree every WK. Txt STORE to 88039 . SkilGme. TsCs087147403231Winawk!Age16 £1.50perWKsub,Spam,uci,False,,4
What u mean u almost done? Done wif sleeping? But i tot u going to take a nap.. Yup i send her liao so i'm picking her up at ard 4 smth lor..,Personal,uci,False,,5
Your HDFC Bank debit card XX7205 has been blocked due to suspicious activity. Visit branch or call 1800-XXX to unblock.,Bank,synthetic,False,Bank_11,1
items in your order history are back in stock at amazon. prices start rs.1958.,Promo,synthetic,False,Promo_23,2
Use 542910 to complete your Swiggy registration. Valid till 15 mins.,OTP,synthetic,False,OTP_4,0
Text her. If she doesnt reply let me know so i can have her log in,Personal,uci,False,,5
Yar but they say got some error.,Personal,uci,False,,5
MEGA SALE! GET 30% OFF ON ALL PRODUCTS AT MEESHO. SHOP NOW: BIT.LY/RRNULM T&C APPLY.,Promo,synthetic,False,Promo_0,2
EMI of Rs.51369 due on 12-06-26 for loan A/c XX3348 Pay now to avoid charges -Kotak,Bank,synthetic,False,Bank_4,1
Ay wana meet on sat?ü wkg on sat?,Personal,uci,False,,5
You have 1 new voicemail. Please call 08719181513.,Spam,uci,False,,4
Your Flipkart membership expires soon. Renew now & save 50%: bit.ly/YLeUKy,Promo,synthetic,False,Promo_9,2
<#> 342851 is your Meesho code. Valid 5 min. hA8sk2Lqp3,OTP,synthetic,False,OTP_13,0
"Aight, I'm chillin in a friend's room so text me when you're on the way",Personal,uci,False,,5
Low  balance alert: A/c XX9136 balance is Rs.10675. Maintain min balance to avoid charges.,Bank,synthetic,False,Bank_10,1
Auto-pay of Rs.88186 to Fitan is scheduled on 21-01-26 from A/c XX7756. Ensure sufficient balance.,Bank,synthetic,False,Bank_13,1
Ur Jio pack expires tomorrow. Recharge with Rs.675 for 1.5GB/day + unlimited calls.,Promo,synthetic,False,Promo_10,2
Dear  customer ur ICICI Bank account will be blocked! Update KYC now: bit.ly/eMPEBg,Spam,synthetic,True,Hard_11,4
Out for delivery: Your Myntra package OD5566457905 will arrive today by 3 PM. -Ekart,Delivery,synthetic,False,Delivery_1,3
Rs.63360 credited to A/c XX6787 on 23-02-26. Avl Bal: Rs.380314. -Axis Bank,Bank,synthetic,False,Bank_1,1
Just checking in on you. Really do miss seeing Jeremiah. Do have a great month,Personal,uci,False,,5
O. Guess they both got screwd,Personal,uci,False,,5
"Bro send me Rs.3302 on gpay, will return by 01 Jul -TM",Personal,synthetic,True,Hard_5,5
Your A/c XX1168 is debited with Rs.4496 on 05-03-26. Info: UPI-Suhani. Bal: Rs.329463,Bank,synthetic,False,Bank_2,1
KYC update pending for A/c XX1788. Please visit your nearest ICICI Bank branch by 17-02-26 to avoid restrictions. -TM,Bank,synthetic,False,Bank_12,1
Meesho Big Billion Days! Up to 30% off + extra 10% with BOB cards. Hurry!,Promo,synthetic,False,Promo_1,2
Your  A/c XX9195 is debited with Rs.10889 on 06-01-26. Info: UPI-Ranbir. Bal: Rs.380211,Bank,synthetic,False,Bank_2,1
No. Its not specialisation. Can work but its slave labor. Will look for it this month sha cos no shakara 4 beggar.,Personal,uci,False,,5
Your SBI debit card XX8600 has been blocked due to suspicious activity. Visit branch or call 1800-XXX to unblock.,Bank,synthetic,False,Bank_11,1
upi payment of rs.76017 to dalbir successful. upi ref: 280586843935. -kotak,Bank,synthetic,False,Bank_6,1
OTP for delivery of order OD5626729139 is 9146 Share only with the delivery agent -Ekart,Delivery,synthetic,False,Delivery_9,3
Your Kotak code: 905060,OTP,synthetic,False,OTP_8,0
Will you come online today night,Personal,uci,False,,5
UPI payment of Rs.25867 to Ishani successful. UPI Ref: 865919607073. -HDFC Bank,Bank,synthetic,False,Bank_6,1
Si si. I think ill go make those oreo truffles.,Personal,uci,False,,5
TARAK FROM XPRESSBEES IS ARRIVING WITH YOUR PACKAGE. CONTACT: +919501157367,Delivery,synthetic,False,Delivery_6,3
Low  balance alert: A/c XX7715 balance is Rs.185673. Maintain min balance to avoid charges.,Bank,synthetic,False,Bank_10,1
At WHAT TIME should i come tomorrow,Personal,uci,False,,5
chatura from delhivery is arriving with your package. contact: +915652836563,Delivery,synthetic,False,Delivery_6,3
Delivery attempt failed for order OD8680446980 We will retry tomorrow -Delhivery,Delivery,synthetic,False,Delivery_5,3
"naughty little thought: 'its better to flirt, flirt n flirt, rather than loving someone n gettin hurt, hurt n hurt...:-) Gud nyt",Personal,uci,False,,5
Ur A/c XX3445 is debited with Rs.17982 on 07-03-26. Info: UPI-Falguni. Bal: Rs.266385,Bank,synthetic,False,Bank_2,1
", how's things? Just a quick question.",Personal,uci,False,,5
OTP for delivery of order OD7528779501 is 5356. Share only with the delivery agent. -Ekart STOP to opt out,Delivery,synthetic,False,Delivery_9,3
"I know dat feelin had it with Pete! Wuld get with em , nuther place nuther time mayb?",Personal,uci,False,,5
Data exhausted? Get 3GB extra with INR 1764 booster pack. Dial *121# or visit app.,Promo,synthetic,False,Promo_11,2
convert your icici bank card purchase of rs.508 into easy emis at 0% interest. reply yes.,Promo,synthetic,False,Promo_15,2
Flipkart Big Billion Days! Up to 70% off + extra 10% with HDFC Bank cards. Hurry!,Promo,synthetic,False,Promo_1,2
Work from home! Earn Rs.1691979/month. Join: bit.ly/anNUOP,Spam,synthetic,True,Hard_14,4
"hey, my new number is 5301453901. save it! meet at tonight?",Personal,synthetic,True,Hard_4,5
data exhausted? get 3gb extra with rs.1850 booster pack. dial *121# or visit app.,Promo,synthetic,False,Promo_11,2
"Hi Baljiwan, unlock Rs.827 off your first order at Swiggy with code NEW57.",Promo,synthetic,False,Promo_7,2
Data exhausted? Get 3GB extra with Rs.1397 booster pack. Dial *121# or visit app.,Promo,synthetic,False,Promo_11,2
Low balance alert: A/c XX3922 balance is Rs.484711. Maintain min balance to avoid charges.,Bank,synthetic,False,Bank_10,1
"Never share your OTP, PIN or CVV PNB never asks for these Stay safe",Bank,synthetic,True,Hard_3,1
UPI payment of Rs.29935 to Caleb successful. UPI Ref: 870768607193. -BOB,Bank,synthetic,False,Bank_6,1
Oh dang! I didn't mean o send that to you! Lol!,Personal,uci,False,,5
Zomato: Your cart misses you! Complete purchase now & get 60% off. bit.ly/emSeBJ,Promo,synthetic,False,Promo_4,2
He dint tell anything. He is angry on me that why you told to abi.,Personal,uci,False,,5
"A gram usually runs like  &lt;#&gt; , a half eighth is smarter though and gets you almost a whole second gram for  &lt;#&gt;",Personal,uci,False,,5
"Eerie Nokia tones 4u, rply TONE TITLE to 8007 eg TONE DRACULA to 8007 Titles: GHOST, ADDAMSFA, MUNSTERS, EXORCIST, TWILIGHT www.getzed.co.uk POBox36504W45WQ 150p",Spam,uci,False,,4
Yar else i'll thk of all sorts of funny things.,Personal,uci,False,,5
Out for delivery: Your Meesho package OD7144958671 will arrive today by 3 PM. -BlueDart,Delivery,synthetic,False,Delivery_1,3
  Delivered! Your Zomato order OD6833444244 was delivered on 04 Jul. Rate your experience: bit.ly/RAvpcv,Delivery,synthetic,False,Delivery_2,3
Convert ur Axis Bank card purchase of Rs.433 into easy EMIs at 0% interest. Reply YES.,Promo,synthetic,False,Promo_15,2
Ur PNB debit card XX7761 has been blocked due to suspicious activity. Visit branch or call 1800-XXX to unblock.,Bank,synthetic,False,Bank_11,1
Haf u found him? I feel so stupid da v cam was working.,Personal,uci,False,,5
All e best 4 ur driving tmr :-),Personal,uci,False,,5
Dear customer ur SBI account will be blocked! Update KYC now: bit.ly/OLECKE,Spam,synthetic,True,Hard_11,4
Items  in your order history are back in stock at Myntra. Prices start Rs.1134.,Promo,synthetic,False,Promo_23,2
Arunima from DTDC is arriving with your package. Contact: 03476691503,Delivery,synthetic,False,Delivery_6,3
your airtel pack expires tomorrow. recharge with rs.586 for 1gb/day + unlimited calls.,Promo,synthetic,False,Promo_10,2
763946  is your OTP for SBI login. Valid for 10 minutes. Do not share with anyone.,OTP,synthetic,False,OTP_0,0
Interest  of Rs.67220 credited to your FD A/c XX9457. -SBI,Bank,synthetic,False,Bank_9,1
Work from home! Earn Rs.2407689/month Join: bitly/AgwJSB,Spam,synthetic,True,Hard_14,4
Amazon: Your cart misses you! Complete purchase now & get 80% off. bit.ly/ctbvmm STOP to opt out,Promo,synthetic,False,Promo_4,2
Order OD2400550949 packed and ready! Expected dispatch by 02 Jul -BigBasket,Delivery,synthetic,False,Delivery_8,3
Oh yah... We never cancel leh... Haha ,Personal,uci,False,,5
781475 IS YOUR OLA SECURITY CODE. ANYONE ASKING FOR IT IS A SCAMMER.,OTP,synthetic,False,OTP_9,0
WORK FROM HOME! EARN RS.2486498/MONTH. JOIN: BIT.LY/KPPQBU,Spam,synthetic,True,Hard_14,4
Your order OD1473051434 from Amazon is arriving tomorrow. Keep Rs.3869 ready for COD.,Delivery,synthetic,False,Delivery_3,3
  Beware of fraud calls asking for card details. ICICI Bank officials never ask for PIN or CVV.,Bank,synthetic,False,Bank_15,1
data exhausted? get 3gb extra with rs.1880 booster pack. dial *121# or visit app.,Promo,synthetic,False,Promo_11,2
KYC update pending for A/c XX4912. Please visit your nearest SBI branch by 26-03-26 to avoid restrictions.,Bank,synthetic,False,Bank_12,1
your a/c xx5959 is debited with rs.79953 on 05-02-26. info: upi-indira. bal: rs.283515,Bank,synthetic,False,Bank_2,1
Auto-pay of Rs.80910 to Aishani is scheduled on 01-03-26 from A/c XX9287 Ensure sufficient balance,Bank,synthetic,False,Bank_13,1
Exclusive for you! Buy 1 Get 1 FREE at BigBasket Limited period offer Visit bitly/owcixL,Promo,synthetic,False,Promo_3,2
EMI of Rs.67732 due on 03-06-26 for loan A/c XX8332 Pay now to avoid charges -BOB,Bank,synthetic,False,Bank_4,1
Low balance alert: A/c XX5222 balance is Rs.319190. Maintain min balance to avoid charges.,Bank,synthetic,False,Bank_10,1
"Ah, well that confuses things, doesn‘t it?",Personal,uci,False,,5
Ur one time password is 423291 for Meesho. Please do not share it.,OTP,synthetic,False,OTP_5,0
"Ugh y can't u just apologize, admit u were wrong and ask me to take u back?",Personal,uci,False,,5
Juz go google n search 4 qet...,Personal,uci,False,,5
Your order OD3178416649 from BigBasket is arriving tomorrow Keep Rs.2255 ready for COD,Delivery,synthetic,False,Delivery_3,3
  Items in your order history are back in stock at Meesho. Prices start Rs.156.,Promo,synthetic,False,Promo_23,2
UPMA FROM DELHIVERY IS ARRIVING WITH YOUR PACKAGE. CONTACT: 05727935299,Delivery,synthetic,False,Delivery_6,3
UPI payment of Rs.37319 to Triya successful. UPI Ref: 236264171623. -HDFC Bank,Bank,synthetic,False,Bank_6,1
"If you can make it any time tonight or whenever you can it's cool, just text me whenever you're around",Personal,uci,False,,5
Loved your recent Amazon order? Reorder in 1 tap and get 10% off today.,Promo,synthetic,False,Promo_22,2
Your Flipkart order OD9114690449 has been shipped via Delhivery Track: bitly/khrgch,Delivery,synthetic,False,Delivery_0,3
OTP for delivery of order OD5797360695 is 6979. Share only with the delivery agent. -Ekart,Delivery,synthetic,False,Delivery_9,3
"Nah, Wednesday. When should I bring the mini cheetos bag over?",Personal,uci,False,,5
Its ok..come to my home it vl nice to meet and v can chat..,Personal,uci,False,,5
Your A/c XX1948 is debited with INR 18532 on 27-04-26. Info: UPI-Qasim. Bal: INR 311897,Bank,synthetic,False,Bank_2,1
Low balance alert: A/c XX9604 balance is Rs.129692. Maintain min balance to avoid charges.,Bank,synthetic,False,Bank_10,1
Should I head straight there or what,Personal,uci,False,,5
  Mason from XpressBees is arriving with your package. Contact: 08431066717,Delivery,synthetic,False,Delivery_6,3
What should i eat fo lunch senor,Personal,uci,False,,5
  Cheque no. 454135307081 for Rs.7409 has been cleared from A/c XX4238. -SBI,Bank,synthetic,False,Bank_8,1
744500 is your verification code for sbi. never share your otp.,OTP,synthetic,False,OTP_3,0
179957 - use this to sign in. Never share this code with anyone.,OTP,synthetic,True,Hard_7,0
On the way to office da..,Personal,uci,False,,5
Your A/c XX8870 is debited with Rs.64894 on 21-03-26 Info: UPI-Yashica Bal: Rs.384874,Bank,synthetic,False,Bank_2,1
"Im cool ta luv but v.tired 2 cause i have been doin loads of planning all wk, we have got our social services inspection at the nursery! Take care & spk sn x.",Personal,uci,False,,5
  570354 - use this code to sign in to PNB. Never share it with anyone.,OTP,synthetic,False,OTP_7,0
INR 83842 debited from A/c XX9012 on 05-03-26 to Maya. Avl Bal: INR 14803. -Kotak,Bank,synthetic,False,Bank_0,1
No calls..messages..missed calls,Personal,uci,False,,5
  Coupon 8713 gives you free delivery on orders above Rs.1779. -Amazon,Promo,synthetic,True,Hard_1,2
Ok. I.ll do you right later.,Personal,uci,False,,5
"Very strange.  and  are watching the 2nd one now but i'm in bed. Sweet dreams, miss u ",Personal,uci,False,,5
86146 - use this code to sign in to Zomato. Never share it with anyone.,OTP,synthetic,False,OTP_7,0
Your one time password is 171935 for Kotak. Please do not share it.,OTP,synthetic,False,OTP_5,0
Your Jio pack expires tomorrow. Recharge with Rs.1444 for 3GB/day + unlimited calls.,Promo,synthetic,False,Promo_10,2
You will recieve your tone within the next 24hrs. For Terms and conditions please see Channel U Teletext Pg 750,Spam,uci,False,,4
Delivered!  Your BigBasket order OD5061182040 was delivered on 02 Jul. Rate your experience: bit.ly/eCxMOA,Delivery,synthetic,False,Delivery_2,3
Exclusive for you! Buy 1 Get 1 FREE at Amazon. Limited period offer. Visit bit.ly/bwIqjj,Promo,synthetic,False,Promo_3,2
  Enter 842341 to verify your mobile number for Ola.,OTP,synthetic,False,OTP_10,0
"Fantasy Football is back on your TV. Go to Sky Gamestar on Sky Active and play £250k Dream Team. Scoring starts on Saturday, so register now!SKY OPT OUT to 88088",Spam,uci,False,,4
464591 is your OTP for Amazon login. Valid for 5 minutes. Do not share with anyone.,OTP,synthetic,False,OTP_0,0
U GOIN OUT 2NITE?,Personal,uci,False,,5
Flight fares dropped! DEL-LKO from Rs.868. Book on Goibibo before midnight.,Promo,synthetic,False,Promo_16,2
Well that must be a pain to catch,Personal,uci,False,,5
Interest of Rs.21674 credited to your FD A/c XX5617. -HDFC Bank,Bank,synthetic,False,Bank_9,1
Hungry? Get 70% off up to Rs.838 on your next 3 orders. Code: EAT18. -Swiggy,Promo,synthetic,False,Promo_12,2
"Never  share your OTP, PIN or CVV. BOB never asks for these. Stay safe.",Bank,synthetic,True,Hard_3,1
Your Myntra order OD7748344338 has been shipped via XpressBees. Track: bit.ly/hdmVsY,Delivery,synthetic,False,Delivery_0,3
Your credit card XX1539 statement is ready. Total due: INR 62947. Min due: INR 887. -HDFC Bank,Bank,synthetic,False,Bank_5,1
"Babe! I fucking love you too !! You know? Fuck it was so good to hear your voice. I so need that. I crave it. I can't get enough. I adore you, Ahmad *kisses*",Personal,uci,False,,5
I will come to ur home now,Personal,uci,False,,5
Congratulations! You won Rs.155583 in lucky draw Claim: bitly/XVHzvb,Spam,synthetic,True,Hard_12,4
"Hi Kiaan, unlock Rs.1203 off ur first order at Swiggy with code NEW13.",Promo,synthetic,False,Promo_7,2
Cheque no 333970265946 for Rs.42360 has been cleared from A/c XX4613 -BOB,Bank,synthetic,False,Bank_8,1
Can. Dunno wat to get 4 her...,Personal,uci,False,,5
Ur Zomato code: 189736,OTP,synthetic,False,OTP_8,0
Myntra: Your cart misses you! Complete purchase now & get 30% off. bit.ly/XcgYSw,Promo,synthetic,False,Promo_4,2
Auto-pay of Rs.57844 to Eesha is scheduled on 30-01-26 from A/c XX9564. Ensure sufficient balance.,Bank,synthetic,False,Bank_13,1
No way I'm going back there!,Personal,uci,False,,5
"Bro send me Rs.3841 on gpay, will return by 01 Jul",Personal,synthetic,True,Hard_5,5
Your BigBasket code: 88674,OTP,synthetic,False,OTP_8,0
Your order OD5770192029 from Swiggy is arriving tomorrow. Keep Rs.954 ready for COD.,Delivery,synthetic,False,Delivery_3,3
Ok lor. Msg me b4 u call.,Personal,uci,False,,5
Pay Rs.358 on delivery for order OD538734481. -BlueDart,Delivery,synthetic,True,Hard_10,3
your amazon membership expires soon. renew now & save 30%: bit.ly/lhycxs,Promo,synthetic,False,Promo_9,2
"Hi  Edhitha, unlock Rs.522 off your first order at Meesho with code NEW17.",Promo,synthetic,False,Promo_7,2
Last day! BigBasket clearance sale ends tonight. Up to 60% off sitewide.,Promo,synthetic,False,Promo_8,2
"Hi the way I was with u 2day, is the normal way&this is the real me. UR unique&I hope I know u 4 the rest of mylife. Hope u find wot was lost.",Personal,uci,False,,5
Your one time password is 649199 for PhonePe. Please do not share it.,OTP,synthetic,False,OTP_5,0
your one time password is 90801 for swiggy. please do not share it.,OTP,synthetic,False,OTP_5,0
Oh god i am happy to see your message after 3 days,Personal,uci,False,,5
Rs.64542 credited to A/c XX9588 on 26-05-26. Avl Bal: Rs.39825. -HDFC Bank,Bank,synthetic,False,Bank_1,1
704413 - use this code to sign in to BOB. Never share it with anyone.,OTP,synthetic,False,OTP_7,0
Your Axis Bank code: 714373 STOP to opt out,OTP,synthetic,False,OTP_8,0
HCL chennai requires FRESHERS for voice process.Excellent english needed.Salary upto  &lt;#&gt; .Call Ms.Suman  &lt;#&gt;  for Telephonic interview -via Indyarocks.com,Personal,uci,False,,5
  MEGA SALE! Get 60% OFF on all products at Swiggy. Shop now: bit.ly/KBrPUG T&C apply.,Promo,synthetic,False,Promo_0,2
682321 is your verification code for Hotstar. Never share your OTP.,OTP,synthetic,False,OTP_3,0
G-357304 is ur Google verification code.,OTP,synthetic,False,OTP_12,0
TBS/PERSOLVO. been chasing us since Sept for£38 definitely not paying now thanks to your information. We will ignore them. Kath. Manchester.,Spam,uci,False,,4
"hey, my new number is +910843209433. save it! meet at 8?",Personal,synthetic,True,Hard_4,5
Sorry i cant take your call right now. It so happens that there r 2waxsto do wat you want. She can come and ill get her medical insurance. And she'll be able to deliver and have basic care. I'm currently shopping for the right medical insurance for her. So just give me til friday morning. Thats when i.ll see the major person that can guide me to the right insurance.,Personal,uci,False,,5
Your Meesho membership expires soon. Renew now & save 20%: bit.ly/JIVFFI,Promo,synthetic,False,Promo_9,2
"Mon okie lor... Haha, best is cheap n gd food la, ex oso okie... Depends on whether wana eat western or chinese food... Den which u prefer... ",Personal,uci,False,,5
"Since when, which side, any fever, any vomitin.",Personal,uci,False,,5
Dear good morning how you feeling dear,Personal,uci,False,,5
salary of rs.93868 credited to a/c xx1459. avl bal: rs.223892. -sbi,Bank,synthetic,False,Bank_7,1
Exclusive for you! Buy 1 Get 1 FREE at Swiggy Limited period offer Visit bitly/ESyGxR,Promo,synthetic,False,Promo_3,2
Delivered! Your Amazon order OD5050407339 was delivered on 03 Jul. Rate your experience: bit.ly/fltrsz,Delivery,synthetic,False,Delivery_2,3
882300 is your OTP for Axis Bank login. Valid for 30 minutes. Do not share with anyone. -TM,OTP,synthetic,False,OTP_0,0
KYC update pending for A/c XX4802. Please visit your nearest HDFC Bank branch by 22-04-26 to avoid restrictions.,Bank,synthetic,False,Bank_12,1
Delivery attempt failed for order OD6121264376. We will retry tomorrow. -DTDC,Delivery,synthetic,False,Delivery_5,3
Not course. Only maths one day one chapter with in one month we can finish.,Personal,uci,False,,5
<#> 94907 is your Meesho code Valid 15 min hA8sk2Lqp3,OTP,synthetic,False,OTP_13,0
U have a secret admirer who is looking 2 make contact with U-find out who they R*reveal who thinks UR so special-call on 09058094594,Spam,uci,False,,4
"Dear relieved of westonzoyland, all going to plan this end too!",Personal,uci,False,,5
Your credit card XX8856 statement is ready. Total due: Rs.2017. Min due: Rs.816. -HDFC Bank,Bank,synthetic,False,Bank_5,1
Your Jio pack expires tomorrow. Recharge with Rs.282 for 1.5GB/day + unlimited calls.,Promo,synthetic,False,Promo_10,2
Hey mr  and I are going to the sea view and having a couple of gays I mean games! Give me a bell when ya finish ,Personal,uci,False,,5
Your A/c XX2056 is debited with Rs.85372 on 19-01-26. Info: UPI-Wahab. Bal: Rs.217793,Bank,synthetic,False,Bank_2,1
hungry? get 80% off up to rs.1819 on your next 3 orders. code: eat15. -zomato,Promo,synthetic,False,Promo_12,2
Me fine..absolutly fine,Personal,uci,False,,5
Out for delivery: Your Amazon package OD1854919638 will arrive today by 6 PM. -Delhivery,Delivery,synthetic,False,Delivery_1,3
"Hey, my new number is 00988912845. Save it! Meet at 8?",Personal,synthetic,True,Hard_4,5
Pls ask macho how much is budget for bb bold 2 is cos i saw a new one for  &lt;#&gt;  dollars.,Personal,uci,False,,5
OTP for delivery of order OD3547082785 is 4243 Share only with the delivery agent -Ekart,Delivery,synthetic,False,Delivery_9,3
Great. I was getting worried about you. Just know that a wonderful and caring person like you will have only the best in life. Know that u r wonderful and God's love is yours.,Personal,uci,False,,5
"Get the door, I'm here",Personal,uci,False,,5
Thank god they are in bed!,Personal,uci,False,,5
"I can't, I don't have her number!",Personal,uci,False,,5
U're welcome... Caught u using broken english again...,Personal,uci,False,,5
Wah... Okie okie... Muz make use of e unlimited... Haha... ,Personal,uci,False,,5
Flight fares dropped! BLR-CCU from Rs.1256. Book on ixigo before midnight.,Promo,synthetic,False,Promo_16,2
"Your account has been credited with 500 FREE Text Messages. To activate, just txt the word: CREDIT to No: 80488 T&Cs www.80488.biz",Spam,uci,False,,4
pay rs.1783 on delivery for order od593838667. -bluedart,Delivery,synthetic,True,Hard_10,3
Wat would u like 4 ur birthday?,Personal,uci,False,,5
17817  - use this code to sign in to Swiggy. Never share it with anyone.,OTP,synthetic,False,OTP_7,0
YOUR FLIPKART MEMBERSHIP EXPIRES SOON. RENEW NOW & SAVE 30%: BIT.LY/JMCDJM,Promo,synthetic,False,Promo_9,2
"Mila, age23, blonde, new in UK. I look sex with UK guys. if u like fun with me. Text MTALK to 69866.18 . 30pp/txt 1st 5free. £1.50 increments. Help08718728876",Spam,uci,False,,4
Yup ok thanx...,Personal,uci,False,,5
Salary of Rs.92207 credited to A/c XX1450. Avl Bal: Rs.205731. -SBI,Bank,synthetic,False,Bank_7,1
When you are big..| God will bring success.,Personal,uci,False,,5
Your FD of Rs.35167 matures on 15-04-26. Renew or withdraw via netbanking. -SBI,Bank,synthetic,False,Bank_14,1
Good morning princess! How are you?,Personal,uci,False,,5
Convert  your Axis Bank card purchase of Rs.1261 into easy EMIs at 0% interest. Reply YES.,Promo,synthetic,False,Promo_15,2
enter 246019 to verify your mobile number for paytm.,OTP,synthetic,False,OTP_10,0
Recharge with Rs.402 & get 80% extra talktime. Offer valid today only!,Promo,synthetic,False,Promo_5,2
I'm not. She lip synced with shangela.,Personal,uci,False,,5
Data exhausted? Get 3GB extra with Rs.623 booster pack Dial *121# or visit app,Promo,synthetic,False,Promo_11,2
Change again... It's e one next to escalator...,Personal,uci,False,,5
Convert your Axis Bank card purchase of Rs.404 into easy EMIs at 0% interest. Reply YES. -TM,Promo,synthetic,False,Promo_15,2
Mohammed from XpressBees is arriving with your package. Contact: 2392341021,Delivery,synthetic,False,Delivery_6,3
Low balance alert: A/c XX5951 balance is Rs.372786. Maintain min balance to avoid charges.,Bank,synthetic,False,Bank_10,1
RECPT 1/3. You have ordered a Ringtone. Your order is being processed...,Spam,uci,False,,4
489485 - use this to sign in. Never share this code with anyone.,OTP,synthetic,True,Hard_7,0
Your PNB debit card XX3295 has been blocked due to suspicious activity. Visit branch or call 1800-XXX to unblock.,Bank,synthetic,False,Bank_11,1
U have a Secret Admirer who is looking 2 make contact with U-find out who they R*reveal who thinks UR so special-call on 09065171142-stopsms-08718727870150ppm,Spam,uci,False,,4
536539 is your hotstar security code. anyone asking for it is a scammer.,OTP,synthetic,False,OTP_9,0
No she didnt. I will search online and let you know.,Personal,uci,False,,5
Work from home! Earn Rs.1219295/month Join: bitly/fUrNOB,Spam,synthetic,True,Hard_14,4
"  Hi Indrajit, unlock Rs.943 off your first order at Swiggy with code NEW96.",Promo,synthetic,False,Promo_7,2
374182 - use this to sign in. Never share this code with anyone.,OTP,synthetic,True,Hard_7,0
order od4168776739 packed and ready! expected dispatch by 03 jul. -meesho,Delivery,synthetic,False,Delivery_8,3
K I'll be sure to get up before noon and see what's what,Personal,uci,False,,5
Interest of Rs.97487 credited to your FD A/c XX8601. -BOB,Bank,synthetic,False,Bank_9,1
How much you got for cleaning,Personal,uci,False,,5
your swiggy membership expires soon. renew now & save 20%: bit.ly/fdbkfh,Promo,synthetic,False,Promo_9,2
Your  A/c XX8527 is debited with Rs.49285 on 18-02-26. Info: UPI-Aarav. Bal: Rs.182951,Bank,synthetic,False,Bank_2,1
"Ahhhh...just woken up!had a bad dream about u tho,so i dont like u right now :) i didnt know anything about comedy night but i guess im up for it.",Personal,uci,False,,5
Ok..,Personal,uci,False,,5
Convert your SBI card purchase of Rs.507 into easy EMIs at 0% interest. Reply YES.,Promo,synthetic,False,Promo_15,2
Omg it could snow here tonite!,Personal,uci,False,,5
Which is weird because I know I had it at one point,Personal,uci,False,,5
OTP for delivery of order OD5677858126 is 7139. Share only with the delivery agent. -DTDC,Delivery,synthetic,False,Delivery_9,3
"Haha get used to driving to usf man, I know a lot of stoners",Personal,uci,False,,5
Amazon: Your cart misses you! Complete purchase now & get 20% off. bit.ly/NEzNxd T&C apply,Promo,synthetic,False,Promo_4,2
Pay Rs.4640 on delivery for order OD487234464. -DTDC,Delivery,synthetic,True,Hard_10,3
oh ya... Got hip hop open. Haha i was thinking can go for jazz then zoom to cine... Actually tonight i'm free leh... And there's a kb lesson tonight,Personal,uci,False,,5
TAP TO VERIFY: 625644. THIS CODE EXPIRES SHORTLY.,OTP,synthetic,True,Hard_9,0
Items  in your order history are back in stock at Myntra. Prices start Rs.254.,Promo,synthetic,False,Promo_23,2
"Hi , where are you? We're at  and they're not keen to go out i kind of am but feel i shouldn't so can we go out tomo, don't mind do you?",Personal,uci,False,,5
Dude while were makin those weirdy brownies my sister made awesome cookies. I took pics.,Personal,uci,False,,5
ZOMATO: FREE DELIVERY ALL WEEKEND! ORDER YOUR FAVOURITES NOW.,Promo,synthetic,False,Promo_13,2
INTEREST OF RS.89805 CREDITED TO YOUR FD A/C XX3456. -HDFC BANK,Bank,synthetic,False,Bank_9,1
"Hi. Wk been ok - on hols now! Yes on for a bit of a run. Forgot that i have hairdressers appointment at four so need to get home n shower beforehand. Does that cause prob for u?""",Personal,uci,False,,5
Your ICICI Bank debit card XX8384 has been blocked due to suspicious activity. Visit branch or call 1800-XXX to unblock. STOP to opt out,Bank,synthetic,False,Bank_11,1
Work  from home! Earn Rs.863036/month. Join: bit.ly/uaDJhm,Spam,synthetic,True,Hard_14,4
I've been barred from all B and Q stores for life!?This twat in orange dungerees came up to me and asked if I wanted decking? So I got the first punch in!!,Personal,uci,False,,5
"I guess you could be as good an excuse as any, lol.",Personal,uci,False,,5
Unfortunately i've just found out that we have to pick my sister up from the airport that evening so don't think i'll be going out at all. We should try to go out one of th,Personal,uci,False,,5
Auto-pay  of Rs.3458 to Tejas is scheduled on 07-02-26 from A/c XX9796. Ensure sufficient balance.,Bank,synthetic,False,Bank_13,1
588790  is your verification code for Paytm. Never share your OTP.,OTP,synthetic,False,OTP_3,0
Yes i think so. I am in office but my lap is in room i think thats on for the last few days. I didnt shut that down,Personal,uci,False,,5
Ok no prob... I'll come after lunch then...,Personal,uci,False,,5
recharge with rs.1922 & get 70% extra talktime. offer valid today only!,Promo,synthetic,False,Promo_5,2
ZOMATO: 721909 IS YOUR LOGIN OTP. IT EXPIRES IN 30 MINUTES.,OTP,synthetic,False,OTP_6,0
EMI of Rs.96118 due on 23-02-26 for loan A/c XX6346. Pay now to avoid charges. -HDFC Bank,Bank,synthetic,False,Bank_4,1
  402553 is your verification code for Uber. Never share your OTP.,OTP,synthetic,False,OTP_3,0
Jesus christ bitch I'm trying to give you drugs answer your fucking phone,Personal,uci,False,,5
Tap to verify: 376767. This code expires shortly.,OTP,synthetic,True,Hard_9,0
Rofl betta invest in some  anti aging products,Personal,uci,False,,5
"Hi Urishilla, unlock Rs.1887 off ur first order at Amazon with code NEW48.",Promo,synthetic,False,Promo_7,2
Hurry home. Soup is DONE!,Personal,uci,False,,5
Salary of Rs.11204 credited to A/c XX6625. Avl Bal: Rs.466831. -ICICI Bank,Bank,synthetic,False,Bank_7,1
"Thank you so much. When we skyped wit kz and sura, we didnt get the pleasure of your company. Hope you are good. We've given you ultimatum oh! We are countin down to aburo. Enjoy! This is the message i sent days ago",Personal,uci,False,,5
No just send to you. Bec you in temple na.,Personal,uci,False,,5
What r u cooking me for dinner?,Personal,uci,False,,5
Yup he msg me: is tat yijue? Then i tot it's my group mate cos we meeting today mah... I'm askin if ü leaving earlier or wat mah cos mayb ü haf to walk v far...,Personal,uci,False,,5
"Only just got this message, not ignoring you. Yes, i was. Shopping that is",Personal,uci,False,,5
"Not yet chikku..k, then wat abt tht guy did he stopped irritating or msging to u..",Personal,uci,False,,5
"accordingly. I repeat, just text the word ok on your mobile phone and send",Spam,uci,False,,4
Yay can't wait to party together!,Personal,uci,False,,5
  Order OD6382871525 packed and ready! Expected dispatch by 06 Jul. -Meesho,Delivery,synthetic,False,Delivery_8,3
UPI payment of Rs.75534 to Naksh successful. UPI Ref: 355042039652. -Kotak,Bank,synthetic,False,Bank_6,1
"Every King Was Once A Crying Baby And Every Great Building Was Once A Map.. Not Imprtant Where U r TODAY, BUT Where U Wil Reach TOMORW. Gud ni8",Personal,uci,False,,5
251923 - use this code to sign in to BOB. Never share it with anyone.,OTP,synthetic,False,OTP_7,0
URGENT! We are trying to contact U. Todays draw shows that you have won a £800 prize GUARANTEED. Call 09050003091 from land line. Claim C52. Valid 12hrs only,Spam,uci,False,,4
DATA EXHAUSTED? GET 3GB EXTRA WITH RS.853 BOOSTER PACK. DIAL *121# OR VISIT APP.,Promo,synthetic,False,Promo_11,2
Your Axis Bank debit card XX5308 has been blocked due to suspicious activity. Visit branch or call 1800-XXX to unblock.,Bank,synthetic,False,Bank_11,1
Tap to verify: 813146. This code expires shortly.,OTP,synthetic,True,Hard_9,0
  Last day! Flipkart clearance sale ends tonight. Up to 40% off sitewide.,Promo,synthetic,False,Promo_8,2
No. I.ll meet you in the library,Personal,uci,False,,5
Congratulations! You won Rs.287414 in lucky draw. Claim: bit.ly/XZAwXz,Spam,synthetic,True,Hard_12,4
Missed our shows? Come back to Hotstar at 50% off for 3 months. Resubscribe: bit.ly/YjMpIz,Promo,synthetic,False,Promo_19,2
Just trying to figure out when I'm suppose to see a couple different people this week. We said we'd get together but I didn't set dates,Personal,uci,False,,5
Your Uber code: 5558,OTP,synthetic,True,Hard_8,0
Auto-pay of Rs.78266 to Rachit is scheduled on 19-02-26 from A/c XX2404. Ensure sufficient balance.,Bank,synthetic,False,Bank_13,1
  KYC update pending for A/c XX2741. Please visit your nearest Axis Bank branch by 22-04-26 to avoid restrictions.,Bank,synthetic,False,Bank_12,1
No dear i do have free messages without any recharge. Hi hi hi,Personal,uci,False,,5
Salary of Rs.25195 credited to A/c XX7861. Avl Bal: Rs.331018. -PNB,Bank,synthetic,False,Bank_7,1
Use code 3743 at checkout for 10% off at Myntra!,Promo,synthetic,True,Hard_0,2
Jus finish my lunch on my way home lor... I tot u dun wan 2 stay in sch today...,Personal,uci,False,,5
RS.77397 DEBITED FROM A/C XX4077 ON 19-03-26 TO ABEER. AVL BAL: RS.491772. -PNB,Bank,synthetic,False,Bank_0,1
"And how you will do that, princess? :)",Personal,uci,False,,5
Your Uber code: 6791,OTP,synthetic,True,Hard_8,0
If you don't respond imma assume you're still asleep and imma start calling n shit,Personal,uci,False,,5
RS.58225 CREDITED TO A/C XX4248 ON 06-03-26. AVL BAL: RS.246250. -PNB,Bank,synthetic,False,Bank_1,1
HDFC BANK: 501640 IS YOUR LOGIN OTP. IT EXPIRES IN 15 MINUTES.,OTP,synthetic,False,OTP_6,0
No got new job at bar in airport on satsgettin 4.47per hour but means no lie in! keep in touch,Personal,uci,False,,5
rs.65814 credited to a/c xx6266 on 27-01-26. avl bal: rs.398616. -bob,Bank,synthetic,False,Bank_1,1
  Auto-pay of Rs.47178 to Girish is scheduled on 31-01-26 from A/c XX3596. Ensure sufficient balance.,Bank,synthetic,False,Bank_13,1
No probably  &lt;#&gt; %.,Personal,uci,False,,5
I'll be in sch fr 4-6... I dun haf da book in sch... It's at home...,Personal,uci,False,,5
Rs.8467 debited from A/c XX9704 on 17-03-26 to Logan. Avl Bal: Rs.328711. -BOB,Bank,synthetic,False,Bank_0,1
Pay Rs.1695 on delivery for order OD566216320 -Ekart,Delivery,synthetic,True,Hard_10,3
Data exhausted? Get 1GB extra with Rs.1212 booster pack. Dial *121# or visit app.,Promo,synthetic,False,Promo_11,2
Delivery attempt failed for order OD3926240010. We will retry tomorrow. -Ekart,Delivery,synthetic,False,Delivery_5,3
work from home! earn rs.1846014/month. join: bit.ly/ujbkui,Spam,synthetic,True,Hard_14,4
congratulations! you won rs.230883 in lucky draw. claim: bit.ly/yyvfkx,Spam,synthetic,True,Hard_12,4
"Ill call u 2mrw at ninish, with my address that icky American freek wont stop callin me 2 bad Jen k eh?",Personal,uci,False,,5
I have had two more letters from . I will copy them for you cos one has a message for you. Speak soon,Personal,uci,False,,5
Your order OD9016992616 from Amazon is arriving tomorrow. Keep Rs.3533 ready for COD.,Delivery,synthetic,False,Delivery_3,3
Now? I'm going out 4 dinner soon..,Personal,uci,False,,5
"Just gettin a bit arty with my collages at the mo, well tryin 2 ne way! Got a roast in a min lovely i shall enjoy that!",Personal,uci,False,,5
I hope your pee burns tonite.,Personal,uci,False,,5
"Hey, my new number is +913942394336. Save it! Meet at tonight?",Personal,synthetic,True,Hard_4,5
I want to be inside you every night...,Personal,uci,False,,5
Happy New year my dear brother. I really do miss you. Just got your number and decided to send you this text wishing you only happiness. Abiola,Personal,uci,False,,5
  Delivered! Your Myntra order OD8934623685 was delivered on 04 Jul. Rate your experience: bit.ly/UMglpU,Delivery,synthetic,False,Delivery_2,3
Yep then is fine 7.30 or 8.30 for ice age.,Personal,uci,False,,5
I want  &lt;#&gt;  rs da:)do you have it?,Personal,uci,False,,5
Your Axis Bank debit card XX1138 has been blocked due to suspicious activity Visit branch or call 1800-XXX to unblock,Bank,synthetic,False,Bank_11,1
  Your credit card XX4546 statement is ready. Total due: Rs.7808. Min due: Rs.3383. -HDFC Bank,Bank,synthetic,False,Bank_5,1
Can you open the door?,Personal,uci,False,,5
Your credit card XX4417 statement is ready. Total due: Rs.40267. Min due: Rs.807. -PNB,Bank,synthetic,False,Bank_5,1
S.s:)i thinl role is like sachin.just standing. Others have to hit.,Personal,uci,False,,5
YOUR CREDIT CARD XX5870 STATEMENT IS READY. TOTAL DUE: RS.11967. MIN DUE: RS.3966. -HDFC BANK,Bank,synthetic,False,Bank_5,1
Come aftr  &lt;DECIMAL&gt; ..now i m cleaning the house,Personal,uci,False,,5
Out for delivery: Your Flipkart package OD1321375257 will arrive today by 6 PM. -XpressBees,Delivery,synthetic,False,Delivery_1,3
Do you like Italian food?,Personal,uci,False,,5
Out for delivery: Your BigBasket package OD5259285189 will arrive today by 9 PM. -DTDC,Delivery,synthetic,False,Delivery_1,3
Nah dub but je still buff,Personal,uci,False,,5
rs.56619 debited from a/c xx5169 on 24-03-26 to pooja. avl bal: rs.458704. -icici bank,Bank,synthetic,False,Bank_0,1
"The  &lt;#&gt; g that i saw a few days ago, the guy wants sell wifi only for  &lt;#&gt;  and with 3g for  &lt;#&gt; . That's why i blanked him.",Personal,uci,False,,5
  Delivered! Your BigBasket order OD7089613946 was delivered on 01 Jul. Rate your experience: bit.ly/DfRDll,Delivery,synthetic,False,Delivery_2,3
Swiggy Big Billion Days! Up to 70% off + extra 10% with ICICI Bank cards. Hurry!,Promo,synthetic,False,Promo_1,2
Later i guess. I needa do mcat study too.,Personal,uci,False,,5
SMS AUCTION You have won a Nokia 7250i. This is what you get when you win our FREE auction. To take part send Nokia to 86021 now. HG/Suite342/2Lands Row/W1JHL 16+,Spam,uci,False,,4
"It'll be tough, but I'll do what I have to",Personal,uci,False,,5
Your FD of Rs.23119 matures on 12-06-26. Renew or withdraw via netbanking. -SBI,Bank,synthetic,False,Bank_14,1
I think just yourself …Thanks and see you tomo,Personal,uci,False,,5
EMI of Rs.45322 due on 23-01-26 for loan A/c XX3386. Pay now to avoid charges. -SBI,Bank,synthetic,False,Bank_4,1
INR 98429 debited from A/c XX2052 on 01-02-26 to Onkar. Avl Bal: INR 178753. -SBI,Bank,synthetic,False,Bank_0,1
Dear we got  &lt;#&gt;  dollars hi hi,Personal,uci,False,,5
Ur cash-balance is currently 500 pounds - to maximize ur cash-in now send CASH to 86688 only 150p/msg. CC: 08708800282 HG/Suite342/2Lands Row/W1J6HL,Spam,uci,False,,4
I am sorry it hurt you.,Personal,uci,False,,5
Oh my God. I'm almost home,Personal,uci,False,,5
Your Airtel pack expires tomorrow. Recharge with Rs.1561 for 1GB/day + unlimited calls.,Promo,synthetic,False,Promo_10,2
They did't play one day last year know even though they have very good team.. Like india.,Personal,uci,False,,5
Recharge with Rs.140 & get 50% extra talktime. Offer valid today only!,Promo,synthetic,False,Promo_5,2
Your FD of Rs.43049 matures on 04-05-26. Renew or withdraw via netbanking. -ICICI Bank,Bank,synthetic,False,Bank_14,1
Congratulations! You won Rs.1594774 in lucky draw Claim: bitly/oqUqsg,Spam,synthetic,True,Hard_12,4
Lekha from DTDC is arriving with ur package. Contact: 7072521453,Delivery,synthetic,False,Delivery_6,3
I'm at work. Please call,Personal,uci,False,,5
OTP for delivery of order OD1743676053 is 4170. Share only with the delivery agent. -DTDC,Delivery,synthetic,False,Delivery_9,3
Your  Meesho membership expires soon. Renew now & save 60%: bit.ly/kERipz,Promo,synthetic,False,Promo_9,2
Yar he quite clever but aft many guesses lor. He got ask me 2 bring but i thk darren not so willing 2 go. Aiya they thk leona still not attach wat.,Personal,uci,False,,5
  Order OD4411617380 packed and ready! Expected dispatch by 04 Jul. -Zomato,Delivery,synthetic,False,Delivery_8,3
Enter 209609 to verify your mobile number for Myntra. T&C apply,OTP,synthetic,False,OTP_10,0
Low balance alert: A/c XX8082 balance is Rs.309934. Maintain min balance to avoid charges.,Bank,synthetic,False,Bank_10,1
<#> 263011 IS YOUR SBI CODE. VALID 15 MIN. HA8SK2LQP3,OTP,synthetic,False,OTP_13,0
53839 is your verification code for SBI Never share your OTP,OTP,synthetic,False,OTP_3,0
I will lick up every drop :) are you ready to use your mouth as well?,Personal,uci,False,,5
I'm reading the text i just sent you. Its meant to be a joke. So read it in that light,Personal,uci,False,,5
"Also north carolina and texas atm, you would just go to the gre site and pay for the test results to be sent.",Personal,uci,False,,5
Rs.25868 debited from A/c XX4942 on 25-05-26 to Onveer. Avl Bal: Rs.123762. -HDFC Bank T&C apply,Bank,synthetic,False,Bank_0,1
Auto-pay of Rs.97366 to Gopal is scheduled on 01-02-26 from A/c XX4460. Ensure sufficient balance.,Bank,synthetic,False,Bank_13,1
Coupon 1275 gives you free delivery on orders above Rs.4971. -Swiggy,Promo,synthetic,True,Hard_1,2
Delivered! Your Flipkart order OD5623479055 was delivered on 06 Jul. Rate your experience: bit.ly/TMzfpV,Delivery,synthetic,False,Delivery_2,3
Call from 08702490080 - tells u 2 call 09066358152 to claim £5000 prize. U have 2 enter all ur mobile & personal details @ the prompts. Careful!,Spam,uci,False,,4
MEGA SALE! Get 10% OFF on all products at Swiggy. Shop now: bit.ly/NXSrep T&C apply.,Promo,synthetic,False,Promo_0,2
Ultimately tor motive tui achieve korli.,Personal,uci,False,,5
INR 63712 credited to A/c XX9936 on 26-01-26. Avl Bal: INR 486610. -HDFC Bank,Bank,synthetic,False,Bank_1,1
Ojasvi from XpressBees is arriving with your package. Contact: +919529419831,Delivery,synthetic,False,Delivery_6,3
I'm done oredi...,Personal,uci,False,,5
Actually I decided I was too hungry so I haven't left yet :V,Personal,uci,False,,5
319296 is your OTP for Netflix login Valid for 10 minutes Do not share with anyone,OTP,synthetic,False,OTP_0,0
Order OD6830833633 packed and ready! Expected dispatch by 04 Jul. -Myntra,Delivery,synthetic,False,Delivery_8,3
Nothing spl..wat abt u and whr ru?,Personal,uci,False,,5
"Gud gud..k, chikku tke care.. sleep well gud nyt",Personal,uci,False,,5
Rs.53255 debited from A/c XX3427 on 30-01-26 to Lila. Avl Bal: Rs.207676. -PNB,Bank,synthetic,False,Bank_0,1
We're on the opposite side from where we dropped you off,Personal,uci,False,,5
Quite ok but a bit ex... U better go eat smth now else i'll feel guilty...,Personal,uci,False,,5
Use  355018 to complete your Axis Bank registration. Valid till 5 mins.,OTP,synthetic,False,OTP_4,0
YOUR MYNTRA ORDER OD8363444353 HAS BEEN SHIPPED VIA DTDC. TRACK: BIT.LY/LYJZJF,Delivery,synthetic,False,Delivery_0,3
Cheque no. 490430183867 for INR 65225 has been cleared from A/c XX1131. -PNB,Bank,synthetic,False,Bank_8,1
U dun say so early hor... U c already then say...,Personal,uci,False,,5
Auto-pay of Rs.91260 to Rachana is scheduled on 23-05-26 from A/c XX8133. Ensure sufficient balance.,Bank,synthetic,False,Bank_13,1
Ü go home liao? Ask dad to pick me up at 6...,Personal,uci,False,,5
"Hey, iouri gave me your number, I'm wylie, ryan's friend",Personal,uci,False,,5
520467 is ur verification code for Kotak. Never share ur OTP.,OTP,synthetic,False,OTP_3,0
When u love someone Dont make them to love u as much as u do. But Love them so much that they dont want to be loved by anyone except you... Gud nit.,Personal,uci,False,,5
Your SonyLIV plan renews on 04 Jul at Rs.486. Upgrade to 4K for Rs.536/month.,Promo,synthetic,False,Promo_18,2
BigBasket: Ur cart misses you! Complete purchase now & get 10% off. bit.ly/XvyWJD,Promo,synthetic,False,Promo_4,2
Why she wants to talk to me,Personal,uci,False,,5
"Party's at my place at usf, no charge (but if you can contribute in any way it is greatly appreciated) and yeah, we got room for one more",Personal,uci,False,,5
768054 is your Netflix security code. Anyone asking for it is a scammer.,OTP,synthetic,False,OTP_9,0
OTP for delivery of order OD9952560140 is 1421. Share only with the delivery agent. -XpressBees,Delivery,synthetic,False,Delivery_9,3
your fd of rs.43148 matures on 03-04-26. renew or withdraw via netbanking. -icici bank,Bank,synthetic,False,Bank_14,1
  Your FD of Rs.53744 matures on 18-03-26. Renew or withdraw via netbanking. -Axis Bank,Bank,synthetic,False,Bank_14,1
Mm i am on the way to railway,Personal,uci,False,,5
  OTP for delivery of order OD4055837457 is 9828. Share only with the delivery agent. -DTDC,Delivery,synthetic,False,Delivery_9,3
Santa calling! Would your little ones like a call from Santa Xmas Eve? Call 09077818151 to book you time. Calls1.50ppm last 3mins 30s T&C www.santacalling.com,Spam,uci,False,,4
U have 2697 reward points expiring on 05 Jul. Redeem on Myntra.,Promo,synthetic,False,Promo_20,2
Ok ill send you with in  &lt;DECIMAL&gt;  ok.,Personal,uci,False,,5
Myntra Big Billion Days! Up to 60% off + extra 10% with Kotak cards. Hurry!,Promo,synthetic,False,Promo_1,2
:-) yeah! Lol. Luckily i didn't have a starring role like you!,Personal,uci,False,,5
<#> 242261 is your BigBasket code. Valid 5 min. hA8sk2Lqp3,OTP,synthetic,False,OTP_13,0
Good night my dear.. Sleepwell&amp;Take care,Personal,uci,False,,5
"Shop till u Drop, IS IT YOU, either 10K, 5K, £500 Cash or £100 Travel voucher, Call now, 09064011000. NTT PO Box CR01327BT fixedline Cost 150ppm mobile vary",Spam,uci,False,,4
Salary of Rs.82450 credited to A/c XX3606. Avl Bal: Rs.487244. -SBI,Bank,synthetic,False,Bank_7,1
enter 910121 to verify your mobile number for hdfc bank.,OTP,synthetic,False,OTP_10,0
Loved  your recent Myntra order? Reorder in 1 tap and get 10% off today.,Promo,synthetic,False,Promo_22,2
"January Male Sale! Hot Gay chat now cheaper, call 08709222922. National rate from 1.5p/min cheap to 7.8p/min peak! To stop texts call 08712460324 (10p/min)",Spam,uci,False,,4
Aiyah u did ok already lar. E nydc at wheellock?,Personal,uci,False,,5
Data exhausted? Get 3GB extra with Rs.55 booster pack. Dial *121# or visit app.,Promo,synthetic,False,Promo_11,2
congratulations! you won rs.1454348 in lucky draw. claim: bit.ly/ofrknp,Spam,synthetic,True,Hard_12,4
Rayaan from Ekart is arriving with your package. Contact: +915756546606,Delivery,synthetic,False,Delivery_6,3
Exclusive for you! Buy 1 Get 1 FREE at BigBasket. Limited period offer. Visit bit.ly/cPFzJA,Promo,synthetic,False,Promo_3,2
Wat time ü finish?,Personal,uci,False,,5
Ok enjoy . R u there in home.,Personal,uci,False,,5
Last day! Amazon clearance sale ends tonight. Up to 30% off sitewide.,Promo,synthetic,False,Promo_8,2
SALARY OF RS.60073 CREDITED TO A/C XX5527. AVL BAL: RS.456252. -ICICI BANK,Bank,synthetic,False,Bank_7,1
  32527 is your verification code for ICICI Bank. Never share your OTP.,OTP,synthetic,False,OTP_3,0
Cheque no. 342451835243 for Rs.53070 has been cleared from A/c XX1014. -HDFC Bank,Bank,synthetic,False,Bank_8,1
Havent still waitin as usual... Ü come back sch oredi?,Personal,uci,False,,5
Same to u...,Personal,uci,False,,5
What i mean is do they come chase you out when its over or is it stated you can watch as many movies as you want.,Personal,uci,False,,5
Items in your order history are back in stock at Myntra. Prices start Rs.1808.,Promo,synthetic,False,Promo_23,2
Hey ! Don't forget ... You are MINE ... For ME ... My possession ... MY property ... MMM ... *childish smile* ...,Personal,uci,False,,5
  Your Uber code: 1145,OTP,synthetic,True,Hard_8,0
Pls come quick cant bare this.,Personal,uci,False,,5
Enter 557207 to verify your mobile number for PhonePe.,OTP,synthetic,False,OTP_10,0
Use 413183 to complete your Hotstar registration. Valid till 15 mins.,OTP,synthetic,False,OTP_4,0
You have 4879 reward points expiring on 02 Jul Redeem on Flipkart,Promo,synthetic,False,Promo_20,2
"The affidavit says  &lt;#&gt;  E Twiggs St, division g, courtroom  &lt;#&gt; , &lt;TIME&gt;  AM. I'll double check and text you again tomorrow",Personal,uci,False,,5
KYC update pending for A/c XX9207. Please visit your nearest BOB branch by 20-01-26 to avoid restrictions.,Bank,synthetic,False,Bank_12,1
Low balance alert: A/c XX8070 balance is Rs.355854. Maintain min balance to avoid charges.,Bank,synthetic,False,Bank_10,1
Yes but can we meet in town cos will go to gep and then home. You could text at bus stop. And don't worry we'll have finished by march … ish!,Personal,uci,False,,5
Dont know supports ass and srt i thnk. I think ps3 can play through usb too,Personal,uci,False,,5
  EMI of Rs.80808 due on 26-05-26 for loan A/c XX4310. Pay now to avoid charges. -HDFC Bank,Bank,synthetic,False,Bank_4,1
"Its Ur luck to Love someone. Its Ur fortune to Love the one who Loves U. But, its a miracle to Love a person who can't Love anyone except U... Gud nyt...",Personal,uci,False,,5
Cheque  no. 939056801037 for Rs.55287 has been cleared from A/c XX3183. -PNB,Bank,synthetic,False,Bank_8,1
Exclusive for you! Buy 1 Get 1 FREE at Flipkart. Limited period offer. Visit bit.ly/tqmajd,Promo,synthetic,False,Promo_3,2
Your  order OD4782404097 from BigBasket is arriving tomorrow. Keep Rs.1256 ready for COD.,Delivery,synthetic,False,Delivery_3,3
No need lar i go engin? Cos my sis at arts today...,Personal,uci,False,,5
Sorry i din lock my keypad.,Personal,uci,False,,5
UPI payment of Rs.22833 to Balveer successful. UPI Ref: 481630890797. -SBI STOP to opt out,Bank,synthetic,False,Bank_6,1
Do you hide anythiing or keeping distance from me,Personal,uci,False,,5
917983 - use this code to sign in to BOB. Never share it with anyone.,OTP,synthetic,False,OTP_7,0
Out for delivery: Your Zomato package OD2031714244 will arrive today by 9 PM. -XpressBees,Delivery,synthetic,False,Delivery_1,3
Myntra: Your cart misses you! Complete purchase now & get 60% off. bit.ly/euBYTa,Promo,synthetic,False,Promo_4,2
Data exhausted? Get 1.5GB extra with Rs.459 booster pack. Dial *121# or visit app.,Promo,synthetic,False,Promo_11,2
Use code 5562 at checkout for 25% off at Myntra!,Promo,synthetic,True,Hard_0,2
"Bored of speed dating? Try SPEEDCHAT, txt SPEEDCHAT to 80155, if you don't like em txt SWAP and get a new chatter! Chat80155 POBox36504W45WQ 150p/msg rcd 16",Spam,uci,False,,4
They are just making it easy to pay back. I have  &lt;#&gt; yrs to say but i can pay back earlier. You get?,Personal,uci,False,,5
U free on sat rite? U wan 2 watch infernal affairs wif me n darren n mayb xy?,Personal,uci,False,,5
For me the love should start with attraction.i should feel that I need her every time around me.she should be the first thing which comes in my thoughts.I would start the day and end it with her.she should be there every time I dream.love will be then when my every breath has her name.my life should happen around her.my life will be named to her.I would cry for her.will give all my happiness and take all her sorrows.I will be ready to fight with anyone for her.I will be in love when I will be doing the craziest things for her.love will be when I don't have to proove anyone that my girl is the most beautiful lady on the whole planet.I will always be singing praises for her.love will be when I start up making chicken curry and end up makiing sambar.life will be the most beautiful then.will get every morning and thank god for the day because she is with me.I would like to say a lot..will tell later..,Personal,uci,False,,5
your phonepe code: 441859,OTP,synthetic,False,OTP_8,0
I'm already back home so no probably not,Personal,uci,False,,5
"Nah, I'm a perpetual DD",Personal,uci,False,,5
Thk some of em find wtc too far... Weiyi not goin... E rest i dunno yet... R ur goin 4 dinner den i might b able to join...,Personal,uci,False,,5
Your credit card XX5923 statement is ready Total due: Rs.88817 Min due: Rs.2676 -Axis Bank,Bank,synthetic,False,Bank_5,1
Been running but only managed 5 minutes and then needed oxygen! Might have to resort to the roller option!,Personal,uci,False,,5
LAST DAY! SWIGGY CLEARANCE SALE ENDS TONIGHT. UP TO 20% OFF SITEWIDE.,Promo,synthetic,False,Promo_8,2
*deep sigh* ... I miss you :-( ... I am really surprised you haven't gone to the net cafe yet to get to me ... Don't you miss me?,Personal,uci,False,,5
Your Flipkart order OD8167068600 has been shipped via Delhivery Track: bitly/hvAaSK,Delivery,synthetic,False,Delivery_0,3
Rs.82386 debited from A/c XX1204 on 02-02-26 to Owen. Avl Bal: Rs.156643. -ICICI Bank,Bank,synthetic,False,Bank_0,1
Yar lor... How u noe? U used dat route too?,Personal,uci,False,,5
844980 is your verification code for Kotak. Never share your OTP.,OTP,synthetic,False,OTP_3,0
Your GPay code: 193559,OTP,synthetic,False,OTP_8,0
A £400 XMAS REWARD IS WAITING FOR YOU! Our computer has randomly picked you from our loyal mobile customers to receive a £400 reward. Just call 09066380611,Spam,uci,False,,4
Dear 0776xxxxxxx U've been invited to XCHAT. This is our final attempt to contact u! Txt CHAT to 86688 150p/MsgrcvdHG/Suite342/2Lands/Row/W1J6HL LDN 18yrs,Spam,uci,False,,4
  Your Meesho order OD5724921316 has been shipped via DTDC. Track: bit.ly/QfMCYl,Delivery,synthetic,False,Delivery_0,3
Auto-pay of Rs.18213 to Ekavir is scheduled on 25-03-26 from A/c XX1198. Ensure sufficient balance.,Bank,synthetic,False,Bank_13,1
Delivered! Your Zomato order OD2772521445 was delivered on 05 Jul. Rate your experience: bit.ly/MlboqE -TM,Delivery,synthetic,False,Delivery_2,3
Your Flipkart membership expires soon. Renew now & save 50%: bit.ly/vgRMXX,Promo,synthetic,False,Promo_9,2
280045 - use this code to sign in to Swiggy. Never share it with anyone.,OTP,synthetic,False,OTP_7,0
Your Amazon code: 362550,OTP,synthetic,False,OTP_8,0
Your SBI code: 884894,OTP,synthetic,False,OTP_8,0
"It could work, we'll reach a consensus at the next meeting",Personal,uci,False,,5
Both :) i shoot big loads so get ready!,Personal,uci,False,,5
Congratulations! You won Rs.1371247 in lucky draw. Claim: bit.ly/NgWzos -TM,Spam,synthetic,True,Hard_12,4
Low balance alert: A/c XX1335 balance is Rs.197547. Maintain min balance to avoid charges. STOP to opt out,Bank,synthetic,False,Bank_10,1
MEGA SALE! Get 40% OFF on all products at Swiggy. Shop now: bit.ly/GPvRbK T&C apply.,Promo,synthetic,False,Promo_0,2
MEGA SALE! Get 70% OFF on all products at Amazon. Shop now: bit.ly/JeUfKg T&C apply.,Promo,synthetic,False,Promo_0,2
"Dear Sir,Salam Alaikkum.Pride and Pleasure meeting you today at the Tea Shop.We are pleased to send you our contact number at Qatar.Rakhesh an Indian.Pls save our Number.Respectful Regards.",Personal,uci,False,,5
"Oh really? perform, write a paper, go to a movie AND be home by midnight, huh?",Personal,uci,False,,5
G-618465 IS YOUR GOOGLE VERIFICATION CODE.,OTP,synthetic,False,OTP_12,0
"I can't speak, bcaz mobile have problem. I can listen you but you cann't listen my voice. So i calls you later.",Personal,uci,False,,5
UPI payment of INR 99150 to Ladli successful. UPI Ref: 701337658377. -ICICI Bank,Bank,synthetic,False,Bank_6,1
Hungry? Get 70% off up to Rs.485 on your next 3 orders. Code: EAT51. -Swiggy,Promo,synthetic,False,Promo_12,2
"Give her something to drink, if she takes it and doesn't vomit then you her temp might drop. If she unmits however let me know.",Personal,uci,False,,5
Last day! Flipkart clearance sale ends tonight. Up to 60% off sitewide.,Promo,synthetic,False,Promo_8,2
Use 450251 to complete your GPay registration. Valid till 5 mins.,OTP,synthetic,False,OTP_4,0
FREE for 1st week! No1 Nokia tone 4 ur mob every week just txt NOKIA to 87077 Get txting and tell ur mates. zed POBox 36504 W45WQ norm150p/tone 16+,Spam,uci,False,,4
Delivery attempt failed for order OD7386144220. We will retry tomorrow. -BlueDart,Delivery,synthetic,False,Delivery_5,3
Pay Rs.1326 on delivery for order OD803310617. -DTDC,Delivery,synthetic,True,Hard_10,3
There's someone here that has a year  &lt;#&gt;  toyota camry like mr olayiwola's own. Mileage is  &lt;#&gt; k.its clean but i need to know how much will it sell for. If i can raise the dough for it how soon after landing will it sell. Holla back.,Personal,uci,False,,5
Delivery attempt failed for order OD6267204866 We will retry tomorrow -XpressBees,Delivery,synthetic,False,Delivery_5,3
I don know account details..i will ask my mom and send you.my mom is out of reach now.,Personal,uci,False,,5
Send his number and give reply tomorrow morning for why you said that to him like that ok,Personal,uci,False,,5
Sweet heart how are you?,Personal,uci,False,,5
You have 2055 reward points expiring on 01 Jul. Redeem on Zomato.,Promo,synthetic,False,Promo_20,2
"Camera quite good, 10.1mega pixels, 3optical and 5digital dooms. Have a lovely holiday, be safe and i hope you hav a good journey! Happy new year to you both! See you in a couple of weeks! ",Personal,uci,False,,5
MEGA SALE! Get 10% OFF on all products at Meesho. Shop now: bit.ly/RxCDww T&C apply. STOP to opt out,Promo,synthetic,False,Promo_0,2
Sos! Any amount i can get pls.,Personal,uci,False,,5
<#> 785546 is your GPay code. Valid 5 min. hA8sk2Lqp3,OTP,synthetic,False,OTP_13,0
Hello hun how ru? Its here by the way. Im good. Been on 2 dates with that guy i met in walkabout so far. We have to meet up soon. Hows everyone else?,Personal,uci,False,,5
That's y i said it's bad dat all e gals know u... Wat u doing now?,Personal,uci,False,,5
Isaiah from XpressBees is arriving with your package. Contact: +912504602534,Delivery,synthetic,False,Delivery_6,3
Hungry? Get 60% off up to Rs.1986 on your next 3 orders. Code: EAT61. -Zomato,Promo,synthetic,False,Promo_12,2
LOOK AT THE FUCKIN TIME. WHAT THE FUCK YOU THINK IS UP,Personal,uci,False,,5
  Rs.40029 debited from A/c XX3013 on 09-05-26 to Watika. Avl Bal: Rs.375438. -HDFC Bank,Bank,synthetic,False,Bank_0,1
"Piggy, r u awake? I bet u're still sleeping. I'm going 4 lunch now...",Personal,uci,False,,5
V nice! Off 2 sheffield tom 2 air my opinions on categories 2 b used 2 measure ethnicity in next census. Busy transcribing. :-),Personal,uci,False,,5
YOUR FLIPKART ORDER OD5988612782 HAS BEEN SHIPPED VIA EKART. TRACK: BIT.LY/GHZFEI,Delivery,synthetic,False,Delivery_0,3
567897 is ur verification code for Flipkart. Never share ur OTP.,OTP,synthetic,False,OTP_3,0
Your GPay code: 337328,OTP,synthetic,False,OTP_8,0
Rs.187  cashback credited to your PhonePe wallet. Use on your next order.,Promo,synthetic,False,Promo_21,2
That's y u haf 2 keep me busy...,Personal,uci,False,,5
INTEREST OF RS.71756 CREDITED TO YOUR FD A/C XX3341. -SBI,Bank,synthetic,False,Bank_9,1
"Alright, see you in a bit",Personal,uci,False,,5
Ok try to do week end course in coimbatore.,Personal,uci,False,,5
  G-589187 is your Google verification code.,OTP,synthetic,False,OTP_12,0
"Ah, well that confuses things, doesnt it? I thought was friends with now. Maybe i did the wrong thing but i already sort of invited -tho he may not come cos of money.",Personal,uci,False,,5
KYC update pending for A/c XX8373. Please visit ur nearest BOB branch by 03-02-26 to avoid restrictions.,Bank,synthetic,False,Bank_12,1
Rs.80811 debited from A/c XX5541 on 08-02-26 to Vihaan. Avl Bal: Rs.115042. -PNB,Bank,synthetic,False,Bank_0,1
Wrong phone! This phone! I answer this one but assume the other is people i don't well,Personal,uci,False,,5
Cheque no 370249307956 for Rs.53376 has been cleared from A/c XX5137 -BOB,Bank,synthetic,False,Bank_8,1
Want the latest Video handset? 750 anytime any network mins? Half price line rental? Reply or call 08000930705 for delivery tomorrow,Spam,uci,False,,4
Oh ok..,Personal,uci,False,,5
"Sorry my roommates took forever, it ok if I come by now?",Personal,uci,False,,5
122141 - use this code to sign in to Netflix. Never share it with anyone.,OTP,synthetic,False,OTP_7,0
* FREE* POLYPHONIC RINGTONE Text SUPER to 87131 to get your FREE POLY TONE of the week now! 16 SN PoBox202 NR31 7ZS subscription 450pw,Spam,uci,False,,4
Order OD2467129566 packed and ready! Expected dispatch by 01 Jul. -Amazon,Delivery,synthetic,False,Delivery_8,3
"Neither [in sterm voice] - i'm studying. All fine with me! Not sure the  thing will be resolved, tho. Anyway. Have a fab hols",Personal,uci,False,,5
<#> 919656 is your Flipkart code. Valid 5 min. hA8sk2Lqp3,OTP,synthetic,False,OTP_13,0
Your  Uber code: 5679,OTP,synthetic,True,Hard_8,0
Hungry? Get 10% off up to INR 293 on your next 3 orders. Code: EAT35. -Zomato,Promo,synthetic,False,Promo_12,2
YOUR AIRTEL PACK EXPIRES TOMORROW. RECHARGE WITH RS.856 FOR 1GB/DAY + UNLIMITED CALLS.,Promo,synthetic,False,Promo_10,2
Auto-pay of Rs.86696 to Qabil is scheduled on 23-02-26 from A/c XX3949. Ensure sufficient balance.,Bank,synthetic,False,Bank_13,1
G-318941 is your Google verification code,OTP,synthetic,False,OTP_12,0
Convert  your Axis Bank card purchase of Rs.1005 into easy EMIs at 0% interest. Reply YES.,Promo,synthetic,False,Promo_15,2
Your FD of Rs.66175 matures on 22-03-26. Renew or withdraw via netbanking. -Axis Bank,Bank,synthetic,False,Bank_14,1
Anything...,Personal,uci,False,,5
<#> 124695 is your BOB code Valid 5 min hA8sk2Lqp3,OTP,synthetic,False,OTP_13,0
Myntra: Your cart misses you! Complete purchase now & get 50% off. bit.ly/GzwCDe,Promo,synthetic,False,Promo_4,2
Yup i thk they r e teacher said that will make my face look longer. Darren ask me not 2 cut too short.,Personal,uci,False,,5
759064  is your OTP for BigBasket login. Valid for 2 minutes. Do not share with anyone.,OTP,synthetic,False,OTP_0,0
"Hi Banjeet, unlock Rs.786 off your first order at Amazon with code NEW31.",Promo,synthetic,False,Promo_7,2
Congratulations!  You won Rs.247837 in lucky draw. Claim: bit.ly/gOoijW,Spam,synthetic,True,Hard_12,4
Salary of INR 97167 credited to A/c XX6777. Avl Bal: INR 435795. -ICICI Bank,Bank,synthetic,False,Bank_7,1
K..k:)how about your training process?,Personal,uci,False,,5
Your Airtel pack expires tomorrow. Recharge with Rs.1500 for 2GB/day + unlimited calls.,Promo,synthetic,False,Promo_10,2
Loved ur recent Amazon order? Reorder in 1 tap and get 70% off today.,Promo,synthetic,False,Promo_22,2
G-400184 is ur Google verification code.,OTP,synthetic,False,OTP_12,0
Exclusive for you! Buy 1 Get 1 FREE at Amazon. Limited period offer. Visit bit.ly/mTMGwQ,Promo,synthetic,False,Promo_3,2
No..but heard abt tat..,Personal,uci,False,,5
Not yet chikku..wat abt u?,Personal,uci,False,,5
Out  for delivery: Your Flipkart package OD8179394846 will arrive today by 9 PM. -Delhivery,Delivery,synthetic,False,Delivery_1,3
Rs.13135 credited to A/c XX5452 on 16-05-26. Avl Bal: Rs.129094. -Axis Bank,Bank,synthetic,False,Bank_1,1
beware of fraud calls asking for card details. sbi officials never ask for pin or cvv.,Bank,synthetic,False,Bank_15,1
"The LAY MAN! Just to let you know you are missed and thought off. Do have a great day. And if you can send me bimbo and ugo's numbers, ill appreciate. Safe",Personal,uci,False,,5
Your one time password is 525995 for Flipkart. Please do not share it.,OTP,synthetic,False,OTP_5,0
cheque no. 897758304398 for rs.8176 has been cleared from a/c xx8837. -sbi,Bank,synthetic,False,Bank_8,1
SALARY OF RS.41550 CREDITED TO A/C XX3832. AVL BAL: RS.33616. -BOB,Bank,synthetic,False,Bank_7,1
VARSHA FROM XPRESSBEES IS ARRIVING WITH YOUR PACKAGE. CONTACT: +915572584138,Delivery,synthetic,False,Delivery_6,3
How much i gave to you. Morning.,Personal,uci,False,,5
PhonePe: 668051 is your login OTP. It expires in 15 minutes. STOP to opt out,OTP,synthetic,False,OTP_6,0
ORDER OD2578313506 PACKED AND READY! EXPECTED DISPATCH BY 05 JUL. -MEESHO,Delivery,synthetic,False,Delivery_8,3
okmail: Dear Dave this is your final notice to collect your 4* Tenerife Holiday or #5000 CASH award! Call 09061743806 from landline. TCs SAE Box326 CW25WX 150ppm,Spam,uci,False,,4
  MEGA SALE! Get 80% OFF on all products at Myntra. Shop now: bit.ly/fnribQ T&C apply.,Promo,synthetic,False,Promo_0,2
Your HDFC Bank code: 884602,OTP,synthetic,False,OTP_8,0
Two teams waiting for some players,Personal,uci,False,,5
Yes..gauti and sehwag out of odi series.,Personal,uci,False,,5
LORD OF THE RINGS:RETURN OF THE KING in store NOW!REPLY LOTR by 2 June 4 Chance 2 WIN LOTR soundtrack CDs StdTxtRate. Reply STOP to end txts,Spam,uci,False,,4
I've reached already.,Personal,uci,False,,5
Had your mobile 11mths ? Update for FREE to Oranges latest colour camera mobiles & unlimited weekend calls. Call Mobile Upd8 on freefone 08000839402 or 2StopTxt,Spam,uci,False,,4
BigBasket: 104401 is ur login OTP. It expires in 10 minutes.,OTP,synthetic,False,OTP_6,0
  KYC update pending for A/c XX3314. Please visit your nearest SBI branch by 22-03-26 to avoid restrictions.,Bank,synthetic,False,Bank_12,1
Missed our shows? Come back to SonyLIV at 50% off for 3 months. Resubscribe: bit.ly/mDzewG,Promo,synthetic,False,Promo_19,2
Order OD2903603045 packed and ready! Expected dispatch by 01 Jul -Flipkart,Delivery,synthetic,False,Delivery_8,3
1 in cbe. 2 in chennai.,Personal,uci,False,,5
Oh k:)after that placement there ah?,Personal,uci,False,,5
Udyati from Delhivery is arriving with your package. Contact: 05732367990,Delivery,synthetic,False,Delivery_6,3
upi payment of rs.79852 to ridhi successful. upi ref: 979676264820. -bob,Bank,synthetic,False,Bank_6,1
JADE ITS PAUL. Y DIDNT U TXT ME? DO U REMEMBER ME FROM BARMED? I WANT 2 TALK 2 U! TXT ME,Personal,uci,False,,5
I have a sore throat. It's scratches when I talk,Personal,uci,False,,5
Now get step 2 outta the way. Congrats again.,Personal,uci,False,,5
Why don't you go tell your friend you're not sure you want to live with him because he smokes too much then spend hours begging him to come smoke,Personal,uci,False,,5
Your Zomato order OD7630472366 has been shipped via BlueDart Track: bitly/lIPJMW,Delivery,synthetic,False,Delivery_0,3
Balhaar  from DTDC is arriving with your package. Contact: 7297358075,Delivery,synthetic,False,Delivery_6,3
USE CODE 5530 AT CHECKOUT FOR 25% OFF AT FLIPKART!,Promo,synthetic,True,Hard_0,2
Where wuld I be without my baby? The thought alone mite break me and I dont wanna go crazy but everyboy needs his lady xxxxxxxx,Personal,uci,False,,5
Annoying isn't it.,Personal,uci,False,,5
KYC update pending for A/c XX9298 Please visit your nearest ICICI Bank branch by 12-01-26 to avoid restrictions,Bank,synthetic,False,Bank_12,1
December only! Had your mobile 11mths+? You are entitled to update to the latest colour camera mobile for Free! Call The Mobile Update Co FREE on 08002986906 ,Spam,uci,False,,4
Data exhausted? Get 1GB extra with Rs.1560 booster pack. Dial *121# or visit app.,Promo,synthetic,False,Promo_11,2
Flight fares dropped! DEL-LKO from Rs.1117. Book on Goibibo before midnight.,Promo,synthetic,False,Promo_16,2
"Ever green quote ever told by Jerry in cartoon ""A Person Who Irritates u Always Is the one Who Loves u Vry Much But Fails to Express It...!..!! :-) :-) gud nyt",Personal,uci,False,,5
Your Netflix code: 27601,OTP,synthetic,False,OTP_8,0
"So check your errors and if you had difficulties, do correction.",Personal,uci,False,,5
Flipkart: 222110 is your login OTP. It expires in 5 minutes.,OTP,synthetic,False,OTP_6,0
  Your one time password is 665869 for BigBasket. Please do not share it.,OTP,synthetic,False,OTP_5,0
Hello. We need some posh birds and chaps to user trial prods for champneys. Can i put you down? I need your address and dob asap. Ta r,Spam,uci,False,,4
OTP for delivery of order OD3034764733 is 5144. Share only with the delivery agent. -DTDC -TM,Delivery,synthetic,False,Delivery_9,3
Tap to verify: 799723. This code expires shortly.,OTP,synthetic,True,Hard_9,0
Missed our shows? Come back to Hotstar at 50% off for 3 months. Resubscribe: bit.ly/HqJzcF,Promo,synthetic,False,Promo_19,2
258272 is your OTP for SBI login. Valid for 15 minutes. Do not share with anyone. -TM,OTP,synthetic,False,OTP_0,0
"Argh my 3g is spotty, anyway the only thing I remember from the research we did was that province and sterling were the only problem-free places we looked at",Personal,uci,False,,5
"Sure, if I get an acknowledgement from you that it's astoundingly tactless and generally faggy to demand a blood oath fo",Personal,uci,False,,5
OH FUCK. JUSWOKE UP IN A BED ON A BOATIN THE DOCKS. SLEPT WID 25 YEAR OLD. SPINOUT! GIV U DA GOSSIP L8R. XXX,Personal,uci,False,,5
"Haha good to hear, I'm officially paid and on the market for an 8th",Personal,uci,False,,5
You have 4162 reward points expiring on 03 Jul. Redeem on BigBasket.,Promo,synthetic,False,Promo_20,2
Already one guy loving you:-.,Personal,uci,False,,5
Your Vi pack expires tomorrow. Recharge with INR 1648 for 2GB/day + unlimited calls.,Promo,synthetic,False,Promo_10,2
  IRCTC: 676471 is your login OTP. It expires in 10 minutes.,OTP,synthetic,False,OTP_6,0
Salary of Rs.60409 credited to A/c XX2198. Avl Bal: Rs.87794. -Kotak,Bank,synthetic,False,Bank_7,1
"K, I'll work something out",Personal,uci,False,,5
Your Kotak code: 364358,OTP,synthetic,False,OTP_8,0
YOUR SBI CODE: 322423,OTP,synthetic,False,OTP_8,0
God's love has no limit. God's grace has no measure. God's power has no boundaries. May u have God's endless blessings always in ur life...!! Gud ni8,Personal,uci,False,,5
"Got hella gas money, want to go on a grand nature adventure with galileo in a little bit?",Personal,uci,False,,5
Also where's the piece,Personal,uci,False,,5
Long time. You remember me today.,Personal,uci,False,,5
OTP FOR DELIVERY OF ORDER OD6104851412 IS 9316. SHARE ONLY WITH THE DELIVERY AGENT. -BLUEDART,Delivery,synthetic,False,Delivery_9,3
Dont hesitate. You know this is the second time she has had weakness like that. So keep i notebook of what she eat and did the day before or if anything changed the day before so that we can be sure its nothing,Personal,uci,False,,5
My computer just fried the only essential part we don't keep spares of because my fucking idiot roommates looovvve leaving the thing running on full  &lt;#&gt; /7,Personal,uci,False,,5
YOUR FD OF RS.50343 MATURES ON 01-04-26. RENEW OR WITHDRAW VIA NETBANKING. -PNB,Bank,synthetic,False,Bank_14,1
Really good:)dhanush rocks once again:),Personal,uci,False,,5
Tap to verify: 179963. This code expires shortly.,OTP,synthetic,True,Hard_9,0
Your BOB debit card XX4087 has been blocked due to suspicious activity. Visit branch or call 1800-XXX to unblock.,Bank,synthetic,False,Bank_11,1
UPI payment of Rs.58941 to Simon successful. UPI Ref: 663306485262. -HDFC Bank,Bank,synthetic,False,Bank_6,1
Salary of INR 60517 credited to A/c XX6100. Avl Bal: INR 496651. -HDFC Bank,Bank,synthetic,False,Bank_7,1
I'm home...,Personal,uci,False,,5
Your order OD6879861513 from BigBasket is arriving tomorrow. Keep Rs.3723 ready for COD.,Delivery,synthetic,False,Delivery_3,3
Oh god..taken the teeth?is it paining,Personal,uci,False,,5
Not heard from U4 a while. Call 4 rude chat private line 01223585334 to cum. Wan 2C pics of me gettin shagged then text PIX to 8552. 2End send STOP 8552 SAM xxx,Spam,uci,False,,4
V skint too but fancied few bevies.waz gona go meet &othrs in spoon but jst bin watchng planet earth&sofa is v comfey; If i dont make it hav gd night,Personal,uci,False,,5
Hi :)finally i completed the course:),Personal,uci,False,,5
Coupon 6267 gives you free delivery on orders above Rs.1313. -Swiggy STOP to opt out,Promo,synthetic,True,Hard_1,2
Congratulations! U won Rs.1724375 in lucky draw. Claim: bit.ly/tJlJMT,Spam,synthetic,True,Hard_12,4
BIG BROTHER ALERT! The computer has selected u for 10k cash or #150 voucher. Call 09064018838. NTT PO Box CRO1327 18+ BT Landline Cost 150ppm mobiles vary,Spam,uci,False,,4
Great. Have a safe trip. Dont panic surrender all.,Personal,uci,False,,5
LOVED YOUR RECENT BIGBASKET ORDER? REORDER IN 1 TAP AND GET 20% OFF TODAY.,Promo,synthetic,False,Promo_22,2
MEGA  SALE! Get 70% OFF on all products at Flipkart. Shop now: bit.ly/JwwNel T&C apply.,Promo,synthetic,False,Promo_0,2
"Excellent, I'll see what riley's plans are",Personal,uci,False,,5
Rachita from Delhivery is arriving with your package. Contact: 06326681744,Delivery,synthetic,False,Delivery_6,3
Sorry da thangam.it's my mistake.,Personal,uci,False,,5
Ok lar... Joking wif u oni...,Personal,uci,False,,5
Hi:)did you asked to waheeda fathima about leave?,Personal,uci,False,,5
EXCLUSIVE FOR YOU! BUY 1 GET 1 FREE AT BIGBASKET. LIMITED PERIOD OFFER. VISIT BIT.LY/CDDUUO,Promo,synthetic,False,Promo_3,2
Does daddy have a bb now.,Personal,uci,False,,5
No it was cancelled yeah baby! Well that sounds important so i understand my darlin give me a ring later on this fone love Kate x,Personal,uci,False,,5
Out for delivery: Your Myntra package OD9732736982 will arrive today by 3 PM. -Ekart,Delivery,synthetic,False,Delivery_1,3
Exclusive for you! Buy 1 Get 1 FREE at Myntra. Limited period offer. Visit bit.ly/qaOYVU STOP to opt out,Promo,synthetic,False,Promo_3,2
K.i will send in  &lt;#&gt;  min:),Personal,uci,False,,5
Send me your id and password,Personal,uci,False,,5
Meesho: Your cart misses you! Complete purchase now & get 70% off bitly/RfVNQp,Promo,synthetic,False,Promo_4,2
Call FREEPHONE 0800 542 0578 now!,Spam,uci,False,,4
Dont worry. I guess he's busy.,Personal,uci,False,,5
Ur Meesho order OD6036529620 has been shipped via BlueDart. Track: bit.ly/KhXcjp,Delivery,synthetic,False,Delivery_0,3
SALARY OF RS.5382 CREDITED TO A/C XX5284. AVL BAL: RS.445661. -KOTAK,Bank,synthetic,False,Bank_7,1
  Out for delivery: Your Meesho package OD9679556596 will arrive today by 9 PM. -BlueDart,Delivery,synthetic,False,Delivery_1,3
Your A/c XX2978 is debited with Rs.43890 on 09-01-26. Info: UPI-Tarak. Bal: Rs.494241,Bank,synthetic,False,Bank_2,1
Your Airtel pack expires tomorrow. Recharge with INR 1481 for 1GB/day + unlimited calls.,Promo,synthetic,False,Promo_10,2
Minimum walk is 3miles a day.,Personal,uci,False,,5
Data  exhausted? Get 1GB extra with Rs.1362 booster pack. Dial *121# or visit app.,Promo,synthetic,False,Promo_11,2
349654 IS YOUR UBER SECURITY CODE. ANYONE ASKING FOR IT IS A SCAMMER.,OTP,synthetic,False,OTP_9,0
Your order OD5439977966 from Swiggy is arriving tomorrow Keep Rs.3325 ready for COD,Delivery,synthetic,False,Delivery_3,3
order od5182453763 packed and ready! expected dispatch by 06 jul. -myntra,Delivery,synthetic,False,Delivery_8,3
Items in ur order history are back in stock at Amazon. Prices start Rs.1846.,Promo,synthetic,False,Promo_23,2
Use code 1165 at checkout for 10% off at Swiggy!,Promo,synthetic,True,Hard_0,2
Where you. What happen,Personal,uci,False,,5
Your  order OD3491515413 from Meesho is arriving tomorrow. Keep Rs.1675 ready for COD.,Delivery,synthetic,False,Delivery_3,3
"OH RITE. WELL IM WITH MY BEST MATE PETE, WHO I WENT OUT WITH 4 A WEEK+ NOW WERE 2GEVA AGAIN. ITS BEEN LONGER THAN A WEEK.",Personal,uci,False,,5
Hi darlin did youPhone me? Im atHome if youwanna chat.,Personal,uci,False,,5
EMI of Rs.70328 due on 15-03-26 for loan A/c XX4643. Pay now to avoid charges. -ICICI Bank,Bank,synthetic,False,Bank_4,1
Flipkart Big Billion Days! Up to 30% off + extra 10% with PNB cards. Hurry!,Promo,synthetic,False,Promo_1,2
Hurry home u big butt. Hang up on your last caller if u have to. Food is done and I'm starving. Don't ask what I cooked.,Personal,uci,False,,5
Your SBI debit card XX6608 has been blocked due to suspicious activity Visit branch or call 1800-XXX to unblock,Bank,synthetic,False,Bank_11,1
Dear customer ur ICICI Bank account will be blocked! Update KYC now: bit.ly/qQKgSc -TM,Spam,synthetic,True,Hard_11,4
Convert your PNB card purchase of Rs.418 into easy EMIs at 0% interest. Reply YES.,Promo,synthetic,False,Promo_15,2
Ur A/c XX5473 is debited with Rs.36023 on 16-06-26. Info: UPI-Ganga. Bal: Rs.138267,Bank,synthetic,False,Bank_2,1
309513 - use this code to sign in to Flipkart. Never share it with anyone.,OTP,synthetic,False,OTP_7,0
How was txting and driving,Personal,uci,False,,5
998893 is your verification code for IRCTC. Never share your OTP.,OTP,synthetic,False,OTP_3,0
I thk ü gotta go home by urself. Cos i'll b going out shopping 4 my frens present. ,Personal,uci,False,,5
Oh sorry please its over,Personal,uci,False,,5
Hungry? Get 40% off up to Rs.451 on your next 3 orders. Code: EAT85. -Zomato,Promo,synthetic,False,Promo_12,2
<#> 748023 is ur Paytm code. Valid 5 min. hA8sk2Lqp3,OTP,synthetic,False,OTP_13,0
Items in your order history are back in stock at Flipkart. Prices start INR 548.,Promo,synthetic,False,Promo_23,2
Sac will score big hundred.he is set batsman:-),Personal,uci,False,,5
Swiggy Big Billion Days! Up to 70% off + extra 10% with PNB cards. Hurry!,Promo,synthetic,False,Promo_1,2
734937  is your verification code for BigBasket. Never share your OTP.,OTP,synthetic,False,OTP_3,0
  OTP for delivery of order OD3512041089 is 6365. Share only with the delivery agent. -Ekart,Delivery,synthetic,False,Delivery_9,3
871617 is your verification code for Zomato. Never share your OTP.,OTP,synthetic,False,OTP_3,0
Your  PNB debit card XX7375 has been blocked due to suspicious activity. Visit branch or call 1800-XXX to unblock.,Bank,synthetic,False,Bank_11,1
Rs.77706 debited from A/c XX3144 on 01-07-26 to Devika. Avl Bal: Rs.102138. -HDFC Bank,Bank,synthetic,False,Bank_0,1
"FR'NDSHIP is like a needle of a clock. Though V r in d same clock, V r nt able 2 met. Evn if V meet,itz only 4few seconds. Bt V alwys stay conected. Gud 9t;-)",Personal,uci,False,,5
What is this 'hex' place you talk of? Explain!,Personal,uci,False,,5
Rs.80602  debited from A/c XX4745 on 21-06-26 to Sarthak. Avl Bal: Rs.432921. -Kotak,Bank,synthetic,False,Bank_0,1
Pls accept me for one day. Or am begging you change the number.,Personal,uci,False,,5
"I'm taking derek &amp; taylor to walmart, if I'm not back by the time you're done just leave the mouse on my desk and I'll text you when priscilla's ready",Personal,uci,False,,5
G-783913 IS YOUR GOOGLE VERIFICATION CODE.,OTP,synthetic,False,OTP_12,0
Salary of Rs.23252 credited to A/c XX9389. Avl Bal: Rs.374102. -Axis Bank,Bank,synthetic,False,Bank_7,1
Delivered! Your Meesho order OD1470770854 was delivered on 03 Jul. Rate your experience: bit.ly/SdccIJ,Delivery,synthetic,False,Delivery_2,3
Ur Zomato membership expires soon. Renew now & save 50%: bit.ly/CRGBFO,Promo,synthetic,False,Promo_9,2
EMI of INR 38814 due on 17-02-26 for loan A/c XX4465. Pay now to avoid charges. -ICICI Bank,Bank,synthetic,False,Bank_4,1
"Sorry, went to bed early, nightnight",Personal,uci,False,,5
Y so late but i need to go n get da laptop...,Personal,uci,False,,5
otp for delivery of order od9627595450 is 5944. share only with the delivery agent. -xpressbees,Delivery,synthetic,False,Delivery_9,3
"Hi Balendra, unlock Rs.295 off your first order at Zomato with code NEW37.",Promo,synthetic,False,Promo_7,2
Your BigBasket order OD9717216178 has been shipped via Ekart. Track: bit.ly/ixJvKi,Delivery,synthetic,False,Delivery_0,3
Esplanade lor. Where else...,Personal,uci,False,,5
Rs.23158 debited from A/c XX3292 on 27-02-26 to Sudiksha. Avl Bal: Rs.317688. -PNB,Bank,synthetic,False,Bank_0,1
kotak: 809665 is your login otp. it expires in 2 minutes.,OTP,synthetic,False,OTP_6,0
convert your axis bank card purchase of rs.713 into easy emis at 0% interest. reply yes.,Promo,synthetic,False,Promo_15,2
My house here e sky quite dark liao... If raining then got excuse not 2 run already rite... Hee...,Personal,uci,False,,5
Gr8. So how do you handle the victoria island traffic. Plus when's the album due,Personal,uci,False,,5
Missed our shows? Come back to SonyLIV at 50% off for 3 months. Resubscribe: bit.ly/zaAGWO T&C apply,Promo,synthetic,False,Promo_19,2
Your Meesho order OD3894708203 has been shipped via Delhivery Track: bitly/WCRdlk,Delivery,synthetic,False,Delivery_0,3
missed our shows? come back to prime video at 50% off for 3 months. resubscribe: bit.ly/hdqkec,Promo,synthetic,False,Promo_19,2
your myntra order od4685989811 has been shipped via dtdc. track: bit.ly/quuvwk,Delivery,synthetic,False,Delivery_0,3
will you like to be spoiled? :),Personal,uci,False,,5
Don't look back at the building because you have no coat and i don't want you to get more sick. Just hurry home and wear a coat to the gym!!!,Personal,uci,False,,5
salary of rs.9725 credited to a/c xx9364. avl bal: rs.49234. -bob,Bank,synthetic,False,Bank_7,1
"This is the 2nd time we have tried to contact u. U have won the £400 prize. 2 claim is easy, just call 087104711148 NOW! Only 10p per minute. BT-national-rate",Spam,uci,False,,4
Sounds like something that someone testing me would sayy,Personal,uci,False,,5
Never try alone to take the weight of a tear that comes out of ur heart and falls through ur eyes... Always remember a STUPID FRIEND is here to share... BSLVYL,Personal,uci,False,,5
Interest of Rs.25550 credited to your FD A/c XX1148 -Axis Bank,Bank,synthetic,False,Bank_9,1
YOUR CREDIT CARD XX2511 STATEMENT IS READY. TOTAL DUE: RS.21932. MIN DUE: RS.3113. -KOTAK,Bank,synthetic,False,Bank_5,1
Good morning. At the repair shop--the ONLY reason i'm up at this hour.,Personal,uci,False,,5
Hey mate. Spoke to the mag people. We‘re on.  the is deliver by the end of the month. Deliver on the 24th sept. Talk later. ,Personal,uci,False,,5
Rs.45530  credited to A/c XX8260 on 16-03-26. Avl Bal: Rs.27366. -ICICI Bank,Bank,synthetic,False,Bank_1,1
Pay INR 1318 on delivery for order OD494079520. -Ekart,Delivery,synthetic,True,Hard_10,3
170751 is your OTP for Paytm login. Valid for 2 minutes. Do not share with anyone.,OTP,synthetic,False,OTP_0,0
Jack from DTDC is arriving with your package. Contact: +911426120265,Delivery,synthetic,False,Delivery_6,3
Enter  171350 to verify your mobile number for GPay.,OTP,synthetic,False,OTP_10,0
MEGA SALE! GET 60% OFF ON ALL PRODUCTS AT BIGBASKET. SHOP NOW: BIT.LY/EXJHUU T&C APPLY.,Promo,synthetic,False,Promo_0,2
You should know now. So how's anthony. Are you bringing money. I've school fees to pay and rent and stuff like that. Thats why i need your help. A friend in need....|,Personal,uci,False,,5
Hi darlin i cantdo anythingtomorrow as myparents aretaking me outfor a meal. when are u free? Katexxx,Personal,uci,False,,5
  Your Uber code: 9433,OTP,synthetic,True,Hard_8,0
  Your A/c XX4360 is debited with Rs.57320 on 26-03-26. Info: UPI-Avni. Bal: Rs.359852,Bank,synthetic,False,Bank_2,1
Pay Rs.4841 on delivery for order OD870016718. -BlueDart -TM,Delivery,synthetic,True,Hard_10,3
Flipkart: Your cart misses you! Complete purchase now & get 70% off. bit.ly/JGfSgf,Promo,synthetic,False,Promo_4,2
"Customer service announcement. We recently tried to make a delivery to you but were unable to do so, please call 07090298926 to re-schedule. Ref:9307622",Spam,uci,False,,4
"K, jason says he's gonna be around so I'll be up there around  &lt;#&gt;",Personal,uci,False,,5
"That day ü say ü cut ur hair at paragon, is it called hair sense? Do ü noe how much is a hair cut? ",Personal,uci,False,,5
G-840607 is your Google verification code.,OTP,synthetic,False,OTP_12,0
Do you mind if I ask what happened? You dont have to say if it is uncomfortable.,Personal,uci,False,,5
"Hi this is yijue, can i meet u at 11 tmr?",Personal,uci,False,,5
YOUR SWIGGY ORDER OD6439514060 HAS BEEN SHIPPED VIA EKART. TRACK: BIT.LY/BZUIIN,Delivery,synthetic,False,Delivery_0,3
low balance alert: a/c xx1333 balance is rs.242530. maintain min balance to avoid charges.,Bank,synthetic,False,Bank_10,1
use 915445 to complete your hotstar registration. valid till 5 mins.,OTP,synthetic,False,OTP_4,0
says the  &lt;#&gt;  year old with a man and money. I'm down to my last  &lt;#&gt; . Still waiting for that check.,Personal,uci,False,,5
"Hi  Aachal, unlock Rs.1663 off your first order at Swiggy with code NEW61.",Promo,synthetic,False,Promo_7,2
Use 81784 to complete your BigBasket registration. Valid till 5 mins.,OTP,synthetic,False,OTP_4,0
Ur FD of Rs.42639 matures on 06-04-26. Renew or withdraw via netbanking. -Axis Bank,Bank,synthetic,False,Bank_14,1
Great! How is the office today?,Personal,uci,False,,5
Ur one time password is 653430 for GPay. Please do not share it.,OTP,synthetic,False,OTP_5,0
Cheque no. 632107121217 for Rs.7249 has been cleared from A/c XX6733. -BOB,Bank,synthetic,False,Bank_8,1
"I jus hope its true that  missin me cos i'm really missin him! You haven't done anything to feel guilty about, yet.",Personal,uci,False,,5
You have WON a guaranteed £1000 cash or a £2000 prize. To claim yr prize call our customer service representative on 08714712394 between 10am-7pm,Spam,uci,False,,4
Out for delivery: Your Myntra package OD6569467226 will arrive today by 12 PM -BlueDart,Delivery,synthetic,False,Delivery_1,3
712900  - use this to sign in. Never share this code with anyone.,OTP,synthetic,True,Hard_7,0
Last day! Myntra clearance sale ends tonight. Up to 20% off sitewide.,Promo,synthetic,False,Promo_8,2
Your Uber code: 512242,OTP,synthetic,False,OTP_8,0
Your one time password is 724580 for Ola. Please do not share it.,OTP,synthetic,False,OTP_5,0
Interest of Rs.13939 credited to your FD A/c XX3848. -SBI,Bank,synthetic,False,Bank_9,1
if you aren't here in the next  &lt;#&gt;  hours imma flip my shit,Personal,uci,False,,5
OTP for delivery of order OD8654785437 is 4905. Share only with the delivery agent. -Delhivery,Delivery,synthetic,False,Delivery_9,3
Zomato: Free delivery all weekend! Order ur favourites now.,Promo,synthetic,False,Promo_13,2
  Rs.93929 debited from A/c XX8861 on 15-02-26 to Amrita. Avl Bal: Rs.400321. -SBI,Bank,synthetic,False,Bank_0,1
Interest of Rs.19054 credited to your FD A/c XX6509. -BOB,Bank,synthetic,False,Bank_9,1
"Eerie Nokia tones 4u, rply TONE TITLE to 8007 eg TONE DRACULA to 8007 Titles: GHOST, ADDAMSFA, MUNSTERS, EXORCIST, TWILIGHT www.getzed.co.uk POBox36504W45WQ 150p ",Spam,uci,False,,4
  OTP for delivery of order OD3032416427 is 7763. Share only with the delivery agent. -DTDC,Delivery,synthetic,False,Delivery_9,3
  Rs.1608 cashback credited to your Paytm wallet. Use on your next order.,Promo,synthetic,False,Promo_21,2
your uber code: 3883,OTP,synthetic,True,Hard_8,0
Did you get any gift? This year i didnt get anything. So bad,Personal,uci,False,,5
Lol yep did that yesterday. Already got my fireplace. Now its just another icon sitting there for me.,Personal,uci,False,,5
Delivery attempt failed for order OD3968315414 We will retry tomorrow -Delhivery,Delivery,synthetic,False,Delivery_5,3
ITEMS IN YOUR ORDER HISTORY ARE BACK IN STOCK AT MYNTRA. PRICES START RS.400.,Promo,synthetic,False,Promo_23,2
Hungry? Get 80% off up to Rs.1806 on your next 3 orders Code: EAT25 -Swiggy,Promo,synthetic,False,Promo_12,2
Order OD4792627877 packed and ready! Expected dispatch by 02 Jul. -Zomato,Delivery,synthetic,False,Delivery_8,3
Your credit card XX3752 statement is ready. Total due: Rs.8729. Min due: Rs.4108. -HDFC Bank STOP to opt out,Bank,synthetic,False,Bank_5,1
Captain vijaykanth is doing comedy in captain tv..he is drunken :),Personal,uci,False,,5
Your order OD6296712003 from Zomato is arriving tomorrow. Keep Rs.4602 ready for COD.,Delivery,synthetic,False,Delivery_3,3
573876  is your GPay security code. Anyone asking for it is a scammer.,OTP,synthetic,False,OTP_9,0
He is world famamus....,Personal,uci,False,,5
Use  code 5725 at checkout for 50% off at Amazon!,Promo,synthetic,True,Hard_0,2
Uhhhhrmm isnt having tb test bad when youre sick,Personal,uci,False,,5
  Your Flipkart order OD9292381919 has been shipped via DTDC. Track: bit.ly/cKWZia,Delivery,synthetic,False,Delivery_0,3
hungry? get 50% off up to rs.563 on your next 3 orders. code: eat94. -zomato,Promo,synthetic,False,Promo_12,2
OTP for delivery of order OD7743703181 is 9165. Share only with the delivery agent. -XpressBees,Delivery,synthetic,False,Delivery_9,3
Haven't left yet so probably gonna be here til dinner,Personal,uci,False,,5
Your Amazon order OD4100673440 has been shipped via Ekart. Track: bit.ly/EqCzdL,Delivery,synthetic,False,Delivery_0,3
Cheque no. 570085692208 for Rs.62411 has been cleared from A/c XX2218. -Kotak,Bank,synthetic,False,Bank_8,1
"Although i told u dat i'm into baig face watches now but i really like e watch u gave cos it's fr u. Thanx 4 everything dat u've done today, i'm touched...",Personal,uci,False,,5
  Loved your recent Meesho order? Reorder in 1 tap and get 70% off today.,Promo,synthetic,False,Promo_22,2
Do you always celebrate NY's with your family ?,Personal,uci,False,,5
"Yeah work is fine, started last week, all the same stuff as before, dull but easy and guys are fun!",Personal,uci,False,,5
"Mostly sports type..lyk footbl,crckt..",Personal,uci,False,,5
Auto-pay of Rs.95944 to Tanveer is scheduled on 05-04-26 from A/c XX2218. Ensure sufficient balance.,Bank,synthetic,False,Bank_13,1
No it's waiting in e car dat's bored wat. Cos wait outside got nothing 2 do. At home can do my stuff or watch tv wat.,Personal,uci,False,,5
Your A/c XX8720 is debited with Rs.71142 on 28-02-26. Info: UPI-Balhaar. Bal: Rs.494211,Bank,synthetic,False,Bank_2,1
Enter 757875 to verify your mobile number for SBI,OTP,synthetic,False,OTP_10,0
Use code 8029 at checkout for 10% off at BigBasket!,Promo,synthetic,True,Hard_0,2
"Er, hello, things didn‘t quite go to plan – is limping slowly home followed by aa and with exhaust hanging off",Personal,uci,False,,5
What???? Hello wats talks email address?,Personal,uci,False,,5
Delivery attempt failed for order OD4567834952. We will retry tomorrow. -Ekart,Delivery,synthetic,False,Delivery_5,3
Your HDFC Bank code: 35446,OTP,synthetic,False,OTP_8,0
URGENT This is our 2nd attempt to contact U. Your £900 prize from YESTERDAY is still awaiting collection. To claim CALL NOW 09061702893,Spam,uci,False,,4
KYC  update pending for A/c XX7876. Please visit your nearest ICICI Bank branch by 02-02-26 to avoid restrictions.,Bank,synthetic,False,Bank_12,1
Cheque no. 460734711367 for Rs.16347 has been cleared from A/c XX2808. -PNB,Bank,synthetic,False,Bank_8,1
"Just arrived, see you in a couple days &lt;3",Personal,uci,False,,5
No i'm not gonna be able to. || too late notice. || i'll be home in a few weeks anyway. || what are the plans,Personal,uci,False,,5
SWIGGY: YOUR CART MISSES YOU! COMPLETE PURCHASE NOW & GET 10% OFF. BIT.LY/KYIYVY,Promo,synthetic,False,Promo_4,2
KYC update pending for A/c XX1598. Please visit your nearest HDFC Bank branch by 10-01-26 to avoid restrictions.,Bank,synthetic,False,Bank_12,1
Falguni from Ekart is arriving with your package. Contact: +913410940509,Delivery,synthetic,False,Delivery_6,3
Congratulations! You won Rs.1277575 in lucky draw. Claim: bit.ly/INYbLB,Spam,synthetic,True,Hard_12,4
Dear customer ur Kotak account will be blocked! Update KYC now: bit.ly/RAArXm,Spam,synthetic,True,Hard_11,4
Lol no. I just need to cash in my nitros. Hurry come on before I crash out!,Personal,uci,False,,5
Kallis wont bat in 2nd innings.,Personal,uci,False,,5
Well its not like you actually called someone a punto. That woulda been worse.,Personal,uci,False,,5
Your A/c XX7980 is debited with Rs.16561 on 16-01-26. Info: UPI-Pranit. Bal: Rs.275084,Bank,synthetic,False,Bank_2,1
Cheque no. 819084807824 for Rs.95084 has been cleared from A/c XX6783. -ICICI Bank,Bank,synthetic,False,Bank_8,1
items in your order history are back in stock at swiggy. prices start rs.1861.,Promo,synthetic,False,Promo_23,2
Ur BigBasket membership expires soon. Renew now & save 30%: bit.ly/OrJsVX,Promo,synthetic,False,Promo_9,2
We have to pick rayan macleran there.,Personal,uci,False,,5
ITEMS IN YOUR ORDER HISTORY ARE BACK IN STOCK AT AMAZON. PRICES START RS.842.,Promo,synthetic,False,Promo_23,2
I am taking half day leave bec i am not well,Personal,uci,False,,5
Your Uber code: 9137,OTP,synthetic,True,Hard_8,0
;-) ok. I feel like john lennon.,Personal,uci,False,,5
You bad girl. I can still remember them,Personal,uci,False,,5
I will send them to your email. Do you mind  &lt;#&gt;  times per night?,Personal,uci,False,,5
Mm umma ask vava also to come tell him can play later together,Personal,uci,False,,5
Do you want a New Nokia 3510i Colour Phone Delivered Tomorrow? With 200 FREE minutes to any mobile + 100 FREE text + FREE camcorder Reply or Call 08000930705,Spam,uci,False,,4
Rs.8123  credited to A/c XX6340 on 29-04-26. Avl Bal: Rs.364134. -SBI,Bank,synthetic,False,Bank_1,1
KYC update pending for A/c XX9627. Please visit your nearest HDFC Bank branch by 25-05-26 to avoid restrictions.,Bank,synthetic,False,Bank_12,1
"This weeks SavaMob member offers are now accessible. Just call 08709501522 for details! SavaMob, POBOX 139, LA3 2WU. Only £1.50/week. SavaMob - offers mobile!",Spam,uci,False,,4
UPI payment of INR 38797 to Jason successful. UPI Ref: 738759529561. -HDFC Bank,Bank,synthetic,False,Bank_6,1
Ur HDFC Bank code: 49813,OTP,synthetic,False,OTP_8,0
Your order OD1280814368 from Zomato is arriving tomorrow. Keep Rs.1790 ready for COD.,Delivery,synthetic,False,Delivery_3,3
last day! bigbasket clearance sale ends tonight. up to 50% off sitewide.,Promo,synthetic,False,Promo_8,2
No need to say anything to me. I know i am an outsider,Personal,uci,False,,5
  Your Zomato order OD8921997156 has been shipped via XpressBees. Track: bit.ly/JbngWz,Delivery,synthetic,False,Delivery_0,3
"Good evening Sir, Al Salam Wahleykkum.sharing a happy news.By the grace of God, i got an offer from Tayseer,TISSCO and i joined.Hope you are fine.Inshah Allah,meet you sometime.Rakhesh,visitor from India.",Personal,uci,False,,5
Auto-pay  of Rs.97950 to Warda is scheduled on 07-03-26 from A/c XX1575. Ensure sufficient balance.,Bank,synthetic,False,Bank_13,1
Your order OD5488217694 from BigBasket is arriving tomorrow Keep Rs.3326 ready for COD,Delivery,synthetic,False,Delivery_3,3
So do you have samus shoulders yet,Personal,uci,False,,5
That depends. How would you like to be treated? :),Personal,uci,False,,5
Rs.546 cashback credited to your Amazon Pay wallet. Use on your next order.,Promo,synthetic,False,Promo_21,2
Your Myntra order OD2507749759 has been shipped via Delhivery. Track: bit.ly/nCxeTz,Delivery,synthetic,False,Delivery_0,3
Congratulations! U won Rs.2038130 in lucky draw. Claim: bit.ly/HOmfDE,Spam,synthetic,True,Hard_12,4
Tap to verify: 375230. This code expires shortly.,OTP,synthetic,True,Hard_9,0
"Do you know why god created gap between your fingers..? So that, One who is made for you comes &amp; fills those gaps by holding your hand with LOVE..!",Personal,uci,False,,5
"Haven't found a way to get another app for your phone, eh ? Will you go to the net cafe ? Did you take that job? Geeee I need you babe. I crave to see you ...",Personal,uci,False,,5
"URGENT! Your mobile No 07xxxxxxxxx won a £2,000 bonus caller prize on 02/06/03! this is the 2nd attempt to reach YOU! call 09066362231 ASAP! BOX97N7QP, 150PPM",Spam,uci,False,,4
cheque no. 137491543686 for rs.88663 has been cleared from a/c xx5306. -kotak,Bank,synthetic,False,Bank_8,1
What about this one then.,Personal,uci,False,,5
  Use 708232 to complete your Myntra registration. Valid till 15 mins.,OTP,synthetic,False,OTP_4,0
86172 is your PhonePe security code. Anyone asking for it is a scammer.,OTP,synthetic,False,OTP_9,0
Havent mus ask if u can 1st wat. Of meet 4 lunch den u n him meet can already lor. Or u wan 2 go ask da ge 1st then confirm w me asap?,Personal,uci,False,,5
KYC update pending for A/c XX9944 Please visit your nearest Kotak branch by 06-06-26 to avoid restrictions,Bank,synthetic,False,Bank_12,1
Ur Swiggy order OD9918906754 has been shipped via BlueDart. Track: bit.ly/VNSgoy,Delivery,synthetic,False,Delivery_0,3
761195 - use this to sign in. Never share this code with anyone. STOP to opt out,OTP,synthetic,True,Hard_7,0
Delivered! Your Swiggy order OD9290785410 was delivered on 02 Jul. Rate your experience: bit.ly/MDKpWw,Delivery,synthetic,False,Delivery_2,3
"Yeah we wouldn't leave for an hour at least, how's 4 sound?",Personal,uci,False,,5
Nope. I just forgot. Will show next week,Personal,uci,False,,5
  Your credit card XX1988 statement is ready. Total due: Rs.70028. Min due: Rs.772. -Axis Bank,Bank,synthetic,False,Bank_5,1
I ask if u meeting da ge tmr nite...,Personal,uci,False,,5
U havent lost me ill always b here 4u.i didnt intend 2 hurt u but I never knew how u felt about me when Iwas+marine&thats what itried2tell urmom.i careabout u,Personal,uci,False,,5
Your Uber code: 8773,OTP,synthetic,True,Hard_8,0
interest of rs.54852 credited to your fd a/c xx5430. -kotak,Bank,synthetic,False,Bank_9,1
Your A/c XX5250 is debited with Rs.23372 on 17-01-26. Info: UPI-Kamya. Bal: Rs.243470,Bank,synthetic,False,Bank_2,1
Don't b floppy... b snappy & happy! Only gay chat service with photo upload call 08718730666 (10p/min). 2 stop our texts call 08712460324,Spam,uci,False,,4
HUNGRY? GET 70% OFF UP TO RS.258 ON YOUR NEXT 3 ORDERS. CODE: EAT12. -ZOMATO,Promo,synthetic,False,Promo_12,2
EMI  of Rs.9960 due on 14-01-26 for loan A/c XX5926. Pay now to avoid charges. -ICICI Bank,Bank,synthetic,False,Bank_4,1
Your B4U voucher w/c 27/03 is MARSMS. Log onto www.B4Utele.com for discount credit. To opt out reply stop. Customer care call 08717168528,Spam,uci,False,,4
Your order OD9637711688 from Myntra is arriving tomorrow. Keep Rs.4812 ready for COD.,Delivery,synthetic,False,Delivery_3,3
Mm so you asked me not to call radio,Personal,uci,False,,5
Ur one time password is 965804 for HDFC Bank. Please do not share it.,OTP,synthetic,False,OTP_5,0
", ow u dey.i paid 60,400thousad.i told  u would call . ",Personal,uci,False,,5
"Bro send me Rs.3225 on gpay, will return by 05 Jul",Personal,synthetic,True,Hard_5,5
I told her I had a Dr appt next week. She thinks I'm gonna die. I told her its just a check. Nothing to be worried about. But she didn't listen.,Personal,uci,False,,5
Btw regarding that we should really try to see if anyone else can be our 4th guy before we commit to a random dude,Personal,uci,False,,5
This message is brought to you by GMW Ltd. and is not connected to the,Spam,uci,False,,4
Was just about to ask. Will keep this one. Maybe that's why you didn't get all the messages we sent you on glo,Personal,uci,False,,5
Got meh... When?,Personal,uci,False,,5
Flight  fares dropped! DEL-PNQ from Rs.1361. Book on ixigo before midnight.,Promo,synthetic,False,Promo_16,2
Nvm... I'm going to wear my sport shoes anyway... I'm going to be late leh.,Personal,uci,False,,5
Oooh I got plenty of those!,Personal,uci,False,,5
605931 is your verification code for Swiggy. Never share your OTP. STOP to opt out,OTP,synthetic,False,OTP_3,0
I'm in class. Will holla later,Personal,uci,False,,5
IRCTC: SPECIAL TRAINS ADDED FOR FESTIVE SEASON. BOOK EARLY & SAVE UP TO 60%.,Promo,synthetic,False,Promo_17,2
INR 73637 credited to A/c XX4819 on 25-04-26. Avl Bal: INR 368715. -HDFC Bank,Bank,synthetic,False,Bank_1,1
Hi my email address has changed now it is ,Personal,uci,False,,5
Tap to verify: 775574. This code expires shortly.,OTP,synthetic,True,Hard_9,0
Your BigBasket order OD4312398262 has been shipped via XpressBees. Track: bit.ly/IIgHZB,Delivery,synthetic,False,Delivery_0,3
"You have won ?1,000 cash or a ?2,000 prize! To claim, call09050000327",Spam,uci,False,,4
Tap to verify: 647170. This code expires shortly.,OTP,synthetic,True,Hard_9,0
"Hey, my new number is 3380450130. Save it! Meet at 6pm?",Personal,synthetic,True,Hard_4,5
  Your order OD7644589885 from Meesho is arriving tomorrow. Keep Rs.3824 ready for COD.,Delivery,synthetic,False,Delivery_3,3
Your FD of INR 61103 matures on 14-02-26. Renew or withdraw via netbanking. -Kotak,Bank,synthetic,False,Bank_14,1
Tap to verify: 696504 This code expires shortly,OTP,synthetic,True,Hard_9,0
One of the joys in lifeis waking up each daywith thoughts that somewhereSomeone cares enough tosend a warm morning greeting.. -,Personal,uci,False,,5
"And that is the problem. You walk around in ""julianaland"" oblivious to what is going on around you. I say the same things constantly and they go in one ear and out the other while you go off doing whatever you want to do. It's not that you don't know why I'm upset--it's that you don't listen when i tell you WHAT is going to upset me. Then you want to be surprised when I'm mad.",Personal,uci,False,,5
Order OD3171422823 packed and ready! Expected dispatch by 06 Jul -Meesho,Delivery,synthetic,False,Delivery_8,3
Your PNB debit card XX2329 has been blocked due to suspicious activity. Visit branch or call 1800-XXX to unblock.,Bank,synthetic,False,Bank_11,1
Ur cash-balance is currently 500 pounds - to maximize ur cash-in now send CASH to 86688 only 150p/msg. CC: 08718720201 PO BOX 114/14 TCR/W1,Spam,uci,False,,4
Ur Jio pack expires tomorrow. Recharge with Rs.873 for 1GB/day + unlimited calls.,Promo,synthetic,False,Promo_10,2
319150 - use this code to sign in to myntra. never share it with anyone.,OTP,synthetic,False,OTP_7,0
754912 is your verification code for icici bank. never share your otp.,OTP,synthetic,False,OTP_3,0
SALARY OF RS.54049 CREDITED TO A/C XX2874. AVL BAL: RS.283176. -SBI,Bank,synthetic,False,Bank_7,1
"Theoretically yeah, he could be able to come",Personal,uci,False,,5
  Your Flipkart order OD6612886445 has been shipped via Ekart. Track: bit.ly/RsIzrF,Delivery,synthetic,False,Delivery_0,3
Ur one time password is 526997 for PhonePe. Please do not share it.,OTP,synthetic,False,OTP_5,0
Where @,Personal,uci,False,,5
<#> 665546 IS YOUR BOB CODE. VALID 10 MIN. HA8SK2LQP3,OTP,synthetic,False,OTP_13,0
Can... I'm free...,Personal,uci,False,,5
"Never share your OTP, PIN or CVV. BOB never asks for these. Stay safe.",Bank,synthetic,True,Hard_3,1
Interest of Rs.68552 credited to your FD A/c XX1202. -PNB,Bank,synthetic,False,Bank_9,1
your one time password is 37167 for uber. please do not share it.,OTP,synthetic,False,OTP_5,0
Hope this text meets you smiling. If not then let this text give you a reason to smile. Have a beautiful day.,Personal,uci,False,,5
Huh means computational science... Y they like dat one push here n there...,Personal,uci,False,,5
Your  Uber code: 1864,OTP,synthetic,True,Hard_8,0
"Hey babe, how's it going ? Did you ever figure out where your going for New Years ?",Personal,uci,False,,5
Delivery attempt failed for order OD1443447101. We will retry tomorrow. -DTDC,Delivery,synthetic,False,Delivery_5,3
Your Uber code: 7070,OTP,synthetic,True,Hard_8,0
Use 798339 to complete your Amazon registration. Valid till 10 mins.,OTP,synthetic,False,OTP_4,0
Ur Kotak debit card XX9930 has been blocked due to suspicious activity. Visit branch or call 1800-XXX to unblock.,Bank,synthetic,False,Bank_11,1
Flipkart Big Billion Days! Up to 80% off + extra 10% with ICICI Bank cards Hurry!,Promo,synthetic,False,Promo_1,2
Ok thanx...,Personal,uci,False,,5
IRCTC: Special trains added for festive season. Book early & save up to 80%. -TM,Promo,synthetic,False,Promo_17,2
DELIVERED! YOUR FLIPKART ORDER OD7950613212 WAS DELIVERED ON 02 JUL. RATE YOUR EXPERIENCE: BIT.LY/RUSZAK,Delivery,synthetic,False,Delivery_2,3
I wish that I was with you. Holding you tightly. Making you see how important you are. How much you mean to me ... How much I need you ... In my life ...,Personal,uci,False,,5
"Come to me right now, Ahmad",Personal,uci,False,,5
KYC update pending for A/c XX4997. Please visit ur nearest PNB branch by 17-03-26 to avoid restrictions.,Bank,synthetic,False,Bank_12,1
Oh oh... Wasted... Den muz chiong on sat n sun liao...,Personal,uci,False,,5
Same as u... Dun wan... Y u dun like me already ah... Wat u doing now? Still eating?,Personal,uci,False,,5
566305 IS YOUR VERIFICATION CODE FOR AMAZON. NEVER SHARE YOUR OTP.,OTP,synthetic,False,OTP_3,0
"Ola would get back to you maybe not today but I ve told him you can be his direct link in the US in getting cars he bids for online, you arrange shipping and you get a cut. Or U????? For a partnership where U????? Invest money for shipping and he takes care of the rest!U??Wud b self reliant soon dnt worry",Personal,uci,False,,5
"hey, my new number is 08616563328. save it! meet at 8?",Personal,synthetic,True,Hard_4,5
705119 is your verification code for Hotstar. Never share your OTP.,OTP,synthetic,False,OTP_3,0
Your Hotstar plan renews on 01 Jul at Rs.1535 Upgrade to 4K for Rs.615/month,Promo,synthetic,False,Promo_18,2
"Yeah, don't go to bed, I'll be back before midnight",Personal,uci,False,,5
583794 is your verification code for Paytm. Never share your OTP.,OTP,synthetic,False,OTP_3,0
EMI of INR 97462 due on 28-01-26 for loan A/c XX9622. Pay now to avoid charges. -BOB,Bank,synthetic,False,Bank_4,1
Your unique user ID is 1172. For removal send STOP to 87239 customer services 08708034412,Spam,uci,False,,4
Convert your PNB card purchase of Rs.683 into easy EMIs at 0% interest. Reply YES. T&C apply,Promo,synthetic,False,Promo_15,2
Dear customer ur Kotak account will be blocked! Update KYC now: bit.ly/SzPoYO,Spam,synthetic,True,Hard_11,4
Interest of Rs.71631 credited to your FD A/c XX3525. -HDFC Bank,Bank,synthetic,False,Bank_9,1
250333 is your verification code for IRCTC. Never share your OTP.,OTP,synthetic,False,OTP_3,0
I'm stuck in da middle of da row on da right hand side of da lt... ,Personal,uci,False,,5
Use code 7591 at checkout for 50% off at Zomato!,Promo,synthetic,True,Hard_0,2
Do you want 750 anytime any network mins 150 text and a NEW VIDEO phone for only five pounds per week call 08002888812 or reply for delivery tomorrow,Spam,uci,False,,4
Who u talking about?,Personal,uci,False,,5
your order od1825654368 from swiggy is arriving tomorrow. keep rs.1406 ready for cod.,Delivery,synthetic,False,Delivery_3,3
Your credit card XX8607 statement is ready. Total due: Rs.81509. Min due: Rs.3343. -BOB,Bank,synthetic,False,Bank_5,1
Can i get your opinion on something first?,Personal,uci,False,,5
How dare you stupid. I wont tell anything to you. Hear after i wont talk to you:-.,Personal,uci,False,,5
Amazon Big Billion Days! Up to 40% off + extra 10% with Axis Bank cards Hurry!,Promo,synthetic,False,Promo_1,2
out for delivery: your meesho package od1425304959 will arrive today by 9 pm. -xpressbees,Delivery,synthetic,False,Delivery_1,3
Cheque no. 973238125827 for Rs.10076 has been cleared from A/c XX8154. -HDFC Bank,Bank,synthetic,False,Bank_8,1
I will reach ur home in  &lt;#&gt;  minutes,Personal,uci,False,,5
Now i'm going for lunch.,Personal,uci,False,,5
Congratulations! You won Rs.521449 in lucky draw. Claim: bit.ly/zFxitg,Spam,synthetic,True,Hard_12,4
you have 4288 reward points expiring on 02 jul. redeem on amazon.,Promo,synthetic,False,Promo_20,2
Your dad is back in ph?,Personal,uci,False,,5
Okay name ur price as long as its legal! Wen can I pick them up? Y u ave x ams xx,Personal,uci,False,,5
Items in ur order history are back in stock at Meesho. Prices start Rs.1359.,Promo,synthetic,False,Promo_23,2
  873390 - use this to sign in. Never share this code with anyone.,OTP,synthetic,True,Hard_7,0
Enter 695076 to verify your mobile number for PhonePe.,OTP,synthetic,False,OTP_10,0
"K, I might come by tonight then if my class lets out early",Personal,uci,False,,5
"When I was born, GOD said, ""Oh No! Another IDIOT"". When you were born, GOD said, ""OH No! COMPETITION"". Who knew, one day these two will become FREINDS FOREVER!",Personal,uci,False,,5
Hows the champ just leaving glasgow!,Personal,uci,False,,5
use 589721 to complete your netflix registration. valid till 2 mins.,OTP,synthetic,False,OTP_4,0
g-415194 is your google verification code.,OTP,synthetic,False,OTP_12,0
Fuck babe ... What happened to you ? How come you never came back?,Personal,uci,False,,5
What happen dear tell me,Personal,uci,False,,5
BOB: 897367 is your login OTP. It expires in 10 minutes.,OTP,synthetic,False,OTP_6,0
Amazon: 852932 is your login OTP. It expires in 15 minutes.,OTP,synthetic,False,OTP_6,0
Exclusive for you! Buy 1 Get 1 FREE at Zomato. Limited period offer. Visit bit.ly/hKyCUm,Promo,synthetic,False,Promo_3,2
Your Myntra order OD5421554797 has been shipped via BlueDart. Track: bit.ly/IjLZcF,Delivery,synthetic,False,Delivery_0,3
Paytm: 606565 is your login OTP. It expires in 5 minutes. -TM,OTP,synthetic,False,OTP_6,0
Hope youre not having too much fun without me!! see u tomorrow love jess x,Personal,uci,False,,5
ORDER OD7524990007 PACKED AND READY! EXPECTED DISPATCH BY 01 JUL. -ZOMATO,Delivery,synthetic,False,Delivery_8,3
Interest of Rs.58037 credited to your FD A/c XX7529. -BOB,Bank,synthetic,False,Bank_9,1
Delivered! Your Swiggy order OD5923237267 was delivered on 06 Jul. Rate your experience: bit.ly/RXYNJN,Delivery,synthetic,False,Delivery_2,3
Coupon  5514 gives you free delivery on orders above Rs.478. -Zomato,Promo,synthetic,True,Hard_1,2
Don know. I did't msg him recently.,Personal,uci,False,,5
Gautami from Delhivery is arriving with ur package. Contact: 5339069464,Delivery,synthetic,False,Delivery_6,3
ORDER OD9630735317 PACKED AND READY! EXPECTED DISPATCH BY 05 JUL. -SWIGGY,Delivery,synthetic,False,Delivery_8,3
  Delivered! Your Amazon order OD8369742367 was delivered on 04 Jul. Rate your experience: bit.ly/YVcJbJ,Delivery,synthetic,False,Delivery_2,3
KYC update pending for A/c XX1604 Please visit your nearest PNB branch by 11-01-26 to avoid restrictions,Bank,synthetic,False,Bank_12,1
FROM 88066 LOST £12 HELP,Spam,uci,False,,4
Coupon 5482 gives you free delivery on orders above Rs.3377. -Zomato,Promo,synthetic,True,Hard_1,2
64902 is your verification code for Flipkart. Never share your OTP.,OTP,synthetic,False,OTP_3,0
Last  day! Zomato clearance sale ends tonight. Up to 70% off sitewide.,Promo,synthetic,False,Promo_8,2
"Sorry man, my stash ran dry last night and I can't pick up more until sunday",Personal,uci,False,,5
Aiyar sorry lor forgot 2 tell u...,Personal,uci,False,,5
Enter 847898 to verify your mobile number for Swiggy,OTP,synthetic,False,OTP_10,0
Ur cash-balance is currently 500 pounds - to maximize ur cash-in now send GO to 86688 only 150p/meg. CC: 08718720201 HG/Suite342/2lands Row/W1j6HL,Spam,uci,False,,4
"  Bro send me Rs.3969 on gpay, will return by 02 Jul",Personal,synthetic,True,Hard_5,5
  Cheque no. 750834124243 for Rs.10385 has been cleared from A/c XX2685. -Axis Bank,Bank,synthetic,False,Bank_8,1
Data exhausted? Get 1.5GB extra with Rs.831 booster pack Dial *121# or visit app,Promo,synthetic,False,Promo_11,2
"Honey ? Sweetheart ? Darling ? Sexy buns ? Sugar plum ? Loverboy ? I miss you, boytoy ... *smacks your ass* Did you go to the gym too ?",Personal,uci,False,,5
590679 is your OTP for Myntra login. Valid for 10 minutes. Do not share with anyone.,OTP,synthetic,False,OTP_0,0
Rs.61831 credited to A/c XX1773 on 06-05-26. Avl Bal: Rs.225722. -Axis Bank,Bank,synthetic,False,Bank_1,1
Work from home! Earn Rs.510091/month Join: bitly/DViGYs,Spam,synthetic,True,Hard_14,4
"Oh right, ok. I'll make sure that i do loads of work during the day!  got a really nasty cough today and is dry n shot so that should really help it!",Personal,uci,False,,5
flight fares dropped! del-pnq from rs.492. book on ixigo before midnight.,Promo,synthetic,False,Promo_16,2
Pay Rs.1086 on delivery for order OD600824360. -Ekart,Delivery,synthetic,True,Hard_10,3
"Hi babe its Jordan, how r u? Im home from abroad and lonely, text me back if u wanna chat xxSP visionsms.com Text stop to stopCost 150p 08712400603",Spam,uci,False,,4
Ee msg na poortiyagi odalebeku: Hanumanji 7 name 1-Hanuman 2-Bajarangabali 3-Maruti 4-Pavanaputra 5-Sankatmochan 6-Ramaduth 7-Mahaveer ee 7 name  &lt;#&gt;  janarige ivatte kalisidare next saturday olage ondu good news keluviri...! Maretare inde 1 dodda problum nalli siguviri idu matra  &lt;#&gt; % true.. Don't neglet.,Personal,uci,False,,5
819114 - use this code to sign in to PNB. Never share it with anyone.,OTP,synthetic,False,OTP_7,0
Just re read it and I have no shame but tell me how he takes it and if he runs I will blame u 4 ever!! Not really 4 ever just a long time ,Personal,uci,False,,5
My darling sister. How are you doing. When's school resuming. Is there a minimum wait period before you reapply? Do take care,Personal,uci,False,,5
Thank you princess! I want to see your nice juicy booty...,Personal,uci,False,,5
Work from home! Earn Rs.122951/month. Join: bit.ly/cczGxQ T&C apply,Spam,synthetic,True,Hard_14,4
Rs.1297 debited from A/c XX1653 on 14-05-26 to Divya. Avl Bal: Rs.468722. -Kotak,Bank,synthetic,False,Bank_0,1
Delivered! Your Amazon order OD5503050338 was delivered on 03 Jul. Rate your experience: bit.ly/yqCiUF,Delivery,synthetic,False,Delivery_2,3
Finally the match heading towards draw as your prediction.,Personal,uci,False,,5
Your FD of Rs.11454 matures on 23-06-26. Renew or withdraw via netbanking. -BOB,Bank,synthetic,False,Bank_14,1
Your Amazon membership expires soon. Renew now & save 20%: bit.ly/IydXBT,Promo,synthetic,False,Promo_9,2
Rs.741 cashback credited to your Amazon Pay wallet. Use on your next order. T&C apply,Promo,synthetic,False,Promo_21,2
Out for delivery: Your Myntra package OD7022249777 will arrive today by 12 PM. -Delhivery,Delivery,synthetic,False,Delivery_1,3
AUTO-PAY OF RS.28093 TO BIMALA IS SCHEDULED ON 28-04-26 FROM A/C XX8798. ENSURE SUFFICIENT BALANCE.,Bank,synthetic,False,Bank_13,1
"I'm there and I can see you, but you can't see me ? Maybe you should reboot ym ? I seen the buzz",Personal,uci,False,,5
"our mobile number has won £5000, to claim calls us back or ring the claims hot line on 09050005321.",Spam,uci,False,,4
Your Flipkart code: 302481,OTP,synthetic,False,OTP_8,0
Dear customer ur ICICI Bank account will be blocked! Update KYC now: bit.ly/IxGxsI,Spam,synthetic,True,Hard_11,4
YOUR JIO PACK EXPIRES TOMORROW. RECHARGE WITH RS.1130 FOR 2GB/DAY + UNLIMITED CALLS.,Promo,synthetic,False,Promo_10,2
YOU HAVE WON! As a valued Vodafone customer our computer has picked YOU to win a £150 prize. To collect is easy. Just call 09061743386,Spam,uci,False,,4
g-755383 is your google verification code.,OTP,synthetic,False,OTP_12,0
Yupz... I've oredi booked slots 4 my weekends liao... ,Personal,uci,False,,5
"Hi, wlcome back, did wonder if you got eaten by a lion or something, nothing much",Personal,uci,False,,5
work from home! earn rs.1727630/month. join: bit.ly/hfzjre,Spam,synthetic,True,Hard_14,4
Your credit card XX4826 statement is ready. Total due: Rs.57313. Min due: Rs.1701. -Kotak,Bank,synthetic,False,Bank_5,1
K.k.how is your business now?,Personal,uci,False,,5
Your Flipkart code: 640897,OTP,synthetic,False,OTP_8,0
DELIVERED! YOUR MYNTRA ORDER OD6775404540 WAS DELIVERED ON 02 JUL. RATE YOUR EXPERIENCE: BIT.LY/MTQLAR,Delivery,synthetic,False,Delivery_2,3
Your order OD8774667832 from Myntra is arriving tomorrow. Keep INR 1675 ready for COD.,Delivery,synthetic,False,Delivery_3,3
983070 IS YOUR VERIFICATION CODE FOR UBER. NEVER SHARE YOUR OTP.,OTP,synthetic,False,OTP_3,0
Data exhausted? Get 2GB extra with Rs.1523 booster pack. Dial *121# or visit app.,Promo,synthetic,False,Promo_11,2
Zomato: Your cart misses you! Complete purchase now & get 40% off. bit.ly/zXxhoe,Promo,synthetic,False,Promo_4,2
Congrats. That's great. I wanted to tell you not to tell me your score cos it might make me relax. But its motivating me so thanks for sharing,Personal,uci,False,,5
925425 is your OTP for ICICI Bank login. Valid for 30 minutes. Do not share with anyone. T&C apply,OTP,synthetic,False,OTP_0,0
"Auction round 4. The highest bid is now £54. Next maximum bid is £71. To bid, send BIDS e. g. 10 (to bid £10) to 83383. Good luck.",Spam,uci,False,,4
"Haha awesome, be there in a minute",Personal,uci,False,,5
HI DARLIN IM MISSIN U HOPE YOU ARE HAVING A GOOD TIME. WHEN ARE U BACK AND WHAT TIME IF U CAN GIVE ME A CALL AT HOME. JESS XX,Personal,uci,False,,5
  Swiggy: Free delivery all weekend! Order your favourites now.,Promo,synthetic,False,Promo_13,2
Okie.. Thanx..,Personal,uci,False,,5
Poor girl can't go one day lmao,Personal,uci,False,,5
You have 1 new voicemail. Please call 08719181503,Spam,uci,False,,4
out for delivery: your meesho package od3601692569 will arrive today by 12 pm. -ekart,Delivery,synthetic,False,Delivery_1,3
Ding me on ya break fassyole! Blacko from londn,Personal,uci,False,,5
"Dont pack what you can buy at any store.like cereals. If you must pack food, pack gari or something 9ja that you will miss.",Personal,uci,False,,5
"Haha yeah, 2 oz is kind of a shitload",Personal,uci,False,,5
Tell rob to mack his gf in the theater,Personal,uci,False,,5
YOUR BIGBASKET MEMBERSHIP EXPIRES SOON. RENEW NOW & SAVE 50%: BIT.LY/NKXXHV,Promo,synthetic,False,Promo_9,2
There is a first time for everything :),Personal,uci,False,,5
"SMS SERVICES. for your inclusive text credits, pls goto www.comuk.net login= ***** unsubscribe with STOP. no extra charge. help:08700469649. PO BOX420. IP4 5WE",Spam,uci,False,,4
Your Flipkart order OD9541496704 has been shipped via DTDC. Track: bit.ly/xqgcCC,Delivery,synthetic,False,Delivery_0,3
683602 - use this to sign in Never share this code with anyone,OTP,synthetic,True,Hard_7,0
  Hungry? Get 70% off up to Rs.550 on your next 3 orders. Code: EAT14. -Swiggy,Promo,synthetic,False,Promo_12,2
"Single line with a big meaning::::: ""Miss anything 4 ur ""Best Life"" but, don't miss ur best life for anything... Gud nyt...",Personal,uci,False,,5
"Tee hee. Off to lecture, cheery bye bye.",Personal,uci,False,,5
Your PNB debit card XX6470 has been blocked due to suspicious activity. Visit branch or call 1800-XXX to unblock.,Bank,synthetic,False,Bank_11,1
have you ever had one foot before?,Personal,uci,False,,5
Auto-pay of Rs.50395 to Urmi is scheduled on 08-03-26 from A/c XX4216. Ensure sufficient balance.,Bank,synthetic,False,Bank_13,1
Lol your right. What diet? Everyday I cheat anyway. I'm meant to be a fatty :(,Personal,uci,False,,5
419673 is your OTP for GPay login. Valid for 30 minutes. Do not share with anyone.,OTP,synthetic,False,OTP_0,0
  Convert your HDFC Bank card purchase of Rs.1968 into easy EMIs at 0% interest. Reply YES.,Promo,synthetic,False,Promo_15,2
data exhausted? get 2gb extra with rs.1831 booster pack. dial *121# or visit app.,Promo,synthetic,False,Promo_11,2
Cheque no. 432292544437 for Rs.62622 has been cleared from A/c XX6074. -BOB T&C apply,Bank,synthetic,False,Bank_8,1
Rs.285 cashback credited to your Paytm wallet. Use on your next order. -TM,Promo,synthetic,False,Promo_21,2
I donno if they are scorable,Personal,uci,False,,5
Package all your programs well,Personal,uci,False,,5
Dont kick coco when he's down,Personal,uci,False,,5
Miss call miss call khelate kintu opponenter miss call dhorte lage. Thats d rule. One with great phone receiving quality wins.,Personal,uci,False,,5
Ur Flipkart order OD6202308242 has been shipped via Delhivery. Track: bit.ly/ShenrK,Delivery,synthetic,False,Delivery_0,3
"Good afternoon on this glorious anniversary day, my sweet J !! I hope this finds you happy and content, my Prey. I think of you and send a teasing kiss from across the sea coaxing images of fond souveniers ... You Cougar-Pen",Personal,uci,False,,5
"New Tones This week include: 1)McFly-All Ab.., 2) Sara Jorge-Shock.. 3) Will Smith-Switch.. To order follow instructions on next message",Spam,uci,False,,4
Yep. I do like the pink furniture tho.,Personal,uci,False,,5
Myntra: Your cart misses you! Complete purchase now & get 60% off. bit.ly/MbJEjq,Promo,synthetic,False,Promo_4,2
  Recharge with Rs.1373 & get 80% extra talktime. Offer valid today only!,Promo,synthetic,False,Promo_5,2
Data exhausted? Get 1.5GB extra with Rs.1747 booster pack. Dial *121# or visit app.,Promo,synthetic,False,Promo_11,2
Wat ü doing now?,Personal,uci,False,,5
Work from home! Earn Rs.1661174/month. Join: bit.ly/ArvuuW,Spam,synthetic,True,Hard_14,4
Tell me whos this pls:-),Personal,uci,False,,5
emi of rs.20692 due on 09-05-26 for loan a/c xx3494. pay now to avoid charges. -icici bank,Bank,synthetic,False,Bank_4,1
YOUR ORDER OD4754219584 FROM FLIPKART IS ARRIVING TOMORROW. KEEP RS.972 READY FOR COD.,Delivery,synthetic,False,Delivery_3,3
You will be in the place of that man,Personal,uci,False,,5
Your Meesho order OD4770650282 has been shipped via Delhivery. Track: bit.ly/jWABmR,Delivery,synthetic,False,Delivery_0,3
Rs.1417 cashback credited to your Amazon Pay wallet. Use on your next order. STOP to opt out,Promo,synthetic,False,Promo_21,2
TAP TO VERIFY: 133647. THIS CODE EXPIRES SHORTLY.,OTP,synthetic,True,Hard_9,0
UPI PAYMENT OF RS.59151 TO AZAD SUCCESSFUL. UPI REF: 421278664611. -SBI,Bank,synthetic,False,Bank_6,1
Your one time password is 369302 for PhonePe. Please do not share it.,OTP,synthetic,False,OTP_5,0
Your order OD2455260001 from Meesho is arriving tomorrow Keep Rs.3262 ready for COD,Delivery,synthetic,False,Delivery_3,3
No. I dont want to hear anything,Personal,uci,False,,5
Wat time do u wan 2 meet me later?,Personal,uci,False,,5
I realise you are a busy guy and i'm trying not to be a bother. I have to get some exams outta the way and then try the cars. Do have a gr8 day,Personal,uci,False,,5
Don know..he is watching film in computer..,Personal,uci,False,,5
Are u awake? Is there snow there?,Personal,uci,False,,5
Hi missed your Call and my mumHas beendropping red wine all over theplace! what is your adress?,Personal,uci,False,,5
"Cool, want me to go to kappa or should I meet you outside mu",Personal,uci,False,,5
Work from home! Earn Rs.1212888/month. Join: bit.ly/XYGrkH,Spam,synthetic,True,Hard_14,4
CHEERS LOU! YEAH WAS A GOODNITE SHAME U NEVA CAME! C YA GAILxx,Personal,uci,False,,5
Cheque no. 836849467759 for Rs.53652 has been cleared from A/c XX7134. -PNB,Bank,synthetic,False,Bank_8,1
2p per min to call Germany 08448350055 from your BT line. Just 2p per min. Check PlanetTalkInstant.com for info & T's & C's. Text stop to opt out,Spam,uci,False,,4
Watching tv now. I got new job :),Personal,uci,False,,5
Recharge with Rs.923 & get 30% extra talktime. Offer valid today only!,Promo,synthetic,False,Promo_5,2
IRCTC: Special trains added for festive season. Book early & save up to 80%.,Promo,synthetic,False,Promo_17,2
"Its ok chikku, and its my 1 of favourite song..:-)",Personal,uci,False,,5
Guess what! Somebody you know secretly fancies you! Wanna find out who it is? Give us a call on 09065394973 from Landline DATEBox1282EssexCM61XN 150p/min 18,Spam,uci,False,,4
use 629269 to complete your bigbasket registration. valid till 2 mins.,OTP,synthetic,False,OTP_4,0
  Beware of fraud calls asking for card details. BOB officials never ask for PIN or CVV.,Bank,synthetic,False,Bank_15,1
  Last day! Amazon clearance sale ends tonight. Up to 80% off sitewide.,Promo,synthetic,False,Promo_8,2
You  have 4467 reward points expiring on 02 Jul. Redeem on Zomato.,Promo,synthetic,False,Promo_20,2
Your  A/c XX1380 is debited with Rs.27063 on 01-02-26. Info: UPI-Aayush. Bal: Rs.183555,Bank,synthetic,False,Bank_2,1
Great News! Call FREEFONE 08006344447 to claim your guaranteed £1000 CASH or £2000 gift. Speak to a live operator NOW!,Spam,uci,False,,4
U are subscribed to the best Mobile Content Service in the UK for £3 per 10 days until you send STOP to 82324. Helpline 08706091795,Spam,uci,False,,4
  Use 848145 to complete your Ola registration. Valid till 2 mins.,OTP,synthetic,False,OTP_4,0
Your Uber code: 5194,OTP,synthetic,True,Hard_8,0
Pay Rs.2326 on delivery for order OD701414301. -Ekart,Delivery,synthetic,True,Hard_10,3
Zomato:  Free delivery all weekend! Order your favourites now.,Promo,synthetic,False,Promo_13,2
Ur one time password is 209381 for Meesho. Please do not share it.,OTP,synthetic,False,OTP_5,0
Aiyar hard 2 type. U later free then tell me then i call n scold n tell u.,Personal,uci,False,,5
"Call me, i am senthil from hsbc.",Personal,uci,False,,5
Rs.63778 debited from A/c XX2624 on 03-05-26 to Atharv. Avl Bal: Rs.179814. -Axis Bank,Bank,synthetic,False,Bank_0,1
  Your Uber code: 8355,OTP,synthetic,True,Hard_8,0
Hi its in durban are you still on this number,Personal,uci,False,,5
Recharge with INR 1951 & get 10% extra talktime. Offer valid today only!,Promo,synthetic,False,Promo_5,2
congratulations! you won rs.2479720 in lucky draw. claim: bit.ly/uzehyf,Spam,synthetic,True,Hard_12,4
Your PNB debit card XX4241 has been blocked due to suspicious activity. Visit branch or call 1800-XXX to unblock.,Bank,synthetic,False,Bank_11,1
ORDER OD4108098578 PACKED AND READY! EXPECTED DISPATCH BY 01 JUL. -SWIGGY,Delivery,synthetic,False,Delivery_8,3
PAYTM: 460888 IS YOUR LOGIN OTP. IT EXPIRES IN 10 MINUTES.,OTP,synthetic,False,OTP_6,0
Mystery solved! Just opened my email and he's sent me another batch! Isn't he a sweetie,Personal,uci,False,,5
564500 - use this to sign in. never share this code with anyone.,OTP,synthetic,True,Hard_7,0
Myntra: Your cart misses you! Complete purchase now & get 80% off. bit.ly/eWRyYl,Promo,synthetic,False,Promo_4,2
"Hey, my new number is +915769060387 Save it! Meet at 6pm?",Personal,synthetic,True,Hard_4,5
Hungry? Get 50% off up to Rs.1110 on ur next 3 orders. Code: EAT81. -Zomato,Promo,synthetic,False,Promo_12,2
Cheque no 992217030905 for Rs.27137 has been cleared from A/c XX2405 -HDFC Bank,Bank,synthetic,False,Bank_8,1
Use 671346 to complete ur Myntra registration. Valid till 10 mins.,OTP,synthetic,False,OTP_4,0
Rs.40927 credited to A/c XX2472 on 12-06-26. Avl Bal: Rs.22949. -Axis Bank,Bank,synthetic,False,Bank_1,1
"Hey, my new number is 09309285575. Save it! Meet at 6pm? T&C apply",Personal,synthetic,True,Hard_4,5
Your Myntra order OD8426851421 has been shipped via BlueDart. Track: bit.ly/HmESBX,Delivery,synthetic,False,Delivery_0,3
Lol u still feeling sick?,Personal,uci,False,,5
Your order OD6393086247 from Amazon is arriving tomorrow. Keep Rs.2781 ready for COD.,Delivery,synthetic,False,Delivery_3,3
Convert your Kotak card purchase of Rs.159 into easy EMIs at 0% interest. Reply YES. -TM,Promo,synthetic,False,Promo_15,2
Rs.42245 debited from A/c XX7954 on 17-01-26 to Ethan. Avl Bal: Rs.2498. -PNB,Bank,synthetic,False,Bank_0,1
Oh yes I can speak txt 2 u no! Hmm. Did u get  email?,Personal,uci,False,,5
At 7 we will go ok na.,Personal,uci,False,,5
"life alle mone,eppolum oru pole allalo",Personal,uci,False,,5
YOUR ONE TIME PASSWORD IS 356054 FOR UBER. PLEASE DO NOT SHARE IT.,OTP,synthetic,False,OTP_5,0
I'm fine. Hope you are also,Personal,uci,False,,5
Your Amazon membership expires soon. Renew now & save 10%: bit.ly/DcrCuT,Promo,synthetic,False,Promo_9,2
Out for delivery: Ur Myntra package OD5139346810 will arrive today by 3 PM. -BlueDart,Delivery,synthetic,False,Delivery_1,3
rs.36637 credited to a/c xx2558 on 18-03-26. avl bal: rs.354825. -axis bank,Bank,synthetic,False,Bank_1,1
<#> 886407 is your Hotstar code. Valid 15 min. hA8sk2Lqp3,OTP,synthetic,False,OTP_13,0
rs.1995 cashback credited to your phonepe wallet. use on your next order.,Promo,synthetic,False,Promo_21,2
  Your Flipkart membership expires soon. Renew now & save 80%: bit.ly/nxIDEH,Promo,synthetic,False,Promo_9,2
647983 - use this code to sign in to Paytm. Never share it with anyone.,OTP,synthetic,False,OTP_7,0
Tap  to verify: 992002. This code expires shortly.,OTP,synthetic,True,Hard_9,0
Your credit card XX7051 statement is ready Total due: Rs.60101 Min due: Rs.3325 -BOB,Bank,synthetic,False,Bank_5,1
UPI payment of Rs.21783 to Samar successful. UPI Ref: 532752859993. -ICICI Bank,Bank,synthetic,False,Bank_6,1
"Just looked it up and addie goes back Monday, sucks to be her",Personal,uci,False,,5
Your one time password is 896021 for Paytm. Please do not share it. T&C apply,OTP,synthetic,False,OTP_5,0
But i haf enuff space got like 4 mb...,Personal,uci,False,,5
Your Flipkart code: 42396,OTP,synthetic,False,OTP_8,0
Delivery attempt failed for order OD7693494433. We will retry tomorrow. -BlueDart -TM,Delivery,synthetic,False,Delivery_5,3
YOUR IRCTC CODE: 11820,OTP,synthetic,False,OTP_8,0
Ur BigBasket code: 342492,OTP,synthetic,False,OTP_8,0
EXCLUSIVE FOR YOU! BUY 1 GET 1 FREE AT SWIGGY. LIMITED PERIOD OFFER. VISIT BIT.LY/XKFMCB,Promo,synthetic,False,Promo_3,2
Your one time password is 539079 for Swiggy. Please do not share it.,OTP,synthetic,False,OTP_5,0
SALARY OF RS.71815 CREDITED TO A/C XX7777. AVL BAL: RS.340076. -HDFC BANK,Bank,synthetic,False,Bank_7,1
<#>  274807 is your SBI code. Valid 15 min. hA8sk2Lqp3,OTP,synthetic,False,OTP_13,0
delivered! your bigbasket order od8424342846 was delivered on 02 jul. rate your experience: bit.ly/byfazi,Delivery,synthetic,False,Delivery_2,3
"Damn, can you make it tonight or do you want to just wait til tomorrow",Personal,uci,False,,5
"Hey doc pls I want to get nice t shirt for my hubby nice fiting ones my budget is  &lt;#&gt; k help pls I will load d card abi hw,keep me posted luv. 2 mj",Personal,uci,False,,5
316003 is your OTP for Meesho login. Valid for 15 minutes. Do not share with anyone.,OTP,synthetic,False,OTP_0,0
"Never share your OTP, PIN or CVV ICICI Bank never asks for these Stay safe",Bank,synthetic,True,Hard_3,1
  Your FD of Rs.51004 matures on 05-06-26. Renew or withdraw via netbanking. -HDFC Bank,Bank,synthetic,False,Bank_14,1
Swiggy: Free delivery all weekend! Order your favourites now,Promo,synthetic,False,Promo_13,2
Convert your BOB card purchase of Rs.482 into easy EMIs at 0% interest. Reply YES.,Promo,synthetic,False,Promo_15,2
A pure hearted person can have a wonderful smile that makes even his/her enemies to feel guilty for being an enemy.. So catch the world with your smile..:) GOODMORNING &amp; HAVE A SMILEY SUNDAY..:),Personal,uci,False,,5
"Hi Anika, unlock Rs.545 off your first order at Amazon with code NEW16.",Promo,synthetic,False,Promo_7,2
That's the way you should stay oh.,Personal,uci,False,,5
Your order OD5483206507 from Swiggy is arriving tomorrow. Keep Rs.852 ready for COD.,Delivery,synthetic,False,Delivery_3,3
Coupon  2894 gives you free delivery on orders above Rs.1827. -Amazon,Promo,synthetic,True,Hard_1,2
WINNER!! As a valued network customer you have been selected to receivea £900 prize reward! To claim call 09061701461. Claim code KL341. Valid 12 hours only.,Spam,uci,False,,4
So how's scotland. Hope you are not over showing your JJC tendencies. Take care. Live the dream,Personal,uci,False,,5
Then any special there?,Personal,uci,False,,5
Ekiya  from Delhivery is arriving with your package. Contact: 02895322301,Delivery,synthetic,False,Delivery_6,3
"Hey, my new number is +916963614783. Save it! Meet at tonight?",Personal,synthetic,True,Hard_4,5
I.ll post her out l8r. In class,Personal,uci,False,,5
  Your A/c XX5161 is debited with Rs.84670 on 11-01-26. Info: UPI-Naksh. Bal: Rs.61990,Bank,synthetic,False,Bank_2,1
"Hey, my new number is 1457209100. Save it! Meet at 6pm?",Personal,synthetic,True,Hard_4,5
cheque no. 762005366458 for rs.69084 has been cleared from a/c xx4571. -bob,Bank,synthetic,False,Bank_8,1
OTP for delivery of order OD3430310922 is 8181. Share only with the delivery agent. -DTDC,Delivery,synthetic,False,Delivery_9,3
"Well, i'm glad you didn't find it totally disagreeable ... Lol",Personal,uci,False,,5
570954  - use this to sign in. Never share this code with anyone.,OTP,synthetic,True,Hard_7,0
  Your Zomato membership expires soon. Renew now & save 40%: bit.ly/rhLUCp,Promo,synthetic,False,Promo_9,2
"England v Macedonia - dont miss the goals/team news. Txt ur national team to 87077 eg ENGLAND to 87077 Try:WALES, SCOTLAND 4txt/ú1.20 POBOXox36504W45WQ 16+",Spam,uci,False,,4
Dear customer ur PNB account will be blocked! Update KYC now: bit.ly/YKkAvi,Spam,synthetic,True,Hard_11,4
Shopping lor. Them raining mah hard 2 leave orchard.,Personal,uci,False,,5
Coupon 5848 gives you free delivery on orders above INR 265. -Flipkart,Promo,synthetic,True,Hard_1,2
Your order OD3552614624 from Flipkart is arriving tomorrow. Keep Rs.4095 ready for COD. -TM,Delivery,synthetic,False,Delivery_3,3
Get ur 1st RINGTONE FREE NOW! Reply to this msg with TONE. Gr8 TOP 20 tones to your phone every week just £1.50 per wk 2 opt out send STOP 08452810071 16,Spam,uci,False,,4
IRCTC: Special trains added for festive season. Book early & save up to 30%. -TM,Promo,synthetic,False,Promo_17,2
987540 is your verification code for IRCTC. Never share your OTP.,OTP,synthetic,False,OTP_3,0
Recharge with Rs.1233 & get 70% extra talktime. Offer valid today only!,Promo,synthetic,False,Promo_5,2
UPI payment of INR 80847 to Jyoti successful. UPI Ref: 489159693083. -Kotak,Bank,synthetic,False,Bank_6,1
  OTP for delivery of order OD6448865214 is 5230. Share only with the delivery agent. -XpressBees,Delivery,synthetic,False,Delivery_9,3
YOUR ONE TIME PASSWORD IS 553986 FOR BOB. PLEASE DO NOT SHARE IT.,OTP,synthetic,False,OTP_5,0
  MEGA SALE! Get 70% OFF on all products at Amazon. Shop now: bit.ly/vPHphu T&C apply.,Promo,synthetic,False,Promo_0,2
<#> 406446 is your Swiggy code Valid 5 min hA8sk2Lqp3,OTP,synthetic,False,OTP_13,0
Zomato: Your cart misses you! Complete purchase now & get 70% off. bit.ly/FNOFcz,Promo,synthetic,False,Promo_4,2
Swiggy:  Your cart misses you! Complete purchase now & get 80% off. bit.ly/DXNiLD,Promo,synthetic,False,Promo_4,2
Interest of Rs.20361 credited to your FD A/c XX8328. -PNB T&C apply,Bank,synthetic,False,Bank_9,1
Flight fares dropped! BLR-LKO from Rs.119. Book on Goibibo before midnight.,Promo,synthetic,False,Promo_16,2
Cheque no. 603823832798 for Rs.37977 has been cleared from A/c XX9793. -Axis Bank,Bank,synthetic,False,Bank_8,1
UPI payment of Rs.29800 to Praneel successful. UPI Ref: 725141394666. -Axis Bank,Bank,synthetic,False,Bank_6,1
Keep my payasam there if rinu brings,Personal,uci,False,,5
MAHIKA FROM XPRESSBEES IS ARRIVING WITH YOUR PACKAGE. CONTACT: 04898331232,Delivery,synthetic,False,Delivery_6,3
Hello handsome ! Are you finding that job ? Not being lazy ? Working towards getting back that net for mummy ? Where's my boytoy now ? Does he miss me ?,Personal,uci,False,,5
Are you the cutest girl in the world or what,Personal,uci,False,,5
Interest of INR 39080 credited to your FD A/c XX2017. -BOB,Bank,synthetic,False,Bank_9,1
DATA EXHAUSTED? GET 3GB EXTRA WITH RS.153 BOOSTER PACK. DIAL *121# OR VISIT APP.,Promo,synthetic,False,Promo_11,2
Are you free now?can i call now?,Personal,uci,False,,5
Salary of INR 54952 credited to A/c XX3427. Avl Bal: INR 12936. -ICICI Bank,Bank,synthetic,False,Bank_7,1
Exclusive for you! Buy 1 Get 1 FREE at Swiggy. Limited period offer. Visit bit.ly/tKXmWd,Promo,synthetic,False,Promo_3,2
735371 is your Hotstar security code. Anyone asking for it is a scammer.,OTP,synthetic,False,OTP_9,0
Yes. Please leave at  &lt;#&gt; . So that at  &lt;#&gt;  we can leave,Personal,uci,False,,5
561211 is your GPay security code. Anyone asking for it is a scammer. -TM,OTP,synthetic,False,OTP_9,0
Convert your Axis Bank card purchase of INR 326 into easy EMIs at 0% interest. Reply YES.,Promo,synthetic,False,Promo_15,2
Delivery attempt failed for order OD3694984186. We will retry tomorrow. -Delhivery,Delivery,synthetic,False,Delivery_5,3
I'm going 4 lunch now wif my family then aft dat i go str 2 orchard lor.,Personal,uci,False,,5
Dear reached railway. What happen to you,Personal,uci,False,,5
Ok. But i finish at 6.,Personal,uci,False,,5
<#> 800939 is your Amazon code. Valid 5 min. hA8sk2Lqp3 T&C apply,OTP,synthetic,False,OTP_13,0
INR 71467 credited to A/c XX9143 on 26-05-26. Avl Bal: INR 178110. -BOB,Bank,synthetic,False,Bank_1,1
Cheque  no. 437449399101 for Rs.79546 has been cleared from A/c XX7024. -BOB,Bank,synthetic,False,Bank_8,1
Hungry?  Get 40% off up to Rs.1256 on your next 3 orders. Code: EAT83. -Zomato,Promo,synthetic,False,Promo_12,2
Dont put your phone on silent mode ok,Personal,uci,False,,5
If you hear a loud scream in about &lt;#&gt; minutes its cause my Gyno will be shoving things up me that don't belong :/,Personal,uci,False,,5
Free msg: Single? Find a partner in your area! 1000s of real people are waiting to chat now!Send CHAT to 62220Cncl send STOPCS 08717890890£1.50 per msg,Spam,uci,False,,4
Low balance alert: A/c XX1163 balance is Rs.21458. Maintain min balance to avoid charges.,Bank,synthetic,False,Bank_10,1
Cheque no. 293733101119 for Rs.24618 has been cleared from A/c XX5586. -ICICI Bank,Bank,synthetic,False,Bank_8,1
Your  order OD4315153055 from Myntra is arriving tomorrow. Keep Rs.1149 ready for COD.,Delivery,synthetic,False,Delivery_3,3
Order OD5271805420 packed and ready! Expected dispatch by 06 Jul. -Myntra,Delivery,synthetic,False,Delivery_8,3
Loved your recent Meesho order? Reorder in 1 tap and get 60% off today.,Promo,synthetic,False,Promo_22,2
719336 - use this code to sign in to Uber. Never share it with anyone.,OTP,synthetic,False,OTP_7,0
772721 - use this to sign in. Never share this code with anyone.,OTP,synthetic,True,Hard_7,0
"That's good, because I need drugs",Personal,uci,False,,5
Rs.81848 debited from A/c XX3563 on 28-01-26 to Laban. Avl Bal: Rs.458658. -Axis Bank,Bank,synthetic,False,Bank_0,1
Recharge with Rs.851 & get 70% extra talktime. Offer valid today only!,Promo,synthetic,False,Promo_5,2
INR 63595 credited to A/c XX5689 on 01-04-26. Avl Bal: INR 431773. -BOB,Bank,synthetic,False,Bank_1,1
"We are at grandmas. Oh dear, u still ill? I felt Shit this morning but i think i am just hungover! Another night then. We leave on sat.",Personal,uci,False,,5
Odika  from BlueDart is arriving with your package. Contact: 2462589883,Delivery,synthetic,False,Delivery_6,3
We tried to contact you re your reply to our offer of a Video Handset? 750 anytime networks mins? UNLIMITED TEXT? Camcorder? Reply or call 08000930705 NOW,Spam,uci,False,,4
Ok pa. Nothing problem:-),Personal,uci,False,,5
U call me alter at 11 ok.,Personal,uci,False,,5
Items in your order history are back in stock at Meesho Prices start Rs.1335,Promo,synthetic,False,Promo_23,2
Interest of Rs.12566 credited to your FD A/c XX7609. -BOB,Bank,synthetic,False,Bank_9,1
Dear customer ur BOB account will be blocked! Update KYC now: bit.ly/panbLh,Spam,synthetic,True,Hard_11,4
Wot about on wed nite I am 3 then but only til 9!,Personal,uci,False,,5
  <#> 451852 is your PNB code. Valid 15 min. hA8sk2Lqp3,OTP,synthetic,False,OTP_13,0
I have printed it oh. So  &lt;#&gt;  come upstairs,Personal,uci,False,,5
UPI PAYMENT OF RS.38432 TO NACHIKET SUCCESSFUL. UPI REF: 647420324366. -ICICI BANK,Bank,synthetic,False,Bank_6,1
  Your Meesho order OD9533990421 has been shipped via BlueDart. Track: bit.ly/rAtPRQ,Delivery,synthetic,False,Delivery_0,3
haha but no money leh... Later got to go for tuition... Haha and looking for empty slots for driving lessons,Personal,uci,False,,5
And whenever you and i see we can still hook up too.,Personal,uci,False,,5
UPI payment of Rs.44302 to Jagdish successful. UPI Ref: 248293381218. -Kotak,Bank,synthetic,False,Bank_6,1
Take us out shopping and Mark will distract Isaiah.=D,Personal,uci,False,,5
Coupon 9887 gives you free delivery on orders above INR 4065. -Amazon,Promo,synthetic,True,Hard_1,2
<#> 996718 is your PNB code. Valid 10 min. hA8sk2Lqp3,OTP,synthetic,False,OTP_13,0
Do ü noe if ben is going?,Personal,uci,False,,5
Zinal from Ekart is arriving with your package. Contact: 05380772474,Delivery,synthetic,False,Delivery_6,3
Anything lor is she coming?,Personal,uci,False,,5
Good words.... But words may leave u in dismay many times.,Personal,uci,False,,5
"Sorry, I'll call later in meeting.",Personal,uci,False,,5
Rs.64889 credited to A/c XX9616 on 30-05-26 Avl Bal: Rs.485539 -Axis Bank,Bank,synthetic,False,Bank_1,1
KYC update pending for A/c XX7943. Please visit your nearest PNB branch by 29-01-26 to avoid restrictions.,Bank,synthetic,False,Bank_12,1
Exclusive for you! Buy 1 Get 1 FREE at Swiggy. Limited period offer. Visit bit.ly/zKIpwV,Promo,synthetic,False,Promo_3,2
576750  is your verification code for IRCTC. Never share your OTP.,OTP,synthetic,False,OTP_3,0
C movie is juz last minute decision mah. Juz watch 2 lar but i tot ü not interested.,Personal,uci,False,,5
I need to come home and give you some good lovin...,Personal,uci,False,,5
EXCLUSIVE FOR YOU! BUY 1 GET 1 FREE AT BIGBASKET. LIMITED PERIOD OFFER. VISIT BIT.LY/VTCERB,Promo,synthetic,False,Promo_3,2
recharge with rs.783 & get 40% extra talktime. offer valid today only!,Promo,synthetic,False,Promo_5,2
308688 is your verification code for Amazon. Never share your OTP.,OTP,synthetic,False,OTP_3,0
Your one time password is 162588 for Myntra. Please do not share it.,OTP,synthetic,False,OTP_5,0
Ok which your another number,Personal,uci,False,,5
"Two fundamentals of cool life: ""Walk, like you are the KING""...! OR ""Walk like you Dont care,whoever is the KING""!... Gud nyt",Personal,uci,False,,5
  Out for delivery: Your Myntra package OD5218562760 will arrive today by 9 PM. -Delhivery,Delivery,synthetic,False,Delivery_1,3
Your A/c XX6895 is debited with INR 49148 on 04-02-26. Info: UPI-Jeet. Bal: INR 194818,Bank,synthetic,False,Bank_2,1
Dunno he jus say go lido. Same time 930.,Personal,uci,False,,5
Pay INR 1448 on delivery for order OD536614934. -Delhivery,Delivery,synthetic,True,Hard_10,3
I think that tantrum's finished so yeah I'll be by at some point,Personal,uci,False,,5
Lol no ouch but wish i'd stayed out a bit longer,Personal,uci,False,,5
Then we gotta do it after that,Personal,uci,False,,5
Yes princess! I want to make you happy...,Personal,uci,False,,5
Rs.46818 credited to A/c XX6746 on 24-04-26 Avl Bal: Rs.496382 -HDFC Bank,Bank,synthetic,False,Bank_1,1
KYC update pending for A/c XX5339. Please visit your nearest SBI branch by 02-06-26 to avoid restrictions.,Bank,synthetic,False,Bank_12,1
You also didnt get na hi hi hi hi hi,Personal,uci,False,,5
<#> 861208 is your Swiggy code. Valid 5 min. hA8sk2Lqp3 T&C apply,OTP,synthetic,False,OTP_13,0
Missed our shows? Come back to Prime Video at 50% off for 3 months. Resubscribe: bit.ly/tkaDea,Promo,synthetic,False,Promo_19,2
Salary of Rs.97000 credited to A/c XX1408. Avl Bal: Rs.18496. -Kotak STOP to opt out,Bank,synthetic,False,Bank_7,1
Hungry? Get 50% off up to Rs.1559 on your next 3 orders. Code: EAT35. -Swiggy,Promo,synthetic,False,Promo_12,2
KYC update pending for A/c XX4393. Please visit ur nearest BOB branch by 30-03-26 to avoid restrictions.,Bank,synthetic,False,Bank_12,1
how tall are you princess?,Personal,uci,False,,5
Santa Calling! Would your little ones like a call from Santa Xmas eve? Call 09058094583 to book your time.,Spam,uci,False,,4
Your  A/c XX6275 is debited with Rs.29783 on 28-06-26. Info: UPI-Bhavini. Bal: Rs.255722,Bank,synthetic,False,Bank_2,1
Oh...i asked for fun. Haha...take care. ü,Personal,uci,False,,5
Dip's cell dead. So i m coming with him. U better respond else we shall come back.,Personal,uci,False,,5
Auto-pay of Rs.63764 to Viraj is scheduled on 24-03-26 from A/c XX2260 Ensure sufficient balance,Bank,synthetic,False,Bank_13,1
RS.43486 DEBITED FROM A/C XX5541 ON 04-01-26 TO EKAPAD. AVL BAL: RS.214758. -KOTAK,Bank,synthetic,False,Bank_0,1
Ola: 501776 is your login OTP. It expires in 15 minutes.,OTP,synthetic,False,OTP_6,0
I've been searching for the right words to thank you for this breather. I promise i wont take your help for granted and will fulfil my promise. You have been wonderful and a blessing at all times.,Personal,uci,False,,5
Low balance alert: A/c XX8586 balance is Rs.210185 Maintain min balance to avoid charges,Bank,synthetic,False,Bank_10,1
"Aight that'll work, thanks",Personal,uci,False,,5
"Bro send me Rs.2299 on gpay, will return by 03 Jul",Personal,synthetic,True,Hard_5,5
Lol! U drunkard! Just doing my hair at d moment. Yeah still up 4 tonight. Wats the plan? ,Personal,uci,False,,5
OTP for delivery of order OD4641306708 is 3058. Share only with the delivery agent. -XpressBees,Delivery,synthetic,False,Delivery_9,3
683682  is your verification code for Flipkart. Never share your OTP.,OTP,synthetic,False,OTP_3,0
Can't take any major roles in community outreach. You rock mel,Personal,uci,False,,5
  Hungry? Get 80% off up to Rs.1612 on your next 3 orders. Code: EAT58. -Swiggy,Promo,synthetic,False,Promo_12,2
  Your credit card XX8656 statement is ready. Total due: Rs.39919. Min due: Rs.2139. -ICICI Bank,Bank,synthetic,False,Bank_5,1
  Loved your recent Meesho order? Reorder in 1 tap and get 60% off today.,Promo,synthetic,False,Promo_22,2
Enter 736071 to verify your mobile number for Netflix.,OTP,synthetic,False,OTP_10,0
Lopa from Ekart is arriving with your package. Contact: 1133799086,Delivery,synthetic,False,Delivery_6,3
That one week leave i put know that time. Why.,Personal,uci,False,,5
Out for delivery: Your BigBasket package OD5517162989 will arrive today by 6 PM -BlueDart,Delivery,synthetic,False,Delivery_1,3
Recharge with INR 575 & get 20% extra talktime. Offer valid today only!,Promo,synthetic,False,Promo_5,2
"Aight, tomorrow around  &lt;#&gt;  it is",Personal,uci,False,,5
YOUR A/C XX9562 IS DEBITED WITH RS.16988 ON 26-01-26. INFO: UPI-EDHITHA. BAL: RS.84321,Bank,synthetic,False,Bank_2,1
"I'll text carlos and let you know, hang on",Personal,uci,False,,5
My superior telling that friday is leave for all other department except ours:)so it will be leave for you:)any way call waheed fathima hr and conform it:),Personal,uci,False,,5
your prime video plan renews on 04 jul at rs.1366. upgrade to 4k for rs.370/month.,Promo,synthetic,False,Promo_18,2
  G-359165 is your Google verification code.,OTP,synthetic,False,OTP_12,0
Exclusive for you! Buy 1 Get 1 FREE at Swiggy. Limited period offer. Visit bit.ly/VFVPZV,Promo,synthetic,False,Promo_3,2
U having lunch alone? I now so bored...,Personal,uci,False,,5
Interest of INR 52698 credited to your FD A/c XX9240. -PNB,Bank,synthetic,False,Bank_9,1
DEAR CUSTOMER UR HDFC BANK ACCOUNT WILL BE BLOCKED! UPDATE KYC NOW: BIT.LY/QZVVJO,Spam,synthetic,True,Hard_11,4
"Yeah, I'll leave in a couple minutes &amp; let you know when I get to mu",Personal,uci,False,,5
9773 is your verification code for Swiggy. Never share your OTP.,OTP,synthetic,False,OTP_3,0
HI DARLIN IVE JUST GOT BACK AND I HAD A REALLY NICE NIGHT AND THANKS SO MUCH FOR THE LIFT SEE U TOMORROW XXX,Personal,uci,False,,5
Auto-pay of Rs.95283 to Geetika is scheduled on 14-05-26 from A/c XX1467. Ensure sufficient balance.,Bank,synthetic,False,Bank_13,1
Eatin my lunch...,Personal,uci,False,,5
Order OD6311785602 packed and ready! Expected dispatch by 02 Jul. -Flipkart,Delivery,synthetic,False,Delivery_8,3
"  Never share your OTP, PIN or CVV. SBI never asks for these. Stay safe.",Bank,synthetic,True,Hard_3,1
Hello boytoy ! Geeee ... I'm missing you today. I like to send you a tm and remind you I'm thinking of you ... And you are loved ... *loving kiss*,Personal,uci,False,,5
URGENT This is our 2nd attempt to contact U. Your £900 prize from YESTERDAY is still awaiting collection. To claim CALL NOW 09061702893. ACL03530150PM,Spam,uci,False,,4
  Work from home! Earn Rs.563331/month. Join: bit.ly/dYwDdv,Spam,synthetic,True,Hard_14,4
Order OD6324529451 packed and ready! Expected dispatch by 01 Jul. -Flipkart,Delivery,synthetic,False,Delivery_8,3
Delivered! Your Meesho order OD7235106523 was delivered on 01 Jul Rate your experience: bitly/vgOyku,Delivery,synthetic,False,Delivery_2,3
697367 - use this to sign in. Never share this code with anyone.,OTP,synthetic,True,Hard_7,0
Sounds like you have many talents! would you like to go on a dinner date next week?,Personal,uci,False,,5
Your credit card XX4030 statement is ready. Total due: Rs.44105. Min due: Rs.1614. -Axis Bank -TM,Bank,synthetic,False,Bank_5,1
"No, I decided that only people who care about stuff vote and caring about stuff is for losers",Personal,uci,False,,5
Please attend the phone:),Personal,uci,False,,5
Delivery attempt failed for order OD8792597960. We will retry tomorrow. -Delhivery,Delivery,synthetic,False,Delivery_5,3
  EMI of Rs.87278 due on 17-06-26 for loan A/c XX3217. Pay now to avoid charges. -ICICI Bank,Bank,synthetic,False,Bank_4,1
Your credit card XX4191 statement is ready. Total due: Rs.81857. Min due: Rs.3020. -Axis Bank STOP to opt out,Bank,synthetic,False,Bank_5,1
Call me when you get the chance plz &lt;3,Personal,uci,False,,5
I calls you later. Afternoon onwords mtnl service get problem in south mumbai. I can hear you but you cann't listen me.,Personal,uci,False,,5
Your  credit card XX3895 statement is ready. Total due: Rs.68834. Min due: Rs.3291. -SBI,Bank,synthetic,False,Bank_5,1
Delivery attempt failed for order OD7020717831. We will retry tomorrow. -BlueDart,Delivery,synthetic,False,Delivery_5,3
Just taste fish curry :-P,Personal,uci,False,,5
Ya very nice. . .be ready on thursday,Personal,uci,False,,5
"Well the general price is  &lt;#&gt; /oz, let me know if/when/how much you want",Personal,uci,False,,5
Low balance alert: A/c XX8944 balance is Rs.286576. Maintain min balance to avoid charges. STOP to opt out,Bank,synthetic,False,Bank_10,1
"Urgent! call 09066350750 from your landline. Your complimentary 4* Ibiza Holiday or 10,000 cash await collection SAE T&Cs PO BOX 434 SK3 8WP 150 ppm 18+ ",Spam,uci,False,,4
"Hi  Gaurav, unlock Rs.1570 off your first order at Swiggy with code NEW38.",Promo,synthetic,False,Promo_7,2
Data exhausted? Get 2GB extra with Rs.585 booster pack. Dial *121# or visit app.,Promo,synthetic,False,Promo_11,2
  Delivery attempt failed for order OD3731520987. We will retry tomorrow. -Ekart,Delivery,synthetic,False,Delivery_5,3
He also knows about lunch menu only da. . I know,Personal,uci,False,,5
"Geeeee ... Your internet is really bad today, eh ?",Personal,uci,False,,5
  Order OD2619676161 packed and ready! Expected dispatch by 06 Jul. -Meesho,Delivery,synthetic,False,Delivery_8,3
YOUR SBI CODE: 254866,OTP,synthetic,False,OTP_8,0
"Dont search love, let love find U. Thats why its called falling in love, bcoz U dont force yourself, U just fall and U know there is smeone to hold U... BSLVYL",Personal,uci,False,,5
Ur A/c XX2081 is debited with Rs.60076 on 07-01-26. Info: UPI-Chatresh. Bal: Rs.182699,Bank,synthetic,False,Bank_2,1
rs.42123 debited from a/c xx8181 on 27-06-26 to rishi. avl bal: rs.247504. -icici bank,Bank,synthetic,False,Bank_0,1
Then wat r u doing now? Busy wif work?,Personal,uci,False,,5
  Your one time password is 406608 for Hotstar. Please do not share it.,OTP,synthetic,False,OTP_5,0
"K, wen ur free come to my home and also tel vikky i hav sent mail to him also.. Better come evening il be free today aftr 6pm..:-)",Personal,uci,False,,5
Never blame a day in ur life. Good days give u happiness. Bad days give u experience. Both are essential in life! All are Gods blessings! good morning.:,Personal,uci,False,,5
"  Bro send me Rs.2394 on gpay, will return by 01 Jul",Personal,synthetic,True,Hard_5,5
"Sorry da thangam, very very sorry i am held up with prasad.",Personal,uci,False,,5
ICICI BANK: 511669 IS YOUR LOGIN OTP. IT EXPIRES IN 30 MINUTES.,OTP,synthetic,False,OTP_6,0
700754 is your IRCTC security code Anyone asking for it is a scammer,OTP,synthetic,False,OTP_9,0
Recharge with Rs.533 & get 30% extra talktime Offer valid today only!,Promo,synthetic,False,Promo_5,2
Free Top ringtone -sub to weekly ringtone-get 1st week free-send SUBPOLY to 81618-?3 per week-stop sms-08718727870,Spam,uci,False,,4
Your SBI debit card XX5515 has been blocked due to suspicious activity. Visit branch or call 1800-XXX to unblock. -TM,Bank,synthetic,False,Bank_11,1
  Low balance alert: A/c XX8817 balance is Rs.106181. Maintain min balance to avoid charges.,Bank,synthetic,False,Bank_10,1
Data  exhausted? Get 1GB extra with Rs.692 booster pack. Dial *121# or visit app.,Promo,synthetic,False,Promo_11,2
BigBasket Big Billion Days! Up to 30% off + extra 10% with BOB cards. Hurry!,Promo,synthetic,False,Promo_1,2
Your Zomato membership expires soon. Renew now & save 20%: bit.ly/GbBGev,Promo,synthetic,False,Promo_9,2
"I know where the  &lt;#&gt;  is, I'll be there around 5",Personal,uci,False,,5
So gd got free ice cream... I oso wan...,Personal,uci,False,,5
GPay: 636092 is your login OTP. It expires in 2 minutes.,OTP,synthetic,False,OTP_6,0
  Your order OD2130360628 from Flipkart is arriving tomorrow. Keep Rs.3318 ready for COD.,Delivery,synthetic,False,Delivery_3,3
Indeed and by the way it was either or - not both !,Personal,uci,False,,5
use 450162 to complete your meesho registration. valid till 5 mins.,OTP,synthetic,False,OTP_4,0
Ok i've sent u da latest version of da project.,Personal,uci,False,,5
Whos this am in class:-),Personal,uci,False,,5
Interest of Rs.27135 credited to your FD A/c XX8932. -HDFC Bank,Bank,synthetic,False,Bank_9,1
Order OD5749279523 packed and ready! Expected dispatch by 06 Jul -BigBasket,Delivery,synthetic,False,Delivery_8,3
Order OD1260973486 packed and ready! Expected dispatch by 06 Jul. -Flipkart,Delivery,synthetic,False,Delivery_8,3
837160 - use this code to sign in to Kotak Never share it with anyone,OTP,synthetic,False,OTP_7,0
YOUR UBER CODE: 5256,OTP,synthetic,True,Hard_8,0
Items in your order history are back in stock at Zomato. Prices start Rs.1985.,Promo,synthetic,False,Promo_23,2
Your one time password is 377891 for Uber. Please do not share it.,OTP,synthetic,False,OTP_5,0
"I av a new number,  . Wil u only use this one,ta.",Personal,uci,False,,5
"Haha I heard that, text me when you're around",Personal,uci,False,,5
885137 is your verification code for PNB. Never share your OTP.,OTP,synthetic,False,OTP_3,0
BOB: 38324 is your login OTP. It expires in 30 minutes.,OTP,synthetic,False,OTP_6,0
From next month get upto 50% More Calls 4 Ur standard network charge 2 activate Call 9061100010 C Wire3.net 1st4Terms PoBox84 M26 3UZ Cost £1.50 min MobcudB more,Spam,uci,False,,4
Your credit card XX8473 statement is ready. Total due: Rs.37457. Min due: Rs.3991. -Kotak,Bank,synthetic,False,Bank_5,1
U have 728 reward points expiring on 06 Jul. Redeem on Myntra.,Promo,synthetic,False,Promo_20,2
Just hopeing that wasn‘t too pissed up to remember and has gone off to his sisters or something!,Personal,uci,False,,5
Last day! Zomato clearance sale ends tonight. Up to 10% off sitewide.,Promo,synthetic,False,Promo_8,2
Pls help me tell sura that i'm expecting a battery from hont. And that if should pls send me a message about how to download movies. Thanks,Personal,uci,False,,5
"Hey, my new number is +918258011178. Save it! Meet at noon? T&C apply",Personal,synthetic,True,Hard_4,5
YES! The only place in town to meet exciting adult singles is now in the UK. Txt CHAT to 86688 now! 150p/Msg.,Spam,uci,False,,4
"Hi Akshay, unlock Rs.65 off your first order at Meesho with code NEW97.",Promo,synthetic,False,Promo_7,2
"Had your mobile 10 mths? Update to the latest Camera/Video phones for FREE. KEEP UR SAME NUMBER, Get extra free mins/texts. Text YES for a call",Spam,uci,False,,4
Loved your recent Swiggy order? Reorder in 1 tap and get 50% off today,Promo,synthetic,False,Promo_22,2
Your A/c XX6276 is debited with Rs.6186 on 25-05-26. Info: UPI-Nimrat. Bal: Rs.12663,Bank,synthetic,False,Bank_2,1
Rs.16861 debited from A/c XX1205 on 26-02-26 to Jeet. Avl Bal: Rs.331278. -PNB,Bank,synthetic,False,Bank_0,1
Delivered! Your Flipkart order OD1914119745 was delivered on 06 Jul. Rate your experience: bit.ly/QFCNjr,Delivery,synthetic,False,Delivery_2,3
Your order OD6275031477 from Flipkart is arriving tomorrow. Keep Rs.3311 ready for COD.,Delivery,synthetic,False,Delivery_3,3
important information 4 orange user 0789xxxxxxx. today is your lucky day!2find out why log onto http://www.urawinner.com THERE'S A FANTASTIC SURPRISE AWAITING YOU!,Spam,uci,False,,4
Your credit card XX2344 statement is ready. Total due: Rs.74698. Min due: Rs.4482. -SBI,Bank,synthetic,False,Bank_5,1
Your Vi pack expires tomorrow. Recharge with Rs.751 for 1GB/day + unlimited calls.,Promo,synthetic,False,Promo_10,2
"Total disappointment, when I texted you was the craziest shit got :(",Personal,uci,False,,5
Your Airtel pack expires tomorrow. Recharge with Rs.1374 for 3GB/day + unlimited calls.,Promo,synthetic,False,Promo_10,2
Rs.42040 debited from A/c XX9239 on 06-01-26 to Shaurya. Avl Bal: Rs.212130. -PNB,Bank,synthetic,False,Bank_0,1
OTP for delivery of order OD3983956047 is 1642. Share only with the delivery agent. -BlueDart,Delivery,synthetic,False,Delivery_9,3
Lmao you know me so well...,Personal,uci,False,,5
"Im sorry bout last nite it wasnt ur fault it was me, spouse it was pmt or sumthin! U 4give me? I think u shldxxxx",Personal,uci,False,,5
Oh k. . I will come tomorrow,Personal,uci,False,,5
Of course. I guess god's just got me on hold right now.,Personal,uci,False,,5
UPI payment of INR 31019 to Yoshita successful. UPI Ref: 954562844350. -HDFC Bank,Bank,synthetic,False,Bank_6,1
I'm ok. Will do my part tomorrow,Personal,uci,False,,5
ROMCAPspam Everyone around should be responding well to your presence since you are so warm and outgoing. You are bringing in a real breath of sunshine.,Spam,uci,False,,4
Hungry? Get 50% off up to Rs.835 on your next 3 orders. Code: EAT25. -Swiggy,Promo,synthetic,False,Promo_12,2
Your A/c XX8347 is debited with Rs.10459 on 28-02-26 Info: UPI-Urvi Bal: Rs.89067,Bank,synthetic,False,Bank_2,1
Low balance alert: A/c XX8520 balance is Rs.315591. Maintain min balance to avoid charges.,Bank,synthetic,False,Bank_10,1
Really dun bluff me leh... U sleep early too. Nite...,Personal,uci,False,,5
Oh ya ya. I remember da. .,Personal,uci,False,,5
393079 - use this to sign in Never share this code with anyone,OTP,synthetic,True,Hard_7,0
"Never  share your OTP, PIN or CVV. Axis Bank never asks for these. Stay safe.",Bank,synthetic,True,Hard_3,1
Guess who am I?This is the first time I created a web page WWW.ASJESUS.COM read all I wrote. I'm waiting for your opinions. I want to be your friend 1/1,Spam,uci,False,,4
OUT FOR DELIVERY: YOUR MYNTRA PACKAGE OD7248130544 WILL ARRIVE TODAY BY 3 PM. -EKART,Delivery,synthetic,False,Delivery_1,3
Delivery attempt failed for order OD2415801902. We will retry tomorrow. -XpressBees,Delivery,synthetic,False,Delivery_5,3
<#> 218675 is your Flipkart code. Valid 30 min. hA8sk2Lqp3,OTP,synthetic,False,OTP_13,0
  Work from home! Earn Rs.382053/month. Join: bit.ly/edfAPu,Spam,synthetic,True,Hard_14,4
Daddy will take good care of you :),Personal,uci,False,,5
"Thanks again for your reply today. When is ur visa coming in. And r u still buying the gucci and bags. My sister things are not easy, uncle john also has his own bills so i really need to think about how to make my own money. Later sha.",Personal,uci,False,,5
"Bro send me Rs.2177 on gpay, will return by 05 Jul -TM",Personal,synthetic,True,Hard_5,5
I like you peoples very much:) but am very shy pa.,Personal,uci,False,,5
I am going to sleep. I am tired of travel.,Personal,uci,False,,5
Hi this is yijue... It's regarding the 3230 textbook it's intro to algorithms second edition... I'm selling it for $50...,Personal,uci,False,,5
  Your Airtel pack expires tomorrow. Recharge with Rs.1311 for 3GB/day + unlimited calls.,Promo,synthetic,False,Promo_10,2
Dude got a haircut. Now its breezy up there,Personal,uci,False,,5
Wow so healthy. Old airport rd lor. Cant thk of anything else. But i'll b bathing my dog later.,Personal,uci,False,,5
Yeah if we do have to get a random dude we need to change our info sheets to PARTY  &lt;#&gt; /7 NEVER STUDY just to be safe,Personal,uci,False,,5
Low balance alert: A/c XX1546 balance is Rs.457335. Maintain min balance to avoid charges.,Bank,synthetic,False,Bank_10,1
UPI payment of Rs.14312 to Vasudha successful UPI Ref: 763230250962 -SBI,Bank,synthetic,False,Bank_6,1
"Congrats! 2 mobile 3G Videophones R yours. call 09061744553 now! videochat wid ur mates, play java games, Dload polyH music, noline rentl. bx420. ip4. 5we. 150pm",Spam,uci,False,,4
"Just got some gas money, any chance you and the gang want to go on a grand nature adventure?",Personal,uci,False,,5
Good evening! this is roger. How are you?,Personal,uci,False,,5
"Never share your OTP, PIN or CVV. SBI never asks for these. Stay safe.",Bank,synthetic,True,Hard_3,1
So the sun is anti sleep medicine.,Personal,uci,False,,5
  Dakshesh from Delhivery is arriving with your package. Contact: 5442030745,Delivery,synthetic,False,Delivery_6,3
Ü v ma fan...,Personal,uci,False,,5
My stomach has been thru so much trauma I swear I just can't eat. I better lose weight.,Personal,uci,False,,5
For the most sparkling shopping breaks from 45 per person; call 0121 2025050 or visit www.shortbreaks.org.uk,Spam,uci,False,,4
Flipkart: Your cart misses you! Complete purchase now & get 50% off. bit.ly/JYhLIK,Promo,synthetic,False,Promo_4,2
Salary of Rs.11130 credited to A/c XX2994. Avl Bal: Rs.200695. -ICICI Bank,Bank,synthetic,False,Bank_7,1
Your one time password is 160472 for HDFC Bank. Please do not share it.,OTP,synthetic,False,OTP_5,0
  G-957550 is your Google verification code.,OTP,synthetic,False,OTP_12,0
Your Airtel pack expires tomorrow. Recharge with Rs.1456 for 1GB/day + unlimited calls.,Promo,synthetic,False,Promo_10,2
Call 09095350301 and send our girls into erotic ecstacy. Just 60p/min. To stop texts call 08712460324 (nat rate),Spam,uci,False,,4
EMI OF RS.12238 DUE ON 21-04-26 FOR LOAN A/C XX9004. PAY NOW TO AVOID CHARGES. -KOTAK,Bank,synthetic,False,Bank_4,1
Your FD of Rs.34987 matures on 25-06-26. Renew or withdraw via netbanking. -BOB,Bank,synthetic,False,Bank_14,1
Haha mayb u're rite... U know me well. Da feeling of being liked by someone is gd lor. U faster go find one then all gals in our group attached liao.,Personal,uci,False,,5
Interest of Rs.93033 credited to your FD A/c XX7655. -PNB,Bank,synthetic,False,Bank_9,1
21629  is your OTP for Hotstar login. Valid for 30 minutes. Do not share with anyone.,OTP,synthetic,False,OTP_0,0
So that takes away some money worries,Personal,uci,False,,5
Delivered! Your Swiggy order OD4134745869 was delivered on 05 Jul. Rate your experience: bit.ly/EqSYQS,Delivery,synthetic,False,Delivery_2,3
Speak only when you feel your words are better than the silence... Gud mrng:-),Personal,uci,False,,5
Tap to verify: 147252. This code expires shortly.,OTP,synthetic,True,Hard_9,0
I'm on da bus going home...,Personal,uci,False,,5
Ok. Not sure what time tho as not sure if can get to library before class. Will try. See you at some point! Have good eve.,Personal,uci,False,,5
Use 788289 to complete your BigBasket registration. Valid till 5 mins.,OTP,synthetic,False,OTP_4,0
Loved ur recent Swiggy order? Reorder in 1 tap and get 40% off today.,Promo,synthetic,False,Promo_22,2
AMAZON BIG BILLION DAYS! UP TO 70% OFF + EXTRA 10% WITH SBI CARDS. HURRY!,Promo,synthetic,False,Promo_1,2
Delivery attempt failed for order OD3254782202. We will retry tomorrow. -BlueDart,Delivery,synthetic,False,Delivery_5,3
Huh but i cant go 2 ur house empty handed right?,Personal,uci,False,,5
mega sale! get 10% off on all products at bigbasket. shop now: bit.ly/vbckjg t&c apply.,Promo,synthetic,False,Promo_0,2
Dear customer ur Axis Bank account will be blocked! Update KYC now: bit.ly/nXhZgY -TM,Spam,synthetic,True,Hard_11,4
soon you will have the real thing princess! Do i make you wet? :),Personal,uci,False,,5
"Dear Matthew please call 09063440451 from a landline, your complimentary 4*Lux Tenerife holiday or £1000 CASH await collection. ppm150 SAE T&Cs Box334 SK38XH.",Spam,uci,False,,4
I place all ur points on e cultures module already.,Personal,uci,False,,5
Dear customer ur HDFC Bank account will be blocked! Update KYC now: bit.ly/nJlMqr,Spam,synthetic,True,Hard_11,4
879527  is your OTP for BigBasket login. Valid for 15 minutes. Do not share with anyone.,OTP,synthetic,False,OTP_0,0
IRCTC: Special trains added for festive season Book early & save up to 40%,Promo,synthetic,False,Promo_17,2
Enter 934811 to verify your mobile number for PhonePe.,OTP,synthetic,False,OTP_10,0
640719  - use this code to sign in to Zomato. Never share it with anyone.,OTP,synthetic,False,OTP_7,0
"Hi, wkend ok but journey terrible. Wk not good as have huge back log of marking to do",Personal,uci,False,,5
  Out for delivery: Your Flipkart package OD4234208368 will arrive today by 12 PM. -DTDC,Delivery,synthetic,False,Delivery_1,3
Recharge with Rs.1122 & get 50% extra talktime. Offer valid today only!,Promo,synthetic,False,Promo_5,2
And do you have any one that can teach me how to ship cars.,Personal,uci,False,,5
  Work from home! Earn Rs.1270356/month. Join: bit.ly/HyPcUG,Spam,synthetic,True,Hard_14,4
  Out for delivery: Your Myntra package OD9382951281 will arrive today by 12 PM. -Ekart,Delivery,synthetic,False,Delivery_1,3
Not a drop in the tank,Personal,uci,False,,5
Low balance alert: A/c XX3389 balance is Rs.389900. Maintain min balance to avoid charges.,Bank,synthetic,False,Bank_10,1
As in different styles?,Personal,uci,False,,5
Work from home! Earn Rs.2414288/month Join: bitly/GmDHno,Spam,synthetic,True,Hard_14,4
Oh ho. Is this the first time u use these type of words,Personal,uci,False,,5
Your A/c XX7476 is debited with Rs.18454 on 27-02-26. Info: UPI-Harini. Bal: Rs.368272,Bank,synthetic,False,Bank_2,1
Great comedy..cant stop laughing da:),Personal,uci,False,,5
Interest of Rs.46463 credited to ur FD A/c XX5777. -HDFC Bank,Bank,synthetic,False,Bank_9,1
Loved your recent Flipkart order? Reorder in 1 tap and get 10% off today,Promo,synthetic,False,Promo_22,2
Message:some text missing* Sender:Name Missing* *Number Missing *Sent:Date missing *Missing U a lot thats y everything is missing sent via fullonsms.com,Personal,uci,False,,5
Hi i won't b ard 4 christmas. But do enjoy n merry x'mas.,Personal,uci,False,,5
Shhhhh nobody is supposed to know!,Personal,uci,False,,5
Im done. Just studyn in library,Personal,uci,False,,5
What is important is that you prevent dehydration by giving her enough fluids,Personal,uci,False,,5
Coupon 8043 gives you free delivery on orders above Rs.2512 -Zomato,Promo,synthetic,True,Hard_1,2
Ok. How many should i buy.,Personal,uci,False,,5
  Dear customer ur ICICI Bank account will be blocked! Update KYC now: bit.ly/UyfPnS,Spam,synthetic,True,Hard_11,4
Does not operate after  &lt;#&gt;  or what,Personal,uci,False,,5
MEGA SALE! Get 50% OFF on all products at Meesho. Shop now: bit.ly/UQwcwo T&C apply.,Promo,synthetic,False,Promo_0,2
Your A/c XX5694 is debited with Rs.78454 on 08-05-26. Info: UPI-Hiral. Bal: Rs.472679,Bank,synthetic,False,Bank_2,1
I'm reaching home in 5 min.,Personal,uci,False,,5
Your Uber code: 2531,OTP,synthetic,True,Hard_8,0
Yup,Personal,uci,False,,5
Your order OD7192203612 from Flipkart is arriving tomorrow. Keep Rs.4801 ready for COD.,Delivery,synthetic,False,Delivery_3,3
Do you want a new Video handset? 750 any time any network mins? UNLIMITED TEXT? Camcorder? Reply or Call now 08000930705 for del Sat AM,Spam,uci,False,,4
auto-pay of rs.8775 to veda is scheduled on 19-05-26 from a/c xx1924. ensure sufficient balance.,Bank,synthetic,False,Bank_13,1
"Do 1 thing! Change that sentence into: ""Because i want 2 concentrate in my educational career im leaving here..""",Personal,uci,False,,5
How r ü going to send it to me?,Personal,uci,False,,5
For real when u getting on yo? I only need 2 more tickets and one more jacket and I'm done. I already used all my multis.,Personal,uci,False,,5
OTP for delivery of order OD5759109783 is 3226. Share only with the delivery agent. -Delhivery,Delivery,synthetic,False,Delivery_9,3
Auto-pay of Rs.42582 to Jackson is scheduled on 12-04-26 from A/c XX3005 Ensure sufficient balance,Bank,synthetic,False,Bank_13,1
So wats ur opinion abt him and how abt is character?,Personal,uci,False,,5
  Cheque no. 229730939387 for Rs.63918 has been cleared from A/c XX2281. -PNB,Bank,synthetic,False,Bank_8,1
Congratulations! You won Rs.1614521 in lucky draw. Claim: bit.ly/QJWohU,Spam,synthetic,True,Hard_12,4
K... Must book a not huh? so going for yoga basic on sunday?,Personal,uci,False,,5
Low balance alert: A/c XX3549 balance is Rs.389311. Maintain min balance to avoid charges. -TM,Bank,synthetic,False,Bank_10,1
zomato big billion days! up to 10% off + extra 10% with kotak cards. hurry!,Promo,synthetic,False,Promo_1,2
exclusive for you! buy 1 get 1 free at zomato. limited period offer. visit bit.ly/mayffz,Promo,synthetic,False,Promo_3,2
I can send you a pic if you like :),Personal,uci,False,,5
  Auto-pay of Rs.83418 to Wazir is scheduled on 02-02-26 from A/c XX8642. Ensure sufficient balance.,Bank,synthetic,False,Bank_13,1
So lets make it saturday or monday as per convenience.,Personal,uci,False,,5
LOL what happens in Vegas stays in vegas,Personal,uci,False,,5
Enter 271183 to verify your mobile number for BigBasket.,OTP,synthetic,False,OTP_10,0
Tap to verify: 543290. This code expires shortly.,OTP,synthetic,True,Hard_9,0
"Hey,  my new number is 01873957149. Save it! Meet at 6pm?",Personal,synthetic,True,Hard_4,5
your fd of rs.25971 matures on 13-06-26. renew or withdraw via netbanking. -axis bank,Bank,synthetic,False,Bank_14,1
404256 - use this to sign in. Never share this code with anyone.,OTP,synthetic,True,Hard_7,0
Congratulations! You won Rs.1442640 in lucky draw. Claim: bit.ly/eAVWzJ,Spam,synthetic,True,Hard_12,4
Use  code 2171 at checkout for 25% off at Myntra!,Promo,synthetic,True,Hard_0,2
YOUR FD OF RS.43999 MATURES ON 04-07-26. RENEW OR WITHDRAW VIA NETBANKING. -ICICI BANK,Bank,synthetic,False,Bank_14,1
Where are you ? What are you doing ? Are yuou working on getting the pc to your mom's ? Did you find a spot that it would work ? I need you,Personal,uci,False,,5
congratulations! you won rs.517968 in lucky draw. claim: bit.ly/phftgn,Spam,synthetic,True,Hard_12,4
He needs to stop going to bed and make with the fucking dealing,Personal,uci,False,,5
We have pizza if u want,Personal,uci,False,,5
Y?WHERE U AT DOGBREATH? ITS JUST SOUNDING LIKE JAN C THATS AL!!!!!!!!!,Personal,uci,False,,5
Low balance alert: A/c XX7321 balance is Rs.186696. Maintain min balance to avoid charges.,Bank,synthetic,False,Bank_10,1
UPI payment of Rs.85329 to Sachi successful. UPI Ref: 597513374626. -Kotak T&C apply,Bank,synthetic,False,Bank_6,1
Wish u many many returns of the day.. Happy birthday vikky..,Personal,uci,False,,5
432541  - use this code to sign in to BigBasket. Never share it with anyone.,OTP,synthetic,False,OTP_7,0
"alright babe, justthought id sayhey! how u doin?nearly the endof me wk offdam nevamind!We will have 2Hook up sn if uwant m8? loveJen x.",Personal,uci,False,,5
Rs.54043 credited to A/c XX6396 on 02-07-26 Avl Bal: Rs.44195 -BOB,Bank,synthetic,False,Bank_1,1
Convert your ICICI Bank card purchase of Rs.1879 into easy EMIs at 0% interest. Reply YES.,Promo,synthetic,False,Promo_15,2
But that's on ebay it might be less elsewhere.,Personal,uci,False,,5
"500 New Mobiles from 2004, MUST GO! Txt: NOKIA to No: 89545 & collect yours today!From ONLY £1 www.4-tc.biz 2optout 087187262701.50gbp/mtmsg18 TXTAUCTION",Spam,uci,False,,4
Loved your recent BigBasket order? Reorder in 1 tap and get 10% off today. T&C apply,Promo,synthetic,False,Promo_22,2
Amazon: 137361 is your login OTP. It expires in 30 minutes.,OTP,synthetic,False,OTP_6,0
Low balance alert: A/c XX1461 balance is Rs.126820. Maintain min balance to avoid charges. T&C apply,Bank,synthetic,False,Bank_10,1
flipkart: your cart misses you! complete purchase now & get 60% off. bit.ly/bdjxgn,Promo,synthetic,False,Promo_4,2
Beware of fraud calls asking for card details SBI officials never ask for PIN or CVV,Bank,synthetic,False,Bank_15,1
Items in your order history are back in stock at Meesho. Prices start Rs.1261.,Promo,synthetic,False,Promo_23,2
Just haven't decided where yet eh ?,Personal,uci,False,,5
Your Hotstar plan renews on 03 Jul at Rs.1043 Upgrade to 4K for Rs.738/month,Promo,synthetic,False,Promo_18,2
YOUR ICICI BANK DEBIT CARD XX4081 HAS BEEN BLOCKED DUE TO SUSPICIOUS ACTIVITY. VISIT BRANCH OR CALL 1800-XXX TO UNBLOCK.,Bank,synthetic,False,Bank_11,1
Great. So should i send you my account number.,Personal,uci,False,,5
Done it but internet connection v slow and can‘t send it. Will try again later or first thing tomo.,Personal,uci,False,,5
"Hi Banjeet, unlock Rs.1815 off your first order at Flipkart with code NEW48.",Promo,synthetic,False,Promo_7,2
I don't think he has spatula hands!,Personal,uci,False,,5
Nice line said by a broken heart- Plz don't cum 1 more times infront of me... Other wise once again I ll trust U... Good 9t:),Personal,uci,False,,5
Chakrika  from DTDC is arriving with your package. Contact: 8568463174,Delivery,synthetic,False,Delivery_6,3
Anyway holla at me whenever you're around because I need an excuse to go creep on people in sarasota,Personal,uci,False,,5
I cant pick the phone right now. Pls send a message,Personal,uci,False,,5
8007 FREE for 1st week! No1 Nokia tone 4 ur mob every week just txt NOKIA to 8007 Get txting and tell ur mates www.getzed.co.uk POBox 36504 W4 5WQ norm 150p/tone 16+,Spam,uci,False,,4
  Swiggy: Your cart misses you! Complete purchase now & get 50% off. bit.ly/KfIwqq,Promo,synthetic,False,Promo_4,2
Talk sexy!! Make new friends or fall in love in the worlds most discreet text dating service. Just text VIP to 83110 and see who you could meet.,Spam,uci,False,,4
Coupon 6200 gives you free delivery on orders above Rs.4507. -Amazon,Promo,synthetic,True,Hard_1,2
What time should I tell my friend to be around?,Personal,uci,False,,5
Out for delivery: Your Meesho package OD3098719451 will arrive today by 3 PM. -DTDC,Delivery,synthetic,False,Delivery_1,3
Yeah we do totes. When u wanna?,Personal,uci,False,,5
"Hey, my new number is 0270083665. Save it! Meet at tonight?",Personal,synthetic,True,Hard_4,5
Low balance alert: A/c XX9218 balance is Rs.303643. Maintain min balance to avoid charges.,Bank,synthetic,False,Bank_10,1
Zomato Big Billion Days! Up to 30% off + extra 10% with Axis Bank cards. Hurry!,Promo,synthetic,False,Promo_1,2
I'm leaving my house now...,Personal,uci,False,,5
Eh sorry leh... I din c ur msg. Not sad already lar. Me watching tv now. U still in office?,Personal,uci,False,,5
  Recharge with Rs.279 & get 50% extra talktime. Offer valid today only!,Promo,synthetic,False,Promo_5,2
flipkart: 192429 is your login otp. it expires in 2 minutes.,OTP,synthetic,False,OTP_6,0
UPI payment of INR 24169 to Anmol successful. UPI Ref: 265534744644. -PNB,Bank,synthetic,False,Bank_6,1
543900 - use this code to sign in to bigbasket. never share it with anyone.,OTP,synthetic,False,OTP_7,0
Your A/c XX7214 is debited with INR 299 on 03-05-26. Info: UPI-Dhriti. Bal: INR 251477,Bank,synthetic,False,Bank_2,1
here is my new address -apples&pairs&all that malarky,Personal,uci,False,,5
Warner Village 83118 C Colin Farrell in SWAT this wkend @Warner Village & get 1 free med. Popcorn!Just show msg+ticket@kiosk.Valid 4-7/12. C t&c @kiosk. Reply SONY 4 mre film offers,Spam,uci,False,,4
Yup... I havent been there before... You want to go for the yoga? I can call up to book ,Personal,uci,False,,5
Free entry in 2 a wkly comp to win FA Cup final tkts 21st May 2005. Text FA to 87121 to receive entry question(std txt rate)T&C's apply 08452810075over18's,Spam,uci,False,,4
First has she gained more than  &lt;#&gt; kg since she took in. Second has she done the blood sugar tests. If she has and its ok and her blood pressure is within normal limits then no worries,Personal,uci,False,,5
Got it. Seventeen pounds for seven hundred ml – hope ok.,Personal,uci,False,,5
Low  balance alert: A/c XX3954 balance is Rs.479640. Maintain min balance to avoid charges.,Bank,synthetic,False,Bank_10,1
"As in missionary hook up, doggy hook up, standing...|",Personal,uci,False,,5
Dear customer ur PNB account will be blocked! Update KYC now: bit.ly/qxEPtq,Spam,synthetic,True,Hard_11,4
YOUR ICICI BANK DEBIT CARD XX8098 HAS BEEN BLOCKED DUE TO SUSPICIOUS ACTIVITY. VISIT BRANCH OR CALL 1800-XXX TO UNBLOCK.,Bank,synthetic,False,Bank_11,1
YOUR ORDER OD6163091076 FROM SWIGGY IS ARRIVING TOMORROW. KEEP RS.2161 READY FOR COD.,Delivery,synthetic,False,Delivery_3,3
Use code 2185 at checkout for 10% off at Meesho!,Promo,synthetic,True,Hard_0,2
hiya hows it going in sunny africa? hope u r avin a good time. give that big old silver back a big kiss from me.,Personal,uci,False,,5
Pay Rs.2587 on delivery for order OD516250922. -Ekart,Delivery,synthetic,True,Hard_10,3
delivery attempt failed for order od6941853203. we will retry tomorrow. -ekart,Delivery,synthetic,False,Delivery_5,3
Use code 4382 at checkout for 10% off at Flipkart!,Promo,synthetic,True,Hard_0,2
  Your Myntra membership expires soon. Renew now & save 20%: bit.ly/SwsJMN,Promo,synthetic,False,Promo_9,2
Recharge  with Rs.825 & get 10% extra talktime. Offer valid today only!,Promo,synthetic,False,Promo_5,2
"Hi Ganga, unlock Rs.1064 off your first order at Swiggy with code NEW71",Promo,synthetic,False,Promo_7,2
Have a nice day my dear.,Personal,uci,False,,5
Your one time password is 93227 for Hotstar. Please do not share it.,OTP,synthetic,False,OTP_5,0
  Exclusive for you! Buy 1 Get 1 FREE at BigBasket. Limited period offer. Visit bit.ly/YjBAbH,Promo,synthetic,False,Promo_3,2
Ok then i will come to ur home after half an hour,Personal,uci,False,,5
"I had been hoping i would not have to send you this message. My rent is due and i dont have enough for it. My reserves are completely gone. Its a loan i need and was hoping you could her. The balance is  &lt;#&gt; . Is there a way i could get that from you, till mid march when i hope to pay back.",Personal,uci,False,,5
He's in lag. That's just the sad part but we keep in touch thanks to skype,Personal,uci,False,,5
Use 610894 to complete ur PNB registration. Valid till 2 mins.,OTP,synthetic,False,OTP_4,0
Your credit card XX8282 statement is ready. Total due: Rs.91396. Min due: Rs.4664. -Axis Bank,Bank,synthetic,False,Bank_5,1
Hi dude hw r u da realy mising u today,Personal,uci,False,,5
Your one time password is 512940 for Myntra Please do not share it,OTP,synthetic,False,OTP_5,0
You have 4360 reward points expiring on 06 Jul. Redeem on Meesho.,Promo,synthetic,False,Promo_20,2
Delivered! Your BigBasket order OD7829920507 was delivered on 02 Jul. Rate your experience: bit.ly/WcwhEd STOP to opt out,Delivery,synthetic,False,Delivery_2,3
418809  - use this to sign in. Never share this code with anyone.,OTP,synthetic,True,Hard_7,0
Ujhhhhhhh computer shipped out with address to sandiago and parantella lane. Wtf. Poop.,Personal,uci,False,,5
"Now u sound like manky scouse boy steve,like! I is travelling on da bus home.wot has u inmind 4 recreation dis eve?",Personal,uci,False,,5
You know there is. I shall speak to you in  &lt;#&gt;  minutes then,Personal,uci,False,,5
Use code 1088 at checkout for 25% off at Myntra!,Promo,synthetic,True,Hard_0,2
Exclusive for you! Buy 1 Get 1 FREE at Flipkart. Limited period offer. Visit bit.ly/nKpVjf,Promo,synthetic,False,Promo_3,2
  Out for delivery: Your Amazon package OD6793861208 will arrive today by 9 PM. -Ekart,Delivery,synthetic,False,Delivery_1,3
<#> 450964 is ur BigBasket code. Valid 15 min. hA8sk2Lqp3,OTP,synthetic,False,OTP_13,0
We live in the next  &lt;#&gt; mins,Personal,uci,False,,5
"Ditto. And you won't have to worry about me saying ANYTHING to you anymore. Like i said last night, you do whatever you want and i'll do the same. Peace.",Personal,uci,False,,5
534906 is your verification code for Flipkart. Never share your OTP.,OTP,synthetic,False,OTP_3,0
How's it feel? Mr. Your not my real Valentine just my yo Valentine even tho u hardly play!!,Personal,uci,False,,5
your meesho code: 279244,OTP,synthetic,False,OTP_8,0
Order OD7022367248 packed and ready! Expected dispatch by 06 Jul. -Zomato -TM,Delivery,synthetic,False,Delivery_8,3
K:)k.are you in college?,Personal,uci,False,,5
Whatsup there. Dont u want to sleep,Personal,uci,False,,5
We left already we at orchard now.,Personal,uci,False,,5
No * am working on the ringing u thing but have whole houseful of screaming brats so * am pulling my hair out! Loving u,Personal,uci,False,,5
Myntra Big Billion Days! Up to 60% off + extra 10% with SBI cards. Hurry!,Promo,synthetic,False,Promo_1,2
Ola: 62416 is your login OTP. It expires in 15 minutes.,OTP,synthetic,False,OTP_6,0
Dear  customer ur ICICI Bank account will be blocked! Update KYC now: bit.ly/Kctnvt,Spam,synthetic,True,Hard_11,4
Eh den sat u book e kb liao huh...,Personal,uci,False,,5
DATA EXHAUSTED? GET 1.5GB EXTRA WITH RS.366 BOOSTER PACK. DIAL *121# OR VISIT APP.,Promo,synthetic,False,Promo_11,2
Loved your recent Amazon order? Reorder in 1 tap and get 20% off today.,Promo,synthetic,False,Promo_22,2
Ok i go change also...,Personal,uci,False,,5
Your ICICI Bank debit card XX5940 has been blocked due to suspicious activity. Visit branch or call 1800-XXX to unblock.,Bank,synthetic,False,Bank_11,1
UPI payment of Rs.54458 to Utkarsh successful. UPI Ref: 111868013072. -HDFC Bank -TM,Bank,synthetic,False,Bank_6,1
Your Zomato order OD3382815647 has been shipped via Delhivery. Track: bit.ly/xxzVPg,Delivery,synthetic,False,Delivery_0,3
  Rs.22160 debited from A/c XX3473 on 16-03-26 to Reva. Avl Bal: Rs.150624. -ICICI Bank,Bank,synthetic,False,Bank_0,1
Delivery attempt failed for order OD4013511580. We will retry tomorrow. -Ekart,Delivery,synthetic,False,Delivery_5,3
last day! bigbasket clearance sale ends tonight. up to 70% off sitewide.,Promo,synthetic,False,Promo_8,2
U gd lor go shopping i got stuff to do. U wan 2 watch infernal affairs a not? Come lar...,Personal,uci,False,,5
I am not at all happy with what you saying or doing,Personal,uci,False,,5
recharge with rs.609 & get 60% extra talktime. offer valid today only!,Promo,synthetic,False,Promo_5,2
Delivered!  Your Flipkart order OD3096111403 was delivered on 06 Jul. Rate your experience: bit.ly/XZRWaK,Delivery,synthetic,False,Delivery_2,3
YOUR MEESHO ORDER OD3166811094 HAS BEEN SHIPPED VIA DELHIVERY. TRACK: BIT.LY/QHGLYP,Delivery,synthetic,False,Delivery_0,3
Me too baby! I promise to treat you well! I bet you will take good care of me...,Personal,uci,False,,5
No. But we'll do medical missions to nigeria,Personal,uci,False,,5
Whens your radio show?,Personal,uci,False,,5
Enter 938461 to verify your mobile number for GPay.,OTP,synthetic,False,OTP_10,0
  Delivered! Your BigBasket order OD9227655104 was delivered on 01 Jul. Rate your experience: bit.ly/zhSpDR,Delivery,synthetic,False,Delivery_2,3
EMI of Rs.60895 due on 05-05-26 for loan A/c XX2364. Pay now to avoid charges. -Kotak,Bank,synthetic,False,Bank_4,1
How much is blackberry bold2 in nigeria.,Personal,uci,False,,5
Your credit card XX4097 statement is ready. Total due: Rs.49776. Min due: Rs.1629. -Kotak,Bank,synthetic,False,Bank_5,1
Your one time password is 252338 for GPay. Please do not share it.,OTP,synthetic,False,OTP_5,0
DEAR CUSTOMER UR HDFC BANK ACCOUNT WILL BE BLOCKED! UPDATE KYC NOW: BIT.LY/NEPGZT,Spam,synthetic,True,Hard_11,4
257020 - use this code to sign in to Flipkart. Never share it with anyone.,OTP,synthetic,False,OTP_7,0
G-231752 is your Google verification code,OTP,synthetic,False,OTP_12,0
Delivery attempt failed for order OD6285923231. We will retry tomorrow. -Delhivery T&C apply,Delivery,synthetic,False,Delivery_5,3
Your Uber code: 9702,OTP,synthetic,True,Hard_8,0
And stop being an old man. You get to build snowman snow angels and snowball fights.,Personal,uci,False,,5
Or u ask they all if next sat can a not. If all of them can make it then i'm ok lor.,Personal,uci,False,,5
We're done...,Personal,uci,False,,5
ENTER 894272 TO VERIFY YOUR MOBILE NUMBER FOR PHONEPE.,OTP,synthetic,False,OTP_10,0
&lt;#&gt;  am I think? Should say on syllabus,Personal,uci,False,,5
489160 is your Paytm security code. Anyone asking for it is a scammer. STOP to opt out,OTP,synthetic,False,OTP_9,0
Your credit card XX9486 statement is ready Total due: Rs.54779 Min due: Rs.3076 -ICICI Bank,Bank,synthetic,False,Bank_5,1
otp for delivery of order od4204443887 is 4828. share only with the delivery agent. -bluedart,Delivery,synthetic,False,Delivery_9,3
"Carlos took a while (again), we leave in a minute",Personal,uci,False,,5
Ur order OD7996485185 from Swiggy is arriving tomorrow. Keep Rs.2400 ready for COD.,Delivery,synthetic,False,Delivery_3,3
  Auto-pay of Rs.70323 to Nathan is scheduled on 05-05-26 from A/c XX9532. Ensure sufficient balance.,Bank,synthetic,False,Bank_13,1
Your order OD2634956502 from Zomato is arriving tomorrow. Keep Rs.2278 ready for COD.,Delivery,synthetic,False,Delivery_3,3
Flight fares dropped! BLR-MAA from INR 1525. Book on Goibibo before midnight.,Promo,synthetic,False,Promo_16,2
"Garbage bags, eggs, jam, bread, hannaford wheat chex",Personal,uci,False,,5
KYC update pending for A/c XX8380. Please visit your nearest PNB branch by 28-06-26 to avoid restrictions.,Bank,synthetic,False,Bank_12,1
That's y we haf to combine n c how lor...,Personal,uci,False,,5
"BRO SEND ME RS.3928 ON GPAY, WILL RETURN BY 06 JUL",Personal,synthetic,True,Hard_5,5
Order OD5802546612 packed and ready! Expected dispatch by 03 Jul. -Zomato,Delivery,synthetic,False,Delivery_8,3
G-580676 is your Google verification code.,OTP,synthetic,False,OTP_12,0
You have 1129 reward points expiring on 04 Jul. Redeem on Amazon.,Promo,synthetic,False,Promo_20,2
K tell me anything about you.,Personal,uci,False,,5
"Hi  Nikita, unlock Rs.1764 off your first order at Swiggy with code NEW97.",Promo,synthetic,False,Promo_7,2
"Sorry, I guess whenever I can get a hold of my connections, maybe an hour or two? I'll text you",Personal,uci,False,,5
Low balance alert: A/c XX1840 balance is Rs.92387. Maintain min balance to avoid charges. -TM,Bank,synthetic,False,Bank_10,1
884305  is your verification code for GPay. Never share your OTP.,OTP,synthetic,False,OTP_3,0
Cant think of anyone with * spare room off * top of my head,Personal,uci,False,,5
Missed  our shows? Come back to Hotstar at 50% off for 3 months. Resubscribe: bit.ly/OJVsJP,Promo,synthetic,False,Promo_19,2
  Myntra Big Billion Days! Up to 30% off + extra 10% with Kotak cards. Hurry!,Promo,synthetic,False,Promo_1,2
854994 - use this code to sign in to GPay. Never share it with anyone.,OTP,synthetic,False,OTP_7,0
ORDER OD7744419182 PACKED AND READY! EXPECTED DISPATCH BY 05 JUL. -BIGBASKET,Delivery,synthetic,False,Delivery_8,3
Missed our shows? Come back to SonyLIV at 50% off for 3 months. Resubscribe: bit.ly/puoOTt,Promo,synthetic,False,Promo_19,2
"There're some people by mu, I'm at the table by lambda",Personal,uci,False,,5
"Living is very simple.. Loving is also simple.. Laughing is too simple.. Winning is tooo simple.. But, being 'SIMPLE' is very difficult.. Gud nte.:-",Personal,uci,False,,5
  Order OD6527789149 packed and ready! Expected dispatch by 04 Jul. -Myntra,Delivery,synthetic,False,Delivery_8,3
Ha ha ha good joke. Girls are situation seekers.,Personal,uci,False,,5
Okay. I've seen it. So i should pick it on friday?,Personal,uci,False,,5
Sorry that was my uncle. I.ll keep in touch,Personal,uci,False,,5
811828  is your OTP for Myntra login. Valid for 10 minutes. Do not share with anyone.,OTP,synthetic,False,OTP_0,0
"I've got ten bucks, jay is being noncomittal",Personal,uci,False,,5
Order OD4932134111 packed and ready! Expected dispatch by 04 Jul. -BigBasket,Delivery,synthetic,False,Delivery_8,3
"Urgent! call 09066612661 from landline. Your complementary 4* Tenerife Holiday or £10,000 cash await collection SAE T&Cs PO Box 3 WA14 2PX 150ppm 18+ Sender: Hol Offer",Spam,uci,False,,4
Coupon 5490 gives you free delivery on orders above Rs.2870. -Zomato,Promo,synthetic,True,Hard_1,2
COUPON 7055 GIVES YOU FREE DELIVERY ON ORDERS ABOVE RS.666. -FLIPKART,Promo,synthetic,True,Hard_1,2
Yup i shd haf ard 10 pages if i add figures... Ü all got how many pages?,Personal,uci,False,,5
"Wan2 win a Meet+Greet with Westlife 4 U or a m8? They are currently on what tour? 1)Unbreakable, 2)Untamed, 3)Unkempt. Text 1,2 or 3 to 83049. Cost 50p +std text",Spam,uci,False,,4
Hamsini from Delhivery is arriving with your package. Contact: 7716368478,Delivery,synthetic,False,Delivery_6,3
I've been trying to reach him without success,Personal,uci,False,,5
MEGA SALE! Get 80% OFF on all products at Myntra. Shop now: bit.ly/IVpdgA T&C apply.,Promo,synthetic,False,Promo_0,2
Love it! I want to flood that pretty pussy with cum...,Personal,uci,False,,5
EMI of Rs.70067 due on 06-06-26 for loan A/c XX9054 Pay now to avoid charges -PNB,Bank,synthetic,False,Bank_4,1
So what did the bank say about the money?,Personal,uci,False,,5
"Good afternoon, babe. How goes that day ? Any job prospects yet ? I miss you, my love ... *sighs* ... :-(",Personal,uci,False,,5
Shivansh from XpressBees is arriving with your package. Contact: +917291244517,Delivery,synthetic,False,Delivery_6,3
Missed our shows? Come back to Netflix at 50% off for 3 months. Resubscribe: bit.ly/VcQReU,Promo,synthetic,False,Promo_19,2
g-83672 is your google verification code.,OTP,synthetic,False,OTP_12,0
Use 620565 to complete your Paytm registration Valid till 15 mins,OTP,synthetic,False,OTP_4,0
What do U want for Xmas? How about 100 free text messages & a new video phone with half price line rental? Call free now on 0800 0721072 to find out more!,Spam,uci,False,,4
<#> 312464 is your Hotstar code. Valid 2 min. hA8sk2Lqp3,OTP,synthetic,False,OTP_13,0
Lol they were mad at first but then they woke up and gave in.,Personal,uci,False,,5
BABE !!! I miiiiiiissssssssss you ! I need you !!! I crave you !!! :-( ... Geeee ... I'm so sad without you babe ... I love you ...,Personal,uci,False,,5
  414436 is your verification code for Meesho. Never share your OTP.,OTP,synthetic,False,OTP_3,0
Your pussy is perfect!,Personal,uci,False,,5
Use code 1103 at checkout for 25% off at BigBasket! -TM,Promo,synthetic,True,Hard_0,2
"Cool, what time you think you can get here?",Personal,uci,False,,5
Wot is u up 2 then bitch?,Personal,uci,False,,5
Rs.87410 credited to A/c XX4706 on 12-03-26. Avl Bal: Rs.125434. -BOB,Bank,synthetic,False,Bank_1,1
95308  is your OTP for Amazon login. Valid for 5 minutes. Do not share with anyone.,OTP,synthetic,False,OTP_0,0
Use code 5314 at checkout for 10% off at Amazon!,Promo,synthetic,True,Hard_0,2
Oh ic. I thought you meant mary jane.,Personal,uci,False,,5
your one time password is 247985 for uber. please do not share it.,OTP,synthetic,False,OTP_5,0
Rs.83461 debited from A/c XX7489 on 14-02-26 to Ranveer. Avl Bal: Rs.19100. -Axis Bank,Bank,synthetic,False,Bank_0,1
<#> 396131 IS YOUR ZOMATO CODE. VALID 5 MIN. HA8SK2LQP3,OTP,synthetic,False,OTP_13,0
So when you gonna get rimac access ,Personal,uci,False,,5
"Ha. You don‘t know either. I did a a clever but simple thing with pears the other day, perfect for christmas.",Personal,uci,False,,5
Pay INR 1399 on delivery for order OD464539602. -BlueDart,Delivery,synthetic,True,Hard_10,3
Your FD of Rs.91407 matures on 25-02-26 Renew or withdraw via netbanking -Axis Bank,Bank,synthetic,False,Bank_14,1
Work from home! Earn Rs.377832/month. Join: bit.ly/lkCFIC T&C apply,Spam,synthetic,True,Hard_14,4
YOUR A/C XX6446 IS DEBITED WITH RS.53692 ON 05-05-26. INFO: UPI-UBIKA. BAL: RS.112224,Bank,synthetic,False,Bank_2,1
Flipkart Big Billion Days! Up to 20% off + extra 10% with BOB cards. Hurry!,Promo,synthetic,False,Promo_1,2
UPI payment of Rs.89276 to Sara successful. UPI Ref: 500377111748. -Axis Bank,Bank,synthetic,False,Bank_6,1
Tap  to verify: 539963. This code expires shortly.,OTP,synthetic,True,Hard_9,0
  Recharge with Rs.388 & get 80% extra talktime. Offer valid today only!,Promo,synthetic,False,Promo_5,2
your fd of rs.80626 matures on 15-05-26. renew or withdraw via netbanking. -hdfc bank,Bank,synthetic,False,Bank_14,1
Rs.30834  debited from A/c XX4388 on 04-05-26 to Ishita. Avl Bal: Rs.361695. -Axis Bank,Bank,synthetic,False,Bank_0,1
I'll probably be around mu a lot,Personal,uci,False,,5
"Hi Bachittar, unlock Rs.1615 off your first order at Swiggy with code NEW18",Promo,synthetic,False,Promo_7,2
S but not able to sleep.,Personal,uci,False,,5
<#> 170588 is your Zomato code. Valid 5 min. hA8sk2Lqp3,OTP,synthetic,False,OTP_13,0
Rs.70253 debited from A/c XX9711 on 22-04-26 to Balhaar. Avl Bal: Rs.312794. -Axis Bank,Bank,synthetic,False,Bank_0,1
Use code 2559 at checkout for 50% off at BigBasket!,Promo,synthetic,True,Hard_0,2
Items in your order history are back in stock at Swiggy Prices start Rs.1516,Promo,synthetic,False,Promo_23,2
Items in ur order history are back in stock at Zomato. Prices start Rs.1625.,Promo,synthetic,False,Promo_23,2
Your Vi pack expires tomorrow. Recharge with Rs.1327 for 3GB/day + unlimited calls.,Promo,synthetic,False,Promo_10,2
I AM AT A PARTY WITH ALEX NICHOLS,Personal,uci,False,,5
Ur A/c XX4150 is debited with Rs.15196 on 04-02-26. Info: UPI-Ati. Bal: Rs.442528,Bank,synthetic,False,Bank_2,1
Myntra: Ur cart misses you! Complete purchase now & get 80% off. bit.ly/QFhpol,Promo,synthetic,False,Promo_4,2
EMI of Rs.86836 due on 06-05-26 for loan A/c XX4066. Pay now to avoid charges. -BOB,Bank,synthetic,False,Bank_4,1
Your A/c XX4697 is debited with Rs.95267 on 07-06-26. Info: UPI-Ria. Bal: Rs.326210,Bank,synthetic,False,Bank_2,1
You do what all you like,Personal,uci,False,,5
  Rs.982 cashback credited to your Amazon Pay wallet. Use on your next order.,Promo,synthetic,False,Promo_21,2
  G-277251 is your Google verification code.,OTP,synthetic,False,OTP_12,0
YOUR MYNTRA ORDER OD7908058291 HAS BEEN SHIPPED VIA DELHIVERY. TRACK: BIT.LY/QQSZXX,Delivery,synthetic,False,Delivery_0,3
"I have 2 sleeping bags, 1 blanket and paper and  phone details. Anything else?",Personal,uci,False,,5
Lol now I'm after that hot air balloon!,Personal,uci,False,,5
Ok darlin i supose it was ok i just worry too much.i have to do some film stuff my mate and then have to babysit again! But you can call me there.xx,Personal,uci,False,,5
"Well am officially in a philosophical hole, so if u wanna call am at home ready to be saved!",Personal,uci,False,,5
I'm in class. Did you get my text.,Personal,uci,False,,5
They finally came to fix the ceiling.,Personal,uci,False,,5
Nvm take ur time.,Personal,uci,False,,5
Delivered! Your Swiggy order OD2425611057 was delivered on 04 Jul. Rate your experience: bit.ly/XzhFir,Delivery,synthetic,False,Delivery_2,3
Okay lor... Wah... like that def they wont let us go... Haha... What did they say in the terms and conditions?,Personal,uci,False,,5
Your one time password is 892166 for Hotstar. Please do not share it.,OTP,synthetic,False,OTP_5,0
mega sale! get 70% off on all products at swiggy. shop now: bit.ly/dpljxi t&c apply.,Promo,synthetic,False,Promo_0,2
you have 802 reward points expiring on 06 jul. redeem on flipkart.,Promo,synthetic,False,Promo_20,2
delivery attempt failed for order od6425223457. we will retry tomorrow. -dtdc,Delivery,synthetic,False,Delivery_5,3
Cheque no. 697528072682 for Rs.66690 has been cleared from A/c XX9022. -Axis Bank,Bank,synthetic,False,Bank_8,1
Lol its ok I didn't remember til last nite,Personal,uci,False,,5
Oh yeah I forgot. U can only take 2 out shopping at once.,Personal,uci,False,,5
use 325508 to complete your bob registration. valid till 5 mins.,OTP,synthetic,False,OTP_4,0
Convert your SBI card purchase of Rs.849 into easy EMIs at 0% interest. Reply YES.,Promo,synthetic,False,Promo_15,2
You've always been the brainy one.,Personal,uci,False,,5
"Bro send me Rs.3029 on gpay, will return by 01 Jul",Personal,synthetic,True,Hard_5,5
  KYC update pending for A/c XX2647. Please visit your nearest PNB branch by 11-01-26 to avoid restrictions.,Bank,synthetic,False,Bank_12,1
UPI payment of Rs.70154 to Zaitra successful. UPI Ref: 704521790012. -BOB,Bank,synthetic,False,Bank_6,1
"Plz note: if anyone calling from a mobile Co. &amp; asks u to type # &lt;#&gt;  or # &lt;#&gt; . Do not do so. Disconnect the call,coz it iz an attempt of 'terrorist' to make use of the sim card no. Itz confirmd by nokia n motorola n has been verified by CNN IBN.",Personal,uci,False,,5
You unbelievable faglord,Personal,uci,False,,5
Radha from XpressBees is arriving with your package. Contact: 2230153649,Delivery,synthetic,False,Delivery_6,3
Delivered! Your Flipkart order OD6852421377 was delivered on 04 Jul. Rate your experience: bit.ly/BakmPS,Delivery,synthetic,False,Delivery_2,3
convert your axis bank card purchase of rs.784 into easy emis at 0% interest. reply yes.,Promo,synthetic,False,Promo_15,2
Match started.india  &lt;#&gt;  for 2,Personal,uci,False,,5
786629 is ur verification code for BOB. Never share ur OTP.,OTP,synthetic,False,OTP_3,0
Girish  from DTDC is arriving with your package. Contact: 02548492274,Delivery,synthetic,False,Delivery_6,3
HDFC Bank: 511568 is your login OTP. It expires in 2 minutes.,OTP,synthetic,False,OTP_6,0
YOUR CREDIT CARD XX7495 STATEMENT IS READY. TOTAL DUE: RS.69238. MIN DUE: RS.3123. -HDFC BANK,Bank,synthetic,False,Bank_5,1
Order OD3001316442 packed and ready! Expected dispatch by 05 Jul. -BigBasket,Delivery,synthetic,False,Delivery_8,3
"Ok that would b lovely, if u r sure. Think about wot u want to do, drinkin, dancin, eatin, cinema, in, out, about... Up to u! Wot about ? ",Personal,uci,False,,5
When are you guys leaving?,Personal,uci,False,,5
Your Myntra membership expires soon. Renew now & save 70%: bit.ly/Xhmrvs,Promo,synthetic,False,Promo_9,2
227238 is your Myntra security code. Anyone asking for it is a scammer.,OTP,synthetic,False,OTP_9,0
Sometimes Heart Remembrs someone Very much... Forgets someone soon... Bcoz Heart will not like everyone. But liked ones will be Remembered Everytime... BSLVYL,Personal,uci,False,,5
What's the significance?,Personal,uci,False,,5
Items in your order history are back in stock at Meesho. Prices start Rs.756.,Promo,synthetic,False,Promo_23,2
Cheque no. 660823336670 for Rs.79053 has been cleared from A/c XX8113. -Kotak,Bank,synthetic,False,Bank_8,1
Good. Good job. I like entrepreneurs,Personal,uci,False,,5
coupon 7185 gives you free delivery on orders above rs.4253. -amazon,Promo,synthetic,True,Hard_1,2
UPI payment of Rs.88592 to Vasatika successful. UPI Ref: 119548444428. -Axis Bank,Bank,synthetic,False,Bank_6,1
978553 - use this code to sign in to Ola. Never share it with anyone.,OTP,synthetic,False,OTP_7,0
KYC  update pending for A/c XX2959. Please visit your nearest ICICI Bank branch by 10-05-26 to avoid restrictions.,Bank,synthetic,False,Bank_12,1
Dalbir  from DTDC is arriving with your package. Contact: +913492637244,Delivery,synthetic,False,Delivery_6,3
A lot of this sickness thing going round. Take it easy. Hope u feel better soon. Lol,Personal,uci,False,,5
Enter 273564 to verify your mobile number for Netflix. STOP to opt out,OTP,synthetic,False,OTP_10,0
"Fyi I'm taking a quick shower, be at epsilon in like  &lt;#&gt;  min",Personal,uci,False,,5
Work from home! Earn Rs.1814889/month Join: bitly/lEWeoe,Spam,synthetic,True,Hard_14,4
"Motivate Behind every darkness, there is a shining light waiting for you to find it... Behind every best friend, there is always trust and love... BSLVYL",Personal,uci,False,,5
Delivery attempt failed for order OD3982347797. We will retry tomorrow. -XpressBees,Delivery,synthetic,False,Delivery_5,3
G-655207  is your Google verification code.,OTP,synthetic,False,OTP_12,0
Delivered! Your Zomato order OD2973546827 was delivered on 02 Jul. Rate your experience: bit.ly/vugYvn T&C apply,Delivery,synthetic,False,Delivery_2,3
When i have stuff to sell i.ll tell you,Personal,uci,False,,5
Dear are you angry i was busy dear,Personal,uci,False,,5
Your one time password is 24226 for Kotak. Please do not share it.,OTP,synthetic,False,OTP_5,0
We not leaving yet. Ok lor then we go elsewhere n eat. U thk...,Personal,uci,False,,5
Its posible dnt live in  &lt;#&gt; century cm frwd n thnk different,Personal,uci,False,,5
"I prefer my free days... Tues, wed, fri oso can... Ü ask those workin lor...",Personal,uci,False,,5
Ok thanx... Take care then...,Personal,uci,False,,5
PAY RS.1817 ON DELIVERY FOR ORDER OD755342691. -XPRESSBEES,Delivery,synthetic,True,Hard_10,3
Your Swiggy membership expires soon. Renew now & save 40%: bit.ly/Volgma,Promo,synthetic,False,Promo_9,2
Tap to verify: 270530. This code expires shortly.,OTP,synthetic,True,Hard_9,0
UPI PAYMENT OF RS.20703 TO NITARA SUCCESSFUL. UPI REF: 265969017593. -AXIS BANK,Bank,synthetic,False,Bank_6,1
So its to be poking man everyday that they teach you in canada abi! How are you. Just saying hi.,Personal,uci,False,,5
Salary  of Rs.96926 credited to A/c XX3890. Avl Bal: Rs.302284. -ICICI Bank,Bank,synthetic,False,Bank_7,1
Rs.3039 debited from A/c XX8675 on 25-06-26 to Krishna. Avl Bal: Rs.238382. -PNB T&C apply,Bank,synthetic,False,Bank_0,1
Your  Jio pack expires tomorrow. Recharge with Rs.324 for 3GB/day + unlimited calls.,Promo,synthetic,False,Promo_10,2
Great! I have to run now so ttyl!,Personal,uci,False,,5
Items in your order history are back in stock at Myntra Prices start Rs.1228,Promo,synthetic,False,Promo_23,2
I dont thnk its a wrong calling between us,Personal,uci,False,,5
YOUR BIGBASKET ORDER OD4103119848 HAS BEEN SHIPPED VIA XPRESSBEES. TRACK: BIT.LY/PTQKWB,Delivery,synthetic,False,Delivery_0,3
rs.41021 debited from a/c xx9033 on 22-02-26 to chanchal. avl bal: rs.142732. -hdfc bank,Bank,synthetic,False,Bank_0,1
Missed our shows? Come back to Hotstar at 50% off for 3 months. Resubscribe: bit.ly/rHxnNA,Promo,synthetic,False,Promo_19,2
The current leading bid is 151. To pause this auction send OUT. Customer Care: 08718726270,Spam,uci,False,,4
So u wan 2 come for our dinner tonight a not?,Personal,uci,False,,5
Items in ur order history are back in stock at Zomato. Prices start Rs.451.,Promo,synthetic,False,Promo_23,2
Where are you call me.,Personal,uci,False,,5
464528 is your OTP for Meesho login. Valid for 30 minutes. Do not share with anyone.,OTP,synthetic,False,OTP_0,0
Your Kotak debit card XX5623 has been blocked due to suspicious activity. Visit branch or call 1800-XXX to unblock.,Bank,synthetic,False,Bank_11,1
Howz pain.it will come down today.do as i said ystrday.ice and medicine.,Personal,uci,False,,5
Talk With Yourself Atleast Once In A Day...!!! Otherwise You Will Miss Your Best FRIEND In This WORLD...!!! -Shakespeare- SHESIL  &lt;#&gt;,Personal,uci,False,,5
Mmmmmmm *snuggles into you* ...*deep contented sigh* ... *whispers* ... I fucking love you so much I can barely stand it ...,Personal,uci,False,,5
"Hey, my new number is 00625435358. Save it! Meet at 6pm?",Personal,synthetic,True,Hard_4,5
Chandresh from Delhivery is arriving with your package. Contact: +918396358588,Delivery,synthetic,False,Delivery_6,3
  Swiggy Big Billion Days! Up to 20% off + extra 10% with BOB cards. Hurry!,Promo,synthetic,False,Promo_1,2
Hey what's up charles sorry about the late reply.,Personal,uci,False,,5
Uncle boye. I need movies oh. Guide me. Plus you know torrents are not particularly legal here. And the system is slowing down. What should i do. Have a gr8 day. Plus have you started cos i dont meet you online. How was the honey moon.,Personal,uci,False,,5
"Hmm... Dunno leh, mayb a bag 4 goigng out dat is not too small. Or jus anything except perfume, smth dat i can keep.",Personal,uci,False,,5
Your Axis Bank code: 47127,OTP,synthetic,False,OTP_8,0
"Hi Chikku, send some nice msgs",Personal,uci,False,,5
OTP  for delivery of order OD6045679716 is 7148. Share only with the delivery agent. -XpressBees,Delivery,synthetic,False,Delivery_9,3
O i played smash bros  &lt;#&gt;  religiously.,Personal,uci,False,,5
Congratulations! U won Rs.849551 in lucky draw. Claim: bit.ly/UtCmUe,Spam,synthetic,True,Hard_12,4
your order od6579130533 from swiggy is arriving tomorrow. keep rs.981 ready for cod.,Delivery,synthetic,False,Delivery_3,3
Your A/c XX2284 is debited with Rs.27489 on 13-06-26. Info: UPI-Henry. Bal: Rs.121886,Bank,synthetic,False,Bank_2,1
Out  for delivery: Your Myntra package OD7941454491 will arrive today by 6 PM. -Ekart,Delivery,synthetic,False,Delivery_1,3
KYC update pending for A/c XX1247. Please visit your nearest ICICI Bank branch by 15-01-26 to avoid restrictions.,Bank,synthetic,False,Bank_12,1
I think i am disturbing her da,Personal,uci,False,,5
MEGA  SALE! Get 40% OFF on all products at Myntra. Shop now: bit.ly/MqEQbV T&C apply.,Promo,synthetic,False,Promo_0,2
Your credit card XX1728 statement is ready. Total due: Rs.50600. Min due: Rs.1014. -SBI,Bank,synthetic,False,Bank_5,1
R u meeting da ge at nite tmr?,Personal,uci,False,,5
exclusive for you! buy 1 get 1 free at swiggy. limited period offer. visit bit.ly/dzhxpu,Promo,synthetic,False,Promo_3,2
Have a great trip to India. And bring the light to everyone not just with the project but with everyone that is lucky to see you smile. Bye. Abiola,Personal,uci,False,,5
"Had the money issue weigh me down but thanks to you, I can breathe easier now. I.ll make sure you dont regret it. Thanks.",Personal,uci,False,,5
Peter from DTDC is arriving with your package. Contact: 8888988784,Delivery,synthetic,False,Delivery_6,3
How much she payed. Suganya.,Personal,uci,False,,5
"Ya ok, then had dinner?",Personal,uci,False,,5
Enter 61959 to verify your mobile number for Axis Bank.,OTP,synthetic,False,OTP_10,0
IRCTC: Special trains added for festive season Book early & save up to 20%,Promo,synthetic,False,Promo_17,2
135371 is ur BigBasket security code. Anyone asking for it is a scammer.,OTP,synthetic,False,OTP_9,0
You intrepid duo you! Have a great time and see you both soon. ,Personal,uci,False,,5
Me i'm not workin. Once i get job...,Personal,uci,False,,5
OTP for delivery of order OD1871115582 is 2686 Share only with the delivery agent -Delhivery,Delivery,synthetic,False,Delivery_9,3
The whole car appreciated the last two! Dad and are having a map reading semi argument but apart from that things are going ok. P.,Personal,uci,False,,5
Exclusive for you! Buy 1 Get 1 FREE at Meesho. Limited period offer. Visit bit.ly/VSSQzt,Promo,synthetic,False,Promo_3,2
ENTER 871081 TO VERIFY YOUR MOBILE NUMBER FOR SWIGGY.,OTP,synthetic,False,OTP_10,0
Your Ola code: 167579 T&C apply,OTP,synthetic,False,OTP_8,0
Do you know where my lab goggles went,Personal,uci,False,,5
928456 is your verification code for sbi. never share your otp.,OTP,synthetic,False,OTP_3,0
"Maybe westshore or hyde park village, the place near my house?",Personal,uci,False,,5
Your credit card XX6318 statement is ready. Total due: INR 81198. Min due: INR 4241. -PNB,Bank,synthetic,False,Bank_5,1
"Looks like you found something to do other than smoke, great job!",Personal,uci,False,,5
Lol I was gonna last month. I cashed some in but I left &lt;#&gt; just in case. I was collecting more during the week cause they announced it on the blog.,Personal,uci,False,,5
  Delivered! Your Meesho order OD1509541589 was delivered on 06 Jul. Rate your experience: bit.ly/pJaBjs,Delivery,synthetic,False,Delivery_2,3
Customer Loyalty Offer:The NEW Nokia6650 Mobile from ONLY £10 at TXTAUCTION! Txt word: START to No: 81151 & get yours Now! 4T&Ctxt TC 150p/MTmsg,Spam,uci,False,,4
8769 is your OTP for Zomato login Valid for 15 minutes Do not share with anyone,OTP,synthetic,False,OTP_0,0
UPI payment of Rs.75623 to Laban successful. UPI Ref: 849244203119. -Axis Bank,Bank,synthetic,False,Bank_6,1
22 days to kick off! For Euro2004 U will be kept up to date with the latest news and results daily. To be removed send GET TXT STOP to 83222,Spam,uci,False,,4
MAKE SURE ALEX KNOWS HIS BIRTHDAY IS OVER IN FIFTEEN MINUTES AS FAR AS YOU'RE CONCERNED,Personal,uci,False,,5
KYC update pending for A/c XX1587. Please visit ur nearest ICICI Bank branch by 03-02-26 to avoid restrictions.,Bank,synthetic,False,Bank_12,1
BigBasket Big Billion Days! Up to 20% off + extra 10% with ICICI Bank cards. Hurry!,Promo,synthetic,False,Promo_1,2
Ok no prob. Take ur time.,Personal,uci,False,,5
Delivery attempt failed for order OD1683648143. We will retry tomorrow. -Delhivery,Delivery,synthetic,False,Delivery_5,3
Recharge  with Rs.861 & get 10% extra talktime. Offer valid today only!,Promo,synthetic,False,Promo_5,2
Low balance alert: A/c XX8008 balance is Rs.462924. Maintain min balance to avoid charges. T&C apply,Bank,synthetic,False,Bank_10,1
Your order OD7612508539 from Amazon is arriving tomorrow. Keep Rs.4766 ready for COD. T&C apply,Delivery,synthetic,False,Delivery_3,3
Lol I know! Hey someone did a great inpersonation of flea on the forums. I love it!,Personal,uci,False,,5
Zomato:  729219 is your login OTP. It expires in 5 minutes.,OTP,synthetic,False,OTP_6,0
IRCTC: 828701 is your login OTP It expires in 2 minutes,OTP,synthetic,False,OTP_6,0
Rs.44986 debited from A/c XX6160 on 10-03-26 to Dalbir. Avl Bal: Rs.132254. -SBI,Bank,synthetic,False,Bank_0,1
Coupon 3117 gives you free delivery on orders above Rs.3324. -Meesho,Promo,synthetic,True,Hard_1,2
aathi..where are you dear..,Personal,uci,False,,5
interest of rs.31604 credited to your fd a/c xx2951. -hdfc bank,Bank,synthetic,False,Bank_9,1
Your credit card XX8000 statement is ready. Total due: INR 46885. Min due: INR 2184. -ICICI Bank,Bank,synthetic,False,Bank_5,1
133978 is your otp for hotstar login. valid for 15 minutes. do not share with anyone.,OTP,synthetic,False,OTP_0,0
Our Prashanthettan's mother passed away last night. pray for her and family.,Personal,uci,False,,5
Auto-pay of Rs.48633 to Pooja is scheduled on 05-02-26 from A/c XX5745. Ensure sufficient balance.,Bank,synthetic,False,Bank_13,1
I'm okay. Chasing the dream. What's good. What are you doing next.,Personal,uci,False,,5
YOUR MEESHO MEMBERSHIP EXPIRES SOON. RENEW NOW & SAVE 60%: BIT.LY/XXDFMF,Promo,synthetic,False,Promo_9,2
475783 - use this code to sign in to Swiggy. Never share it with anyone.,OTP,synthetic,False,OTP_7,0
Cashbin.co.uk (Get lots of cash this weekend!) www.cashbin.co.uk Dear Welcome to the weekend We have got our biggest and best EVER cash give away!! These..,Spam,uci,False,,4
Your one time password is 302851 for PhonePe. Please do not share it.,OTP,synthetic,False,OTP_5,0
Let's pool our money together and buy a bunch of lotto tickets. If we win I get &lt;#&gt; % u get &lt;#&gt; %. Deal?,Personal,uci,False,,5
Congratulations! You won Rs.1219790 in lucky draw. Claim: bit.ly/AocfGw,Spam,synthetic,True,Hard_12,4
Your Vi pack expires tomorrow. Recharge with Rs.690 for 1GB/day + unlimited calls. -TM,Promo,synthetic,False,Promo_10,2
EMI of Rs.24700 due on 29-06-26 for loan A/c XX4820. Pay now to avoid charges. -PNB,Bank,synthetic,False,Bank_4,1
148116 - use this code to sign in to PhonePe. Never share it with anyone.,OTP,synthetic,False,OTP_7,0
Yup ok...,Personal,uci,False,,5
FreeMsg: Hey - I'm Buffy. 25 and love to satisfy men. Home alone feeling randy. Reply 2 C my PIX! QlynnBV Help08700621170150p a msg Send stop to stop txts,Spam,uci,False,,4
Ard 530 lor. I ok then message ü lor.,Personal,uci,False,,5
"As a SIM subscriber, you are selected to receive a Bonus! Get it delivered to your door, Txt the word OK to No: 88600 to claim. 150p/msg, EXP. 30Apr",Spam,uci,False,,4
If u dun drive then how i go 2 sch.,Personal,uci,False,,5
Gudnite....tc...practice going on,Personal,uci,False,,5
Your SonyLIV plan renews on 01 Jul at INR 702. Upgrade to 4K for INR 611/month.,Promo,synthetic,False,Promo_18,2
MISSED OUR SHOWS? COME BACK TO HOTSTAR AT 50% OFF FOR 3 MONTHS. RESUBSCRIBE: BIT.LY/SXNMCD,Promo,synthetic,False,Promo_19,2
Loved your recent Myntra order? Reorder in 1 tap and get 10% off today.,Promo,synthetic,False,Promo_22,2
20841 is your OTP for Meesho login. Valid for 2 minutes. Do not share with anyone.,OTP,synthetic,False,OTP_0,0
DELIVERED! YOUR BIGBASKET ORDER OD2939051891 WAS DELIVERED ON 04 JUL. RATE YOUR EXPERIENCE: BIT.LY/CMNBEF,Delivery,synthetic,False,Delivery_2,3
972887  - use this to sign in. Never share this code with anyone.,OTP,synthetic,True,Hard_7,0
ICICI Bank: 910513 is your login OTP. It expires in 5 minutes. STOP to opt out,OTP,synthetic,False,OTP_6,0
Your gonna be the death if me. I'm gonna leave a note that says its all robs fault. Avenge me.,Personal,uci,False,,5
NOT MUCH NO FIGHTS. IT WAS A GOOD NITE!!,Personal,uci,False,,5
myntra: your cart misses you! complete purchase now & get 40% off. bit.ly/ttopvb,Promo,synthetic,False,Promo_4,2
Congratulations!  You won Rs.1185953 in lucky draw. Claim: bit.ly/yxTjGA,Spam,synthetic,True,Hard_12,4
YOUR ONE TIME PASSWORD IS 437761 FOR UBER. PLEASE DO NOT SHARE IT.,OTP,synthetic,False,OTP_5,0
Our Prasanth ettans mother passed away last night. Just pray for her and family.,Personal,uci,False,,5
Babe !!!! I LOVE YOU !!!! *covers your face in kisses*,Personal,uci,False,,5
Ok then no need to tell me anything i am going to sleep good night,Personal,uci,False,,5
66373 IS YOUR OTP FOR MYNTRA LOGIN. VALID FOR 5 MINUTES. DO NOT SHARE WITH ANYONE.,OTP,synthetic,False,OTP_0,0
Last day! Myntra clearance sale ends tonight. Up to 10% off sitewide.,Promo,synthetic,False,Promo_8,2
Your Uber code: 6139,OTP,synthetic,True,Hard_8,0
Well. Im computerless. Time to make some oreo truffles,Personal,uci,False,,5
"New Mobiles from 2004, MUST GO! Txt: NOKIA to No: 89545 & collect yours today! From ONLY £1. www.4-tc.biz 2optout 087187262701.50gbp/mtmsg18 TXTAUCTION.",Spam,uci,False,,4
"Sorry im getting up now, feel really bad- totally rejected that kinda me thing.",Personal,uci,False,,5
Congratulations ur awarded either £500 of CD gift vouchers & Free entry 2 our £100 weekly draw txt MUSIC to 87066 TnCs www.Ldew.com1win150ppmx3age16,Spam,uci,False,,4
ITEMS IN YOUR ORDER HISTORY ARE BACK IN STOCK AT AMAZON. PRICES START RS.223.,Promo,synthetic,False,Promo_23,2
995081 - use this code to sign in to Hotstar. Never share it with anyone.,OTP,synthetic,False,OTP_7,0
AUTO-PAY OF RS.7169 TO OMAJA IS SCHEDULED ON 10-03-26 FROM A/C XX5319. ENSURE SUFFICIENT BALANCE.,Bank,synthetic,False,Bank_13,1
DELIVERY ATTEMPT FAILED FOR ORDER OD7669006912. WE WILL RETRY TOMORROW. -XPRESSBEES,Delivery,synthetic,False,Delivery_5,3
rs.2601 credited to a/c xx9658 on 23-04-26. avl bal: rs.145802. -bob,Bank,synthetic,False,Bank_1,1
Oh oh... Den muz change plan liao... Go back have to yan jiu again...,Personal,uci,False,,5
Today iZ Yellow rose day. If u love my frndship give me 1 misscall &amp; send this to ur frndZ &amp; See how many miss calls u get. If u get 6missed U marry ur Lover.,Personal,uci,False,,5
"Hey sweet, I was wondering when you had a moment if you might come to me ? I want to send a file to someone but it won't go over yahoo for them because their connection sucks, remember when you set up that page for me to go to and download the format disc ? Could you tell me how to do that ? Or do you know some other way to download big files ? Because they can download stuff directly from the internet. Any help would be great, my prey ... *teasing kiss*",Personal,uci,False,,5
  UPI payment of Rs.24027 to Hamsini successful. UPI Ref: 379399183630. -ICICI Bank,Bank,synthetic,False,Bank_6,1
upi payment of rs.61233 to ishwar successful. upi ref: 320975247425. -bob,Bank,synthetic,False,Bank_6,1
536241 - use this to sign in. Never share this code with anyone.,OTP,synthetic,True,Hard_7,0
Cheque no. 806012436445 for Rs.61897 has been cleared from A/c XX8388. -Axis Bank,Bank,synthetic,False,Bank_8,1
Why i come in between you people,Personal,uci,False,,5
Cool. Do you like swimming? I have a pool and jacuzzi at my house.,Personal,uci,False,,5
Please don't text me anymore. I have nothing else to say.,Personal,uci,False,,5
Cheque no. 878010678826 for INR 16461 has been cleared from A/c XX2590. -PNB,Bank,synthetic,False,Bank_8,1
"I wonder if your phone battery went dead ? I had to tell you, I love you babe",Personal,uci,False,,5
Rs.187  cashback credited to your Amazon Pay wallet. Use on your next order.,Promo,synthetic,False,Promo_21,2
K.k.this month kotees birthday know?,Personal,uci,False,,5
Missed our shows? Come back to SonyLIV at 50% off for 3 months. Resubscribe: bit.ly/HANNaP,Promo,synthetic,False,Promo_19,2
UPI payment of INR 39200 to Ira successful. UPI Ref: 927916783712. -PNB,Bank,synthetic,False,Bank_6,1
Your FD of Rs.83061 matures on 05-03-26 Renew or withdraw via netbanking -ICICI Bank,Bank,synthetic,False,Bank_14,1
Bognor it is! Should be splendid at this time of year.,Personal,uci,False,,5
Yup having my lunch buffet now.. U eat already?,Personal,uci,False,,5
Can you plz tell me the ans. BSLVYL sent via fullonsms.com,Personal,uci,False,,5
G-78502 IS YOUR GOOGLE VERIFICATION CODE.,OTP,synthetic,False,OTP_12,0
Surely result will offer:),Personal,uci,False,,5
Rs.2905 debited from A/c XX7194 on 03-03-26 to Dakshesh. Avl Bal: Rs.368037. -PNB,Bank,synthetic,False,Bank_0,1
EMI of Rs.38440 due on 10-03-26 for loan A/c XX2726 Pay now to avoid charges -Axis Bank,Bank,synthetic,False,Bank_4,1
Ok then i'll let him noe later n ask him call u tmr...,Personal,uci,False,,5
"Congrats! 1 year special cinema pass for 2 is yours. call 09061209465 now! C Suprman V, Matrix3, StarWars3, etc all 4 FREE! bx420-ip4-5we. 150pm. Dont miss out!",Spam,uci,False,,4
"NEVER SHARE YOUR OTP, PIN OR CVV. PNB NEVER ASKS FOR THESE. STAY SAFE.",Bank,synthetic,True,Hard_3,1
PhonePe: 570054 is your login OTP It expires in 10 minutes,OTP,synthetic,False,OTP_6,0
U sure u can't take any sick time?,Personal,uci,False,,5
255853 - use this to sign in. Never share this code with anyone.,OTP,synthetic,True,Hard_7,0
Your Uber code: 3207,OTP,synthetic,True,Hard_8,0
Beware of fraud calls asking for card details. BOB officials never ask for PIN or CVV.,Bank,synthetic,False,Bank_15,1
Coupon 9312 gives you free delivery on orders above Rs.4611. -Amazon,Promo,synthetic,True,Hard_1,2
ORDER OD2837964632 PACKED AND READY! EXPECTED DISPATCH BY 02 JUL. -AMAZON,Delivery,synthetic,False,Delivery_8,3
KYC update pending for A/c XX1537. Please visit your nearest Axis Bank branch by 06-03-26 to avoid restrictions.,Bank,synthetic,False,Bank_12,1
<#> 375407 is your Flipkart code. Valid 30 min. hA8sk2Lqp3,OTP,synthetic,False,OTP_13,0
Recharge with Rs.573 & get 70% extra talktime. Offer valid today only!,Promo,synthetic,False,Promo_5,2
If i not meeting ü all rite then i'll go home lor. If ü dun feel like comin it's ok.,Personal,uci,False,,5
Order OD2893801251 packed and ready! Expected dispatch by 03 Jul. -Flipkart,Delivery,synthetic,False,Delivery_8,3
"What will we do in the shower, baby?",Personal,uci,False,,5
Rs.39410  debited from A/c XX4040 on 12-01-26 to Henry. Avl Bal: Rs.325339. -Axis Bank,Bank,synthetic,False,Bank_0,1
Summers finally here! Fancy a chat or flirt with sexy singles in yr area? To get MATCHED up just reply SUMMER now. Free 2 Join. OptOut txt STOP Help08714742804,Spam,uci,False,,4
Is ur changes 2 da report big? Cos i've already made changes 2 da previous report.,Personal,uci,False,,5
We are both fine. Thanks,Personal,uci,False,,5
Sending you greetings of joy and happiness. Do have a gr8 evening,Personal,uci,False,,5
Meesho Big Billion Days! Up to 80% off + extra 10% with PNB cards Hurry!,Promo,synthetic,False,Promo_1,2
Enter 471575 to verify your mobile number for PhonePe.,OTP,synthetic,False,OTP_10,0
Order OD3110464915 packed and ready! Expected dispatch by 06 Jul -Meesho,Delivery,synthetic,False,Delivery_8,3
Warinder from DTDC is arriving with your package. Contact: 5866463072,Delivery,synthetic,False,Delivery_6,3
PRIVATE! Your 2003 Account Statement for shows 800 un-redeemed S.I.M. points. Call 08715203685 Identifier Code:4xx26 Expires 13/10/04,Spam,uci,False,,4
"I‘ll leave around four, ok?",Personal,uci,False,,5
Use 702776 to complete your Myntra registration. Valid till 10 mins.,OTP,synthetic,False,OTP_4,0
i see. When we finish we have loads of loans to pay,Personal,uci,False,,5
Have you bookedthe hut? And also your time off? How are you by the way?,Personal,uci,False,,5
Your Uber code: 5030,OTP,synthetic,True,Hard_8,0
Your  FD of Rs.63435 matures on 01-05-26. Renew or withdraw via netbanking. -BOB,Bank,synthetic,False,Bank_14,1
Low  balance alert: A/c XX9060 balance is Rs.74273. Maintain min balance to avoid charges.,Bank,synthetic,False,Bank_10,1
"Each Moment in a day,has its own value-Morning brings hope,afternoon brings faith,Evening brings luv,Night brings rest,Wish u find them all today.Good Morning",Personal,uci,False,,5
Where are the garage keys? They aren't on the bookshelf,Personal,uci,False,,5
Ü no home work to do meh... ,Personal,uci,False,,5
Out for delivery: Your Meesho package OD8466276540 will arrive today by 9 PM. -BlueDart,Delivery,synthetic,False,Delivery_1,3
Just glad to be talking to you.,Personal,uci,False,,5
Your Amazon order OD2903023303 has been shipped via Ekart. Track: bit.ly/pDCNdL,Delivery,synthetic,False,Delivery_0,3
Wat so late still early mah. Or we juz go 4 dinner lor. Aiya i dunno...,Personal,uci,False,,5
Tell dear what happen to you. Why you talking to me like an alian,Personal,uci,False,,5
I sent your maga that money yesterday oh.,Personal,uci,False,,5
640690 - use this to sign in Never share this code with anyone,OTP,synthetic,True,Hard_7,0
"Yeah, where's your class at?",Personal,uci,False,,5
Rs.96213 credited to A/c XX1533 on 18-06-26. Avl Bal: Rs.46557. -BOB,Bank,synthetic,False,Bank_1,1
Auto-pay of INR 13443 to Oeshi is scheduled on 20-04-26 from A/c XX3662. Ensure sufficient balance.,Bank,synthetic,False,Bank_13,1
How are you doing? Hope you've settled in for the new school year. Just wishin you a gr8 day,Personal,uci,False,,5
"Oops I did have it,  &lt;#&gt; ?",Personal,uci,False,,5
Thats cool. i liked your photos. You are very sexy!,Personal,uci,False,,5
Missed our shows? Come back to Netflix at 50% off for 3 months. Resubscribe: bit.ly/FlNJnH,Promo,synthetic,False,Promo_19,2
  756261 - use this code to sign in to Myntra. Never share it with anyone.,OTP,synthetic,False,OTP_7,0
Use code 5437 at checkout for 10% off at BigBasket!,Promo,synthetic,True,Hard_0,2
Delivery attempt failed for order OD6446334582. We will retry tomorrow. -DTDC,Delivery,synthetic,False,Delivery_5,3
"Bro send me Rs.4613 on gpay, will return by 05 Jul",Personal,synthetic,True,Hard_5,5
Your A/c XX4045 is debited with Rs.39592 on 02-06-26 Info: UPI-Manan Bal: Rs.408405,Bank,synthetic,False,Bank_2,1
Anything lar then ü not going home 4 dinner?,Personal,uci,False,,5
Auto-pay of Rs.84339 to Yasti is scheduled on 17-06-26 from A/c XX9800. Ensure sufficient balance.,Bank,synthetic,False,Bank_13,1
Today am going to college so am not able to atten the class.,Personal,uci,False,,5
Rs.88752 debited from A/c XX2944 on 16-01-26 to Triveni Avl Bal: Rs.353441 -HDFC Bank,Bank,synthetic,False,Bank_0,1
Flight fares dropped! BOM-PNQ from INR 1273. Book on ixigo before midnight.,Promo,synthetic,False,Promo_16,2
auto-pay of rs.13401 to david is scheduled on 05-05-26 from a/c xx9883. ensure sufficient balance.,Bank,synthetic,False,Bank_13,1
Your SBI debit card XX4113 has been blocked due to suspicious activity. Visit branch or call 1800-XXX to unblock.,Bank,synthetic,False,Bank_11,1
  800499 is your verification code for PhonePe. Never share your OTP.,OTP,synthetic,False,OTP_3,0
S da..al r above  &lt;#&gt;,Personal,uci,False,,5
  Enter 561673 to verify your mobile number for Amazon.,OTP,synthetic,False,OTP_10,0
Your Kotak debit card XX7987 has been blocked due to suspicious activity. Visit branch or call 1800-XXX to unblock.,Bank,synthetic,False,Bank_11,1
Actually i deleted my old website..now i m blogging at magicalsongs.blogspot.com,Personal,uci,False,,5
Your  order OD1416312690 from Amazon is arriving tomorrow. Keep Rs.575 ready for COD.,Delivery,synthetic,False,Delivery_3,3
i want to grasp your pretty booty :),Personal,uci,False,,5
Pay Rs.879 on delivery for order OD991584291. -XpressBees,Delivery,synthetic,True,Hard_10,3
Your A/c XX8417 is debited with Rs.72795 on 06-05-26. Info: UPI-Ayaan. Bal: Rs.489006 STOP to opt out,Bank,synthetic,False,Bank_2,1
Thanks for ve lovely wisheds. You rock,Personal,uci,False,,5
Audrie lousy autocorrect,Personal,uci,False,,5
Apart from the one i told you about yesterday?,Personal,uci,False,,5
"Same, I'm at my great aunts anniversary party in tarpon springs",Personal,uci,False,,5
out for delivery: your meesho package od5200242527 will arrive today by 6 pm. -dtdc,Delivery,synthetic,False,Delivery_1,3
<#>  575408 is your Myntra code. Valid 30 min. hA8sk2Lqp3,OTP,synthetic,False,OTP_13,0
Your order OD3409647240 from Myntra is arriving tomorrow. Keep Rs.495 ready for COD.,Delivery,synthetic,False,Delivery_3,3
U have 3864 reward points expiring on 01 Jul. Redeem on Myntra.,Promo,synthetic,False,Promo_20,2
Flipkart: Your cart misses you! Complete purchase now & get 50% off. bit.ly/bNMYCG,Promo,synthetic,False,Promo_4,2
Tap to verify: 822194. This code expires shortly.,OTP,synthetic,True,Hard_9,0
Your credit card XX6317 statement is ready Total due: Rs.80420 Min due: Rs.1403 -ICICI Bank,Bank,synthetic,False,Bank_5,1
Was gr8 to see that message. So when r u leaving? Congrats dear. What school and wat r ur plans.,Personal,uci,False,,5
I wud never mind if u dont miss me or if u dont need me.. But u wil really hurt me wen u need me &amp; u dont tell me......... Take care:-),Personal,uci,False,,5
<#> 210176 is your Zomato code. Valid 30 min. hA8sk2Lqp3,OTP,synthetic,False,OTP_13,0
I love you both too :-),Personal,uci,False,,5
auto-pay of rs.82221 to jeet is scheduled on 12-03-26 from a/c xx4224. ensure sufficient balance.,Bank,synthetic,False,Bank_13,1
"Its so common hearin How r u? Wat r u doing? How was ur day? So let me ask u something different. Did u smile today? If not, do it now.... Gud evng.",Personal,uci,False,,5
Watching tv lor... Y she so funny we bluff her 4 wat. Izzit because she thk it's impossible between us?,Personal,uci,False,,5
"Vikky, come around  &lt;TIME&gt; ..",Personal,uci,False,,5
"HI JAGVI, UNLOCK RS.1228 OFF YOUR FIRST ORDER AT MYNTRA WITH CODE NEW60.",Promo,synthetic,False,Promo_7,2
You have won a guaranteed £200 award or even £1000 cashto claim UR award call free on 08000407165 (18+) 2 stop getstop on 88222 PHP. RG21 4JX,Spam,uci,False,,4
"Same here, but I consider walls and bunkers and shit important just because I never play on peaceful but I guess your place is high enough that it don't matter",Personal,uci,False,,5
Interest of Rs.62604 credited to your FD A/c XX5965. -HDFC Bank,Bank,synthetic,False,Bank_9,1
  Interest of Rs.80217 credited to your FD A/c XX6422. -SBI,Bank,synthetic,False,Bank_9,1
Your IRCTC code: 530747,OTP,synthetic,False,OTP_8,0
90717 is ur OTP for Swiggy login. Valid for 2 minutes. Do not share with anyone.,OTP,synthetic,False,OTP_0,0
Enter  255427 to verify your mobile number for Meesho.,OTP,synthetic,False,OTP_10,0
Order OD3662029919 packed and ready! Expected dispatch by 06 Jul. -Flipkart,Delivery,synthetic,False,Delivery_8,3
Flight fares dropped! BOM-PNQ from Rs.238. Book on ixigo before midnight.,Promo,synthetic,False,Promo_16,2
The message sent is askin for  &lt;#&gt; dollars. Shoul i pay  &lt;#&gt;  or  &lt;#&gt; ?,Personal,uci,False,,5
Do u ever get a song stuck in your head for no reason and it won't go away til u listen to it like 5 times?,Personal,uci,False,,5
Your  order OD2183955623 from Meesho is arriving tomorrow. Keep Rs.988 ready for COD.,Delivery,synthetic,False,Delivery_3,3
290820 is your verification code for SBI. Never share your OTP.,OTP,synthetic,False,OTP_3,0
YOUR ONE TIME PASSWORD IS 181605 FOR KOTAK. PLEASE DO NOT SHARE IT.,OTP,synthetic,False,OTP_5,0
Congratulations! You won Rs.1321656 in lucky draw. Claim: bit.ly/JipvJE T&C apply,Spam,synthetic,True,Hard_12,4
What u talking bout early morning? It's almost noon where your at!,Personal,uci,False,,5
Rs.641 cashback credited to your PhonePe wallet. Use on your next order. T&C apply,Promo,synthetic,False,Promo_21,2
Delivered! Your Meesho order OD5509611877 was delivered on 01 Jul. Rate your experience: bit.ly/OKlxnr,Delivery,synthetic,False,Delivery_2,3
OTP FOR DELIVERY OF ORDER OD6661625393 IS 9746. SHARE ONLY WITH THE DELIVERY AGENT. -DELHIVERY,Delivery,synthetic,False,Delivery_9,3
"Good morning, my Love ... I go to sleep now and wish you a great day full of feeling better and opportunity ... You are my last thought babe, I LOVE YOU *kiss*",Personal,uci,False,,5
270142 is your OTP for PhonePe login. Valid for 15 minutes. Do not share with anyone.,OTP,synthetic,False,OTP_0,0
Thank you. do you generally date the brothas?,Personal,uci,False,,5
you have 3771 reward points expiring on 03 jul. redeem on swiggy.,Promo,synthetic,False,Promo_20,2
Flight fares dropped! DEL-MAA from Rs.1238. Book on Goibibo before midnight.,Promo,synthetic,False,Promo_16,2
your myntra order od2723156999 has been shipped via xpressbees. track: bit.ly/gzupta,Delivery,synthetic,False,Delivery_0,3
E admin building there? I might b slightly earlier... I'll call u when i'm reaching...,Personal,uci,False,,5
auto-pay of rs.33064 to upkaar is scheduled on 02-06-26 from a/c xx8742. ensure sufficient balance.,Bank,synthetic,False,Bank_13,1
  Your Paytm code: 755514,OTP,synthetic,False,OTP_8,0
Tell me something. Thats okay.,Personal,uci,False,,5
Yep get with the program. You're slacking.,Personal,uci,False,,5
Infact happy new year. How are you where are you when are we seeing,Personal,uci,False,,5
RS.1070 CASHBACK CREDITED TO YOUR PHONEPE WALLET. USE ON YOUR NEXT ORDER.,Promo,synthetic,False,Promo_21,2
Do have a nice day today. I love you so dearly.,Personal,uci,False,,5
Lara said she can loan me  &lt;#&gt; .,Personal,uci,False,,5
upi payment of rs.80944 to nihal successful. upi ref: 132046551140. -axis bank,Bank,synthetic,False,Bank_6,1
Beware of fraud calls asking for card details. SBI officials never ask for PIN or CVV. -TM,Bank,synthetic,False,Bank_15,1
Your Uber code: 6975,OTP,synthetic,True,Hard_8,0
Our ride equally uneventful - not too many of those pesky cyclists around at that time of night ;).,Personal,uci,False,,5
You have an important customer service announcement. Call FREEPHONE 0800 542 0825 now!,Spam,uci,False,,4
PRIVATE! Your 2003 Account Statement for 078,Spam,uci,False,,4
auto-pay of rs.28908 to riya is scheduled on 24-06-26 from a/c xx3704. ensure sufficient balance.,Bank,synthetic,False,Bank_13,1
UPI payment of INR 74989 to Kai successful. UPI Ref: 646587884283. -HDFC Bank,Bank,synthetic,False,Bank_6,1
Nope thats fine. I might have a nap tho! ,Personal,uci,False,,5
966985 is your IRCTC security code. Anyone asking for it is a scammer.,OTP,synthetic,False,OTP_9,0
Items in your order history are back in stock at Swiggy. Prices start Rs.358.,Promo,synthetic,False,Promo_23,2
"Awesome, think we can get an 8th at usf some time tonight?",Personal,uci,False,,5
Exclusive for you! Buy 1 Get 1 FREE at Amazon. Limited period offer. Visit bit.ly/eCSMdz -TM,Promo,synthetic,False,Promo_3,2
"Well, i'm gonna finish my bath now. Have a good...fine night.",Personal,uci,False,,5
Your order OD4868023011 from Swiggy is arriving tomorrow. Keep Rs.4481 ready for COD.,Delivery,synthetic,False,Delivery_3,3
Exclusive for you! Buy 1 Get 1 FREE at BigBasket. Limited period offer. Visit bit.ly/uxlkxu,Promo,synthetic,False,Promo_3,2
EMI of Rs.53912 due on 04-03-26 for loan A/c XX8145. Pay now to avoid charges. -ICICI Bank,Bank,synthetic,False,Bank_4,1
PRIVATE! Your 2004 Account Statement for 07742676969 shows 786 unredeemed Bonus Points. To claim call 08719180248 Identifier Code: 45239 Expires,Spam,uci,False,,4
Your  FD of Rs.48640 matures on 12-04-26. Renew or withdraw via netbanking. -SBI,Bank,synthetic,False,Bank_14,1
Lolnice. I went from a fish to ..water.?,Personal,uci,False,,5
771075 is your verification code for uber. never share your otp.,OTP,synthetic,False,OTP_3,0
Tap to verify: 826185. This code expires shortly.,OTP,synthetic,True,Hard_9,0
Work  from home! Earn Rs.1200590/month. Join: bit.ly/mHjqGG,Spam,synthetic,True,Hard_14,4
LAST DAY! SWIGGY CLEARANCE SALE ENDS TONIGHT. UP TO 80% OFF SITEWIDE.,Promo,synthetic,False,Promo_8,2
  Delivered! Your BigBasket order OD1035318222 was delivered on 02 Jul. Rate your experience: bit.ly/MRiXli,Delivery,synthetic,False,Delivery_2,3
Mum ask ü to buy food home...,Personal,uci,False,,5
"&lt;#&gt;  is fast approaching. So, Wish u a very Happy New Year Happy Sankranti Happy republic day Happy Valentines Day Happy Shivratri Happy Ugadi Happy Fools day Happy May Day Happy Independence Day, Happy Friendship,Mother,Father,Teachers,Childrens Day, &amp; HAPPY BIRTHDAY 4 U. Happy Ganesh festival Happy Dasara Happy Diwali Happy Christmas  &lt;#&gt;  Good Mornings Afternoons, Evenings Nights. RememberI AM the first to WISHING U ALL THESE...your's Raj",Personal,uci,False,,5
396187 - use this code to sign in to PhonePe. Never share it with anyone.,OTP,synthetic,False,OTP_7,0
974619 - use this to sign in. Never share this code with anyone.,OTP,synthetic,True,Hard_7,0
  Your Uber code: 4644,OTP,synthetic,True,Hard_8,0
WHITE FUDGE OREOS ARE IN STORES,Personal,uci,False,,5
"Hi Harsh, unlock Rs.500 off ur first order at Swiggy with code NEW58.",Promo,synthetic,False,Promo_7,2
  Your Jio pack expires tomorrow. Recharge with Rs.1332 for 3GB/day + unlimited calls.,Promo,synthetic,False,Promo_10,2
In fact when do you leave? I think addie goes back to school tues or wed,Personal,uci,False,,5
Your  Kotak debit card XX3878 has been blocked due to suspicious activity. Visit branch or call 1800-XXX to unblock.,Bank,synthetic,False,Bank_11,1
Enter 772188 to verify your mobile number for HDFC Bank. T&C apply,OTP,synthetic,False,OTP_10,0
Flight fares dropped! BOM-CCU from Rs.112. Book on MakeMyTrip before midnight.,Promo,synthetic,False,Promo_16,2
675627 is your Amazon security code. Anyone asking for it is a scammer.,OTP,synthetic,False,OTP_9,0
S:-)kallis wont play in first two odi:-),Personal,uci,False,,5
Convert your HDFC Bank card purchase of Rs.186 into easy EMIs at 0% interest. Reply YES.,Promo,synthetic,False,Promo_15,2
  Your SonyLIV plan renews on 05 Jul at Rs.1809. Upgrade to 4K for Rs.455/month.,Promo,synthetic,False,Promo_18,2
Will you be here for food,Personal,uci,False,,5
Lol boo I was hoping for a laugh,Personal,uci,False,,5
Interest  of Rs.39830 credited to your FD A/c XX3944. -HDFC Bank,Bank,synthetic,False,Bank_9,1
"That's cool he'll be here all night, lemme know when you're around",Personal,uci,False,,5
Low balance alert: A/c XX8734 balance is Rs.209303. Maintain min balance to avoid charges.,Bank,synthetic,False,Bank_10,1
Ok.ok ok..then..whats ur todays plan,Personal,uci,False,,5
  Hungry? Get 60% off up to Rs.635 on your next 3 orders. Code: EAT53. -Zomato,Promo,synthetic,False,Promo_12,2
low balance alert: a/c xx2975 balance is rs.373972. maintain min balance to avoid charges.,Bank,synthetic,False,Bank_10,1
Enter 646188 to verify ur mobile number for Flipkart.,OTP,synthetic,False,OTP_10,0
Your A/c XX2139 is debited with Rs.19929 on 24-06-26. Info: UPI-Arunima. Bal: Rs.87872,Bank,synthetic,False,Bank_2,1
<#> 655398 is your Hotstar code. Valid 15 min. hA8sk2Lqp3,OTP,synthetic,False,OTP_13,0
141482 is your otp for meesho login. valid for 10 minutes. do not share with anyone.,OTP,synthetic,False,OTP_0,0
990728 - use this code to sign in to Uber. Never share it with anyone.,OTP,synthetic,False,OTP_7,0
Last day! Swiggy clearance sale ends tonight. Up to 30% off sitewide.,Promo,synthetic,False,Promo_8,2
What's a feathery bowa? Is that something guys have that I don't know about?,Personal,uci,False,,5
"Hi Jai, unlock INR 629 off your first order at Swiggy with code NEW37.",Promo,synthetic,False,Promo_7,2
Convert your BOB card purchase of Rs.1138 into easy EMIs at 0% interest. Reply YES.,Promo,synthetic,False,Promo_15,2
Gibbs unsold.mike hussey,Personal,uci,False,,5
Can you use foreign stamps for whatever you send them off for? ,Personal,uci,False,,5
741055 is your OTP for PhonePe login. Valid for 5 minutes. Do not share with anyone.,OTP,synthetic,False,OTP_0,0
Sir send to group mail check it.,Personal,uci,False,,5
EXCLUSIVE FOR YOU! BUY 1 GET 1 FREE AT ZOMATO. LIMITED PERIOD OFFER. VISIT BIT.LY/JTLGDX,Promo,synthetic,False,Promo_3,2
You have 570 reward points expiring on 04 Jul. Redeem on Swiggy.,Promo,synthetic,False,Promo_20,2
188891 is ur HDFC Bank security code. Anyone asking for it is a scammer.,OTP,synthetic,False,OTP_9,0
Your A/c XX5928 is debited with INR 26168 on 06-02-26. Info: UPI-Wishi. Bal: INR 11517,Bank,synthetic,False,Bank_2,1
EMI of Rs.19217 due on 21-05-26 for loan A/c XX6285. Pay now to avoid charges. -Kotak,Bank,synthetic,False,Bank_4,1
304543 is your OTP for Axis Bank login. Valid for 2 minutes. Do not share with anyone. -TM,OTP,synthetic,False,OTP_0,0
We stopped to get ice cream and will go back after,Personal,uci,False,,5
This is my number by vivek..,Personal,uci,False,,5
Your  Kotak debit card XX3458 has been blocked due to suspicious activity. Visit branch or call 1800-XXX to unblock.,Bank,synthetic,False,Bank_11,1
Alright. I'm out--have a good night!,Personal,uci,False,,5
delivery attempt failed for order od5598356652. we will retry tomorrow. -delhivery,Delivery,synthetic,False,Delivery_5,3
I'm turning off my phone. My moms telling everyone I have cancer. And my sister won't stop calling. It hurts to talk. Can't put up with it. See u when u get home. Love u,Personal,uci,False,,5
"As I entered my cabin my PA said, '' Happy B'day Boss !!''. I felt special. She askd me 4 lunch. After lunch she invited me to her apartment. We went there.",Personal,uci,False,,5
You can donate £2.50 to UNICEF's Asian Tsunami disaster support fund by texting DONATE to 864233. £2.50 will be added to your next bill,Spam,uci,False,,4
  Delivery attempt failed for order OD6620461748. We will retry tomorrow. -BlueDart,Delivery,synthetic,False,Delivery_5,3
Flight fares dropped! HYD-MAA from Rs.1552. Book on ixigo before midnight.,Promo,synthetic,False,Promo_16,2
  EMI of Rs.11525 due on 27-05-26 for loan A/c XX9644. Pay now to avoid charges. -Axis Bank,Bank,synthetic,False,Bank_4,1
If u laugh really loud.. If u talk spontaneously.. If u dont care what others feel.. U are probably with your dear &amp; best friends.. GOODEVENING Dear..:),Personal,uci,False,,5
  Beware of fraud calls asking for card details. SBI officials never ask for PIN or CVV.,Bank,synthetic,False,Bank_15,1
  Your credit card XX9243 statement is ready. Total due: Rs.55857. Min due: Rs.1059. -Axis Bank,Bank,synthetic,False,Bank_5,1
Okay lor... Will they still let us go a not ah? Coz they will not know until later. We drop our cards into the box right?,Personal,uci,False,,5
"Today's Offer! Claim ur £150 worth of discount vouchers! Text YES to 85023 now! SavaMob, member offers mobile! T Cs 08717898035. £3.00 Sub. 16 . Unsub reply X",Spam,uci,False,,4
Your Hotstar plan renews on 04 Jul at Rs.1748. Upgrade to 4K for Rs.461/month.,Promo,synthetic,False,Promo_18,2
I wish u were here. I feel so alone,Personal,uci,False,,5
685762 - use this to sign in Never share this code with anyone,OTP,synthetic,True,Hard_7,0
It so happens that there r 2waxsto do wat you want. She can come and ill get her medical insurance. And she'll be able to deliver and have basic care. I'm currently shopping for the right medical insurance for her. So just give me til friday morning. Thats when i.ll see the major person that can guide me to the right insurance.,Personal,uci,False,,5
Congratulations! You won Rs.769244 in lucky draw. Claim: bit.ly/oummSQ,Spam,synthetic,True,Hard_12,4
Data exhausted? Get 1.5GB extra with Rs.136 booster pack. Dial *121# or visit app.,Promo,synthetic,False,Promo_11,2
ASKED 3MOBILE IF 0870 CHATLINES INCLU IN FREE MINS. INDIA CUST SERVs SED YES. L8ER GOT MEGA BILL. 3 DONT GIV A SHIT. BAILIFF DUE IN DAYS. I O £250 3 WANT £800,Spam,uci,False,,4
Pay Rs.725 on delivery for order OD961978624. -DTDC,Delivery,synthetic,True,Hard_10,3
Your Vi pack expires tomorrow. Recharge with Rs.955 for 3GB/day + unlimited calls.,Promo,synthetic,False,Promo_10,2
BEWARE OF FRAUD CALLS ASKING FOR CARD DETAILS. HDFC BANK OFFICIALS NEVER ASK FOR PIN OR CVV.,Bank,synthetic,False,Bank_15,1
MISSED OUR SHOWS? COME BACK TO SONYLIV AT 50% OFF FOR 3 MONTHS. RESUBSCRIBE: BIT.LY/YDKNXP,Promo,synthetic,False,Promo_19,2
Your  one time password is 333698 for Uber. Please do not share it.,OTP,synthetic,False,OTP_5,0
I'm vivek:)i got call from your number.,Personal,uci,False,,5
Do you like shaking your booty on the dance floor?,Personal,uci,False,,5
No..he joined today itself.,Personal,uci,False,,5
In meeting da. I will call you,Personal,uci,False,,5
<#> 212204 is your Netflix code. Valid 2 min. hA8sk2Lqp3,OTP,synthetic,False,OTP_13,0
Delivery attempt failed for order OD1569966633. We will retry tomorrow. -XpressBees,Delivery,synthetic,False,Delivery_5,3
Sunshine Quiz Wkly Q! Win a top Sony DVD player if u know which country Liverpool played in mid week? Txt ansr to 82277. £1.50 SP:Tyrone,Spam,uci,False,,4
  Your one time password is 662486 for ICICI Bank. Please do not share it.,OTP,synthetic,False,OTP_5,0
Flight fares dropped! DEL-CCU from Rs.903 Book on ixigo before midnight,Promo,synthetic,False,Promo_16,2
Your one time password is 859880 for PhonePe. Please do not share it.,OTP,synthetic,False,OTP_5,0
629911 - use this to sign in. Never share this code with anyone. T&C apply,OTP,synthetic,True,Hard_7,0
Recharge  with Rs.725 & get 60% extra talktime. Offer valid today only!,Promo,synthetic,False,Promo_5,2
Recharge with Rs.390 & get 50% extra talktime Offer valid today only!,Promo,synthetic,False,Promo_5,2
"TheMob>Hit the link to get a premium Pink Panther game, the new no. 1 from Sugababes, a crazy Zebra animation or a badass Hoody wallpaper-all 4 FREE!",Spam,uci,False,,4
147204  is your PhonePe security code. Anyone asking for it is a scammer.,OTP,synthetic,False,OTP_9,0
MEGA SALE! Get 30% OFF on all products at Zomato Shop now: bitly/vNrpFb T&C apply,Promo,synthetic,False,Promo_0,2
HAPPY NEW YEAR MY NO.1 MAN,Personal,uci,False,,5
In the end she might still vomit but its okay. Not everything will come out.,Personal,uci,False,,5
Can i meet ü at 5.. As 4 where depends on where ü wan 2 in lor..,Personal,uci,False,,5
order od1446082308 packed and ready! expected dispatch by 05 jul. -swiggy,Delivery,synthetic,False,Delivery_8,3
Your Meesho code: 84562,OTP,synthetic,False,OTP_8,0
loved your recent swiggy order? reorder in 1 tap and get 40% off today.,Promo,synthetic,False,Promo_22,2
Ola:  239418 is your login OTP. It expires in 30 minutes.,OTP,synthetic,False,OTP_6,0
Last day! Swiggy clearance sale ends tonight. Up to 40% off sitewide.,Promo,synthetic,False,Promo_8,2
IRCTC: SPECIAL TRAINS ADDED FOR FESTIVE SEASON. BOOK EARLY & SAVE UP TO 20%.,Promo,synthetic,False,Promo_17,2
Convert ur Axis Bank card purchase of Rs.1951 into easy EMIs at 0% interest. Reply YES.,Promo,synthetic,False,Promo_15,2
579751 - use this code to sign in to PhonePe. Never share it with anyone.,OTP,synthetic,False,OTP_7,0
"Me, i dont know again oh",Personal,uci,False,,5
Convert your ICICI Bank card purchase of Rs.524 into easy EMIs at 0% interest Reply YES,Promo,synthetic,False,Promo_15,2
  Naveen from DTDC is arriving with your package. Contact: +914860968249,Delivery,synthetic,False,Delivery_6,3
Also track down any lighters you can find,Personal,uci,False,,5
Your PNB debit card XX2871 has been blocked due to suspicious activity. Visit branch or call 1800-XXX to unblock. -TM,Bank,synthetic,False,Bank_11,1
Probably gonna swing by in a wee bit,Personal,uci,False,,5
Use 642016 to complete your Ola registration. Valid till 15 mins.,OTP,synthetic,False,OTP_4,0
OTP  for delivery of order OD3293223655 is 7077. Share only with the delivery agent. -Ekart,Delivery,synthetic,False,Delivery_9,3
"Tonight? Yeah, I'd be down for that",Personal,uci,False,,5
  Amazon Big Billion Days! Up to 60% off + extra 10% with BOB cards. Hurry!,Promo,synthetic,False,Promo_1,2
Yar lor... Keep raining non stop... Or u wan 2 go elsewhere?,Personal,uci,False,,5
Use 549352 to complete your Myntra registration Valid till 15 mins,OTP,synthetic,False,OTP_4,0
MAYBE IF YOU WOKE UP BEFORE FUCKING 3 THIS WOULDN'T BE A PROBLEM.,Personal,uci,False,,5
Interest of Rs.42156 credited to your FD A/c XX1457. -BOB,Bank,synthetic,False,Bank_9,1
I plane to give on this month end.,Personal,uci,False,,5
AH POOR BABY!HOPE URFEELING BETTERSN LUV! PROBTHAT OVERDOSE OF WORK HEY GO CAREFUL SPK 2 U SN LOTS OF LOVEJEN XXX.,Personal,uci,False,,5
rs.76635 credited to a/c xx3010 on 26-01-26. avl bal: rs.168858. -pnb,Bank,synthetic,False,Bank_1,1
Your one time password is 587356 for Axis Bank. Please do not share it.,OTP,synthetic,False,OTP_5,0
"Brainless Baby Doll..:-D;-), vehicle sariyag drive madoke barolla..",Personal,uci,False,,5
Low balance alert: A/c XX3338 balance is Rs.350278 Maintain min balance to avoid charges,Bank,synthetic,False,Bank_10,1
Hi mom we might be back later than  &lt;#&gt; ,Personal,uci,False,,5
"HOT LIVE FANTASIES call now 08707509020 Just 20p per min NTT Ltd, PO Box 1327 Croydon CR9 5WB 0870..k",Spam,uci,False,,4
Auto-pay of Rs.48797 to Zayyan is scheduled on 27-03-26 from A/c XX7327. Ensure sufficient balance.,Bank,synthetic,False,Bank_13,1
OTP for delivery of order OD8041999763 is 5733. Share only with the delivery agent. -Ekart,Delivery,synthetic,False,Delivery_9,3
Your A/c XX9049 is debited with Rs.99315 on 10-03-26. Info: UPI-Madhavi. Bal: Rs.237395 -TM,Bank,synthetic,False,Bank_2,1
You see the requirements please,Personal,uci,False,,5
"I'm gonna be home soon and i don't want to talk about this stuff anymore tonight, k? I've cried enough today.",Personal,uci,False,,5
Rs.28405 credited to A/c XX7755 on 19-01-26. Avl Bal: Rs.249391. -SBI,Bank,synthetic,False,Bank_1,1
Ok lor thanx... Ü in school?,Personal,uci,False,,5
KYC update pending for A/c XX2461. Please visit ur nearest Axis Bank branch by 11-05-26 to avoid restrictions.,Bank,synthetic,False,Bank_12,1
Armand says get your ass over to epsilon,Personal,uci,False,,5
I could ask carlos if we could get more if anybody else can chip in,Personal,uci,False,,5
MISSED OUR SHOWS? COME BACK TO HOTSTAR AT 50% OFF FOR 3 MONTHS. RESUBSCRIBE: BIT.LY/IRPUBF,Promo,synthetic,False,Promo_19,2
Hi neva worry bout da truth coz the truth will lead me 2 ur heart. Its the least a unique person like u deserve. Sleep tight or morning,Personal,uci,False,,5
recharge with rs.63 & get 70% extra talktime. offer valid today only!,Promo,synthetic,False,Promo_5,2
Or i go home first lar ü wait 4 me lor.. I put down my stuff first..,Personal,uci,False,,5
Sorry. You never hear unless you book it. One was kinda a joke--thet were really looking for skinny white girls. The other was one line--you can only do so much on camera with that. Something like that they're casting on the look.,Personal,uci,False,,5
UPI PAYMENT OF RS.89574 TO AYUSH SUCCESSFUL. UPI REF: 679122068190. -BOB,Bank,synthetic,False,Bank_6,1
569661 is your ICICI Bank security code. Anyone asking for it is a scammer.,OTP,synthetic,False,OTP_9,0
Mmmm ... Fuck ... Not fair ! You know my weaknesses ! *grins* *pushes you to your knee's* *exposes my belly and pulls your head to it* Don't forget ... I know yours too *wicked smile*,Personal,uci,False,,5
Tap to verify: 495930. This code expires shortly.,OTP,synthetic,True,Hard_9,0
OUT FOR DELIVERY: YOUR ZOMATO PACKAGE OD5828044099 WILL ARRIVE TODAY BY 9 PM. -DTDC,Delivery,synthetic,False,Delivery_1,3
"Hi Tamanna, unlock Rs.1999 off your first order at BigBasket with code NEW15.",Promo,synthetic,False,Promo_7,2
Your  order OD4135064531 from Zomato is arriving tomorrow. Keep Rs.3744 ready for COD.,Delivery,synthetic,False,Delivery_3,3
URGENT! Your Mobile number has been awarded with a £2000 prize GUARANTEED. Call 09058094454 from land line. Claim 3030. Valid 12hrs only,Spam,uci,False,,4
Your Myntra order OD7766091405 has been shipped via XpressBees. Track: bit.ly/YnpvnS,Delivery,synthetic,False,Delivery_0,3
Yeah whatever lol,Personal,uci,False,,5
We don call like  &lt;#&gt;  times oh. No give us hypertension oh.,Personal,uci,False,,5
Your FD of Rs.3378 matures on 04-03-26. Renew or withdraw via netbanking. -HDFC Bank,Bank,synthetic,False,Bank_14,1
coupon 9163 gives you free delivery on orders above rs.3415. -bigbasket,Promo,synthetic,True,Hard_1,2
YOUR JIO PACK EXPIRES TOMORROW. RECHARGE WITH RS.1234 FOR 2GB/DAY + UNLIMITED CALLS.,Promo,synthetic,False,Promo_10,2
<#> 235686 is your Paytm code. Valid 30 min. hA8sk2Lqp3,OTP,synthetic,False,OTP_13,0
EMI of Rs.85194 due on 29-05-26 for loan A/c XX3942. Pay now to avoid charges. -Axis Bank,Bank,synthetic,False,Bank_4,1
Loosu go to hospital. De dont let it careless.,Personal,uci,False,,5
"Not yet chikku..going to room nw, i'm in bus..",Personal,uci,False,,5
Enter 672168 to verify your mobile number for Axis Bank.,OTP,synthetic,False,OTP_10,0
Which is why i never wanted to tell you any of this. Which is why i'm so short with you and on-edge as of late.,Personal,uci,False,,5
LMAO where's your fish memory when I need it?,Personal,uci,False,,5
Delivered! Your Swiggy order OD5104139002 was delivered on 05 Jul. Rate your experience: bit.ly/OBALZM,Delivery,synthetic,False,Delivery_2,3
Someone has conacted our dating service and entered your phone because they fancy you!To find out who it is call from landline 09111030116. PoBox12n146tf15,Spam,uci,False,,4
  Your Netflix plan renews on 04 Jul at Rs.776. Upgrade to 4K for Rs.568/month.,Promo,synthetic,False,Promo_18,2
"Aight I've been set free, think you could text me blake's address? It occurs to me I'm not quite as sure what I'm doing as I thought I was",Personal,uci,False,,5
Order OD4430894806 packed and ready! Expected dispatch by 03 Jul. -Myntra STOP to opt out,Delivery,synthetic,False,Delivery_8,3
Your Zomato order OD7012214995 has been shipped via Delhivery. Track: bit.ly/EgYlxl,Delivery,synthetic,False,Delivery_0,3
<#> 921308 is your pnb code. valid 15 min. ha8sk2lqp3,OTP,synthetic,False,OTP_13,0
I'm doing da intro covers energy trends n pros n cons... Brief description of nuclear fusion n oso brief history of iter n jet got abt 7 n half pages..,Personal,uci,False,,5
Hi msg me:)i'm in office..,Personal,uci,False,,5
"Hey, my new number is 03662093354. Save it! Meet at noon?",Personal,synthetic,True,Hard_4,5
Your order OD5934077814 from Meesho is arriving tomorrow. Keep Rs.4668 ready for COD.,Delivery,synthetic,False,Delivery_3,3
Congratulations! You won Rs.734202 in lucky draw Claim: bitly/aBEiuW,Spam,synthetic,True,Hard_12,4
Dear customer ur SBI account will be blocked! Update KYC now: bitly/MBnCKf,Spam,synthetic,True,Hard_11,4
Your Zomato order OD7662788530 has been shipped via Ekart. Track: bit.ly/HmyEGf,Delivery,synthetic,False,Delivery_0,3
Do you know what Mallika Sherawat did yesterday? Find out now @  &lt;URL&gt;,Personal,uci,False,,5
Simply sitting and watching match in office..,Personal,uci,False,,5
  Salary of Rs.3214 credited to A/c XX8726. Avl Bal: Rs.160426. -ICICI Bank,Bank,synthetic,False,Bank_7,1
Let there be snow. Let there be snow. This kind of weather brings ppl together so friendships can grow.,Personal,uci,False,,5
"Buzz! Hey, my Love ! I think of you and hope your day goes well. Did you sleep in ? I miss you babe. I long for the moment we are together again*loving smile*",Personal,uci,False,,5
Out  for delivery: Your Swiggy package OD4692725237 will arrive today by 3 PM. -XpressBees,Delivery,synthetic,False,Delivery_1,3
Din i tell u jus now 420,Personal,uci,False,,5
OTP for delivery of order OD6416910319 is 1875 Share only with the delivery agent -BlueDart,Delivery,synthetic,False,Delivery_9,3
As per your request 'Melle Melle (Oru Minnaminunginte Nurungu Vettam)' has been set as your callertune for all Callers. Press *9 to copy your friends Callertune,Personal,uci,False,,5
DELIVERY ATTEMPT FAILED FOR ORDER OD4941739704. WE WILL RETRY TOMORROW. -DTDC,Delivery,synthetic,False,Delivery_5,3
"Hey, my new number is +913533649520. Save it! Meet at 6pm?",Personal,synthetic,True,Hard_4,5
I dun believe u. I thk u told him.,Personal,uci,False,,5
"Bro send me Rs.2275 on gpay, will return by 06 Jul",Personal,synthetic,True,Hard_5,5
Ur order OD5239398348 from Myntra is arriving tomorrow. Keep Rs.4074 ready for COD.,Delivery,synthetic,False,Delivery_3,3
"SMS SERVICES. for your inclusive text credits, pls goto www.comuk.net login= 3qxj9 unsubscribe with STOP, no extra charge. help 08702840625.COMUK. 220-CM2 9AE",Spam,uci,False,,4
"Bro  send me Rs.4052 on gpay, will return by 03 Jul",Personal,synthetic,True,Hard_5,5
I forgot 2 ask ü all smth.. There's a card on da present lei... How? Ü all want 2 write smth or sign on it?,Personal,uci,False,,5
Collect your VALENTINE'S weekend to PARIS inc Flight & Hotel + £200 Prize guaranteed! Text: PARIS to No: 69101. www.rtf.sphosting.com,Spam,uci,False,,4
The world's most happiest frnds never have the same characters... Dey just have the best understanding of their differences...,Personal,uci,False,,5
MEGA SALE! Get 10% OFF on all products at Meesho. Shop now: bit.ly/eEWHSL T&C apply.,Promo,synthetic,False,Promo_0,2
Meesho Big Billion Days! Up to 30% off + extra 10% with Axis Bank cards. Hurry!,Promo,synthetic,False,Promo_1,2
"hi vamakshi, unlock rs.682 off your first order at myntra with code new37.",Promo,synthetic,False,Promo_7,2
Auto-pay of Rs.69655 to Benjamin is scheduled on 30-03-26 from A/c XX5232. Ensure sufficient balance.,Bank,synthetic,False,Bank_13,1
on a Tuesday night r u 4 real,Personal,uci,False,,5
  Cheque no. 777989700428 for Rs.27615 has been cleared from A/c XX5864. -PNB,Bank,synthetic,False,Bank_8,1
Rs.72323 credited to A/c XX3623 on 29-03-26. Avl Bal: Rs.350561. -SBI,Bank,synthetic,False,Bank_1,1
How have your little darlings been so far this week? Need a coffee run tomo?Can't believe it's that time of week already …,Personal,uci,False,,5
Rs.519 cashback credited to your Paytm wallet. Use on your next order.,Promo,synthetic,False,Promo_21,2
U r too much close to my heart. If u go away i will be shattered. Plz stay with me.,Personal,uci,False,,5
rs.84470 debited from a/c xx3194 on 29-06-26 to xiti. avl bal: rs.482702. -bob,Bank,synthetic,False,Bank_0,1
Flight fares dropped! DEL-CCU from Rs.352. Book on Goibibo before midnight.,Promo,synthetic,False,Promo_16,2
Work from home! Earn Rs.421903/month. Join: bit.ly/FRCGhW -TM,Spam,synthetic,True,Hard_14,4
297633 - use this code to sign in to PNB. Never share it with anyone.,OTP,synthetic,False,OTP_7,0
Delivery attempt failed for order OD8860447680. We will retry tomorrow. -XpressBees,Delivery,synthetic,False,Delivery_5,3
Swiggy: Your cart misses you! Complete purchase now & get 40% off. bit.ly/kSqKiZ,Promo,synthetic,False,Promo_4,2
"I get out of class in bsn in like  &lt;#&gt;  minutes, you know where advising is?",Personal,uci,False,,5
Order OD1514194996 packed and ready! Expected dispatch by 06 Jul. -Meesho,Delivery,synthetic,False,Delivery_8,3
Also are you bringing galileo or dobby,Personal,uci,False,,5
Low balance alert: A/c XX7264 balance is Rs.303140. Maintain min balance to avoid charges. T&C apply,Bank,synthetic,False,Bank_10,1
Yeah right! I'll bring my tape measure fri!,Personal,uci,False,,5
You are being ripped off! Get your mobile content from www.clubmoby.com call 08717509990 poly/true/Pix/Ringtones/Games six downloads for only 3,Spam,uci,False,,4
209411 is your verification code for BigBasket. Never share your OTP.,OTP,synthetic,False,OTP_3,0
Delivery attempt failed for order OD7627854491. We will retry tomorrow. -DTDC T&C apply,Delivery,synthetic,False,Delivery_5,3
G-529823 is your Google verification code,OTP,synthetic,False,OTP_12,0
"Ok omw now, you at castor?",Personal,uci,False,,5
"I sent my scores to sophas and i had to do secondary application for a few schools. I think if you are thinking of applying, do a research on cost also. Contact joke ogunrinde, her school is one me the less expensive ones",Personal,uci,False,,5
UR awarded a City Break and could WIN a £200 Summer Shopping spree every WK. Txt STORE to 88039.SkilGme.TsCs087147403231Winawk!Age16+£1.50perWKsub,Spam,uci,False,,4
KYC update pending for A/c XX6982. Please visit your nearest BOB branch by 12-05-26 to avoid restrictions.,Bank,synthetic,False,Bank_12,1
Mm yes dear look how i am hugging you both. :-P,Personal,uci,False,,5
610055 - use this code to sign in to Kotak Never share it with anyone,OTP,synthetic,False,OTP_7,0
Out for delivery: Your Zomato package OD5093297201 will arrive today by 6 PM. -BlueDart,Delivery,synthetic,False,Delivery_1,3
We tried to call you re your reply to our sms for a video mobile 750 mins UNLIMITED TEXT + free camcorder Reply of call 08000930705 Now,Spam,uci,False,,4
Your Uber code: 4721,OTP,synthetic,True,Hard_8,0
Hey leave it. not a big deal:-) take care.,Personal,uci,False,,5
Thnx dude. u guys out 2nite?,Personal,uci,False,,5
BigBasket: Your cart misses you! Complete purchase now & get 80% off. bit.ly/sVGOLc STOP to opt out,Promo,synthetic,False,Promo_4,2
"Bro send me Rs.3084 on gpay, will return by 06 Jul",Personal,synthetic,True,Hard_5,5
"Sorry, I'll call later in meeting any thing related to trade please call Arul. &lt;#&gt; ",Personal,uci,False,,5
"Babe, have you got enough money to pick up bread and milk ? And I'll give you it back when you get home ?",Personal,uci,False,,5
Your Jio pack expires tomorrow. Recharge with Rs.796 for 3GB/day + unlimited calls. -TM,Promo,synthetic,False,Promo_10,2
How? Izzit still raining?,Personal,uci,False,,5
congratulations! you won rs.1770960 in lucky draw. claim: bit.ly/mhyoqs,Spam,synthetic,True,Hard_12,4
Missed our shows? Come back to SonyLIV at 50% off for 3 months. Resubscribe: bit.ly/kUkfDC,Promo,synthetic,False,Promo_19,2
I was just callin to say hi. Take care bruv!,Personal,uci,False,,5
"Sorry to trouble u again. Can buy 4d for my dad again? 1405, 1680, 1843. All 2 big 1 small, sat n sun. Thanx.",Personal,uci,False,,5
"Oh, then your phone phoned me but it disconnected",Personal,uci,False,,5
675696 - use this code to sign in to Kotak. Never share it with anyone.,OTP,synthetic,False,OTP_7,0
"Hi Zaitra, unlock INR 97 off your first order at Swiggy with code NEW49.",Promo,synthetic,False,Promo_7,2
"I'm nt goin, got somethin on, unless they meetin 4 dinner lor... Haha, i wonder who will go tis time...",Personal,uci,False,,5
Okay... We wait ah,Personal,uci,False,,5
MEGA  SALE! Get 10% OFF on all products at Meesho. Shop now: bit.ly/RoRZTE T&C apply.,Promo,synthetic,False,Promo_0,2
AUTO-PAY OF RS.51686 TO ANUSHA IS SCHEDULED ON 03-05-26 FROM A/C XX4793. ENSURE SUFFICIENT BALANCE.,Bank,synthetic,False,Bank_13,1
"2 celebrate my bday, y else?",Personal,uci,False,,5
Order OD4216880001 packed and ready! Expected dispatch by 04 Jul. -Amazon,Delivery,synthetic,False,Delivery_8,3
Rs.30860 debited from A/c XX7054 on 31-03-26 to Indira. Avl Bal: Rs.362454. -HDFC Bank,Bank,synthetic,False,Bank_0,1
If we win its really no 1 side for long time.,Personal,uci,False,,5
Interest of Rs.66311 credited to ur FD A/c XX8762. -PNB,Bank,synthetic,False,Bank_9,1
Mum not going robinson already.,Personal,uci,False,,5
DATA EXHAUSTED? GET 2GB EXTRA WITH RS.1392 BOOSTER PACK. DIAL *121# OR VISIT APP.,Promo,synthetic,False,Promo_11,2
Your credit card XX6403 statement is ready. Total due: Rs.29872. Min due: Rs.2858. -Axis Bank,Bank,synthetic,False,Bank_5,1
Your HDFC Bank code: 913646,OTP,synthetic,False,OTP_8,0
<#> 706908 IS YOUR AXIS BANK CODE. VALID 10 MIN. HA8SK2LQP3,OTP,synthetic,False,OTP_13,0
YOUR HOTSTAR PLAN RENEWS ON 03 JUL AT RS.1706. UPGRADE TO 4K FOR RS.708/MONTH.,Promo,synthetic,False,Promo_18,2
Jus came back fr lunch wif my sis only. U leh?,Personal,uci,False,,5
  Your order OD6932226184 from Meesho is arriving tomorrow. Keep Rs.1022 ready for COD.,Delivery,synthetic,False,Delivery_3,3
714421 - use this code to sign in to Uber. Never share it with anyone.,OTP,synthetic,False,OTP_7,0
Hi its Kate it was lovely to see you tonight and ill phone you tomorrow. I got to sing and a guy gave me his card! xxx,Personal,uci,False,,5
Your credit card XX3956 statement is ready. Total due: Rs.72704. Min due: Rs.4180. -Axis Bank -TM,Bank,synthetic,False,Bank_5,1
Busy here. Trying to finish for new year. I am looking forward to finally meeting you...,Personal,uci,False,,5
Free tones Hope you enjoyed your new content. text stop to 61610 to unsubscribe. help:08712400602450p Provided by tones2you.co.uk,Spam,uci,False,,4
PhonePe: 899723 is your login OTP. It expires in 30 minutes.,OTP,synthetic,False,OTP_6,0
Myntra: Your cart misses you! Complete purchase now & get 30% off. bit.ly/tBFvmU,Promo,synthetic,False,Promo_4,2
Flipkart: 29308 is your login OTP. It expires in 5 minutes.,OTP,synthetic,False,OTP_6,0
So ü pay first lar... Then when is da stock comin...,Personal,uci,False,,5
Interest of INR 17078 credited to your FD A/c XX5652. -BOB,Bank,synthetic,False,Bank_9,1
Rs.51933 debited from A/c XX6803 on 03-04-26 to Prisha Avl Bal: Rs.146213 -ICICI Bank,Bank,synthetic,False,Bank_0,1
Gd luck 4 ur exams :-),Personal,uci,False,,5
Ur Flipkart order OD6767668605 has been shipped via Ekart. Track: bit.ly/aObQfm,Delivery,synthetic,False,Delivery_0,3
OTP for delivery of order OD4548505671 is 7147. Share only with the delivery agent. -Ekart,Delivery,synthetic,False,Delivery_9,3
Your one time password is 765938 for Flipkart. Please do not share it. STOP to opt out,OTP,synthetic,False,OTP_5,0
"Sure, I'll see if I can come by in a bit",Personal,uci,False,,5
HELLO U.CALL WEN U FINISH WRK.I FANCY MEETIN UP WIV U ALL TONITE AS I NEED A BREAK FROM DABOOKS. DID 4 HRS LAST NITE+2 TODAY OF WRK!,Personal,uci,False,,5
Auto-pay of Rs.45025 to Chaitaly is scheduled on 18-05-26 from A/c XX4477. Ensure sufficient balance.,Bank,synthetic,False,Bank_13,1
Libni  from Delhivery is arriving with your package. Contact: 2772938919,Delivery,synthetic,False,Delivery_6,3
Also remember to get dobby's bowl from your car,Personal,uci,False,,5
did u get that message,Personal,uci,False,,5
Full heat pa:-) i have applyed oil pa.,Personal,uci,False,,5
S'fine. Anytime. All the best with it.,Personal,uci,False,,5
Exclusive for you! Buy 1 Get 1 FREE at Myntra. Limited period offer. Visit bit.ly/ATHKHK,Promo,synthetic,False,Promo_3,2
Nah im goin 2 the wrks with j wot bout u?,Personal,uci,False,,5
Pay Rs.3945 on delivery for order OD846194855. -Delhivery,Delivery,synthetic,True,Hard_10,3
I went to ur hon lab but no one is there.,Personal,uci,False,,5
Hey tmr meet at bugis 930 ?,Personal,uci,False,,5
965399 is your Paytm security code. Anyone asking for it is a scammer.,OTP,synthetic,False,OTP_9,0
Pay INR 1087 on delivery for order OD352375686. -Ekart,Delivery,synthetic,True,Hard_10,3
<#> 806151 is your Ola code. Valid 30 min. hA8sk2Lqp3,OTP,synthetic,False,OTP_13,0
"Aiyo... U always c our ex one... I dunno abt mei, she haven reply... First time u reply so fast... Y so lucky not workin huh, got bao by ur sugardad ah...gee.. ",Personal,uci,False,,5
Tap to verify: 723319. This code expires shortly.,OTP,synthetic,True,Hard_9,0
Last day! Zomato clearance sale ends tonight. Up to 20% off sitewide.,Promo,synthetic,False,Promo_8,2
HARD BUT TRUE: How much you show &amp;  express your love to someone....that much it will hurt when they leave you or you get seperated...!鈥┾??〨ud evening...,Personal,uci,False,,5
KYC UPDATE PENDING FOR A/C XX3544. PLEASE VISIT YOUR NEAREST AXIS BANK BRANCH BY 13-04-26 TO AVOID RESTRICTIONS.,Bank,synthetic,False,Bank_12,1
Ur PhonePe code: 121499,OTP,synthetic,False,OTP_8,0
Your credit card XX5993 statement is ready. Total due: Rs.51522. Min due: Rs.1324. -SBI,Bank,synthetic,False,Bank_5,1
UPI  payment of Rs.49110 to Harish successful. UPI Ref: 930525668888. -ICICI Bank,Bank,synthetic,False,Bank_6,1
I wanna watch that movie,Personal,uci,False,,5
IRCTC: 877154 is your login OTP. It expires in 2 minutes.,OTP,synthetic,False,OTP_6,0
"Hello, my boytoy! I made it home and my constant thought is of you, my love. I hope your having a nice visit but I can't wait till you come home to me ...*kiss*",Personal,uci,False,,5
Cheque no. 258801825650 for Rs.29856 has been cleared from A/c XX8207. -SBI STOP to opt out,Bank,synthetic,False,Bank_8,1
510203 - USE THIS CODE TO SIGN IN TO BOB. NEVER SHARE IT WITH ANYONE.,OTP,synthetic,False,OTP_7,0
items in your order history are back in stock at flipkart. prices start rs.1880.,Promo,synthetic,False,Promo_23,2
Low balance alert: A/c XX6328 balance is Rs.422213. Maintain min balance to avoid charges.,Bank,synthetic,False,Bank_10,1
"Wen ur lovable bcums angry wid u, dnt take it seriously.. Coz being angry is d most childish n true way of showing deep affection, care n luv!.. kettoda manda... Have nice day da.",Personal,uci,False,,5
Order OD3105718021 packed and ready! Expected dispatch by 05 Jul. -Myntra T&C apply,Delivery,synthetic,False,Delivery_8,3
How will I creep on you now? ;_;,Personal,uci,False,,5
440500 is your IRCTC security code Anyone asking for it is a scammer,OTP,synthetic,False,OTP_9,0
Just normal only here :),Personal,uci,False,,5
ARE YOU IN TOWN? THIS IS V. IMPORTANT,Personal,uci,False,,5
Joy's father is John. Then John is the NAME of Joy's father. Mandan,Personal,uci,False,,5
EMI of Rs.77732 due on 27-06-26 for loan A/c XX2588. Pay now to avoid charges. -HDFC Bank,Bank,synthetic,False,Bank_4,1
625677 is your BOB security code. Anyone asking for it is a scammer.,OTP,synthetic,False,OTP_9,0
"Hi Yashvi, unlock Rs.758 off your first order at Amazon with code NEW22.",Promo,synthetic,False,Promo_7,2
"Men always needs a beautiful, intelligent, caring, loving, adjustable, cooperative wife. But the law allows only one wife....",Personal,uci,False,,5
"cmon babe, make me horny, *turn* me on! Txt me your fantasy now babe -) Im hot, sticky and need you now. All replies cost £1.50. 2 cancel send STOP",Spam,uci,False,,4
Your FD of INR 69104 matures on 02-01-26. Renew or withdraw via netbanking. -HDFC Bank,Bank,synthetic,False,Bank_14,1
UPI PAYMENT OF RS.71107 TO CHAMAN SUCCESSFUL. UPI REF: 153714639064. -BOB,Bank,synthetic,False,Bank_6,1
ENTER 948116 TO VERIFY YOUR MOBILE NUMBER FOR NETFLIX.,OTP,synthetic,False,OTP_10,0
Use 874030 to complete your GPay registration. Valid till 15 mins.,OTP,synthetic,False,OTP_4,0
"My Parents, My Kidz, My Friends n My Colleagues. All screaming.. SURPRISE !! and I was waiting on the sofa.. ... ..... ' NAKED...!",Personal,uci,False,,5
Order OD1053458537 packed and ready! Expected dispatch by 01 Jul. -BigBasket,Delivery,synthetic,False,Delivery_8,3
Dun b sad.. It's over.. Dun thk abt it already. Concentrate on ur other papers k.,Personal,uci,False,,5
You are gorgeous! keep those pix cumming :) thank you!,Personal,uci,False,,5
FLIGHT FARES DROPPED! BLR-PNQ FROM RS.1288. BOOK ON MAKEMYTRIP BEFORE MIDNIGHT.,Promo,synthetic,False,Promo_16,2
<#> 364816 is your Uber code. Valid 5 min. hA8sk2Lqp3,OTP,synthetic,False,OTP_13,0
Yeah my usual guy's out of town but there're definitely people around I know,Personal,uci,False,,5
"Hi Triya, unlock Rs.1240 off ur first order at Myntra with code NEW13.",Promo,synthetic,False,Promo_7,2
"Sorry, I can't help you on this.",Personal,uci,False,,5
Now project pa. After that only i can come.,Personal,uci,False,,5
"Sorry, it's a lot of friend-of-a-friend stuff, I'm just now about to talk to the actual guy who wants to buy",Personal,uci,False,,5
Wewa is 130. Iriver 255. All 128 mb.,Personal,uci,False,,5
delivered! your zomato order od6935694886 was delivered on 04 jul. rate your experience: bit.ly/ffmhnc,Delivery,synthetic,False,Delivery_2,3
MEGA SALE! Get 40% OFF on all products at Myntra Shop now: bitly/hxktFs T&C apply,Promo,synthetic,False,Promo_0,2
G-144394 is ur Google verification code.,OTP,synthetic,False,OTP_12,0
Ok lor ü reaching then message me.,Personal,uci,False,,5
FreeMsg>FAV XMAS TONES!Reply REAL,Spam,uci,False,,4
Sitting in mu waiting for everyone to get out of my suite so I can take a shower,Personal,uci,False,,5
DELIVERY ATTEMPT FAILED FOR ORDER OD9015403655. WE WILL RETRY TOMORROW. -DTDC,Delivery,synthetic,False,Delivery_5,3
Cheque no. 782659787053 for Rs.38464 has been cleared from A/c XX5924. -SBI -TM,Bank,synthetic,False,Bank_8,1
No problem. How are you doing?,Personal,uci,False,,5
"Hiya, probably coming home * weekend after next",Personal,uci,False,,5
AUTO-PAY OF RS.86035 TO WARINDER IS SCHEDULED ON 13-01-26 FROM A/C XX8360. ENSURE SUFFICIENT BALANCE.,Bank,synthetic,False,Bank_13,1
CALL 09090900040 & LISTEN TO EXTREME DIRTY LIVE CHAT GOING ON IN THE OFFICE RIGHT NOW TOTAL PRIVACY NO ONE KNOWS YOUR [sic] LISTENING 60P MIN 24/7MP 0870753331018+,Spam,uci,False,,4
Anita from DTDC is arriving with your package. Contact: 9411352397,Delivery,synthetic,False,Delivery_6,3
Your A/c XX9303 is debited with Rs.62670 on 05-05-26. Info: UPI-Oscar. Bal: Rs.277074,Bank,synthetic,False,Bank_2,1
DELIVERY ATTEMPT FAILED FOR ORDER OD5394722810. WE WILL RETRY TOMORROW. -EKART,Delivery,synthetic,False,Delivery_5,3
Rs.79898 credited to A/c XX8493 on 02-01-26. Avl Bal: Rs.119592. -SBI,Bank,synthetic,False,Bank_1,1
UPI payment of INR 48235 to Simon successful. UPI Ref: 112559676626. -BOB,Bank,synthetic,False,Bank_6,1
575076 is your verification code for axis bank. never share your otp.,OTP,synthetic,False,OTP_3,0
Use code 8565 at checkout for 25% off at Myntra!,Promo,synthetic,True,Hard_0,2
Delivery attempt failed for order OD9148769400. We will retry tomorrow. -Ekart,Delivery,synthetic,False,Delivery_5,3
"Cool, text me when you're ready",Personal,uci,False,,5
Low balance alert: A/c XX7314 balance is Rs.328218. Maintain min balance to avoid charges.,Bank,synthetic,False,Bank_10,1
Having lunch:)you are not in online?why?,Personal,uci,False,,5
RECHARGE WITH RS.1719 & GET 20% EXTRA TALKTIME. OFFER VALID TODAY ONLY!,Promo,synthetic,False,Promo_5,2
509373 - use this code to sign in to HDFC Bank. Never share it with anyone.,OTP,synthetic,False,OTP_7,0
That means get the door,Personal,uci,False,,5
"Bro send me Rs.4426 on gpay, will return by 04 Jul",Personal,synthetic,True,Hard_5,5
i am going to bed now prin,Personal,uci,False,,5
You have 3377 reward points expiring on 06 Jul. Redeem on Amazon.,Promo,synthetic,False,Promo_20,2
  Convert your Kotak card purchase of Rs.270 into easy EMIs at 0% interest. Reply YES.,Promo,synthetic,False,Promo_15,2
Recharge with Rs.679 & get 20% extra talktime. Offer valid today only!,Promo,synthetic,False,Promo_5,2
Is it ok if I stay the night here? Xavier has a sleeping bag and I'm getting tired,Personal,uci,False,,5
Rs.17461 debited from A/c XX4364 on 14-03-26 to Radhika. Avl Bal: Rs.42848. -BOB,Bank,synthetic,False,Bank_0,1
"Bro send me Rs.2997 on gpay, will return by 01 Jul",Personal,synthetic,True,Hard_5,5
Exclusive for you! Buy 1 Get 1 FREE at Swiggy Limited period offer Visit bitly/wNBmHg,Promo,synthetic,False,Promo_3,2
"Urgh, coach hot, smells of chip fat! Thanks again, especially for the duvet (not a predictive text word).",Personal,uci,False,,5
Delivery attempt failed for order OD6881239464. We will retry tomorrow. -BlueDart,Delivery,synthetic,False,Delivery_5,3
Todays Voda numbers ending 5226 are selected to receive a ?350 award. If you hava a match please call 08712300220 quoting claim code 1131 standard rates app ,Spam,uci,False,,4
Pls dont forget to study,Personal,uci,False,,5
Its just the effect of irritation. Just ignore it,Personal,uci,False,,5
Your Myntra order OD4573457908 has been shipped via Ekart. Track: bit.ly/miyPrS -TM,Delivery,synthetic,False,Delivery_0,3
Delivery attempt failed for order OD1834667257. We will retry tomorrow. -Ekart T&C apply,Delivery,synthetic,False,Delivery_5,3
Your Uber code: 9672,OTP,synthetic,True,Hard_8,0
Ur Uber code: 1946,OTP,synthetic,True,Hard_8,0
Your Prime Video plan renews on 01 Jul at Rs.1826. Upgrade to 4K for Rs.509/month.,Promo,synthetic,False,Promo_18,2
Can U get 2 phone NOW? I wanna chat 2 set up meet Call me NOW on 09096102316 U can cum here 2moro Luv JANE xx Calls£1/minmoremobsEMSPOBox45PO139WA,Spam,uci,False,,4
Just buy a pizza. Meat lovers or supreme. U get to pick.,Personal,uci,False,,5
Data exhausted? Get 2GB extra with Rs.1137 booster pack. Dial *121# or visit app.,Promo,synthetic,False,Promo_11,2
HIYA COMIN 2 BRISTOL 1 ST WEEK IN APRIL. LES GOT OFF + RUDI ON NEW YRS EVE BUT I WAS SNORING.THEY WERE DRUNK! U BAK AT COLLEGE YET? MY WORK SENDS INK 2 BATH.,Personal,uci,False,,5
Hey company elama po mudyadhu.,Personal,uci,False,,5
PNB: 22020 IS YOUR LOGIN OTP. IT EXPIRES IN 5 MINUTES.,OTP,synthetic,False,OTP_6,0
Not..tel software name..,Personal,uci,False,,5
"Just sent again. Do you scream and moan in bed, princess?",Personal,uci,False,,5
Your ICICI Bank debit card XX6265 has been blocked due to suspicious activity. Visit branch or call 1800-XXX to unblock.,Bank,synthetic,False,Bank_11,1
93082 is your verification code for IRCTC. Never share your OTP.,OTP,synthetic,False,OTP_3,0
Am not working but am up to eyes in philosophy so will text u later when a bit more free for chat...,Personal,uci,False,,5
Zomato: Your cart misses you! Complete purchase now & get 70% off. bit.ly/ixBZoc STOP to opt out,Promo,synthetic,False,Promo_4,2
Your daily text from me – a favour this time,Personal,uci,False,,5
"Nowadays people are notixiquating the laxinorficated opportunity for bambling of entropication.... Have you ever oblisingately opted ur books for the masteriastering amplikater of fidalfication? It is very champlaxigating, i think it is atrocious.. Wotz Ur Opinion???? Junna",Personal,uci,False,,5
Low balance alert: A/c XX1546 balance is INR 202047. Maintain min balance to avoid charges.,Bank,synthetic,False,Bank_10,1
"Did you hear about the new ""Divorce Barbie""? It comes with all of Ken's stuff!",Spam,uci,False,,4
  EMI of Rs.64752 due on 16-03-26 for loan A/c XX1376. Pay now to avoid charges. -PNB,Bank,synthetic,False,Bank_4,1
O. Well uv causes mutations. Sunscreen is like essential thesedays,Personal,uci,False,,5
Merry christmas to u too annie!,Personal,uci,False,,5
LOL ... Have you made plans for new years?,Personal,uci,False,,5
HI DARLIN I HOPE YOU HAD A NICE NIGHT I WISH I HAD COME CANT WAIT TO SEE YOU LOVE FRAN PS I WANT DIRTY ANAL SEX AND I WANT A 10 MAN GANG BANG,Personal,uci,False,,5
Interest  of Rs.71283 credited to your FD A/c XX5112. -PNB,Bank,synthetic,False,Bank_9,1
Your Vi pack expires tomorrow. Recharge with INR 1656 for 1.5GB/day + unlimited calls.,Promo,synthetic,False,Promo_10,2
Nisha from Ekart is arriving with your package. Contact: +914389917455,Delivery,synthetic,False,Delivery_6,3
Prepare to be pleasured :),Personal,uci,False,,5
Ur FD of Rs.68813 matures on 08-02-26. Renew or withdraw via netbanking. -Kotak,Bank,synthetic,False,Bank_14,1
Last day! BigBasket clearance sale ends tonight. Up to 80% off sitewide.,Promo,synthetic,False,Promo_8,2
Goodmorning sleeping ga.,Personal,uci,False,,5
Items in your order history are back in stock at Amazon. Prices start Rs.989.,Promo,synthetic,False,Promo_23,2
Your Airtel pack expires tomorrow. Recharge with Rs.1452 for 2GB/day + unlimited calls.,Promo,synthetic,False,Promo_10,2
"Aight will do, thanks again for comin out",Personal,uci,False,,5
Feel Yourself That You Are Always Happy.. Slowly It Becomes Your Habit &amp; Finally It Becomes Part Of Your Life.. Follow It.. Happy Morning &amp; Have A Happy Day:),Personal,uci,False,,5
216625 - use this code to sign in to HDFC Bank. Never share it with anyone.,OTP,synthetic,False,OTP_7,0
Have you heard about that job? I'm going to that wildlife talk again tonight if u want2come. Its that2worzels and a wizzle or whatever it is?! ,Personal,uci,False,,5
"I am real, baby! I want to bring out your inner tigress...",Personal,uci,False,,5
Exclusive for you! Buy 1 Get 1 FREE at Amazon. Limited period offer. Visit bit.ly/RDPZaC,Promo,synthetic,False,Promo_3,2
items in your order history are back in stock at meesho. prices start rs.1953.,Promo,synthetic,False,Promo_23,2
"No, but you told me you were going, before you got drunk!",Personal,uci,False,,5
Hello my little party animal! I just thought I'd buzz you as you were with your friends ...*grins*... Reminding you were loved and send a naughty adoring kiss,Personal,uci,False,,5
164219 is ur verification code for PhonePe. Never share ur OTP.,OTP,synthetic,False,OTP_3,0
Are you plans with your family set in stone ?,Personal,uci,False,,5
"Hi. Hope ur day * good! Back from walk, table booked for half eight. Let me know when ur coming over.",Personal,uci,False,,5
  Your order OD9652074619 from Zomato is arriving tomorrow. Keep Rs.854 ready for COD.,Delivery,synthetic,False,Delivery_3,3
Jus finish watching tv... U?,Personal,uci,False,,5
Last day! Myntra clearance sale ends tonight Up to 30% off sitewide,Promo,synthetic,False,Promo_8,2
USE CODE 9166 AT CHECKOUT FOR 25% OFF AT MYNTRA!,Promo,synthetic,True,Hard_0,2
Ok.,Personal,uci,False,,5
Of course ! Don't tease me ... You know I simply must see ! *grins* ... Do keep me posted my prey ... *loving smile* *devouring kiss*,Personal,uci,False,,5
Hi its me you are probably having too much fun to get this message but i thought id txt u cos im bored! and james has been farting at me all night,Personal,uci,False,,5
YOUR ORDER OD3889766381 FROM MEESHO IS ARRIVING TOMORROW. KEEP RS.1593 READY FOR COD.,Delivery,synthetic,False,Delivery_3,3
Check mail.i have mailed varma and kept copy to you regarding membership.take care.insha allah.,Personal,uci,False,,5
Exclusive for you! Buy 1 Get 1 FREE at Myntra. Limited period offer. Visit bit.ly/kJSMPQ,Promo,synthetic,False,Promo_3,2
Items in your order history are back in stock at Meesho. Prices start Rs.1229.,Promo,synthetic,False,Promo_23,2
"Call 09094100151 to use ur mins! Calls cast 10p/min (mob vary). Service provided by AOM, just GBP5/month. AOM Box61,M60 1ER until u stop. Ages 18+ only!",Spam,uci,False,,4
985014 - use this code to sign in to ICICI Bank. Never share it with anyone.,OTP,synthetic,False,OTP_7,0
345948 is your OTP for Netflix login. Valid for 30 minutes. Do not share with anyone.,OTP,synthetic,False,OTP_0,0
Coupon 8402 gives you free delivery on orders above Rs.3918 -Amazon,Promo,synthetic,True,Hard_1,2
I'm also came to room.,Personal,uci,False,,5
Ard 515 like dat. Y?,Personal,uci,False,,5
OUT FOR DELIVERY: YOUR MEESHO PACKAGE OD7447741222 WILL ARRIVE TODAY BY 9 PM. -DTDC,Delivery,synthetic,False,Delivery_1,3
KYC update pending for A/c XX1641. Please visit your nearest Kotak branch by 31-03-26 to avoid restrictions.,Bank,synthetic,False,Bank_12,1
:) ,Personal,uci,False,,5
INR 4641 debited from A/c XX3768 on 28-01-26 to Sara. Avl Bal: INR 426402. -Kotak,Bank,synthetic,False,Bank_0,1
So i asked how's anthony. Dad. And your bf,Personal,uci,False,,5
"Greetings me, ! Consider yourself excused.",Personal,uci,False,,5
Hope ur head doesn't hurt 2 much ! Am ploughing my way through a pile of ironing ! Staying in with a chinky tonight come round if you like.,Personal,uci,False,,5
What type of stuff do you sing?,Personal,uci,False,,5
Dayita from DTDC is arriving with your package. Contact: +914803587517,Delivery,synthetic,False,Delivery_6,3
Sleeping nt feeling well,Personal,uci,False,,5
CONVERT YOUR PNB CARD PURCHASE OF RS.1178 INTO EASY EMIS AT 0% INTEREST. REPLY YES.,Promo,synthetic,False,Promo_15,2
395690 - use this to sign in. Never share this code with anyone.,OTP,synthetic,True,Hard_7,0
Once free call me sir.,Personal,uci,False,,5
  Data exhausted? Get 3GB extra with Rs.1170 booster pack. Dial *121# or visit app.,Promo,synthetic,False,Promo_11,2
You know what hook up means right?,Personal,uci,False,,5
  EMI of Rs.79044 due on 10-05-26 for loan A/c XX5411. Pay now to avoid charges. -ICICI Bank,Bank,synthetic,False,Bank_4,1
TAP TO VERIFY: 290356. THIS CODE EXPIRES SHORTLY.,OTP,synthetic,True,Hard_9,0
She just broke down a list of reasons why nobody's in town and I can't tell if she's being sarcastic or just faggy,Personal,uci,False,,5
MEGA SALE! Get 70% OFF on all products at Amazon. Shop now: bit.ly/rfAcOs T&C apply.,Promo,synthetic,False,Promo_0,2
  Your Jio pack expires tomorrow. Recharge with Rs.1852 for 3GB/day + unlimited calls.,Promo,synthetic,False,Promo_10,2
Cheque no. 747250895349 for Rs.82160 has been cleared from A/c XX1191. -Kotak,Bank,synthetic,False,Bank_8,1
Tap to verify: 338415. This code expires shortly. STOP to opt out,OTP,synthetic,True,Hard_9,0
Rs.52791 debited from A/c XX9075 on 13-04-26 to Victor. Avl Bal: Rs.35573. -Axis Bank,Bank,synthetic,False,Bank_0,1
Congratulations ur awarded either a yrs supply of CDs from Virgin Records or a Mystery Gift GUARANTEED Call 09061104283 Ts&Cs www.smsco.net £1.50pm approx 3mins,Spam,uci,False,,4
Delivered! Your Myntra order OD6575973288 was delivered on 06 Jul. Rate your experience: bit.ly/XRlAwM,Delivery,synthetic,False,Delivery_2,3
Great. P diddy is my neighbor and comes for toothpaste every morning,Personal,uci,False,,5
9947 IS YOUR FLIPKART SECURITY CODE. ANYONE ASKING FOR IT IS A SCAMMER.,OTP,synthetic,False,OTP_9,0
I want to see your pretty pussy...,Personal,uci,False,,5
BigBasket: Your cart misses you! Complete purchase now & get 40% off. bit.ly/pHRRKo,Promo,synthetic,False,Promo_4,2
"And stop wondering ""wow is she ever going to stop tm'ing me ?!"" because I will tm you whenever I want because you are MINE ... *laughs*",Personal,uci,False,,5
Flipkart Big Billion Days! Up to 40% off + extra 10% with BOB cards. Hurry!,Promo,synthetic,False,Promo_1,2
low balance alert: a/c xx4451 balance is rs.154227. maintain min balance to avoid charges.,Bank,synthetic,False,Bank_10,1
WORK FROM HOME! EARN RS.770405/MONTH. JOIN: BIT.LY/USPXMI,Spam,synthetic,True,Hard_14,4
data exhausted? get 3gb extra with rs.628 booster pack. dial *121# or visit app.,Promo,synthetic,False,Promo_11,2
"Er yeah, i will b there at 15:26, sorry! Just tell me which pub/cafe to sit in and come wen u can",Personal,uci,False,,5
So when do you wanna gym?,Personal,uci,False,,5
G-648041 is your Google verification code.,OTP,synthetic,False,OTP_12,0
"Xmas Offer! Latest Motorola, SonyEricsson & Nokia & FREE Bluetooth or DVD! Double Mins & 1000 Txt on Orange. Call MobileUpd8 on 08000839402 or call2optout/4QF2",Spam,uci,False,,4
"Bro send me INR 2540 on gpay, will return by 05 Jul",Personal,synthetic,True,Hard_5,5
your a/c xx4037 is debited with rs.64550 on 22-02-26. info: upi-darpan. bal: rs.60673,Bank,synthetic,False,Bank_2,1
OTP  for delivery of order OD1133460596 is 6704. Share only with the delivery agent. -Delhivery,Delivery,synthetic,False,Delivery_9,3
Then she dun believe wat?,Personal,uci,False,,5
Dont show yourself. How far. Put new pictures up on facebook.,Personal,uci,False,,5
Auto-pay of Rs.24336 to Jhalak is scheduled on 31-03-26 from A/c XX5762. Ensure sufficient balance.,Bank,synthetic,False,Bank_13,1
Nutter. Cutter. Ctter. Cttergg. Cttargg. Ctargg. Ctagg. ie you,Personal,uci,False,,5
Tap to verify: 215111. This code expires shortly.,OTP,synthetic,True,Hard_9,0
UPI payment of Rs.18964 to Arya successful. UPI Ref: 768840937400. -ICICI Bank,Bank,synthetic,False,Bank_6,1
"Spoke with uncle john today. He strongly feels that you need to sacrifice to keep me here. He's going to call you. When he does, i beg you to just listen. Dont make any promises or make it clear things are not easy. And i need you to please let us work things out. As long as i keep expecting help, my creativity will be stifled so pls just keep him happy, no promises on your part.",Personal,uci,False,,5
Was actually about to send you a reminder today. Have a wonderful weekend,Personal,uci,False,,5
Order OD7697323629 packed and ready! Expected dispatch by 01 Jul. -Meesho,Delivery,synthetic,False,Delivery_8,3
your fd of rs.73171 matures on 19-04-26. renew or withdraw via netbanking. -hdfc bank,Bank,synthetic,False,Bank_14,1
Amazon: Ur cart misses you! Complete purchase now & get 80% off. bit.ly/LdKGmJ,Promo,synthetic,False,Promo_4,2
Today i'm not workin but not free oso... Gee... Thgt u workin at ur fren's shop ? ,Personal,uci,False,,5
Don‘t give a flying monkeys wot they think and I certainly don‘t mind. Any friend of mine and all that!,Personal,uci,False,,5
Use code 1621 at checkout for 10% off at Myntra!,Promo,synthetic,True,Hard_0,2
I'm going out to buy mum's present ar.,Personal,uci,False,,5
rs.65189 credited to a/c xx1783 on 17-05-26. avl bal: rs.274292. -axis bank,Bank,synthetic,False,Bank_1,1
Shall call now dear having food,Personal,uci,False,,5
items in your order history are back in stock at amazon. prices start rs.1174.,Promo,synthetic,False,Promo_23,2
Oh gei. That happend to me in tron. Maybe ill dl it in 3d when its out,Personal,uci,False,,5
You can never do NOTHING,Personal,uci,False,,5
Use 638616 to complete your PNB registration. Valid till 5 mins. STOP to opt out,OTP,synthetic,False,OTP_4,0
May b approve panalam...but it should have more posts..,Personal,uci,False,,5
"For your chance to WIN a FREE Bluetooth Headset then simply reply back with ""ADP""",Spam,uci,False,,4
Well then you have a great weekend!,Personal,uci,False,,5
cThen i thk shd b enuff.. Still got conclusion n contents pg n references.. I'll b doing da contents pg n cover pg..,Personal,uci,False,,5
WIN a year supply of CDs 4 a store of ur choice worth £500 & enter our £100 Weekly draw txt MUSIC to 87066 Ts&Cs www.Ldew.com.subs16+1win150ppmx3,Spam,uci,False,,4
"We're all getting worried over here, derek and taylor have already assumed the worst",Personal,uci,False,,5
I didn't get the second half of that message,Personal,uci,False,,5
you have 1880 reward points expiring on 05 jul. redeem on flipkart.,Promo,synthetic,False,Promo_20,2
Anyway i'm going shopping on my own now. Cos my sis not done yet. Dun disturb u liao.,Personal,uci,False,,5
Convert your ICICI Bank card purchase of Rs.1271 into easy EMIs at 0% interest. Reply YES.,Promo,synthetic,False,Promo_15,2
Your Airtel pack expires tomorrow Recharge with Rs.986 for 2GB/day + unlimited calls,Promo,synthetic,False,Promo_10,2
"You are guaranteed the latest Nokia Phone, a 40GB iPod MP3 player or a £500 prize! Txt word: COLLECT to No: 83355! IBHltd LdnW15H 150p/Mtmsgrcvd18+",Spam,uci,False,,4
Your Jio pack expires tomorrow. Recharge with Rs.1291 for 1GB/day + unlimited calls.,Promo,synthetic,False,Promo_10,2
Hungry? Get 50% off up to Rs.810 on ur next 3 orders. Code: EAT30. -Swiggy,Promo,synthetic,False,Promo_12,2
Still at west coast... Haiz... Ü'll take forever to come back...,Personal,uci,False,,5
"  Bro send me Rs.1750 on gpay, will return by 04 Jul",Personal,synthetic,True,Hard_5,5
Your Swiggy order OD3641198704 has been shipped via Delhivery. Track: bit.ly/aNHyQt,Delivery,synthetic,False,Delivery_0,3
452326 - use this code to sign in to Swiggy. Never share it with anyone.,OTP,synthetic,False,OTP_7,0
BOB: 334452 is your login OTP. It expires in 10 minutes.,OTP,synthetic,False,OTP_6,0
Your order OD5655475817 from Zomato is arriving tomorrow. Keep INR 2611 ready for COD.,Delivery,synthetic,False,Delivery_3,3
MEGA SALE! Get 50% OFF on all products at Swiggy. Shop now: bit.ly/vXaDuX T&C apply.,Promo,synthetic,False,Promo_0,2
"Rose for red,red for blood,blood for heart,heart for u. But u for me.... Send tis to all ur friends.. Including me.. If u like me.. If u get back, 1-u r poor in relation! 2-u need some 1 to support 3-u r frnd 2 many 4-some1 luvs u 5+- some1 is praying god to marry u.:-) try it....",Personal,uci,False,,5
Cheque no. 393553567749 for Rs.30542 has been cleared from A/c XX1699. -HDFC Bank,Bank,synthetic,False,Bank_8,1
Horrible gal. Me in sch doing some stuff. How come u got mc?,Personal,uci,False,,5
Low balance alert: A/c XX6797 balance is Rs.65998 Maintain min balance to avoid charges,Bank,synthetic,False,Bank_10,1
"Dunno, my dad said he coming home 2 bring us out 4 lunch. Yup i go w u lor. I call u when i reach school lor...",Personal,uci,False,,5
"Good afternoon, my love ! Any job prospects ? Are you missing me ? What do you do ? Are you being lazy and bleak, hmmm ? Or happy and filled with my love ?",Personal,uci,False,,5
tap to verify: 660975. this code expires shortly.,OTP,synthetic,True,Hard_9,0
  Your PNB debit card XX8764 has been blocked due to suspicious activity. Visit branch or call 1800-XXX to unblock.,Bank,synthetic,False,Bank_11,1
"LookAtMe!: Thanks for your purchase of a video clip from LookAtMe!, you've been charged 35p. Think you can do better? Why not send a video in a MMSto 32323.",Spam,uci,False,,4
mega sale! get 10% off on all products at myntra. shop now: bit.ly/ncfova t&c apply.,Promo,synthetic,False,Promo_0,2
Fine am simply sitting.,Personal,uci,False,,5
This girl does not stay in bed. This girl doesn't need recovery time. Id rather pass out while having fun then be cooped up in bed,Personal,uci,False,,5
Recharge with Rs.526 & get 40% extra talktime. Offer valid today only!,Promo,synthetic,False,Promo_5,2
UPI  payment of Rs.70674 to Deepa successful. UPI Ref: 536927546450. -Axis Bank,Bank,synthetic,False,Bank_6,1
Stop the story. I've told him i've returned it and he's saying i should not re order it.,Personal,uci,False,,5
So there's a ring that comes with the guys costumes. It's there so they can gift their future yowifes. Hint hint,Personal,uci,False,,5
Your Axis Bank debit card XX1545 has been blocked due to suspicious activity Visit branch or call 1800-XXX to unblock,Bank,synthetic,False,Bank_11,1
Hungry? Get 50% off up to Rs.1633 on your next 3 orders. Code: EAT48. -Swiggy,Promo,synthetic,False,Promo_12,2
Thanks for your subscription to Ringtone UK your mobile will be charged £5/month Please confirm by replying YES or NO. If you reply NO you will not be charged,Spam,uci,False,,4
Only once then after ill obey all yours.,Personal,uci,False,,5
Then ü come n pick me at 530 ar?,Personal,uci,False,,5
Cheque no. 632080930607 for Rs.27854 has been cleared from A/c XX3445. -PNB,Bank,synthetic,False,Bank_8,1
Dear i have reache room,Personal,uci,False,,5
... Are you in the pub?,Personal,uci,False,,5
The bus leaves at  &lt;#&gt; ,Personal,uci,False,,5
"Hey, my new number is +918784147848. Save it! Meet at tonight?",Personal,synthetic,True,Hard_4,5
Exclusive for you! Buy 1 Get 1 FREE at Flipkart. Limited period offer. Visit bit.ly/DBvhOu,Promo,synthetic,False,Promo_3,2
When did you get to the library,Personal,uci,False,,5
Low balance alert: A/c XX4244 balance is Rs.342117 Maintain min balance to avoid charges,Bank,synthetic,False,Bank_10,1
"never share your otp, pin or cvv. icici bank never asks for these. stay safe.",Bank,synthetic,True,Hard_3,1
  Use code 7063 at checkout for 10% off at Flipkart!,Promo,synthetic,True,Hard_0,2
No no. I will check all rooms befor activities,Personal,uci,False,,5
YOUR ORDER OD9841367686 FROM FLIPKART IS ARRIVING TOMORROW. KEEP RS.889 READY FOR COD.,Delivery,synthetic,False,Delivery_3,3
Your A/c XX2244 is debited with Rs.50240 on 02-07-26. Info: UPI-Aishani. Bal: Rs.314527,Bank,synthetic,False,Bank_2,1
OTP for delivery of order OD2270402307 is 6674. Share only with the delivery agent. -Ekart,Delivery,synthetic,False,Delivery_9,3
Lol ok ill try to send. Be warned Sprint is dead slow. You'll prolly get it tomorrow,Personal,uci,False,,5
Oh k.k..where did you take test?,Personal,uci,False,,5
Yes. Rent is very expensive so its the way we save.,Personal,uci,False,,5
Call me when u finish then i come n pick u.,Personal,uci,False,,5
  Hungry? Get 30% off up to Rs.1586 on your next 3 orders. Code: EAT76. -Swiggy,Promo,synthetic,False,Promo_12,2
AUTO-PAY OF RS.32914 TO CHANCHAL IS SCHEDULED ON 27-04-26 FROM A/C XX6147. ENSURE SUFFICIENT BALANCE.,Bank,synthetic,False,Bank_13,1
Flight fares dropped! DEL-CCU from Rs.960 Book on ixigo before midnight,Promo,synthetic,False,Promo_16,2
Yes:)here tv is always available in work place..,Personal,uci,False,,5
"Goodmorning, today i am late for 1hr.",Personal,uci,False,,5
Hi kindly give us back our documents which we submitted for loan from STAPATI,Personal,uci,False,,5
Beware  of fraud calls asking for card details. Kotak officials never ask for PIN or CVV.,Bank,synthetic,False,Bank_15,1
Have your lunch and come quickly and open the door:),Personal,uci,False,,5
COUPON 3974 GIVES YOU FREE DELIVERY ON ORDERS ABOVE RS.1083. -MEESHO,Promo,synthetic,True,Hard_1,2
"Are you sure you don't mean ""get here, we made you hold all the weed""",Personal,uci,False,,5
Your  credit card XX6609 statement is ready. Total due: Rs.467. Min due: Rs.3185. -BOB,Bank,synthetic,False,Bank_5,1
Missed  our shows? Come back to Prime Video at 50% off for 3 months. Resubscribe: bit.ly/vxTPan,Promo,synthetic,False,Promo_19,2
Interest of Rs.24571 credited to your FD A/c XX4347. -HDFC Bank -TM,Bank,synthetic,False,Bank_9,1
your one time password is 965551 for phonepe. please do not share it.,OTP,synthetic,False,OTP_5,0
Work from home! Earn Rs.687275/month. Join: bit.ly/ylRVEt,Spam,synthetic,True,Hard_14,4
Your FD of Rs.38599 matures on 26-02-26. Renew or withdraw via netbanking. -PNB,Bank,synthetic,False,Bank_14,1
Great. Hope you are using your connections from mode men also cos you can never know why old friends can lead you to today,Personal,uci,False,,5
<#> 259865 is your Uber code Valid 5 min hA8sk2Lqp3,OTP,synthetic,False,OTP_13,0
Swiggy:  Your cart misses you! Complete purchase now & get 70% off. bit.ly/VGPYKK,Promo,synthetic,False,Promo_4,2
Coupon 1852 gives you free delivery on orders above Rs.407. -Amazon,Promo,synthetic,True,Hard_1,2
Ü say until like dat i dun buy ericsson oso cannot oredi lar...,Personal,uci,False,,5
He is a womdarfull actor,Personal,uci,False,,5
Use  823534 to complete your HDFC Bank registration. Valid till 2 mins.,OTP,synthetic,False,OTP_4,0
"Alright, I'll head out in a few minutes, text me where to meet you",Personal,uci,False,,5
Do you work all this week ?,Personal,uci,False,,5
"Bro send me Rs.4044 on gpay, will return by 04 Jul",Personal,synthetic,True,Hard_5,5
R u here yet? I'm wearing blue shirt n black pants.,Personal,uci,False,,5
ENTER 148152 TO VERIFY YOUR MOBILE NUMBER FOR BOB.,OTP,synthetic,False,OTP_10,0
Who's there say hi to our drugdealer,Personal,uci,False,,5
Chanakya from Ekart is arriving with your package. Contact: 08544617604 -TM,Delivery,synthetic,False,Delivery_6,3
Your SonyLIV plan renews on 06 Jul at Rs.935. Upgrade to 4K for Rs.262/month.,Promo,synthetic,False,Promo_18,2
You have 1932 reward points expiring on 02 Jul Redeem on Flipkart,Promo,synthetic,False,Promo_20,2
Does she usually take fifteen fucking minutes to respond to a yes or no question,Personal,uci,False,,5
Your A/c XX1930 is debited with INR 75662 on 17-06-26. Info: UPI-Aarav. Bal: INR 279224,Bank,synthetic,False,Bank_2,1
"Yetunde, i'm sorry but moji and i seem too busy to be able to go shopping. Can you just please find some other way to get what you wanted us to get. Please forgive me. You can reply free via yahoo messenger.",Personal,uci,False,,5
Your one time password is 441695 for Zomato Please do not share it,OTP,synthetic,False,OTP_5,0
Are you staying in town ?,Personal,uci,False,,5
Hi. I'm always online on yahoo and would like to chat with you someday,Personal,uci,False,,5
"Hi Atharv, unlock INR 556 off your first order at Meesho with code NEW95.",Promo,synthetic,False,Promo_7,2
Last day! Myntra clearance sale ends tonight. Up to 50% off sitewide.,Promo,synthetic,False,Promo_8,2
"K, fyi I'm back in my parents' place in south tampa so I might need to do the deal somewhere else",Personal,uci,False,,5
"Hey elaine, is today's meeting still on?",Personal,uci,False,,5
Hmm...my uncle just informed me that he's paying the school directly. So pls buy food.,Personal,uci,False,,5
"REMINDER FROM O2: To get 2.50 pounds free call credit and details of great offers pls reply 2 this text with your valid name, house no and postcode",Spam,uci,False,,4
Delivery attempt failed for order OD6455398374. We will retry tomorrow. -Ekart,Delivery,synthetic,False,Delivery_5,3
Every monday..nxt week vl be completing..,Personal,uci,False,,5
Use 186463 to complete your Hotstar registration Valid till 10 mins,OTP,synthetic,False,OTP_4,0
"Nt only for driving even for many reasons she is called BBD..thts it chikku, then hw abt dvg cold..heard tht vinobanagar violence hw is the condition..and hw ru ? Any problem?",Personal,uci,False,,5
I wish things were different. I wonder when i will be able to show you how much i value you. Pls continue the brisk walks no drugs without askin me please and find things to laugh about. I love you dearly.,Personal,uci,False,,5
"Ya, i'm referin to mei's ex wat... No ah, waitin 4 u to treat, somebody shld b rich liao...So gd, den u dun have to work frm tmr onwards...",Personal,uci,False,,5
I've told him that i've returned it. That should i re order it.,Personal,uci,False,,5
FLIGHT FARES DROPPED! BLR-MAA FROM RS.304. BOOK ON MAKEMYTRIP BEFORE MIDNIGHT.,Promo,synthetic,False,Promo_16,2
exclusive for you! buy 1 get 1 free at meesho. limited period offer. visit bit.ly/hwmpnl,Promo,synthetic,False,Promo_3,2
We're finally ready fyi,Personal,uci,False,,5
553393 is your verification code for Zomato Never share your OTP,OTP,synthetic,False,OTP_3,0
Hi di is yijue we're meeting at 7 pm at esaplanade tonight.,Personal,uci,False,,5
676951  - use this code to sign in to Flipkart. Never share it with anyone.,OTP,synthetic,False,OTP_7,0
Recharge with Rs.783 & get 60% extra talktime. Offer valid today only!,Promo,synthetic,False,Promo_5,2
auto-pay of rs.29647 to kavya is scheduled on 15-05-26 from a/c xx6182. ensure sufficient balance.,Bank,synthetic,False,Bank_13,1
loved your recent zomato order? reorder in 1 tap and get 30% off today.,Promo,synthetic,False,Promo_22,2
"Get 3 Lions England tone, reply lionm 4 mono or lionp 4 poly. 4 more go 2 www.ringtones.co.uk, the original n best. Tones 3GBP network operator rates apply.",Spam,uci,False,,4
Your order OD9109463806 from Swiggy is arriving tomorrow. Keep Rs.739 ready for COD.,Delivery,synthetic,False,Delivery_3,3
311924 - use this code to sign in to myntra. never share it with anyone.,OTP,synthetic,False,OTP_7,0
"Multiply the numbers independently and count decimal points then, for the division, push the decimal places like i showed you.",Personal,uci,False,,5
952605 is your OTP for Flipkart login. Valid for 5 minutes. Do not share with anyone.,OTP,synthetic,False,OTP_0,0
Flight fares dropped! BOM-LKO from Rs.1110. Book on Goibibo before midnight.,Promo,synthetic,False,Promo_16,2
OTP for delivery of order OD7544074130 is 3832. Share only with the delivery agent. -BlueDart,Delivery,synthetic,False,Delivery_9,3
Bbq this sat at mine from 6ish. Ur welcome 2 come,Personal,uci,False,,5
Really do hope the work doesnt get stressful. Have a gr8 day.,Personal,uci,False,,5
Yes just finished watching days of our lives. I love it.,Personal,uci,False,,5
INTEREST OF RS.58488 CREDITED TO YOUR FD A/C XX8696. -ICICI BANK,Bank,synthetic,False,Bank_9,1
"NEVER SHARE YOUR OTP, PIN OR CVV. AXIS BANK NEVER ASKS FOR THESE. STAY SAFE.",Bank,synthetic,True,Hard_3,1
Your Flipkart membership expires soon. Renew now & save 70%: bit.ly/UZjuUK,Promo,synthetic,False,Promo_9,2
Work  from home! Earn Rs.1836318/month. Join: bit.ly/vRnytt,Spam,synthetic,True,Hard_14,4
Zomato: Your cart misses you! Complete purchase now & get 20% off. bit.ly/ytCNeb,Promo,synthetic,False,Promo_4,2
Zomato: Free delivery all weekend! Order your favourites now,Promo,synthetic,False,Promo_13,2
EMI of Rs.7294 due on 02-07-26 for loan A/c XX4906. Pay now to avoid charges. -HDFC Bank,Bank,synthetic,False,Bank_4,1
527710 is your OTP for Paytm login. Valid for 5 minutes. Do not share with anyone.,OTP,synthetic,False,OTP_0,0
data exhausted? get 2gb extra with rs.980 booster pack. dial *121# or visit app.,Promo,synthetic,False,Promo_11,2
URGENT! We are trying to contact U. Todays draw shows that you have won a £800 prize GUARANTEED. Call 09050001808 from land line. Claim M95. Valid12hrs only,Spam,uci,False,,4
Rs.835 cashback credited to your PhonePe wallet. Use on your next order.,Promo,synthetic,False,Promo_21,2
Exclusive for you! Buy 1 Get 1 FREE at Amazon. Limited period offer. Visit bit.ly/VeQIBj -TM,Promo,synthetic,False,Promo_3,2
I take it the post has come then! You must have 1000s of texts now! Happy reading. My one from wiv hello caroline at the end is my favourite. Bless him,Personal,uci,False,,5
Cheque  no. 561924188948 for Rs.34084 has been cleared from A/c XX7229. -HDFC Bank,Bank,synthetic,False,Bank_8,1
"Nothing much, chillin at home. Any super bowl plan?",Personal,uci,False,,5
For fear of fainting with the of all that housework you just did? Quick have a cuppa,Personal,uci,False,,5
Items in your order history are back in stock at Amazon. Prices start Rs.950. STOP to opt out,Promo,synthetic,False,Promo_23,2
Congratulations! You won Rs.2393212 in lucky draw. Claim: bit.ly/RZPhlv,Spam,synthetic,True,Hard_12,4
Yes watching footie but worried we're going to blow it - Phil Neville?,Personal,uci,False,,5
low balance alert: a/c xx9040 balance is rs.172989. maintain min balance to avoid charges.,Bank,synthetic,False,Bank_10,1
Cheque no 924795813259 for Rs.3391 has been cleared from A/c XX6210 -HDFC Bank,Bank,synthetic,False,Bank_8,1
Cheque no. 775354719224 for Rs.95213 has been cleared from A/c XX9448. -SBI,Bank,synthetic,False,Bank_8,1
your order od7917534110 from flipkart is arriving tomorrow. keep rs.4627 ready for cod.,Delivery,synthetic,False,Delivery_3,3
Your  HDFC Bank code: 771621,OTP,synthetic,False,OTP_8,0
loved your recent bigbasket order? reorder in 1 tap and get 30% off today.,Promo,synthetic,False,Promo_22,2
Then why you came to hostel.,Personal,uci,False,,5
Great! So what attracts you to the brothas?,Personal,uci,False,,5
YOUR AIRTEL PACK EXPIRES TOMORROW. RECHARGE WITH RS.1919 FOR 2GB/DAY + UNLIMITED CALLS.,Promo,synthetic,False,Promo_10,2
"Bro  send me Rs.966 on gpay, will return by 03 Jul",Personal,synthetic,True,Hard_5,5
  UPI payment of Rs.34193 to Sathvik successful. UPI Ref: 325276835737. -HDFC Bank,Bank,synthetic,False,Bank_6,1
interest of rs.15573 credited to your fd a/c xx1691. -axis bank,Bank,synthetic,False,Bank_9,1
Netflix: 30707 is your login OTP. It expires in 5 minutes.,OTP,synthetic,False,OTP_6,0
You have 3658 reward points expiring on 03 Jul. Redeem on Swiggy.,Promo,synthetic,False,Promo_20,2
Booked ticket for pongal?,Personal,uci,False,,5
Rs.97921 credited to A/c XX3459 on 07-03-26. Avl Bal: Rs.422515. -ICICI Bank,Bank,synthetic,False,Bank_1,1
"A swt thought: ""Nver get tired of doing little things 4 lovable persons.."" Coz..somtimes those little things occupy d biggest part in their Hearts.. Gud ni8",Personal,uci,False,,5
UPI payment of Rs.24380 to Arunima successful. UPI Ref: 263749419099. -Axis Bank,Bank,synthetic,False,Bank_6,1
Auto-pay of Rs.50940 to Madhavi is scheduled on 06-06-26 from A/c XX8099 Ensure sufficient balance,Bank,synthetic,False,Bank_13,1
Delivered! Your Amazon order OD1794440227 was delivered on 01 Jul. Rate your experience: bit.ly/mBeRMy,Delivery,synthetic,False,Delivery_2,3
auto-pay of rs.55442 to charita is scheduled on 16-04-26 from a/c xx6134. ensure sufficient balance.,Bank,synthetic,False,Bank_13,1
Your one time password is 140090 for Flipkart. Please do not share it.,OTP,synthetic,False,OTP_5,0
  Work from home! Earn Rs.1596386/month. Join: bit.ly/dKpwWn,Spam,synthetic,True,Hard_14,4
Thanx...,Personal,uci,False,,5
Can you talk with me..,Personal,uci,False,,5
"Bro send me Rs.2551 on gpay, will return by 01 Jul",Personal,synthetic,True,Hard_5,5
Your  BOB debit card XX8871 has been blocked due to suspicious activity. Visit branch or call 1800-XXX to unblock.,Bank,synthetic,False,Bank_11,1
Recharge with INR 1172 & get 40% extra talktime. Offer valid today only!,Promo,synthetic,False,Promo_5,2
Order OD6670318625 packed and ready! Expected dispatch by 04 Jul. -Zomato,Delivery,synthetic,False,Delivery_8,3
Yeah that's the impression I got,Personal,uci,False,,5
You didn't have to tell me that...now i'm thinking. Plus he's going to stop all your runs,Personal,uci,False,,5
"Bro send me INR 865 on gpay, will return by 03 Jul",Personal,synthetic,True,Hard_5,5
Hey mr whats the name of that bill brison book the one about language and words ,Personal,uci,False,,5
Yar lor wait 4 my mum 2 finish sch then have lunch lor... I whole morning stay at home clean my room now my room quite clean... Hee...,Personal,uci,False,,5
Your FD of Rs.89557 matures on 29-06-26. Renew or withdraw via netbanking. -Axis Bank,Bank,synthetic,False,Bank_14,1
My friends use to call the same.,Personal,uci,False,,5
XCLUSIVE@CLUBSAISAI 2MOROW 28/5 SOIREE SPECIALE ZOUK WITH NICHOLS FROM PARIS.FREE ROSES 2 ALL LADIES !!! info: 07946746291/07880867867 ,Spam,uci,False,,4
"SMS. ac sun0819 posts HELLO:""You seem cool, wanted to say hi. HI!!!"" Stop? Send STOP to 62468",Spam,uci,False,,4
I was at bugis juz now wat... But now i'm walking home oredi... Ü so late then reply... I oso saw a top dat i like but din buy... Where r ü now? ,Personal,uci,False,,5
Recharge with Rs.884 & get 50% extra talktime. Offer valid today only! T&C apply,Promo,synthetic,False,Promo_5,2
Hungry? Get 20% off up to Rs.593 on your next 3 orders. Code: EAT43. -Zomato T&C apply,Promo,synthetic,False,Promo_12,2
"HI MATTHEW, UNLOCK RS.1119 OFF YOUR FIRST ORDER AT ZOMATO WITH CODE NEW93.",Promo,synthetic,False,Promo_7,2
S now only i took tablets . Reaction morning only.,Personal,uci,False,,5
She's good. How are you. Where r u working now,Personal,uci,False,,5
Rs.51982 credited to A/c XX6885 on 11-01-26. Avl Bal: Rs.127980. -SBI,Bank,synthetic,False,Bank_1,1
"Thank you, winner notified by sms. Good Luck! No future marketing reply STOP to 84122 customer services 08450542832",Spam,uci,False,,4
OTP for delivery of order OD3791998447 is 2982. Share only with the delivery agent. -Delhivery,Delivery,synthetic,False,Delivery_9,3
RS.56314 DEBITED FROM A/C XX3605 ON 18-04-26 TO NEHA. AVL BAL: RS.400557. -BOB,Bank,synthetic,False,Bank_0,1
"Nah I don't think he goes to usf, he lives around here though",Personal,uci,False,,5
470291 is your Kotak security code. Anyone asking for it is a scammer.,OTP,synthetic,False,OTP_9,0
auto-pay of rs.98131 to tara is scheduled on 01-07-26 from a/c xx6153. ensure sufficient balance.,Bank,synthetic,False,Bank_13,1
Thats cool. Where should i cum? On you or in you? :),Personal,uci,False,,5
Rs.1761 cashback credited to your Amazon Pay wallet. Use on your next order.,Promo,synthetic,False,Promo_21,2
708444 - USE THIS TO SIGN IN. NEVER SHARE THIS CODE WITH ANYONE.,OTP,synthetic,True,Hard_7,0
How are you holding up?,Personal,uci,False,,5
Rs.96664  credited to A/c XX6848 on 18-01-26. Avl Bal: Rs.326257. -SBI,Bank,synthetic,False,Bank_1,1
Free Msg: Ringtone!From: http://tms. widelive.com/index. wml?id=1b6a5ecef91ff9*37819&first=true18:0430-JUL-05,Spam,uci,False,,4
"Hi Ekaraj, unlock Rs.1866 off ur first order at Amazon with code NEW55.",Promo,synthetic,False,Promo_7,2
  Missed our shows? Come back to Prime Video at 50% off for 3 months. Resubscribe: bit.ly/Ewlvlh,Promo,synthetic,False,Promo_19,2
Loved your recent Myntra order? Reorder in 1 tap and get 60% off today.,Promo,synthetic,False,Promo_22,2
ree entry in 2 a weekly comp for a chance to win an ipod. Txt POD to 80182 to get entry (std txt rate) T&C's apply 08452810073 for details 18+,Spam,uci,False,,4
"K, can that happen tonight?",Personal,uci,False,,5
at bruce b downs &amp; fletcher now,Personal,uci,False,,5
204980 is your OTP for Paytm login. Valid for 10 minutes. Do not share with anyone.,OTP,synthetic,False,OTP_0,0
EMI OF RS.29242 DUE ON 17-05-26 FOR LOAN A/C XX5586. PAY NOW TO AVOID CHARGES. -KOTAK,Bank,synthetic,False,Bank_4,1
Dear customer ur SBI account will be blocked! Update KYC now: bit.ly/hUcEpf,Spam,synthetic,True,Hard_11,4
"Win the newest Harry Potter and the Order of the Phoenix (Book 5) reply HARRY, answer 5 questions - chance to be the first among readers!",Spam,uci,False,,4
"Hi  Vihaan, unlock Rs.947 off your first order at Flipkart with code NEW26.",Promo,synthetic,False,Promo_7,2
Your weekly Cool-Mob tones are ready to download !This weeks new Tones include: 1) Crazy Frog-AXEL F>>> 2) Akon-Lonely>>> 3) Black Eyed-Dont P >>>More info in n,Spam,uci,False,,4
"St andre, virgil's cream",Personal,uci,False,,5
Nobody names their penis a girls name this story doesn't add up at all,Personal,uci,False,,5
Rs.5953 debited from A/c XX9520 on 19-04-26 to Wakeeta. Avl Bal: Rs.455745. -Kotak,Bank,synthetic,False,Bank_0,1
Zomato: Free delivery all weekend! Order your favourites now. -TM,Promo,synthetic,False,Promo_13,2
"OH YEAH,AND HAV A GREAT TIME IN NEWQUAY-SEND ME A POSTCARD !1 LOOK AFTER ALL THE GIRLS WHILE IM GONE(U KNOW THE 1IM TALKIN BOUT!)xx",Personal,uci,False,,5
Tell where you reached,Personal,uci,False,,5
Here got ur favorite oyster... N got my favorite sashimi... Ok lar i dun say already... Wait ur stomach start rumbling...,Personal,uci,False,,5
"Good FRIENDS CaRE for each Other.. CLoSE Friends UNDERSTaND each Other... and TRUE Friends STaY forever beyond words, beyond time. Gud ni8",Personal,uci,False,,5
"Hey, a guy I know is breathing down my neck to get him some bud, anyway you'd be able to get a half track to usf tonight?",Personal,uci,False,,5
Please dont say like that. Hi hi hi,Personal,uci,False,,5
KYC UPDATE PENDING FOR A/C XX2837. PLEASE VISIT YOUR NEAREST PNB BRANCH BY 08-05-26 TO AVOID RESTRICTIONS.,Bank,synthetic,False,Bank_12,1
"Si.como no?!listened2the plaid album-quite gd&the new air1 which is hilarious-also boughtbraindancea comp.ofstuff on aphexs ;abel,u hav2hear it!c u sn xxxx",Personal,uci,False,,5
Recharge with INR 556 & get 40% extra talktime. Offer valid today only!,Promo,synthetic,False,Promo_5,2
"  Hey, my new number is +917922045402. Save it! Meet at noon?",Personal,synthetic,True,Hard_4,5
Is there any training tomorrow?,Personal,uci,False,,5
No. Yes please. Been swimming?,Personal,uci,False,,5
Guess which pub im in? Im as happy as a pig in clover or whatever the saying is! ,Personal,uci,False,,5
488732  is your GPay security code. Anyone asking for it is a scammer.,OTP,synthetic,False,OTP_9,0
Your  Uber code: 4584,OTP,synthetic,True,Hard_8,0
Want explicit SEX in 30 secs? Ring 02073162414 now! Costs 20p/min,Spam,uci,False,,4
112642 is your verification code for Hotstar. Never share your OTP.,OTP,synthetic,False,OTP_3,0
So i could kiss and feel you next to me...,Personal,uci,False,,5
807648 is your OTP for Amazon login. Valid for 5 minutes. Do not share with anyone. T&C apply,OTP,synthetic,False,OTP_0,0
There are many company. Tell me the language.,Personal,uci,False,,5
Items in your order history are back in stock at Amazon. Prices start Rs.1924.,Promo,synthetic,False,Promo_23,2
OTP for delivery of order OD1022517335 is 5339 Share only with the delivery agent -Ekart,Delivery,synthetic,False,Delivery_9,3
Delivery attempt failed for order OD2494585428. We will retry tomorrow. -BlueDart,Delivery,synthetic,False,Delivery_5,3
That seems unnecessarily hostile,Personal,uci,False,,5
No problem baby. Is this is a good time to talk? I called and left a message.,Personal,uci,False,,5
EMI OF RS.56413 DUE ON 03-01-26 FOR LOAN A/C XX9081. PAY NOW TO AVOID CHARGES. -ICICI BANK,Bank,synthetic,False,Bank_4,1
Hi I'm sue. I am 20 years old and work as a lapdancer. I love sex. Text me live - I'm i my bedroom now. text SUE to 89555. By TextOperator G2 1DA 150ppmsg 18+,Spam,uci,False,,4
Out for delivery: Ur Flipkart package OD1741027180 will arrive today by 6 PM. -Delhivery,Delivery,synthetic,False,Delivery_1,3
  Recharge with Rs.651 & get 80% extra talktime. Offer valid today only!,Promo,synthetic,False,Promo_5,2
Use  105627 to complete your Ola registration. Valid till 30 mins.,OTP,synthetic,False,OTP_4,0
DEAR CUSTOMER UR HDFC BANK ACCOUNT WILL BE BLOCKED! UPDATE KYC NOW: BIT.LY/ILFCBC,Spam,synthetic,True,Hard_11,4
"Hey... Thk we juz go accordin to wat we discussed yest lor, except no kb on sun... Cos there's nt much lesson to go if we attend kb on sat...",Personal,uci,False,,5
Theyre doing it to lots of places. Only hospitals and medical places are safe.,Personal,uci,False,,5
"Sir, i am waiting for your call.",Personal,uci,False,,5
Loved your recent BigBasket order? Reorder in 1 tap and get 30% off today.,Promo,synthetic,False,Promo_22,2
Sunshine Quiz Wkly Q! Win a top Sony DVD player if u know which country the Algarve is in? Txt ansr to 82277. £1.50 SP:Tyrone,Spam,uci,False,,4
U can call me now...,Personal,uci,False,,5
"Night has ended for another day, morning has come in a special way. May you smile like the sunny rays and leaves your worries at the blue blue bay.",Personal,uci,False,,5
Your one time password is 776921 for Amazon Please do not share it,OTP,synthetic,False,OTP_5,0
Total video converter free download type this in google search:),Personal,uci,False,,5
Enter 240799 to verify your mobile number for Zomato.,OTP,synthetic,False,OTP_10,0
Your credit card XX6259 statement is ready. Total due: Rs.22223. Min due: Rs.2082. -Kotak,Bank,synthetic,False,Bank_5,1
"Hiya , have u been paying money into my account? If so, thanks. Got a pleasant surprise when i checked my balance -u c, i don't get statements 4 that acc",Personal,uci,False,,5
Delivery  attempt failed for order OD3210410166. We will retry tomorrow. -Delhivery,Delivery,synthetic,False,Delivery_5,3
  <#> 43035 is your Amazon code. Valid 10 min. hA8sk2Lqp3,OTP,synthetic,False,OTP_13,0
Dear customer ur PNB account will be blocked! Update KYC now: bit.ly/QKTIWv,Spam,synthetic,True,Hard_11,4
MEGA SALE! Get 60% OFF on all products at Flipkart Shop now: bitly/HUVoOl T&C apply,Promo,synthetic,False,Promo_0,2
856608 is your Kotak security code. Anyone asking for it is a scammer.,OTP,synthetic,False,OTP_9,0
Rs.56524 credited to A/c XX5693 on 25-01-26. Avl Bal: Rs.431754. -HDFC Bank,Bank,synthetic,False,Bank_1,1
"alright, I'll make sure the car is back tonight",Personal,uci,False,,5
Get ready to put on your excellent sub face :),Personal,uci,False,,5
No drama Pls.i have had enough from you and family while i am struggling in the hot sun in a strange place.No reason why there should be an ego of not going 'IF NOT INVITED' when actually its necessity to go.wait for very serious reppurcussions.,Personal,uci,False,,5
  Your A/c XX3395 is debited with Rs.23125 on 16-04-26. Info: UPI-Girik. Bal: Rs.397398,Bank,synthetic,False,Bank_2,1
Your A/c XX8226 is debited with Rs.26498 on 03-05-26. Info: UPI-Chaitanya. Bal: Rs.35960,Bank,synthetic,False,Bank_2,1
OTP FOR DELIVERY OF ORDER OD6012348744 IS 6858. SHARE ONLY WITH THE DELIVERY AGENT. -XPRESSBEES,Delivery,synthetic,False,Delivery_9,3
Was actually sleeping and still might when u call back. So a text is gr8. You rock sis. Will send u a text wen i wake.,Personal,uci,False,,5
Wishing you a beautiful day. Each moment revealing even more things to keep you smiling. Do enjoy it.,Personal,uci,False,,5
BOO BABE! U ENJOYIN YOURJOB? U SEEMED 2 B GETTIN ON WELL HUNNY!HOPE URE OK?TAKE CARE & ILLSPEAK 2U SOONLOTS OF LOVEME XXXX.,Personal,uci,False,,5
Rofl. Its true to its name,Personal,uci,False,,5
Cheque no. 753754629891 for INR 7625 has been cleared from A/c XX5767. -Axis Bank,Bank,synthetic,False,Bank_8,1
Nvm it's ok...,Personal,uci,False,,5
659190 IS YOUR VERIFICATION CODE FOR FLIPKART. NEVER SHARE YOUR OTP.,OTP,synthetic,False,OTP_3,0
Your Airtel pack expires tomorrow. Recharge with Rs.922 for 2GB/day + unlimited calls.,Promo,synthetic,False,Promo_10,2
Pls pls find out from aunt nike.,Personal,uci,False,,5
Aah! A cuddle would be lush! I'd need lots of tea and soup before any kind of fumbling!,Personal,uci,False,,5
IRCTC: Special trains added for festive season. Book early & save up to 80%. T&C apply,Promo,synthetic,False,Promo_17,2
Amazon  Big Billion Days! Up to 50% off + extra 10% with Axis Bank cards. Hurry!,Promo,synthetic,False,Promo_1,2
No 1 POLYPHONIC tone 4 ur mob every week! Just txt PT2 to 87575. 1st Tone FREE ! so get txtin now and tell ur friends. 150p/tone. 16 reply HL 4info,Spam,uci,False,,4
Congratulations! You won Rs.792520 in lucky draw. Claim: bit.ly/xAfFMA,Spam,synthetic,True,Hard_12,4
"Den only weekdays got special price... Haiz... Cant eat liao... Cut nails oso muz wait until i finish drivin wat, lunch still muz eat wat... ",Personal,uci,False,,5
RS.40142 DEBITED FROM A/C XX9402 ON 21-05-26 TO UPASNA. AVL BAL: RS.349579. -KOTAK,Bank,synthetic,False,Bank_0,1
KYC update pending for A/c XX1168. Please visit your nearest PNB branch by 17-04-26 to avoid restrictions.,Bank,synthetic,False,Bank_12,1
Salary of Rs.72714 credited to A/c XX3688. Avl Bal: Rs.94922. -Axis Bank,Bank,synthetic,False,Bank_7,1
  Hungry? Get 80% off up to Rs.1690 on your next 3 orders. Code: EAT60. -Swiggy,Promo,synthetic,False,Promo_12,2
Ok that's great thanx a lot.,Personal,uci,False,,5
YOUR AMAZON MEMBERSHIP EXPIRES SOON. RENEW NOW & SAVE 10%: BIT.LY/USNYUI,Promo,synthetic,False,Promo_9,2
Hi there. We have now moved in2 our pub . Would be great 2 c u if u cud come up.,Personal,uci,False,,5
Hey! do u fancy meetin me at 4 at cha  hav a lil beverage on me. if not txt or ring me and we can meet up l8r. quite tired got in at 3 v.pist ;) love Pete x x x,Personal,uci,False,,5
Beautiful truth : Expression of the face could Be seen by everyone... But the depression of heart Could be understood only By the Loved ones.. Gud Ni8;-),Personal,uci,False,,5
Out for delivery: Your BigBasket package OD8403823150 will arrive today by 12 PM. -XpressBees,Delivery,synthetic,False,Delivery_1,3
Enter 109246 to verify your mobile number for PhonePe.,OTP,synthetic,False,OTP_10,0
Hi baby ive just got back from work and i was wanting to see u allday! I hope i didnt piss u off on the phone today. If u are up give me a call xxx,Personal,uci,False,,5
Aiyo a bit pai seh ü noe... Scared he dun rem who i am then die... Hee... But he become better lookin oredi leh...,Personal,uci,False,,5
Oops. 4 got that bit.,Personal,uci,False,,5
Delivered! Your Swiggy order OD4353348182 was delivered on 06 Jul Rate your experience: bitly/MudbNN,Delivery,synthetic,False,Delivery_2,3
Use code 9837 at checkout for 50% off at Flipkart!,Promo,synthetic,True,Hard_0,2
57634  - use this code to sign in to Amazon. Never share it with anyone.,OTP,synthetic,False,OTP_7,0
Enter 50186 to verify your mobile number for PNB. -TM,OTP,synthetic,False,OTP_10,0
"This is the 2nd attempt to contract U, you have won this weeks top prize of either £1000 cash or £200 prize. Just call 09066361921",Spam,uci,False,,4
alright tyler's got a minor crisis and has to be home sooner than he thought so be here asap,Personal,uci,False,,5
Kent vale lor... Ü wait 4 me there ar?,Personal,uci,False,,5
Just nw i came to hme da..,Personal,uci,False,,5
You have WON a guaranteed £1000 cash or a £2000 prize.To claim yr prize call our customer service representative on,Spam,uci,False,,4
Rs.67981  debited from A/c XX5730 on 01-02-26 to Pushti. Avl Bal: Rs.95482. -PNB,Bank,synthetic,False,Bank_0,1
Missed our shows? Come back to Hotstar at 50% off for 3 months. Resubscribe: bit.ly/nUHNVX,Promo,synthetic,False,Promo_19,2
659248 is your verification code for HDFC Bank. Never share your OTP.,OTP,synthetic,False,OTP_3,0
"Hi  Nicholas, unlock Rs.668 off your first order at Amazon with code NEW77.",Promo,synthetic,False,Promo_7,2
Meesho  Big Billion Days! Up to 30% off + extra 10% with PNB cards. Hurry!,Promo,synthetic,False,Promo_1,2
Convert  your BOB card purchase of Rs.1447 into easy EMIs at 0% interest. Reply YES.,Promo,synthetic,False,Promo_15,2
Its good to hear from you,Personal,uci,False,,5
Rs.51731 credited to A/c XX9121 on 03-05-26. Avl Bal: Rs.65996. -BOB,Bank,synthetic,False,Bank_1,1
K...k...when will you give treat?,Personal,uci,False,,5
EMI  of Rs.25380 due on 21-02-26 for loan A/c XX2233. Pay now to avoid charges. -ICICI Bank,Bank,synthetic,False,Bank_4,1
Oh baby of the house. How come you dont have any new pictures on facebook,Personal,uci,False,,5
out for delivery: your zomato package od7417247290 will arrive today by 9 pm. -ekart,Delivery,synthetic,False,Delivery_1,3
What class of  &lt;#&gt;  reunion?,Personal,uci,False,,5
Here is your discount code RP176781. To stop further messages reply stop. www.regalportfolio.co.uk. Customer Services 08717205546,Spam,uci,False,,4
Are you angry with me. What happen dear,Personal,uci,False,,5
Items in your order history are back in stock at Flipkart Prices start Rs.1128,Promo,synthetic,False,Promo_23,2
No my mum went 2 dentist.,Personal,uci,False,,5
"She is our sister.. She belongs 2 our family.. She is d hope of tomorrow.. Pray 4 her,who was fated 4 d Shoranur train incident. Lets hold our hands together &amp; fuelled by love &amp; concern prior 2 her grief &amp; pain. Pls join in dis chain &amp; pass it. STOP VIOLENCE AGAINST WOMEN.",Personal,uci,False,,5
Pls confirm the time to collect the cheque.,Personal,uci,False,,5
"Sorry I flaked last night, shit's seriously goin down with my roommate, what you up to tonight?",Personal,uci,False,,5
"Update_Now - Xmas Offer! Latest Motorola, SonyEricsson & Nokia & FREE Bluetooth! Double Mins & 1000 Txt on Orange. Call MobileUpd8 on 08000839402 or call2optout/F4Q=",Spam,uci,False,,4
Delivery attempt failed for order OD5219041758. We will retry tomorrow. -DTDC,Delivery,synthetic,False,Delivery_5,3
Missed our shows? Come back to SonyLIV at 50% off for 3 months. Resubscribe: bit.ly/KNilTP,Promo,synthetic,False,Promo_19,2
Then ur sis how?,Personal,uci,False,,5
  UPI payment of Rs.63846 to Ethan successful. UPI Ref: 436553626038. -BOB,Bank,synthetic,False,Bank_6,1
Gokila is talking with you aha:),Personal,uci,False,,5
Well good morning mr . Hows london treatin' ya treacle?,Personal,uci,False,,5
KYC update pending for A/c XX6007 Please visit your nearest PNB branch by 26-03-26 to avoid restrictions,Bank,synthetic,False,Bank_12,1
Meeting u is my work. . . Tel me when shall i do my work tomorrow,Personal,uci,False,,5
Work from home! Earn Rs.1359593/month. Join: bit.ly/oBnnzm,Spam,synthetic,True,Hard_14,4
Order OD1482754655 packed and ready! Expected dispatch by 03 Jul. -Myntra,Delivery,synthetic,False,Delivery_8,3
Hotstar: 749997 is your login OTP. It expires in 2 minutes.,OTP,synthetic,False,OTP_6,0
Your  Myntra code: 380648,OTP,synthetic,False,OTP_8,0
Flight fares dropped! HYD-MAA from Rs.1791. Book on MakeMyTrip before midnight.,Promo,synthetic,False,Promo_16,2
Dear Voucher Holder 2 claim your 1st class airport lounge passes when using Your holiday voucher call 08704439680. When booking quote 1st class x 2,Spam,uci,False,,4
K..k..i'm also fine:)when will you complete the course?,Personal,uci,False,,5
  Missed our shows? Come back to SonyLIV at 50% off for 3 months. Resubscribe: bit.ly/RnLjXv,Promo,synthetic,False,Promo_19,2
Use code 7987 at checkout for 25% off at BigBasket!,Promo,synthetic,True,Hard_0,2
Happy birthday... May all ur dreams come true...,Personal,uci,False,,5
Your A/c XX4236 is debited with Rs.68777 on 21-04-26 Info: UPI-Yahvi Bal: Rs.147213,Bank,synthetic,False,Bank_2,1
G-572967 is your Google verification code.,OTP,synthetic,False,OTP_12,0
  Cheque no. 656476824399 for Rs.52887 has been cleared from A/c XX7746. -Kotak,Bank,synthetic,False,Bank_8,1
OTP for delivery of order OD7099780757 is 2015. Share only with the delivery agent. -XpressBees,Delivery,synthetic,False,Delivery_9,3
Use 167365 to complete your IRCTC registration. Valid till 2 mins.,OTP,synthetic,False,OTP_4,0
Yup song bro. No creative. Neva test quality. He said check review online.,Personal,uci,False,,5
Which channel:-):-):):-).,Personal,uci,False,,5
S.i'm watching it in live..,Personal,uci,False,,5
"Do you realize that in about 40 years, we'll have thousands of old ladies running around with tattoos?",Spam,uci,False,,4
418819 - use this code to sign in to IRCTC. Never share it with anyone.,OTP,synthetic,False,OTP_7,0
EMI  of Rs.73999 due on 22-01-26 for loan A/c XX8587. Pay now to avoid charges. -HDFC Bank,Bank,synthetic,False,Bank_4,1
SORRY IM STIL FUCKED AFTER LAST NITE WENT TOBED AT 430 GOT UP 4 WORK AT 630,Personal,uci,False,,5
"K I'm leaving soon, be there a little after 9",Personal,uci,False,,5
"I haven't forgotten you, i might have a couple bucks to send you tomorrow, k? I love ya too",Personal,uci,False,,5
"Hey ! I want you ! I crave you ! I miss you ! I need you ! I love you, Ahmad Saeed al Hallaq ...",Personal,uci,False,,5
<#> 884209 is your Netflix code. Valid 15 min. hA8sk2Lqp3,OTP,synthetic,False,OTP_13,0
delivery attempt failed for order od3360343578. we will retry tomorrow. -bluedart,Delivery,synthetic,False,Delivery_5,3
If you ask her or she say any please message.,Personal,uci,False,,5
"that would be good … I'll phone you tomo lunchtime, shall I, to organise something?",Personal,uci,False,,5
Dear customer ur ICICI Bank account will be blocked! Update KYC now: bit.ly/mTVrXJ -TM,Spam,synthetic,True,Hard_11,4
We still on for tonight?,Personal,uci,False,,5
Dunno lei... I thk mum lazy to go out... I neva ask her yet...,Personal,uci,False,,5
Nothing will ever be easy. But don't be looking for a reason not to take a risk on life and love,Personal,uci,False,,5
  Delivery attempt failed for order OD7699117806. We will retry tomorrow. -BlueDart,Delivery,synthetic,False,Delivery_5,3
Out for delivery: Your Myntra package OD3430101496 will arrive today by 9 PM. -XpressBees,Delivery,synthetic,False,Delivery_1,3
Dear Subscriber ur draw 4 £100 gift voucher will b entered on receipt of a correct ans. When was Elvis Presleys Birthday? TXT answer to 80062,Spam,uci,False,,4
G-72808 is your Google verification code.,OTP,synthetic,False,OTP_12,0
Use code 7051 at checkout for 25% off at Meesho!,Promo,synthetic,True,Hard_0,2
irctc: special trains added for festive season. book early & save up to 60%.,Promo,synthetic,False,Promo_17,2
"Sorry, I'll call later ok bye",Personal,uci,False,,5
  Work from home! Earn Rs.975346/month. Join: bit.ly/ycIORC,Spam,synthetic,True,Hard_14,4
Thats cool! I am a gentleman and will treat you with dignity and respect.,Personal,uci,False,,5
Hey you gave them your photo when you registered for driving ah? Tmr wanna meet at yck? ,Personal,uci,False,,5
I REALLY NEED 2 KISS U I MISS U MY BABY FROM UR BABY 4EVA,Personal,uci,False,,5
262055 is your OTP for Netflix login Valid for 2 minutes Do not share with anyone,OTP,synthetic,False,OTP_0,0
I dunno they close oredi not... Ü v ma fan...,Personal,uci,False,,5
Rs.83153 credited to A/c XX4672 on 12-05-26. Avl Bal: Rs.98705. -PNB,Bank,synthetic,False,Bank_1,1
Ur Myntra order OD6422134351 has been shipped via XpressBees. Track: bit.ly/esrtFe,Delivery,synthetic,False,Delivery_0,3
Ugh my leg hurts. Musta overdid it on mon.,Personal,uci,False,,5
Send me your resume:-),Personal,uci,False,,5
Its a big difference.  &lt;#&gt;  versus  &lt;#&gt;  every  &lt;#&gt; hrs,Personal,uci,False,,5
interest of rs.44880 credited to your fd a/c xx4979. -hdfc bank,Bank,synthetic,False,Bank_9,1
648255 is your OTP for Kotak login. Valid for 15 minutes. Do not share with anyone.,OTP,synthetic,False,OTP_0,0
Hey loverboy! I love you !! I had to tell ... I look at your picture and ache to feel you between my legs ... Fuck I want you ... I need you ... I crave you .,Personal,uci,False,,5
"Oh ! A half hour is much longer in Syria than Canada, eh ? Wow you must get SO much more work done in a day than us with all that extra time ! *grins*",Personal,uci,False,,5
"U need my presnts always bcz U cant mis love. ""jeevithathile irulinae neekunna prakasamanu sneham"" prakasam ennal prabha 'That mns prabha is'LOVE' Got it. Dont mis me....",Personal,uci,False,,5
Salary of Rs.63061 credited to A/c XX1611. Avl Bal: Rs.291026. -SBI,Bank,synthetic,False,Bank_7,1
"I am late,so call you tomorrow morning.take care sweet dreams....u and me...ummifying...bye.",Personal,uci,False,,5
219437 - use this code to sign in to Axis Bank Never share it with anyone,OTP,synthetic,False,OTP_7,0
OTP for delivery of order OD4372789466 is 4002. Share only with the delivery agent. -DTDC,Delivery,synthetic,False,Delivery_9,3
Use 689243 to complete ur Zomato registration. Valid till 2 mins.,OTP,synthetic,False,OTP_4,0
I'm sick !! I'm needy !! I want you !! *pouts* *stomps feet* Where are you ?! *pouts* *stomps feet* I want my slave !! I want him now !!,Personal,uci,False,,5
your fd of rs.46496 matures on 07-04-26. renew or withdraw via netbanking. -axis bank,Bank,synthetic,False,Bank_14,1
  513860 - use this code to sign in to ICICI Bank. Never share it with anyone.,OTP,synthetic,False,OTP_7,0
your uber code: 3344,OTP,synthetic,True,Hard_8,0
Your SonyLIV plan renews on 05 Jul at Rs.623. Upgrade to 4K for Rs.774/month. -TM,Promo,synthetic,False,Promo_18,2
There bold 2  &lt;#&gt; . Is that yours,Personal,uci,False,,5
Delivered! Your BigBasket order OD1977724831 was delivered on 04 Jul. Rate your experience: bit.ly/gXGQoU,Delivery,synthetic,False,Delivery_2,3
Your Hotstar plan renews on 06 Jul at Rs.700. Upgrade to 4K for Rs.408/month.,Promo,synthetic,False,Promo_18,2
Then cant get da laptop? My matric card wif ü lei... ,Personal,uci,False,,5
Olol i printed out a forum post by a guy with the exact same  prob which was fixed with a gpu replacement. Hopefully they dont ignore that.,Personal,uci,False,,5
What pa tell me.. I went to bath:-),Personal,uci,False,,5
Low  balance alert: A/c XX2777 balance is Rs.287374. Maintain min balance to avoid charges.,Bank,synthetic,False,Bank_10,1
  545410 is your Paytm security code. Anyone asking for it is a scammer.,OTP,synthetic,False,OTP_9,0
Delivery attempt failed for order OD8316542728. We will retry tomorrow. -XpressBees,Delivery,synthetic,False,Delivery_5,3
"Free msg. Sorry, a service you ordered from 81303 could not be delivered as you do not have sufficient credit. Please top up to receive the service.",Spam,uci,False,,4
Ok i shall talk to him,Personal,uci,False,,5
  137325 - use this code to sign in to PNB. Never share it with anyone.,OTP,synthetic,False,OTP_7,0
Dear customer ur SBI account will be blocked! Update KYC now: bit.ly/UhoRgZ,Spam,synthetic,True,Hard_11,4
Your order OD3554662287 from BigBasket is arriving tomorrow Keep Rs.2527 ready for COD,Delivery,synthetic,False,Delivery_3,3
Hungry?  Get 10% off up to Rs.369 on your next 3 orders. Code: EAT30. -Zomato,Promo,synthetic,False,Promo_12,2
UBER: 497369 IS YOUR LOGIN OTP. IT EXPIRES IN 5 MINUTES.,OTP,synthetic,False,OTP_6,0
Like a personal sized or what,Personal,uci,False,,5
Interest of Rs.75416 credited to your FD A/c XX3982. -ICICI Bank -TM,Bank,synthetic,False,Bank_9,1
991884 is your OTP for ICICI Bank login. Valid for 30 minutes. Do not share with anyone.,OTP,synthetic,False,OTP_0,0
Use 162953 to complete your Amazon registration. Valid till 30 mins.,OTP,synthetic,False,OTP_4,0
  Auto-pay of Rs.90991 to Eiravati is scheduled on 09-02-26 from A/c XX7992. Ensure sufficient balance.,Bank,synthetic,False,Bank_13,1
Lol ok your forgiven :),Personal,uci,False,,5
Do you know when dad will be back?,Personal,uci,False,,5
Ur order OD3812387882 from BigBasket is arriving tomorrow. Keep Rs.571 ready for COD.,Delivery,synthetic,False,Delivery_3,3
Your SonyLIV plan renews on 04 Jul at Rs.1773. Upgrade to 4K for Rs.304/month.,Promo,synthetic,False,Promo_18,2
Just do what ever is easier for you,Personal,uci,False,,5
money!!! you r a lucky winner ! 2 claim your prize text money 2 88600 over £1million to give away ! ppt150x3+normal text rate box403 w1t1jy,Spam,uci,False,,4
Use 557379 to complete your Hotstar registration Valid till 15 mins,OTP,synthetic,False,OTP_4,0
Your  Airtel pack expires tomorrow. Recharge with Rs.1281 for 2GB/day + unlimited calls.,Promo,synthetic,False,Promo_10,2
Your credit card XX4949 statement is ready Total due: Rs.61382 Min due: Rs.3657 -PNB,Bank,synthetic,False,Bank_5,1
Interest of Rs.69951 credited to your FD A/c XX9763 -BOB,Bank,synthetic,False,Bank_9,1
Jus finished avatar nigro,Personal,uci,False,,5
Cheque  no. 489653431508 for Rs.95018 has been cleared from A/c XX4402. -Axis Bank,Bank,synthetic,False,Bank_8,1
Salary of Rs.19600 credited to A/c XX1057 Avl Bal: Rs.326050 -BOB,Bank,synthetic,False,Bank_7,1
Work from home! Earn Rs.2364074/month. Join: bit.ly/dNXWbJ,Spam,synthetic,True,Hard_14,4
Your Flipkart membership expires soon. Renew now & save 70%: bit.ly/YodxfZ,Promo,synthetic,False,Promo_9,2
870118 is your OTP for HDFC Bank login. Valid for 5 minutes. Do not share with anyone.,OTP,synthetic,False,OTP_0,0
Ugh its been a long day. I'm exhausted. Just want to cuddle up and take a nap,Personal,uci,False,,5
ICICI BANK: 784385 IS YOUR LOGIN OTP. IT EXPIRES IN 15 MINUTES.,OTP,synthetic,False,OTP_6,0
Recharge with Rs.189 & get 60% extra talktime Offer valid today only!,Promo,synthetic,False,Promo_5,2
Enter 628605 to verify ur mobile number for Hotstar.,OTP,synthetic,False,OTP_10,0
953112 is ur OTP for HDFC Bank login. Valid for 30 minutes. Do not share with anyone.,OTP,synthetic,False,OTP_0,0
USE CODE 8867 AT CHECKOUT FOR 25% OFF AT ZOMATO!,Promo,synthetic,True,Hard_0,2
210325 is your OTP for Zomato login. Valid for 10 minutes. Do not share with anyone.,OTP,synthetic,False,OTP_0,0
OTP for delivery of order OD7745737978 is 1188. Share only with the delivery agent. -Ekart,Delivery,synthetic,False,Delivery_9,3
K do I need a login or anything,Personal,uci,False,,5
Last  day! BigBasket clearance sale ends tonight. Up to 20% off sitewide.,Promo,synthetic,False,Promo_8,2
174639 is your Swiggy security code Anyone asking for it is a scammer,OTP,synthetic,False,OTP_9,0
Ok then u tell me wat time u coming later lor.,Personal,uci,False,,5
Laksh from BlueDart is arriving with your package. Contact: +911196703526,Delivery,synthetic,False,Delivery_6,3
Use 586502 to complete your Uber registration. Valid till 2 mins.,OTP,synthetic,False,OTP_4,0
"Fair enough, anything going on?",Personal,uci,False,,5
"Bro send me Rs.1411 on gpay, will return by 03 Jul",Personal,synthetic,True,Hard_5,5
Interest of Rs.61091 credited to your FD A/c XX5887. -HDFC Bank,Bank,synthetic,False,Bank_9,1
Your credit card XX9413 statement is ready. Total due: Rs.42889. Min due: Rs.4453. -PNB,Bank,synthetic,False,Bank_5,1
"BRO SEND ME RS.4525 ON GPAY, WILL RETURN BY 02 JUL",Personal,synthetic,True,Hard_5,5
Missed our shows? Come back to Hotstar at 50% off for 3 months. Resubscribe: bit.ly/YtyqVF,Promo,synthetic,False,Promo_19,2
So can collect ur laptop?,Personal,uci,False,,5
Your one time password is 570923 for Axis Bank. Please do not share it.,OTP,synthetic,False,OTP_5,0
What you did in  leave.,Personal,uci,False,,5
i felt so...not any conveying reason.. Ese he... What about me?,Personal,uci,False,,5
DEAR CUSTOMER UR ICICI BANK ACCOUNT WILL BE BLOCKED! UPDATE KYC NOW: BIT.LY/UNKQRX,Spam,synthetic,True,Hard_11,4
"Hi Gautam, unlock Rs.321 off ur first order at BigBasket with code NEW83.",Promo,synthetic,False,Promo_7,2
MEGA SALE! Get 10% OFF on all products at BigBasket. Shop now: bit.ly/DcRGou T&C apply.,Promo,synthetic,False,Promo_0,2
Are you coming to day for class.,Personal,uci,False,,5
Hey i've booked the 2 lessons on sun liao...,Personal,uci,False,,5
192279 is your verification code for GPay. Never share your OTP.,OTP,synthetic,False,OTP_3,0
I've sent ü my part..,Personal,uci,False,,5
I have a rather prominent bite mark on my right cheek,Personal,uci,False,,5
"Good afternoon, my love! How goes that day ? I hope maybe you got some leads on a job. I think of you, boytoy and send you a passionate kiss from across the sea",Personal,uci,False,,5
OTP for delivery of order OD1142666640 is 3038. Share only with the delivery agent. -Delhivery,Delivery,synthetic,False,Delivery_9,3
Marvel Mobile Play the official Ultimate Spider-man game (£4.50) on ur mobile right now. Text SPIDER to 83338 for the game & we ll send u a FREE 8Ball wallpaper,Spam,uci,False,,4
Ok i'm coming home now.,Personal,uci,False,,5
Data exhausted? Get 1GB extra with Rs.1932 booster pack. Dial *121# or visit app.,Promo,synthetic,False,Promo_11,2
Missed our shows? Come back to Netflix at 50% off for 3 months. Resubscribe: bit.ly/sAihSU,Promo,synthetic,False,Promo_19,2
"never share your otp, pin or cvv. bob never asks for these. stay safe.",Bank,synthetic,True,Hard_3,1
Lol I have to take it. member how I said my aunt flow didn't visit for 6 months? It's cause I developed ovarian cysts. Bc is the only way to shrink them.,Personal,uci,False,,5
Your Uber code: 6438,OTP,synthetic,True,Hard_8,0
UPI payment of Rs.50721 to Ishanvi successful UPI Ref: 866096549001 -Axis Bank,Bank,synthetic,False,Bank_6,1
Dude how do you like the buff wind.,Personal,uci,False,,5
  OTP for delivery of order OD6225145513 is 7108. Share only with the delivery agent. -BlueDart,Delivery,synthetic,False,Delivery_9,3
Interest of Rs.75688 credited to your FD A/c XX9945. -Axis Bank,Bank,synthetic,False,Bank_9,1
Data exhausted? Get 2GB extra with Rs.583 booster pack. Dial *121# or visit app.,Promo,synthetic,False,Promo_11,2
MEGA SALE! Get 10% OFF on all products at Zomato. Shop now: bit.ly/nwxKik T&C apply.,Promo,synthetic,False,Promo_0,2
order od4184987230 packed and ready! expected dispatch by 06 jul. -zomato,Delivery,synthetic,False,Delivery_8,3
"No we put party 7 days a week and study lightly, I think we need to draw in some custom checkboxes so they know we're hardcore",Personal,uci,False,,5
Ok... The theory test? when are ü going to book? I think it's on 21 may. Coz thought wanna go out with jiayin. But she isnt free,Personal,uci,False,,5
Ur Jio pack expires tomorrow. Recharge with Rs.937 for 1GB/day + unlimited calls.,Promo,synthetic,False,Promo_10,2
Then just eat a shit and wait for ur monkey face bitch.......... U asshole..................,Personal,uci,False,,5
Sad story of a Man - Last week was my b'day. My Wife did'nt wish me. My Parents forgot n so did my Kids . I went to work. Even my Colleagues did not wish.,Personal,uci,False,,5
"Fuuuuck I need to stop sleepin, sup",Personal,uci,False,,5
Yup but not studying surfing lor. I'm in e lazy mode today.,Personal,uci,False,,5
Your Jio pack expires tomorrow. Recharge with Rs.481 for 1.5GB/day + unlimited calls.,Promo,synthetic,False,Promo_10,2
Rs.493  cashback credited to your Amazon Pay wallet. Use on your next order.,Promo,synthetic,False,Promo_21,2
Hey we can go jazz power yoga hip hop kb and yogasana ,Personal,uci,False,,5
OTP for delivery of order OD6535355532 is 9267. Share only with the delivery agent. -BlueDart,Delivery,synthetic,False,Delivery_9,3
"Not really dude, have no friends i'm afraid :(",Personal,uci,False,,5
Your BigBasket code: 156445 STOP to opt out,OTP,synthetic,False,OTP_8,0
YOUR A/C XX1068 IS DEBITED WITH RS.40180 ON 09-04-26. INFO: UPI-ETA. BAL: RS.460290,Bank,synthetic,False,Bank_2,1
  Hungry? Get 50% off up to Rs.1465 on your next 3 orders. Code: EAT93. -Zomato,Promo,synthetic,False,Promo_12,2
K.:)do it at evening da:)urgent:),Personal,uci,False,,5
Dear customer ur BOB account will be blocked! Update KYC now: bit.ly/KZbUAx,Spam,synthetic,True,Hard_11,4
LOVED YOUR RECENT BIGBASKET ORDER? REORDER IN 1 TAP AND GET 80% OFF TODAY.,Promo,synthetic,False,Promo_22,2
"Ok thats cool. Its , just off either raglan rd or edward rd. Behind the cricket ground. Gimme ring when ur closeby see you tuesday.",Personal,uci,False,,5
"Double Mins & 1000 txts on Orange tariffs. Latest Motorola, SonyEricsson & Nokia with Bluetooth FREE! Call MobileUpd8 on 08000839402 or call2optout/HF8",Spam,uci,False,,4
INR 31137 credited to A/c XX1032 on 15-02-26. Avl Bal: INR 227740. -SBI,Bank,synthetic,False,Bank_1,1
"Frnd s not juz a word.....not merely a relationship.....its a silent promise which says ... "" I will be with YOU "" Wherevr.. Whenevr.. Forevr... Gudnyt dear..",Personal,uci,False,,5
Do u noe how 2 send files between 2 computers?,Personal,uci,False,,5
If anyone calls for a treadmill say you'll buy it. Make sure its working. I found an ad on Craigslist selling for $ &lt;#&gt; .,Personal,uci,False,,5
<#> 221461 is your Myntra code. Valid 30 min. hA8sk2Lqp3,OTP,synthetic,False,OTP_13,0
Is that on the telly? No its Brdget Jones!,Personal,uci,False,,5
Back 2 work 2morro half term over! Can U C me 2nite 4 some sexy passion B4 I have 2 go back? Chat NOW 09099726481 Luv DENA Calls £1/minMobsmoreLKPOBOX177HP51FL,Spam,uci,False,,4
Your A/c XX8120 is debited with Rs.58850 on 17-02-26. Info: UPI-Eesha. Bal: Rs.273492,Bank,synthetic,False,Bank_2,1
Low balance alert: A/c XX3677 balance is Rs.347225. Maintain min balance to avoid charges.,Bank,synthetic,False,Bank_10,1
Items in your order history are back in stock at Swiggy. Prices start INR 1191.,Promo,synthetic,False,Promo_23,2
Myntra: 649037 is your login OTP. It expires in 10 minutes.,OTP,synthetic,False,OTP_6,0
your credit card xx3453 statement is ready. total due: rs.71990. min due: rs.4855. -pnb,Bank,synthetic,False,Bank_5,1
Use 662731 to complete your ICICI Bank registration. Valid till 15 mins.,OTP,synthetic,False,OTP_4,0
Delivered! Ur Flipkart order OD7268533762 was delivered on 01 Jul. Rate ur experience: bit.ly/Wplbna,Delivery,synthetic,False,Delivery_2,3
Fiyaz  from Ekart is arriving with your package. Contact: 5876551102,Delivery,synthetic,False,Delivery_6,3
Well welp is sort of a semiobscure internet thing,Personal,uci,False,,5
<#> 688388 is ur SBI code. Valid 5 min. hA8sk2Lqp3,OTP,synthetic,False,OTP_13,0
Delivered! Ur Amazon order OD4094714244 was delivered on 02 Jul. Rate ur experience: bit.ly/OQASVS,Delivery,synthetic,False,Delivery_2,3
She.s good. She was wondering if you wont say hi but she.s smiling now. So how are you coping with the long distance,Personal,uci,False,,5
"By march ending, i should be ready. But will call you for sure. The problem is that my capital never complete. How far with you. How's work and the ladies",Personal,uci,False,,5
Congratulations! U won Rs.2278761 in lucky draw. Claim: bit.ly/JXOrEx,Spam,synthetic,True,Hard_12,4
  Salary of Rs.37511 credited to A/c XX1775. Avl Bal: Rs.449417. -BOB,Bank,synthetic,False,Bank_7,1
Thanx u darlin!im cool thanx. A few bday drinks 2 nite. 2morrow off! Take care c u soon.xxx,Personal,uci,False,,5
Congratulations! You won Rs.2434891 in lucky draw. Claim: bit.ly/vRRDsQ,Spam,synthetic,True,Hard_12,4
Your order OD4251119842 from Flipkart is arriving tomorrow. Keep Rs.3841 ready for COD.,Delivery,synthetic,False,Delivery_3,3
Tap to verify: 916654. This code expires shortly.,OTP,synthetic,True,Hard_9,0
This pain couldn't have come at a worse time.,Personal,uci,False,,5
Watching ajith film ah?,Personal,uci,False,,5
  Rs.63532 debited from A/c XX4436 on 28-02-26 to Baljiwan. Avl Bal: Rs.317358. -Kotak,Bank,synthetic,False,Bank_0,1
Coupon 8905 gives you free delivery on orders above Rs.3913. -Flipkart,Promo,synthetic,True,Hard_1,2
"Orange brings you ringtones from all time Chart Heroes, with a free hit each week! Go to Ringtones & Pics on wap. To stop receiving these tips reply STOP.",Spam,uci,False,,4
  442207 is your OTP for Ola login. Valid for 30 minutes. Do not share with anyone.,OTP,synthetic,False,OTP_0,0
Delivered! Your Meesho order OD4231475107 was delivered on 04 Jul. Rate your experience: bit.ly/vgzAAp,Delivery,synthetic,False,Delivery_2,3
  808630 is your Zomato security code. Anyone asking for it is a scammer.,OTP,synthetic,False,OTP_9,0
recharge with rs.953 & get 20% extra talktime. offer valid today only!,Promo,synthetic,False,Promo_5,2
Rs.65140 debited from A/c XX9166 on 19-06-26 to Radhika. Avl Bal: Rs.196177. -SBI STOP to opt out,Bank,synthetic,False,Bank_0,1
"FREE2DAY sexy St George's Day pic of Jordan!Txt PIC to 89080 dont miss out, then every wk a saucy celeb!4 more pics c PocketBabe.co.uk 0870241182716 £3/wk",Spam,uci,False,,4
hi baby im sat on the bloody bus at the mo and i wont be home until about 7:30 wanna do somethin later? call me later ortxt back jess xx,Personal,uci,False,,5
  Salary of Rs.11022 credited to A/c XX9554. Avl Bal: Rs.63971. -BOB,Bank,synthetic,False,Bank_7,1
Exclusive for you! Buy 1 Get 1 FREE at BigBasket. Limited period offer. Visit bit.ly/EoccVh,Promo,synthetic,False,Promo_3,2
g-725472 is your google verification code.,OTP,synthetic,False,OTP_12,0
  Pay Rs.4230 on delivery for order OD596220848. -DTDC,Delivery,synthetic,True,Hard_10,3
Last day! Zomato clearance sale ends tonight. Up to 50% off sitewide.,Promo,synthetic,False,Promo_8,2
  Enter 306907 to verify your mobile number for HDFC Bank.,OTP,synthetic,False,OTP_10,0
Shall i ask one thing if you dont mistake me.,Personal,uci,False,,5
Delivery  attempt failed for order OD8083015670. We will retry tomorrow. -BlueDart,Delivery,synthetic,False,Delivery_5,3
I guess it is useless calling u 4 something important.,Personal,uci,False,,5
Is she replying. Has boye changed his phone number,Personal,uci,False,,5
Your Kotak debit card XX2711 has been blocked due to suspicious activity. Visit branch or call 1800-XXX to unblock.,Bank,synthetic,False,Bank_11,1
"Bloody hell, cant believe you forgot my surname Mr . Ill give u a clue, its spanish and begins with m... ",Personal,uci,False,,5
  Hungry? Get 70% off up to Rs.1017 on your next 3 orders. Code: EAT30. -Swiggy,Promo,synthetic,False,Promo_12,2
Out for delivery: Your Myntra package OD2127854467 will arrive today by 6 PM. -XpressBees,Delivery,synthetic,False,Delivery_1,3
What is the plural of the noun research?,Personal,uci,False,,5
rs.1891 cashback credited to your amazon pay wallet. use on your next order.,Promo,synthetic,False,Promo_21,2
i dnt wnt to tlk wid u,Personal,uci,False,,5
32472 is your otp for paytm login. valid for 30 minutes. do not share with anyone.,OTP,synthetic,False,OTP_0,0
Recharge with Rs.1050 & get 10% extra talktime. Offer valid today only!,Promo,synthetic,False,Promo_5,2
Hungry?  Get 70% off up to Rs.265 on your next 3 orders. Code: EAT56. -Zomato,Promo,synthetic,False,Promo_12,2
YOUR SWIGGY MEMBERSHIP EXPIRES SOON. RENEW NOW & SAVE 70%: BIT.LY/ZHLDGV,Promo,synthetic,False,Promo_9,2
OUT FOR DELIVERY: YOUR AMAZON PACKAGE OD2421619543 WILL ARRIVE TODAY BY 9 PM. -DTDC,Delivery,synthetic,False,Delivery_1,3
Will be out of class in a few hours. Sorry,Personal,uci,False,,5
Hey! Congrats 2u2. id luv 2 but ive had 2 go home!,Personal,uci,False,,5
Missed our shows? Come back to SonyLIV at 50% off for 3 months. Resubscribe: bit.ly/Zvedhz,Promo,synthetic,False,Promo_19,2
Aiyo cos i sms ü then ü neva reply so i wait 4 ü to reply lar. I tot ü havent finish ur lab wat.,Personal,uci,False,,5
900631 - use this to sign in. Never share this code with anyone.,OTP,synthetic,True,Hard_7,0
Delivery attempt failed for order OD9552918140. We will retry tomorrow. -Ekart -TM,Delivery,synthetic,False,Delivery_5,3
  Missed our shows? Come back to Hotstar at 50% off for 3 months. Resubscribe: bit.ly/eSzwFP,Promo,synthetic,False,Promo_19,2
Your credit card XX6118 statement is ready. Total due: Rs.76281. Min due: Rs.2414. -ICICI Bank,Bank,synthetic,False,Bank_5,1
  Your HDFC Bank debit card XX9631 has been blocked due to suspicious activity. Visit branch or call 1800-XXX to unblock.,Bank,synthetic,False,Bank_11,1
USE CODE 4797 AT CHECKOUT FOR 25% OFF AT AMAZON!,Promo,synthetic,True,Hard_0,2
UPI  payment of Rs.83758 to Wahab successful. UPI Ref: 583737261502. -SBI,Bank,synthetic,False,Bank_6,1
"Babe, I need your advice",Personal,uci,False,,5
RECHARGE WITH RS.149 & GET 70% EXTRA TALKTIME. OFFER VALID TODAY ONLY!,Promo,synthetic,False,Promo_5,2
"Oh! Shit, I thought that was your trip! Loooooool ... That just makes SO much more sense now ... *grins* and the sofa reference was ... The ""sleep on a couch"" link you sent me ... Wasn't that how you went on your trip ? Oh ... And didn't your babe go with you for that celebration with your rents?",Personal,uci,False,,5
G-823653 is your Google verification code.,OTP,synthetic,False,OTP_12,0
Where's mummy's boy ? Is he being good or bad ? Is he being positive or negative ? Why is mummy being made to wait? Hmmmm?,Personal,uci,False,,5
10145 is your verification code for Flipkart Never share your OTP,OTP,synthetic,False,OTP_3,0
Free any day but i finish at 6 on mon n thurs...,Personal,uci,False,,5
Your PNB debit card XX5471 has been blocked due to suspicious activity. Visit branch or call 1800-XXX to unblock.,Bank,synthetic,False,Bank_11,1
MEGA SALE! Get 30% OFF on all products at BigBasket. Shop now: bit.ly/mXbfzH T&C apply.,Promo,synthetic,False,Promo_0,2
Your FD of Rs.73791 matures on 16-01-26. Renew or withdraw via netbanking. -Kotak,Bank,synthetic,False,Bank_14,1
U have 2988 reward points expiring on 02 Jul. Redeem on Zomato.,Promo,synthetic,False,Promo_20,2
Use 225782 to complete your Zomato registration. Valid till 2 mins.,OTP,synthetic,False,OTP_4,0
Tap to verify: 409693. This code expires shortly.,OTP,synthetic,True,Hard_9,0
Your Ola code: 376740,OTP,synthetic,False,OTP_8,0
Jus finish blowing my hair. U finish dinner already?,Personal,uci,False,,5
Fine if thats the way u feel. Thats the way its gota b,Personal,uci,False,,5
"Hey, I missed you tm of last night as my phone was on the charge ... *smiles* ... I am meeting a friend shortly",Personal,uci,False,,5
Kindly send some one to our flat before  &lt;DECIMAL&gt;  today.,Personal,uci,False,,5
MYNTRA: YOUR CART MISSES YOU! COMPLETE PURCHASE NOW & GET 10% OFF. BIT.LY/IKTCYX,Promo,synthetic,False,Promo_4,2
Use 575532 to complete your Netflix registration. Valid till 15 mins.,OTP,synthetic,False,OTP_4,0
"Sorry, I'll call you  later. I am in meeting sir.",Personal,uci,False,,5
Enter 721874 to verify your mobile number for Swiggy.,OTP,synthetic,False,OTP_10,0
Thanks honey but still haven't heard anything I will leave it a bit longer so not 2 crowd him and will try later - great advice thanks hope cardiff is still there!,Personal,uci,False,,5
work from home! earn rs.1724091/month. join: bit.ly/jajkhr,Spam,synthetic,True,Hard_14,4
Yes da. Any plm at ur office,Personal,uci,False,,5
In e msg jus now. U said thanks for gift.,Personal,uci,False,,5
Guess he wants alone time. We could just show up and watch when they do..,Personal,uci,False,,5
FREEMSG: Our records indicate you may be entitled to 3750 pounds for the Accident you had. To claim for free reply with YES to this msg. To opt out text STOP,Spam,uci,False,,4
Low balance alert: A/c XX8868 balance is Rs.111655. Maintain min balance to avoid charges.,Bank,synthetic,False,Bank_10,1
Your Airtel pack expires tomorrow. Recharge with Rs.638 for 1.5GB/day + unlimited calls.,Promo,synthetic,False,Promo_10,2
Out for delivery: Your Amazon package OD7551995795 will arrive today by 9 PM. -Ekart,Delivery,synthetic,False,Delivery_1,3
"Bro send me Rs.1671 on gpay, will return by 02 Jul",Personal,synthetic,True,Hard_5,5
OTP for delivery of order OD9157670794 is 7231. Share only with the delivery agent. -DTDC,Delivery,synthetic,False,Delivery_9,3
Your  A/c XX4807 is debited with Rs.24727 on 20-03-26. Info: UPI-Naksh. Bal: Rs.313221,Bank,synthetic,False,Bank_2,1
  You have 1777 reward points expiring on 03 Jul. Redeem on Meesho.,Promo,synthetic,False,Promo_20,2
Flight fares dropped! DEL-LKO from Rs.1287. Book on MakeMyTrip before midnight.,Promo,synthetic,False,Promo_16,2
You have 2858 reward points expiring on 03 Jul. Redeem on Myntra.,Promo,synthetic,False,Promo_20,2
EMI of Rs.91024 due on 04-06-26 for loan A/c XX8789. Pay now to avoid charges. -ICICI Bank,Bank,synthetic,False,Bank_4,1
"  Bro send me Rs.2652 on gpay, will return by 05 Jul",Personal,synthetic,True,Hard_5,5
LOVED YOUR RECENT SWIGGY ORDER? REORDER IN 1 TAP AND GET 60% OFF TODAY.,Promo,synthetic,False,Promo_22,2
She's fine. Sends her greetings,Personal,uci,False,,5
your uber code: 4110,OTP,synthetic,True,Hard_8,0
"Honey, can you pls find out how much they sell Predicte in Nigeria. And how many times can it be used. Its very important to have a reply before monday",Personal,uci,False,,5
<#> 356263 is your Ola code. Valid 30 min. hA8sk2Lqp3,OTP,synthetic,False,OTP_13,0
Delivery attempt failed for order OD3400230295 We will retry tomorrow -Ekart,Delivery,synthetic,False,Delivery_5,3
"Dear all, as we know  &lt;#&gt; th is the  &lt;#&gt; th birthday of our loving Gopalettan. We are planning to give a small gift on that day. Those who like to participate in that you are welcome. Please contact our admin team for more details",Personal,uci,False,,5
HDFC Bank: 568065 is your login OTP. It expires in 15 minutes.,OTP,synthetic,False,OTP_6,0
Christopher from Ekart is arriving with your package. Contact: 3332930049,Delivery,synthetic,False,Delivery_6,3
Your SonyLIV plan renews on 06 Jul at Rs.848. Upgrade to 4K for Rs.401/month.,Promo,synthetic,False,Promo_18,2
Gettin rdy to ship comp,Personal,uci,False,,5
"Kind of. Just missed train cos of asthma attack, nxt one in half hr so driving in. not sure where to park.",Personal,uci,False,,5
INR 19051 credited to A/c XX6618 on 30-01-26. Avl Bal: INR 410133. -HDFC Bank,Bank,synthetic,False,Bank_1,1
You need to get up. Now.,Personal,uci,False,,5
CONVERT YOUR SBI CARD PURCHASE OF RS.54 INTO EASY EMIS AT 0% INTEREST. REPLY YES.,Promo,synthetic,False,Promo_15,2
Your A/c XX4720 is debited with Rs.53116 on 05-05-26. Info: UPI-Ranbir. Bal: Rs.281784,Bank,synthetic,False,Bank_2,1
PRIVATE! Your 2003 Account Statement for shows 800 un-redeemed S. I. M. points. Call 08715203694 Identifier Code: 40533 Expires 31/10/04,Spam,uci,False,,4
  OTP for delivery of order OD9389488146 is 5630. Share only with the delivery agent. -Ekart,Delivery,synthetic,False,Delivery_9,3
<#> 269440 is your Amazon code. Valid 15 min. hA8sk2Lqp3,OTP,synthetic,False,OTP_13,0
Yup n her fren lor. I'm meeting my fren at 730.,Personal,uci,False,,5
"Did I forget to tell you ? I want you , I need you, I crave you ... But most of all ... I love you my sweet Arabian steed ... Mmmmmm ... Yummy",Personal,uci,False,,5
Low balance alert: A/c XX1933 balance is Rs.87445. Maintain min balance to avoid charges.,Bank,synthetic,False,Bank_10,1
Your FD of Rs.44014 matures on 19-06-26. Renew or withdraw via netbanking. -ICICI Bank T&C apply,Bank,synthetic,False,Bank_14,1
"By the way, i've put a skip right outside the front of the house so you can see which house it is. Just pull up before it.",Personal,uci,False,,5
"HI ABDUL, UNLOCK RS.481 OFF YOUR FIRST ORDER AT SWIGGY WITH CODE NEW40.",Promo,synthetic,False,Promo_7,2
"URGENT! Your mobile No 077xxx WON a £2,000 Bonus Caller Prize on 02/06/03! This is the 2nd attempt to reach YOU! Call 09066362206 ASAP! BOX97N7QP, 150ppm",Spam,uci,False,,4
IM GONNA MISS U SO MUCH,Personal,uci,False,,5
Your order OD9697420031 from Zomato is arriving tomorrow. Keep Rs.3334 ready for COD.,Delivery,synthetic,False,Delivery_3,3
Enter  888127 to verify your mobile number for PhonePe.,OTP,synthetic,False,OTP_10,0
Hi. I'm sorry i missed your call. Can you pls call back.,Personal,uci,False,,5
Rs.93233 credited to A/c XX7623 on 20-06-26. Avl Bal: Rs.239809. -HDFC Bank STOP to opt out,Bank,synthetic,False,Bank_1,1
  Your Myntra membership expires soon. Renew now & save 20%: bit.ly/CRPKKr,Promo,synthetic,False,Promo_9,2
  Tap to verify: 152928. This code expires shortly.,OTP,synthetic,True,Hard_9,0
Nothing lor... A bit bored too... Then y dun u go home early 2 sleep today...,Personal,uci,False,,5
Ok... But they said i've got wisdom teeth hidden inside n mayb need 2 remove.,Personal,uci,False,,5
Congratulations! You won INR 2007396 in lucky draw. Claim: bit.ly/NjLrHb,Spam,synthetic,True,Hard_12,4
I know you mood off today,Personal,uci,False,,5
Genius what's up. How your brother. Pls send his number to my skype.,Personal,uci,False,,5
Loved your recent Swiggy order? Reorder in 1 tap and get 10% off today.,Promo,synthetic,False,Promo_22,2
Salary of Rs.3802 credited to A/c XX4725. Avl Bal: Rs.184554. -SBI,Bank,synthetic,False,Bank_7,1
Yeah I'll try to scrounge something up,Personal,uci,False,,5
CONVERT YOUR AXIS BANK CARD PURCHASE OF RS.493 INTO EASY EMIS AT 0% INTEREST. REPLY YES.,Promo,synthetic,False,Promo_15,2
Your Uber code: 1836,OTP,synthetic,True,Hard_8,0
2/2 146tf150p,Spam,uci,False,,4
546750 - use this to sign in. Never share this code with anyone.,OTP,synthetic,True,Hard_7,0
order od5556440556 packed and ready! expected dispatch by 04 jul. -meesho,Delivery,synthetic,False,Delivery_8,3
Am not interested to do like that.,Personal,uci,False,,5
Ok i am on the way to home hi hi,Personal,uci,False,,5
Convert your Kotak card purchase of Rs.1874 into easy EMIs at 0% interest Reply YES,Promo,synthetic,False,Promo_15,2
"Hi  Kabir, unlock Rs.889 off your first order at Flipkart with code NEW28.",Promo,synthetic,False,Promo_7,2
Ok cool. See ya then.,Personal,uci,False,,5
Should I tell my friend not to come round til like  &lt;#&gt; ish?,Personal,uci,False,,5
Loved ur recent Meesho order? Reorder in 1 tap and get 70% off today.,Promo,synthetic,False,Promo_22,2
Pls i wont belive god.not only jesus.,Personal,uci,False,,5
Data exhausted? Get 3GB extra with INR 1813 booster pack. Dial *121# or visit app.,Promo,synthetic,False,Promo_11,2
Use code 7223 at checkout for 10% off at BigBasket!,Promo,synthetic,True,Hard_0,2
Work from home! Earn Rs.1900603/month Join: bitly/zfUXTM,Spam,synthetic,True,Hard_14,4
"Thanks for your ringtone order, reference number X29. Your mobile will be charged 4.50. Should your tone not arrive please call customer services 09065989180",Spam,uci,False,,4
HI DARLIN HOW WAS WORK DID U GET INTO TROUBLE? IJUST TALKED TO YOUR MUM ALL MORNING! I HAD A REALLY GOOD TIME LAST NIGHT IM GOIN OUT SOON BUT CALL ME IF U CAN,Personal,uci,False,,5
Your Kotak debit card XX4745 has been blocked due to suspicious activity. Visit branch or call 1800-XXX to unblock.,Bank,synthetic,False,Bank_11,1
Salary  of Rs.13321 credited to A/c XX1423. Avl Bal: Rs.67359. -Axis Bank,Bank,synthetic,False,Bank_7,1
  MEGA SALE! Get 10% OFF on all products at Meesho. Shop now: bit.ly/AhnQBx T&C apply.,Promo,synthetic,False,Promo_0,2
Remind me how to get there and I shall do so,Personal,uci,False,,5
Ok both our days. So what are you making for dinner tonite? Am I invited?,Personal,uci,False,,5
Enter 310834 to verify your mobile number for Paytm.,OTP,synthetic,False,OTP_10,0
Where did u go? My phone is gonna die you have to stay in here,Personal,uci,False,,5
  Use 32587 to complete your Amazon registration. Valid till 2 mins.,OTP,synthetic,False,OTP_4,0
This phone has the weirdest auto correct.,Personal,uci,False,,5
Why don't you wait 'til at least wednesday to see if you get your .,Personal,uci,False,,5
Rs.68794 debited from A/c XX6274 on 25-05-26 to Hamsini. Avl Bal: Rs.305557. -Kotak,Bank,synthetic,False,Bank_0,1
Me sef dey laugh you. Meanwhile how's my darling anjie!,Personal,uci,False,,5
"Twinks, bears, scallies, skins and jocks are calling now. Don't miss the weekend's fun. Call 08712466669 at 10p/min. 2 stop texts call 08712460324(nat rate)",Spam,uci,False,,4
So u workin overtime nigpun?,Personal,uci,False,,5
Your Netflix plan renews on 02 Jul at Rs.756. Upgrade to 4K for Rs.662/month.,Promo,synthetic,False,Promo_18,2
Delivered! Your BigBasket order OD4372319883 was delivered on 01 Jul. Rate your experience: bit.ly/rbuRpx,Delivery,synthetic,False,Delivery_2,3
Your Axis Bank debit card XX1490 has been blocked due to suspicious activity. Visit branch or call 1800-XXX to unblock.,Bank,synthetic,False,Bank_11,1
Your  order OD2226557061 from Meesho is arriving tomorrow. Keep Rs.2838 ready for COD.,Delivery,synthetic,False,Delivery_3,3
Interest of Rs.94611 credited to your FD A/c XX5398. -ICICI Bank,Bank,synthetic,False,Bank_9,1
I jus reached home. I go bathe first. But my sis using net tell u when she finishes k...,Personal,uci,False,,5
Ok. I only ask abt e movie. U wan ktv oso?,Personal,uci,False,,5
Rs.296 cashback credited to your Amazon Pay wallet. Use on your next order.,Promo,synthetic,False,Promo_21,2
Your A/c XX3670 is debited with Rs.25058 on 05-01-26. Info: UPI-Nidhi. Bal: Rs.165750,Bank,synthetic,False,Bank_2,1
Did either of you have any idea's? Do you know of anyplaces doing something?,Personal,uci,False,,5
But i have to. I like to have love and arrange.,Personal,uci,False,,5
"Yeah, probably earlier than that",Personal,uci,False,,5
833366 is your verification code for Kotak. Never share your OTP.,OTP,synthetic,False,OTP_3,0
Jason from Delhivery is arriving with your package. Contact: 03784638009,Delivery,synthetic,False,Delivery_6,3
EMI  of Rs.569 due on 14-01-26 for loan A/c XX4649. Pay now to avoid charges. -BOB,Bank,synthetic,False,Bank_4,1
"Bro  send me Rs.2251 on gpay, will return by 01 Jul",Personal,synthetic,True,Hard_5,5
  Rs.10643 credited to A/c XX1090 on 12-06-26. Avl Bal: Rs.144430. -Axis Bank,Bank,synthetic,False,Bank_1,1
Your one time password is 739634 for Myntra. Please do not share it.,OTP,synthetic,False,OTP_5,0
713522 is your OTP for GPay login. Valid for 15 minutes. Do not share with anyone.,OTP,synthetic,False,OTP_0,0
I send the print  outs da.,Personal,uci,False,,5
Delivered! Your Myntra order OD8201950205 was delivered on 05 Jul Rate your experience: bitly/WCvmXb,Delivery,synthetic,False,Delivery_2,3
Life style garments account no please.,Personal,uci,False,,5
834694  is your OTP for PNB login. Valid for 30 minutes. Do not share with anyone.,OTP,synthetic,False,OTP_0,0
Flight fares dropped! BOM-CCU from Rs.1163. Book on Goibibo before midnight.,Promo,synthetic,False,Promo_16,2
Dear customer ur Axis Bank account will be blocked! Update KYC now: bitly/mKWGiC,Spam,synthetic,True,Hard_11,4
Lol! Nah wasn't too bad thanks. Its good to b home but its been quite a reality check. Hows ur day been? Did u do anything with website?,Personal,uci,False,,5
Exclusive for you! Buy 1 Get 1 FREE at Flipkart. Limited period offer. Visit bit.ly/agBEdk,Promo,synthetic,False,Promo_3,2
Salary of Rs.93804 credited to A/c XX8166. Avl Bal: Rs.472263. -Kotak,Bank,synthetic,False,Bank_7,1
819262 is your hdfc bank security code. anyone asking for it is a scammer.,OTP,synthetic,False,OTP_9,0
Your order OD8711511934 from Amazon is arriving tomorrow. Keep Rs.4287 ready for COD.,Delivery,synthetic,False,Delivery_3,3
Sai  from Delhivery is arriving with your package. Contact: +912546353100,Delivery,synthetic,False,Delivery_6,3
Hmm...Bad news...Hype park plaza $700 studio taken...Only left 2 bedrm-$900...,Personal,uci,False,,5
  Delivered! Your Flipkart order OD6633233244 was delivered on 02 Jul. Rate your experience: bit.ly/sntLXW,Delivery,synthetic,False,Delivery_2,3
Convert your BOB card purchase of Rs.1061 into easy EMIs at 0% interest. Reply YES.,Promo,synthetic,False,Promo_15,2
Pay Rs.3002 on delivery for order OD383988996. -Delhivery,Delivery,synthetic,True,Hard_10,3
Detroit. The home of snow. Enjoy it.,Personal,uci,False,,5
  Your Flipkart order OD6685314108 has been shipped via XpressBees. Track: bit.ly/aBqIrP,Delivery,synthetic,False,Delivery_0,3
RS.78713 CREDITED TO A/C XX5210 ON 07-01-26. AVL BAL: RS.480864. -AXIS BANK,Bank,synthetic,False,Bank_1,1
Haiyoh... Maybe your hamster was jealous of million,Personal,uci,False,,5
  OTP for delivery of order OD7532338529 is 5637. Share only with the delivery agent. -XpressBees,Delivery,synthetic,False,Delivery_9,3
Rs.99745 credited to A/c XX5890 on 18-03-26. Avl Bal: Rs.370444. -BOB,Bank,synthetic,False,Bank_1,1
Take care and sleep well.you need to learn to change in life.you only need to get CONVINCED on that.i will wait but no more conversations between us.GET CONVINCED by that time.Your family is over for you in many senses.respect them but not overemphasise.or u have no role in my life.,Personal,uci,False,,5
Convert your SBI card purchase of Rs.834 into easy EMIs at 0% interest. Reply YES. -TM,Promo,synthetic,False,Promo_15,2
Thanks for being there for me just to talk to on saturday. You are very dear to me. I cherish having you as a brother and role model.,Personal,uci,False,,5
Ambrith..madurai..met u in arun dha marrge..remembr?,Personal,uci,False,,5
Oic... I saw him too but i tot he din c me... I found a group liao...,Personal,uci,False,,5
"Bro send me Rs.1523 on gpay, will return by 01 Jul",Personal,synthetic,True,Hard_5,5
Your BOB debit card XX2751 has been blocked due to suspicious activity. Visit branch or call 1800-XXX to unblock.,Bank,synthetic,False,Bank_11,1
salary of rs.62387 credited to a/c xx3375. avl bal: rs.401478. -icici bank,Bank,synthetic,False,Bank_7,1
74355 XMAS iscoming & ur awarded either £500 CD gift vouchers & free entry 2 r £100 weekly draw txt MUSIC to 87066 TnC,Spam,uci,False,,4
I tot u outside cos darren say u come shopping. Of course we nice wat. We jus went sim lim look at mp3 player.,Personal,uci,False,,5
Your  Zomato membership expires soon. Renew now & save 60%: bit.ly/uKrnby,Promo,synthetic,False,Promo_9,2
Data exhausted? Get 1.5GB extra with Rs.1368 booster pack. Dial *121# or visit app.,Promo,synthetic,False,Promo_11,2
No sir. That's why i had an 8-hr trip on the bus last week. Have another audition next wednesday but i think i might drive this time.,Personal,uci,False,,5
Hello. They are going to the village pub at 8 so either come here or there accordingly. Ok?,Personal,uci,False,,5
"Hello, my love. What are you doing? Did you get to that interview today? Are you you happy? Are you being a good boy? Do you think of me?Are you missing me ?",Personal,uci,False,,5
CHEQUE NO. 167087301424 FOR RS.41247 HAS BEEN CLEARED FROM A/C XX3538. -PNB,Bank,synthetic,False,Bank_8,1
Missed call alert. These numbers called but left no message. 07008009200,Spam,uci,False,,4
906886 is your OTP for Kotak login. Valid for 2 minutes. Do not share with anyone.,OTP,synthetic,False,OTP_0,0
I also thk too fast... Xy suggest one not me. U dun wan it's ok. Going 2 rain leh where got gd.,Personal,uci,False,,5
"Sorry, I'll call later  &lt;#&gt; mins",Personal,uci,False,,5
Hi darlin im on helens fone im gonna b up the princes 2 nite please come up tb love Kate,Personal,uci,False,,5
Go where n buy? Juz buy when we get there lar.,Personal,uci,False,,5
"fyi I'm at usf now, swing by the room whenever",Personal,uci,False,,5
"No, I was trying it all weekend ;V",Personal,uci,False,,5
Low balance alert: A/c XX7272 balance is Rs.34427. Maintain min balance to avoid charges.,Bank,synthetic,False,Bank_10,1
Items in your order history are back in stock at Zomato. Prices start INR 1619.,Promo,synthetic,False,Promo_23,2
EMI of Rs.71866 due on 06-06-26 for loan A/c XX3253. Pay now to avoid charges. -ICICI Bank,Bank,synthetic,False,Bank_4,1
Just now saw your message.it k da:),Personal,uci,False,,5
Pay INR 3077 on delivery for order OD265273798. -Ekart,Delivery,synthetic,True,Hard_10,3
Hmmm.still we dont have opener?,Personal,uci,False,,5
  You have 2742 reward points expiring on 01 Jul. Redeem on Amazon.,Promo,synthetic,False,Promo_20,2
Your one time password is 194178 for ICICI Bank. Please do not share it.,OTP,synthetic,False,OTP_5,0
"Helloooo... Wake up..! ""Sweet"" ""morning"" ""welcomes"" ""You"" ""Enjoy"" ""This Day"" ""with full of joy"".. ""GUD MRNG"".",Personal,uci,False,,5
YOUR KOTAK CODE: 896202,OTP,synthetic,False,OTP_8,0
Tap  to verify: 277787. This code expires shortly.,OTP,synthetic,True,Hard_9,0
Enter 542835 to verify your mobile number for ICICI Bank,OTP,synthetic,False,OTP_10,0
order od3007955500 packed and ready! expected dispatch by 01 jul. -flipkart,Delivery,synthetic,False,Delivery_8,3
DELIVERED! YOUR AMAZON ORDER OD1504229102 WAS DELIVERED ON 02 JUL. RATE YOUR EXPERIENCE: BIT.LY/FSTZSP,Delivery,synthetic,False,Delivery_2,3
Dear got train and seat mine lower seat,Personal,uci,False,,5
Nope but i'm going home now then go pump petrol lor... Like going 2 rain soon...,Personal,uci,False,,5
  Myntra Big Billion Days! Up to 80% off + extra 10% with Axis Bank cards. Hurry!,Promo,synthetic,False,Promo_1,2
Enter 925221 to verify your mobile number for GPay.,OTP,synthetic,False,OTP_10,0
"And very importantly, all we discuss is between u and i only.",Personal,uci,False,,5
Your one time password is 818924 for ICICI Bank. Please do not share it.,OTP,synthetic,False,OTP_5,0
Want explicit SEX in 30 secs? Ring 02073162414 now! Costs 20p/min Gsex POBOX 2667 WC1N 3XX,Spam,uci,False,,4
Rs.3652 credited to A/c XX2471 on 20-06-26. Avl Bal: Rs.86907. -PNB,Bank,synthetic,False,Bank_1,1
Shall I bring us a bottle of wine to keep us amused? Only joking! I‘ll bring one anyway,Personal,uci,False,,5
Low balance alert: A/c XX4117 balance is Rs.49084. Maintain min balance to avoid charges.,Bank,synthetic,False,Bank_10,1
Your A/c XX2405 is debited with Rs.34739 on 16-03-26 Info: UPI-Robert Bal: Rs.28519,Bank,synthetic,False,Bank_2,1
Flight fares dropped! HYD-CCU from Rs.1968. Book on Goibibo before midnight.,Promo,synthetic,False,Promo_16,2
Auto-pay of Rs.11889 to Warhi is scheduled on 15-02-26 from A/c XX1817. Ensure sufficient balance.,Bank,synthetic,False,Bank_13,1
Your Myntra order OD8456186492 has been shipped via DTDC Track: bitly/ceGpYl,Delivery,synthetic,False,Delivery_0,3
Do you want a new video handset? 750 anytime any network mins? Half Price Line Rental? Camcorder? Reply or call 08000930705 for delivery tomorrow,Spam,uci,False,,4
I donno its in your genes or something,Personal,uci,False,,5
Your  Zomato code: 101139,OTP,synthetic,False,OTP_8,0
Items in your order history are back in stock at Swiggy Prices start Rs.805,Promo,synthetic,False,Promo_23,2
KYC update pending for A/c XX2894 Please visit your nearest BOB branch by 02-06-26 to avoid restrictions,Bank,synthetic,False,Bank_12,1
Convert your SBI card purchase of Rs.1448 into easy EMIs at 0% interest. Reply YES.,Promo,synthetic,False,Promo_15,2
MEGA SALE! Get 30% OFF on all products at Myntra. Shop now: bit.ly/PtKdVV T&C apply.,Promo,synthetic,False,Promo_0,2
415563 IS YOUR VERIFICATION CODE FOR MEESHO. NEVER SHARE YOUR OTP.,OTP,synthetic,False,OTP_3,0
<#> 675215 is ur Axis Bank code. Valid 5 min. hA8sk2Lqp3,OTP,synthetic,False,OTP_13,0
Then ü wait 4 me at bus stop aft ur lect lar. If i dun c ü then i go get my car then come back n pick ü.,Personal,uci,False,,5
Your order OD1191476030 from BigBasket is arriving tomorrow. Keep Rs.4514 ready for COD.,Delivery,synthetic,False,Delivery_3,3
I've not sent it. He can send me.,Personal,uci,False,,5
328485 IS YOUR PHONEPE SECURITY CODE. ANYONE ASKING FOR IT IS A SCAMMER.,OTP,synthetic,False,OTP_9,0
Salary  of Rs.83780 credited to A/c XX6527. Avl Bal: Rs.137814. -Axis Bank,Bank,synthetic,False,Bank_7,1
Am in film ill call you later.,Personal,uci,False,,5
Rs.18645 credited to A/c XX8651 on 01-03-26. Avl Bal: Rs.409074. -ICICI Bank,Bank,synthetic,False,Bank_1,1
Use 242357 to complete your ICICI Bank registration Valid till 5 mins,OTP,synthetic,False,OTP_4,0
Sorry da:)i was thought of calling you lot of times:)lil busy.i will call you at noon..,Personal,uci,False,,5
Yes i will be there. Glad you made it.,Personal,uci,False,,5
"Sometimes we put walls around our hearts,not just to be safe from getting hurt.. But to find out who cares enough to break the walls &amp; get closer.. GOODNOON:)",Personal,uci,False,,5
thesmszone.com lets you send free anonymous and masked messages..im sending this message from there..do you see the potential for abuse???,Spam,uci,False,,4
262632  is your BOB security code. Anyone asking for it is a scammer.,OTP,synthetic,False,OTP_9,0
UPI payment of INR 49989 to Ati successful. UPI Ref: 432865540401. -BOB,Bank,synthetic,False,Bank_6,1
Rs.455 cashback credited to your Paytm wallet. Use on your next order.,Promo,synthetic,False,Promo_21,2
"Hi, Mobile no.  &lt;#&gt;  has added you in their contact list on www.fullonsms.com It s a great place to send free sms to people For more visit fullonsms.com",Personal,uci,False,,5
Please give it 2  or i will pick it up on Tuesday evening about 8 if that is ok.,Personal,uci,False,,5
Salary of Rs.55012 credited to A/c XX1883. Avl Bal: Rs.125870. -HDFC Bank,Bank,synthetic,False,Bank_7,1
Flight fares dropped! BOM-PNQ from Rs.218. Book on MakeMyTrip before midnight.,Promo,synthetic,False,Promo_16,2
"How about clothes, jewelry, and trips?",Personal,uci,False,,5
"Bro send me Rs.428 on gpay, will return by 02 Jul",Personal,synthetic,True,Hard_5,5
Salary of Rs.8811 credited to A/c XX6730. Avl Bal: Rs.9003. -ICICI Bank,Bank,synthetic,False,Bank_7,1
kyc update pending for a/c xx1125. please visit your nearest icici bank branch by 08-01-26 to avoid restrictions.,Bank,synthetic,False,Bank_12,1
  Convert your Axis Bank card purchase of Rs.1835 into easy EMIs at 0% interest. Reply YES.,Promo,synthetic,False,Promo_15,2
  Your HDFC Bank debit card XX7474 has been blocked due to suspicious activity. Visit branch or call 1800-XXX to unblock.,Bank,synthetic,False,Bank_11,1
G-422045 IS YOUR GOOGLE VERIFICATION CODE.,OTP,synthetic,False,OTP_12,0
Amazon Big Billion Days! Up to 70% off + extra 10% with BOB cards. Hurry! STOP to opt out,Promo,synthetic,False,Promo_1,2
your order od6041896737 from flipkart is arriving tomorrow. keep rs.1603 ready for cod.,Delivery,synthetic,False,Delivery_3,3
Aaooooright are you at work?,Personal,uci,False,,5
57513 is your Hotstar security code. Anyone asking for it is a scammer.,OTP,synthetic,False,OTP_9,0
Out  for delivery: Your Meesho package OD4043224020 will arrive today by 12 PM. -DTDC,Delivery,synthetic,False,Delivery_1,3
"Good morning, my boytoy! How's those yummy lips ? Where's my sexy buns now ? What do you do ? Do you think of me ? Do you crave me ? Do you need me ?",Personal,uci,False,,5
UPI payment of Rs.82008 to Reva successful UPI Ref: 897810212425 -PNB,Bank,synthetic,False,Bank_6,1
  Your Jio pack expires tomorrow. Recharge with Rs.1808 for 2GB/day + unlimited calls.,Promo,synthetic,False,Promo_10,2
Did u find a sitter for kaitlyn? I was sick and slept all day yesterday.,Personal,uci,False,,5
Send a logo 2 ur lover - 2 names joined by a heart. Txt LOVE NAME1 NAME2 MOBNO eg LOVE ADAM EVE 07123456789 to 87077 Yahoo! POBox36504W45WQ TxtNO 4 no ads 150p.,Spam,uci,False,,4
664244 is your verification code for phonepe. never share your otp.,OTP,synthetic,False,OTP_3,0
Order OD9297360948 packed and ready! Expected dispatch by 04 Jul -Zomato,Delivery,synthetic,False,Delivery_8,3
Convert your PNB card purchase of Rs.429 into easy EMIs at 0% interest. Reply YES. STOP to opt out,Promo,synthetic,False,Promo_15,2
Hi Petey!noim ok just wanted 2 chat coz avent spoken 2 u 4 a long time-hope ur doin alrite.have good nit at js love ya am.x,Personal,uci,False,,5
Loved your recent Meesho order? Reorder in 1 tap and get 40% off today.,Promo,synthetic,False,Promo_22,2
BigBasket: 135351 is your login OTP. It expires in 5 minutes.,OTP,synthetic,False,OTP_6,0
Congratulations!  You won Rs.479899 in lucky draw. Claim: bit.ly/Najpmf,Spam,synthetic,True,Hard_12,4
Out  for delivery: Your Swiggy package OD6848801317 will arrive today by 3 PM. -Ekart,Delivery,synthetic,False,Delivery_1,3
Myntra: Your cart misses you! Complete purchase now & get 20% off. bit.ly/OzIIEM,Promo,synthetic,False,Promo_4,2
I thk 530 lor. But dunno can get tickets a not. Wat u doing now?,Personal,uci,False,,5
"I call you later, don't have network. If urgnt, sms me.",Personal,uci,False,,5
SMS. ac Sptv: The New Jersey Devils and the Detroit Red Wings play Ice Hockey. Correct or Incorrect? End? Reply END SPTV,Spam,uci,False,,4
Your Uber code: 5635,OTP,synthetic,True,Hard_8,0
Rs.12696 credited to A/c XX6802 on 30-04-26. Avl Bal: Rs.88753. -Axis Bank,Bank,synthetic,False,Bank_1,1
813513 - use this code to sign in to Swiggy. Never share it with anyone.,OTP,synthetic,False,OTP_7,0
633190 is your OTP for BigBasket login Valid for 5 minutes Do not share with anyone,OTP,synthetic,False,OTP_0,0
Your Flipkart code: 362283,OTP,synthetic,False,OTP_8,0
"Chinatown got porridge, claypot rice, yam cake, fishhead beehoon... Either we eat cheap den go cafe n tok or go nydc or somethin...",Personal,uci,False,,5
Where in abj are you serving. Are you staying with dad or alone.,Personal,uci,False,,5
"  Hi Lila, unlock Rs.634 off your first order at BigBasket with code NEW69.",Promo,synthetic,False,Promo_7,2
Use 168723 to complete your Myntra registration. Valid till 10 mins.,OTP,synthetic,False,OTP_4,0
Delivery attempt failed for order OD6239333379. We will retry tomorrow. -DTDC,Delivery,synthetic,False,Delivery_5,3
"Hey, my new number is 02810935027. Save it! Meet at 6pm? -TM",Personal,synthetic,True,Hard_4,5
Loved your recent BigBasket order? Reorder in 1 tap and get 50% off today.,Promo,synthetic,False,Promo_22,2
K.then any other special?,Personal,uci,False,,5
I'm freezing and craving ice. Fml,Personal,uci,False,,5
Midnight at the earliest,Personal,uci,False,,5
"Yup. Anything lor, if u dun wan it's ok...",Personal,uci,False,,5
Your  ICICI Bank debit card XX4289 has been blocked due to suspicious activity. Visit branch or call 1800-XXX to unblock.,Bank,synthetic,False,Bank_11,1
Use 69568 to complete your ICICI Bank registration. Valid till 30 mins.,OTP,synthetic,False,OTP_4,0
  Items in your order history are back in stock at Swiggy. Prices start Rs.1788.,Promo,synthetic,False,Promo_23,2
My trip was ok but quite tiring lor. Uni starts today but it's ok 4 me cos i'm not taking any modules but jus concentrating on my final yr project.,Personal,uci,False,,5
"Sir, I need Velusamy sir's date of birth and company bank facilities details.",Personal,uci,False,,5
Quite lor. But dun tell him wait he get complacent...,Personal,uci,False,,5
Delivery attempt failed for order OD8801164671. We will retry tomorrow. -BlueDart,Delivery,synthetic,False,Delivery_5,3
Rs.14639 debited from A/c XX4014 on 23-05-26 to Rajeshri Avl Bal: Rs.472452 -Axis Bank,Bank,synthetic,False,Bank_0,1
"BRO SEND ME RS.2532 ON GPAY, WILL RETURN BY 04 JUL",Personal,synthetic,True,Hard_5,5
OTP for delivery of order OD5210616945 is 6829. Share only with the delivery agent. -DTDC,Delivery,synthetic,False,Delivery_9,3
  Interest of Rs.92652 credited to your FD A/c XX8433. -Axis Bank,Bank,synthetic,False,Bank_9,1
  Your credit card XX9681 statement is ready. Total due: Rs.84336. Min due: Rs.3899. -Kotak,Bank,synthetic,False,Bank_5,1
g-97527 is your google verification code.,OTP,synthetic,False,OTP_12,0
IRCTC: 402977 is your login OTP. It expires in 10 minutes.,OTP,synthetic,False,OTP_6,0
Recharge  with Rs.1201 & get 20% extra talktime. Offer valid today only!,Promo,synthetic,False,Promo_5,2
Order OD1473542808 packed and ready! Expected dispatch by 03 Jul. -Meesho,Delivery,synthetic,False,Delivery_8,3
Cuz ibored. And don wanna study,Personal,uci,False,,5
Exclusive for you! Buy 1 Get 1 FREE at Swiggy. Limited period offer. Visit bit.ly/XBPezd,Promo,synthetic,False,Promo_3,2
"Ya they are well and fine., BBD(pooja) full pimples..even she become quite black..and ur rite here its too cold, wearing sweatter..",Personal,uci,False,,5
More people are dogging in your area now. Call 09090204448 and join like minded guys. Why not arrange 1 yourself. There's 1 this evening. A£1.50 minAPN LS278BB,Spam,uci,False,,4
Coupon 3046 gives you free delivery on orders above Rs.3447. -Swiggy,Promo,synthetic,True,Hard_1,2
", im .. On the snowboarding trip. I was wondering if your planning to get everyone together befor we go..a meet and greet kind of affair? Cheers, ",Personal,uci,False,,5
Come to mahal bus stop.. &lt;DECIMAL&gt;,Personal,uci,False,,5
Convert your HDFC Bank card purchase of Rs.1064 into easy EMIs at 0% interest. Reply YES. T&C apply,Promo,synthetic,False,Promo_15,2
interest of rs.74344 credited to your fd a/c xx8223. -sbi,Bank,synthetic,False,Bank_9,1
Your Uber code: 5226,OTP,synthetic,True,Hard_8,0
Salary of INR 16342 credited to A/c XX1873. Avl Bal: INR 243886. -HDFC Bank,Bank,synthetic,False,Bank_7,1
Auto-pay of Rs.22214 to Aryan is scheduled on 20-05-26 from A/c XX9518. Ensure sufficient balance.,Bank,synthetic,False,Bank_13,1
"K I'm ready,  &lt;#&gt; ?",Personal,uci,False,,5
otp for delivery of order od3244150104 is 5299. share only with the delivery agent. -dtdc,Delivery,synthetic,False,Delivery_9,3
What's up. Do you want me to come online?,Personal,uci,False,,5
989250 - use this code to sign in to GPay. Never share it with anyone.,OTP,synthetic,False,OTP_7,0
"YEH I AM DEF UP4 SOMETHING SAT,JUST GOT PAYED2DAY & I HAVBEEN GIVEN A£50 PAY RISE 4MY WORK & HAVEBEEN MADE PRESCHOOLCO-ORDINATOR 2I AM FEELINGOOD LUV",Personal,uci,False,,5
Salary of Rs.3878 credited to A/c XX2435. Avl Bal: Rs.293847. -PNB -TM,Bank,synthetic,False,Bank_7,1
We have all rounder:)so not required:),Personal,uci,False,,5
Moby Pub Quiz.Win a £100 High Street prize if u know who the new Duchess of Cornwall will be? Txt her first name to 82277.unsub STOP £1.50 008704050406 SP,Spam,uci,False,,4
:-) :-),Personal,uci,False,,5
905613 is your gpay security code. anyone asking for it is a scammer.,OTP,synthetic,False,OTP_9,0
Your Axis Bank debit card XX2197 has been blocked due to suspicious activity. Visit branch or call 1800-XXX to unblock.,Bank,synthetic,False,Bank_11,1
Should i buy him a blackberry bold 2 or torch. Should i buy him new or used. Let me know. Plus are you saying i should buy the  &lt;#&gt; g wifi ipad. And what are you saying about the about the  &lt;#&gt; g?,Personal,uci,False,,5
  Your A/c XX8279 is debited with Rs.76168 on 10-05-26. Info: UPI-Abhiram. Bal: Rs.97005,Bank,synthetic,False,Bank_2,1
Your FD of Rs.7491 matures on 26-02-26. Renew or withdraw via netbanking. -Kotak,Bank,synthetic,False,Bank_14,1
Bugis oso near wat... ,Personal,uci,False,,5
Hope you are feeling great. Pls fill me in. Abiola,Personal,uci,False,,5
748666 IS YOUR VERIFICATION CODE FOR OLA. NEVER SHARE YOUR OTP.,OTP,synthetic,False,OTP_3,0
Ur one time password is 70250 for Myntra. Please do not share it.,OTP,synthetic,False,OTP_5,0
Your SonyLIV plan renews on 04 Jul at Rs.225. Upgrade to 4K for Rs.841/month.,Promo,synthetic,False,Promo_18,2
Convert your Kotak card purchase of INR 1728 into easy EMIs at 0% interest. Reply YES.,Promo,synthetic,False,Promo_15,2
Have you heard from this week?,Personal,uci,False,,5
Going thru a very different feeling.wavering decisions and coping up with the same is the same individual.time will heal everything i believe.,Personal,uci,False,,5
Thankyou so much for the call. I appreciate your care.,Personal,uci,False,,5
Your A/c XX4223 is debited with Rs.25019 on 16-05-26. Info: UPI-Wridesh. Bal: Rs.120020,Bank,synthetic,False,Bank_2,1
Please tell me you have some of that special stock you were talking about,Personal,uci,False,,5
<#>  5342 is your Kotak code. Valid 15 min. hA8sk2Lqp3,OTP,synthetic,False,OTP_13,0
Your order OD4493471463 from Swiggy is arriving tomorrow. Keep INR 3230 ready for COD.,Delivery,synthetic,False,Delivery_3,3
your sonyliv plan renews on 06 jul at rs.405. upgrade to 4k for rs.955/month.,Promo,synthetic,False,Promo_18,2
IRCTC: Special trains added for festive season. Book early & save up to 70%.,Promo,synthetic,False,Promo_17,2
"Princess, i like to make love  &lt;#&gt;  times per night. Hope thats not a problem!",Personal,uci,False,,5
OTP for delivery of order OD4872271304 is 5579. Share only with the delivery agent. -BlueDart,Delivery,synthetic,False,Delivery_9,3
Delivery attempt failed for order OD1216590763. We will retry tomorrow. -DTDC,Delivery,synthetic,False,Delivery_5,3
Use code 9777 at checkout for 50% off at BigBasket!,Promo,synthetic,True,Hard_0,2
"Sun cant come to earth but send luv as rays. cloud cant come to river but send luv as rain. I cant come to meet U, but can send my care as msg to U. Gud evng",Personal,uci,False,,5
  You have 3576 reward points expiring on 06 Jul. Redeem on Myntra.,Promo,synthetic,False,Promo_20,2
OTP for delivery of order OD2451927257 is 9603 Share only with the delivery agent -Delhivery,Delivery,synthetic,False,Delivery_9,3
your swiggy membership expires soon. renew now & save 20%: bit.ly/jurhvj,Promo,synthetic,False,Promo_9,2
Auto-pay of Rs.21978 to Vrishti is scheduled on 08-03-26 from A/c XX7531. Ensure sufficient balance.,Bank,synthetic,False,Bank_13,1
Your one time password is 315233 for Kotak. Please do not share it.,OTP,synthetic,False,OTP_5,0
LOVED YOUR RECENT ZOMATO ORDER? REORDER IN 1 TAP AND GET 20% OFF TODAY.,Promo,synthetic,False,Promo_22,2
Maybe?! Say hi to  and find out if  got his card. Great escape or wetherspoons? ,Personal,uci,False,,5
O ic lol. Should play 9 doors sometime yo,Personal,uci,False,,5
Tell them no need to investigate about me anywhere.,Personal,uci,False,,5
EMI  of Rs.43276 due on 22-02-26 for loan A/c XX5912. Pay now to avoid charges. -BOB,Bank,synthetic,False,Bank_4,1
"7 wonders in My WORLD 7th You 6th Ur style 5th Ur smile 4th Ur Personality 3rd Ur Nature 2nd Ur SMS and 1st ""Ur Lovely Friendship""... good morning dear",Personal,uci,False,,5
Ok lor. I ned 2 go toa payoh 4 a while 2 return smth u wan 2 send me there or wat?,Personal,uci,False,,5
Remember on that day..,Personal,uci,False,,5
auto-pay of rs.89532 to nathan is scheduled on 14-05-26 from a/c xx3411. ensure sufficient balance.,Bank,synthetic,False,Bank_13,1
Missed our shows? Come back to Netflix at 50% off for 3 months. Resubscribe: bit.ly/DVgDtZ,Promo,synthetic,False,Promo_19,2
rs.83622 credited to a/c xx6503 on 05-04-26. avl bal: rs.490365. -pnb,Bank,synthetic,False,Bank_1,1
285830 is your verification code for PhonePe. Never share your OTP. T&C apply,OTP,synthetic,False,OTP_3,0
Small problem in auction:)punj now asking tiwary,Personal,uci,False,,5
Did u got that persons story,Personal,uci,False,,5
Cheque no. 583959777092 for Rs.58668 has been cleared from A/c XX6428. -Kotak,Bank,synthetic,False,Bank_8,1
Tap to verify: 883226. This code expires shortly.,OTP,synthetic,True,Hard_9,0
Rs.47163 debited from A/c XX3381 on 18-02-26 to Bhavani Avl Bal: Rs.495303 -SBI,Bank,synthetic,False,Bank_0,1
  Delivered! Your Swiggy order OD4633347818 was delivered on 05 Jul. Rate your experience: bit.ly/DMmBTe,Delivery,synthetic,False,Delivery_2,3
  Low balance alert: A/c XX9981 balance is Rs.292534. Maintain min balance to avoid charges.,Bank,synthetic,False,Bank_10,1
  Low balance alert: A/c XX2858 balance is Rs.126898. Maintain min balance to avoid charges.,Bank,synthetic,False,Bank_10,1
Rs.409 cashback credited to ur Paytm wallet. Use on ur next order.,Promo,synthetic,False,Promo_21,2
Items  in your order history are back in stock at Myntra. Prices start Rs.626.,Promo,synthetic,False,Promo_23,2
UPI payment of Rs.84100 to Gaurika successful UPI Ref: 560390711189 -Kotak,Bank,synthetic,False,Bank_6,1
I'm at bruce &amp; fowler now but I'm in my mom's car so I can't park (long story),Personal,uci,False,,5
  Use 597458 to complete your Netflix registration. Valid till 2 mins.,OTP,synthetic,False,OTP_4,0
Erm. I thought the contract ran out the4th of october.,Personal,uci,False,,5
<#> 635080 is your Zomato code Valid 10 min hA8sk2Lqp3,OTP,synthetic,False,OTP_13,0
"Free Msg: get Gnarls Barkleys ""Crazy"" ringtone TOTALLY FREE just reply GO to this message right now!",Spam,uci,False,,4
your kotak debit card xx6046 has been blocked due to suspicious activity. visit branch or call 1800-xxx to unblock.,Bank,synthetic,False,Bank_11,1
"Hmmm.. Thk sure got time to hop ard... Ya, can go 4 free abt... Muz call u to discuss liao... ",Personal,uci,False,,5
Meesho: Your cart misses you! Complete purchase now & get 50% off bitly/sgprjD,Promo,synthetic,False,Promo_4,2
interest of rs.71503 credited to your fd a/c xx4491. -pnb,Bank,synthetic,False,Bank_9,1
Win a £1000 cash prize or a prize worth £5000,Spam,uci,False,,4
92426 is your verification code for Uber Never share your OTP,OTP,synthetic,False,OTP_3,0
Coupon 5087 gives you free delivery on orders above Rs.3267. -Meesho,Promo,synthetic,True,Hard_1,2
"Bro  send me Rs.480 on gpay, will return by 01 Jul",Personal,synthetic,True,Hard_5,5
You have 4693 reward points expiring on 06 Jul Redeem on Meesho,Promo,synthetic,False,Promo_20,2
Double Mins & Double Txt & 1/2 price Linerental on Latest Orange Bluetooth mobiles. Call MobileUpd8 for the very latest offers. 08000839402 or call2optout/LF56,Spam,uci,False,,4
YOUR ICICI BANK DEBIT CARD XX4672 HAS BEEN BLOCKED DUE TO SUSPICIOUS ACTIVITY. VISIT BRANCH OR CALL 1800-XXX TO UNBLOCK.,Bank,synthetic,False,Bank_11,1
Your credit card XX7623 statement is ready. Total due: Rs.83684. Min due: Rs.3420. -ICICI Bank,Bank,synthetic,False,Bank_5,1
Ugh. Gotta drive back to sd from la. My butt is sore.,Personal,uci,False,,5
I'm glad. You are following your dreams.,Personal,uci,False,,5
LIFE has never been this much fun and great until you came in. You made it truly special for me. I won't forget you! enjoy @ one gbp/sms,Spam,uci,False,,4
"Lol you forgot it eh ? Yes, I'll bring it in babe",Personal,uci,False,,5
Gud ni8.swt drms.take care,Personal,uci,False,,5
"Come to me, slave. Your doing it again ... Going into your shell and unconsciously avoiding me ... You are making me unhappy :-(",Personal,uci,False,,5
HIYA STU WOT U UP 2.IM IN SO MUCH TRUBLE AT HOME AT MOMENT EVONE HATES ME EVEN U! WOT THE HELL AV I DONE NOW? Y WONT U JUST TELL ME TEXT BCK PLEASE LUV DAN ,Personal,uci,False,,5
Yup i thk cine is better cos no need 2 go down 2 plaza mah.,Personal,uci,False,,5
G-883051 is your Google verification code.,OTP,synthetic,False,OTP_12,0
hows my favourite person today? r u workin hard? couldn't sleep again last nite nearly rang u at 4.30,Personal,uci,False,,5
Work from home! Earn Rs.2068171/month Join: bitly/NqeLkf,Spam,synthetic,True,Hard_14,4
Well I might not come then...,Personal,uci,False,,5
"Hiya, sorry didn't hav signal. I haven't seen or heard from and neither has, which is unusual in itself! I'll put on the case and get him to sort it out! Hugs and snogs.",Personal,uci,False,,5
"Coffee cake, i guess...",Personal,uci,False,,5
Recharge with INR 1447 & get 80% extra talktime. Offer valid today only!,Promo,synthetic,False,Promo_5,2
I thk u dun haf 2 hint in e forum already lor... Cos i told ron n darren is going 2 tell shuhui.,Personal,uci,False,,5
Your brother is a genius,Personal,uci,False,,5
Thts god's gift for birds as humans hav some natural gift frm god..,Personal,uci,False,,5
"No worries, hope photo shoot went well. have a spiffing fun at workage. ",Personal,uci,False,,5
INR 505 cashback credited to your PhonePe wallet. Use on your next order.,Promo,synthetic,False,Promo_21,2
Recharge with INR 298 & get 60% extra talktime. Offer valid today only!,Promo,synthetic,False,Promo_5,2
Designation is software developer and may be she get chennai:),Personal,uci,False,,5
I am waiting machan. Call me once you free.,Personal,uci,False,,5
CHEERS U TEX MECAUSE U WEREBORED! YEAH OKDEN HUNNY R UIN WK SAT?SOUNDS LIKEYOUR HAVIN GR8FUN J! KEEP UPDAT COUNTINLOTS OF LOVEME XXXXX.,Personal,uci,False,,5
Yes we were outside for like 2 hours. And I called my whole family to wake them up cause it started at 1 am,Personal,uci,False,,5
Yup... From what i remb... I think should be can book... ,Personal,uci,False,,5
This is the 2nd time we have tried to contact u. U have won the £1450 prize to claim just call 09053750005 b4 310303. T&Cs/stop SMS 08718725756. 140ppm,Spam,uci,False,,4
KYC update pending for A/c XX5245. Please visit your nearest SBI branch by 09-04-26 to avoid restrictions.,Bank,synthetic,False,Bank_12,1
DELIVERY ATTEMPT FAILED FOR ORDER OD9616311347. WE WILL RETRY TOMORROW. -DELHIVERY,Delivery,synthetic,False,Delivery_5,3
Data exhausted? Get 2GB extra with Rs.205 booster pack. Dial *121# or visit app.,Promo,synthetic,False,Promo_11,2
"K, if u bored up just come to my home..",Personal,uci,False,,5
mega sale! get 20% off on all products at swiggy. shop now: bit.ly/ajbaum t&c apply.,Promo,synthetic,False,Promo_0,2
Use 938317 to complete your ICICI Bank registration. Valid till 30 mins.,OTP,synthetic,False,OTP_4,0
Ok lor but not too early. Me still having project meeting now.,Personal,uci,False,,5
Auto-pay of Rs.75038 to Hemang is scheduled on 03-01-26 from A/c XX4512. Ensure sufficient balance.,Bank,synthetic,False,Bank_13,1
Pay Rs.5000 on delivery for order OD723899191. -BlueDart,Delivery,synthetic,True,Hard_10,3
Dear Voucher holder Have your next meal on us. Use the following link on your pc 2 enjoy a 2 4 1 dining experiencehttp://www.vouch4me.com/etlp/dining.asp,Spam,uci,False,,4
convert your bob card purchase of rs.958 into easy emis at 0% interest. reply yes.,Promo,synthetic,False,Promo_15,2
Your  Swiggy membership expires soon. Renew now & save 60%: bit.ly/iPNdGV,Promo,synthetic,False,Promo_9,2
Your Amazon order OD4415840192 has been shipped via Delhivery. Track: bit.ly/cIZLtm STOP to opt out,Delivery,synthetic,False,Delivery_0,3
Dear customer ur Kotak account will be blocked! Update KYC now: bit.ly/KmWQwE,Spam,synthetic,True,Hard_11,4
S:)s.nervous  &lt;#&gt; :),Personal,uci,False,,5
Swiggy  Big Billion Days! Up to 50% off + extra 10% with HDFC Bank cards. Hurry!,Promo,synthetic,False,Promo_1,2
Rs.11135 debited from A/c XX4029 on 08-04-26 to Upadhriti. Avl Bal: Rs.435796. -BOB,Bank,synthetic,False,Bank_0,1
There is no sense in my foot and penis.,Personal,uci,False,,5
Last day! BigBasket clearance sale ends tonight. Up to 20% off sitewide.,Promo,synthetic,False,Promo_8,2
Ok lor... Sony ericsson salesman... I ask shuhui then she say quite gd 2 use so i considering...,Personal,uci,False,,5
Hungry? Get 10% off up to Rs.83 on your next 3 orders. Code: EAT12. -Zomato,Promo,synthetic,False,Promo_12,2
LOVED YOUR RECENT FLIPKART ORDER? REORDER IN 1 TAP AND GET 80% OFF TODAY.,Promo,synthetic,False,Promo_22,2
YOUR ONE TIME PASSWORD IS 599973 FOR SBI. PLEASE DO NOT SHARE IT.,OTP,synthetic,False,OTP_5,0
"FREE RING TONE just text ""POLYS"" to 87131. Then every week get a new tone. 0870737910216yrs only £1.50/wk.",Spam,uci,False,,4
"Hey, my new number is +912512176924. Save it! Meet at 8?",Personal,synthetic,True,Hard_4,5
Congrats! Nokia 3650 video camera phone is your Call 09066382422 Calls cost 150ppm Ave call 3mins vary from mobiles 16+ Close 300603 post BCM4284 Ldn WC1N3XX,Spam,uci,False,,4
Order OD5613779575 packed and ready! Expected dispatch by 05 Jul. -Flipkart T&C apply,Delivery,synthetic,False,Delivery_8,3
  Hemal from XpressBees is arriving with your package. Contact: 08532103070,Delivery,synthetic,False,Delivery_6,3
Recharge with INR 150 & get 40% extra talktime. Offer valid today only!,Promo,synthetic,False,Promo_5,2
YOUR SWIGGY MEMBERSHIP EXPIRES SOON. RENEW NOW & SAVE 40%: BIT.LY/JFQZGR,Promo,synthetic,False,Promo_9,2
Coupon  7429 gives you free delivery on orders above Rs.3911. -Amazon,Promo,synthetic,True,Hard_1,2
  Order OD6584828840 packed and ready! Expected dispatch by 01 Jul. -Myntra,Delivery,synthetic,False,Delivery_8,3
Your Uber code: 5935 T&C apply,OTP,synthetic,True,Hard_8,0
You have 3911 reward points expiring on 04 Jul. Redeem on Myntra. STOP to opt out,Promo,synthetic,False,Promo_20,2
Is that what time you want me to come?,Personal,uci,False,,5
Rs.41146 credited to A/c XX5525 on 03-05-26. Avl Bal: Rs.413877. -ICICI Bank,Bank,synthetic,False,Bank_1,1
I'll meet you in the lobby,Personal,uci,False,,5
Low balance alert: A/c XX1626 balance is Rs.162237. Maintain min balance to avoid charges.,Bank,synthetic,False,Bank_10,1
Enter 941338 to verify your mobile number for Zomato.,OTP,synthetic,False,OTP_10,0
Out for delivery: Your Flipkart package OD5882640825 will arrive today by 12 PM -Delhivery,Delivery,synthetic,False,Delivery_1,3
UPI payment of Rs.2815 to Lavanya successful. UPI Ref: 198264327318. -BOB,Bank,synthetic,False,Bank_6,1
Somebody should go to andros and steal ice,Personal,uci,False,,5
you have 771 reward points expiring on 04 jul. redeem on flipkart.,Promo,synthetic,False,Promo_20,2
208284 is your OTP for Zomato login. Valid for 15 minutes. Do not share with anyone.,OTP,synthetic,False,OTP_0,0
Enter 220602 to verify your mobile number for BOB.,OTP,synthetic,False,OTP_10,0
"Just checked out, heading out to drop off my stuff now",Personal,uci,False,,5
Your HDFC Bank code: 633127,OTP,synthetic,False,OTP_8,0
* Was thinking about chuckin ur red green n black trainners 2 save carryin them bac on train,Personal,uci,False,,5
Dear got bus directly to calicut,Personal,uci,False,,5
Delivery attempt failed for order OD3875804927. We will retry tomorrow. -Delhivery,Delivery,synthetic,False,Delivery_5,3
Your FD of Rs.68521 matures on 24-05-26. Renew or withdraw via netbanking. -Kotak T&C apply,Bank,synthetic,False,Bank_14,1
Are you this much buzy,Personal,uci,False,,5
This message is free. Welcome to the new & improved Sex & Dogging club! To unsubscribe from this service reply STOP. msgs@150p 18 only,Spam,uci,False,,4
It has everything to do with the weather. Keep extra warm. Its a cold but nothing serious. Pls lots of vitamin c,Personal,uci,False,,5
  Salary of Rs.93405 credited to A/c XX8411. Avl Bal: Rs.60769. -Kotak,Bank,synthetic,False,Bank_7,1
out for delivery: your flipkart package od2397711261 will arrive today by 12 pm. -dtdc,Delivery,synthetic,False,Delivery_1,3
"K, wait chikku..il send aftr  &lt;#&gt; mins",Personal,uci,False,,5
Did u fix the teeth?if not do it asap.ok take care.,Personal,uci,False,,5
I enjoy watching and playing football and basketball. Anything outdoors. And you?,Personal,uci,False,,5
I can't believe how attached I am to seeing you every day. I know you will do the best you can to get to me babe. I will go to teach my class at your midnight,Personal,uci,False,,5
Items  in your order history are back in stock at Flipkart. Prices start Rs.1750.,Promo,synthetic,False,Promo_23,2
Your A/c XX4584 is debited with Rs.74901 on 31-03-26. Info: UPI-Patrick. Bal: Rs.229616 STOP to opt out,Bank,synthetic,False,Bank_2,1
Cheque no. 952579953855 for INR 79609 has been cleared from A/c XX2169. -PNB,Bank,synthetic,False,Bank_8,1
Salary of Rs.46843 credited to A/c XX3277. Avl Bal: Rs.378425. -SBI,Bank,synthetic,False,Bank_7,1
Delivery attempt failed for order OD1726441537. We will retry tomorrow. -XpressBees,Delivery,synthetic,False,Delivery_5,3
"By the way, make sure u get train to worc foregate street not shrub hill. Have fun night x",Personal,uci,False,,5
638267 is ur Netflix security code. Anyone asking for it is a scammer.,OTP,synthetic,False,OTP_9,0
Pay Rs.886 on delivery for order OD320410046. -BlueDart,Delivery,synthetic,True,Hard_10,3
664320  is your OTP for Uber login. Valid for 15 minutes. Do not share with anyone.,OTP,synthetic,False,OTP_0,0
Hiya. How was last night? I've been naughty and bought myself clothes and very little ... Ready for more shopping tho! What kind of time do you wanna meet?,Personal,uci,False,,5
Your GPay code: 893964,OTP,synthetic,False,OTP_8,0
Sry da..jst nw only i came to home..,Personal,uci,False,,5
Last day! Zomato clearance sale ends tonight Up to 10% off sitewide,Promo,synthetic,False,Promo_8,2
And miss vday the parachute and double coins??? U must not know me very well...,Personal,uci,False,,5
use 191617 to complete your hotstar registration. valid till 10 mins.,OTP,synthetic,False,OTP_4,0
You have 1200 reward points expiring on 03 Jul. Redeem on Myntra.,Promo,synthetic,False,Promo_20,2
use code 4646 at checkout for 10% off at swiggy!,Promo,synthetic,True,Hard_0,2
UPI payment of Rs.83857 to Falan successful. UPI Ref: 124477515137. -ICICI Bank,Bank,synthetic,False,Bank_6,1
"How are you, my Love ? Are you with your brother ? Time to talk english with him ? *grins* Say : Hey Muhommad, Penny says hello from across the sea",Personal,uci,False,,5
Items in your order history are back in stock at BigBasket. Prices start Rs.1727.,Promo,synthetic,False,Promo_23,2
That's one of the issues but california is okay. No snow so its manageable,Personal,uci,False,,5
  Items in your order history are back in stock at Flipkart. Prices start Rs.740.,Promo,synthetic,False,Promo_23,2
Ur order OD4238487464 from Meesho is arriving tomorrow. Keep Rs.1529 ready for COD.,Delivery,synthetic,False,Delivery_3,3
Aiyo u so poor thing... Then u dun wan 2 eat? U bathe already?,Personal,uci,False,,5
Your A/c XX5262 is debited with Rs.73529 on 10-06-26. Info: UPI-Vincent. Bal: Rs.150434 T&C apply,Bank,synthetic,False,Bank_2,1
UPI payment of Rs.17216 to Hardik successful. UPI Ref: 305508595784. -BOB,Bank,synthetic,False,Bank_6,1
  Cheque no. 954806084789 for Rs.44262 has been cleared from A/c XX4906. -PNB,Bank,synthetic,False,Bank_8,1
  EMI of Rs.4161 due on 12-01-26 for loan A/c XX8724. Pay now to avoid charges. -BOB,Bank,synthetic,False,Bank_4,1
Low balance alert: A/c XX8635 balance is Rs.477672. Maintain min balance to avoid charges.,Bank,synthetic,False,Bank_10,1
973964 - use this to sign in. Never share this code with anyone.,OTP,synthetic,True,Hard_7,0
Rs.11907 credited to A/c XX7166 on 25-03-26. Avl Bal: Rs.10916. -BOB STOP to opt out,Bank,synthetic,False,Bank_1,1
"I can't right this second, gotta hit people up first",Personal,uci,False,,5
G-741969 is your Google verification code,OTP,synthetic,False,OTP_12,0
Cheque no. 828384604872 for Rs.73288 has been cleared from A/c XX1003. -Axis Bank,Bank,synthetic,False,Bank_8,1
YOUR ORDER OD6003706039 FROM AMAZON IS ARRIVING TOMORROW. KEEP RS.3124 READY FOR COD.,Delivery,synthetic,False,Delivery_3,3
"hi aadi, unlock rs.1514 off your first order at zomato with code new80.",Promo,synthetic,False,Promo_7,2
G-61241 is your Google verification code,OTP,synthetic,False,OTP_12,0
Ü thk of wat to eat tonight.,Personal,uci,False,,5
"Hey babe, sorry i didn't get sooner. Gary can come and fix it cause he thinks he knows what it is but he doesn't go as far a Ptbo and he says it will cost  &lt;#&gt;  bucks. I don't know if it might be cheaper to find someone there ? We don't have any second hand machines at all right now, let me know what you want to do babe",Personal,uci,False,,5
IRCTC: Special trains added for festive season. Book early & save up to 20%. STOP to opt out,Promo,synthetic,False,Promo_17,2
His bday real is in april .,Personal,uci,False,,5
How do you plan to manage that,Personal,uci,False,,5
Your Swiggy code: 977778,OTP,synthetic,False,OTP_8,0
MEGA SALE! Get 30% OFF on all products at Flipkart. Shop now: bit.ly/ZcreYp T&C apply.,Promo,synthetic,False,Promo_0,2
Me too. Mark is taking forever to pick up my prescription and the pain is coming back.,Personal,uci,False,,5
Dude we should go sup again,Personal,uci,False,,5
Oh really?? Did you make it on air? What's your talent?,Personal,uci,False,,5
Okey dokey swashbuckling stuff what oh.,Personal,uci,False,,5
Hungry?  Get 20% off up to Rs.694 on your next 3 orders. Code: EAT18. -Swiggy,Promo,synthetic,False,Promo_12,2
"I promise to take good care of you, princess. I have to run now. Please send pics when you get a chance. Ttyl!",Personal,uci,False,,5
Nope... Think i will go for it on monday... Sorry i replied so late,Personal,uci,False,,5
"idc get over here, you are not weaseling your way out of this shit twice in a row",Personal,uci,False,,5
Shuhui has bought ron's present it's a swatch watch...,Personal,uci,False,,5
Your Uber code: 7808,OTP,synthetic,True,Hard_8,0
Ok... Thanx... Gd nite 2 ü too...,Personal,uci,False,,5
911013 is your verification code for Flipkart. Never share your OTP.,OTP,synthetic,False,OTP_3,0
"Aight, sounds good. When do you want me to come down?",Personal,uci,False,,5
mega sale! get 50% off on all products at meesho. shop now: bit.ly/zjjdkb t&c apply.,Promo,synthetic,False,Promo_0,2
G-347793 is your Google verification code.,OTP,synthetic,False,OTP_12,0
Am surfing online store. For offers do you want to buy any thing.,Personal,uci,False,,5
75817  is your Flipkart security code. Anyone asking for it is a scammer.,OTP,synthetic,False,OTP_9,0
Delivered! Your Swiggy order OD2014619289 was delivered on 04 Jul. Rate your experience: bit.ly/cqxhNr,Delivery,synthetic,False,Delivery_2,3
Exclusive for you! Buy 1 Get 1 FREE at BigBasket. Limited period offer. Visit bit.ly/aZRDiX,Promo,synthetic,False,Promo_3,2
I've got it down to a tea. not sure which flavour,Personal,uci,False,,5
You call times job today ok umma and ask them to speed up,Personal,uci,False,,5
Convert your ICICI Bank card purchase of Rs.500 into easy EMIs at 0% interest. Reply YES.,Promo,synthetic,False,Promo_15,2
"As usual..iam fine, happy &amp; doing well..:)",Personal,uci,False,,5
If I get there before you after your ten billion calls and texts so help me god,Personal,uci,False,,5
Convert your Kotak card purchase of Rs.1430 into easy EMIs at 0% interest Reply YES,Promo,synthetic,False,Promo_15,2
913186 - use this code to sign in to IRCTC. Never share it with anyone.,OTP,synthetic,False,OTP_7,0
  G-972313 is your Google verification code.,OTP,synthetic,False,OTP_12,0
Auto-pay of Rs.27204 to Wyatt is scheduled on 05-05-26 from A/c XX8798 Ensure sufficient balance,Bank,synthetic,False,Bank_13,1
Welp apparently he retired,Personal,uci,False,,5
Good Morning my Dear........... Have a great &amp; successful day.,Personal,uci,False,,5
482002  is your SBI security code. Anyone asking for it is a scammer.,OTP,synthetic,False,OTP_9,0
  KYC update pending for A/c XX7199. Please visit your nearest BOB branch by 17-01-26 to avoid restrictions.,Bank,synthetic,False,Bank_12,1
"Some friends want me to drive em someplace, probably take a while",Personal,uci,False,,5
  BigBasket: Your cart misses you! Complete purchase now & get 10% off. bit.ly/BQwBVH,Promo,synthetic,False,Promo_4,2
"Best msg: It's hard to be with a person, when u know that one more step foward will make u fall in love.. &amp; One step back can ruin ur friendship.. good night:-) ...",Personal,uci,False,,5
  821058 - use this to sign in. Never share this code with anyone.,OTP,synthetic,True,Hard_7,0
Hai priya are you right. What doctor said pa. Where are you.,Personal,uci,False,,5
761995  is your Flipkart security code. Anyone asking for it is a scammer.,OTP,synthetic,False,OTP_9,0
Out for delivery: Your Zomato package OD7539116596 will arrive today by 6 PM. -DTDC,Delivery,synthetic,False,Delivery_1,3
Yes see ya not on the dot,Personal,uci,False,,5
Enter 508694 to verify your mobile number for Axis Bank.,OTP,synthetic,False,OTP_10,0
599308 - use this code to sign in to Amazon. Never share it with anyone.,OTP,synthetic,False,OTP_7,0
X2  &lt;#&gt; . Are you going to get that,Personal,uci,False,,5
Tap  to verify: 253079. This code expires shortly.,OTP,synthetic,True,Hard_9,0
<#> 621024 is your Meesho code. Valid 10 min. hA8sk2Lqp3,OTP,synthetic,False,OTP_13,0
GPay: 830974 is your login OTP. It expires in 15 minutes.,OTP,synthetic,False,OTP_6,0
Use  code 3894 at checkout for 50% off at Zomato!,Promo,synthetic,True,Hard_0,2
"Jay told me already, will do",Personal,uci,False,,5
<#> 725754 IS YOUR BOB CODE. VALID 2 MIN. HA8SK2LQP3,OTP,synthetic,False,OTP_13,0
Hey. For me there is no leave on friday. Wait i will ask my superior and tell you..,Personal,uci,False,,5
Ugh I don't wanna get out of bed. It's so warm.,Personal,uci,False,,5
I'm home.,Personal,uci,False,,5
  Exclusive for you! Buy 1 Get 1 FREE at Zomato. Limited period offer. Visit bit.ly/MBEZRG,Promo,synthetic,False,Promo_3,2
Sorry! U can not unsubscribe yet. THE MOB offer package has a min term of 54 weeks> pls resubmit request after expiry. Reply THEMOB HELP 4 more info,Spam,uci,False,,4
Flight fares dropped! BOM-PNQ from Rs.466. Book on MakeMyTrip before midnight.,Promo,synthetic,False,Promo_16,2
Is xy in ur car when u picking me up?,Personal,uci,False,,5
Ur Myntra membership expires soon. Renew now & save 10%: bit.ly/CWIAHR,Promo,synthetic,False,Promo_9,2
OUT FOR DELIVERY: YOUR FLIPKART PACKAGE OD5310180043 WILL ARRIVE TODAY BY 9 PM. -DELHIVERY,Delivery,synthetic,False,Delivery_1,3
Work from home! Earn Rs.1076359/month. Join: bit.ly/WlpQFR,Spam,synthetic,True,Hard_14,4
Your one time password is 568554 for Myntra. Please do not share it.,OTP,synthetic,False,OTP_5,0
  MEGA SALE! Get 80% OFF on all products at Zomato. Shop now: bit.ly/SKspof T&C apply.,Promo,synthetic,False,Promo_0,2
<#> 78393 IS YOUR HOTSTAR CODE. VALID 15 MIN. HA8SK2LQP3,OTP,synthetic,False,OTP_13,0
My tuition is at 330. Hm we go for the 1120 to 1205 one? Do you mind?,Personal,uci,False,,5
Ur Hotstar plan renews on 01 Jul at Rs.263. Upgrade to 4K for Rs.463/month.,Promo,synthetic,False,Promo_18,2
"The world suffers a lot... Not because of the violence of bad people. But because of the silence of good people!, Gud night....",Personal,uci,False,,5
"Had your contract mobile 11 Mnths? Latest Motorola, Nokia etc. all FREE! Double Mins & Text on Orange tariffs. TEXT YES for callback, no to remove from records",Spam,uci,False,,4
Delivery attempt failed for order OD3613134047. We will retry tomorrow. -DTDC -TM,Delivery,synthetic,False,Delivery_5,3
Items  in your order history are back in stock at Flipkart. Prices start Rs.209.,Promo,synthetic,False,Promo_23,2
"Just got part Nottingham - 3 hrs 63miles. Good thing i love my man so much, but only doing 40mph. Hey ho",Personal,uci,False,,5
Bloomberg -Message center +447797706009 Why wait? Apply for your future http://careers. bloomberg.com,Spam,uci,False,,4
Tap to verify: 453339. This code expires shortly. -TM,OTP,synthetic,True,Hard_9,0
AMAZON: YOUR CART MISSES YOU! COMPLETE PURCHASE NOW & GET 70% OFF. BIT.LY/EZGYOY,Promo,synthetic,False,Promo_4,2
189814 is your OTP for Meesho login. Valid for 10 minutes. Do not share with anyone.,OTP,synthetic,False,OTP_0,0
Items in your order history are back in stock at Swiggy. Prices start INR 999.,Promo,synthetic,False,Promo_23,2
Its a part of checking IQ,Personal,uci,False,,5
  278246 is your Myntra security code. Anyone asking for it is a scammer.,OTP,synthetic,False,OTP_9,0
Exclusive for you! Buy 1 Get 1 FREE at Meesho Limited period offer Visit bitly/EuIQjG,Promo,synthetic,False,Promo_3,2
RS.1674 CREDITED TO A/C XX8025 ON 12-05-26. AVL BAL: RS.258829. -BOB,Bank,synthetic,False,Bank_1,1
Better. Made up for Friday and stuffed myself like a pig yesterday. Now I feel bleh. But at least its not writhing pain kind of bleh.,Personal,uci,False,,5
University of southern california.,Personal,uci,False,,5
Use code 2232 at checkout for 25% off at Flipkart!,Promo,synthetic,True,Hard_0,2
Low balance alert: A/c XX8783 balance is Rs.348723. Maintain min balance to avoid charges.,Bank,synthetic,False,Bank_10,1
Wow v v impressed. Have funs shopping!,Personal,uci,False,,5
"Actually nvm, got hella cash, we still on for  &lt;#&gt; ish?",Personal,uci,False,,5
Ok not a problem will get them a taxi. C ing  tomorrow and tuesday. On tuesday think we r all going to the cinema. ,Personal,uci,False,,5
PRIVATE! Your 2003 Account Statement for shows 800 un-redeemed S. I. M. points. Call 08719899230 Identifier Code: 41685 Expires 07/11/04,Spam,uci,False,,4
Im at arestaurant eating squid! i will be out about 10:30 wanna dosomething or is that to late?,Personal,uci,False,,5
181423 is your OTP for Kotak login. Valid for 30 minutes. Do not share with anyone.,OTP,synthetic,False,OTP_0,0
out for delivery: your meesho package od4431103680 will arrive today by 9 pm. -bluedart,Delivery,synthetic,False,Delivery_1,3
162001 is your OTP for Hotstar login. Valid for 30 minutes. Do not share with anyone.,OTP,synthetic,False,OTP_0,0
  120421 - use this code to sign in to PNB. Never share it with anyone.,OTP,synthetic,False,OTP_7,0
your flipkart code: 343860,OTP,synthetic,False,OTP_8,0
"Hey j! r u feeling any better, hopeSo hunny. i amnow feelin ill & ithink i may have tonsolitusaswell! damn iam layin in bedreal bored. lotsof luv me xxxx",Personal,uci,False,,5
Pay Rs.253 on delivery for order OD807295743. -Ekart,Delivery,synthetic,True,Hard_10,3
"Also sir, i sent you an email about how to log into the usc payment portal. I.ll send you another message that should explain how things are back home. Have a great weekend.",Personal,uci,False,,5
Dear customer ur HDFC Bank account will be blocked! Update KYC now: bit.ly/heaMKf,Spam,synthetic,True,Hard_11,4
Interest of Rs.80290 credited to your FD A/c XX1671. -SBI,Bank,synthetic,False,Bank_9,1
Your  SBI code: 587987,OTP,synthetic,False,OTP_8,0
Draw va?i dont think so:),Personal,uci,False,,5
You have won a Nokia 7250i. This is what you get when you win our FREE auction. To take part send Nokia to 86021 now. HG/Suite342/2Lands Row/W1JHL 16+ ,Spam,uci,False,,4
When you guys planning on coming over?,Personal,uci,False,,5
Your Swiggy order OD5340678971 has been shipped via DTDC. Track: bit.ly/esPPUq,Delivery,synthetic,False,Delivery_0,3
Order  OD6757200069 packed and ready! Expected dispatch by 02 Jul. -Swiggy,Delivery,synthetic,False,Delivery_8,3
Convert your ICICI Bank card purchase of Rs.1613 into easy EMIs at 0% interest. Reply YES.,Promo,synthetic,False,Promo_15,2
"Doing nothing, then u not having dinner w us?",Personal,uci,False,,5
Coupon 9397 gives you free delivery on orders above Rs.2036. -Myntra,Promo,synthetic,True,Hard_1,2
"hey, my new number is +919326885410. save it! meet at noon?",Personal,synthetic,True,Hard_4,5
your credit card xx1486 statement is ready. total due: rs.86166. min due: rs.841. -icici bank,Bank,synthetic,False,Bank_5,1
Ok... But bag again..,Personal,uci,False,,5
Convert your BOB card purchase of Rs.1908 into easy EMIs at 0% interest. Reply YES.,Promo,synthetic,False,Promo_15,2
Aww you must be nearly dead!Well Jez isComing over toDo some workAnd that whillTake forever!,Personal,uci,False,,5
Use  code 4084 at checkout for 50% off at Zomato!,Promo,synthetic,True,Hard_0,2
Coupon 8763 gives you free delivery on orders above Rs.621. -Meesho,Promo,synthetic,True,Hard_1,2
Your A/c XX6958 is debited with INR 22521 on 18-04-26. Info: UPI-Eshana. Bal: INR 471763,Bank,synthetic,False,Bank_2,1
CHEQUE NO. 699686725156 FOR RS.53941 HAS BEEN CLEARED FROM A/C XX1483. -BOB,Bank,synthetic,False,Bank_8,1
RS.37358 CREDITED TO A/C XX7217 ON 12-05-26. AVL BAL: RS.490118. -BOB,Bank,synthetic,False,Bank_1,1
Its a valentine game. . . Send dis msg to all ur friends. .. If 5 answers r d same then someone really loves u. Ques- which colour suits me the best?rply me,Personal,uci,False,,5
484883 - use this code to sign in to HDFC Bank. Never share it with anyone.,OTP,synthetic,False,OTP_7,0
Your  A/c XX5754 is debited with Rs.18450 on 15-06-26. Info: UPI-Mugdha. Bal: Rs.489719,Bank,synthetic,False,Bank_2,1
U meet other fren dun wan meet me ah... Muz b a guy rite...,Personal,uci,False,,5
Phony £350 award - Todays Voda numbers ending XXXX are selected to receive a £350 award. If you have a match please call 08712300220 quoting claim code 3100 standard rates app,Spam,uci,False,,4
K and you're sure I don't have to have consent forms to do it :V,Personal,uci,False,,5
Oh... Lk tt den we take e one tt ends at cine lor... Dun wan yogasana oso can... ,Personal,uci,False,,5
Hey i will be really pretty late... You want to go for the lesson first? I will join you. I'm only reaching tp mrt,Personal,uci,False,,5
KYC update pending for A/c XX5949. Please visit your nearest Axis Bank branch by 19-03-26 to avoid restrictions.,Bank,synthetic,False,Bank_12,1
573952 is your Hotstar security code. Anyone asking for it is a scammer.,OTP,synthetic,False,OTP_9,0
Going to take your babe out ?,Personal,uci,False,,5
185189 is your OTP for Hotstar login. Valid for 5 minutes. Do not share with anyone.,OTP,synthetic,False,OTP_0,0
Your FD of Rs.57285 matures on 30-05-26 Renew or withdraw via netbanking -Kotak,Bank,synthetic,False,Bank_14,1
Auto-pay of INR 93971 to Nihal is scheduled on 07-04-26 from A/c XX3596. Ensure sufficient balance.,Bank,synthetic,False,Bank_13,1
I only work from mon to thurs but Sat i cant leh... Booked liao... Which other day u free?,Personal,uci,False,,5
9751 - USE THIS CODE TO SIGN IN TO PHONEPE. NEVER SHARE IT WITH ANYONE.,OTP,synthetic,False,OTP_7,0
"Tunji, how's the queen? how are you doing. This is just wishing you a great day. Abiola.",Personal,uci,False,,5
Out for delivery: Your Amazon package OD4056582775 will arrive today by 3 PM. -Delhivery,Delivery,synthetic,False,Delivery_1,3
"The gas station is like a block away from my house, you'll drive right by it since armenia ends at swann and you have to take howard",Personal,uci,False,,5
"URGENT! Your mobile number *************** WON a £2000 Bonus Caller prize on 10/06/03! This is the 2nd attempt to reach you! Call 09066368753 ASAP! Box 97N7QP, 150ppm",Spam,uci,False,,4
RS.772 CASHBACK CREDITED TO YOUR PAYTM WALLET. USE ON YOUR NEXT ORDER.,Promo,synthetic,False,Promo_21,2
Yeah I don't see why not,Personal,uci,False,,5
Delivered! Your Amazon order OD3530077554 was delivered on 02 Jul. Rate your experience: bit.ly/Dicawd,Delivery,synthetic,False,Delivery_2,3
Yes:)from last week itself i'm taking live call.,Personal,uci,False,,5
MEGA SALE! Get 30% OFF on all products at BigBasket. Shop now: bit.ly/XGXYum T&C apply.,Promo,synthetic,False,Promo_0,2
Vedika from BlueDart is arriving with your package. Contact: 05762002066,Delivery,synthetic,False,Delivery_6,3
Januja from BlueDart is arriving with your package. Contact: 09399481628,Delivery,synthetic,False,Delivery_6,3
what are your new years plans?,Personal,uci,False,,5
  Low balance alert: A/c XX1073 balance is Rs.27899. Maintain min balance to avoid charges.,Bank,synthetic,False,Bank_10,1
493400 - use this code to sign in to HDFC Bank. Never share it with anyone.,OTP,synthetic,False,OTP_7,0
  You have 3680 reward points expiring on 06 Jul. Redeem on Meesho.,Promo,synthetic,False,Promo_20,2
Auntie huai juan never pick up her phone,Personal,uci,False,,5
Interest of Rs.95857 credited to your FD A/c XX2791. -PNB,Bank,synthetic,False,Bank_9,1
Rs.82547 credited to A/c XX4694 on 03-07-26. Avl Bal: Rs.299524. -ICICI Bank,Bank,synthetic,False,Bank_1,1
Ladies first and genus second k .,Personal,uci,False,,5
"Got what it takes 2 take part in the WRC Rally in Oz? U can with Lucozade Energy! Text RALLY LE to 61200 (25p), see packs or lucozade.co.uk/wrc & itcould be u!",Spam,uci,False,,4
Your A/c XX3757 is debited with Rs.37362 on 20-02-26 Info: UPI-Charvi Bal: Rs.67551,Bank,synthetic,False,Bank_2,1
Wat time r ü going to xin's hostel?,Personal,uci,False,,5
RS.51051 CREDITED TO A/C XX2057 ON 01-07-26. AVL BAL: RS.268269. -AXIS BANK,Bank,synthetic,False,Bank_1,1
UPI payment of Rs.11202 to Yash successful. UPI Ref: 907871090164. -Kotak,Bank,synthetic,False,Bank_6,1
I'm going 2 orchard now laready me reaching soon. U reaching?,Personal,uci,False,,5
I wan but too early lei... Me outside now wun b home so early... Neva mind then...,Personal,uci,False,,5
Ur Paytm code: 309887,OTP,synthetic,False,OTP_8,0
Work from home! Earn Rs.217734/month. Join: bit.ly/GyGewU,Spam,synthetic,True,Hard_14,4
Auto-pay of Rs.77168 to Chandresh is scheduled on 06-06-26 from A/c XX9427. Ensure sufficient balance.,Bank,synthetic,False,Bank_13,1
Tap  to verify: 923350. This code expires shortly.,OTP,synthetic,True,Hard_9,0
Its a valentine game. . . send dis msg to all ur friends. . If 5 answers r d same then someone really loves u. . Ques- which colour suits me the best?,Personal,uci,False,,5
25p 4 alfie Moon's Children in need song on ur mob. Tell ur m8s. Txt Tone charity to 8007 for Nokias or Poly charity for polys: zed 08701417012 profit 2 charity.,Spam,uci,False,,4
  Your BigBasket order OD5451368319 has been shipped via BlueDart. Track: bit.ly/EdHJfR,Delivery,synthetic,False,Delivery_0,3
Low balance alert: A/c XX5549 balance is Rs.346197. Maintain min balance to avoid charges.,Bank,synthetic,False,Bank_10,1
Enter 720853 to verify your mobile number for Meesho,OTP,synthetic,False,OTP_10,0
"Mmmmmm ... I love you,so much, Ahmad ... I can't wait for this year to begin as every second takes me closer to being at your side. Happy New Year, my love!!",Personal,uci,False,,5
Your Hotstar code: 280468,OTP,synthetic,False,OTP_8,0
  Use code 5224 at checkout for 50% off at Amazon!,Promo,synthetic,True,Hard_0,2
356921 is your verification code for Ola. Never share your OTP.,OTP,synthetic,False,OTP_3,0
Order OD4143952537 packed and ready! Expected dispatch by 06 Jul. -Amazon,Delivery,synthetic,False,Delivery_8,3
LAST DAY! BIGBASKET CLEARANCE SALE ENDS TONIGHT. UP TO 80% OFF SITEWIDE.,Promo,synthetic,False,Promo_8,2
"Mum, i've sent you many many messages since i got here. I just want to know that you are actually getting them. Do enjoy the rest of your day.",Personal,uci,False,,5
Where's my boytoy? I miss you ... What happened?,Personal,uci,False,,5
Let me know how it changes in the next 6hrs. It can even be appendix but you are out of that age range. However its not impossible. So just chill and let me know in 6hrs,Personal,uci,False,,5
Mm feeling sleepy. today itself i shall get that dear,Personal,uci,False,,5
"Sorry, was in the bathroom, sup",Personal,uci,False,,5
Out for delivery: Ur Amazon package OD9603389610 will arrive today by 3 PM. -Delhivery,Delivery,synthetic,False,Delivery_1,3
emi of rs.95982 due on 11-04-26 for loan a/c xx6781. pay now to avoid charges. -axis bank,Bank,synthetic,False,Bank_4,1
  BigBasket: Your cart misses you! Complete purchase now & get 20% off. bit.ly/jIXPwM,Promo,synthetic,False,Promo_4,2
Enter 956570 to verify your mobile number for BigBasket.,OTP,synthetic,False,OTP_10,0
UPI payment of Rs.31839 to Ladli successful. UPI Ref: 587283134157. -Kotak,Bank,synthetic,False,Bank_6,1
YOUR UBER CODE: 5904,OTP,synthetic,True,Hard_8,0
Delivery attempt failed for order OD2713019484. We will retry tomorrow. -DTDC STOP to opt out,Delivery,synthetic,False,Delivery_5,3
Your Meesho order OD9745487511 has been shipped via Ekart. Track: bit.ly/XfMDGV,Delivery,synthetic,False,Delivery_0,3
209234 - use this to sign in. Never share this code with anyone.,OTP,synthetic,True,Hard_7,0
Your order OD3119948015 from Zomato is arriving tomorrow. Keep Rs.1362 ready for COD. STOP to opt out,Delivery,synthetic,False,Delivery_3,3
Hungry? Get 60% off up to Rs.1690 on your next 3 orders. Code: EAT82. -Zomato,Promo,synthetic,False,Promo_12,2
Missed our shows? Come back to Prime Video at 50% off for 3 months. Resubscribe: bit.ly/UbTgGA,Promo,synthetic,False,Promo_19,2
Thanks a lot for your wishes on my birthday. Thanks you for making my birthday truly memorable.,Personal,uci,False,,5
Ola: 736887 is your login OTP. It expires in 15 minutes.,OTP,synthetic,False,OTP_6,0
ICICI Bank: 764116 is your login OTP. It expires in 30 minutes.,OTP,synthetic,False,OTP_6,0
Tap to verify: 287284. This code expires shortly.,OTP,synthetic,True,Hard_9,0
  G-175618 is your Google verification code.,OTP,synthetic,False,OTP_12,0
tap & spile at seven. * Is that pub on gas st off broad st by canal. Ok?,Personal,uci,False,,5
COUPON 9223 GIVES YOU FREE DELIVERY ON ORDERS ABOVE RS.4871. -MYNTRA,Promo,synthetic,True,Hard_1,2
I was gonna ask you lol but i think its at 7,Personal,uci,False,,5
Your Uber code: 9600,OTP,synthetic,True,Hard_8,0
Order OD6641803091 packed and ready! Expected dispatch by 04 Jul. -Swiggy,Delivery,synthetic,False,Delivery_8,3
Your Hotstar plan renews on 02 Jul at Rs.1790. Upgrade to 4K for Rs.401/month.,Promo,synthetic,False,Promo_18,2
Waiting in e car 4 my mum lor. U leh? Reach home already?,Personal,uci,False,,5
How long does applebees fucking take,Personal,uci,False,,5
Did you catch the bus ? Are you frying an egg ? Did you make a tea? Are you eating your mom's left over dinner ? Do you feel my Love ?,Personal,uci,False,,5
KYC UPDATE PENDING FOR A/C XX1267. PLEASE VISIT YOUR NEAREST AXIS BANK BRANCH BY 12-01-26 TO AVOID RESTRICTIONS.,Bank,synthetic,False,Bank_12,1
KYC UPDATE PENDING FOR A/C XX8980. PLEASE VISIT YOUR NEAREST SBI BRANCH BY 04-06-26 TO AVOID RESTRICTIONS.,Bank,synthetic,False,Bank_12,1
Tone Club: Your subs has now expired 2 re-sub reply MONOC 4 monos or POLYC 4 polys 1 weekly @ 150p per week Txt STOP 2 stop This msg free Stream 0871212025016,Spam,uci,False,,4
KYC update pending for A/c XX9258. Please visit ur nearest ICICI Bank branch by 22-04-26 to avoid restrictions.,Bank,synthetic,False,Bank_12,1
BigBasket: 202012 is your login OTP It expires in 10 minutes,OTP,synthetic,False,OTP_6,0
Delivery attempt failed for order OD2342238662. We will retry tomorrow. -DTDC,Delivery,synthetic,False,Delivery_5,3
Work from home! Earn Rs.1404189/month. Join: bit.ly/qfXEJo,Spam,synthetic,True,Hard_14,4
TAP TO VERIFY: 908857. THIS CODE EXPIRES SHORTLY.,OTP,synthetic,True,Hard_9,0
Your Netflix plan renews on 02 Jul at Rs.93. Upgrade to 4K for Rs.382/month.,Promo,synthetic,False,Promo_18,2
Your A/c XX2355 is debited with Rs.41416 on 10-05-26 Info: UPI-Neha Bal: Rs.319083,Bank,synthetic,False,Bank_2,1
621732  is your verification code for PhonePe. Never share your OTP.,OTP,synthetic,False,OTP_3,0
Ok... C ya...,Personal,uci,False,,5
<#> 822518 is your BigBasket code Valid 10 min hA8sk2Lqp3,OTP,synthetic,False,OTP_13,0
Dear customer ur PNB account will be blocked! Update KYC now: bit.ly/YwNMTh,Spam,synthetic,True,Hard_11,4
Auto-pay of Rs.4844 to Devika is scheduled on 02-04-26 from A/c XX5085. Ensure sufficient balance. -TM,Bank,synthetic,False,Bank_13,1
715854 is ur OTP for BOB login. Valid for 30 minutes. Do not share with anyone.,OTP,synthetic,False,OTP_0,0
Ur one time password is 981655 for BOB. Please do not share it.,OTP,synthetic,False,OTP_5,0
Where are you?when wil you reach here?,Personal,uci,False,,5
Loved your recent Myntra order? Reorder in 1 tap and get 40% off today.,Promo,synthetic,False,Promo_22,2
Should I be stalking u?,Personal,uci,False,,5
I am in a marriage function,Personal,uci,False,,5
Dunno cos i was v late n when i reach they inside already... But we ate spageddies lor... It's e gals who r laughing at me lor...,Personal,uci,False,,5
BEWARE OF FRAUD CALLS ASKING FOR CARD DETAILS. BOB OFFICIALS NEVER ASK FOR PIN OR CVV.,Bank,synthetic,False,Bank_15,1
Hungry? Get 40% off up to Rs.824 on your next 3 orders. Code: EAT39. -Zomato,Promo,synthetic,False,Promo_12,2
"God picked up a flower and dippeditinaDEW, lovingly touched itwhichturnedinto u, and the he gifted tomeandsaid,THIS FRIEND IS 4U",Personal,uci,False,,5
I'm not sure if its still available though,Personal,uci,False,,5
I'm in office now . I will call you  &lt;#&gt;  min:),Personal,uci,False,,5
YOU ARE CHOSEN TO RECEIVE A £350 AWARD! Pls call claim number 09066364311 to collect your award which you are selected to receive as a valued mobile customer.,Spam,uci,False,,4
Ur credit card XX2308 statement is ready. Total due: Rs.3078. Min due: Rs.4233. -HDFC Bank,Bank,synthetic,False,Bank_5,1
"Haha... Where got so fast lose weight, thk muz go 4 a month den got effect... Gee,later we go aust put bk e weight.",Personal,uci,False,,5
"What's up bruv, hope you had a great break. Do have a rewarding semester.",Personal,uci,False,,5
Order OD4015886071 packed and ready! Expected dispatch by 03 Jul. -Meesho,Delivery,synthetic,False,Delivery_8,3
MEGA  SALE! Get 30% OFF on all products at Flipkart. Shop now: bit.ly/DaWrHu T&C apply.,Promo,synthetic,False,Promo_0,2
hi my darlin im on my way to London and we have just been smashed into by another driver! and have a big dent! im really missing u what have u been up to? xxx,Personal,uci,False,,5
Pls go ahead with watts. I just wanted to be sure. Do have a great weekend. Abiola,Personal,uci,False,,5
U should make a fb list,Personal,uci,False,,5
"bro send me rs.1529 on gpay, will return by 02 jul",Personal,synthetic,True,Hard_5,5
Just got outta class gonna go gym.,Personal,uci,False,,5
Ya that one is slow as poo,Personal,uci,False,,5
Haha... can... But i'm having dinner with my cousin...,Personal,uci,False,,5
I am 6 ft. We will be a good combination!,Personal,uci,False,,5
Do we have any spare power supplies,Personal,uci,False,,5
Low balance alert: A/c XX1994 balance is Rs.1352. Maintain min balance to avoid charges.,Bank,synthetic,False,Bank_10,1
If you still havent collected the dough pls let me know so i can go to the place i sent it to get the control number,Personal,uci,False,,5
Exclusive for you! Buy 1 Get 1 FREE at Myntra. Limited period offer. Visit bit.ly/UOPOdj,Promo,synthetic,False,Promo_3,2
I just saw ron burgundy captaining a party boat so yeah,Personal,uci,False,,5
U have 3898 reward points expiring on 04 Jul. Redeem on Meesho.,Promo,synthetic,False,Promo_20,2
What to think no one saying clearly. Ok leave no need to ask her. I will go if she come or not,Personal,uci,False,,5
I luv u soo much u dont understand how special u r 2 me ring u 2morrow luv u xxx,Personal,uci,False,,5
<#> 937152 is your Hotstar code. Valid 5 min. hA8sk2Lqp3,OTP,synthetic,False,OTP_13,0
Yeah I can still give you a ride,Personal,uci,False,,5
Ok no prob...,Personal,uci,False,,5
Jay's getting really impatient and belligerent,Personal,uci,False,,5
get ready to moan and scream :),Personal,uci,False,,5
349489 is your verification code for amazon. never share your otp.,OTP,synthetic,False,OTP_3,0
Ur Uber code: 6846,OTP,synthetic,True,Hard_8,0
When u wana see it then,Personal,uci,False,,5
"Its ok, if anybody asks abt me, u tel them..:-P",Personal,uci,False,,5
Ur Netflix plan renews on 05 Jul at Rs.382. Upgrade to 4K for Rs.403/month.,Promo,synthetic,False,Promo_18,2
enter 347030 to verify your mobile number for zomato.,OTP,synthetic,False,OTP_10,0
Does cinema plus drink appeal tomo? * Is a fr thriller by director i like on at mac at 8.30.,Personal,uci,False,,5
"Bro send me INR 1032 on gpay, will return by 01 Jul",Personal,synthetic,True,Hard_5,5
Ü ready then call me...,Personal,uci,False,,5
I dunno lei... Like dun haf...,Personal,uci,False,,5
"Nimbomsons. Yep phone knows that one. Obviously, cos thats a real word",Personal,uci,False,,5
Auto-pay of Rs.97931 to Aadi is scheduled on 29-05-26 from A/c XX9511. Ensure sufficient balance.,Bank,synthetic,False,Bank_13,1
For many things its an antibiotic and it can be used for chest abdomen and gynae infections even bone infections.,Personal,uci,False,,5
Long beach lor. Expected... U having dinner now?,Personal,uci,False,,5
I'm job profile seems like bpo..,Personal,uci,False,,5
Flight fares dropped! HYD-MAA from Rs.192 Book on MakeMyTrip before midnight,Promo,synthetic,False,Promo_16,2
"Yo, call me when you get the chance, a friend of mine wanted me to ask you about a big order",Personal,uci,False,,5
That is wondarfull song,Personal,uci,False,,5
Then dun wear jeans lor...,Personal,uci,False,,5
"Awesome, lemme know whenever you're around",Personal,uci,False,,5
Not yet. Just i'd like to keep in touch and it will be the easiest way to do that from barcelona. By the way how ru and how is the house?,Personal,uci,False,,5
You have 1586 reward points expiring on 01 Jul. Redeem on Amazon.,Promo,synthetic,False,Promo_20,2
U have a secret admirer who is looking 2 make contact with U-find out who they R*reveal who thinks UR so special-call on 09058094565,Spam,uci,False,,4
interest of rs.97143 credited to your fd a/c xx5279. -hdfc bank,Bank,synthetic,False,Bank_9,1
R ü comin back for dinner?,Personal,uci,False,,5
"Edison has rightly said, ""A fool can ask more questions than a wise man can answer"" Now you know why all of us are speechless during ViVa.. GM,GN,GE,GNT:-)",Personal,uci,False,,5
I am on the way to tirupur.,Personal,uci,False,,5
OTP for delivery of order OD7562571199 is 9106. Share only with the delivery agent. -XpressBees,Delivery,synthetic,False,Delivery_9,3
  Your FD of Rs.12068 matures on 22-06-26. Renew or withdraw via netbanking. -ICICI Bank,Bank,synthetic,False,Bank_14,1
931054 is ur OTP for SBI login. Valid for 5 minutes. Do not share with anyone.,OTP,synthetic,False,OTP_0,0
data exhausted? get 3gb extra with rs.1597 booster pack. dial *121# or visit app.,Promo,synthetic,False,Promo_11,2
Your Jio pack expires tomorrow. Recharge with INR 983 for 1GB/day + unlimited calls.,Promo,synthetic,False,Promo_10,2
http//tms. widelive.com/index. wml?id=820554ad0a1705572711&first=true¡C C Ringtone¡,Spam,uci,False,,4
DELIVERY ATTEMPT FAILED FOR ORDER OD9052364594. WE WILL RETRY TOMORROW. -DELHIVERY,Delivery,synthetic,False,Delivery_5,3
Rs.83595 debited from A/c XX7974 on 04-07-26 to Vidhi. Avl Bal: Rs.186082. -SBI STOP to opt out,Bank,synthetic,False,Bank_0,1
Aiyar dun disturb u liao... Thk u have lots 2 do aft ur cupboard come...,Personal,uci,False,,5
<Forwarded from 88877>FREE entry into our £250 weekly comp just send the word ENTER to 88877 NOW. 18 T&C www.textcomp.com,Spam,uci,False,,4
Data exhausted? Get 2GB extra with Rs.1065 booster pack. Dial *121# or visit app.,Promo,synthetic,False,Promo_11,2
Thats cool! Sometimes slow and gentle. Sonetimes rough and hard :),Personal,uci,False,,5
RGENT! This is the 2nd attempt to contact U!U have WON £1250 CALL 09071512433 b4 050703 T&CsBCM4235WC1N3XX. callcost 150ppm mobilesvary. max£7. 50,Spam,uci,False,,4
  Your Meesho order OD7623180715 has been shipped via Delhivery. Track: bit.ly/NuiblV,Delivery,synthetic,False,Delivery_0,3
Recharge with Rs.935 & get 10% extra talktime Offer valid today only!,Promo,synthetic,False,Promo_5,2
Well done ENGLAND! Get the official poly ringtone or colour flag on yer mobile! text TONE or FLAG to 84199 NOW! Opt-out txt ENG STOP. Box39822 W111WX £1.50,Spam,uci,False,,4
Yes.i'm in office da:),Personal,uci,False,,5
Delivery  attempt failed for order OD3700242143. We will retry tomorrow. -Ekart,Delivery,synthetic,False,Delivery_5,3
"Yes, princess. Toledo.",Personal,uci,False,,5
"K, wat s tht incident?",Personal,uci,False,,5
Your A/c XX9993 is debited with INR 60644 on 20-05-26. Info: UPI-Harita. Bal: INR 286888,Bank,synthetic,False,Bank_2,1
FreeMsg Hi baby wow just got a new cam moby. Wanna C a hot pic? or Fancy a chat?Im w8in 4uTxt / rply CHAT to 82242 Hlp 08712317606 Msg150p 2rcv,Spam,uci,False,,4
Wen did you get so spiritual and deep. That's great,Personal,uci,False,,5
Man this bus is so so so slow. I think you're gonna get there before me,Personal,uci,False,,5
  Your Swiggy order OD7091770082 has been shipped via Delhivery. Track: bit.ly/hVkjEm,Delivery,synthetic,False,Delivery_0,3
"He has lots of used ones babe, but the model doesn't help. Youi have to bring it over and he'll match it up",Personal,uci,False,,5
Im good! I have been thinking about you...,Personal,uci,False,,5
HDFC Bank: 416995 is ur login OTP. It expires in 15 minutes.,OTP,synthetic,False,OTP_6,0
Order OD8883900912 packed and ready! Expected dispatch by 06 Jul. -Meesho,Delivery,synthetic,False,Delivery_8,3
emi of rs.60661 due on 24-06-26 for loan a/c xx8264. pay now to avoid charges. -hdfc bank,Bank,synthetic,False,Bank_4,1
Many times we lose our best ones bcoz we are ,Personal,uci,False,,5
119117 IS YOUR OTP FOR SBI LOGIN. VALID FOR 10 MINUTES. DO NOT SHARE WITH ANYONE.,OTP,synthetic,False,OTP_0,0
When ü login dat time... Dad fetching ü home now?,Personal,uci,False,,5
OUT FOR DELIVERY: YOUR ZOMATO PACKAGE OD4841842209 WILL ARRIVE TODAY BY 12 PM. -BLUEDART,Delivery,synthetic,False,Delivery_1,3
Easy ah?sen got selected means its good..,Personal,uci,False,,5
"Bro send me Rs.3496 on gpay, will return by 01 Jul -TM",Personal,synthetic,True,Hard_5,5
YOUR CREDIT CARD XX5327 STATEMENT IS READY. TOTAL DUE: RS.70456. MIN DUE: RS.4940. -BOB,Bank,synthetic,False,Bank_5,1
Congratulations! You won Rs.1713495 in lucky draw Claim: bitly/JBKoUF,Spam,synthetic,True,Hard_12,4
Ur Kotak code: 33040,OTP,synthetic,False,OTP_8,0
Zomato Big Billion Days! Up to 10% off + extra 10% with ICICI Bank cards Hurry!,Promo,synthetic,False,Promo_1,2
Flipkart: 770957 is your login OTP. It expires in 10 minutes.,OTP,synthetic,False,OTP_6,0
Interest of Rs.57013 credited to your FD A/c XX6190 -Axis Bank,Bank,synthetic,False,Bank_9,1
"Hi Omkaar, unlock Rs.1246 off your first order at Meesho with code NEW96.",Promo,synthetic,False,Promo_7,2
Your PhonePe code: 695015,OTP,synthetic,False,OTP_8,0
Devika from Ekart is arriving with your package. Contact: +916457748951,Delivery,synthetic,False,Delivery_6,3
Your one time password is 181874 for SBI. Please do not share it.,OTP,synthetic,False,OTP_5,0
UPI payment of Rs.74366 to Ishanvi successful. UPI Ref: 554720075719. -PNB,Bank,synthetic,False,Bank_6,1
Your Meesho membership expires soon Renew now & save 30%: bitly/IdrLTk,Promo,synthetic,False,Promo_9,2
"Hi  Indrajit, unlock Rs.820 off your first order at Meesho with code NEW33.",Promo,synthetic,False,Promo_7,2
He remains a bro amongst bros,Personal,uci,False,,5
Cool. So how come you havent been wined and dined before?,Personal,uci,False,,5
I was about to do it when i texted. I finished a long time ago and showered and er'ything!,Personal,uci,False,,5
"Latest Nokia Mobile or iPOD MP3 Player +£400 proze GUARANTEED! Reply with: WIN to 83355 now! Norcorp Ltd.£1,50/Mtmsgrcvd18+",Spam,uci,False,,4
Why didn't u call on your lunch?,Personal,uci,False,,5
Rs.22540 debited from A/c XX6081 on 04-03-26 to Wakeeta. Avl Bal: Rs.59434. -SBI,Bank,synthetic,False,Bank_0,1
I can take you at like noon,Personal,uci,False,,5
"Happy or sad , one thing about past is- ""Its no more"" GOOD MORNING :-):-).",Personal,uci,False,,5
  Your FD of Rs.20866 matures on 02-03-26. Renew or withdraw via netbanking. -PNB,Bank,synthetic,False,Bank_14,1
I surely dont forgot to come:)i will always be in touch in with you:-),Personal,uci,False,,5
Ok how you dear. Did you call chechi,Personal,uci,False,,5
  Your SBI debit card XX3117 has been blocked due to suspicious activity. Visit branch or call 1800-XXX to unblock.,Bank,synthetic,False,Bank_11,1
"Haha yeah I see that now, be there in a sec",Personal,uci,False,,5
<#> 165892 is your BigBasket code. Valid 15 min. hA8sk2Lqp3,OTP,synthetic,False,OTP_13,0
EMI of Rs.16169 due on 28-06-26 for loan A/c XX3529. Pay now to avoid charges. -BOB T&C apply,Bank,synthetic,False,Bank_4,1
862361 is ur BOB security code. Anyone asking for it is a scammer.,OTP,synthetic,False,OTP_9,0
"Come around  &lt;DECIMAL&gt; pm vikky..i'm otside nw, il come by tht time",Personal,uci,False,,5
Your order OD5016276902 from Meesho is arriving tomorrow. Keep Rs.3001 ready for COD.,Delivery,synthetic,False,Delivery_3,3
385591 - use this code to sign in to PNB. Never share it with anyone.,OTP,synthetic,False,OTP_7,0
Order OD5778931019 packed and ready! Expected dispatch by 04 Jul. -Myntra T&C apply,Delivery,synthetic,False,Delivery_8,3
Crazy ar he's married. Ü like gd looking guys not me. My frens like say he's korean leona's fave but i dun thk he is. Aft some thinking mayb most prob i'll go.,Personal,uci,False,,5
She doesnt need any test.,Personal,uci,False,,5
Glad to see your reply.,Personal,uci,False,,5
EMI of Rs.43991 due on 16-06-26 for loan A/c XX3449. Pay now to avoid charges. -SBI,Bank,synthetic,False,Bank_4,1
  Your Myntra order OD2546488600 has been shipped via XpressBees. Track: bit.ly/yrhJSP,Delivery,synthetic,False,Delivery_0,3
I'm ok wif it cos i like 2 try new things. But i scared u dun like mah. Cos u said not too loud.,Personal,uci,False,,5
PNB: 819022 is your login OTP It expires in 5 minutes,OTP,synthetic,False,OTP_6,0
PICK UR FONE UP NOW U DUMB?,Personal,uci,False,,5
emi of rs.87456 due on 14-06-26 for loan a/c xx4827. pay now to avoid charges. -icici bank,Bank,synthetic,False,Bank_4,1
Auto-pay of Rs.52696 to Ridhi is scheduled on 24-03-26 from A/c XX5174. Ensure sufficient balance.,Bank,synthetic,False,Bank_13,1
Enter 711422 to verify your mobile number for Axis Bank.,OTP,synthetic,False,OTP_10,0
Auto-pay of INR 25764 to Azaan is scheduled on 16-03-26 from A/c XX3282. Ensure sufficient balance.,Bank,synthetic,False,Bank_13,1
G-149820 IS YOUR GOOGLE VERIFICATION CODE.,OTP,synthetic,False,OTP_12,0
"Aight, let me know when you're gonna be around usf",Personal,uci,False,,5
There is os called ubandu which will run without installing in hard disk...you can use that os to copy the important files in system and give it to repair shop..,Personal,uci,False,,5
Hungry? Get 10% off up to Rs.348 on your next 3 orders. Code: EAT21. -Zomato,Promo,synthetic,False,Promo_12,2
Purity of friendship between two is not about smiling after reading the forwarded message..Its about smiling just by seeing the name. Gud evng musthu,Personal,uci,False,,5
Tomarrow i want to got to court. At  &lt;DECIMAL&gt; . So you come to bus stand at 9.,Personal,uci,False,,5
Pete can you please ring meive hardly gotany credit,Personal,uci,False,,5
KYC update pending for A/c XX5350. Please visit your nearest Kotak branch by 30-01-26 to avoid restrictions.,Bank,synthetic,False,Bank_12,1
Delivery attempt failed for order OD7559879672 We will retry tomorrow -DTDC,Delivery,synthetic,False,Delivery_5,3
What's up my own oga. Left my phone at home and just saw ur messages. Hope you are good. Have a great weekend.,Personal,uci,False,,5
Enter  727880 to verify your mobile number for HDFC Bank.,OTP,synthetic,False,OTP_10,0
"Urgent! Please call 0906346330. Your ABTA complimentary 4* Spanish Holiday or £10,000 cash await collection SAE T&Cs BOX 47 PO19 2EZ 150ppm 18+",Spam,uci,False,,4
"Download as many ringtones as u like no restrictions, 1000s 2 choose. U can even send 2 yr buddys. Txt Sir to 80082 £3 ",Spam,uci,False,,4
"Set a place for me in your heart and not in your mind, as the mind easily forgets but the heart will always remember. Wish you Happy Valentines Day!",Personal,uci,False,,5
You are a big chic. Common. Declare,Personal,uci,False,,5
irctc: special trains added for festive season. book early & save up to 50%.,Promo,synthetic,False,Promo_17,2
Give me a sec to think think about it,Personal,uci,False,,5
384291 - use this code to sign in to IRCTC Never share it with anyone,OTP,synthetic,False,OTP_7,0
Exclusive  for you! Buy 1 Get 1 FREE at Myntra. Limited period offer. Visit bit.ly/OTFptu,Promo,synthetic,False,Promo_3,2
Exclusive for you! Buy 1 Get 1 FREE at Amazon. Limited period offer. Visit bit.ly/CkqMRE,Promo,synthetic,False,Promo_3,2
Ofcourse I also upload some songs,Personal,uci,False,,5
Flipkart: Your cart misses you! Complete purchase now & get 70% off. bit.ly/ntyUFy,Promo,synthetic,False,Promo_4,2
Your A/c XX6989 is debited with Rs.5949 on 29-05-26. Info: UPI-Samaksh. Bal: Rs.339147 T&C apply,Bank,synthetic,False,Bank_2,1
Is fujitsu s series lifebook good?,Personal,uci,False,,5
Interest of Rs.67611 credited to your FD A/c XX9937. -HDFC Bank,Bank,synthetic,False,Bank_9,1
When are you going to ride your bike?,Personal,uci,False,,5
Are you unique enough? Find out from 30th August. www.areyouunique.co.uk,Spam,uci,False,,4
  Low balance alert: A/c XX9830 balance is Rs.162315. Maintain min balance to avoid charges.,Bank,synthetic,False,Bank_10,1
Your credit card XX6533 statement is ready. Total due: INR 92055. Min due: INR 1788. -ICICI Bank,Bank,synthetic,False,Bank_5,1
What's happening with you. Have you gotten a job and have you begun registration for permanent residency,Personal,uci,False,,5
"Whenevr ur sad, Whenevr ur gray, Remembr im here 2 listn 2 watevr u wanna say, Jus walk wid me a little while,&amp; I promise I'll bring back ur smile.:-)",Personal,uci,False,,5
  KYC update pending for A/c XX3976. Please visit your nearest ICICI Bank branch by 13-03-26 to avoid restrictions.,Bank,synthetic,False,Bank_12,1
Hungry? Get 10% off up to INR 1519 on your next 3 orders. Code: EAT80. -Zomato,Promo,synthetic,False,Promo_12,2
412609 - use this code to sign in to HDFC Bank Never share it with anyone,OTP,synthetic,False,OTP_7,0
Tell me pa. How is pain de.,Personal,uci,False,,5
"Time n Smile r the two crucial things in our life. Sometimes time makes us to forget smile, and sometimes someone's smile makes us to forget time gud noon",Personal,uci,False,,5
Good morning princess! Happy New Year!,Personal,uci,False,,5
Rs.44961 debited from A/c XX5385 on 15-05-26 to Kiaan. Avl Bal: Rs.268212. -SBI,Bank,synthetic,False,Bank_0,1
Use 821344 to complete your Flipkart registration. Valid till 30 mins.,OTP,synthetic,False,OTP_4,0
Use  570473 to complete your Swiggy registration. Valid till 10 mins.,OTP,synthetic,False,OTP_4,0
Dear customer ur Axis Bank account will be blocked! Update KYC now: bitly/DypcZc,Spam,synthetic,True,Hard_11,4
Ur Uber code: 3738,OTP,synthetic,True,Hard_8,0
Your credits have been topped up for http://www.bubbletext.com Your renewal Pin is tgxxrz,Spam,uci,False,,4
S:)8 min to go for lunch:),Personal,uci,False,,5
RS.203 CASHBACK CREDITED TO YOUR PAYTM WALLET. USE ON YOUR NEXT ORDER.,Promo,synthetic,False,Promo_21,2
"Never share ur OTP, PIN or CVV. HDFC Bank never asks for these. Stay safe.",Bank,synthetic,True,Hard_3,1
Get a brand new mobile phone by being an agent of The Mob! Plus loads more goodies! For more info just text MAT to 87021.,Spam,uci,False,,4
Salary of Rs.11679 credited to A/c XX5496 Avl Bal: Rs.72746 -PNB,Bank,synthetic,False,Bank_7,1
When can ü come out?,Personal,uci,False,,5
Ur one time password is 215388 for Uber. Please do not share it.,OTP,synthetic,False,OTP_5,0
The guy did some bitching but I acted like i'd be interested in buying something else next week and he gave it to us for free,Personal,uci,False,,5
G-264380 is your Google verification code,OTP,synthetic,False,OTP_12,0
Rs.48103 debited from A/c XX3189 on 26-06-26 to Eta. Avl Bal: Rs.331862. -ICICI Bank,Bank,synthetic,False,Bank_0,1
Tap to verify: 282167. This code expires shortly.,OTP,synthetic,True,Hard_9,0
BigBasket Big Billion Days! Up to 80% off + extra 10% with SBI cards. Hurry!,Promo,synthetic,False,Promo_1,2
Work from home! Earn Rs.595102/month. Join: bit.ly/oTKrDf STOP to opt out,Spam,synthetic,True,Hard_14,4
You  have 3748 reward points expiring on 01 Jul. Redeem on Zomato.,Promo,synthetic,False,Promo_20,2
So no messages. Had food?,Personal,uci,False,,5
Your one time password is 132270 for HDFC Bank. Please do not share it. T&C apply,OTP,synthetic,False,OTP_5,0
Pay Rs.1239 on delivery for order OD125001635 -XpressBees,Delivery,synthetic,True,Hard_10,3
Flight fares dropped! DEL-LKO from Rs.1729 Book on Goibibo before midnight,Promo,synthetic,False,Promo_16,2
order od5032557071 packed and ready! expected dispatch by 01 jul. -zomato,Delivery,synthetic,False,Delivery_8,3
G-663975 is your Google verification code,OTP,synthetic,False,OTP_12,0
KYC update pending for A/c XX7810. Please visit your nearest PNB branch by 28-03-26 to avoid restrictions.,Bank,synthetic,False,Bank_12,1
Tap to verify: 836449. This code expires shortly.,OTP,synthetic,True,Hard_9,0
Where is that one day training:-),Personal,uci,False,,5
R u in this continent?,Personal,uci,False,,5
Dear customer ur ICICI Bank account will be blocked! Update KYC now: bit.ly/FQWKnW,Spam,synthetic,True,Hard_11,4
Wylie update: my weed dealer carlos went to freedom and had a class with lunsford,Personal,uci,False,,5
I can make lasagna for you... vodka...,Personal,uci,False,,5
Convert your BOB card purchase of INR 1423 into easy EMIs at 0% interest. Reply YES.,Promo,synthetic,False,Promo_15,2
"Could you not read me, my Love ? I answered you",Personal,uci,False,,5
Low balance alert: A/c XX1250 balance is INR 162438. Maintain min balance to avoid charges.,Bank,synthetic,False,Bank_10,1
"Thank You for calling.Forgot to say Happy Onam to you Sirji.I am fine here and remembered you when i met an insurance person.Meet You in Qatar Insha Allah.Rakhesh, ex Tata AIG who joined TISSCO,Tayseer.",Personal,uci,False,,5
Salary of Rs.42062 credited to A/c XX2099. Avl Bal: Rs.244259. -PNB,Bank,synthetic,False,Bank_7,1
Ill be there on  &lt;#&gt;  ok.,Personal,uci,False,,5
SALARY OF RS.93700 CREDITED TO A/C XX9852. AVL BAL: RS.41882. -HDFC BANK,Bank,synthetic,False,Bank_7,1
Recharge with Rs.593 & get 50% extra talktime. Offer valid today only!,Promo,synthetic,False,Promo_5,2
  Data exhausted? Get 3GB extra with Rs.1374 booster pack. Dial *121# or visit app.,Promo,synthetic,False,Promo_11,2
"That‘s the thing with apes, u can fight to the death to keep something, but the minute they have it when u let go, thats it!",Personal,uci,False,,5
OTP for delivery of order OD6255504829 is 7040. Share only with the delivery agent. -BlueDart,Delivery,synthetic,False,Delivery_9,3
You have 742 reward points expiring on 06 Jul Redeem on Swiggy,Promo,synthetic,False,Promo_20,2
You have 1930 reward points expiring on 01 Jul. Redeem on Meesho. -TM,Promo,synthetic,False,Promo_20,2
Loved your recent Flipkart order? Reorder in 1 tap and get 20% off today,Promo,synthetic,False,Promo_22,2
I lost 4 pounds since my doc visit last week woot woot! Now I'm gonna celebrate by stuffing my face!,Personal,uci,False,,5
Nt yet chikku..simple habba..hw abt u?,Personal,uci,False,,5
Delivered! Your Myntra order OD4651165037 was delivered on 06 Jul. Rate your experience: bit.ly/VpTXZu,Delivery,synthetic,False,Delivery_2,3
Your ICICI Bank debit card XX1456 has been blocked due to suspicious activity. Visit branch or call 1800-XXX to unblock.,Bank,synthetic,False,Bank_11,1
That sucks. So what do you got planned for your yo valentine? I am your yo valentine aren't I?,Personal,uci,False,,5
Dear U've been invited to XCHAT. This is our final attempt to contact u! Txt CHAT to 86688,Spam,uci,False,,4
Flight fares dropped! DEL-LKO from Rs.736. Book on ixigo before midnight.,Promo,synthetic,False,Promo_16,2
Data exhausted? Get 2GB extra with Rs.1365 booster pack Dial *121# or visit app,Promo,synthetic,False,Promo_11,2
"Hi Rohan, unlock Rs.1411 off your first order at Swiggy with code NEW13.",Promo,synthetic,False,Promo_7,2
Work from home! Earn INR 2236918/month. Join: bit.ly/JlSyFM,Spam,synthetic,True,Hard_14,4
616111 is your verification code for PhonePe. Never share your OTP. STOP to opt out,OTP,synthetic,False,OTP_3,0
How do friends help us in problems? They give the most stupid suggestion that Lands us into another problem and helps us forgt the previous problem,Personal,uci,False,,5
OTP for delivery of order OD4723631589 is 9432 Share only with the delivery agent -DTDC,Delivery,synthetic,False,Delivery_9,3
out for delivery: your meesho package od1471581256 will arrive today by 9 pm. -xpressbees,Delivery,synthetic,False,Delivery_1,3
  Rs.32366 credited to A/c XX8343 on 07-01-26. Avl Bal: Rs.115776. -ICICI Bank,Bank,synthetic,False,Bank_1,1
You please give us connection today itself before  &lt;DECIMAL&gt;  or refund the bill,Personal,uci,False,,5
"Hey, my new number is 9850102355. Save it! Meet at tonight? T&C apply",Personal,synthetic,True,Hard_4,5
  Enter 253515 to verify your mobile number for PhonePe.,OTP,synthetic,False,OTP_10,0
Dear customer ur ICICI Bank account will be blocked! Update KYC now: bit.ly/XymHql,Spam,synthetic,True,Hard_11,4
"House-Maid is the murderer, coz the man was murdered on  &lt;#&gt; th January.. As public holiday all govt.instituitions are closed,including post office..understand?",Personal,uci,False,,5
Congratulations! You won Rs.1809680 in lucky draw. Claim: bit.ly/uKBEcI,Spam,synthetic,True,Hard_12,4
OTP for delivery of order OD8202849189 is 4416. Share only with the delivery agent. -BlueDart,Delivery,synthetic,False,Delivery_9,3
Ü dun wan to watch infernal affair?,Personal,uci,False,,5
  Your one time password is 977699 for PNB. Please do not share it.,OTP,synthetic,False,OTP_5,0
Your  Netflix plan renews on 04 Jul at Rs.1231. Upgrade to 4K for Rs.213/month.,Promo,synthetic,False,Promo_18,2
593257 is your Ola security code. Anyone asking for it is a scammer.,OTP,synthetic,False,OTP_9,0
  KYC update pending for A/c XX2734. Please visit your nearest SBI branch by 09-03-26 to avoid restrictions.,Bank,synthetic,False,Bank_12,1
Rs.40769 debited from A/c XX5425 on 29-03-26 to Darika. Avl Bal: Rs.325040. -BOB,Bank,synthetic,False,Bank_0,1
"Hey, my new number is 4524095312. Save it! Meet at noon?",Personal,synthetic,True,Hard_4,5
  UPI payment of Rs.52677 to Rayaan successful. UPI Ref: 872417784053. -HDFC Bank,Bank,synthetic,False,Bank_6,1
Low balance alert: A/c XX1095 balance is Rs.281392. Maintain min balance to avoid charges.,Bank,synthetic,False,Bank_10,1
Low balance alert: A/c XX6884 balance is Rs.297126. Maintain min balance to avoid charges. T&C apply,Bank,synthetic,False,Bank_10,1
"Yeah, probably here for a while",Personal,uci,False,,5
Salary of Rs.75186 credited to A/c XX4045. Avl Bal: Rs.323397. -BOB,Bank,synthetic,False,Bank_7,1
Long after I quit. I get on only like 5 minutes a day as it is.,Personal,uci,False,,5
Leave it wif me lar... Ü wan to carry meh so heavy... Is da num 98321561 familiar to ü?,Personal,uci,False,,5
i can call in  &lt;#&gt;  min if thats ok,Personal,uci,False,,5
Your SBI debit card XX6217 has been blocked due to suspicious activity. Visit branch or call 1800-XXX to unblock.,Bank,synthetic,False,Bank_11,1
Salary of Rs.13027 credited to A/c XX3105. Avl Bal: Rs.99528. -ICICI Bank,Bank,synthetic,False,Bank_7,1
Prepare to be pounded every night...,Personal,uci,False,,5
Was playng 9 doors game and gt racing on phone lol,Personal,uci,False,,5
Zomato: Your cart misses you! Complete purchase now & get 70% off. bit.ly/QKWTKq,Promo,synthetic,False,Promo_4,2
155386 is your otp for netflix login. valid for 10 minutes. do not share with anyone.,OTP,synthetic,False,OTP_0,0
At home watching tv lor.,Personal,uci,False,,5
YOUR HOTSTAR CODE: 61807,OTP,synthetic,False,OTP_8,0
UPI payment of Rs.71712 to Sudiksha successful. UPI Ref: 805668629717. -Kotak,Bank,synthetic,False,Bank_6,1
"Good! No, don‘t need any receipts—well done! (…) Yes, please tell . What‘s her number, i could ring her",Personal,uci,False,,5
UPI payment of Rs.50930 to Ayush successful. UPI Ref: 765943794572. -PNB,Bank,synthetic,False,Bank_6,1
tanveer from dtdc is arriving with your package. contact: 08105954888,Delivery,synthetic,False,Delivery_6,3
"Thanks, I'll keep that in mind",Personal,uci,False,,5
OTP FOR DELIVERY OF ORDER OD2335531805 IS 9038. SHARE ONLY WITH THE DELIVERY AGENT. -BLUEDART,Delivery,synthetic,False,Delivery_9,3
your order od7589718427 from zomato is arriving tomorrow. keep rs.3511 ready for cod.,Delivery,synthetic,False,Delivery_3,3
Your one time password is 274067 for Kotak. Please do not share it.,OTP,synthetic,False,OTP_5,0
 gonna let me know cos comes bak from holiday that day.  is coming. Don't4get2text me  number. ,Personal,uci,False,,5
KYC update pending for A/c XX5054. Please visit your nearest BOB branch by 29-03-26 to avoid restrictions. STOP to opt out,Bank,synthetic,False,Bank_12,1
"If you don't, your prize will go to another customer. T&C at www.t-c.biz 18+ 150p/min Polo Ltd Suite 373 London W1J 6HL Please call back if busy",Spam,uci,False,,4
Enter  296798 to verify your mobile number for PNB.,OTP,synthetic,False,OTP_10,0
Ü neva tell me how i noe... I'm not at home in da aft wat... ,Personal,uci,False,,5
You have 2803 reward points expiring on 04 Jul. Redeem on Myntra. -TM,Promo,synthetic,False,Promo_20,2
Watching tv lor. Nice one then i like lor.,Personal,uci,False,,5
cheque no. 697036849499 for rs.58608 has been cleared from a/c xx9512. -bob,Bank,synthetic,False,Bank_8,1
  Your Swiggy order OD3483081862 has been shipped via XpressBees. Track: bit.ly/gVxlzr,Delivery,synthetic,False,Delivery_0,3
Yeah like if it goes like it did with my friends imma flip my shit in like half an hour,Personal,uci,False,,5
I need you to be in my strong arms...,Personal,uci,False,,5
  Your BigBasket membership expires soon. Renew now & save 80%: bit.ly/AHRDkW,Promo,synthetic,False,Promo_9,2
you have 418 reward points expiring on 05 jul. redeem on swiggy.,Promo,synthetic,False,Promo_20,2
Let me know when you've got the money so carlos can make the call,Personal,uci,False,,5
"Bro send me Rs.1039 on gpay, will return by 06 Jul",Personal,synthetic,True,Hard_5,5
K k pa Had your lunch aha.,Personal,uci,False,,5
Can ü all decide faster cos my sis going home liao..,Personal,uci,False,,5
Tap to verify: 355553. This code expires shortly. STOP to opt out,OTP,synthetic,True,Hard_9,0
G.W.R,Personal,uci,False,,5
First answer my question.,Personal,uci,False,,5
"They can try! They can get lost, in fact. Tee hee",Personal,uci,False,,5
EMI of Rs.14091 due on 29-03-26 for loan A/c XX7604 Pay now to avoid charges -ICICI Bank,Bank,synthetic,False,Bank_4,1
665210  is your OTP for Zomato login. Valid for 15 minutes. Do not share with anyone.,OTP,synthetic,False,OTP_0,0
pay rs.1432 on delivery for order od282136323. -bluedart,Delivery,synthetic,True,Hard_10,3
Oops I was in the shower when u called. Hey a parking garage collapsed at university hospital. See I'm not crazy. Stuff like that DOES happen.,Personal,uci,False,,5
Don't forget though that I love you .... And I walk beside you. Watching over you and keeping your heart warm.,Personal,uci,False,,5
Enter 134399 to verify your mobile number for Kotak.,OTP,synthetic,False,OTP_10,0
965581 - use this code to sign in to Zomato Never share it with anyone,OTP,synthetic,False,OTP_7,0
Pls clarify back if an open return ticket that i have can be preponed for me to go back to kerala.,Personal,uci,False,,5
loved your recent zomato order? reorder in 1 tap and get 40% off today.,Promo,synthetic,False,Promo_22,2
I told your number to gautham..,Personal,uci,False,,5
Ur Amazon membership expires soon. Renew now & save 70%: bit.ly/TUJgfc,Promo,synthetic,False,Promo_9,2
Okie,Personal,uci,False,,5
Xalak from XpressBees is arriving with your package. Contact: 5670346386,Delivery,synthetic,False,Delivery_6,3
U still painting ur wall?,Personal,uci,False,,5
your credit card xx3318 statement is ready. total due: rs.48749. min due: rs.4914. -icici bank,Bank,synthetic,False,Bank_5,1
Your Amazon order OD3467493565 has been shipped via BlueDart. Track: bit.ly/Nenmpb,Delivery,synthetic,False,Delivery_0,3
I will reach office around  &lt;DECIMAL&gt; . &amp; my mobile have problem. You cann't get my voice. So call you asa i'll free,Personal,uci,False,,5
Your  Zomato order OD7701125602 has been shipped via Delhivery. Track: bit.ly/wpAgxG,Delivery,synthetic,False,Delivery_0,3
Looks like u wil b getting a headstart im leaving here bout 2.30ish but if u r desperate for my company I could head in earlier-we were goin to meet in rummer.,Personal,uci,False,,5
UPI payment of Rs.68037 to Elijah successful. UPI Ref: 395233871131. -BOB,Bank,synthetic,False,Bank_6,1
I am not having her number sir,Personal,uci,False,,5
"Hello. No news on job, they are making me wait a fifth week! Yeah im up for some woozles and weasels... In exeter still, but be home about 3. ",Personal,uci,False,,5
Its going good...no problem..but still need little experience to understand american customer voice...,Personal,uci,False,,5
Delivered! Your Myntra order OD9487820383 was delivered on 01 Jul. Rate your experience: bit.ly/ZFqNGJ,Delivery,synthetic,False,Delivery_2,3
OTP for delivery of order OD6074915157 is 3402. Share only with the delivery agent. -DTDC,Delivery,synthetic,False,Delivery_9,3
Rs.89122 debited from A/c XX9516 on 20-01-26 to Ekani. Avl Bal: Rs.204075. -PNB,Bank,synthetic,False,Bank_0,1
Reminder: You have not downloaded the content you have already paid for. Goto http://doit. mymoby. tv/ to collect your content.,Spam,uci,False,,4
  Order OD4620033303 packed and ready! Expected dispatch by 06 Jul. -Meesho,Delivery,synthetic,False,Delivery_8,3
"If you're still up, maybe leave the credit card so I can get gas when I get back like he told me to",Personal,uci,False,,5
Your Uber code: 9267,OTP,synthetic,True,Hard_8,0
OTP for delivery of order OD1440853266 is 1600. Share only with the delivery agent. -Delhivery,Delivery,synthetic,False,Delivery_9,3
Delivery  attempt failed for order OD3660168989. We will retry tomorrow. -Ekart,Delivery,synthetic,False,Delivery_5,3
Really? I crashed out cuddled on my sofa.,Personal,uci,False,,5
Your credit card XX9684 statement is ready. Total due: Rs.81331. Min due: Rs.657. -Kotak,Bank,synthetic,False,Bank_5,1
"Mah b, I'll pick it up tomorrow",Personal,uci,False,,5
Or remind me in a few hrs.,Personal,uci,False,,5
Your Vi pack expires tomorrow Recharge with Rs.1822 for 2GB/day + unlimited calls,Promo,synthetic,False,Promo_10,2
Your  Jio pack expires tomorrow. Recharge with Rs.1594 for 3GB/day + unlimited calls.,Promo,synthetic,False,Promo_10,2
Your Uber code: 7021 STOP to opt out,OTP,synthetic,True,Hard_8,0
874078 - use this code to sign in to Zomato Never share it with anyone,OTP,synthetic,False,OTP_7,0
Last day! Myntra clearance sale ends tonight. Up to 30% off sitewide.,Promo,synthetic,False,Promo_8,2
"Haha, that was the first person I was gonna ask",Personal,uci,False,,5
For The First Time In The History 'Need' 'Comfort' And 'Luxury' Are Sold At Same Price In India..!! Onion-Rs. &lt;#&gt;  Petrol-Rs. &lt;#&gt;  Beer-Rs. &lt;#&gt;  SHESIL  &lt;#&gt;,Personal,uci,False,,5
Your  HDFC Bank debit card XX6127 has been blocked due to suspicious activity. Visit branch or call 1800-XXX to unblock.,Bank,synthetic,False,Bank_11,1
&lt;#&gt;  w jetton ave if you forgot,Personal,uci,False,,5
Ur order OD3590675940 from Zomato is arriving tomorrow. Keep Rs.447 ready for COD.,Delivery,synthetic,False,Delivery_3,3
Hungry? Get 10% off up to Rs.1606 on your next 3 orders. Code: EAT29. -Swiggy STOP to opt out,Promo,synthetic,False,Promo_12,2
Exclusive for you! Buy 1 Get 1 FREE at Swiggy. Limited period offer. Visit bit.ly/DbIHOq,Promo,synthetic,False,Promo_3,2
"Sad story of a Man - Last week was my b'day. My Wife did'nt wish me. My Parents forgot n so did my Kids . I went to work. Even my Colleagues did not wish. As I entered my cabin my PA said, '' Happy B'day Boss !!''. I felt special. She askd me 4 lunch. After lunch she invited me to her apartment. We went there. She said,'' do u mind if I go into the bedroom for a minute ? '' ''OK'', I sed in a sexy mood. She came out 5 minuts latr wid a cake...n My Wife, My Parents, My Kidz, My Friends n My Colleagues. All screaming.. SURPRISE !! and I was waiting on the sofa.. ... ..... ' NAKED...!",Personal,uci,False,,5
I remain unconvinced that this isn't an elaborate test of my willpower,Personal,uci,False,,5
  Beware of fraud calls asking for card details. PNB officials never ask for PIN or CVV.,Bank,synthetic,False,Bank_15,1
MEGA  SALE! Get 20% OFF on all products at Meesho. Shop now: bit.ly/BDqmCf T&C apply.,Promo,synthetic,False,Promo_0,2
  214877 is your Hotstar security code. Anyone asking for it is a scammer.,OTP,synthetic,False,OTP_9,0
"It's cool, we can last a little while. Getting more any time soon?",Personal,uci,False,,5
Recharge with Rs.1502 & get 20% extra talktime. Offer valid today only!,Promo,synthetic,False,Promo_5,2
Enter 880676 to verify your mobile number for HDFC Bank.,OTP,synthetic,False,OTP_10,0
DELIVERED! YOUR AMAZON ORDER OD9266279195 WAS DELIVERED ON 01 JUL. RATE YOUR EXPERIENCE: BIT.LY/MHEBHN,Delivery,synthetic,False,Delivery_2,3
Your FD of INR 79550 matures on 03-07-26. Renew or withdraw via netbanking. -ICICI Bank,Bank,synthetic,False,Bank_14,1
What's ur pin?,Personal,uci,False,,5
That is wondar full flim.,Personal,uci,False,,5
  <#> 580264 is your GPay code. Valid 2 min. hA8sk2Lqp3,OTP,synthetic,False,OTP_13,0
"We know TAJ MAHAL as symbol of love. But the other lesser known facts 1. Mumtaz was Shahjahan's 4th wife, out of his 7 wifes. 2. Shahjahan killed Mumtaz's husband to marry her. 3. Mumtaz died in her  &lt;#&gt; th delivery. 4. He then married Mumtaz's sister. Question arises where the Hell is the LOVE?:-| -The Great Hari-",Personal,uci,False,,5
Rs.56183 credited to A/c XX9255 on 01-05-26 Avl Bal: Rs.183010 -Axis Bank,Bank,synthetic,False,Bank_1,1
Kotak: 811758 is your login OTP. It expires in 30 minutes.,OTP,synthetic,False,OTP_6,0
It is only yesterday true true.,Personal,uci,False,,5
Recharge with Rs.161 & get 10% extra talktime. Offer valid today only! -TM,Promo,synthetic,False,Promo_5,2
  Delivery attempt failed for order OD4445155741. We will retry tomorrow. -BlueDart,Delivery,synthetic,False,Delivery_5,3
  Rs.76597 debited from A/c XX7435 on 16-06-26 to Nachiket. Avl Bal: Rs.428206. -PNB,Bank,synthetic,False,Bank_0,1
Salary of Rs.76786 credited to A/c XX1361. Avl Bal: Rs.123085. -PNB,Bank,synthetic,False,Bank_7,1
Have a safe trip to Nigeria. Wish you happiness and very soon company to share moments with,Personal,uci,False,,5
HDFC Bank: 359722 is your login OTP. It expires in 2 minutes.,OTP,synthetic,False,OTP_6,0
"Haha better late than ever, any way I could swing by?",Personal,uci,False,,5
77253 - USE THIS CODE TO SIGN IN TO KOTAK. NEVER SHARE IT WITH ANYONE.,OTP,synthetic,False,OTP_7,0
  Your Uber code: 2648,OTP,synthetic,True,Hard_8,0
Coupon 4254 gives you free delivery on orders above Rs.271. -Swiggy,Promo,synthetic,True,Hard_1,2
Use  228356 to complete your PhonePe registration. Valid till 5 mins.,OTP,synthetic,False,OTP_4,0
"Hi Kamya, unlock Rs.543 off your first order at Flipkart with code NEW44.",Promo,synthetic,False,Promo_7,2
Rs.88618 credited to A/c XX4166 on 05-05-26. Avl Bal: Rs.100247. -ICICI Bank,Bank,synthetic,False,Bank_1,1
YOUR ORDER OD6390622899 FROM FLIPKART IS ARRIVING TOMORROW. KEEP RS.4411 READY FOR COD.,Delivery,synthetic,False,Delivery_3,3
EMI of INR 71188 due on 03-02-26 for loan A/c XX4032. Pay now to avoid charges. -ICICI Bank,Bank,synthetic,False,Bank_4,1
"Sorry battery died, yeah I'm here",Personal,uci,False,,5
G-565487 is ur Google verification code.,OTP,synthetic,False,OTP_12,0
It is a good thing I'm now getting the connection to bw,Personal,uci,False,,5
EMI of Rs.10599 due on 30-01-26 for loan A/c XX8072 Pay now to avoid charges -Kotak,Bank,synthetic,False,Bank_4,1
Take something for pain. If it moves however to any side in the next 6hrs see a doctor.,Personal,uci,False,,5
"1000's flirting NOW! Txt GIRL or BLOKE & ur NAME & AGE, eg GIRL ZOE 18 to 8007 to join and get chatting!",Spam,uci,False,,4
My battery is low babe,Personal,uci,False,,5
I'm aight. Wat's happening on your side.,Personal,uci,False,,5
your credit card xx9643 statement is ready. total due: rs.72640. min due: rs.3639. -bob,Bank,synthetic,False,Bank_5,1
Bring tat cd don forget,Personal,uci,False,,5
Coupon 3020 gives you free delivery on orders above Rs.2154. -Meesho,Promo,synthetic,True,Hard_1,2
  Use code 8912 at checkout for 10% off at Amazon!,Promo,synthetic,True,Hard_0,2
233953 is your OTP for ICICI Bank login. Valid for 30 minutes. Do not share with anyone.,OTP,synthetic,False,OTP_0,0
Where to get those?,Personal,uci,False,,5
Message Important information for O2 user. Today is your lucky day! 2 find out why log onto http://www.urawinner.com there is a fantastic surprise awaiting you,Spam,uci,False,,4
Have you got Xmas radio times. If not i will get it now,Personal,uci,False,,5
But you dint in touch with me.,Personal,uci,False,,5
THIS IS A LONG FUCKIN SHOWR,Personal,uci,False,,5
OTP for delivery of order OD3782049309 is 5196. Share only with the delivery agent. -Delhivery,Delivery,synthetic,False,Delivery_9,3
Meesho Big Billion Days! Up to 70% off + extra 10% with SBI cards. Hurry! STOP to opt out,Promo,synthetic,False,Promo_1,2
Flight fares dropped! HYD-CCU from Rs.1773. Book on MakeMyTrip before midnight.,Promo,synthetic,False,Promo_16,2
KYC UPDATE PENDING FOR A/C XX1466. PLEASE VISIT YOUR NEAREST PNB BRANCH BY 06-05-26 TO AVOID RESTRICTIONS.,Bank,synthetic,False,Bank_12,1
No chikku nt yet.. Ya i'm free,Personal,uci,False,,5
"Short But Cute : "" Be a good person , but dont try to prove"" ..... Gud mrng...",Personal,uci,False,,5
Your Axis Bank debit card XX6378 has been blocked due to suspicious activity. Visit branch or call 1800-XXX to unblock.,Bank,synthetic,False,Bank_11,1
Sday only joined.so training we started today:),Personal,uci,False,,5
Exclusive for you! Buy 1 Get 1 FREE at Meesho Limited period offer Visit bitly/lzztzK,Promo,synthetic,False,Promo_3,2
What time you thinkin of goin?,Personal,uci,False,,5
congratulations! you won rs.2114544 in lucky draw. claim: bit.ly/bacjsa,Spam,synthetic,True,Hard_12,4
"Hello, my love ! How went your day ? Are you alright ? I think of you, my sweet and send a jolt to your heart to remind you ... I LOVE YOU! Can you hear it ? I screamed it across the sea for all the world to hear. Ahmad al Hallaq is loved ! and owned ! *possessive passionate kiss*",Personal,uci,False,,5
08714712388 between 10am-7pm Cost 10p,Spam,uci,False,,4
I'll text you when I drop x off,Personal,uci,False,,5
"Em, its olowoyey@ usc.edu have a great time in argentina. Not sad about secretary, everything is a blessing",Personal,uci,False,,5
Yes but I don't care cause I know its there!,Personal,uci,False,,5
KYC update pending for A/c XX4354. Please visit your nearest Kotak branch by 17-02-26 to avoid restrictions.,Bank,synthetic,False,Bank_12,1
Out for delivery: Your Meesho package OD9000758492 will arrive today by 3 PM. -Ekart,Delivery,synthetic,False,Delivery_1,3
So are you guys asking that i get that slippers again or its gone with last year,Personal,uci,False,,5
MISSED OUR SHOWS? COME BACK TO HOTSTAR AT 50% OFF FOR 3 MONTHS. RESUBSCRIBE: BIT.LY/RMBTLB,Promo,synthetic,False,Promo_19,2
"bro send me rs.2917 on gpay, will return by 02 jul",Personal,synthetic,True,Hard_5,5
CHEQUE NO. 702108214543 FOR RS.43720 HAS BEEN CLEARED FROM A/C XX1040. -KOTAK,Bank,synthetic,False,Bank_8,1
Convert your Kotak card purchase of Rs.191 into easy EMIs at 0% interest. Reply YES. STOP to opt out,Promo,synthetic,False,Promo_15,2
  Hungry? Get 10% off up to Rs.188 on your next 3 orders. Code: EAT45. -Zomato,Promo,synthetic,False,Promo_12,2
Ew are you one of them?,Personal,uci,False,,5
So why didnt you holla?,Personal,uci,False,,5
Miles and smiles r made frm same letters but do u know d difference..? smile on ur face keeps me happy even though I am miles away from u.. :-)keep smiling.. Good nyt,Personal,uci,False,,5
I emailed yifeng my part oredi.. Can ü get it fr him..,Personal,uci,False,,5
"You aren't coming home between class, right? I need to work out and shower!",Personal,uci,False,,5
Your Meesho membership expires soon. Renew now & save 10%: bit.ly/oREvSU,Promo,synthetic,False,Promo_9,2
Convert ur HDFC Bank card purchase of Rs.1802 into easy EMIs at 0% interest. Reply YES.,Promo,synthetic,False,Promo_15,2
  Flight fares dropped! BLR-MAA from Rs.89. Book on ixigo before midnight.,Promo,synthetic,False,Promo_16,2
your axis bank debit card xx6092 has been blocked due to suspicious activity. visit branch or call 1800-xxx to unblock.,Bank,synthetic,False,Bank_11,1
Use  315112 to complete your Zomato registration. Valid till 10 mins.,OTP,synthetic,False,OTP_4,0
"The fact that you're cleaning shows you know why i'm upset. Your priority is constantly ""what i want to do,"" not ""what i need to do.""",Personal,uci,False,,5
Your  FD of Rs.30233 matures on 29-04-26. Renew or withdraw via netbanking. -SBI,Bank,synthetic,False,Bank_14,1
Heart is empty without love.. Mind is empty without wisdom.. Eyes r empty without dreams &amp; Life is empty without frnds.. So Alwys Be In Touch. Good night &amp; sweet dreams,Personal,uci,False,,5
Delivered! Your Zomato order OD2814538572 was delivered on 01 Jul. Rate your experience: bit.ly/TeCQYm -TM,Delivery,synthetic,False,Delivery_2,3
cud u tell ppl im gona b a bit l8 cos 2 buses hav gon past cos they were full & im still waitin 4 1. Pete x,Personal,uci,False,,5
RS.79618 CREDITED TO A/C XX8810 ON 13-02-26. AVL BAL: RS.116812. -ICICI BANK,Bank,synthetic,False,Bank_1,1
Oh is it! Which brand?,Personal,uci,False,,5
"Just dropped em off, omw back now",Personal,uci,False,,5
EMI of Rs.75849 due on 10-02-26 for loan A/c XX3362 Pay now to avoid charges -PNB,Bank,synthetic,False,Bank_4,1
CERI U REBEL! SWEET DREAMZ ME LITTLE BUDDY!! C YA 2MORO! WHO NEEDS BLOKES,Personal,uci,False,,5
  Cheque no. 379929945946 for Rs.65845 has been cleared from A/c XX8042. -PNB,Bank,synthetic,False,Bank_8,1
Congratulations! U won Rs.1228210 in lucky draw. Claim: bit.ly/xFtjot,Spam,synthetic,True,Hard_12,4
Loved your recent Amazon order? Reorder in 1 tap and get 60% off today.,Promo,synthetic,False,Promo_22,2
Hi da:)how is the todays class?,Personal,uci,False,,5
Enter 986980 to verify your mobile number for SBI.,OTP,synthetic,False,OTP_10,0
<#> 633911 is your Netflix code. Valid 5 min. hA8sk2Lqp3,OTP,synthetic,False,OTP_13,0
ARR birthday today:) i wish him to get more oscar.,Personal,uci,False,,5
All these nice new shirts and the only thing I can wear them to is nudist themed ;_; you in mu?,Personal,uci,False,,5
"If we hit it off, you can move in with me :)",Personal,uci,False,,5
Rs.1185 cashback credited to your Amazon Pay wallet. Use on your next order.,Promo,synthetic,False,Promo_21,2
Beware  of fraud calls asking for card details. SBI officials never ask for PIN or CVV.,Bank,synthetic,False,Bank_15,1
Your FD of Rs.19512 matures on 28-04-26. Renew or withdraw via netbanking. -HDFC Bank,Bank,synthetic,False,Bank_14,1
"Just making dinner, you ?",Personal,uci,False,,5
475377  - use this to sign in. Never share this code with anyone.,OTP,synthetic,True,Hard_7,0
Are you ok. What happen to behave like this,Personal,uci,False,,5
219215 is your BigBasket security code. Anyone asking for it is a scammer.,OTP,synthetic,False,OTP_9,0
Thanx but my birthday is over already.,Personal,uci,False,,5
ITEMS IN YOUR ORDER HISTORY ARE BACK IN STOCK AT MEESHO. PRICES START RS.1455.,Promo,synthetic,False,Promo_23,2
HMV BONUS SPECIAL 500 pounds of genuine HMV vouchers to be won. Just answer 4 easy questions. Play Now! Send HMV to 86688 More info:www.100percent-real.com,Spam,uci,False,,4
  Rs.8451 debited from A/c XX7082 on 05-07-26 to Chatresh. Avl Bal: Rs.240619. -ICICI Bank,Bank,synthetic,False,Bank_0,1
OTP for delivery of order OD4225537225 is 7677. Share only with the delivery agent. -Delhivery,Delivery,synthetic,False,Delivery_9,3
Your Amazon order OD7279634622 has been shipped via Delhivery. Track: bit.ly/DfhaWa -TM,Delivery,synthetic,False,Delivery_0,3
your vi pack expires tomorrow. recharge with rs.257 for 3gb/day + unlimited calls.,Promo,synthetic,False,Promo_10,2
Exclusive for you! Buy 1 Get 1 FREE at Flipkart. Limited period offer. Visit bit.ly/EaDxVs,Promo,synthetic,False,Promo_3,2
<#> 147582 is your zomato code. valid 2 min. ha8sk2lqp3,OTP,synthetic,False,OTP_13,0
Interest of INR 13335 credited to your FD A/c XX1873. -Kotak,Bank,synthetic,False,Bank_9,1
Last day! Meesho clearance sale ends tonight. Up to 30% off sitewide.,Promo,synthetic,False,Promo_8,2
G-859442 is your Google verification code.,OTP,synthetic,False,OTP_12,0
Wat uniform? In where get?,Personal,uci,False,,5
YOUR ONE TIME PASSWORD IS 75905 FOR NETFLIX. PLEASE DO NOT SHARE IT.,OTP,synthetic,False,OTP_5,0
Congratulations! You won Rs.2149696 in lucky draw Claim: bitly/QaRZQr,Spam,synthetic,True,Hard_12,4
Why you keeping me away like this,Personal,uci,False,,5
  Axis Bank: 98636 is your login OTP. It expires in 2 minutes.,OTP,synthetic,False,OTP_6,0
Stupid auto correct on my phone,Personal,uci,False,,5
519427 - use this code to sign in to Zomato. Never share it with anyone. -TM,OTP,synthetic,False,OTP_7,0
S...from the training manual it show there is no tech process:)its all about password reset and troubleshooting:),Personal,uci,False,,5
  Your one time password is 729556 for Ola. Please do not share it.,OTP,synthetic,False,OTP_5,0
  Hungry? Get 20% off up to Rs.514 on your next 3 orders. Code: EAT17. -Zomato,Promo,synthetic,False,Promo_12,2
FREE entry into our £250 weekly competition just text the word WIN to 80086 NOW. 18 T&C www.txttowin.co.uk,Spam,uci,False,,4
"Daddy, shu shu is looking 4 u... U wan me 2 tell him u're not in singapore or wat?",Personal,uci,False,,5
Convert ur Axis Bank card purchase of Rs.1614 into easy EMIs at 0% interest. Reply YES.,Promo,synthetic,False,Promo_15,2
Dear customer ur PNB account will be blocked! Update KYC now: bit.ly/EMixsU,Spam,synthetic,True,Hard_11,4
hungry? get 40% off up to rs.1485 on your next 3 orders. code: eat63. -zomato,Promo,synthetic,False,Promo_12,2
UPI payment of Rs.3562 to Samaksh successful. UPI Ref: 256575273895. -HDFC Bank,Bank,synthetic,False,Bank_6,1
Your FD of Rs.64545 matures on 12-05-26. Renew or withdraw via netbanking. -PNB,Bank,synthetic,False,Bank_14,1
Money i have won wining number 946 wot do i do next,Spam,uci,False,,4
  Items in your order history are back in stock at Myntra. Prices start Rs.501.,Promo,synthetic,False,Promo_23,2
U still going to the mall?,Personal,uci,False,,5
Got smaller capacity one? Quite ex...,Personal,uci,False,,5
Interest of Rs.9221 credited to your FD A/c XX1883. -HDFC Bank,Bank,synthetic,False,Bank_9,1
Data exhausted? Get 2GB extra with Rs.1999 booster pack. Dial *121# or visit app. -TM,Promo,synthetic,False,Promo_11,2
261059 is your verification code for Meesho. Never share your OTP.,OTP,synthetic,False,OTP_3,0
Last day! Amazon clearance sale ends tonight. Up to 60% off sitewide. T&C apply,Promo,synthetic,False,Promo_8,2
K.k:)apo k.good movie.,Personal,uci,False,,5
CHASMUM FROM DELHIVERY IS ARRIVING WITH YOUR PACKAGE. CONTACT: +917618852713,Delivery,synthetic,False,Delivery_6,3
myntra big billion days! up to 70% off + extra 10% with hdfc bank cards. hurry!,Promo,synthetic,False,Promo_1,2
  Imaran from BlueDart is arriving with your package. Contact: 8371312285,Delivery,synthetic,False,Delivery_6,3
Excellent! Are you ready to moan and scream in ecstasy?,Personal,uci,False,,5
low balance alert: a/c xx2305 balance is rs.104150. maintain min balance to avoid charges.,Bank,synthetic,False,Bank_10,1
Items in your order history are back in stock at BigBasket. Prices start Rs.100. T&C apply,Promo,synthetic,False,Promo_23,2
Low balance alert: A/c XX3991 balance is Rs.408630. Maintain min balance to avoid charges.,Bank,synthetic,False,Bank_10,1
MY NEW YEARS EVE WAS OK. I WENT TO A PARTY WITH MY BOYFRIEND. WHO IS THIS SI THEN HEY,Personal,uci,False,,5
  Your Prime Video plan renews on 03 Jul at Rs.416. Upgrade to 4K for Rs.764/month.,Promo,synthetic,False,Promo_18,2
Ok i msg u b4 i leave my house.,Personal,uci,False,,5
"Very hurting n meaningful lines ever: ""I compromised everything for my love, But at d end my love compromised me for everything:-("".. Gud mornin:-)",Personal,uci,False,,5
And is there a way you can send shade's stuff to her. And she has been wonderful too.,Personal,uci,False,,5
Ur credit card XX8207 statement is ready. Total due: Rs.92344. Min due: Rs.3842. -Kotak,Bank,synthetic,False,Bank_5,1
ORDER OD8841398944 PACKED AND READY! EXPECTED DISPATCH BY 05 JUL. -BIGBASKET,Delivery,synthetic,False,Delivery_8,3
Dear customer ur SBI account will be blocked! Update KYC now: bit.ly/ZuZHjk,Spam,synthetic,True,Hard_11,4
DATA EXHAUSTED? GET 2GB EXTRA WITH RS.1903 BOOSTER PACK. DIAL *121# OR VISIT APP.,Promo,synthetic,False,Promo_11,2
FREE>Ringtone! Reply REAL or POLY eg REAL1 1. PushButton 2. DontCha 3. BabyGoodbye 4. GoldDigger 5. WeBeBurnin 1st tone FREE and 6 more when u join for £3/wk,Spam,uci,False,,4
Low balance alert: A/c XX7164 balance is Rs.437826 Maintain min balance to avoid charges,Bank,synthetic,False,Bank_10,1
Loved your recent Meesho order? Reorder in 1 tap and get 20% off today,Promo,synthetic,False,Promo_22,2
BigBasket: Your cart misses you! Complete purchase now & get 80% off. bit.ly/XBQTDO,Promo,synthetic,False,Promo_4,2
Oh... Kay... On sat right?,Personal,uci,False,,5
And how's your husband.,Personal,uci,False,,5
Congratulations! You won Rs.1813616 in lucky draw Claim: bitly/pOxDxy,Spam,synthetic,True,Hard_12,4
"Oh... Haha... Den we shld had went today too... Gee, nvm la... Kaiez, i dun mind goin jazz oso... Scared hiphop open cant catch up... ",Personal,uci,False,,5
741948 is your verification code for ICICI Bank. Never share your OTP. STOP to opt out,OTP,synthetic,False,OTP_3,0
Ü give me some time to walk there.,Personal,uci,False,,5
How much it will cost approx . Per month.,Personal,uci,False,,5
Coupon 3141 gives you free delivery on orders above Rs.3404. -Myntra,Promo,synthetic,True,Hard_1,2
Last day! Meesho clearance sale ends tonight Up to 70% off sitewide,Promo,synthetic,False,Promo_8,2
Your credit card XX1228 statement is ready. Total due: Rs.70202. Min due: Rs.2419. -Kotak,Bank,synthetic,False,Bank_5,1
OTP for delivery of order OD2506467450 is 8327. Share only with the delivery agent. -BlueDart,Delivery,synthetic,False,Delivery_9,3
Ugh hopefully the asus ppl dont randomly do a reformat.,Personal,uci,False,,5
Hello- thanx for taking that call. I got a job! Starts on monday!,Personal,uci,False,,5
"Shit that is really shocking and scary, cant imagine for a second. Def up for night out. Do u think there is somewhere i could crash for night, save on taxi?",Personal,uci,False,,5
YOUR UBER CODE: 9865,OTP,synthetic,True,Hard_8,0
Last day! Swiggy clearance sale ends tonight. Up to 10% off sitewide.,Promo,synthetic,False,Promo_8,2
U sleeping now.. Or you going to take? Haha.. I got spys wat.. Me online checking n replying mails lor..,Personal,uci,False,,5
Lmao!nice 1,Personal,uci,False,,5
G-743241 is your Google verification code.,OTP,synthetic,False,OTP_12,0
YOUR UBER CODE: 9751,OTP,synthetic,True,Hard_8,0
Low balance alert: A/c XX4125 balance is Rs.296633. Maintain min balance to avoid charges.,Bank,synthetic,False,Bank_10,1
  53385 is your OTP for Flipkart login. Valid for 5 minutes. Do not share with anyone.,OTP,synthetic,False,OTP_0,0
Your FD of Rs.95254 matures on 12-05-26. Renew or withdraw via netbanking. -Kotak,Bank,synthetic,False,Bank_14,1
Your Uber code: 9357,OTP,synthetic,True,Hard_8,0
"  Hi Anita, unlock Rs.1189 off your first order at Zomato with code NEW48.",Promo,synthetic,False,Promo_7,2
SALARY OF RS.24160 CREDITED TO A/C XX3842. AVL BAL: RS.468719. -BOB,Bank,synthetic,False,Bank_7,1
And smile for me right now as you go and the world will wonder what you are smiling about and think your crazy and keep away from you ... *grins*,Personal,uci,False,,5
259813 is your verification code for Meesho. Never share your OTP.,OTP,synthetic,False,OTP_3,0
566543 is ur OTP for Axis Bank login. Valid for 30 minutes. Do not share with anyone.,OTP,synthetic,False,OTP_0,0
KYC update pending for A/c XX2364. Please visit your nearest BOB branch by 09-04-26 to avoid restrictions.,Bank,synthetic,False,Bank_12,1
UPI payment of Rs.7293 to Raagini successful. UPI Ref: 937072075436. -Axis Bank,Bank,synthetic,False,Bank_6,1
"Fun fact: although you would think armand would eventually build up a tolerance or some shit considering how much he smokes, he gets fucked up in like 2 hits",Personal,uci,False,,5
All boys made fun of me today. Ok i have no problem. I just sent one message just for fun,Personal,uci,False,,5
Low  balance alert: A/c XX3783 balance is Rs.331027. Maintain min balance to avoid charges.,Bank,synthetic,False,Bank_10,1
421782 - use this to sign in. Never share this code with anyone.,OTP,synthetic,True,Hard_7,0
Sorry I missed your call let's talk when you have the time. I'm on 07090201529,Spam,uci,False,,4
Your FD of Rs.60650 matures on 29-01-26. Renew or withdraw via netbanking. -HDFC Bank,Bank,synthetic,False,Bank_14,1
Congratulations! You won Rs.1766225 in lucky draw. Claim: bit.ly/KhBfYY,Spam,synthetic,True,Hard_12,4
You will be receiving this week's Triple Echo ringtone shortly. Enjoy it!,Spam,uci,False,,4
Boo I'm on my way to my moms. She's making tortilla soup. Yummmm,Personal,uci,False,,5
You are right. Meanwhile how's project twins comin up,Personal,uci,False,,5
Delivered! Ur Swiggy order OD5646956468 was delivered on 06 Jul. Rate ur experience: bit.ly/FGWbWI,Delivery,synthetic,False,Delivery_2,3
Okay same with me. Well thanks for the clarification,Personal,uci,False,,5
Nooooooo I'm gonna be bored to death all day. Cable and internet outage.,Personal,uci,False,,5
Auto-pay of Rs.58577 to Dhruv is scheduled on 02-05-26 from A/c XX1998. Ensure sufficient balance.,Bank,synthetic,False,Bank_13,1
Ü collecting ur laptop then going to configure da settings izzit?,Personal,uci,False,,5
Order OD6331746424 packed and ready! Expected dispatch by 05 Jul. -Meesho,Delivery,synthetic,False,Delivery_8,3
Delivered! Your Zomato order OD8957314874 was delivered on 05 Jul. Rate your experience: bit.ly/wEAcDq,Delivery,synthetic,False,Delivery_2,3
(You didn't hear it from me),Personal,uci,False,,5
Your Jio pack expires tomorrow. Recharge with Rs.119 for 3GB/day + unlimited calls.,Promo,synthetic,False,Promo_10,2
K ill drink.pa then what doing. I need srs model pls send it to my mail id pa.,Personal,uci,False,,5
KYC update pending for A/c XX3941 Please visit your nearest BOB branch by 05-05-26 to avoid restrictions,Bank,synthetic,False,Bank_12,1
We are okay. Going to sleep now. Later,Personal,uci,False,,5
out for delivery: your amazon package od9288087309 will arrive today by 9 pm. -bluedart,Delivery,synthetic,False,Delivery_1,3
Your Uber code: 6942,OTP,synthetic,True,Hard_8,0
Delivery attempt failed for order OD5451415553. We will retry tomorrow. -Delhivery,Delivery,synthetic,False,Delivery_5,3
Where at were hungry too,Personal,uci,False,,5
244731 - use this code to sign in to Kotak. Never share it with anyone.,OTP,synthetic,False,OTP_7,0
Interest of Rs.79898 credited to your FD A/c XX4293. -PNB,Bank,synthetic,False,Bank_9,1
YOUR FD OF RS.97789 MATURES ON 25-01-26. RENEW OR WITHDRAW VIA NETBANKING. -ICICI BANK,Bank,synthetic,False,Bank_14,1
Netflix: 855010 is your login OTP It expires in 10 minutes,OTP,synthetic,False,OTP_6,0
Your Hotstar plan renews on 03 Jul at Rs.88. Upgrade to 4K for Rs.957/month.,Promo,synthetic,False,Promo_18,2
Enter 816773 to verify your mobile number for BigBasket,OTP,synthetic,False,OTP_10,0
"Hey, my new number is 7419695068. Save it! Meet at noon?",Personal,synthetic,True,Hard_4,5
WIN URGENT! Your mobile number has been awarded with a £2000 prize GUARANTEED call 09061790121 from land line. claim 3030 valid 12hrs only 150ppm ,Spam,uci,False,,4
I love to wine and dine my lady!,Personal,uci,False,,5
use code 3777 at checkout for 25% off at myntra!,Promo,synthetic,True,Hard_0,2
Beware of fraud calls asking for card details. HDFC Bank officials never ask for PIN or CVV. -TM,Bank,synthetic,False,Bank_15,1
Enter  940489 to verify your mobile number for Swiggy.,OTP,synthetic,False,OTP_10,0
"As a valued customer, I am pleased to advise you that following recent review of your Mob No. you are awarded with a £1500 Bonus Prize, call 09066368470",Spam,uci,False,,4
"Bro send me Rs.2773 on gpay, will return by 01 Jul",Personal,synthetic,True,Hard_5,5
Yunny... I'm goin to be late,Personal,uci,False,,5
"Pls send me a comprehensive mail about who i'm paying, when and how much.",Personal,uci,False,,5
Your Hotstar plan renews on 04 Jul at Rs.1900 Upgrade to 4K for Rs.376/month,Promo,synthetic,False,Promo_18,2
Your Uber code: 2314,OTP,synthetic,True,Hard_8,0
"No! But we found a diff farm shop to buy some cheese. On way back now, can i call in?",Personal,uci,False,,5
Auto-pay of Rs.5022 to Ubika is scheduled on 03-05-26 from A/c XX5808 Ensure sufficient balance,Bank,synthetic,False,Bank_13,1
425303 is your OTP for Myntra login. Valid for 15 minutes. Do not share with anyone.,OTP,synthetic,False,OTP_0,0
Your FD of Rs.24616 matures on 26-02-26. Renew or withdraw via netbanking. -Kotak STOP to opt out,Bank,synthetic,False,Bank_14,1
They r giving a second chance to rahul dengra.,Personal,uci,False,,5
237900 - use this code to sign in to Netflix. Never share it with anyone.,OTP,synthetic,False,OTP_7,0
"That's fine, I'll bitch at you about it later then",Personal,uci,False,,5
Your one time password is 156280 for Kotak. Please do not share it.,OTP,synthetic,False,OTP_5,0
And by when you're done I mean now,Personal,uci,False,,5
Squeeeeeze!! This is christmas hug.. If u lik my frndshp den hug me back.. If u get 3 u r cute:) 6 u r luvd:* 9 u r so lucky;) None? People hate u:,Personal,uci,False,,5
Sounds great! Are you home now?,Personal,uci,False,,5
"You have been selected to stay in 1 of 250 top British hotels - FOR NOTHING! Holiday Worth £350! To Claim, Call London 02072069400. Bx 526, SW73SS",Spam,uci,False,,4
Rs.1088 cashback credited to ur Paytm wallet. Use on ur next order.,Promo,synthetic,False,Promo_21,2
Your one time password is 303272 for Flipkart. Please do not share it.,OTP,synthetic,False,OTP_5,0
Your Uber code: 8889,OTP,synthetic,True,Hard_8,0
"You have won ?1,000 cash or a ?2,000 prize! To claim, call09050000327. T&C: RSTM, SW7 3SS. 150ppm",Spam,uci,False,,4
Text BANNEDUK to 89555 to see! cost 150p textoperator g696ga 18+ XXX,Spam,uci,False,,4
Ur order OD8835469784 from Swiggy is arriving tomorrow. Keep Rs.4108 ready for COD.,Delivery,synthetic,False,Delivery_3,3
Are you in castor? You need to see something,Personal,uci,False,,5
CLAIRE here am havin borin time & am now alone U wanna cum over 2nite? Chat now 09099725823 hope 2 C U Luv CLAIRE xx Calls£1/minmoremobsEMSPOBox45PO139WA,Spam,uci,False,,4
Hey... are you going to quit soon? Xuhui and i working till end of the month ,Personal,uci,False,,5
UPI payment of INR 70870 to Arin successful. UPI Ref: 301797113759. -Axis Bank,Bank,synthetic,False,Bank_6,1
Tap to verify: 116214. This code expires shortly.,OTP,synthetic,True,Hard_9,0
You do your studies alone without anyones help. If you cant no need to study.,Personal,uci,False,,5
  Hungry? Get 10% off up to Rs.1113 on your next 3 orders. Code: EAT60. -Zomato,Promo,synthetic,False,Promo_12,2
Hope you are not scared!,Personal,uci,False,,5
Your Uber code: 6359,OTP,synthetic,True,Hard_8,0
Rs.95355  credited to A/c XX7124 on 06-04-26. Avl Bal: Rs.426008. -ICICI Bank,Bank,synthetic,False,Bank_1,1
out for delivery: your meesho package od4323661023 will arrive today by 3 pm. -xpressbees,Delivery,synthetic,False,Delivery_1,3
K:)k:)what are detail you want to transfer?acc no enough?,Personal,uci,False,,5
Last  day! Meesho clearance sale ends tonight. Up to 80% off sitewide.,Promo,synthetic,False,Promo_8,2
Jason from Ekart is arriving with your package. Contact: +913370937496,Delivery,synthetic,False,Delivery_6,3
  Your Hotstar plan renews on 06 Jul at Rs.648. Upgrade to 4K for Rs.401/month.,Promo,synthetic,False,Promo_18,2
  Items in your order history are back in stock at Swiggy. Prices start Rs.696.,Promo,synthetic,False,Promo_23,2
You have 871 reward points expiring on 06 Jul. Redeem on BigBasket.,Promo,synthetic,False,Promo_20,2
"Hey, my new number is 02504710292 Save it! Meet at tonight?",Personal,synthetic,True,Hard_4,5
Flight fares dropped! BOM-MAA from Rs.559. Book on MakeMyTrip before midnight.,Promo,synthetic,False,Promo_16,2
"Hi Shanil,Rakhesh here.thanks,i have exchanged the uncut diamond stuff.leaving back. Excellent service by Dino and Prem.",Personal,uci,False,,5
492214 - use this code to sign in to myntra. never share it with anyone.,OTP,synthetic,False,OTP_7,0
Pls dont restrict her from eating anythin she likes for the next two days.,Personal,uci,False,,5
Recharge  with Rs.1366 & get 80% extra talktime. Offer valid today only!,Promo,synthetic,False,Promo_5,2
I dont want to hear philosophy. Just say what happen,Personal,uci,False,,5
  Convert your BOB card purchase of Rs.653 into easy EMIs at 0% interest. Reply YES.,Promo,synthetic,False,Promo_15,2
Kai from Ekart is arriving with your package. Contact: 01226014768,Delivery,synthetic,False,Delivery_6,3
Salary of Rs.86934 credited to A/c XX9254. Avl Bal: Rs.290451. -SBI -TM,Bank,synthetic,False,Bank_7,1
Missed our shows? Come back to Netflix at 50% off for 3 months. Resubscribe: bit.ly/FKNCUK,Promo,synthetic,False,Promo_19,2
swiggy big billion days! up to 30% off + extra 10% with hdfc bank cards. hurry!,Promo,synthetic,False,Promo_1,2
Zomato: 150025 is your login OTP. It expires in 10 minutes.,OTP,synthetic,False,OTP_6,0
Your HDFC Bank debit card XX5805 has been blocked due to suspicious activity. Visit branch or call 1800-XXX to unblock.,Bank,synthetic,False,Bank_11,1
Items in your order history are back in stock at Swiggy. Prices start INR 981.,Promo,synthetic,False,Promo_23,2
KYC update pending for A/c XX1323. Please visit ur nearest Axis Bank branch by 12-01-26 to avoid restrictions.,Bank,synthetic,False,Bank_12,1
salary of rs.8912 credited to a/c xx8671. avl bal: rs.24148. -hdfc bank,Bank,synthetic,False,Bank_7,1
YOUR MEESHO ORDER OD1410162744 HAS BEEN SHIPPED VIA XPRESSBEES. TRACK: BIT.LY/QCYHTZ,Delivery,synthetic,False,Delivery_0,3
Where u been hiding stranger?,Personal,uci,False,,5
Tap to verify: 995181. This code expires shortly.,OTP,synthetic,True,Hard_9,0
Use 236915 to complete your Amazon registration. Valid till 30 mins.,OTP,synthetic,False,OTP_4,0
upi payment of rs.93399 to urishilla successful. upi ref: 610896484819. -kotak,Bank,synthetic,False,Bank_6,1
Myntra Big Billion Days! Up to 60% off + extra 10% with Kotak cards Hurry!,Promo,synthetic,False,Promo_1,2
If you were/are free i can give. Otherwise nalla adi entey nattil kittum,Personal,uci,False,,5
3 pa but not selected.,Personal,uci,False,,5
Your Myntra code: 392312 STOP to opt out,OTP,synthetic,False,OTP_8,0
Your Myntra order OD6128630175 has been shipped via XpressBees. Track: bit.ly/tWveCc,Delivery,synthetic,False,Delivery_0,3
<#> 279872 is your Flipkart code. Valid 15 min. hA8sk2Lqp3,OTP,synthetic,False,OTP_13,0
  OTP for delivery of order OD7218219992 is 6340. Share only with the delivery agent. -BlueDart,Delivery,synthetic,False,Delivery_9,3
R ü going 4 today's meeting?,Personal,uci,False,,5
Out for delivery: Your Swiggy package OD6254994389 will arrive today by 9 PM. -DTDC,Delivery,synthetic,False,Delivery_1,3
Had your mobile 10 mths? Update to latest Orange camera/video phones for FREE. Save £s with Free texts/weekend calls. Text YES for a callback orno to opt out,Spam,uci,False,,4
  Rs.77719 debited from A/c XX1290 on 25-03-26 to Omaja. Avl Bal: Rs.473313. -ICICI Bank,Bank,synthetic,False,Bank_0,1
"For ur chance to win a £250 cash every wk TXT: ACTION to 80608. T's&C's www.movietrivia.tv custcare 08712405022, 1x150p/wk",Spam,uci,False,,4
How is your schedule next week? I am out of town this weekend.,Personal,uci,False,,5
342479 IS YOUR OTP FOR FLIPKART LOGIN. VALID FOR 30 MINUTES. DO NOT SHARE WITH ANYONE.,OTP,synthetic,False,OTP_0,0
Its too late:)but its k.wish you the same.,Personal,uci,False,,5
Rs.68256 debited from A/c XX1391 on 16-05-26 to Hemal. Avl Bal: Rs.429405. -PNB,Bank,synthetic,False,Bank_0,1
Y de asking like this.,Personal,uci,False,,5
Convert your Kotak card purchase of Rs.214 into easy EMIs at 0% interest Reply YES,Promo,synthetic,False,Promo_15,2
Enter 870997 to verify your mobile number for Flipkart,OTP,synthetic,False,OTP_10,0
U don't remember that old commercial?,Personal,uci,False,,5
Salary  of Rs.18086 credited to A/c XX3146. Avl Bal: Rs.498948. -Axis Bank,Bank,synthetic,False,Bank_7,1
Oic... Then better quickly go bathe n settle down...,Personal,uci,False,,5
EMI of Rs.92725 due on 21-06-26 for loan A/c XX4516. Pay now to avoid charges. -SBI,Bank,synthetic,False,Bank_4,1
Your SonyLIV plan renews on 03 Jul at Rs.928. Upgrade to 4K for Rs.913/month.,Promo,synthetic,False,Promo_18,2
Are you going to write ccna exam this week??,Personal,uci,False,,5
If you're thinking of lifting me one then no.,Personal,uci,False,,5
Pls speak to that customer machan.,Personal,uci,False,,5
Myntra: Ur cart misses you! Complete purchase now & get 10% off. bit.ly/gMWHXO,Promo,synthetic,False,Promo_4,2
Out  for delivery: Your Myntra package OD1969190661 will arrive today by 3 PM. -BlueDart,Delivery,synthetic,False,Delivery_1,3
Getting tickets 4 walsall tue 6 th march. My mate is getting me them on sat. ill pay my treat. Want 2 go. Txt bak .Terry,Personal,uci,False,,5
Oh k :)why you got job then whats up?,Personal,uci,False,,5
Order OD4822533675 packed and ready! Expected dispatch by 06 Jul. -Zomato,Delivery,synthetic,False,Delivery_8,3
You have 128 reward points expiring on 03 Jul. Redeem on Amazon.,Promo,synthetic,False,Promo_20,2
YOUR UBER CODE: 5662,OTP,synthetic,True,Hard_8,0
Hope you enjoyed your new content. text stop to 61610 to unsubscribe. help:08712400602450p Provided by tones2you.co.uk,Spam,uci,False,,4
Low balance alert: A/c XX5976 balance is Rs.84565. Maintain min balance to avoid charges.,Bank,synthetic,False,Bank_10,1
I want to go to perumbavoor,Personal,uci,False,,5
"HEY BABE! FAR 2 SPUN-OUT 2 SPK AT DA MO... DEAD 2 DA WRLD. BEEN SLEEPING ON DA SOFA ALL DAY, HAD A COOL NYTHO, TX 4 FONIN HON, CALL 2MWEN IM BK FRMCLOUD 9! J X",Personal,uci,False,,5
If you're not in my car in an hour and a half I'm going apeshit,Personal,uci,False,,5
Work  from home! Earn Rs.516921/month. Join: bit.ly/WuiZcJ,Spam,synthetic,True,Hard_14,4
Your SonyLIV plan renews on 04 Jul at INR 1741. Upgrade to 4K for INR 352/month.,Promo,synthetic,False,Promo_18,2
Tap to verify: 895483. This code expires shortly.,OTP,synthetic,True,Hard_9,0
Tap to verify: 315219. This code expires shortly.,OTP,synthetic,True,Hard_9,0
"Claim a 200 shopping spree, just call 08717895698 now! Have you won! MobStoreQuiz10ppm",Spam,uci,False,,4
Use 895522 to complete your Netflix registration. Valid till 30 mins. T&C apply,OTP,synthetic,False,OTP_4,0
OTP FOR DELIVERY OF ORDER OD6838795751 IS 5286. SHARE ONLY WITH THE DELIVERY AGENT. -DELHIVERY,Delivery,synthetic,False,Delivery_9,3
Coupon 7515 gives you free delivery on orders above INR 3337. -Swiggy,Promo,synthetic,True,Hard_1,2
"Don't worry, * is easy once have ingredients!",Personal,uci,False,,5
Then anything special?,Personal,uci,False,,5
"Cool breeze... Bright sun... Fresh flower... Twittering birds... All these waiting to wish u: ""GOODMORNING &amp; HAVE A NICE DAY"" :)",Personal,uci,False,,5
I'm hungry buy smth home...,Personal,uci,False,,5
FREE entry into our £250 weekly comp just send the word WIN to 80086 NOW. 18 T&C www.txttowin.co.uk,Spam,uci,False,,4
Pay Rs.1134 on delivery for order OD534965750 -Delhivery,Delivery,synthetic,True,Hard_10,3
Your Swiggy code: 629153,OTP,synthetic,False,OTP_8,0
NO GIFTS!! You trying to get me to throw myself off a cliff or something?,Personal,uci,False,,5
Your  credit card XX9343 statement is ready. Total due: Rs.15205. Min due: Rs.2363. -ICICI Bank,Bank,synthetic,False,Bank_5,1
Use 590002 to complete your Swiggy registration. Valid till 15 mins.,OTP,synthetic,False,OTP_4,0
Cheque no 316261816896 for Rs.54123 has been cleared from A/c XX7731 -BOB,Bank,synthetic,False,Bank_8,1
"Probably not, I'm almost out of gas and I get some cash tomorrow",Personal,uci,False,,5
You are awarded a SiPix Digital Camera! call 09061221061 from landline. Delivery within 28days. T Cs Box177. M221BP. 2yr warranty. 150ppm. 16 . p p£3.99,Spam,uci,False,,4
Your Flipkart membership expires soon. Renew now & save 70%: bit.ly/OXMPBT,Promo,synthetic,False,Promo_9,2
"HI CHAKRADHAR, UNLOCK RS.807 OFF YOUR FIRST ORDER AT SWIGGY WITH CODE NEW45.",Promo,synthetic,False,Promo_7,2
"Well, I was about to give up cos they all said no they didn‘t do one nighters. I persevered and found one but it is very cheap so i apologise in advance. It is just somewhere to sleep isnt it?",Personal,uci,False,,5
Haven't eaten all day. I'm sitting here staring at this juicy pizza and I can't eat it. These meds are ruining my life.,Personal,uci,False,,5
"Hi Ekalinga, unlock Rs.292 off your first order at Amazon with code NEW42.",Promo,synthetic,False,Promo_7,2
  Salary of Rs.22315 credited to A/c XX6637. Avl Bal: Rs.431448. -HDFC Bank,Bank,synthetic,False,Bank_7,1
A £400 XMAS REWARD IS WAITING FOR YOU! Our computer has randomly picked you from our loyal mobile customers to receive a £400 reward. Just call 09066380611 ,Spam,uci,False,,4
"No dice, art class 6 thru 9 :( thanks though. Any idea what time I should come tomorrow?",Personal,uci,False,,5
Oh that was a forwarded message. I thought you send that to me,Personal,uci,False,,5
As usual u can call me ard 10 smth.,Personal,uci,False,,5
Auto-pay  of Rs.32065 to Qarin is scheduled on 27-05-26 from A/c XX2225. Ensure sufficient balance.,Bank,synthetic,False,Bank_13,1
Wake me up at  &lt;#&gt;  am morning:),Personal,uci,False,,5
Your credit card XX9371 statement is ready. Total due: Rs.38600. Min due: Rs.1328. -HDFC Bank T&C apply,Bank,synthetic,False,Bank_5,1
You have 1736 reward points expiring on 02 Jul. Redeem on BigBasket.,Promo,synthetic,False,Promo_20,2
What time do u get out?,Personal,uci,False,,5
227515 is your OTP for Myntra login. Valid for 15 minutes. Do not share with anyone.,OTP,synthetic,False,OTP_0,0
Cheque no. 284864292823 for Rs.91609 has been cleared from A/c XX9909. -Kotak,Bank,synthetic,False,Bank_8,1
"Hi Upasna, unlock Rs.1817 off your first order at Amazon with code NEW78",Promo,synthetic,False,Promo_7,2
"hey, my new number is 06816584072. save it! meet at 8?",Personal,synthetic,True,Hard_4,5
Ok. Very good. Its all about making that money.,Personal,uci,False,,5
Salary of Rs.35809 credited to A/c XX9121. Avl Bal: Rs.37314. -PNB,Bank,synthetic,False,Bank_7,1
Cheque no. 826757043925 for Rs.15603 has been cleared from A/c XX6657. -SBI,Bank,synthetic,False,Bank_8,1
Order OD7099724301 packed and ready! Expected dispatch by 05 Jul. -Zomato,Delivery,synthetic,False,Delivery_8,3
Its normally hot mail. Com you see!,Personal,uci,False,,5
Convert your BOB card purchase of Rs.938 into easy EMIs at 0% interest. Reply YES.,Promo,synthetic,False,Promo_15,2
Cheque no. 283519384375 for INR 84832 has been cleared from A/c XX6312. -Axis Bank,Bank,synthetic,False,Bank_8,1
Convert your ICICI Bank card purchase of Rs.1375 into easy EMIs at 0% interest. Reply YES. -TM,Promo,synthetic,False,Promo_15,2
Ur BigBasket membership expires soon. Renew now & save 50%: bit.ly/ZUqZku,Promo,synthetic,False,Promo_9,2
Cheque no. 432780355799 for Rs.51478 has been cleared from A/c XX1227. -Axis Bank,Bank,synthetic,False,Bank_8,1
Oops sorry. Just to check that you don't mind picking me up tomo at half eight from station. Would that be ok?,Personal,uci,False,,5
<#> 191815 is your Flipkart code. Valid 10 min. hA8sk2Lqp3 STOP to opt out,OTP,synthetic,False,OTP_13,0
Ur FD of Rs.72321 matures on 30-04-26. Renew or withdraw via netbanking. -BOB,Bank,synthetic,False,Bank_14,1
Hi. Hope you had a good day. Have a better night.,Personal,uci,False,,5
Enter 751037 to verify your mobile number for BOB.,OTP,synthetic,False,OTP_10,0
your fd of rs.4297 matures on 10-02-26. renew or withdraw via netbanking. -axis bank,Bank,synthetic,False,Bank_14,1
"Evening * v good if somewhat event laden. Will fill you in, don't you worry … Head * ok but throat * wrecked. See you at six then!",Personal,uci,False,,5
PhonePe: 130365 is your login OTP. It expires in 30 minutes.,OTP,synthetic,False,OTP_6,0
"Nothing, i got msg frm tht unknown no..",Personal,uci,False,,5
Er mw im filled tuth is aight,Personal,uci,False,,5
Amazon: 456715 is your login OTP. It expires in 15 minutes.,OTP,synthetic,False,OTP_6,0
Rs.17831 credited to A/c XX6738 on 02-01-26. Avl Bal: Rs.117069. -ICICI Bank,Bank,synthetic,False,Bank_1,1
Havent stuck at orchard in my dad's car. Going 4 dinner now. U leh? So r they free tonight?,Personal,uci,False,,5
Order OD3324383705 packed and ready! Expected dispatch by 04 Jul. -Meesho,Delivery,synthetic,False,Delivery_8,3
Had your mobile 11mths ? Update for FREE to Oranges latest colour camera mobiles & unlimited weekend calls. Call Mobile Upd8 on freefone 08000839402 or 2StopTx,Spam,uci,False,,4
Your Zomato order OD4634020568 has been shipped via DTDC. Track: bit.ly/JEYdme,Delivery,synthetic,False,Delivery_0,3
Valentines Day Special! Win over £1000 in our quiz and take your partner on the trip of a lifetime! Send GO to 83600 now. 150p/msg rcvd. CustCare:08718720201.,Spam,uci,False,,4
EMI of Rs.23568 due on 13-03-26 for loan A/c XX2917. Pay now to avoid charges. -Axis Bank,Bank,synthetic,False,Bank_4,1
Flipkart: 292883 is ur login OTP. It expires in 15 minutes.,OTP,synthetic,False,OTP_6,0
Meesho: 327624 is your login OTP. It expires in 30 minutes.,OTP,synthetic,False,OTP_6,0
Cheque no. 492227254518 for Rs.61159 has been cleared from A/c XX8304. -HDFC Bank,Bank,synthetic,False,Bank_8,1
Ur order OD1847891858 from Zomato is arriving tomorrow. Keep Rs.2055 ready for COD.,Delivery,synthetic,False,Delivery_3,3
173795 is your OTP for Meesho login Valid for 15 minutes Do not share with anyone,OTP,synthetic,False,OTP_0,0
EMI of Rs.34174 due on 12-06-26 for loan A/c XX8075. Pay now to avoid charges. -Axis Bank,Bank,synthetic,False,Bank_4,1
Already am squatting is the new way of walking,Personal,uci,False,,5
Missed our shows? Come back to Prime Video at 50% off for 3 months. Resubscribe: bit.ly/wzLokZ,Promo,synthetic,False,Promo_19,2
Pay  Rs.3372 on delivery for order OD589093443. -BlueDart,Delivery,synthetic,True,Hard_10,3
"I'm an actor. When i work, i work in the evening and sleep late. Since i'm unemployed at the moment, i ALWAYS sleep late. When you're unemployed, every day is saturday.",Personal,uci,False,,5
FREE camera phones with linerental from 4.49/month with 750 cross ntwk mins. 1/2 price txt bundle deals also avble. Call 08001950382 or call2optout/J MF,Spam,uci,False,,4
<#> 333902 is ur Flipkart code. Valid 30 min. hA8sk2Lqp3,OTP,synthetic,False,OTP_13,0
upi payment of rs.99086 to vasatika successful. upi ref: 690448261537. -pnb,Bank,synthetic,False,Bank_6,1
data exhausted? get 1gb extra with rs.1904 booster pack. dial *121# or visit app.,Promo,synthetic,False,Promo_11,2
Wait  &lt;#&gt;  min..,Personal,uci,False,,5
Convert your PNB card purchase of INR 737 into easy EMIs at 0% interest. Reply YES.,Promo,synthetic,False,Promo_15,2
Cheque no. 988033502747 for Rs.94028 has been cleared from A/c XX1555. -PNB,Bank,synthetic,False,Bank_8,1
I have gone into get info bt dont know what to do,Personal,uci,False,,5
Pay Rs.3370 on delivery for order OD743613764. -XpressBees,Delivery,synthetic,True,Hard_10,3
Hey darlin.. i can pick u up at college if u tell me wen & where 2 mt.. love Pete xx,Personal,uci,False,,5
531335 is your OTP for Paytm login. Valid for 15 minutes. Do not share with anyone.,OTP,synthetic,False,OTP_0,0
I.ll get there tomorrow and send it to you,Personal,uci,False,,5
Hi dis is yijue i would be happy to work wif ü all for gek1510...,Personal,uci,False,,5
"Nothing. I meant that once the money enters your account here, the bank will remove its flat rate. Someone transfered  &lt;#&gt;  to my account and  &lt;#&gt; dollars got removed. So the banks differ and charges also differ.be sure you trust the 9ja person you are sending account details to cos...",Personal,uci,False,,5
Tiwary to rcb.battle between bang and kochi.,Personal,uci,False,,5
Delhi and chennai still silent.,Personal,uci,False,,5
Your Flipkart membership expires soon. Renew now & save 80%: bit.ly/rhcPFJ,Promo,synthetic,False,Promo_9,2
Out for delivery: Ur Flipkart package OD6582215156 will arrive today by 12 PM. -XpressBees,Delivery,synthetic,False,Delivery_1,3
Salary of Rs.42834 credited to A/c XX6817. Avl Bal: Rs.188654. -HDFC Bank T&C apply,Bank,synthetic,False,Bank_7,1
ok. I am a gentleman and will treat you with dignity and respect.,Personal,uci,False,,5
196673 is your OTP for Zomato login Valid for 2 minutes Do not share with anyone,OTP,synthetic,False,OTP_0,0
congratulations! you won rs.2242266 in lucky draw. claim: bit.ly/xffvhn,Spam,synthetic,True,Hard_12,4
EMI of Rs.52669 due on 03-07-26 for loan A/c XX3905. Pay now to avoid charges. -ICICI Bank,Bank,synthetic,False,Bank_4,1
Order OD2008020379 packed and ready! Expected dispatch by 04 Jul. -Flipkart T&C apply,Delivery,synthetic,False,Delivery_8,3
Delivered! Ur Meesho order OD4678217054 was delivered on 01 Jul. Rate ur experience: bit.ly/SpQiHu,Delivery,synthetic,False,Delivery_2,3
I wonder if you'll get this text?,Personal,uci,False,,5
KYC  update pending for A/c XX7323. Please visit your nearest BOB branch by 23-02-26 to avoid restrictions.,Bank,synthetic,False,Bank_12,1
Reckon need to be in town by eightish to walk from * carpark.,Personal,uci,False,,5
Happy birthday to you....dear.with lots of love.rakhesh NRI,Personal,uci,False,,5
+449071512431 URGENT! This is the 2nd attempt to contact U!U have WON £1250 CALL 09071512433 b4 050703 T&CsBCM4235WC1N3XX. callcost 150ppm mobilesvary. max£7. 50,Spam,uci,False,,4
Your  Axis Bank debit card XX4966 has been blocked due to suspicious activity. Visit branch or call 1800-XXX to unblock.,Bank,synthetic,False,Bank_11,1
Wat happened to the cruise thing,Personal,uci,False,,5
Low balance alert: A/c XX6405 balance is Rs.464036. Maintain min balance to avoid charges.,Bank,synthetic,False,Bank_10,1
Yeh. Indians was nice. Tho it did kane me off a bit he he. We shud go out 4 a drink sometime soon. Mite hav 2 go 2 da works 4 a laugh soon. Love Pete x x,Personal,uci,False,,5
Your one time password is 267541 for BigBasket Please do not share it,OTP,synthetic,False,OTP_5,0
Morning only i can ok.,Personal,uci,False,,5
31562 is your verification code for HDFC Bank Never share your OTP,OTP,synthetic,False,OTP_3,0
delivery attempt failed for order od8873623097. we will retry tomorrow. -delhivery,Delivery,synthetic,False,Delivery_5,3
Eat jap done oso aft ur lect wat... Ü got lect at 12 rite... ,Personal,uci,False,,5
"Congrats! 1 year special cinema pass for 2 is yours. call 09061209465 now! C Suprman V, Matrix3, StarWars3, etc all 4 FREE! bx420-ip4-5we. 150pm. Dont miss out! ",Spam,uci,False,,4
Dont think so. It turns off like randomlly within 5min of opening,Personal,uci,False,,5
EMI of Rs.54553 due on 10-03-26 for loan A/c XX6916. Pay now to avoid charges. -BOB,Bank,synthetic,False,Bank_4,1
DELIVERY ATTEMPT FAILED FOR ORDER OD1423333483. WE WILL RETRY TOMORROW. -BLUEDART,Delivery,synthetic,False,Delivery_5,3
Your credit card XX8539 statement is ready. Total due: Rs.51341. Min due: Rs.1205. -HDFC Bank,Bank,synthetic,False,Bank_5,1
Auto-pay of Rs.75971 to Chaitaly is scheduled on 31-01-26 from A/c XX5487 Ensure sufficient balance,Bank,synthetic,False,Bank_13,1
Ü got wat to buy tell us then ü no need to come in again.,Personal,uci,False,,5
OTP for delivery of order OD9678967264 is 8055. Share only with the delivery agent. -DTDC,Delivery,synthetic,False,Delivery_9,3
  Enter 715631 to verify your mobile number for IRCTC.,OTP,synthetic,False,OTP_10,0
"Fighting with the world is easy, u either win or lose bt fightng with some1 who is close to u is dificult if u lose - u lose if u win - u still lose.",Personal,uci,False,,5
Dear customer ur SBI account will be blocked! Update KYC now: bit.ly/kuFFaV,Spam,synthetic,True,Hard_11,4
Huh y lei...,Personal,uci,False,,5
"Hey,  my new number is +919915207743. Save it! Meet at 6pm?",Personal,synthetic,True,Hard_4,5
There the size of elephant tablets & u shove um up ur ass!!,Personal,uci,False,,5
  397463 is your Swiggy security code. Anyone asking for it is a scammer.,OTP,synthetic,False,OTP_9,0
Are you happy baby ? Are you alright ? Did you take that job ? I hope your fine. I send you a kiss to make you smile from across the sea ... *kiss* *kiss*,Personal,uci,False,,5
Your Zomato order OD8501548102 has been shipped via DTDC. Track: bit.ly/fZSvzs,Delivery,synthetic,False,Delivery_0,3
Low balance alert: A/c XX7318 balance is Rs.300620. Maintain min balance to avoid charges.,Bank,synthetic,False,Bank_10,1
Exclusive for you! Buy 1 Get 1 FREE at Meesho. Limited period offer. Visit bit.ly/QEXMRZ T&C apply,Promo,synthetic,False,Promo_3,2
"I hav almost reached. Call, i m unable to connect u.",Personal,uci,False,,5
Barkha from DTDC is arriving with your package. Contact: 03688733493,Delivery,synthetic,False,Delivery_6,3
But i dint slept in afternoon.,Personal,uci,False,,5
hanks lotsly!,Personal,uci,False,,5
485479 is your Uber security code Anyone asking for it is a scammer,OTP,synthetic,False,OTP_9,0
K.k:)advance happy pongal.,Personal,uci,False,,5
SALARY OF RS.44848 CREDITED TO A/C XX4161. AVL BAL: RS.31803. -KOTAK,Bank,synthetic,False,Bank_7,1
I want to send something that can sell fast.  &lt;#&gt; k is not easy money.,Personal,uci,False,,5
"never share your otp, pin or cvv. sbi never asks for these. stay safe.",Bank,synthetic,True,Hard_3,1
Your Amazon membership expires soon. Renew now & save 10%: bit.ly/pEdWcR,Promo,synthetic,False,Promo_9,2
"Don't worry though, I understand how important it is that I be put in my place with a poorly thought out punishment in the face of the worst thing that has ever happened to me. Brb gonna go kill myself",Personal,uci,False,,5
Ur Prime Video plan renews on 01 Jul at Rs.911. Upgrade to 4K for Rs.437/month.,Promo,synthetic,False,Promo_18,2
Out for delivery: Your Amazon package OD9631240735 will arrive today by 6 PM. -BlueDart,Delivery,synthetic,False,Delivery_1,3
Recharge with Rs.612 & get 60% extra talktime Offer valid today only!,Promo,synthetic,False,Promo_5,2
Happy new years melody!,Personal,uci,False,,5
Dont gimme that lip caveboy,Personal,uci,False,,5
I meant middle left or right?,Personal,uci,False,,5
"GOD ASKED, ""What is forgiveness?"" A little child gave lovely reply, ""It is d wonderful fruit that a tree gives when it is being hurt by a stone.. Good night......",Personal,uci,False,,5
Auto-pay of Rs.50822 to Hemani is scheduled on 03-03-26 from A/c XX4523. Ensure sufficient balance.,Bank,synthetic,False,Bank_13,1
531434 is your verification code for PNB. Never share your OTP.,OTP,synthetic,False,OTP_3,0
MEGA SALE! Get 80% OFF on all products at BigBasket. Shop now: bit.ly/wMQsUO T&C apply.,Promo,synthetic,False,Promo_0,2
"HI SAMUEL, UNLOCK RS.1340 OFF YOUR FIRST ORDER AT AMAZON WITH CODE NEW29.",Promo,synthetic,False,Promo_7,2
Exclusive for you! Buy 1 Get 1 FREE at Myntra. Limited period offer. Visit bit.ly/ikkmQj,Promo,synthetic,False,Promo_3,2
You have 2371 reward points expiring on 04 Jul. Redeem on Meesho. -TM,Promo,synthetic,False,Promo_20,2
CDs 4u: Congratulations ur awarded £500 of CD gift vouchers or £125 gift guaranteed & Freeentry 2 £100 wkly draw xt MUSIC to 87066 TnCs www.ldew.com1win150ppmx3age16 ,Spam,uci,False,,4
Urgent! Please call 09061743810 from landline. Your ABTA complimentary 4* Tenerife Holiday or #5000 cash await collection SAE T&Cs Box 326 CW25WX 150 ppm,Spam,uci,False,,4
Coupon 8099 gives you free delivery on orders above Rs.2700. -Myntra T&C apply,Promo,synthetic,True,Hard_1,2
YOU HAVE 1029 REWARD POINTS EXPIRING ON 01 JUL. REDEEM ON AMAZON.,Promo,synthetic,False,Promo_20,2
Hungry? Get 70% off up to Rs.572 on ur next 3 orders. Code: EAT87. -Swiggy,Promo,synthetic,False,Promo_12,2
Tap to verify: 660910. This code expires shortly.,OTP,synthetic,True,Hard_9,0
interest of rs.30005 credited to your fd a/c xx6071. -kotak,Bank,synthetic,False,Bank_9,1
EMI of Rs.69191 due on 29-01-26 for loan A/c XX3066 Pay now to avoid charges -BOB,Bank,synthetic,False,Bank_4,1
Nope i'll come online now..,Personal,uci,False,,5
Did u download the fring app?,Personal,uci,False,,5
"Cant believe i said so many things to you this morning when all i really wanted to say was good morning, i love you! Have a beautiful morning. See you in the library later.",Personal,uci,False,,5
delivery attempt failed for order od2832981885. we will retry tomorrow. -bluedart,Delivery,synthetic,False,Delivery_5,3
"Good good, billy mates all gone. Just been jogging, again! Did enjoy concert?",Personal,uci,False,,5
"5 Free Top Polyphonic Tones call 087018728737, National Rate. Get a toppoly tune sent every week, just text SUBPOLY to 81618, £3 per pole. UnSub 08718727870.",Spam,uci,False,,4
Use code 2447 at checkout for 25% off at Swiggy!,Promo,synthetic,True,Hard_0,2
Somebody set up a website where you can play hold em using eve online spacebucks,Personal,uci,False,,5
Your order OD6295291726 from Swiggy is arriving tomorrow. Keep Rs.4502 ready for COD.,Delivery,synthetic,False,Delivery_3,3
Wot u up 2? Thout u were gonna call me!! Txt bak luv K,Personal,uci,False,,5
Your credit card XX7281 statement is ready. Total due: Rs.42370. Min due: Rs.4752. -Axis Bank,Bank,synthetic,False,Bank_5,1
I asked sen to come chennai and search for job.,Personal,uci,False,,5
How much would it cost to hire a hitman,Personal,uci,False,,5
Maybe you should find something else to do instead???,Personal,uci,False,,5
Myntra Big Billion Days! Up to 50% off + extra 10% with SBI cards. Hurry! -TM,Promo,synthetic,False,Promo_1,2
"I'm in a meeting, call me later at",Personal,uci,False,,5
"Hi Aahana, unlock Rs.1113 off ur first order at Zomato with code NEW47.",Promo,synthetic,False,Promo_7,2
  Your Uber code: 7235,OTP,synthetic,True,Hard_8,0
"SPJanuary Male Sale! Hot Gay chat now cheaper, call 08709222922. National rate from 1.5p/min cheap to 7.8p/min peak! To stop texts call 08712460324 (10p/min)",Spam,uci,False,,4
  Rs.31776 debited from A/c XX7798 on 25-06-26 to Sai. Avl Bal: Rs.36991. -SBI,Bank,synthetic,False,Bank_0,1
Coupon 3000 gives you free delivery on orders above Rs.3927. -Swiggy,Promo,synthetic,True,Hard_1,2
  Use 126761 to complete your Uber registration. Valid till 15 mins.,OTP,synthetic,False,OTP_4,0
DELIVERY ATTEMPT FAILED FOR ORDER OD2214387371. WE WILL RETRY TOMORROW. -DTDC,Delivery,synthetic,False,Delivery_5,3
URGENT We are trying to contact you Last weekends draw shows u have won a £1000 prize GUARANTEED Call 09064017295 Claim code K52 Valid 12hrs 150p pm,Spam,uci,False,,4
WHEN THE FIRST STRIKE IS A RED ONE. THE BIRD + ANTELOPE BEGIN TOPLAY IN THE FIELDOF SELFINDEPENDENCE BELIEVE THIS + THE FLOWER OF CONTENTION WILL GROW.RANDOM!,Personal,uci,False,,5
Update_Now - 12Mths Half Price Orange line rental: 400mins...Call MobileUpd8 on 08000839402 or call2optout=J5Q,Spam,uci,False,,4
Swiggy Big Billion Days! Up to 70% off + extra 10% with SBI cards. Hurry!,Promo,synthetic,False,Promo_1,2
Rs.70331 debited from A/c XX7536 on 30-04-26 to Warinder. Avl Bal: Rs.339297. -SBI STOP to opt out,Bank,synthetic,False,Bank_0,1
UPI  payment of Rs.97726 to Udant successful. UPI Ref: 946344795916. -SBI,Bank,synthetic,False,Bank_6,1
Thanks  and ! Or bomb and date as my phone wanted to say! ,Personal,uci,False,,5
Your A/c XX9636 is debited with Rs.65762 on 25-03-26. Info: UPI-Gopal. Bal: Rs.491407,Bank,synthetic,False,Bank_2,1
YOU HAVE 4916 REWARD POINTS EXPIRING ON 02 JUL. REDEEM ON FLIPKART.,Promo,synthetic,False,Promo_20,2
Interest of Rs.9045 credited to ur FD A/c XX7532. -ICICI Bank,Bank,synthetic,False,Bank_9,1
918243 - use this to sign in. Never share this code with anyone.,OTP,synthetic,True,Hard_7,0
It vl bcum more difficult..,Personal,uci,False,,5
ENTER 694317 TO VERIFY YOUR MOBILE NUMBER FOR KOTAK.,OTP,synthetic,False,OTP_10,0
Sounds better than my evening im just doing my costume. Im not sure what time i finish tomorrow but i will txt you at the end.,Personal,uci,False,,5
102663 - use this to sign in. Never share this code with anyone.,OTP,synthetic,True,Hard_7,0
Data  exhausted? Get 3GB extra with Rs.1105 booster pack. Dial *121# or visit app.,Promo,synthetic,False,Promo_11,2
WHO ARE YOU SEEING?,Personal,uci,False,,5
rs.77352 debited from a/c xx5965 on 20-01-26 to dayita. avl bal: rs.209279. -hdfc bank,Bank,synthetic,False,Bank_0,1
use 135635 to complete your sbi registration. valid till 10 mins.,OTP,synthetic,False,OTP_4,0
  Last day! Zomato clearance sale ends tonight. Up to 80% off sitewide.,Promo,synthetic,False,Promo_8,2
Out  for delivery: Your Meesho package OD5573004220 will arrive today by 6 PM. -Delhivery,Delivery,synthetic,False,Delivery_1,3
Your order OD7408345578 from Myntra is arriving tomorrow. Keep Rs.1491 ready for COD.,Delivery,synthetic,False,Delivery_3,3
Your Swiggy code: 163958,OTP,synthetic,False,OTP_8,0
Salary of Rs.60872 credited to A/c XX5192 Avl Bal: Rs.206295 -ICICI Bank,Bank,synthetic,False,Bank_7,1
Ryder unsold.now gibbs.,Personal,uci,False,,5
Hungry? Get 30% off up to INR 1657 on your next 3 orders. Code: EAT42. -Swiggy,Promo,synthetic,False,Promo_12,2
When is school starting. Where will you stay. What's the weather like. And the food. Do you have a social support system like friends in the school. All these things are important.,Personal,uci,False,,5
Out for delivery: Your Flipkart package OD7622855684 will arrive today by 12 PM. -XpressBees,Delivery,synthetic,False,Delivery_1,3
Use  704964 to complete your Hotstar registration. Valid till 15 mins.,OTP,synthetic,False,OTP_4,0
Eh u send wrongly lar...,Personal,uci,False,,5
Work from home! Earn Rs.1210032/month Join: bitly/gZLrjj,Spam,synthetic,True,Hard_14,4
Some of them told accenture is not confirm. Is it true.,Personal,uci,False,,5
Order OD2461642827 packed and ready! Expected dispatch by 06 Jul. -BigBasket,Delivery,synthetic,False,Delivery_8,3
Enter 297376 to verify ur mobile number for HDFC Bank.,OTP,synthetic,False,OTP_10,0
DO NOT B LATE LOVE MUM,Personal,uci,False,,5
Salary of Rs.48678 credited to A/c XX5887. Avl Bal: Rs.222412. -BOB,Bank,synthetic,False,Bank_7,1
Low balance alert: A/c XX6340 balance is Rs.189734. Maintain min balance to avoid charges.,Bank,synthetic,False,Bank_10,1
YOU HAVE 1495 REWARD POINTS EXPIRING ON 01 JUL. REDEEM ON ZOMATO.,Promo,synthetic,False,Promo_20,2
I'm on my way home. Went to change batt 4 my watch then go shop a bit lor.,Personal,uci,False,,5
salary of rs.99994 credited to a/c xx5804. avl bal: rs.132524. -pnb,Bank,synthetic,False,Bank_7,1
Ur Kotak debit card XX3007 has been blocked due to suspicious activity. Visit branch or call 1800-XXX to unblock.,Bank,synthetic,False,Bank_11,1
Tap to verify: 771918. This code expires shortly. T&C apply,OTP,synthetic,True,Hard_9,0
Amazon: Your cart misses you! Complete purchase now & get 80% off. bit.ly/jxVTnj,Promo,synthetic,False,Promo_4,2
"Y cant u try new invention to fly..i'm not joking.,",Personal,uci,False,,5
246682 - use this to sign in. Never share this code with anyone.,OTP,synthetic,True,Hard_7,0
  Rs.11091 credited to A/c XX9854 on 08-02-26. Avl Bal: Rs.48542. -Axis Bank,Bank,synthetic,False,Bank_1,1
1's finish meeting call me.,Personal,uci,False,,5
Tap to verify: 144816. This code expires shortly.,OTP,synthetic,True,Hard_9,0
"Perhaps * is much easy give your account identification, so i will tomorrow at UNI",Personal,uci,False,,5
Shb b ok lor... Thanx...,Personal,uci,False,,5
Rs.91392 debited from A/c XX7716 on 07-03-26 to Abeer. Avl Bal: Rs.442994. -PNB,Bank,synthetic,False,Bank_0,1
Dear where you will be when i reach there,Personal,uci,False,,5
Your  A/c XX3107 is debited with Rs.46152 on 18-06-26. Info: UPI-Mohammed. Bal: Rs.66478,Bank,synthetic,False,Bank_2,1
"Awesome, I'll see you in a bit",Personal,uci,False,,5
Horrible u eat macs eat until u forgot abt me already rite... U take so long 2 reply. I thk it's more toot than b4 so b prepared. Now wat shall i eat?,Personal,uci,False,,5
Auto-pay of Rs.75719 to Samar is scheduled on 29-01-26 from A/c XX8303. Ensure sufficient balance.,Bank,synthetic,False,Bank_13,1
rs.1828 cashback credited to your amazon pay wallet. use on your next order.,Promo,synthetic,False,Promo_21,2
Let Ur Heart Be Ur Compass Ur Mind Ur Map Ur Soul Ur Guide And U Will Never loose in world....gnun - Sent via WAY2SMS.COM,Personal,uci,False,,5
  Ola: 888915 is your login OTP. It expires in 15 minutes.,OTP,synthetic,False,OTP_6,0
OTP for delivery of order OD7355843523 is 3430. Share only with the delivery agent. -XpressBees,Delivery,synthetic,False,Delivery_9,3
Loved your recent Zomato order? Reorder in 1 tap and get 80% off today,Promo,synthetic,False,Promo_22,2
Delivered! Your Meesho order OD9541085946 was delivered on 02 Jul. Rate your experience: bit.ly/UGgdYN,Delivery,synthetic,False,Delivery_2,3
Kotak: 693671 is your login OTP. It expires in 10 minutes. T&C apply,OTP,synthetic,False,OTP_6,0
  Enter 253016 to verify your mobile number for Swiggy.,OTP,synthetic,False,OTP_10,0
"Hey, my new number is +911796090163 Save it! Meet at tonight?",Personal,synthetic,True,Hard_4,5
Pls give her prometazine syrup. 5mls then  &lt;#&gt; mins later feed.,Personal,uci,False,,5
Data exhausted? Get 2GB extra with Rs.1287 booster pack. Dial *121# or visit app.,Promo,synthetic,False,Promo_11,2
"Go until jurong point, crazy.. Available only in bugis n great world la e buffet... Cine there got amore wat...",Personal,uci,False,,5
Your  Uber code: 7679,OTP,synthetic,True,Hard_8,0
"Congrats 2 mobile 3G Videophones R yours. call 09063458130 now! videochat wid ur mates, play java games, Dload polypH music, noline rentl. bx420. ip4. 5we. 150p",Spam,uci,False,,4
We walked from my moms. Right on stagwood pass right on winterstone left on victors hill. Address is &lt;#&gt;,Personal,uci,False,,5
GSOH? Good with SPAM the ladies?U could b a male gigolo? 2 join the uk's fastest growing mens club reply ONCALL. mjzgroup. 08714342399.2stop reply STOP. msg@£1.50rcvd,Spam,uci,False,,4
"I'm outside islands, head towards hard rock and you'll run into me",Personal,uci,False,,5
Pay Rs.4456 on delivery for order OD492236625. -XpressBees,Delivery,synthetic,True,Hard_10,3
Radha from XpressBees is arriving with your package. Contact: +910519841897 T&C apply,Delivery,synthetic,False,Delivery_6,3
  Flipkart: Your cart misses you! Complete purchase now & get 10% off. bit.ly/HCqRre,Promo,synthetic,False,Promo_4,2
No no:)this is kallis home ground.amla home town is durban:),Personal,uci,False,,5
"Bro send me INR 4624 on gpay, will return by 03 Jul",Personal,synthetic,True,Hard_5,5
Your Zomato order OD3070204096 has been shipped via Delhivery. Track: bit.ly/GjhOCu,Delivery,synthetic,False,Delivery_0,3
Can you let me know details of fri when u find out cos I'm not in tom or fri. mentionned chinese. Thanks,Personal,uci,False,,5
"Hey, my new number is +911603844687. Save it! Meet at 8?",Personal,synthetic,True,Hard_4,5
MEESHO BIG BILLION DAYS! UP TO 30% OFF + EXTRA 10% WITH ICICI BANK CARDS. HURRY!,Promo,synthetic,False,Promo_1,2
<#> 541313 is your icici bank code. valid 5 min. ha8sk2lqp3,OTP,synthetic,False,OTP_13,0
your uber code: 8738,OTP,synthetic,True,Hard_8,0
Carlos is taking his sweet time as usual so let me know when you and patty are done/want to smoke and I'll tell him to haul ass,Personal,uci,False,,5
Kallis is ready for bat in 2nd innings,Personal,uci,False,,5
  UPI payment of Rs.24507 to Fitan successful. UPI Ref: 571695170102. -Kotak,Bank,synthetic,False,Bank_6,1
  Your one time password is 21726 for SBI. Please do not share it.,OTP,synthetic,False,OTP_5,0
Gautami from XpressBees is arriving with your package. Contact: 02004408171,Delivery,synthetic,False,Delivery_6,3
YOUR HOTSTAR CODE: 825582,OTP,synthetic,False,OTP_8,0
  Low balance alert: A/c XX8142 balance is Rs.100488. Maintain min balance to avoid charges.,Bank,synthetic,False,Bank_10,1
salary of rs.80903 credited to a/c xx2683. avl bal: rs.123232. -pnb,Bank,synthetic,False,Bank_7,1
"Yup, leaving right now, be back soon",Personal,uci,False,,5
Out for delivery: Your Flipkart package OD9103098174 will arrive today by 3 PM. -DTDC,Delivery,synthetic,False,Delivery_1,3
  Last day! Myntra clearance sale ends tonight. Up to 30% off sitewide.,Promo,synthetic,False,Promo_8,2
Kay... Since we are out already ,Personal,uci,False,,5
U ned to convince him tht its not possible witot hurting his feeling its the main,Personal,uci,False,,5
RS.97513 CREDITED TO A/C XX4046 ON 07-03-26. AVL BAL: RS.499410. -SBI,Bank,synthetic,False,Bank_1,1
Ha... Both of us doing e same thing. But i got tv 2 watch. U can thk of where 2 go tonight or u already haf smth in mind...,Personal,uci,False,,5
  OTP for delivery of order OD4825744887 is 2975. Share only with the delivery agent. -DTDC,Delivery,synthetic,False,Delivery_9,3
"Hey,  my new number is 00874930581. Save it! Meet at 8?",Personal,synthetic,True,Hard_4,5
"Machan you go to gym tomorrow,  i wil come late goodnight.",Personal,uci,False,,5
"ER, ENJOYIN INDIANS AT THE MO..yeP. SaLL gOoD HehE ;> hows bout u shexy? Pete Xx",Personal,uci,False,,5
"HEY, MY NEW NUMBER IS 02627144774. SAVE IT! MEET AT 8?",Personal,synthetic,True,Hard_4,5
Y dun cut too short leh. U dun like ah? She failed. She's quite sad.,Personal,uci,False,,5
Then. You are eldest know.,Personal,uci,False,,5
Are you not around or just still asleep? :V,Personal,uci,False,,5
"K, makes sense, btw carlos is being difficult so you guys are gonna smoke while I go pick up the second batch and get gas",Personal,uci,False,,5
Rs.70938 credited to A/c XX9076 on 15-06-26 Avl Bal: Rs.314950 -BOB,Bank,synthetic,False,Bank_1,1
How many times i told in the stage all use to laugh. You not listen aha.,Personal,uci,False,,5
Your  Prime Video plan renews on 05 Jul at Rs.400. Upgrade to 4K for Rs.950/month.,Promo,synthetic,False,Promo_18,2
Ard 530 like dat lor. We juz meet in mrt station then ü dun haf to come out.,Personal,uci,False,,5
EMI of INR 35347 due on 11-04-26 for loan A/c XX5587. Pay now to avoid charges. -HDFC Bank,Bank,synthetic,False,Bank_4,1
Data exhausted? Get 3GB extra with Rs.1760 booster pack. Dial *121# or visit app. -TM,Promo,synthetic,False,Promo_11,2
Salary of Rs.45364 credited to A/c XX4905. Avl Bal: Rs.84062. -ICICI Bank,Bank,synthetic,False,Bank_7,1
Your one time password is 223207 for Paytm. Please do not share it. -TM,OTP,synthetic,False,OTP_5,0
  714513 - use this code to sign in to PhonePe. Never share it with anyone.,OTP,synthetic,False,OTP_7,0
Enter 788639 to verify your mobile number for BOB.,OTP,synthetic,False,OTP_10,0
Were gonna go get some tacos,Personal,uci,False,,5
Coupon 3123 gives you free delivery on orders above INR 2004. -Meesho,Promo,synthetic,True,Hard_1,2
Your order OD8764074664 from Myntra is arriving tomorrow. Keep Rs.4924 ready for COD.,Delivery,synthetic,False,Delivery_3,3
Hi babe its me thanks for coming even though it didnt go that well!i just wanted my bed! Hope to see you soon love and kisses xxx,Personal,uci,False,,5
Cheque no. 764427586632 for Rs.59725 has been cleared from A/c XX5719. -HDFC Bank,Bank,synthetic,False,Bank_8,1
Bishan lar nearer... No need buy so early cos if buy now i gotta park my car...,Personal,uci,False,,5
.Please charge my mobile when you get up in morning.,Personal,uci,False,,5
flight fares dropped! hyd-ccu from rs.1146. book on ixigo before midnight.,Promo,synthetic,False,Promo_16,2
252549 is your verification code for uber. never share your otp.,OTP,synthetic,False,OTP_3,0
RCT' THNQ Adrian for U text. Rgds Vatian,Spam,uci,False,,4
Order OD6355262138 packed and ready! Expected dispatch by 01 Jul. -Flipkart,Delivery,synthetic,False,Delivery_8,3
Do you want a New Nokia 3510i colour phone DeliveredTomorrow? With 300 free minutes to any mobile + 100 free texts + Free Camcorder reply or call 08000930705.,Spam,uci,False,,4
  Meesho Big Billion Days! Up to 80% off + extra 10% with Kotak cards. Hurry!,Promo,synthetic,False,Promo_1,2
ISHA FROM BLUEDART IS ARRIVING WITH YOUR PACKAGE. CONTACT: 1533203190,Delivery,synthetic,False,Delivery_6,3
Items in your order history are back in stock at Flipkart. Prices start INR 590.,Promo,synthetic,False,Promo_23,2
PAY RS.1640 ON DELIVERY FOR ORDER OD312113771. -DELHIVERY,Delivery,synthetic,True,Hard_10,3
615200 - use this code to sign in to GPay. Never share it with anyone.,OTP,synthetic,False,OTP_7,0
I dont want to hear anything,Personal,uci,False,,5
"Okey dokey, i‘ll be over in a bit just sorting some stuff out.",Personal,uci,False,,5
UPI payment of Rs.95610 to Krishna successful. UPI Ref: 640088913794. -HDFC Bank,Bank,synthetic,False,Bank_6,1
Be sure to check your yahoo email. We sent photos yesterday,Personal,uci,False,,5
So that means you still think of teju,Personal,uci,False,,5
UPI payment of INR 1869 to Amruta successful. UPI Ref: 772468317481. -Kotak,Bank,synthetic,False,Bank_6,1
convert your kotak card purchase of rs.1169 into easy emis at 0% interest. reply yes.,Promo,synthetic,False,Promo_15,2
Enter 510729 to verify your mobile number for SBI.,OTP,synthetic,False,OTP_10,0
"Beautiful tomorrow never comes.. When it comes, it's already TODAY.. In the hunt of beautiful tomorrow don't waste your wonderful TODAY.. GOODMORNING:)",Personal,uci,False,,5
  Interest of Rs.55707 credited to your FD A/c XX2066. -SBI,Bank,synthetic,False,Bank_9,1
Your BigBasket code: 514659,OTP,synthetic,False,OTP_8,0
"Congrats! 2 mobile 3G Videophones R yours. call 09063458130 now! videochat wid your mates, play java games, Dload polyPH music, noline rentl.",Spam,uci,False,,4
You'll never believe this but i have actually got off at taunton. Wow,Personal,uci,False,,5
"URGENT! Your Mobile No 07808726822 was awarded a £2,000 Bonus Caller Prize on 02/09/03! This is our 2nd attempt to contact YOU! Call 0871-872-9758 BOX95QU",Spam,uci,False,,4
Salary of Rs.13729 credited to A/c XX9437. Avl Bal: Rs.92308. -Axis Bank,Bank,synthetic,False,Bank_7,1
G-335459 is ur Google verification code.,OTP,synthetic,False,OTP_12,0
ICICI Bank: 925817 is your login OTP. It expires in 15 minutes.,OTP,synthetic,False,OTP_6,0
I'm good. Have you registered to vote?,Personal,uci,False,,5
"Its good, we'll find a way",Personal,uci,False,,5
Did u receive my msg?,Personal,uci,False,,5
488103 is your verification code for PNB. Never share your OTP.,OTP,synthetic,False,OTP_3,0
Anything lor... U decide...,Personal,uci,False,,5
"I'm home, my love ... If your still awake ... *loving kiss*",Personal,uci,False,,5
"Yo, any way we could pick something up tonight?",Personal,uci,False,,5
Rs.1318 cashback credited to ur PhonePe wallet. Use on ur next order.,Promo,synthetic,False,Promo_21,2
G-952126 is your Google verification code.,OTP,synthetic,False,OTP_12,0
DELIVERED! YOUR BIGBASKET ORDER OD3999745249 WAS DELIVERED ON 06 JUL. RATE YOUR EXPERIENCE: BIT.LY/AYBRVV,Delivery,synthetic,False,Delivery_2,3
  Swiggy: Your cart misses you! Complete purchase now & get 30% off. bit.ly/NXpIyd,Promo,synthetic,False,Promo_4,2
"Ok, be careful ! Don't text and drive !",Personal,uci,False,,5
Delivery  attempt failed for order OD7710899939. We will retry tomorrow. -XpressBees,Delivery,synthetic,False,Delivery_5,3
Missed our shows? Come back to Netflix at 50% off for 3 months. Resubscribe: bit.ly/bEHjjG,Promo,synthetic,False,Promo_19,2
Mmm thats better now i got a roast down me! id b better if i had a few drinks down me 2! Good indian?,Personal,uci,False,,5
Waiting for your call.,Personal,uci,False,,5
"URGENT, IMPORTANT INFORMATION FOR O2 USER. TODAY IS YOUR LUCKY DAY! 2 FIND OUT WHY LOG ONTO HTTP://WWW.URAWINNER.COM THERE IS A FANTASTIC SURPRISE AWAITING FOR YOU",Spam,uci,False,,4
Any chance you might have had with me evaporated as soon as you violated my privacy by stealing my phone number from your employer's paperwork. Not cool at all. Please do not contact me again or I will report you to your supervisor.,Personal,uci,False,,5
Pay Rs.4221 on delivery for order OD173619123. -XpressBees,Delivery,synthetic,True,Hard_10,3
"Can meh? Thgt some will clash... Really ah, i dun mind... I dun seen to have lost any weight... Gee...",Personal,uci,False,,5
Harrison  from Delhivery is arriving with your package. Contact: 8527333538,Delivery,synthetic,False,Delivery_6,3
Lol enjoy role playing much?,Personal,uci,False,,5
CHEQUE NO. 422048208181 FOR RS.30217 HAS BEEN CLEARED FROM A/C XX9164. -PNB,Bank,synthetic,False,Bank_8,1
570510 is ur verification code for PNB. Never share ur OTP.,OTP,synthetic,False,OTP_3,0
Work from home! Earn INR 49686/month. Join: bit.ly/tfBjzL,Spam,synthetic,True,Hard_14,4
I came hostel. I m going to sleep. Plz call me up before class. Hrishi.,Personal,uci,False,,5
Tap to verify: 300388. This code expires shortly.,OTP,synthetic,True,Hard_9,0
Use code 8111 at checkout for 10% off at Zomato!,Promo,synthetic,True,Hard_0,2
Raviyog Peripherals bhayandar east,Personal,uci,False,,5
Que pases un buen tiempo or something like that,Personal,uci,False,,5
G-93757 is your Google verification code.,OTP,synthetic,False,OTP_12,0
Hey what happen de. Are you alright.,Personal,uci,False,,5
Lol no. Just trying to make your day a little more interesting,Personal,uci,False,,5
"K.. I yan jiu liao... Sat we can go 4 bugis vill one frm 10 to 3 den hop to parco 4 nb. Sun can go cine frm 1030 to 2, den hop to orc mrt 4 hip hop at 4...",Personal,uci,False,,5
Exactly. Anyways how far. Is jide her to study or just visiting,Personal,uci,False,,5
INR 51492 credited to A/c XX5205 on 15-03-26. Avl Bal: INR 42493. -ICICI Bank,Bank,synthetic,False,Bank_1,1
Abhimanyu from XpressBees is arriving with ur package. Contact: 02712210814,Delivery,synthetic,False,Delivery_6,3
Your PhonePe code: 937559,OTP,synthetic,False,OTP_8,0
Your one time password is 416288 for Uber Please do not share it,OTP,synthetic,False,OTP_5,0
Now thats going to ruin your thesis!,Personal,uci,False,,5
225265  is your verification code for Ola. Never share your OTP.,OTP,synthetic,False,OTP_3,0
Your Netflix code: 789654,OTP,synthetic,False,OTP_8,0
Enter 345361 to verify your mobile number for Kotak. -TM,OTP,synthetic,False,OTP_10,0
Convert your ICICI Bank card purchase of INR 608 into easy EMIs at 0% interest. Reply YES.,Promo,synthetic,False,Promo_15,2
  Out for delivery: Your BigBasket package OD3906531598 will arrive today by 12 PM. -DTDC,Delivery,synthetic,False,Delivery_1,3
No rushing. I'm not working. I'm in school so if we rush we go hungry.,Personal,uci,False,,5
Order OD6653775451 packed and ready! Expected dispatch by 02 Jul. -Swiggy,Delivery,synthetic,False,Delivery_8,3
<#> 259529 is your Flipkart code. Valid 15 min. hA8sk2Lqp3 STOP to opt out,OTP,synthetic,False,OTP_13,0
UPI payment of Rs.12924 to Robert successful. UPI Ref: 395623388435. -PNB,Bank,synthetic,False,Bank_6,1
Your HDFC Bank debit card XX9958 has been blocked due to suspicious activity. Visit branch or call 1800-XXX to unblock.,Bank,synthetic,False,Bank_11,1
Your Netflix plan renews on 03 Jul at Rs.637. Upgrade to 4K for Rs.773/month.,Promo,synthetic,False,Promo_18,2
Yun buying... But school got offer 2000 plus only...,Personal,uci,False,,5
926887 is your OTP for Paytm login. Valid for 5 minutes. Do not share with anyone. STOP to opt out,OTP,synthetic,False,OTP_0,0
You have 4069 reward points expiring on 02 Jul. Redeem on BigBasket.,Promo,synthetic,False,Promo_20,2
EMI of Rs.81695 due on 08-01-26 for loan A/c XX8799. Pay now to avoid charges. -ICICI Bank,Bank,synthetic,False,Bank_4,1
Meesho: Your cart misses you! Complete purchase now & get 20% off. bit.ly/QbMezD -TM,Promo,synthetic,False,Promo_4,2
KYC update pending for A/c XX6230. Please visit your nearest PNB branch by 21-04-26 to avoid restrictions. T&C apply,Bank,synthetic,False,Bank_12,1
Delivered! Ur Swiggy order OD2441411631 was delivered on 05 Jul. Rate ur experience: bit.ly/QWeIEa,Delivery,synthetic,False,Delivery_2,3
Interest  of Rs.56721 credited to your FD A/c XX8794. -PNB,Bank,synthetic,False,Bank_9,1
Your PNB debit card XX1463 has been blocked due to suspicious activity. Visit branch or call 1800-XXX to unblock.,Bank,synthetic,False,Bank_11,1
"Gr8 Poly tones 4 ALL mobs direct 2u rply with POLY TITLE to 8007 eg POLY BREATHE1 Titles: CRAZYIN, SLEEPINGWITH, FINEST, YMCA :getzed.co.uk POBox365O4W45WQ 300p",Spam,uci,False,,4
  Your Uber code: 7731,OTP,synthetic,True,Hard_8,0
beware of fraud calls asking for card details. pnb officials never ask for pin or cvv.,Bank,synthetic,False,Bank_15,1
UPI payment of Rs.63146 to Gautami successful. UPI Ref: 378417280493. -SBI,Bank,synthetic,False,Bank_6,1
49089 is your verification code for Hotstar. Never share your OTP.,OTP,synthetic,False,OTP_3,0
use 985007 to complete your ola registration. valid till 30 mins.,OTP,synthetic,False,OTP_4,0
No:-)i got rumour that you going to buy apartment in chennai:-),Personal,uci,False,,5
Your credit card XX8316 statement is ready Total due: Rs.51198 Min due: Rs.4786 -HDFC Bank,Bank,synthetic,False,Bank_5,1
Your Zomato membership expires soon. Renew now & save 60%: bit.ly/iSKCqJ -TM,Promo,synthetic,False,Promo_9,2
Convey my regards to him,Personal,uci,False,,5
Your Airtel pack expires tomorrow. Recharge with Rs.1138 for 3GB/day + unlimited calls.,Promo,synthetic,False,Promo_10,2
Recharge with Rs.343 & get 70% extra talktime. Offer valid today only!,Promo,synthetic,False,Promo_5,2
Data exhausted? Get 1GB extra with INR 1724 booster pack. Dial *121# or visit app.,Promo,synthetic,False,Promo_11,2
  G-759792 is your Google verification code.,OTP,synthetic,False,OTP_12,0
  Delivery attempt failed for order OD6108278575. We will retry tomorrow. -Ekart,Delivery,synthetic,False,Delivery_5,3
768650 is your verification code for Paytm. Never share your OTP.,OTP,synthetic,False,OTP_3,0
"Like  &lt;#&gt; , same question",Personal,uci,False,,5
Low balance alert: A/c XX6302 balance is INR 151701. Maintain min balance to avoid charges.,Bank,synthetic,False,Bank_10,1
"FREE NOKIA Or Motorola with upto 12mths 1/2price linerental, 500 FREE x-net mins&100txt/mth FREE B'tooth*. Call Mobileupd8 on 08001950382 or call 2optout/D3WV",Spam,uci,False,,4
866288  is your OTP for Axis Bank login. Valid for 2 minutes. Do not share with anyone.,OTP,synthetic,False,OTP_0,0
Tmr timin still da same wat cos i got lesson until 6...,Personal,uci,False,,5
Aft i finish my lunch then i go str down lor. Ard 3 smth lor. U finish ur lunch already?,Personal,uci,False,,5
Use code 4327 at checkout for 10% off at Myntra!,Promo,synthetic,True,Hard_0,2
KYC update pending for A/c XX5673 Please visit your nearest ICICI Bank branch by 19-05-26 to avoid restrictions,Bank,synthetic,False,Bank_12,1
Delivered! Your BigBasket order OD2059565011 was delivered on 01 Jul. Rate your experience: bit.ly/lGHIAU,Delivery,synthetic,False,Delivery_2,3
Order OD6151067902 packed and ready! Expected dispatch by 06 Jul -Swiggy,Delivery,synthetic,False,Delivery_8,3
Use 54387 to complete your Ola registration. Valid till 5 mins.,OTP,synthetic,False,OTP_4,0
EMI of INR 77389 due on 03-06-26 for loan A/c XX8890. Pay now to avoid charges. -PNB,Bank,synthetic,False,Bank_4,1
Out for delivery: Your Meesho package OD7360747649 will arrive today by 6 PM. -Ekart -TM,Delivery,synthetic,False,Delivery_1,3
304500 is your verification code for BigBasket. Never share your OTP.,OTP,synthetic,False,OTP_3,0
Use code 7531 at checkout for 50% off at Meesho!,Promo,synthetic,True,Hard_0,2
INTEREST OF RS.7702 CREDITED TO YOUR FD A/C XX9783. -ICICI BANK,Bank,synthetic,False,Bank_9,1
Dear we are going to our rubber place,Personal,uci,False,,5
"Bro send me Rs.3877 on gpay, will return by 04 Jul STOP to opt out",Personal,synthetic,True,Hard_5,5
Hi if ur lookin 4 saucy daytime fun wiv busty married woman Am free all next week Chat now 2 sort time 09099726429 JANINExx Calls£1/minMobsmoreLKPOBOX177HP51FL,Spam,uci,False,,4
"Bro send me INR 1670 on gpay, will return by 05 Jul",Personal,synthetic,True,Hard_5,5
Coupon 2568 gives you free delivery on orders above INR 775. -Flipkart,Promo,synthetic,True,Hard_1,2
Items in your order history are back in stock at Meesho. Prices start Rs.1600.,Promo,synthetic,False,Promo_23,2
Rs.91 cashback credited to your Amazon Pay wallet. Use on your next order.,Promo,synthetic,False,Promo_21,2
There's no point hangin on to mr not right if he's not makin u happy,Personal,uci,False,,5
"If you want to mapquest it or something look up ""usf dogwood drive"", that's the tiny street where the parking lot is",Personal,uci,False,,5
Cheque no. 720781576302 for Rs.82677 has been cleared from A/c XX8971. -Kotak,Bank,synthetic,False,Bank_8,1
YOUR UBER CODE: 7152,OTP,synthetic,True,Hard_8,0
UPI payment of Rs.34225 to Frado successful. UPI Ref: 680332145966. -HDFC Bank,Bank,synthetic,False,Bank_6,1
Swiggy: Free delivery all weekend! Order your favourites now. STOP to opt out,Promo,synthetic,False,Promo_13,2
"U so lousy, run already come back then half dead... Hee...",Personal,uci,False,,5
  Your Meesho membership expires soon. Renew now & save 80%: bit.ly/isKKVB,Promo,synthetic,False,Promo_9,2
Convert your Axis Bank card purchase of Rs.360 into easy EMIs at 0% interest. Reply YES.,Promo,synthetic,False,Promo_15,2
Interest of Rs.21654 credited to ur FD A/c XX8284. -BOB,Bank,synthetic,False,Bank_9,1
cheque no. 247807815866 for rs.825 has been cleared from a/c xx7425. -icici bank,Bank,synthetic,False,Bank_8,1
851973 - use this code to sign in to ICICI Bank. Never share it with anyone.,OTP,synthetic,False,OTP_7,0
Kit Strip - you have been billed 150p. Netcollex Ltd. PO Box 1013 IG11 OJA,Spam,uci,False,,4
Yes I started to send requests to make it but pain came back so I'm back in bed. Double coins at the factory too. I gotta cash in all my nitros.,Personal,uci,False,,5
Rs.98676 debited from A/c XX8279 on 02-07-26 to Utkarsh. Avl Bal: Rs.326419. -HDFC Bank,Bank,synthetic,False,Bank_0,1
Delivery attempt failed for order OD4595106467. We will retry tomorrow. -XpressBees,Delivery,synthetic,False,Delivery_5,3
Tap  to verify: 806346. This code expires shortly.,OTP,synthetic,True,Hard_9,0
"Wa, ur openin sentence very formal... Anyway, i'm fine too, juz tt i'm eatin too much n puttin on weight...Haha... So anythin special happened?",Personal,uci,False,,5
Think + da. You wil do.,Personal,uci,False,,5
Anything lar...,Personal,uci,False,,5
370819 - use this code to sign in to ICICI Bank Never share it with anyone,OTP,synthetic,False,OTP_7,0
tap to verify: 457242. this code expires shortly.,OTP,synthetic,True,Hard_9,0
Order OD9649374032 packed and ready! Expected dispatch by 05 Jul. -Amazon,Delivery,synthetic,False,Delivery_8,3
Out for delivery: Your Meesho package OD3533969378 will arrive today by 9 PM -DTDC,Delivery,synthetic,False,Delivery_1,3
Ur GPay code: 439904,OTP,synthetic,False,OTP_8,0
Congratulations! You won Rs.458707 in lucky draw. Claim: bit.ly/FfMbOL,Spam,synthetic,True,Hard_12,4
From 5 to 2 only my work timing.,Personal,uci,False,,5
* Will have two more cartons off u and is very pleased with shelves,Personal,uci,False,,5
898629 is your verification code for Hotstar. Never share your OTP.,OTP,synthetic,False,OTP_3,0
Data exhausted? Get 3GB extra with Rs.97 booster pack. Dial *121# or visit app.,Promo,synthetic,False,Promo_11,2
Hello-/@drivby-:0quit edrunk sorry iff pthis makes no senrd-dnot no how ^ dancce 2 drum n basq!ihave fun 2nhite x ros xxxxxxx,Personal,uci,False,,5
Ur Meesho code: 692505,OTP,synthetic,False,OTP_8,0
Rs.96311 credited to A/c XX6930 on 16-02-26. Avl Bal: Rs.141867. -HDFC Bank,Bank,synthetic,False,Bank_1,1
"Science tells that chocolate will melt under the sunlight. Please don't walk under the sunlight. BCoz,I don't want to loss a sweet friend.",Personal,uci,False,,5
Your right! I'll make the appointment right now.,Personal,uci,False,,5
Beware of fraud calls asking for card details. ICICI Bank officials never ask for PIN or CVV.,Bank,synthetic,False,Bank_15,1
"I can make it up there, squeezed  &lt;#&gt;  bucks out of my dad",Personal,uci,False,,5
Delivery attempt failed for order OD7572697219. We will retry tomorrow. -DTDC,Delivery,synthetic,False,Delivery_5,3
  OTP for delivery of order OD1752848509 is 5659. Share only with the delivery agent. -DTDC,Delivery,synthetic,False,Delivery_9,3
Coupon 7738 gives you free delivery on orders above Rs.4612. -Amazon,Promo,synthetic,True,Hard_1,2
Cheque no. 165405865331 for Rs.74323 has been cleared from A/c XX4639. -ICICI Bank,Bank,synthetic,False,Bank_8,1
Good night. Am going to sleep.,Personal,uci,False,,5
No prob. I will send to your email.,Personal,uci,False,,5
"Al he does is moan at me if n e thin goes wrong its my fault&al de arguments r my fault&fed up of him of himso y bother? Hav 2go, thanx.xx",Personal,uci,False,,5
Anvi from XpressBees is arriving with your package. Contact: 02148910154,Delivery,synthetic,False,Delivery_6,3
Your ICICI Bank debit card XX9887 has been blocked due to suspicious activity. Visit branch or call 1800-XXX to unblock.,Bank,synthetic,False,Bank_11,1
Your Netflix plan renews on 03 Jul at Rs.950. Upgrade to 4K for Rs.788/month.,Promo,synthetic,False,Promo_18,2
Msg me when rajini comes.,Personal,uci,False,,5
Your A/c XX7573 is debited with Rs.69701 on 08-03-26. Info: UPI-Krisha. Bal: Rs.101161,Bank,synthetic,False,Bank_2,1
Myntra  Big Billion Days! Up to 20% off + extra 10% with PNB cards. Hurry!,Promo,synthetic,False,Promo_1,2
  Your SonyLIV plan renews on 02 Jul at Rs.1022. Upgrade to 4K for Rs.311/month.,Promo,synthetic,False,Promo_18,2
  Rs.1706 cashback credited to your Paytm wallet. Use on your next order.,Promo,synthetic,False,Promo_21,2
"Aight, we'll head out in a few",Personal,uci,False,,5
Rs.60047  debited from A/c XX8034 on 11-05-26 to Vasatika. Avl Bal: Rs.466904. -Kotak,Bank,synthetic,False,Bank_0,1
"Hmm, too many of them unfortunately... Pics obviously arent hot cakes. Its kinda fun tho",Personal,uci,False,,5
"Sorry, my battery died, I can come by but I'm only getting a gram for now, where's your place?",Personal,uci,False,,5
OTP for delivery of order OD2957484801 is 8945. Share only with the delivery agent. -XpressBees,Delivery,synthetic,False,Delivery_9,3
UPI payment of Rs.54612 to Karan successful. UPI Ref: 629317218867. -BOB,Bank,synthetic,False,Bank_6,1
I wont do anything de.,Personal,uci,False,,5
Ur A/c XX5094 is debited with Rs.83941 on 17-04-26. Info: UPI-Lakshmi. Bal: Rs.50972,Bank,synthetic,False,Bank_2,1
Well you told others you'd marry them...,Personal,uci,False,,5
"Height of Confidence: All the Aeronautics professors wer calld &amp; they wer askd 2 sit in an aeroplane. Aftr they sat they wer told dat the plane ws made by their students. Dey all hurried out of d plane.. Bt only 1 didnt move... He said:""if it is made by my students,this wont even start........ Datz confidence..",Personal,uci,False,,5
URGENT! Your Mobile number has been awarded with a £2000 prize GUARANTEED. Call 09061790126 from land line. Claim 3030. Valid 12hrs only 150ppm,Spam,uci,False,,4
Watch lor. I saw a few swatch one i thk quite ok. Ard 116 but i need 2nd opinion leh...,Personal,uci,False,,5
Todays Vodafone numbers ending with 4882 are selected to a receive a £350 award. If your number matches call 09064019014 to receive your £350 award.,Spam,uci,False,,4
Your A/c XX3768 is debited with Rs.86929 on 18-02-26 Info: UPI-Nisha Bal: Rs.141496,Bank,synthetic,False,Bank_2,1
You won't believe it but it's true. It's Incredible Txts! Reply G now to learn truly amazing things that will blow your mind. From O2FWD only 18p/txt,Spam,uci,False,,4
321364 is your SBI security code. Anyone asking for it is a scammer.,OTP,synthetic,False,OTP_9,0
Jos ask if u wana meet up?,Personal,uci,False,,5
Rs.34699 credited to A/c XX7648 on 17-03-26. Avl Bal: Rs.2540. -PNB,Bank,synthetic,False,Bank_1,1
No screaming means shouting..,Personal,uci,False,,5
Hey i've booked the pilates and yoga lesson already... Haha,Personal,uci,False,,5
Auto-pay of Rs.11577 to Nirja is scheduled on 18-02-26 from A/c XX4517. Ensure sufficient balance.,Bank,synthetic,False,Bank_13,1
Ok i found dis pierre cardin one which looks normal costs 20 its on sale.,Personal,uci,False,,5
Uber: 557359 is your login OTP. It expires in 15 minutes. -TM,OTP,synthetic,False,OTP_6,0
  Convert your BOB card purchase of Rs.1946 into easy EMIs at 0% interest. Reply YES.,Promo,synthetic,False,Promo_15,2
  Exclusive for you! Buy 1 Get 1 FREE at BigBasket. Limited period offer. Visit bit.ly/OiJVbe,Promo,synthetic,False,Promo_3,2
Missed our shows? Come back to Hotstar at 50% off for 3 months. Resubscribe: bit.ly/iNmAjQ,Promo,synthetic,False,Promo_19,2
low balance alert: a/c xx5646 balance is rs.186447. maintain min balance to avoid charges.,Bank,synthetic,False,Bank_10,1
Use 966272 to complete ur Axis Bank registration. Valid till 2 mins.,OTP,synthetic,False,OTP_4,0
  Use 82067 to complete your BigBasket registration. Valid till 10 mins.,OTP,synthetic,False,OTP_4,0
Your A/c XX6688 is debited with Rs.18574 on 17-02-26. Info: UPI-Teerth. Bal: Rs.193063,Bank,synthetic,False,Bank_2,1
2 laptop... I noe infra but too slow lar... I wan fast one,Personal,uci,False,,5
Tap to verify: 189259. This code expires shortly.,OTP,synthetic,True,Hard_9,0
HUNGRY? GET 60% OFF UP TO RS.1268 ON YOUR NEXT 3 ORDERS. CODE: EAT24. -ZOMATO,Promo,synthetic,False,Promo_12,2
Out for delivery: Ur Amazon package OD9405059119 will arrive today by 9 PM. -Ekart,Delivery,synthetic,False,Delivery_1,3
Send to someone else :-),Personal,uci,False,,5
how are you? I miss you!,Personal,uci,False,,5
  Your Swiggy order OD8876513988 has been shipped via BlueDart. Track: bit.ly/ajMfdt,Delivery,synthetic,False,Delivery_0,3
We'll join the  &lt;#&gt;  bus,Personal,uci,False,,5
"She was supposed to be but couldn't make it, she's still in town though",Personal,uci,False,,5
"Never share your OTP, PIN or CVV. Kotak never asks for these. Stay safe.",Bank,synthetic,True,Hard_3,1
"Aight yo, dats straight dogg",Personal,uci,False,,5
Rs.70533 debited from A/c XX4317 on 06-07-26 to Pranav. Avl Bal: Rs.189093. -SBI,Bank,synthetic,False,Bank_0,1
Same as kallis dismissial in 2nd test:-).,Personal,uci,False,,5
Dear customer ur BOB account will be blocked! Update KYC now: bit.ly/cpPJmM,Spam,synthetic,True,Hard_11,4
I like dis sweater fr mango but no more my size already so irritating.,Personal,uci,False,,5
auto-pay of rs.97508 to chandani is scheduled on 31-03-26 from a/c xx9414. ensure sufficient balance.,Bank,synthetic,False,Bank_13,1
Salary of Rs.51330 credited to A/c XX1452. Avl Bal: Rs.2946. -Kotak,Bank,synthetic,False,Bank_7,1
Your A/c XX8097 is debited with INR 51631 on 22-03-26. Info: UPI-Rayaan. Bal: INR 340104,Bank,synthetic,False,Bank_2,1
g-820292 is your google verification code.,OTP,synthetic,False,OTP_12,0
USE 773225 TO COMPLETE YOUR MEESHO REGISTRATION. VALID TILL 10 MINS.,OTP,synthetic,False,OTP_4,0
Beware of fraud calls asking for card details. ICICI Bank officials never ask for PIN or CVV. T&C apply,Bank,synthetic,False,Bank_15,1
Alright i have a new goal now,Personal,uci,False,,5
G-365183 is your Google verification code.,OTP,synthetic,False,OTP_12,0
Ok. C u then.,Personal,uci,False,,5
out for delivery: your flipkart package od6784569740 will arrive today by 12 pm. -xpressbees,Delivery,synthetic,False,Delivery_1,3
Its not that time of the month nor mid of the time?,Personal,uci,False,,5
MEGA SALE! Get 10% OFF on all products at Zomato. Shop now: bit.ly/ZLctLI T&C apply.,Promo,synthetic,False,Promo_0,2
Wat r u doing?,Personal,uci,False,,5
Your Airtel pack expires tomorrow Recharge with Rs.990 for 2GB/day + unlimited calls,Promo,synthetic,False,Promo_10,2
You have 1428 reward points expiring on 05 Jul. Redeem on Zomato.,Promo,synthetic,False,Promo_20,2
Salary of INR 40950 credited to A/c XX7655. Avl Bal: INR 349754. -Kotak,Bank,synthetic,False,Bank_7,1
Ha ha cool cool chikku chikku:-):-DB-),Personal,uci,False,,5
Auto-pay of Rs.58717 to Triya is scheduled on 31-03-26 from A/c XX2641. Ensure sufficient balance.,Bank,synthetic,False,Bank_13,1
Good Luck! Draw takes place 28th Feb 06. Good Luck! For removal send STOP to 87239 customer services 08708034412,Spam,uci,False,,4
  Rs.47990 debited from A/c XX6265 on 08-06-26 to Saanvi. Avl Bal: Rs.257736. -Axis Bank,Bank,synthetic,False,Bank_0,1
  Your Zomato code: 994488,OTP,synthetic,False,OTP_8,0
  Rs.2891 credited to A/c XX6257 on 26-02-26. Avl Bal: Rs.457661. -SBI,Bank,synthetic,False,Bank_1,1
ITEMS IN YOUR ORDER HISTORY ARE BACK IN STOCK AT FLIPKART. PRICES START RS.625.,Promo,synthetic,False,Promo_23,2
Hungry? Get 70% off up to Rs.1046 on your next 3 orders. Code: EAT43. -Swiggy,Promo,synthetic,False,Promo_12,2
happened here while you were adventuring,Personal,uci,False,,5
No..its ful of song lyrics..,Personal,uci,False,,5
exclusive for you! buy 1 get 1 free at bigbasket. limited period offer. visit bit.ly/jkrxyy,Promo,synthetic,False,Promo_3,2
Recharge with Rs.1943 & get 80% extra talktime. Offer valid today only!,Promo,synthetic,False,Promo_5,2
Hey gorgeous man. My work mobile number is. Have a good one babe. Squishy Mwahs.,Personal,uci,False,,5
Your Kotak code: 599147,OTP,synthetic,False,OTP_8,0
If u sending her home first it's ok lor. I'm not ready yet.,Personal,uci,False,,5
83039 62735=£450 UK Break AccommodationVouchers terms & conditions apply. 2 claim you mustprovide your claim number which is 15541 ,Spam,uci,False,,4
Use 983752 to complete your Flipkart registration. Valid till 2 mins.,OTP,synthetic,False,OTP_4,0
Thank u!,Personal,uci,False,,5
U can call now...,Personal,uci,False,,5
Tomarrow final hearing on my laptop case so i cant.,Personal,uci,False,,5
Your SBI code: 25432 T&C apply,OTP,synthetic,False,OTP_8,0
Yeah jay's sort of a fucking retard,Personal,uci,False,,5
"NEVER SHARE YOUR OTP, PIN OR CVV. ICICI BANK NEVER ASKS FOR THESE. STAY SAFE.",Bank,synthetic,True,Hard_3,1
Congrats kano..whr s the treat maga?,Personal,uci,False,,5
I want kfc its Tuesday. Only buy 2 meals ONLY 2. No gravy. Only 2 Mark. 2!,Personal,uci,False,,5
"Haha awesome, I might need to take you up on that, what you doin tonight?",Personal,uci,False,,5
Your A/c XX5830 is debited with Rs.98019 on 16-01-26. Info: UPI-Vaishnavi. Bal: Rs.274496,Bank,synthetic,False,Bank_2,1
  Dear customer ur SBI account will be blocked! Update KYC now: bit.ly/CbGdmF,Spam,synthetic,True,Hard_11,4
"Good afternoon, my love. It was good to see your words on YM and get your tm. Very smart move, my slave ... *smiles* ... I drink my coffee and await you.",Personal,uci,False,,5
OTP for delivery of order OD2076620263 is 1603. Share only with the delivery agent. -BlueDart,Delivery,synthetic,False,Delivery_9,3
delivered! your swiggy order od6171806398 was delivered on 03 jul. rate your experience: bit.ly/ccwmld,Delivery,synthetic,False,Delivery_2,3
If he started searching he will get job in few days.he have great potential and talent.,Personal,uci,False,,5
"Beautiful Truth against Gravity.. Read carefully: ""Our heart feels light when someone is in it.. But it feels very heavy when someone leaves it.."" GOOD NIGHT",Personal,uci,False,,5
Your credit card XX4439 statement is ready Total due: Rs.99542 Min due: Rs.1967 -Kotak,Bank,synthetic,False,Bank_5,1
Yeah no probs - last night is obviously catching up with you... Speak soon ,Personal,uci,False,,5
yeah sure thing mate haunt got all my stuff sorted but im going sound anyway promoting hex for .by the way who is this? dont know number. Joke,Personal,uci,False,,5
Delivered! Ur Swiggy order OD6278669450 was delivered on 05 Jul. Rate ur experience: bit.ly/PakFKC,Delivery,synthetic,False,Delivery_2,3
"Bro send me Rs.4438 on gpay, will return by 04 Jul STOP to opt out",Personal,synthetic,True,Hard_5,5
Your  credit card XX4620 statement is ready. Total due: Rs.1133. Min due: Rs.1831. -HDFC Bank,Bank,synthetic,False,Bank_5,1
Sun ah... Thk mayb can if dun have anythin on... Thk have to book e lesson... E pilates is at orchard mrt u noe hor...  ,Personal,uci,False,,5
130313 - use this code to sign in to Axis Bank. Never share it with anyone. -TM,OTP,synthetic,False,OTP_7,0
Interest of Rs.4746 credited to your FD A/c XX8913. -HDFC Bank,Bank,synthetic,False,Bank_9,1
Your SBI debit card XX8578 has been blocked due to suspicious activity. Visit branch or call 1800-XXX to unblock. -TM,Bank,synthetic,False,Bank_11,1
  Your Uber code: 239080,OTP,synthetic,False,OTP_8,0
Bought one ringtone and now getting texts costing 3 pound offering more tones etc,Spam,uci,False,,4
Cos darren say ü considering mah so i ask ü...,Personal,uci,False,,5
Work from home! Earn Rs.1612639/month. Join: bit.ly/GXpGNu,Spam,synthetic,True,Hard_14,4
Congratulations! You won INR 1120269 in lucky draw. Claim: bit.ly/QZHwau,Spam,synthetic,True,Hard_12,4
  Items in your order history are back in stock at Amazon. Prices start Rs.771.,Promo,synthetic,False,Promo_23,2
Ok i vl..do u know i got adsense approved..,Personal,uci,False,,5
  Your order OD5542591471 from Zomato is arriving tomorrow. Keep Rs.4073 ready for COD.,Delivery,synthetic,False,Delivery_3,3
Let me know how to contact you. I've you settled in a room. Lets know you are ok.,Personal,uci,False,,5
YOUR FD OF RS.58639 MATURES ON 01-07-26. RENEW OR WITHDRAW VIA NETBANKING. -SBI,Bank,synthetic,False,Bank_14,1
DEAR CUSTOMER UR AXIS BANK ACCOUNT WILL BE BLOCKED! UPDATE KYC NOW: BIT.LY/TUCBII,Spam,synthetic,True,Hard_11,4
Sorry to be a pain. Is it ok if we meet another night? I spent late afternoon in casualty and that means i haven't done any of y stuff42moro and that includes all my time sheets and that. Sorry. ,Personal,uci,False,,5
Missed  our shows? Come back to Hotstar at 50% off for 3 months. Resubscribe: bit.ly/rwmHVH,Promo,synthetic,False,Promo_19,2
Your A/c XX8889 is debited with Rs.48589 on 27-05-26. Info: UPI-Veer. Bal: Rs.251629,Bank,synthetic,False,Bank_2,1
Dorothy@kiefer.com (Bank of Granite issues Strong-Buy) EXPLOSIVE PICK FOR OUR MEMBERS *****UP OVER 300% *********** Nasdaq Symbol CDGT That is a $5.00 per..,Spam,uci,False,,4
ITS A LAPTOP TAKE IT WITH YOU.,Personal,uci,False,,5
Get a FREE mobile video player FREE movie. To collect text GO to 89105. Its free! Extra films can be ordered t's and c's apply. 18 yrs only,Spam,uci,False,,4
i thought we were doing a king of the hill thing there.,Personal,uci,False,,5
Missed our shows? Come back to SonyLIV at 50% off for 3 months. Resubscribe: bit.ly/VKukLQ,Promo,synthetic,False,Promo_19,2
Apo all other are mokka players only,Personal,uci,False,,5
Use 925971 to complete ur Uber registration. Valid till 2 mins.,OTP,synthetic,False,OTP_4,0
"Haha, my legs and neck are killing me and my amigos are hoping to end the night with a burn, think I could swing by in like an hour?",Personal,uci,False,,5
"see, i knew giving you a break a few times woul lead to you always wanting to miss curfew. I was gonna gibe you 'til one, but a MIDNIGHT movie is not gonna get out til after 2. You need to come home. You need to getsleep and, if anything, you need to b studdying ear training.",Personal,uci,False,,5
Hungry? Get 40% off up to Rs.491 on your next 3 orders. Code: EAT16. -Swiggy,Promo,synthetic,False,Promo_12,2
Rs.62323 credited to A/c XX4413 on 28-01-26. Avl Bal: Rs.288800. -Axis Bank,Bank,synthetic,False,Bank_1,1
Your credit card XX6205 statement is ready. Total due: Rs.92808. Min due: Rs.3430. -HDFC Bank,Bank,synthetic,False,Bank_5,1
OTP for delivery of order OD7578119237 is 7431. Share only with the delivery agent. -DTDC,Delivery,synthetic,False,Delivery_9,3
416976 is your OTP for PNB login. Valid for 30 minutes. Do not share with anyone.,OTP,synthetic,False,OTP_0,0
KYC update pending for A/c XX2146. Please visit your nearest Axis Bank branch by 08-04-26 to avoid restrictions.,Bank,synthetic,False,Bank_12,1
BigBasket: Your cart misses you! Complete purchase now & get 40% off. bit.ly/HWoCVi,Promo,synthetic,False,Promo_4,2
Convert  your Axis Bank card purchase of Rs.88 into easy EMIs at 0% interest. Reply YES.,Promo,synthetic,False,Promo_15,2
Zomato Big Billion Days! Up to 40% off + extra 10% with PNB cards. Hurry!,Promo,synthetic,False,Promo_1,2
Beerage?,Personal,uci,False,,5
Convert your PNB card purchase of Rs.1790 into easy EMIs at 0% interest Reply YES,Promo,synthetic,False,Promo_15,2
out for delivery: your amazon package od5992651706 will arrive today by 12 pm. -ekart,Delivery,synthetic,False,Delivery_1,3
Low balance alert: A/c XX2356 balance is Rs.4121. Maintain min balance to avoid charges. STOP to opt out,Bank,synthetic,False,Bank_10,1
Ur SBI debit card XX5041 has been blocked due to suspicious activity. Visit branch or call 1800-XXX to unblock.,Bank,synthetic,False,Bank_11,1
182380  is your verification code for Myntra. Never share your OTP.,OTP,synthetic,False,OTP_3,0
Hungry? Get 30% off up to Rs.125 on your next 3 orders. Code: EAT91. -Swiggy T&C apply,Promo,synthetic,False,Promo_12,2
Ur order OD8670592245 from Flipkart is arriving tomorrow. Keep Rs.1024 ready for COD.,Delivery,synthetic,False,Delivery_3,3
Are you willing to go for aptitude class.,Personal,uci,False,,5
Hey come online! Use msn... We are all there,Personal,uci,False,,5
  Salary of Rs.85090 credited to A/c XX1392. Avl Bal: Rs.138430. -PNB,Bank,synthetic,False,Bank_7,1
Loved your recent Flipkart order? Reorder in 1 tap and get 80% off today.,Promo,synthetic,False,Promo_22,2
flight fares dropped! bom-ccu from rs.1255. book on ixigo before midnight.,Promo,synthetic,False,Promo_16,2
507473 is your OTP for Kotak login. Valid for 5 minutes. Do not share with anyone.,OTP,synthetic,False,OTP_0,0
Hungry? Get 70% off up to Rs.1862 on ur next 3 orders. Code: EAT92. -Zomato,Promo,synthetic,False,Promo_12,2
KYC UPDATE PENDING FOR A/C XX7690. PLEASE VISIT YOUR NEAREST KOTAK BRANCH BY 12-01-26 TO AVOID RESTRICTIONS.,Bank,synthetic,False,Bank_12,1
All will come alive.better correct any good looking figure there itself..,Personal,uci,False,,5
Meesho: Ur cart misses you! Complete purchase now & get 70% off. bit.ly/LSeYvn,Promo,synthetic,False,Promo_4,2
<#> 744635 is your BigBasket code. Valid 2 min. hA8sk2Lqp3,OTP,synthetic,False,OTP_13,0
Bored housewives! Chat n date now! 0871750.77.11! BT-national rate 10p/min only from landlines!,Spam,uci,False,,4
Swiggy: Your cart misses you! Complete purchase now & get 10% off. bit.ly/SdqBta,Promo,synthetic,False,Promo_4,2
  Order OD2902844421 packed and ready! Expected dispatch by 02 Jul. -Myntra,Delivery,synthetic,False,Delivery_8,3
order od7386922337 packed and ready! expected dispatch by 02 jul. -flipkart,Delivery,synthetic,False,Delivery_8,3
OTP for delivery of order OD2698756102 is 4005. Share only with the delivery agent. -Ekart,Delivery,synthetic,False,Delivery_9,3
out for delivery: your myntra package od2796830329 will arrive today by 12 pm. -xpressbees,Delivery,synthetic,False,Delivery_1,3
Life spend with someone for a lifetime may be meaningless but a few moments spent with someone who really love you means more than life itself..,Personal,uci,False,,5
"Yes, princess. Are you going to make me moan?",Personal,uci,False,,5
Just forced myself to eat a slice. I'm really not hungry tho. This sucks. Mark is getting worried. He knows I'm sick when I turn down pizza. Lol,Personal,uci,False,,5
111257 is your OTP for ICICI Bank login. Valid for 15 minutes. Do not share with anyone. -TM,OTP,synthetic,False,OTP_0,0
Thank you baby! I cant wait to taste the real thing...,Personal,uci,False,,5
"Bro send me Rs.3097 on gpay, will return by 04 Jul",Personal,synthetic,True,Hard_5,5
"Rose needs water, season needs change, poet needs imagination..My phone needs ur sms and i need ur lovely frndship forever....",Personal,uci,False,,5
Wish i were with you now!,Personal,uci,False,,5
Delivered!  Your Flipkart order OD2698334659 was delivered on 02 Jul. Rate your experience: bit.ly/XKAakf,Delivery,synthetic,False,Delivery_2,3
Just chill for another 6hrs. If you could sleep the pain is not a surgical emergency so see how it unfolds. Okay,Personal,uci,False,,5
Well i will watch shrek in 3D!!B),Personal,uci,False,,5
Hey u still at the gym?,Personal,uci,False,,5
EXCLUSIVE FOR YOU! BUY 1 GET 1 FREE AT BIGBASKET. LIMITED PERIOD OFFER. VISIT BIT.LY/QNCOTU,Promo,synthetic,False,Promo_3,2
"Hey, my new number is +916919675525. Save it! Meet at 8?",Personal,synthetic,True,Hard_4,5
Out for delivery: Your Meesho package OD8001136487 will arrive today by 9 PM. -XpressBees,Delivery,synthetic,False,Delivery_1,3
have * good weekend.,Personal,uci,False,,5
LAST DAY! AMAZON CLEARANCE SALE ENDS TONIGHT. UP TO 30% OFF SITEWIDE.,Promo,synthetic,False,Promo_8,2
thanks for the temales it was wonderful. Thank. Have a great week.,Personal,uci,False,,5
Ur one time password is 868055 for Meesho. Please do not share it.,OTP,synthetic,False,OTP_5,0
KYC  update pending for A/c XX5106. Please visit your nearest Axis Bank branch by 12-03-26 to avoid restrictions.,Bank,synthetic,False,Bank_12,1
"Hi babe its Chloe, how r u? I was smashed on saturday night, it was great! How was your weekend? U been missing me? SP visionsms.com Text stop to stop 150p/text",Spam,uci,False,,4
She's borderline but yeah whatever.,Personal,uci,False,,5
I am getting threats from your sales executive Shifad as i raised complaint against him. Its an official message.,Personal,uci,False,,5
Okie ü wan meet at bishan? Cos me at bishan now. I'm not driving today.,Personal,uci,False,,5
I'm fine. Hope you are good. Do take care.,Personal,uci,False,,5
Ya srsly better than yi tho,Personal,uci,False,,5
RS.601 CASHBACK CREDITED TO YOUR PAYTM WALLET. USE ON YOUR NEXT ORDER.,Promo,synthetic,False,Promo_21,2
554754 is your BOB security code. Anyone asking for it is a scammer.,OTP,synthetic,False,OTP_9,0
Delivery attempt failed for order OD1958467846 We will retry tomorrow -BlueDart,Delivery,synthetic,False,Delivery_5,3
Axis  Bank: 33014 is your login OTP. It expires in 15 minutes.,OTP,synthetic,False,OTP_6,0
Lovely smell on this bus and it ain't tobacco... ,Personal,uci,False,,5
"Honeybee Said: *I'm d Sweetest in d World* God Laughed &amp; Said: *Wait,U Havnt Met d Person Reading This Msg* MORAL: Even GOD Can Crack Jokes! GM+GN+GE+GN:)",Personal,uci,False,,5
Lol for real. She told my dad I have cancer,Personal,uci,False,,5
  Your FD of Rs.24749 matures on 08-05-26. Renew or withdraw via netbanking. -ICICI Bank,Bank,synthetic,False,Bank_14,1
If I was I wasn't paying attention,Personal,uci,False,,5
There are no other charges after transfer charges and you can withdraw anyhow you like,Personal,uci,False,,5
780911 - use this to sign in. never share this code with anyone.,OTP,synthetic,True,Hard_7,0
Coupon 7511 gives you free delivery on orders above Rs.2114. -Meesho,Promo,synthetic,True,Hard_1,2
Use code 8936 at checkout for 25% off at Meesho!,Promo,synthetic,True,Hard_0,2
"Merry Christmas to you too babe, i love ya *kisses*",Personal,uci,False,,5
334301 is your verification code for Uber. Never share your OTP.,OTP,synthetic,False,OTP_3,0
No need lar. Jus testing e phone card. Dunno network not gd i thk. Me waiting 4 my sis 2 finish bathing so i can bathe. Dun disturb u liao u cleaning ur room.,Personal,uci,False,,5
Your SBI debit card XX7761 has been blocked due to suspicious activity. Visit branch or call 1800-XXX to unblock.,Bank,synthetic,False,Bank_11,1
Beauty sleep can help ur pimples too.,Personal,uci,False,,5
Show ur colours! Euro 2004 2-4-1 Offer! Get an England Flag & 3Lions tone on ur phone! Click on the following service message for info!,Spam,uci,False,,4
Your Netflix code: 557971,OTP,synthetic,False,OTP_8,0
Eesha from Delhivery is arriving with ur package. Contact: 09308499095,Delivery,synthetic,False,Delivery_6,3
your axis bank code: 974158,OTP,synthetic,False,OTP_8,0
"Never share your OTP, PIN or CVV. SBI never asks for these. Stay safe. -TM",Bank,synthetic,True,Hard_3,1
Your ICICI Bank debit card XX1928 has been blocked due to suspicious activity. Visit branch or call 1800-XXX to unblock.,Bank,synthetic,False,Bank_11,1
Your FD of INR 46403 matures on 05-05-26. Renew or withdraw via netbanking. -PNB,Bank,synthetic,False,Bank_14,1
Peter from DTDC is arriving with your package Contact: 6594992375,Delivery,synthetic,False,Delivery_6,3
<#> 361392 is ur ICICI Bank code. Valid 10 min. hA8sk2Lqp3,OTP,synthetic,False,OTP_13,0
Rs.1932 cashback credited to your Amazon Pay wallet Use on your next order,Promo,synthetic,False,Promo_21,2
UPI payment of Rs.97878 to Aradhana successful. UPI Ref: 625113613106. -HDFC Bank,Bank,synthetic,False,Bank_6,1
Out  for delivery: Your Amazon package OD9304655633 will arrive today by 12 PM. -BlueDart,Delivery,synthetic,False,Delivery_1,3
"Bro send me INR 4944 on gpay, will return by 06 Jul",Personal,synthetic,True,Hard_5,5
Your FD of INR 5405 matures on 07-03-26. Renew or withdraw via netbanking. -SBI,Bank,synthetic,False,Bank_14,1
Pay Rs.3039 on delivery for order OD571108994. -DTDC T&C apply,Delivery,synthetic,True,Hard_10,3
ALSO TELL HIM I SAID HAPPY BIRTHDAY,Personal,uci,False,,5
944239 is your verification code for Uber. Never share your OTP.,OTP,synthetic,False,OTP_3,0
Probably earlier than that if the station's where I think it is,Personal,uci,False,,5
"What are you doing in langport? Sorry, but I'll probably be in bed by 9pm. It sucks being ill at xmas! When do you and go2sri lanka? ",Personal,uci,False,,5
265503 is your Amazon security code. Anyone asking for it is a scammer.,OTP,synthetic,False,OTP_9,0
758427 - use this to sign in Never share this code with anyone,OTP,synthetic,True,Hard_7,0
Congratulations! U won Rs.104086 in lucky draw. Claim: bit.ly/yuFSEc,Spam,synthetic,True,Hard_12,4
"To review and KEEP the fantastic Nokia N-Gage game deck with Club Nokia, go 2 www.cnupdates.com/newsletter. unsubscribe from alerts reply with the word OUT",Spam,uci,False,,4
YOUR GPAY CODE: 504986,OTP,synthetic,False,OTP_8,0
Sorry me going home first... Daddy come fetch ü later...,Personal,uci,False,,5
Missing you too.pray inshah allah,Personal,uci,False,,5
Kotak: 581693 is your login OTP. It expires in 10 minutes.,OTP,synthetic,False,OTP_6,0
Ur BigBasket code: 555483,OTP,synthetic,False,OTP_8,0
"Hey, my new number is 02553591878. Save it! Meet at 6pm?",Personal,synthetic,True,Hard_4,5
Have you seen who's back at Holby?!,Personal,uci,False,,5
"Dear Hero,i am leaving to qatar tonite for an apt opportunity.pls do keep in touch at  &lt;EMAIL&gt; ,kerala",Personal,uci,False,,5
SWIGGY: YOUR CART MISSES YOU! COMPLETE PURCHASE NOW & GET 20% OFF. BIT.LY/LZSYKF,Promo,synthetic,False,Promo_4,2
Yeah you should. I think you can use your gt atm now to register. Not sure but if there's anyway i can help let me know. But when you do be sure you are ready.,Personal,uci,False,,5
Your  order OD4463204076 from BigBasket is arriving tomorrow. Keep Rs.1673 ready for COD.,Delivery,synthetic,False,Delivery_3,3
338265 - use this code to sign in to Flipkart. Never share it with anyone. T&C apply,OTP,synthetic,False,OTP_7,0
So dont use hook up any how,Personal,uci,False,,5
"Hey, my new number is 07269027833. Save it! Meet at noon?",Personal,synthetic,True,Hard_4,5
"URGENT!! Your 4* Costa Del Sol Holiday or £5000 await collection. Call 09050090044 Now toClaim. SAE, TC s, POBox334, Stockport, SK38xh, Cost£1.50/pm, Max10mins",Spam,uci,False,,4
Enter 875496 to verify your mobile number for Ola.,OTP,synthetic,False,OTP_10,0
ICICI Bank: 739899 is your login OTP. It expires in 15 minutes. T&C apply,OTP,synthetic,False,OTP_6,0
<#> 432324 is your Axis Bank code. Valid 2 min. hA8sk2Lqp3,OTP,synthetic,False,OTP_13,0
MEGA SALE! Get 80% OFF on all products at Flipkart. Shop now: bit.ly/wHAoxO T&C apply.,Promo,synthetic,False,Promo_0,2
Joy's father is John. Then John is the ____ of Joy's father. If u ans ths you hav  &lt;#&gt;  IQ. Tis s IAS question try to answer.,Personal,uci,False,,5
Sorry for the delay. Yes masters,Personal,uci,False,,5
297367 is your OTP for Paytm login. Valid for 15 minutes. Do not share with anyone.,OTP,synthetic,False,OTP_0,0
Your order OD7907357846 from Swiggy is arriving tomorrow. Keep Rs.3350 ready for COD. T&C apply,Delivery,synthetic,False,Delivery_3,3
G-412751 is your Google verification code.,OTP,synthetic,False,OTP_12,0
Its worse if if uses half way then stops. Its better for him to complete it.,Personal,uci,False,,5
Your credit card XX7000 statement is ready. Total due: INR 56254. Min due: INR 539. -PNB,Bank,synthetic,False,Bank_5,1
"Hey, my new number is +917701444067. Save it! Meet at tonight?",Personal,synthetic,True,Hard_4,5
Your order OD6620326391 from Flipkart is arriving tomorrow. Keep Rs.1062 ready for COD.,Delivery,synthetic,False,Delivery_3,3
Your BigBasket order OD7134543397 has been shipped via DTDC. Track: bit.ly/LzgDUt,Delivery,synthetic,False,Delivery_0,3
Out for delivery: Ur Flipkart package OD7294402411 will arrive today by 6 PM. -DTDC,Delivery,synthetic,False,Delivery_1,3
Send a logo 2 ur lover - 2 names joined by a heart. Txt LOVE NAME1 NAME2 MOBNO eg LOVE ADAM EVE 07123456789 to 87077 Yahoo! POBox36504W45WQ TxtNO 4 no ads 150p,Spam,uci,False,,4
853588 is your OTP for Amazon login. Valid for 10 minutes. Do not share with anyone.,OTP,synthetic,False,OTP_0,0
<#> 606324 is your PNB code Valid 30 min hA8sk2Lqp3,OTP,synthetic,False,OTP_13,0
Your Uber code: 5366,OTP,synthetic,True,Hard_8,0
MEGA SALE! GET 60% OFF ON ALL PRODUCTS AT ZOMATO. SHOP NOW: BIT.LY/OMPDIQ T&C APPLY.,Promo,synthetic,False,Promo_0,2
Want to send me a virtual hug?... I need one,Personal,uci,False,,5
Ola: 193312 is your login OTP. It expires in 2 minutes.,OTP,synthetic,False,OTP_6,0
"Hmph. Go head, big baller.",Personal,uci,False,,5
Amazon: Your cart misses you! Complete purchase now & get 70% off. bit.ly/srnIpD,Promo,synthetic,False,Promo_4,2
956144 is ur verification code for Netflix. Never share ur OTP.,OTP,synthetic,False,OTP_3,0
There generally isn't one. It's an uncountable noun - u in the dictionary. pieces of research?,Personal,uci,False,,5
No i am not having not any movies in my laptop,Personal,uci,False,,5
Please leave this topic..sorry for telling that..,Personal,uci,False,,5
He says he'll give me a call when his friend's got the money but that he's definitely buying before the end of the week,Personal,uci,False,,5
Congratulations! You won Rs.60652 in lucky draw. Claim: bit.ly/vIgRsa -TM,Spam,synthetic,True,Hard_12,4
Do I? I thought I put it back in the box,Personal,uci,False,,5
Why tired what special there you had,Personal,uci,False,,5
87077: Kick off a new season with 2wks FREE goals & news to ur mobile! Txt ur club name to 87077 eg VILLA to 87077,Spam,uci,False,,4
"Hi Ganga, unlock Rs.222 off your first order at Amazon with code NEW28.",Promo,synthetic,False,Promo_7,2
Flight fares dropped! BLR-MAA from INR 1994. Book on Goibibo before midnight.,Promo,synthetic,False,Promo_16,2
Enter 398274 to verify your mobile number for BOB.,OTP,synthetic,False,OTP_10,0
"Never  share your OTP, PIN or CVV. PNB never asks for these. Stay safe.",Bank,synthetic,True,Hard_3,1
sports fans - get the latest sports news str* 2 ur mobile 1 wk FREE PLUS a FREE TONE Txt SPORT ON to 8007 www.getzed.co.uk 0870141701216+ norm 4txt/120p ,Spam,uci,False,,4
flight fares dropped! bom-pnq from rs.739. book on goibibo before midnight.,Promo,synthetic,False,Promo_16,2
Get ready for  &lt;#&gt;  inches of pleasure...,Personal,uci,False,,5
Your SBI debit card XX2167 has been blocked due to suspicious activity. Visit branch or call 1800-XXX to unblock.,Bank,synthetic,False,Bank_11,1
Items  in your order history are back in stock at BigBasket. Prices start Rs.1015.,Promo,synthetic,False,Promo_23,2
Are you willing to go for apps class.,Personal,uci,False,,5
staff.science.nus.edu.sg/~phyhcmk/teaching/pc1323,Personal,uci,False,,5
Ur HDFC Bank code: 694510,OTP,synthetic,False,OTP_8,0
  Order OD3790566857 packed and ready! Expected dispatch by 06 Jul. -Meesho,Delivery,synthetic,False,Delivery_8,3
Auto-pay of Rs.13650 to Matthew is scheduled on 13-01-26 from A/c XX1979. Ensure sufficient balance. T&C apply,Bank,synthetic,False,Bank_13,1
your meesho order od2923815200 has been shipped via bluedart. track: bit.ly/edmcco,Delivery,synthetic,False,Delivery_0,3
Rs.561 cashback credited to your PhonePe wallet. Use on your next order.,Promo,synthetic,False,Promo_21,2
  UPI payment of Rs.86486 to Anya successful. UPI Ref: 736787951005. -SBI,Bank,synthetic,False,Bank_6,1
They said ü dun haf passport or smth like dat.. Or ü juz send to my email account..  ,Personal,uci,False,,5
  682114 is your Kotak security code. Anyone asking for it is a scammer.,OTP,synthetic,False,OTP_9,0
Lol yeah at this point I guess not,Personal,uci,False,,5
Use 20919 to complete your Paytm registration. Valid till 15 mins.,OTP,synthetic,False,OTP_4,0
Your Uber code: 4550,OTP,synthetic,True,Hard_8,0
"Had your contract mobile 11 Mnths? Latest Motorola, Nokia etc. all FREE! Double Mins & Text on Orange tariffs. TEXT YES for callback, no to remove from records.",Spam,uci,False,,4
Your Uber code: 4408 STOP to opt out,OTP,synthetic,True,Hard_8,0
78544 is your ICICI Bank security code. Anyone asking for it is a scammer.,OTP,synthetic,False,OTP_9,0
Rs.3030 credited to A/c XX7174 on 15-02-26. Avl Bal: Rs.102854. -SBI,Bank,synthetic,False,Bank_1,1
  Delivery attempt failed for order OD4773054137. We will retry tomorrow. -Ekart,Delivery,synthetic,False,Delivery_5,3
EMI of Rs.76663 due on 14-01-26 for loan A/c XX1870. Pay now to avoid charges. -BOB,Bank,synthetic,False,Bank_4,1
What time you coming down later? ,Personal,uci,False,,5
  490142 - use this to sign in. Never share this code with anyone.,OTP,synthetic,True,Hard_7,0
Yeah. I got a list with only u and Joanna if I'm feeling really anti social,Personal,uci,False,,5
Enter 807736 to verify your mobile number for Flipkart.,OTP,synthetic,False,OTP_10,0
"Goodmorning,my grandfather expired..so am on leave today.",Personal,uci,False,,5
"There'll be a minor shindig at my place later tonight, you interested?",Personal,uci,False,,5
Items  in your order history are back in stock at Amazon. Prices start Rs.1575.,Promo,synthetic,False,Promo_23,2
Super da:)good replacement for murali,Personal,uci,False,,5
Yes princess! I want to please you every night. Your wish is my command...,Personal,uci,False,,5
otp for delivery of order od4702453808 is 5845. share only with the delivery agent. -delhivery,Delivery,synthetic,False,Delivery_9,3
Flight fares dropped! BOM-PNQ from Rs.577 Book on Goibibo before midnight,Promo,synthetic,False,Promo_16,2
G-841298 is your Google verification code.,OTP,synthetic,False,OTP_12,0
Your A/c XX1904 is debited with Rs.79885 on 11-03-26. Info: UPI-Oscar. Bal: Rs.184530,Bank,synthetic,False,Bank_2,1
DO U WANT 2 MEET UP 2MORRO,Personal,uci,False,,5
emi of rs.36726 due on 05-07-26 for loan a/c xx9312. pay now to avoid charges. -hdfc bank,Bank,synthetic,False,Bank_4,1
convert your axis bank card purchase of rs.873 into easy emis at 0% interest. reply yes.,Promo,synthetic,False,Promo_15,2
Hiya do u like the hlday pics looked horrible in them so took mo out! Hows the camp Amrca thing? Speak soon Serena:),Personal,uci,False,,5
924406 is your otp for axis bank login. valid for 10 minutes. do not share with anyone.,OTP,synthetic,False,OTP_0,0
Rs.1867 cashback credited to ur PhonePe wallet. Use on ur next order.,Promo,synthetic,False,Promo_21,2
That's significant but dont worry.,Personal,uci,False,,5
Salary of INR 9000 credited to A/c XX1289. Avl Bal: INR 455048. -PNB,Bank,synthetic,False,Bank_7,1
U in town alone?,Personal,uci,False,,5
OTP for delivery of order OD7883004061 is 2558. Share only with the delivery agent. -XpressBees,Delivery,synthetic,False,Delivery_9,3
ENTER 274970 TO VERIFY YOUR MOBILE NUMBER FOR PAYTM.,OTP,synthetic,False,OTP_10,0
Interest of Rs.84819 credited to your FD A/c XX2662. -SBI,Bank,synthetic,False,Bank_9,1
"Hm good morning, headache anyone? :-)",Personal,uci,False,,5
Interest of Rs.92216 credited to your FD A/c XX5461. -HDFC Bank,Bank,synthetic,False,Bank_9,1
Reply to win £100 weekly! Where will the 2006 FIFA World Cup be held? Send STOP to 87239 to end service,Spam,uci,False,,4
Your one time password is 604535 for Zomato. Please do not share it.,OTP,synthetic,False,OTP_5,0
Congratulations!  You won Rs.637998 in lucky draw. Claim: bit.ly/UClYTW,Spam,synthetic,True,Hard_12,4
  Use 521394 to complete your Myntra registration. Valid till 30 mins.,OTP,synthetic,False,OTP_4,0
Rs.88262 credited to A/c XX1624 on 09-03-26. Avl Bal: Rs.132474. -ICICI Bank,Bank,synthetic,False,Bank_1,1
SO IS TH GOWER MATE WHICH IS WHERE I AM!?! HOW R U MAN? ALL IS GOOD IN WALES ILL B BACK MORROW. C U THIS WK? WHO WAS THE MSG 4?  RANDOM!,Personal,uci,False,,5
124121 IS YOUR PHONEPE SECURITY CODE. ANYONE ASKING FOR IT IS A SCAMMER.,OTP,synthetic,False,OTP_9,0
flight fares dropped! blr-maa from rs.1403. book on ixigo before midnight.,Promo,synthetic,False,Promo_16,2
Auto-pay of Rs.26739 to Idika is scheduled on 22-05-26 from A/c XX4859. Ensure sufficient balance.,Bank,synthetic,False,Bank_13,1
Your Jio pack expires tomorrow. Recharge with Rs.1457 for 2GB/day + unlimited calls.,Promo,synthetic,False,Promo_10,2
Flipkart: 787715 is your login OTP. It expires in 10 minutes. STOP to opt out,OTP,synthetic,False,OTP_6,0
Order OD3169862305 packed and ready! Expected dispatch by 05 Jul. -Swiggy,Delivery,synthetic,False,Delivery_8,3
Order OD2738540759 packed and ready! Expected dispatch by 06 Jul -Zomato,Delivery,synthetic,False,Delivery_8,3
Can you do online transaction?,Personal,uci,False,,5
Re your call; You didn't see my facebook huh?,Personal,uci,False,,5
Your Vi pack expires tomorrow. Recharge with Rs.613 for 3GB/day + unlimited calls. T&C apply,Promo,synthetic,False,Promo_10,2
:( but your not here....,Personal,uci,False,,5
"She said,'' do u mind if I go into the bedroom for a minute ? '' ''OK'', I sed in a sexy mood. She came out 5 minuts latr wid a cake...n My Wife,",Personal,uci,False,,5
swiggy: free delivery all weekend! order your favourites now.,Promo,synthetic,False,Promo_13,2
Dear umma she called me now :-),Personal,uci,False,,5
Delivery attempt failed for order OD6292915028. We will retry tomorrow. -BlueDart,Delivery,synthetic,False,Delivery_5,3
tap to verify: 838228. this code expires shortly.,OTP,synthetic,True,Hard_9,0
K k:) sms chat with me.,Personal,uci,False,,5
"bro send me rs.1044 on gpay, will return by 06 jul",Personal,synthetic,True,Hard_5,5
Where r we meeting?,Personal,uci,False,,5
"  Bro send me Rs.1083 on gpay, will return by 01 Jul",Personal,synthetic,True,Hard_5,5
OTP FOR DELIVERY OF ORDER OD1422390065 IS 7682. SHARE ONLY WITH THE DELIVERY AGENT. -BLUEDART,Delivery,synthetic,False,Delivery_9,3
your pnb debit card xx1340 has been blocked due to suspicious activity. visit branch or call 1800-xxx to unblock.,Bank,synthetic,False,Bank_11,1
"I'll see, but prolly yeah",Personal,uci,False,,5
"Sir, I have been late in paying rent for the past few months and had to pay a $ &lt;#&gt;  charge. I felt it would be inconsiderate of me to nag about something you give at great cost to yourself and that's why i didnt speak up. I however am in a recession and wont be able to pay the charge this month hence my askin well ahead of month's end. Can you please help. Thanks",Personal,uci,False,,5
127029 is your verification code for Uber. Never share your OTP.,OTP,synthetic,False,OTP_3,0
Auto-pay of Rs.38544 to Victor is scheduled on 17-04-26 from A/c XX5076. Ensure sufficient balance.,Bank,synthetic,False,Bank_13,1
<#> 288662 is your BOB code. Valid 5 min. hA8sk2Lqp3,OTP,synthetic,False,OTP_13,0
cheque no. 572628188286 for rs.44520 has been cleared from a/c xx6832. -bob,Bank,synthetic,False,Bank_8,1
KYC update pending for A/c XX6699. Please visit ur nearest SBI branch by 15-03-26 to avoid restrictions.,Bank,synthetic,False,Bank_12,1
IRCTC:  Special trains added for festive season. Book early & save up to 60%.,Promo,synthetic,False,Promo_17,2
Ok. Every night take a warm bath drink a cup of milk and you'll see a work of magic. You still need to loose weight. Just so that you know,Personal,uci,False,,5
"Hi, can i please get a  &lt;#&gt;  dollar loan from you. I.ll pay you back by mid february. Pls.",Personal,uci,False,,5
745636 is ur Myntra security code. Anyone asking for it is a scammer.,OTP,synthetic,False,OTP_9,0
  Loved your recent Flipkart order? Reorder in 1 tap and get 70% off today.,Promo,synthetic,False,Promo_22,2
Ü only send me the contents page...,Personal,uci,False,,5
Congrats ! Treat pending.i am not on mail for 2 days.will mail once thru.Respect mother at home.check mails.,Personal,uci,False,,5
Recharge with Rs.790 & get 60% extra talktime. Offer valid today only! STOP to opt out,Promo,synthetic,False,Promo_5,2
Oops i thk i dun haf enuff... I go check then tell ü..,Personal,uci,False,,5
Tap to verify: 746004. This code expires shortly.,OTP,synthetic,True,Hard_9,0
EMI of Rs.25499 due on 09-03-26 for loan A/c XX6480. Pay now to avoid charges. -Axis Bank T&C apply,Bank,synthetic,False,Bank_4,1
Your Axis Bank debit card XX8373 has been blocked due to suspicious activity. Visit branch or call 1800-XXX to unblock. -TM,Bank,synthetic,False,Bank_11,1
Out for delivery: Your Swiggy package OD7478944919 will arrive today by 3 PM. -BlueDart,Delivery,synthetic,False,Delivery_1,3
bhavani from ekart is arriving with your package. contact: +911363028585,Delivery,synthetic,False,Delivery_6,3
todays vodafone numbers ending with 0089(my last four digits) are selected to received a £350 award. If your number matches please call 09063442151 to claim your £350 award,Spam,uci,False,,4
K. I will sent it again,Personal,uci,False,,5
825304 is your OTP for Netflix login. Valid for 5 minutes. Do not share with anyone. -TM,OTP,synthetic,False,OTP_0,0
Yes i thought so. Thanks.,Personal,uci,False,,5
"Hack Chat. Get backdoor entry into 121 chat rooms at a fraction of the cost. Reply NEO69 or call 09050280520, to subscribe 25p pm. DPS, Bcm box 8027 Ldn, wc1n3xx",Spam,uci,False,,4
Tap to verify: 605466. This code expires shortly.,OTP,synthetic,True,Hard_9,0
Exclusive for you! Buy 1 Get 1 FREE at Swiggy. Limited period offer. Visit bit.ly/OIbGbS STOP to opt out,Promo,synthetic,False,Promo_3,2
I dont have any of your file in my bag..i was in work when you called me.i 'll tell you if i find anything in my room.,Personal,uci,False,,5
"Hey, can you tell me blake's address? Carlos wanted me to meet him there but I got lost and he's not answering his phone",Personal,uci,False,,5
YOUR A/C XX4306 IS DEBITED WITH RS.61875 ON 28-03-26. INFO: UPI-URVASHI. BAL: RS.287320,Bank,synthetic,False,Bank_2,1
New TEXTBUDDY Chat 2 horny guys in ur area 4 just 25p Free 2 receive Search postcode or at gaytextbuddy.com. TXT ONE name to 89693. 08715500022 rpl Stop 2 cnl,Spam,uci,False,,4
Good afternoon starshine! How's my boytoy? Does he crave me yet? Ache to fuck me ? *sips cappuccino* I miss you babe *teasing kiss*,Personal,uci,False,,5
"Bro send me Rs.3229 on gpay, will return by 06 Jul",Personal,synthetic,True,Hard_5,5
Your order OD5859191960 from Flipkart is arriving tomorrow Keep Rs.3605 ready for COD,Delivery,synthetic,False,Delivery_3,3
Please da call me any mistake from my side sorry da. Pls da goto doctor.,Personal,uci,False,,5
Your FD of INR 53531 matures on 11-04-26. Renew or withdraw via netbanking. -ICICI Bank,Bank,synthetic,False,Bank_14,1
Yeah it's jus rite...,Personal,uci,False,,5
Todays Voda numbers ending 7548 are selected to receive a $350 award. If you have a match please call 08712300220 quoting claim code 4041 standard rates app,Spam,uci,False,,4
Missed our shows? Come back to SonyLIV at 50% off for 3 months. Resubscribe: bit.ly/SIUKkM,Promo,synthetic,False,Promo_19,2
loved your recent zomato order? reorder in 1 tap and get 50% off today.,Promo,synthetic,False,Promo_22,2
Your one time password is 440021 for IRCTC. Please do not share it.,OTP,synthetic,False,OTP_5,0
Data exhausted? Get 1.5GB extra with Rs.1294 booster pack. Dial *121# or visit app.,Promo,synthetic,False,Promo_11,2
K. Did you call me just now ah? ,Personal,uci,False,,5
Thanks for yesterday sir. You have been wonderful. Hope you enjoyed the burial. MojiBiola,Personal,uci,False,,5
Coupon 4563 gives you free delivery on orders above Rs.4925 -Amazon,Promo,synthetic,True,Hard_1,2
Delivery attempt failed for order OD3503540172. We will retry tomorrow. -XpressBees -TM,Delivery,synthetic,False,Delivery_5,3
"I'm not coming over, do whatever you want",Personal,uci,False,,5
Exclusive for you! Buy 1 Get 1 FREE at Swiggy. Limited period offer. Visit bit.ly/Ybchyj,Promo,synthetic,False,Promo_3,2
Myntra: 973303 is your login OTP. It expires in 2 minutes. -TM,OTP,synthetic,False,OTP_6,0
Ü all write or wat..,Personal,uci,False,,5
"New Theory: Argument wins d SITUATION, but loses the PERSON. So dont argue with ur friends just.. . . . kick them &amp; say, I'm always correct.!",Personal,uci,False,,5
Out  for delivery: Your BigBasket package OD8149601997 will arrive today by 9 PM. -Ekart,Delivery,synthetic,False,Delivery_1,3
G-522022 is your Google verification code.,OTP,synthetic,False,OTP_12,0
Work from home! Earn Rs.1118668/month. Join: bit.ly/evlqxA,Spam,synthetic,True,Hard_14,4
"Tell you what, if you make a little spreadsheet and track whose idea it was to smoke to determine who ""smokes too much"" for the entire month of february, I'll come up",Personal,uci,False,,5
Guessin you ain't gonna be here before 9?,Personal,uci,False,,5
YOUR SWIGGY ORDER OD2154053079 HAS BEEN SHIPPED VIA EKART. TRACK: BIT.LY/RHVAYO,Delivery,synthetic,False,Delivery_0,3
G-68932 is your Google verification code.,OTP,synthetic,False,OTP_12,0
"Open rebtel with firefox. When it loads just put plus sign in the user name place, and it will show you two numbers. The lower number is my number. Once you pick that number the pin will display okay!",Personal,uci,False,,5
Pansy! You've been living in a jungle for two years! Its my driving you should be more worried about!,Personal,uci,False,,5
953506 is your hotstar security code. anyone asking for it is a scammer.,OTP,synthetic,False,OTP_9,0
Congratulations ore mo owo re wa. Enjoy it and i wish you many happy moments to and fro wherever you go,Personal,uci,False,,5
MEGA  SALE! Get 20% OFF on all products at Myntra. Shop now: bit.ly/TtmzJA T&C apply.,Promo,synthetic,False,Promo_0,2
"Night night, see you tomorrow",Personal,uci,False,,5
"It,,s a taxt massage....tie-pos argh ok! Lool!",Personal,uci,False,,5
Your order OD5022188747 from Amazon is arriving tomorrow. Keep Rs.4973 ready for COD.,Delivery,synthetic,False,Delivery_3,3
Exclusive for you! Buy 1 Get 1 FREE at Flipkart. Limited period offer. Visit bit.ly/fVyRHh,Promo,synthetic,False,Promo_3,2
Low balance alert: A/c XX3848 balance is Rs.407419. Maintain min balance to avoid charges. -TM,Bank,synthetic,False,Bank_10,1
I went to project centre,Personal,uci,False,,5
Congratulations! You won Rs.203997 in lucky draw. Claim: bit.ly/UimTZC,Spam,synthetic,True,Hard_12,4
1's reach home call me.,Personal,uci,False,,5
Your credit card XX8093 statement is ready. Total due: Rs.73163. Min due: Rs.3308. -BOB,Bank,synthetic,False,Bank_5,1
  Work from home! Earn Rs.50138/month. Join: bit.ly/Nqskpo,Spam,synthetic,True,Hard_14,4
Watching tv lor...,Personal,uci,False,,5
Networking technical support associate.,Personal,uci,False,,5
  193429 - use this to sign in. Never share this code with anyone.,OTP,synthetic,True,Hard_7,0
Wat makes some people dearer is not just de happiness dat u feel when u meet them but de pain u feel when u miss dem!!!,Personal,uci,False,,5
Low  balance alert: A/c XX6675 balance is Rs.203972. Maintain min balance to avoid charges.,Bank,synthetic,False,Bank_10,1
MEGA SALE! Get 10% OFF on all products at Flipkart. Shop now: bit.ly/cXyPCE T&C apply.,Promo,synthetic,False,Promo_0,2
Oh k.i think most of wi and nz players unsold.,Personal,uci,False,,5
OTP for delivery of order OD5034744858 is 9964. Share only with the delivery agent. -XpressBees,Delivery,synthetic,False,Delivery_9,3
KYC update pending for A/c XX3312 Please visit your nearest Axis Bank branch by 19-03-26 to avoid restrictions,Bank,synthetic,False,Bank_12,1
Data exhausted? Get 3GB extra with Rs.1614 booster pack. Dial *121# or visit app.,Promo,synthetic,False,Promo_11,2
Ur BigBasket order OD8671838754 has been shipped via Delhivery. Track: bit.ly/jRornt,Delivery,synthetic,False,Delivery_0,3
Items in your order history are back in stock at Amazon. Prices start Rs.1490.,Promo,synthetic,False,Promo_23,2
Items in your order history are back in stock at Meesho. Prices start Rs.138.,Promo,synthetic,False,Promo_23,2
Omg I want to scream. I weighed myself and I lost more weight! Woohoo!,Personal,uci,False,,5
Cheque no. 805308939871 for Rs.25901 has been cleared from A/c XX1552. -Axis Bank,Bank,synthetic,False,Bank_8,1
YOUR PHONEPE CODE: 133396,OTP,synthetic,False,OTP_8,0
"Height of ""Oh shit....!!"" situation: A guy throws a luv letter on a gal but falls on her brothers head whos a gay,.;-):-D",Personal,uci,False,,5
Smith waste da.i wanna gayle.,Personal,uci,False,,5
Data exhausted? Get 3GB extra with Rs.1771 booster pack. Dial *121# or visit app.,Promo,synthetic,False,Promo_11,2
968771 is your OTP for Myntra login. Valid for 30 minutes. Do not share with anyone.,OTP,synthetic,False,OTP_0,0
50169 - use this code to sign in to Paytm. Never share it with anyone. -TM,OTP,synthetic,False,OTP_7,0
  Use 667221 to complete your Flipkart registration. Valid till 15 mins.,OTP,synthetic,False,OTP_4,0
885675 is your HDFC Bank security code. Anyone asking for it is a scammer.,OTP,synthetic,False,OTP_9,0
Work from home! Earn Rs.556304/month. Join: bit.ly/ZepLYK,Spam,synthetic,True,Hard_14,4
Your Zomato order OD4919084246 has been shipped via BlueDart. Track: bit.ly/oQAeDN T&C apply,Delivery,synthetic,False,Delivery_0,3
you have 4460 reward points expiring on 02 jul. redeem on swiggy.,Promo,synthetic,False,Promo_20,2
UPI payment of Rs.77949 to Udarsh successful. UPI Ref: 667193796357. -Axis Bank,Bank,synthetic,False,Bank_6,1
But really quite funny lor wat... Then u shd haf run shorter distance wat...,Personal,uci,False,,5
Low balance alert: A/c XX4417 balance is Rs.196234. Maintain min balance to avoid charges.,Bank,synthetic,False,Bank_10,1
meesho: your cart misses you! complete purchase now & get 80% off. bit.ly/dvddpa,Promo,synthetic,False,Promo_4,2
I think i've fixed it can you send a test message?,Personal,uci,False,,5
Cancel cheyyamo?and get some money back?,Personal,uci,False,,5
I'm working technical support :)voice process.,Personal,uci,False,,5
"You might want to pull out more just in case and just plan on not spending it if you can, I don't have much confidence in derek and taylor's money management",Personal,uci,False,,5
Your Uber code: 9681,OTP,synthetic,True,Hard_8,0
Hey morning what you come to ask:-) pa...,Personal,uci,False,,5
  394884 - use this code to sign in to Kotak. Never share it with anyone.,OTP,synthetic,False,OTP_7,0
Dont think you need yellow card for uk travel. Ask someone that has gone before. If you do its just  &lt;#&gt; bucks,Personal,uci,False,,5
work from home! earn rs.2426755/month. join: bit.ly/fppulm,Spam,synthetic,True,Hard_14,4
Your SBI debit card XX6011 has been blocked due to suspicious activity Visit branch or call 1800-XXX to unblock,Bank,synthetic,False,Bank_11,1
UPI payment of Rs.60659 to Om successful. UPI Ref: 555256252624. -PNB -TM,Bank,synthetic,False,Bank_6,1
Low balance alert: A/c XX8196 balance is Rs.313517 Maintain min balance to avoid charges,Bank,synthetic,False,Bank_10,1
"Hi Imaran, unlock Rs.724 off your first order at Amazon with code NEW99",Promo,synthetic,False,Promo_7,2
"Dont give a monkeys wot they think and i certainly don't mind. Any friend of mine&all that! Just don't sleep wiv , that wud be annoyin!",Personal,uci,False,,5
K:)eng rocking in ashes:),Personal,uci,False,,5
FLIGHT FARES DROPPED! BOM-LKO FROM RS.1033. BOOK ON MAKEMYTRIP BEFORE MIDNIGHT.,Promo,synthetic,False,Promo_16,2
"It doesnt make sense to take it there unless its free. If you need to know more, wikipedia.com",Personal,uci,False,,5
Your BOB debit card XX4550 has been blocked due to suspicious activity. Visit branch or call 1800-XXX to unblock.,Bank,synthetic,False,Bank_11,1
EMI of Rs.53473 due on 14-05-26 for loan A/c XX3587. Pay now to avoid charges. -SBI,Bank,synthetic,False,Bank_4,1
INR 1886 cashback credited to your PhonePe wallet. Use on your next order.,Promo,synthetic,False,Promo_21,2
YOUR BOB DEBIT CARD XX8762 HAS BEEN BLOCKED DUE TO SUSPICIOUS ACTIVITY. VISIT BRANCH OR CALL 1800-XXX TO UNBLOCK.,Bank,synthetic,False,Bank_11,1
Swiggy Big Billion Days! Up to 40% off + extra 10% with HDFC Bank cards. Hurry! -TM,Promo,synthetic,False,Promo_1,2
Your FD of Rs.88423 matures on 20-02-26. Renew or withdraw via netbanking. -SBI,Bank,synthetic,False,Bank_14,1
Coupon 2400 gives you free delivery on orders above Rs.387. -Flipkart,Promo,synthetic,True,Hard_1,2
Your one time password is 89292 for Amazon. Please do not share it.,OTP,synthetic,False,OTP_5,0
Exclusive for you! Buy 1 Get 1 FREE at BigBasket. Limited period offer. Visit bit.ly/TTifgJ,Promo,synthetic,False,Promo_3,2
379943 - USE THIS CODE TO SIGN IN TO FLIPKART. NEVER SHARE IT WITH ANYONE.,OTP,synthetic,False,OTP_7,0
<#> 74183 is your Swiggy code. Valid 30 min. hA8sk2Lqp3 -TM,OTP,synthetic,False,OTP_13,0
Cheers for the message Zogtorius. Ive been staring at my phone for an age deciding whether to text or not.,Personal,uci,False,,5
Salary of Rs.9960 credited to A/c XX9997. Avl Bal: Rs.233898. -ICICI Bank,Bank,synthetic,False,Bank_7,1
  Convert your Kotak card purchase of Rs.955 into easy EMIs at 0% interest. Reply YES.,Promo,synthetic,False,Promo_15,2
"Romantic Paris. 2 nights, 2 flights from £79 Book now 4 next year. Call 08704439680Ts&Cs apply.",Spam,uci,False,,4
"It's cool, let me know before it kicks off around  &lt;#&gt; , I'll be out and about all day",Personal,uci,False,,5
You still at the game?,Personal,uci,False,,5
Cheque no. 272556595110 for Rs.36330 has been cleared from A/c XX2992. -HDFC Bank,Bank,synthetic,False,Bank_8,1
I dont have i shall buy one dear,Personal,uci,False,,5
Senthil group company Apnt 5pm.,Personal,uci,False,,5
Hi ....My engagement has been fixd on  &lt;#&gt; th of next month. I know its really shocking bt....hmm njan vilikkam....t ws al of a sudn;-(.,Personal,uci,False,,5
Dear customer ur Axis Bank account will be blocked! Update KYC now: bit.ly/EbqMHe,Spam,synthetic,True,Hard_11,4
"You are being contacted by our Dating Service by someone you know! To find out who it is, call from your mobile or landline 09064017305 PoBox75LDNS7 ",Spam,uci,False,,4
I bought the test yesterday. Its something that lets you know the exact day u ovulate.when will get 2u in about 2 to 3wks. But pls pls dont fret. I know u r worried. Pls relax. Also is there anything in ur past history u need to tell me?,Personal,uci,False,,5
128098 - USE THIS TO SIGN IN. NEVER SHARE THIS CODE WITH ANYONE.,OTP,synthetic,True,Hard_7,0
Last day! Amazon clearance sale ends tonight Up to 10% off sitewide,Promo,synthetic,False,Promo_8,2
  BigBasket Big Billion Days! Up to 40% off + extra 10% with HDFC Bank cards. Hurry!,Promo,synthetic,False,Promo_1,2
Amazon: 640869 is your login OTP. It expires in 5 minutes.,OTP,synthetic,False,OTP_6,0
Your BigBasket membership expires soon. Renew now & save 60%: bit.ly/fbpGhq STOP to opt out,Promo,synthetic,False,Promo_9,2
U come n search tat vid..not finishd..,Personal,uci,False,,5
"Hey, my new number is 00885532726. Save it! Meet at tonight? T&C apply",Personal,synthetic,True,Hard_4,5
Salary of INR 67992 credited to A/c XX5706. Avl Bal: INR 133576. -HDFC Bank,Bank,synthetic,False,Bank_7,1
Early bird! Any purchases yet?,Personal,uci,False,,5
Your one time password is 316759 for IRCTC. Please do not share it.,OTP,synthetic,False,OTP_5,0
Unless it's a situation where YOU GO GURL would be more appropriate,Personal,uci,False,,5
I will cme i want to go to hos 2morow. After that i wil cme. This what i got from her dear what to do. She didnt say any time,Personal,uci,False,,5
It's ok i noe u're busy but i'm really too bored so i msg u. I oso dunno wat colour she choose 4 me one.,Personal,uci,False,,5
Your Airtel pack expires tomorrow Recharge with Rs.196 for 1.5GB/day + unlimited calls,Promo,synthetic,False,Promo_10,2
congratulations! you won rs.290719 in lucky draw. claim: bit.ly/vuejuc,Spam,synthetic,True,Hard_12,4
IM REALY SOZ IMAT MY MUMS 2NITE WHAT ABOUT 2MORO ,Personal,uci,False,,5
your a/c xx5460 is debited with rs.9543 on 22-01-26. info: upi-edhitha. bal: rs.267072,Bank,synthetic,False,Bank_2,1
Someonone you know is trying to contact you via our dating service! To find out who it could be call from your mobile or landline 09064015307 BOX334SK38ch ,Spam,uci,False,,4
Order OD8635724680 packed and ready! Expected dispatch by 02 Jul. -Amazon T&C apply,Delivery,synthetic,False,Delivery_8,3
113322 is your OTP for IRCTC login. Valid for 15 minutes. Do not share with anyone.,OTP,synthetic,False,OTP_0,0
382925 - use this code to sign in to Zomato. Never share it with anyone.,OTP,synthetic,False,OTP_7,0
"URGENT! Last weekend's draw shows that you have won £1000 cash or a Spanish holiday! CALL NOW 09050000332 to claim. T&C: RSTM, SW7 3SS. 150ppm",Spam,uci,False,,4
Your  order OD9548045173 from Flipkart is arriving tomorrow. Keep Rs.1563 ready for COD.,Delivery,synthetic,False,Delivery_3,3
K.k:)when are you going?,Personal,uci,False,,5
Dear  customer ur HDFC Bank account will be blocked! Update KYC now: bit.ly/GyCvGi,Spam,synthetic,True,Hard_11,4
<#> 575664 is your PNB code. Valid 30 min. hA8sk2Lqp3,OTP,synthetic,False,OTP_13,0
You have won a guaranteed £200 award or even £1000 cashto claim UR award call free on 08000407165 (18+) 2 stop getstop on 88222 PHP,Spam,uci,False,,4
Loved ur recent Flipkart order? Reorder in 1 tap and get 50% off today.,Promo,synthetic,False,Promo_22,2
554584 is your OTP for SBI login. Valid for 2 minutes. Do not share with anyone.,OTP,synthetic,False,OTP_0,0
Just wait till end of march when el nino gets himself. Oh.,Personal,uci,False,,5
"Bro send me Rs.4468 on gpay, will return by 03 Jul",Personal,synthetic,True,Hard_5,5
Salary of Rs.21702 credited to A/c XX4832. Avl Bal: Rs.387473. -PNB T&C apply,Bank,synthetic,False,Bank_7,1
Your Swiggy order OD5075585343 has been shipped via DTDC. Track: bit.ly/tniXbE,Delivery,synthetic,False,Delivery_0,3
your credit card xx8587 statement is ready. total due: rs.23730. min due: rs.2319. -axis bank,Bank,synthetic,False,Bank_5,1
Your Uber code: 1351,OTP,synthetic,True,Hard_8,0
Your Kotak code: 41305,OTP,synthetic,False,OTP_8,0
Should I have picked up a receipt or something earlier,Personal,uci,False,,5
Your Uber code: 2059,OTP,synthetic,True,Hard_8,0
27840 is your Hotstar security code. Anyone asking for it is a scammer.,OTP,synthetic,False,OTP_9,0
"Night sweet, sleep well! I've just been to see The Exorcism of Emily Rose and may never sleep again! Hugs and snogs! ",Personal,uci,False,,5
Your  SBI code: 484322,OTP,synthetic,False,OTP_8,0
"HEY THERE BABE, HOW U DOIN? WOT U UP 2 2NITE LOVE ANNIE X.",Personal,uci,False,,5
Shall i get my pouch?,Personal,uci,False,,5
EMI of Rs.68863 due on 17-06-26 for loan A/c XX1070. Pay now to avoid charges. -ICICI Bank,Bank,synthetic,False,Bank_4,1
Ur HMV Quiz cash-balance is currently £500 - to maximize ur cash-in now send HMV1 to 86688 only 150p/msg,Spam,uci,False,,4
Ira from Delhivery is arriving with your package. Contact: 7292175636,Delivery,synthetic,False,Delivery_6,3
Alright took the morphine. Back in yo.,Personal,uci,False,,5
Dear customer ur BOB account will be blocked! Update KYC now: bit.ly/NmbZCP,Spam,synthetic,True,Hard_11,4
Hmm .. Bits and pieces lol ... *sighs* ...,Personal,uci,False,,5
Order OD9684782769 packed and ready! Expected dispatch by 01 Jul. -Meesho,Delivery,synthetic,False,Delivery_8,3
Ho ho - big belly laugh! See ya tomo,Personal,uci,False,,5
"NEVER SHARE YOUR OTP, PIN OR CVV. SBI NEVER ASKS FOR THESE. STAY SAFE.",Bank,synthetic,True,Hard_3,1
myntra: 977995 is your login otp. it expires in 5 minutes.,OTP,synthetic,False,OTP_6,0
Loved your recent Flipkart order? Reorder in 1 tap and get 20% off today.,Promo,synthetic,False,Promo_22,2
  OTP for delivery of order OD5596587311 is 4840. Share only with the delivery agent. -Ekart,Delivery,synthetic,False,Delivery_9,3
Geeeee ... I love you so much I can barely stand it,Personal,uci,False,,5
Ok going to sleep. Hope i can meet her.,Personal,uci,False,,5
U coming back 4 dinner rite? Dad ask me so i re confirm wif u...,Personal,uci,False,,5
Fine. Do you remember me.,Personal,uci,False,,5
"Keep ur problems in ur heart, b'coz nobody will fight for u. Only u &amp; u have to fight for ur self &amp; win the battle. -VIVEKANAND- G 9t.. SD..
ham	Yeah, give me a call if you've got a minute
ham	HI BABE UAWAKE?FEELLIKW SHIT.JUSTFOUND OUT VIA ALETTER THATMUM GOTMARRIED 4thNOV.BEHIND OURBACKS  FUCKINNICE!SELFISH,DEVIOUSBITCH.ANYWAY,IL CALL U""",Personal,uci,False,,5
Netflix: 661248 is your login OTP. It expires in 10 minutes.,OTP,synthetic,False,OTP_6,0
  Rs.393 cashback credited to your Amazon Pay wallet. Use on your next order.,Promo,synthetic,False,Promo_21,2
Your A/c XX5903 is debited with Rs.41847 on 25-04-26. Info: UPI-Ekantika. Bal: Rs.138331,Bank,synthetic,False,Bank_2,1
"Aight fuck it, I'll get it later",Personal,uci,False,,5
Your A/c XX2825 is debited with INR 28077 on 01-07-26. Info: UPI-Arunima. Bal: INR 66757,Bank,synthetic,False,Bank_2,1
Use code 3532 at checkout for 10% off at Zomato!,Promo,synthetic,True,Hard_0,2
Do u hav any frnd by name ashwini in ur college?,Personal,uci,False,,5
Rs.982 cashback credited to your Amazon Pay wallet. Use on your next order.,Promo,synthetic,False,Promo_21,2
Well there's not a lot of things happening in Lindsay on New years *sighs* Some bars in Ptbo and the blue heron has something going,Personal,uci,False,,5
"K I'll head out in a few mins, see you there",Personal,uci,False,,5
Some are lasting as much as 2 hours. You might get lucky.,Personal,uci,False,,5
506971 is your OTP for Hotstar login. Valid for 5 minutes. Do not share with anyone.,OTP,synthetic,False,OTP_0,0
G-37408 is your Google verification code.,OTP,synthetic,False,OTP_12,0
  EMI of Rs.75825 due on 12-04-26 for loan A/c XX8881. Pay now to avoid charges. -PNB,Bank,synthetic,False,Bank_4,1
  Coupon 7930 gives you free delivery on orders above Rs.1877. -Myntra,Promo,synthetic,True,Hard_1,2
YOUR NETFLIX PLAN RENEWS ON 05 JUL AT RS.1509. UPGRADE TO 4K FOR RS.525/MONTH.,Promo,synthetic,False,Promo_18,2
YOUR FD OF RS.45713 MATURES ON 27-05-26. RENEW OR WITHDRAW VIA NETBANKING. -HDFC BANK,Bank,synthetic,False,Bank_14,1
Missed our shows? Come back to Hotstar at 50% off for 3 months. Resubscribe: bit.ly/ePrysW,Promo,synthetic,False,Promo_19,2
I‘m parked next to a MINI!!!! When are you coming in today do you think?,Personal,uci,False,,5
"Wishing you and your family Merry ""X"" mas and HAPPY NEW Year in advance..",Personal,uci,False,,5
Zomato: Your cart misses you! Complete purchase now & get 60% off. bit.ly/WcpOdL,Promo,synthetic,False,Promo_4,2
Your FD of Rs.76725 matures on 27-03-26. Renew or withdraw via netbanking. -SBI T&C apply,Bank,synthetic,False,Bank_14,1
from www.Applausestore.com MonthlySubscription@50p/msg max6/month T&CsC web age16 2stop txt stop,Spam,uci,False,,4
  Out for delivery: Your Zomato package OD1825881545 will arrive today by 12 PM. -Ekart,Delivery,synthetic,False,Delivery_1,3
"That's the trouble with classes that go well - you're due a dodgey one … Expecting mine tomo! See you for recovery, same time, same place ",Personal,uci,False,,5
"Hey,  my new number is +912085019036. Save it! Meet at 8?",Personal,synthetic,True,Hard_4,5
  Rs.84860 credited to A/c XX1526 on 09-04-26. Avl Bal: Rs.405264. -SBI,Bank,synthetic,False,Bank_1,1
"Yeah there's quite a bit left, I'll swing by tomorrow when I get up",Personal,uci,False,,5
Your one time password is 514125 for Meesho. Please do not share it.,OTP,synthetic,False,OTP_5,0
"Somewhr someone is surely made 4 u. And God has decided a perfect time to make u meet dat person. . . . till den, . . . . . Enjoy ur crushes..!!!;-)",Personal,uci,False,,5
18064 is your Uber security code. Anyone asking for it is a scammer.,OTP,synthetic,False,OTP_9,0
Have you laid your airtel line to rest?,Personal,uci,False,,5
data exhausted? get 1.5gb extra with rs.1712 booster pack. dial *121# or visit app.,Promo,synthetic,False,Promo_11,2
Flight fares dropped! BLR-CCU from Rs.50. Book on Goibibo before midnight.,Promo,synthetic,False,Promo_16,2
Your order OD9558451403 from Myntra is arriving tomorrow. Keep Rs.4652 ready for COD.,Delivery,synthetic,False,Delivery_3,3
"Wow ... I love you sooo much, you know ? I can barely stand it ! I wonder how your day goes and if you are well, my love ... I think of you and miss you",Personal,uci,False,,5
Meesho: 644128 is your login OTP. It expires in 5 minutes.,OTP,synthetic,False,OTP_6,0
MEGA SALE! Get 60% OFF on all products at Meesho. Shop now: bit.ly/PsWIxz T&C apply.,Promo,synthetic,False,Promo_0,2
807571 is your OTP for PNB login. Valid for 2 minutes. Do not share with anyone.,OTP,synthetic,False,OTP_0,0
order od3344087252 packed and ready! expected dispatch by 06 jul. -bigbasket,Delivery,synthetic,False,Delivery_8,3
Delivery attempt failed for order OD8806596186 We will retry tomorrow -BlueDart,Delivery,synthetic,False,Delivery_5,3
"Gal n boy walking in d park. gal-can i hold ur hand? boy-y? do u think i would run away? gal-no, jst wana c how it feels walking in heaven with an prince..GN:-)",Personal,uci,False,,5
Da is good good player.why he is unsold.,Personal,uci,False,,5
Mind blastin.. No more Tsunamis will occur from now on.. Rajnikant stopped swimming in Indian Ocean..:-D,Personal,uci,False,,5
Items in ur order history are back in stock at Amazon. Prices start Rs.367.,Promo,synthetic,False,Promo_23,2
Still in the area of the restaurant. Ill try to come back soon,Personal,uci,False,,5
Are your freezing ? Are you home yet ? Will you remember to kiss your mom in the morning? Do you love me ? Do you think of me ? Are you missing me yet ?,Personal,uci,False,,5
Why do you ask princess?,Personal,uci,False,,5
Cheque no 965647779965 for Rs.70275 has been cleared from A/c XX1090 -Kotak,Bank,synthetic,False,Bank_8,1
"all the lastest from Stereophonics, Marley, Dizzee Racal, Libertines and The Strokes! Win Nookii games with Flirt!! Click TheMob WAP Bookmark or text WAP to 82468",Spam,uci,False,,4
Order OD6781906547 packed and ready! Expected dispatch by 03 Jul. -Flipkart,Delivery,synthetic,False,Delivery_8,3
alright. Thanks for the advice. Enjoy your night out. I'ma try to get some sleep...,Personal,uci,False,,5
<#> 208465 is your Hotstar code. Valid 2 min. hA8sk2Lqp3,OTP,synthetic,False,OTP_13,0
Oh did you charge camera,Personal,uci,False,,5
Enter  451236 to verify your mobile number for Kotak.,OTP,synthetic,False,OTP_10,0
"Ok. Not much to do here though. H&M Friday, cant wait. Dunno wot the hell im gonna do for another 3 weeks! Become a slob- oh wait, already done that! ",Personal,uci,False,,5
I'm home. Ard wat time will u reach?,Personal,uci,False,,5
:-( that's not v romantic!,Personal,uci,False,,5
Auto-pay of INR 28651 to Ladli is scheduled on 09-04-26 from A/c XX7279. Ensure sufficient balance.,Bank,synthetic,False,Bank_13,1
Coupon 2880 gives you free delivery on orders above Rs.4112. -Zomato,Promo,synthetic,True,Hard_1,2
Use 480434 to complete your BigBasket registration. Valid till 30 mins. -TM,OTP,synthetic,False,OTP_4,0
Welcome! Please reply with your AGE and GENDER to begin. e.g 24M,Spam,uci,False,,4
638467 - use this to sign in. Never share this code with anyone.,OTP,synthetic,True,Hard_7,0
"hey, looks like I was wrong and one of the kappa guys numbers is still on my phone, if you want I can text him and see if he's around",Personal,uci,False,,5
I love ya too but try and budget your money better babe. Gary would freak on me if he knew,Personal,uci,False,,5
"You can stop further club tones by replying ""STOP MIX"" See my-tone.com/enjoy. html for terms. Club tones cost GBP4.50/week. MFL, PO Box 1146 MK45 2WT (2/3)",Spam,uci,False,,4
Delivery attempt failed for order OD2316538348. We will retry tomorrow. -Ekart,Delivery,synthetic,False,Delivery_5,3
"Loan for any purpose £500 - £75,000. Homeowners + Tenants welcome. Have you been previously refused? We can still help. Call Free 0800 1956669 or text back 'help'",Spam,uci,False,,4
your order od2745823803 from amazon is arriving tomorrow. keep rs.4576 ready for cod.,Delivery,synthetic,False,Delivery_3,3
Items in your order history are back in stock at Amazon. Prices start Rs.1645.,Promo,synthetic,False,Promo_23,2
Ok i will tell her to stay out. Yeah its been tough but we are optimistic things will improve this month.,Personal,uci,False,,5
KYC update pending for A/c XX3230. Please visit ur nearest Axis Bank branch by 01-03-26 to avoid restrictions.,Bank,synthetic,False,Bank_12,1
Work from home! Earn Rs.303427/month. Join: bit.ly/VFrEUX T&C apply,Spam,synthetic,True,Hard_14,4
Items  in your order history are back in stock at Myntra. Prices start Rs.1293.,Promo,synthetic,False,Promo_23,2
Enter 885920 to verify your mobile number for Paytm,OTP,synthetic,False,OTP_10,0
"Bro  send me Rs.4342 on gpay, will return by 04 Jul",Personal,synthetic,True,Hard_5,5
OTP for delivery of order OD1047599057 is 5103. Share only with the delivery agent. -DTDC,Delivery,synthetic,False,Delivery_9,3
WORK FROM HOME! EARN RS.1619845/MONTH. JOIN: BIT.LY/DNLWEF,Spam,synthetic,True,Hard_14,4
Boy you best get yo ass out here quick,Personal,uci,False,,5
What's your room number again? Wanna make sure I'm knocking on the right door,Personal,uci,False,,5
Ur Flipkart order OD1841499306 has been shipped via DTDC. Track: bit.ly/RWAFvS,Delivery,synthetic,False,Delivery_0,3
"Call me when you/carlos is/are here, my phone's vibrate is acting up and I might not hear texts",Personal,uci,False,,5
I'm now but have to wait till 2 for the bus to pick me.,Personal,uci,False,,5
Swiggy:  Your cart misses you! Complete purchase now & get 40% off. bit.ly/eFiCJX,Promo,synthetic,False,Promo_4,2
Your A/c XX7255 is debited with Rs.84956 on 01-07-26 Info: UPI-Pranav Bal: Rs.116991,Bank,synthetic,False,Bank_2,1
Cheque no. 430688205946 for INR 35234 has been cleared from A/c XX1317. -ICICI Bank,Bank,synthetic,False,Bank_8,1
"Whats that coming over the hill..... Is it a monster! Hope you have a great day. Things r going fine here, busy though! ",Personal,uci,False,,5
Interest of Rs.25042 credited to your FD A/c XX7761. -ICICI Bank,Bank,synthetic,False,Bank_9,1
Ur Myntra order OD6687333595 has been shipped via XpressBees. Track: bit.ly/KnpxvD,Delivery,synthetic,False,Delivery_0,3
Dear customer ur Kotak account will be blocked! Update KYC now: bit.ly/qsMuEt,Spam,synthetic,True,Hard_11,4
Loved your recent Swiggy order? Reorder in 1 tap and get 70% off today,Promo,synthetic,False,Promo_22,2
MEGA SALE! Get 20% OFF on all products at Zomato. Shop now: bit.ly/tsghFT T&C apply.,Promo,synthetic,False,Promo_0,2
Yes.. now only saw your message..,Personal,uci,False,,5
"HEY, MY NEW NUMBER IS 02073021807. SAVE IT! MEET AT TONIGHT?",Personal,synthetic,True,Hard_4,5
With my sis lor... We juz watched italian job.,Personal,uci,False,,5
Your one time password is 13771 for ICICI Bank. Please do not share it.,OTP,synthetic,False,OTP_5,0
Salary of Rs.92025 credited to A/c XX1942. Avl Bal: Rs.493109. -Kotak,Bank,synthetic,False,Bank_7,1
  725419 is your Amazon security code. Anyone asking for it is a scammer.,OTP,synthetic,False,OTP_9,0
Just got to  &lt;#&gt;,Personal,uci,False,,5
455459 - USE THIS TO SIGN IN. NEVER SHARE THIS CODE WITH ANYONE.,OTP,synthetic,True,Hard_7,0
Ok lor...,Personal,uci,False,,5
EMI of Rs.41219 due on 29-06-26 for loan A/c XX5043. Pay now to avoid charges. -SBI T&C apply,Bank,synthetic,False,Bank_4,1
Convert your Axis Bank card purchase of Rs.1094 into easy EMIs at 0% interest Reply YES,Promo,synthetic,False,Promo_15,2
rs.90747 credited to a/c xx2837 on 04-07-26. avl bal: rs.63631. -kotak,Bank,synthetic,False,Bank_1,1
As one of our registered subscribers u can enter the draw 4 a 100 G.B. gift voucher by replying with ENTER. To unsubscribe text STOP,Spam,uci,False,,4
Low balance alert: A/c XX6546 balance is Rs.250938. Maintain min balance to avoid charges.,Bank,synthetic,False,Bank_10,1
You have an important customer service announcement from PREMIER. Call FREEPHONE 0800 542 0578 now!,Spam,uci,False,,4
Your Meesho order OD8163943057 has been shipped via BlueDart. Track: bit.ly/frfZFI STOP to opt out,Delivery,synthetic,False,Delivery_0,3
Rs.60301 debited from A/c XX2742 on 12-03-26 to Fiyaz. Avl Bal: Rs.427495. -Kotak -TM,Bank,synthetic,False,Bank_0,1
Huh so slow i tot u reach long ago liao... U 2 more days only i 4 more leh...,Personal,uci,False,,5
Hmm ill have to think about it... ok you're forgiven! =D,Personal,uci,False,,5
"I'm tired of arguing with you about this week after week. Do what you want and from now on, i'll do the same.",Personal,uci,False,,5
"Gumby's has a special where a  &lt;#&gt; "" cheese pizza is $2 so I know what we're doin tonight",Personal,uci,False,,5
Out for delivery: Your Meesho package OD9009297248 will arrive today by 3 PM. -BlueDart,Delivery,synthetic,False,Delivery_1,3
Awww dat is sweet! We can think of something to do he he! Have a nice time tonight ill probably txt u later cos im lonely :( xxx.,Personal,uci,False,,5
Ok lor then we go tog lor...,Personal,uci,False,,5
Use 990085 to complete your PNB registration. Valid till 15 mins.,OTP,synthetic,False,OTP_4,0
And maybe some pressies,Personal,uci,False,,5
Watching telugu movie..wat abt u?,Personal,uci,False,,5
Data exhausted? Get 2GB extra with INR 1573 booster pack. Dial *121# or visit app.,Promo,synthetic,False,Promo_11,2
your bigbasket membership expires soon. renew now & save 20%: bit.ly/ulhhiy,Promo,synthetic,False,Promo_9,2
Aight should I just plan to come up later tonight?,Personal,uci,False,,5
Work from home! Earn Rs.1231032/month. Join: bit.ly/qmQFoF,Spam,synthetic,True,Hard_14,4
Missed our shows? Come back to Netflix at 50% off for 3 months. Resubscribe: bit.ly/oMjoIt,Promo,synthetic,False,Promo_19,2
How are you. Wish you a great semester,Personal,uci,False,,5
"Great. I'm in church now, will holla when i get out",Personal,uci,False,,5
Your SBI code: 482968 T&C apply,OTP,synthetic,False,OTP_8,0
Sindu got job in birla soft ..,Personal,uci,False,,5
Your Zomato order OD6733454124 has been shipped via Ekart. Track: bit.ly/yqleHL,Delivery,synthetic,False,Delivery_0,3
Mum say we wan to go then go... Then she can shun bian watch da glass exhibition... ,Personal,uci,False,,5
I would but I'm still cozy. And exhausted from last night.nobody went to school or work. Everything is closed.,Personal,uci,False,,5
Ur FD of Rs.46778 matures on 22-03-26. Renew or withdraw via netbanking. -Axis Bank,Bank,synthetic,False,Bank_14,1
Yup... How ü noe leh...,Personal,uci,False,,5
Hungry? Get 10% off up to Rs.1089 on your next 3 orders. Code: EAT66. -Zomato,Promo,synthetic,False,Promo_12,2
Haha... Yup hopefully  we will lose a few kg by mon. after hip hop can go orchard and weigh again,Personal,uci,False,,5
700584 - use this code to sign in to PhonePe. Never share it with anyone.,OTP,synthetic,False,OTP_7,0
Recharge with Rs.1395 & get 20% extra talktime. Offer valid today only! T&C apply,Promo,synthetic,False,Promo_5,2
**FREE MESSAGE**Thanks for using the Auction Subscription Service. 18 . 150p/MSGRCVD 2 Skip an Auction txt OUT. 2 Unsubscribe txt STOP CustomerCare 08718726270,Spam,uci,False,,4
UPI PAYMENT OF RS.49558 TO ABHA SUCCESSFUL. UPI REF: 825467908984. -AXIS BANK,Bank,synthetic,False,Bank_6,1
U have 281 reward points expiring on 03 Jul. Redeem on Amazon.,Promo,synthetic,False,Promo_20,2
Items in your order history are back in stock at Swiggy. Prices start Rs.1210.,Promo,synthetic,False,Promo_23,2
That would be great. We'll be at the Guild. Could meet on Bristol road or somewhere - will get in touch over weekend. Our plans take flight! Have a good week,Personal,uci,False,,5
Missed our shows? Come back to SonyLIV at 50% off for 3 months. Resubscribe: bit.ly/SaXhzq,Promo,synthetic,False,Promo_19,2
data exhausted? get 3gb extra with rs.1604 booster pack. dial *121# or visit app.,Promo,synthetic,False,Promo_11,2
Reyansh from Ekart is arriving with your package. Contact: 05205256440,Delivery,synthetic,False,Delivery_6,3
I am late. I will be there at,Personal,uci,False,,5
KYC update pending for A/c XX2009. Please visit your nearest Kotak branch by 01-02-26 to avoid restrictions. STOP to opt out,Bank,synthetic,False,Bank_12,1
ITEMS IN YOUR ORDER HISTORY ARE BACK IN STOCK AT MYNTRA. PRICES START RS.1515.,Promo,synthetic,False,Promo_23,2
G-825035 is your Google verification code.,OTP,synthetic,False,OTP_12,0
Rs.8478 debited from A/c XX6671 on 26-06-26 to Sanaya. Avl Bal: Rs.220499. -BOB,Bank,synthetic,False,Bank_0,1
Hungry? Get 80% off up to INR 834 on your next 3 orders. Code: EAT87. -Zomato,Promo,synthetic,False,Promo_12,2
I know a few people I can hit up and fuck to the yes,Personal,uci,False,,5
Dear customer ur BOB account will be blocked! Update KYC now: bit.ly/fEwloS T&C apply,Spam,synthetic,True,Hard_11,4
Your  Axis Bank debit card XX2934 has been blocked due to suspicious activity. Visit branch or call 1800-XXX to unblock.,Bank,synthetic,False,Bank_11,1
Customer service annoncement. You have a New Years delivery waiting for you. Please call 07046744435 now to arrange delivery,Spam,uci,False,,4
You do got a shitload of diamonds though,Personal,uci,False,,5
Nothin comes to my mind. Ü help me buy hanger lor. Ur laptop not heavy?,Personal,uci,False,,5
Ok ill tell the company,Personal,uci,False,,5
"Best line said in Love: . ""I will wait till the day I can forget u Or The day u realize that u cannot forget me.""... Gn",Personal,uci,False,,5
Swiggy:  Free delivery all weekend! Order your favourites now.,Promo,synthetic,False,Promo_13,2
Dear customer ur Kotak account will be blocked! Update KYC now: bit.ly/slXBPl,Spam,synthetic,True,Hard_11,4
HELLO PEACH! MY CAKE TASTS LUSH!,Personal,uci,False,,5
No did you check? I got his detailed message now,Personal,uci,False,,5
Use 133683 to complete your Axis Bank registration. Valid till 15 mins.,OTP,synthetic,False,OTP_4,0
Interest of Rs.78892 credited to ur FD A/c XX6037. -Kotak,Bank,synthetic,False,Bank_9,1
LOVED YOUR RECENT AMAZON ORDER? REORDER IN 1 TAP AND GET 10% OFF TODAY.,Promo,synthetic,False,Promo_22,2
Missed our shows? Come back to Hotstar at 50% off for 3 months. Resubscribe: bit.ly/BmkNhU,Promo,synthetic,False,Promo_19,2
loved your recent zomato order? reorder in 1 tap and get 20% off today.,Promo,synthetic,False,Promo_22,2
969970 is your verification code for PhonePe. Never share your OTP.,OTP,synthetic,False,OTP_3,0
Your FD of Rs.41436 matures on 01-01-26. Renew or withdraw via netbanking. -SBI,Bank,synthetic,False,Bank_14,1
UPI payment of Rs.4462 to Anya successful. UPI Ref: 481669940386. -SBI,Bank,synthetic,False,Bank_6,1
Use 189486 to complete ur Ola registration. Valid till 2 mins.,OTP,synthetic,False,OTP_4,0
MYNTRA: YOUR CART MISSES YOU! COMPLETE PURCHASE NOW & GET 40% OFF. BIT.LY/YJBNFK,Promo,synthetic,False,Promo_4,2
Use 982958 to complete your IRCTC registration. Valid till 15 mins.,OTP,synthetic,False,OTP_4,0
YOUR BIGBASKET MEMBERSHIP EXPIRES SOON. RENEW NOW & SAVE 60%: BIT.LY/FPIECM,Promo,synthetic,False,Promo_9,2
Auto-pay of INR 55378 to Harsh is scheduled on 19-04-26 from A/c XX8257. Ensure sufficient balance.,Bank,synthetic,False,Bank_13,1
  Interest of Rs.63624 credited to your FD A/c XX9668. -ICICI Bank,Bank,synthetic,False,Bank_9,1
When you came to hostel.,Personal,uci,False,,5
I'm not coming home 4 dinner.,Personal,uci,False,,5
Interest of INR 73229 credited to your FD A/c XX9775. -Axis Bank,Bank,synthetic,False,Bank_9,1
"Yeah probably, I still gotta check out with leo",Personal,uci,False,,5
Is toshiba portege m100 gd?,Personal,uci,False,,5
Congratulations! You won Rs.1121636 in lucky draw. Claim: bit.ly/IUCqCs,Spam,synthetic,True,Hard_12,4
642720 - use this to sign in. Never share this code with anyone.,OTP,synthetic,True,Hard_7,0
"Pete,is this your phone still? Its Jenny from college and Leanne.what are you up to now?:)",Personal,uci,False,,5
YOUR ONE TIME PASSWORD IS 730603 FOR MYNTRA. PLEASE DO NOT SHARE IT.,OTP,synthetic,False,OTP_5,0
delivery attempt failed for order od2799498361. we will retry tomorrow. -delhivery,Delivery,synthetic,False,Delivery_5,3
"chile, please! It's only a  &lt;DECIMAL&gt;  hour drive for me. I come down all the time and will be subletting feb-april for audition season.",Personal,uci,False,,5
U have 2238 reward points expiring on 04 Jul. Redeem on Meesho.,Promo,synthetic,False,Promo_20,2
delivery attempt failed for order od8233179121. we will retry tomorrow. -delhivery,Delivery,synthetic,False,Delivery_5,3
How stupid to say that i challenge god.You dont think at all on what i write instead you respond immed.,Personal,uci,False,,5
Yar i wanted 2 scold u yest but late already... I where got zhong se qing you? If u ask me b4 he ask me then i'll go out w u all lor. N u still can act so real.,Personal,uci,False,,5
"All done, all handed in. Don't know if mega shop in asda counts as celebration but thats what i'm doing!",Personal,uci,False,,5
Meesho Big Billion Days! Up to 60% off + extra 10% with Kotak cards. Hurry! -TM,Promo,synthetic,False,Promo_1,2
Your credit card XX2063 statement is ready. Total due: Rs.3150. Min due: Rs.987. -SBI,Bank,synthetic,False,Bank_5,1
Enter 668525 to verify your mobile number for PNB.,OTP,synthetic,False,OTP_10,0
"If you don't, your prize will go to another customer. T&C at www.t-c.biz 18+ 150p/min Polo Ltd Suite 373 London W1J 6HL Please call back if busy ",Spam,uci,False,,4
Delivery attempt failed for order OD7227425741. We will retry tomorrow. -Ekart,Delivery,synthetic,False,Delivery_5,3
jay says he'll put in  &lt;#&gt;,Personal,uci,False,,5
Rs.62426 credited to A/c XX1373 on 18-01-26. Avl Bal: Rs.391411. -Axis Bank,Bank,synthetic,False,Bank_1,1
salary of rs.16295 credited to a/c xx8575. avl bal: rs.410466. -icici bank,Bank,synthetic,False,Bank_7,1
S:)no competition for him.,Personal,uci,False,,5
Exclusive for you! Buy 1 Get 1 FREE at Myntra. Limited period offer. Visit bit.ly/LIuPiV,Promo,synthetic,False,Promo_3,2
I am hot n horny and willing I live local to you - text a reply to hear strt back from me 150p per msg Netcollex LtdHelpDesk: 02085076972 reply Stop to end,Spam,uci,False,,4
Those ducking chinchillas,Personal,uci,False,,5
"And that's fine, I got enough bud to last most of the night at least",Personal,uci,False,,5
Rs.66372 credited to A/c XX8710 on 16-01-26. Avl Bal: Rs.143489. -PNB,Bank,synthetic,False,Bank_1,1
18 days to Euro2004 kickoff! U will be kept informed of all the latest news and results daily. Unsubscribe send GET EURO STOP to 83222.,Spam,uci,False,,4
coupon 1717 gives you free delivery on orders above rs.2703. -flipkart,Promo,synthetic,True,Hard_1,2
Your Netflix plan renews on 01 Jul at Rs.322. Upgrade to 4K for Rs.227/month.,Promo,synthetic,False,Promo_18,2
<#> 489745 is your BOB code. Valid 15 min. hA8sk2Lqp3,OTP,synthetic,False,OTP_13,0
Tap to verify: 697306. This code expires shortly.,OTP,synthetic,True,Hard_9,0
Enter 967181 to verify your mobile number for Swiggy.,OTP,synthetic,False,OTP_10,0
SBI:  45429 is your login OTP. It expires in 2 minutes.,OTP,synthetic,False,OTP_6,0
And popping &lt;#&gt; ibuprofens was no help.,Personal,uci,False,,5
Your Myntra order OD4755913329 has been shipped via Ekart. Track: bit.ly/lGDMvZ,Delivery,synthetic,False,Delivery_0,3
Use code 6545 at checkout for 10% off at Meesho!,Promo,synthetic,True,Hard_0,2
How long does it take to get it.,Personal,uci,False,,5
Out for delivery: Your Swiggy package OD7081707525 will arrive today by 3 PM. -Ekart,Delivery,synthetic,False,Delivery_1,3
Your Swiggy order OD8387295895 has been shipped via Delhivery Track: bitly/iRFRvO,Delivery,synthetic,False,Delivery_0,3
EMI of Rs.26624 due on 29-05-26 for loan A/c XX9026. Pay now to avoid charges. -BOB,Bank,synthetic,False,Bank_4,1
your uber code: 8598,OTP,synthetic,True,Hard_8,0
I pocked you up there before,Personal,uci,False,,5
Your Uber code: 4161,OTP,synthetic,True,Hard_8,0
your bigbasket membership expires soon. renew now & save 10%: bit.ly/fzjnvb,Promo,synthetic,False,Promo_9,2
Ok... Ur typical reply...,Personal,uci,False,,5
"We are hoping to get away by 7, from Langport. You still up for town tonight?",Personal,uci,False,,5
LAST DAY! SWIGGY CLEARANCE SALE ENDS TONIGHT. UP TO 60% OFF SITEWIDE.,Promo,synthetic,False,Promo_8,2
"I feel like a dick because I keep sleeping through your texts and facebook messages. Sup, you in town?",Personal,uci,False,,5
Enter 682953 to verify your mobile number for Amazon.,OTP,synthetic,False,OTP_10,0
  Exclusive for you! Buy 1 Get 1 FREE at Meesho. Limited period offer. Visit bit.ly/sOwicu,Promo,synthetic,False,Promo_3,2
Use code 1719 at checkout for 25% off at Amazon! T&C apply,Promo,synthetic,True,Hard_0,2
Use 760408 to complete your Ola registration. Valid till 30 mins.,OTP,synthetic,False,OTP_4,0
"That means you got an A in epi, she.s fine. She.s here now.",Personal,uci,False,,5
U wan 2 haf lunch i'm in da canteen now.,Personal,uci,False,,5
Ur ringtone service has changed! 25 Free credits! Go to club4mobiles.com to choose content now! Stop? txt CLUB STOP to 87070. 150p/wk Club4 PO Box1146 MK45 2WT,Spam,uci,False,,4
YOUR KOTAK DEBIT CARD XX7849 HAS BEEN BLOCKED DUE TO SUSPICIOUS ACTIVITY. VISIT BRANCH OR CALL 1800-XXX TO UNBLOCK.,Bank,synthetic,False,Bank_11,1
Rs.754 cashback credited to your PhonePe wallet Use on your next order,Promo,synthetic,False,Promo_21,2
U WILL SWITCH YOUR FONE ON DAMMIT!!,Personal,uci,False,,5
Beware of fraud calls asking for card details. Kotak officials never ask for PIN or CVV.,Bank,synthetic,False,Bank_15,1
No. It's not pride. I'm almost  &lt;#&gt;  years old and shouldn't be takin money from my kid. You're not supposed to have to deal with this stuff. This is grownup stuff--why i don't tell you.,Personal,uci,False,,5
"Wow. I never realized that you were so embarassed by your accomodations. I thought you liked it, since i was doing the best i could and you always seemed so happy about ""the cave"". I'm sorry I didn't and don't have more to give. I'm sorry i offered. I'm sorry your room was so embarassing.",Personal,uci,False,,5
"Evry Emotion dsn't hav Words.Evry Wish dsn't hav Prayrs.. If u Smile,D World is wit u.Othrwise even d Drop of Tear dsn't lik 2 Stay wit u.So b happy.. Good morning, keep smiling:-)",Personal,uci,False,,5
I anything lor...,Personal,uci,False,,5
Rs.93264 credited to A/c XX2090 on 26-03-26 Avl Bal: Rs.126700 -ICICI Bank,Bank,synthetic,False,Bank_1,1
476231 is your GPay security code. Anyone asking for it is a scammer. STOP to opt out,OTP,synthetic,False,OTP_9,0
Your Kotak debit card XX6419 has been blocked due to suspicious activity. Visit branch or call 1800-XXX to unblock.,Bank,synthetic,False,Bank_11,1
PhonePe: 116888 is ur login OTP. It expires in 30 minutes.,OTP,synthetic,False,OTP_6,0
"Well, I have to leave for my class babe ... You never came back to me ... :-( ... Hope you have a nice sleep, my love",Personal,uci,False,,5
Interest  of Rs.58730 credited to your FD A/c XX8371. -ICICI Bank,Bank,synthetic,False,Bank_9,1
Ur BOB debit card XX4120 has been blocked due to suspicious activity. Visit branch or call 1800-XXX to unblock.,Bank,synthetic,False,Bank_11,1
Ok i also wan 2 watch e 9 pm show...,Personal,uci,False,,5
<Forwarded from 21870000>Hi - this is your Mailbox Messaging SMS alert. You have 40 matches. Please call back on 09056242159 to retrieve your messages and matches cc100p/min,Spam,uci,False,,4
Order OD4538711892 packed and ready! Expected dispatch by 03 Jul. -Meesho,Delivery,synthetic,False,Delivery_8,3
Ok i juz receive..,Personal,uci,False,,5
your irctc code: 336543,OTP,synthetic,False,OTP_8,0
576498 - use this code to sign in to PhonePe. Never share it with anyone.,OTP,synthetic,False,OTP_7,0
Work from home! Earn Rs.577221/month. Join: bit.ly/jEKSYQ,Spam,synthetic,True,Hard_14,4
"I'm done. I'm sorry. I hope your next space gives you everything you want. Remember all the furniture is yours. If i'm not around when you move it, just lock all the locks and leave the key with jenne.",Personal,uci,False,,5
  Cheque no. 235758217240 for Rs.5558 has been cleared from A/c XX2163. -BOB,Bank,synthetic,False,Bank_8,1
I'm not driving... Raining! Then i'll get caught at e mrt station lor.,Personal,uci,False,,5
I gotta collect da car at 6 lei.,Personal,uci,False,,5
Order  OD8921680467 packed and ready! Expected dispatch by 05 Jul. -BigBasket,Delivery,synthetic,False,Delivery_8,3
  <#> 779459 is your ICICI Bank code. Valid 2 min. hA8sk2Lqp3,OTP,synthetic,False,OTP_13,0
Huh so late... Fr dinner?,Personal,uci,False,,5
  Recharge with Rs.311 & get 10% extra talktime. Offer valid today only!,Promo,synthetic,False,Promo_5,2
LOW BALANCE ALERT: A/C XX5165 BALANCE IS RS.354750. MAINTAIN MIN BALANCE TO AVOID CHARGES.,Bank,synthetic,False,Bank_10,1
Delivered! Your Zomato order OD5472729712 was delivered on 02 Jul. Rate your experience: bit.ly/PgXxRQ T&C apply,Delivery,synthetic,False,Delivery_2,3
YOUR SWIGGY MEMBERSHIP EXPIRES SOON. RENEW NOW & SAVE 70%: BIT.LY/ZBBVHX,Promo,synthetic,False,Promo_9,2
YOUR VI PACK EXPIRES TOMORROW. RECHARGE WITH RS.880 FOR 1.5GB/DAY + UNLIMITED CALLS.,Promo,synthetic,False,Promo_10,2
Oh god. I'm gonna Google nearby cliffs now.,Personal,uci,False,,5
Cheque no 632532338305 for Rs.23881 has been cleared from A/c XX5209 -PNB,Bank,synthetic,False,Bank_8,1
<#>  536196 is your Swiggy code. Valid 15 min. hA8sk2Lqp3,OTP,synthetic,False,OTP_13,0
Now only i reached home. . . I am very tired now. . I will come tomorro,Personal,uci,False,,5
"Hey, my new number is +919395884459. Save it! Meet at 8?",Personal,synthetic,True,Hard_4,5
Imagine Life WITHOUT ME... see.. How fast u are searching me?Don't worry.. l'm always there To disturb U.. Goodnoon..:),Personal,uci,False,,5
your axis bank code: 292625,OTP,synthetic,False,OTP_8,0
We tried to contact you re your reply to our offer of a Video Phone 750 anytime any network mins Half Price Line Rental Camcorder Reply or call 08000930705,Spam,uci,False,,4
delivery attempt failed for order od4871973848. we will retry tomorrow. -xpressbees,Delivery,synthetic,False,Delivery_5,3
Dis is yijue. I jus saw ur mail. In case huiming havent sent u my num. Dis is my num.,Personal,uci,False,,5
COUPON 9513 GIVES YOU FREE DELIVERY ON ORDERS ABOVE RS.3040. -FLIPKART,Promo,synthetic,True,Hard_1,2
Enter 245150 to verify your mobile number for Amazon.,OTP,synthetic,False,OTP_10,0
You still coming tonight?,Personal,uci,False,,5
Your Axis Bank debit card XX9043 has been blocked due to suspicious activity. Visit branch or call 1800-XXX to unblock.,Bank,synthetic,False,Bank_11,1
Aww that's the first time u said u missed me without asking if I missed u first. You DO love me! :),Personal,uci,False,,5
Cheque no. 756239848043 for Rs.75605 has been cleared from A/c XX2724. -ICICI Bank,Bank,synthetic,False,Bank_8,1
Amazon: Your cart misses you! Complete purchase now & get 30% off. bit.ly/tJJANt STOP to opt out,Promo,synthetic,False,Promo_4,2
I've sent my wife your text. After we buy them she'll tell you what to do. So just relax. We should go get them this wkend.,Personal,uci,False,,5
SALARY OF RS.77978 CREDITED TO A/C XX1493. AVL BAL: RS.330669. -PNB,Bank,synthetic,False,Bank_7,1
Salary of Rs.15961 credited to A/c XX8472. Avl Bal: Rs.25931. -PNB,Bank,synthetic,False,Bank_7,1
This pay is  &lt;DECIMAL&gt;  lakhs:),Personal,uci,False,,5
order od3690193300 packed and ready! expected dispatch by 03 jul. -amazon,Delivery,synthetic,False,Delivery_8,3
Am in gobi arts college,Personal,uci,False,,5
Your Vi pack expires tomorrow. Recharge with Rs.710 for 1.5GB/day + unlimited calls.,Promo,synthetic,False,Promo_10,2
Order OD5776877638 packed and ready! Expected dispatch by 05 Jul -Myntra,Delivery,synthetic,False,Delivery_8,3
In da car park ,Personal,uci,False,,5
Your one time password is 334916 for Uber. Please do not share it. STOP to opt out,OTP,synthetic,False,OTP_5,0
YOUR A/C XX5666 IS DEBITED WITH RS.86979 ON 03-07-26. INFO: UPI-NIDRA. BAL: RS.320180,Bank,synthetic,False,Bank_2,1
Wa... U so efficient... Gee... Thanx...,Personal,uci,False,,5
Well there's still a bit left if you guys want to tonight,Personal,uci,False,,5
Ur A/c XX3051 is debited with Rs.20994 on 17-02-26. Info: UPI-Indira. Bal: Rs.293476,Bank,synthetic,False,Bank_2,1
Auto-pay of Rs.11402 to Widisha is scheduled on 29-03-26 from A/c XX8373. Ensure sufficient balance.,Bank,synthetic,False,Bank_13,1
30444 is your verification code for bigbasket. never share your otp.,OTP,synthetic,False,OTP_3,0
Valentines Day Special! Win over £1000 in our quiz and take your partner on the trip of a lifetime! Send GO to 83600 now. 150p/msg rcvd. CustCare:08718720201,Spam,uci,False,,4
I think chennai well settled?,Personal,uci,False,,5
KYC update pending for A/c XX3156 Please visit your nearest Axis Bank branch by 25-01-26 to avoid restrictions,Bank,synthetic,False,Bank_12,1
Married local women looking for discreet action now! 5 real matches instantly to your phone. Text MATCH to 69969 Msg cost 150p 2 stop txt stop BCMSFWC1N3XX,Spam,uci,False,,4
INR 31897 debited from A/c XX1105 on 06-05-26 to Michael. Avl Bal: INR 410870. -ICICI Bank,Bank,synthetic,False,Bank_0,1
Bull. Your plan was to go floating off to IKEA with me without a care in the world. So i have to live with your mess another day.,Personal,uci,False,,5
742076 is your Myntra security code. Anyone asking for it is a scammer.,OTP,synthetic,False,OTP_9,0
"Never share ur OTP, PIN or CVV. Kotak never asks for these. Stay safe.",Bank,synthetic,True,Hard_3,1
Missed our shows? Come back to Prime Video at 50% off for 3 months. Resubscribe: bit.ly/Ilnhoz,Promo,synthetic,False,Promo_19,2
Coupon 8240 gives you free delivery on orders above Rs.1515. -Meesho,Promo,synthetic,True,Hard_1,2
  Coupon 2749 gives you free delivery on orders above Rs.4821. -Swiggy,Promo,synthetic,True,Hard_1,2
  Your Flipkart order OD7329641227 has been shipped via Delhivery. Track: bit.ly/AOLpZI,Delivery,synthetic,False,Delivery_0,3
Your Amazon membership expires soon. Renew now & save 10%: bit.ly/VTctao,Promo,synthetic,False,Promo_9,2
I have lost 10 kilos as of today!,Personal,uci,False,,5
Dear customer ur SBI account will be blocked! Update KYC now: bitly/XlqzIl,Spam,synthetic,True,Hard_11,4
Dear customer ur BOB account will be blocked! Update KYC now: bit.ly/cNwqxi,Spam,synthetic,True,Hard_11,4
Enter 876277 to verify your mobile number for Kotak.,OTP,synthetic,False,OTP_10,0
Items in your order history are back in stock at Meesho. Prices start Rs.1124.,Promo,synthetic,False,Promo_23,2
No da..today also i forgot..,Personal,uci,False,,5
<#> 415259 is your ola code. valid 5 min. ha8sk2lqp3,OTP,synthetic,False,OTP_13,0
BigBasket: Your cart misses you! Complete purchase now & get 40% off bitly/bHSReN,Promo,synthetic,False,Promo_4,2
Coupon 3775 gives you free delivery on orders above Rs.4170. -Swiggy,Promo,synthetic,True,Hard_1,2
Order OD9215016482 packed and ready! Expected dispatch by 05 Jul. -Amazon,Delivery,synthetic,False,Delivery_8,3
Hope you are having a great day.,Personal,uci,False,,5
<#> 514960 is your HDFC Bank code. Valid 30 min. hA8sk2Lqp3,OTP,synthetic,False,OTP_13,0
EMI of Rs.88584 due on 26-01-26 for loan A/c XX8287 Pay now to avoid charges -ICICI Bank,Bank,synthetic,False,Bank_4,1
Auto-pay of INR 66934 to Yug is scheduled on 23-02-26 from A/c XX7545. Ensure sufficient balance.,Bank,synthetic,False,Bank_13,1
Coupon 7402 gives you free delivery on orders above Rs.1289 -Meesho,Promo,synthetic,True,Hard_1,2
Interest of Rs.82326 credited to your FD A/c XX5031 -BOB,Bank,synthetic,False,Bank_9,1
Congratulations! You won Rs.216118 in lucky draw. Claim: bit.ly/hEUdSZ,Spam,synthetic,True,Hard_12,4
Enter  79310 to verify your mobile number for Myntra.,OTP,synthetic,False,OTP_10,0
Your Airtel pack expires tomorrow. Recharge with Rs.671 for 1.5GB/day + unlimited calls.,Promo,synthetic,False,Promo_10,2
A little. Meds say take once every 8 hours. It's only been 5 but pain is back. So I took another. Hope I don't die,Personal,uci,False,,5
Tap to verify: 294905. This code expires shortly.,OTP,synthetic,True,Hard_9,0
No one interested. May be some business plan.,Personal,uci,False,,5
Your Uber code: 9288,OTP,synthetic,True,Hard_8,0
  Missed our shows? Come back to Hotstar at 50% off for 3 months. Resubscribe: bit.ly/zVxhWU,Promo,synthetic,False,Promo_19,2
"Like I made him throw up when we were smoking in our friend's car one time, it was awesome",Personal,uci,False,,5
Auto-pay of INR 30873 to Widisha is scheduled on 03-04-26 from A/c XX1797. Ensure sufficient balance.,Bank,synthetic,False,Bank_13,1
Check audrey's status right now,Personal,uci,False,,5
Out for delivery: Your BigBasket package OD9426838091 will arrive today by 6 PM. -BlueDart T&C apply,Delivery,synthetic,False,Delivery_1,3
Your Airtel pack expires tomorrow. Recharge with Rs.552 for 1GB/day + unlimited calls.,Promo,synthetic,False,Promo_10,2
But you were together so you should be thinkin about him,Personal,uci,False,,5
"Hi frnd, which is best way to avoid missunderstding wit our beloved one's?",Personal,uci,False,,5
items in your order history are back in stock at meesho. prices start rs.553.,Promo,synthetic,False,Promo_23,2
Interest of Rs.47798 credited to your FD A/c XX4183 -Axis Bank,Bank,synthetic,False,Bank_9,1
UPI payment of Rs.66825 to Vihaan successful. UPI Ref: 654951770576. -ICICI Bank,Bank,synthetic,False,Bank_6,1
Carry on not disturbing both of you,Personal,uci,False,,5
Items  in your order history are back in stock at Meesho. Prices start Rs.795.,Promo,synthetic,False,Promo_23,2
tells u 2 call 09066358152 to claim £5000 prize. U have 2 enter all ur mobile & personal details @ the prompts. Careful!,Spam,uci,False,,4
out for delivery: your bigbasket package od5334667526 will arrive today by 3 pm. -bluedart,Delivery,synthetic,False,Delivery_1,3
"sorry, no, have got few things to do. may be in pub later.",Personal,uci,False,,5
your swiggy membership expires soon. renew now & save 70%: bit.ly/kphqfb,Promo,synthetic,False,Promo_9,2
We got a divorce. Lol. She.s here,Personal,uci,False,,5
477831  is your Ola security code. Anyone asking for it is a scammer.,OTP,synthetic,False,OTP_9,0
"Hello, yeah i've just got out of the bath and need to do my hair so i'll come up when i'm done, yeah?",Personal,uci,False,,5
  Your Axis Bank code: 469705,OTP,synthetic,False,OTP_8,0
Use 746602 to complete your Paytm registration Valid till 5 mins,OTP,synthetic,False,OTP_4,0
Flight fares dropped! DEL-MAA from Rs.820 Book on ixigo before midnight,Promo,synthetic,False,Promo_16,2
  Salary of Rs.9552 credited to A/c XX4806. Avl Bal: Rs.423787. -Kotak,Bank,synthetic,False,Bank_7,1
Low balance alert: A/c XX6811 balance is Rs.76527 Maintain min balance to avoid charges,Bank,synthetic,False,Bank_10,1
  KYC update pending for A/c XX8111. Please visit your nearest Kotak branch by 08-04-26 to avoid restrictions.,Bank,synthetic,False,Bank_12,1
<#> 412377 is your Myntra code. Valid 5 min. hA8sk2Lqp3 T&C apply,OTP,synthetic,False,OTP_13,0
TheMob>Yo yo yo-Here comes a new selection of hot downloads for our members to get for FREE! Just click & open the next link sent to ur fone...,Spam,uci,False,,4
Delivered! Your Amazon order OD7341593682 was delivered on 03 Jul. Rate your experience: bit.ly/QUfGsJ,Delivery,synthetic,False,Delivery_2,3
Salary of Rs.39178 credited to A/c XX5837. Avl Bal: Rs.207615. -Kotak,Bank,synthetic,False,Bank_7,1
rs.534 cashback credited to your paytm wallet. use on your next order.,Promo,synthetic,False,Promo_21,2
790651 is ur verification code for GPay. Never share ur OTP.,OTP,synthetic,False,OTP_3,0
Abeer from Delhivery is arriving with your package. Contact: 08913223680,Delivery,synthetic,False,Delivery_6,3
Use 388667 to complete your ICICI Bank registration. Valid till 30 mins.,OTP,synthetic,False,OTP_4,0
  UPI payment of Rs.30862 to Nisha successful. UPI Ref: 824780058806. -Kotak,Bank,synthetic,False,Bank_6,1
Auto-pay of Rs.22379 to Hamsini is scheduled on 16-04-26 from A/c XX3424 Ensure sufficient balance,Bank,synthetic,False,Bank_13,1
Please reserve ticket on saturday eve from chennai to thirunelvali and again from tirunelvali to chennai on sunday eve...i already see in net..no ticket available..i want to book ticket through tackle ..,Personal,uci,False,,5
EXCLUSIVE FOR YOU! BUY 1 GET 1 FREE AT FLIPKART. LIMITED PERIOD OFFER. VISIT BIT.LY/XHNABK,Promo,synthetic,False,Promo_3,2
BigBasket Big Billion Days! Up to 10% off + extra 10% with HDFC Bank cards. Hurry!,Promo,synthetic,False,Promo_1,2
Tap to verify: 453600. This code expires shortly.,OTP,synthetic,True,Hard_9,0
All was well until slightly disastrous class this pm with my fav darlings! Hope day off ok. Coffee wld be good as can't stay late tomorrow. Same time + place as always?,Personal,uci,False,,5
  Flight fares dropped! DEL-CCU from Rs.1383. Book on MakeMyTrip before midnight.,Promo,synthetic,False,Promo_16,2
TAP TO VERIFY: 222356. THIS CODE EXPIRES SHORTLY.,OTP,synthetic,True,Hard_9,0
bhavna from delhivery is arriving with your package. contact: 06361327988,Delivery,synthetic,False,Delivery_6,3
You have 4386 reward points expiring on 06 Jul. Redeem on Swiggy.,Promo,synthetic,False,Promo_20,2
Data exhausted? Get 2GB extra with Rs.489 booster pack. Dial *121# or visit app.,Promo,synthetic,False,Promo_11,2
Boltblue tones for 150p Reply POLY# or MONO# eg POLY3 1. Cha Cha Slide 2. Yeah 3. Slow Jamz 6. Toxic 8. Come With Me or STOP 4 more tones txt MORE,Spam,uci,False,,4
K:)all the best:)congrats...,Personal,uci,False,,5
Delivery attempt failed for order OD2939986677. We will retry tomorrow. -XpressBees,Delivery,synthetic,False,Delivery_5,3
Order OD3206170871 packed and ready! Expected dispatch by 06 Jul -Flipkart,Delivery,synthetic,False,Delivery_8,3
Going on nothing great.bye,Personal,uci,False,,5
I though we shd go out n have some fun so bar in town or something – sound ok?,Personal,uci,False,,5
484505 - use this to sign in. never share this code with anyone.,OTP,synthetic,True,Hard_7,0
I know you are serving. I mean what are you doing now.,Personal,uci,False,,5
Delivery attempt failed for order OD8063697726. We will retry tomorrow. -XpressBees T&C apply,Delivery,synthetic,False,Delivery_5,3
And pls pls drink plenty plenty water,Personal,uci,False,,5
948840  is your Zomato security code. Anyone asking for it is a scammer.,OTP,synthetic,False,OTP_9,0
Your order OD9986696899 from Zomato is arriving tomorrow. Keep INR 1065 ready for COD.,Delivery,synthetic,False,Delivery_3,3
Camera - You are awarded a SiPix Digital Camera! call 09061221066 fromm landline. Delivery within 28 days.,Spam,uci,False,,4
Coupon 8907 gives you free delivery on orders above Rs.718. -Flipkart,Promo,synthetic,True,Hard_1,2
I am joining today formally.Pls keep praying.will talk later.,Personal,uci,False,,5
EMI of Rs.87820 due on 10-05-26 for loan A/c XX5991. Pay now to avoid charges. -Axis Bank,Bank,synthetic,False,Bank_4,1
Or maybe my fat fingers just press all these buttons and it doesn't know what to do.,Personal,uci,False,,5
Up to ü... Ü wan come then come lor... But i din c any stripes skirt...,Personal,uci,False,,5
Nothing but we jus tot u would ask cos u ba gua... But we went mt faber yest... Yest jus went out already mah so today not going out... Jus call lor...,Personal,uci,False,,5
<#>  614111 is your Paytm code. Valid 30 min. hA8sk2Lqp3,OTP,synthetic,False,OTP_13,0
THANX 4 PUTTIN DA FONE DOWN ON ME!!,Personal,uci,False,,5
Usually the person is unconscious that's in children but in adults they may just behave abnormally. I.ll call you now,Personal,uci,False,,5
Onum ela pa. Normal than.,Personal,uci,False,,5
On the road so cant txt,Personal,uci,False,,5
588273 - use this to sign in. Never share this code with anyone.,OTP,synthetic,True,Hard_7,0
BIGBASKET: YOUR CART MISSES YOU! COMPLETE PURCHASE NOW & GET 40% OFF. BIT.LY/FEQXRU,Promo,synthetic,False,Promo_4,2
Pay Rs.4876 on delivery for order OD510930610. -BlueDart,Delivery,synthetic,True,Hard_10,3
SALARY OF RS.50230 CREDITED TO A/C XX7571. AVL BAL: RS.425751. -AXIS BANK,Bank,synthetic,False,Bank_7,1
Maybe i could get book out tomo then return it immediately ..? Or something.,Personal,uci,False,,5
  Low balance alert: A/c XX1526 balance is Rs.427079. Maintain min balance to avoid charges.,Bank,synthetic,False,Bank_10,1
Flight fares dropped! DEL-MAA from Rs.1940 Book on ixigo before midnight,Promo,synthetic,False,Promo_16,2
WHAT TIME U WRKIN?,Personal,uci,False,,5
WOT U UP 2 J?,Personal,uci,False,,5
Surly ill give it to you:-) while coming to review.,Personal,uci,False,,5
Ur TONEXS subscription has been renewed and you have been charged £4.50. You can choose 10 more polys this month. www.clubzed.co.uk *BILLING MSG*,Spam,uci,False,,4
Boo what time u get out? U were supposed to take me shopping today. :(,Personal,uci,False,,5
Lol I know! They're so dramatic. Schools already closed for tomorrow. Apparently we can't drive in the inch of snow were supposed to get.,Personal,uci,False,,5
Zomato: Your cart misses you! Complete purchase now & get 30% off. bit.ly/fAaPII,Promo,synthetic,False,Promo_4,2
Your Myntra order OD9427146835 has been shipped via XpressBees. Track: bit.ly/ZfUZum,Delivery,synthetic,False,Delivery_0,3
You are right though. I can't give you the space you want and need. This is really starting to become an issue. I was going to suggest setting a definite move out--if i'm still there-- after greece. But maybe you are ready and should do it now.,Personal,uci,False,,5
"So many people seems to be special at first sight, But only very few will remain special to you till your last sight.. Maintain them till life ends.. take cr da",Personal,uci,False,,5
TaKe CaRE n gET WeLL sOOn,Personal,uci,False,,5
Flight fares dropped! BOM-LKO from Rs.1192 Book on MakeMyTrip before midnight,Promo,synthetic,False,Promo_16,2
"K, can I pick up another 8th when you're done?",Personal,uci,False,,5
ALRITE HUNNY!WOT U UP 2 2NITE? DIDNT END UP GOIN DOWN TOWN JUS DA PUB INSTEAD! JUS CHILLIN AT DA MO IN ME BEDROOM!LOVE JEN XXX.,Personal,uci,False,,5
"Hi Ekaja, unlock Rs.748 off your first order at Amazon with code NEW51.",Promo,synthetic,False,Promo_7,2
G-530422 is your Google verification code,OTP,synthetic,False,OTP_12,0
interest of rs.90370 credited to your fd a/c xx4912. -sbi,Bank,synthetic,False,Bank_9,1
Ur BigBasket order OD4305294789 has been shipped via Delhivery. Track: bit.ly/HsTXud,Delivery,synthetic,False,Delivery_0,3
DEAR CUSTOMER UR HDFC BANK ACCOUNT WILL BE BLOCKED! UPDATE KYC NOW: BIT.LY/JEMYTP,Spam,synthetic,True,Hard_11,4
Order OD4556541154 packed and ready! Expected dispatch by 04 Jul. -Flipkart,Delivery,synthetic,False,Delivery_8,3
Er yep sure. Props?,Personal,uci,False,,5
753738 - use this to sign in Never share this code with anyone,OTP,synthetic,True,Hard_7,0
  Your Kotak code: 958596,OTP,synthetic,False,OTP_8,0
R u still working now?,Personal,uci,False,,5
Your A/c XX3687 is debited with Rs.26052 on 19-02-26. Info: UPI-Rachit. Bal: Rs.300150,Bank,synthetic,False,Bank_2,1
Coupon 6229 gives you free delivery on orders above Rs.1977. -Amazon,Promo,synthetic,True,Hard_1,2
Loved your recent Flipkart order? Reorder in 1 tap and get 50% off today. -TM,Promo,synthetic,False,Promo_22,2
Your order OD9557947061 from Myntra is arriving tomorrow. Keep Rs.2991 ready for COD.,Delivery,synthetic,False,Delivery_3,3
"Hey babe, my friend had to cancel, still up for a visit ?",Personal,uci,False,,5
"Hi Chakrika, unlock Rs.166 off your first order at Swiggy with code NEW67.",Promo,synthetic,False,Promo_7,2
Not directly behind... Abt 4 rows behind ü...,Personal,uci,False,,5
<#> 257929 is your Swiggy code. Valid 15 min. hA8sk2Lqp3 -TM,OTP,synthetic,False,OTP_13,0
Items in your order history are back in stock at BigBasket Prices start Rs.1131,Promo,synthetic,False,Promo_23,2
Your order OD2018894779 from Meesho is arriving tomorrow Keep Rs.1855 ready for COD,Delivery,synthetic,False,Delivery_3,3
Rs.94332 credited to A/c XX7674 on 09-06-26. Avl Bal: Rs.459080. -HDFC Bank,Bank,synthetic,False,Bank_1,1
BigBasket: Your cart misses you! Complete purchase now & get 80% off. bit.ly/XYHRGj,Promo,synthetic,False,Promo_4,2
K sure am in my relatives home. Sms me de. Pls:-),Personal,uci,False,,5
Zomato: Your cart misses you! Complete purchase now & get 70% off. bit.ly/JHLACy,Promo,synthetic,False,Promo_4,2
Beware  of fraud calls asking for card details. PNB officials never ask for PIN or CVV.,Bank,synthetic,False,Bank_15,1
Your A/c XX3166 is debited with Rs.27000 on 14-03-26. Info: UPI-Aayush. Bal: Rs.359132,Bank,synthetic,False,Bank_2,1
YOU HAVE WON! As a valued Vodafone customer our computer has picked YOU to win a £150 prize. To collect is easy. Just call 09061743386 ,Spam,uci,False,,4
  Items in your order history are back in stock at Meesho. Prices start Rs.700.,Promo,synthetic,False,Promo_23,2
  615768 is your OTP for SBI login. Valid for 10 minutes. Do not share with anyone.,OTP,synthetic,False,OTP_0,0
UPI payment of Rs.29496 to Amaira successful. UPI Ref: 125622647099. -PNB,Bank,synthetic,False,Bank_6,1
408024 - use this to sign in. Never share this code with anyone.,OTP,synthetic,True,Hard_7,0
convert your kotak card purchase of rs.113 into easy emis at 0% interest. reply yes.,Promo,synthetic,False,Promo_15,2
518582 is your verification code for Axis Bank. Never share your OTP. STOP to opt out,OTP,synthetic,False,OTP_3,0
Would really appreciate if you call me. Just need someone to talk to.,Personal,uci,False,,5
otp for delivery of order od4241407699 is 6694. share only with the delivery agent. -bluedart,Delivery,synthetic,False,Delivery_9,3
Flipkart  Big Billion Days! Up to 50% off + extra 10% with SBI cards. Hurry!,Promo,synthetic,False,Promo_1,2
Rs.87892 credited to A/c XX1258 on 02-04-26. Avl Bal: Rs.119506. -ICICI Bank,Bank,synthetic,False,Bank_1,1
Nobody can decide where to eat and dad wants Chinese,Personal,uci,False,,5
Yes. They replied my mail. I'm going to the management office later. Plus will in to bank later also.or on wednesday.,Personal,uci,False,,5
Text & meet someone sexy today. U can find a date or even flirt its up to U. Join 4 just 10p. REPLY with NAME & AGE eg Sam 25. 18 -msg recd@thirtyeight pence,Spam,uci,False,,4
"Sorry about earlier. Putting out fires.Are you around to talk after 9? Or do you actually have a life, lol!",Personal,uci,False,,5
"hi indira, unlock rs.93 off your first order at amazon with code new80.",Promo,synthetic,False,Promo_7,2
Work  from home! Earn Rs.2166567/month. Join: bit.ly/YQKCsS,Spam,synthetic,True,Hard_14,4
Aight do you still want to get money,Personal,uci,False,,5
beware of fraud calls asking for card details. axis bank officials never ask for pin or cvv.,Bank,synthetic,False,Bank_15,1
Low balance alert: A/c XX7475 balance is Rs.438900. Maintain min balance to avoid charges.,Bank,synthetic,False,Bank_10,1
How would my ip address test that considering my computer isn't a minecraft server,Personal,uci,False,,5
Convert your SBI card purchase of Rs.726 into easy EMIs at 0% interest. Reply YES.,Promo,synthetic,False,Promo_15,2
Lol your always so convincing.,Personal,uci,False,,5
674619 is your OTP for Axis Bank login. Valid for 10 minutes. Do not share with anyone.,OTP,synthetic,False,OTP_0,0
Delivery attempt failed for order OD3880316283. We will retry tomorrow. -Delhivery,Delivery,synthetic,False,Delivery_5,3
561895 - use this code to sign in to Paytm. Never share it with anyone.,OTP,synthetic,False,OTP_7,0
Please call our customer service representative on 0800 169 6031 between 10am-9pm as you have WON a guaranteed £1000 cash or £5000 prize!,Spam,uci,False,,4
Rs.21391 credited to A/c XX1199 on 05-04-26. Avl Bal: Rs.341451. -SBI,Bank,synthetic,False,Bank_1,1
  Items in your order history are back in stock at Flipkart. Prices start Rs.351.,Promo,synthetic,False,Promo_23,2
RS.1340 CASHBACK CREDITED TO YOUR AMAZON PAY WALLET. USE ON YOUR NEXT ORDER.,Promo,synthetic,False,Promo_21,2
Nothing just getting msgs by dis name wit different no's..,Personal,uci,False,,5
  Your Swiggy code: 173271,OTP,synthetic,False,OTP_8,0
G-269410 is ur Google verification code.,OTP,synthetic,False,OTP_12,0
Have a good evening! Ttyl,Personal,uci,False,,5
Your Amazon code: 780615,OTP,synthetic,False,OTP_8,0
KYC  update pending for A/c XX4593. Please visit your nearest PNB branch by 06-04-26 to avoid restrictions.,Bank,synthetic,False,Bank_12,1
Double eviction this week - Spiral and Michael and good riddance to them!,Personal,uci,False,,5
Coupon 3622 gives you free delivery on orders above Rs.1782. -Swiggy -TM,Promo,synthetic,True,Hard_1,2
"Finally it has happened..! Aftr decades..! BEER is now cheaper than PETROL! The goverment expects us to ""DRINK"". . . But don't ""DRIVE """,Personal,uci,False,,5
Cheque no. 758557725121 for Rs.17291 has been cleared from A/c XX1066. -BOB,Bank,synthetic,False,Bank_8,1
Am on the uworld site. Am i buying the qbank only or am i buying it with the self assessment also?,Personal,uci,False,,5
"Bro send me Rs.3785 on gpay, will return by 02 Jul",Personal,synthetic,True,Hard_5,5
"Hey , is * rite u put »10 evey mnth is that all?",Personal,uci,False,,5
Rs.18860 debited from A/c XX3426 on 14-05-26 to Isaiah Avl Bal: Rs.408892 -HDFC Bank,Bank,synthetic,False,Bank_0,1
Rs.4289 debited from A/c XX3815 on 20-02-26 to Daksh. Avl Bal: Rs.102795. -Axis Bank,Bank,synthetic,False,Bank_0,1
Then i buy.,Personal,uci,False,,5
660901 IS YOUR PNB SECURITY CODE. ANYONE ASKING FOR IT IS A SCAMMER.,OTP,synthetic,False,OTP_9,0
EMI of Rs.40336 due on 16-06-26 for loan A/c XX3242. Pay now to avoid charges. -Axis Bank T&C apply,Bank,synthetic,False,Bank_4,1
Anything is valuable in only 2 situations: First- Before getting it... Second- After loosing it...,Personal,uci,False,,5
Items in your order history are back in stock at Meesho. Prices start INR 598.,Promo,synthetic,False,Promo_23,2
" came to look at the flat, seems ok, in his 50s? * Is away alot wiv work. Got woman coming at 6.30 too.",Personal,uci,False,,5
Keep yourself safe for me because I need you and I miss you already and I envy everyone that see's you in real life,Personal,uci,False,,5
Your PNB debit card XX5765 has been blocked due to suspicious activity. Visit branch or call 1800-XXX to unblock.,Bank,synthetic,False,Bank_11,1
"Hey chief, can you give me a bell when you get this. Need to talk to you about this royal visit on the 1st june. ",Personal,uci,False,,5
Exclusive for you! Buy 1 Get 1 FREE at Amazon. Limited period offer. Visit bit.ly/ODvBfw,Promo,synthetic,False,Promo_3,2
How do you guys go to see movies on your side.,Personal,uci,False,,5
Order  OD7326708848 packed and ready! Expected dispatch by 04 Jul. -Amazon,Delivery,synthetic,False,Delivery_8,3
"That's fine, have him give me a call if he knows what he wants or has any questions",Personal,uci,False,,5
EMI of Rs.84043 due on 18-02-26 for loan A/c XX2073. Pay now to avoid charges. -BOB,Bank,synthetic,False,Bank_4,1
Try neva mate!!,Personal,uci,False,,5
"Short But Cute: ""Be a good person, but dont try to prove it.."" .Gud noon....",Personal,uci,False,,5
  Use 90618 to complete your ICICI Bank registration. Valid till 10 mins.,OTP,synthetic,False,OTP_4,0
465890 - use this to sign in. Never share this code with anyone.,OTP,synthetic,True,Hard_7,0
Can you please send me my aunty's number,Personal,uci,False,,5
<#> 832398 IS YOUR ICICI BANK CODE. VALID 10 MIN. HA8SK2LQP3,OTP,synthetic,False,OTP_13,0
"… we r stayin here an extra week, back next wed. How did we do in the rugby this weekend? Hi to and and , c u soon """,Personal,uci,False,,5
Rs.531 cashback credited to your Amazon Pay wallet. Use on your next order.,Promo,synthetic,False,Promo_21,2
I tagged MY friends that you seemed to count as YOUR friends.,Personal,uci,False,,5
Hey whats up? U sleeping all morning?,Personal,uci,False,,5
Your credit card XX5552 statement is ready. Total due: Rs.69565. Min due: Rs.2306. -ICICI Bank,Bank,synthetic,False,Bank_5,1
"Bro send me Rs.389 on gpay, will return by 01 Jul",Personal,synthetic,True,Hard_5,5
Congratulations! U won Rs.1125128 in lucky draw. Claim: bit.ly/hylUWO,Spam,synthetic,True,Hard_12,4
Last day! BigBasket clearance sale ends tonight Up to 10% off sitewide,Promo,synthetic,False,Promo_8,2
"K give me a sec, breaking a  &lt;#&gt;  at cstore",Personal,uci,False,,5
interest of rs.98080 credited to your fd a/c xx7746. -sbi,Bank,synthetic,False,Bank_9,1
Aiyah ok wat as long as got improve can already wat...,Personal,uci,False,,5
I got it before the new year cos yetunde said she wanted to surprise you with it but when i didnt see money i returned it mid january before the  &lt;#&gt; day return period ended.,Personal,uci,False,,5
Use code 1558 at checkout for 50% off at Meesho!,Promo,synthetic,True,Hard_0,2
"Love isn't a decision, it's a feeling. If we could decide who to love, then, life would be much simpler, but then less magical",Personal,uci,False,,5
Use 164391 to complete ur Amazon registration. Valid till 2 mins.,OTP,synthetic,False,OTP_4,0
"What do you do, my dog ? Must I always wait till the end of your day to have word from you ? Did you run out of time on your cell already?",Personal,uci,False,,5
Please CALL 08712402972 immediately as there is an urgent message waiting for you,Spam,uci,False,,4
Buy one egg for me da..please:),Personal,uci,False,,5
I'm in inside office..still filling forms.don know when they leave me.,Personal,uci,False,,5
LOVED YOUR RECENT FLIPKART ORDER? REORDER IN 1 TAP AND GET 40% OFF TODAY.,Promo,synthetic,False,Promo_22,2
Ringtone Club: Gr8 new polys direct to your mobile every week !,Spam,uci,False,,4
961540 is your Swiggy security code Anyone asking for it is a scammer,OTP,synthetic,False,OTP_9,0
Items in your order history are back in stock at Swiggy. Prices start Rs.1819. T&C apply,Promo,synthetic,False,Promo_23,2
Items in your order history are back in stock at Meesho. Prices start Rs.1592.,Promo,synthetic,False,Promo_23,2
He fucking chickened out. He messaged me he would be late and woould buzz me and then I didn't hear a word from him,Personal,uci,False,,5
Auto-pay of INR 92955 to Fitan is scheduled on 26-06-26 from A/c XX2611. Ensure sufficient balance.,Bank,synthetic,False,Bank_13,1
K k :-):-) then watch some films.,Personal,uci,False,,5
"That way transport is less problematic than on sat night. By the way, if u want to ask  n  to join my bday, feel free. But need to know definite nos as booking on fri. ",Personal,uci,False,,5
EMI of Rs.6535 due on 01-07-26 for loan A/c XX2283. Pay now to avoid charges. -BOB,Bank,synthetic,False,Bank_4,1
Your Myntra order OD4251401503 has been shipped via Ekart. Track: bit.ly/QFTXjl,Delivery,synthetic,False,Delivery_0,3
Missed  our shows? Come back to Prime Video at 50% off for 3 months. Resubscribe: bit.ly/SpNNVp,Promo,synthetic,False,Promo_19,2
Interest of Rs.92521 credited to your FD A/c XX8664. -PNB T&C apply,Bank,synthetic,False,Bank_9,1
Missed  our shows? Come back to Netflix at 50% off for 3 months. Resubscribe: bit.ly/eMSvCT,Promo,synthetic,False,Promo_19,2
She went to attend another two rounds today..but still did't reach home..,Personal,uci,False,,5
Delivery  attempt failed for order OD1562509706. We will retry tomorrow. -BlueDart,Delivery,synthetic,False,Delivery_5,3
Order OD7970234689 packed and ready! Expected dispatch by 04 Jul. -Swiggy,Delivery,synthetic,False,Delivery_8,3
PISS IS TALKING IS SOMEONE THAT REALISE U THAT POINT THIS AT IS IT.(NOW READ IT BACKWARDS),Personal,uci,False,,5
Out for delivery: Ur Amazon package OD8581012810 will arrive today by 12 PM. -Ekart,Delivery,synthetic,False,Delivery_1,3
"Hi  Imaran, unlock Rs.1430 off your first order at Flipkart with code NEW88.",Promo,synthetic,False,Promo_7,2
Your credit card XX6419 statement is ready. Total due: Rs.61957. Min due: Rs.2610. -Axis Bank,Bank,synthetic,False,Bank_5,1
IRCTC:  Special trains added for festive season. Book early & save up to 10%.,Promo,synthetic,False,Promo_17,2
288545 is your Ola security code. Anyone asking for it is a scammer.,OTP,synthetic,False,OTP_9,0
Low balance alert: A/c XX8394 balance is INR 74854. Maintain min balance to avoid charges.,Bank,synthetic,False,Bank_10,1
Delivery attempt failed for order OD2428434030. We will retry tomorrow. -DTDC,Delivery,synthetic,False,Delivery_5,3
MEGA SALE! Get 80% OFF on all products at Meesho. Shop now: bit.ly/nwkLkt T&C apply.,Promo,synthetic,False,Promo_0,2
Coupon  8221 gives you free delivery on orders above Rs.2853. -Amazon,Promo,synthetic,True,Hard_1,2
hdfc bank: 521150 is your login otp. it expires in 10 minutes.,OTP,synthetic,False,OTP_6,0
Are you still playing with gautham?,Personal,uci,False,,5
Use 292307 to complete ur Zomato registration. Valid till 5 mins.,OTP,synthetic,False,OTP_4,0
"Hey, my new number is 08395155156. Save it! Meet at noon?",Personal,synthetic,True,Hard_4,5
  <#> 390565 is your SBI code. Valid 15 min. hA8sk2Lqp3,OTP,synthetic,False,OTP_13,0
Your Meesho order OD8994467886 has been shipped via BlueDart. Track: bit.ly/FrAxqa,Delivery,synthetic,False,Delivery_0,3
Order OD2868574645 packed and ready! Expected dispatch by 04 Jul. -Swiggy T&C apply,Delivery,synthetic,False,Delivery_8,3
511662 is your verification code for IRCTC. Never share your OTP.,OTP,synthetic,False,OTP_3,0
Ok... Then r we meeting later?,Personal,uci,False,,5
Aiyah e rain like quite big leh. If drizzling i can at least run home.,Personal,uci,False,,5
So u gonna get deus ex?,Personal,uci,False,,5
Wot u up 2 u weirdo?,Personal,uci,False,,5
convert your sbi card purchase of rs.1005 into easy emis at 0% interest. reply yes.,Promo,synthetic,False,Promo_15,2
  Items in your order history are back in stock at Meesho. Prices start Rs.427.,Promo,synthetic,False,Promo_23,2
Work  from home! Earn Rs.2252892/month. Join: bit.ly/cynxUs,Spam,synthetic,True,Hard_14,4
Your A/c XX5834 is debited with Rs.71071 on 08-04-26. Info: UPI-Unni. Bal: Rs.19840,Bank,synthetic,False,Bank_2,1
out for delivery: your myntra package od9863754471 will arrive today by 9 pm. -bluedart,Delivery,synthetic,False,Delivery_1,3
Items  in your order history are back in stock at Amazon. Prices start Rs.1585.,Promo,synthetic,False,Promo_23,2
"Goodmorning, today i am late for 2hrs. Because of back pain.",Personal,uci,False,,5
"3 FREE TAROT TEXTS! Find out about your love life now! TRY 3 FOR FREE! Text CHANCE to 85555 16 only! After 3 Free, Msgs £1.50 each",Spam,uci,False,,4
Last day! Zomato clearance sale ends tonight. Up to 30% off sitewide.,Promo,synthetic,False,Promo_8,2
Data exhausted? Get 1.5GB extra with Rs.1769 booster pack. Dial *121# or visit app.,Promo,synthetic,False,Promo_11,2
URGENT! This is the 2nd attempt to contact U!U have WON £1000CALL 09071512432 b4 300603t&csBCM4235WC1N3XX.callcost150ppmmobilesvary. max£7. 50,Spam,uci,False,,4
Congratulations! You won Rs.188452 in lucky draw. Claim: bit.ly/xSkcye,Spam,synthetic,True,Hard_12,4
Tell them the drug dealer's getting impatient,Personal,uci,False,,5
Ummma.will call after check in.our life will begin from qatar so pls pray very hard.,Personal,uci,False,,5
Zomato Big Billion Days! Up to 80% off + extra 10% with Axis Bank cards. Hurry!,Promo,synthetic,False,Promo_1,2
goldviking (29/M) is inviting you to be his friend. Reply YES-762 or NO-762 See him: www.SMS.ac/u/goldviking STOP? Send STOP FRND to 62468,Spam,uci,False,,4
The wine is flowing and i'm i have nevering..,Personal,uci,False,,5
Rs.40693 credited to A/c XX6535 on 18-06-26. Avl Bal: Rs.277529. -Kotak,Bank,synthetic,False,Bank_1,1
Mm not entirely sure i understood that text but hey. Ho. Which weekend?,Personal,uci,False,,5
Data exhausted? Get 1.5GB extra with Rs.1349 booster pack. Dial *121# or visit app.,Promo,synthetic,False,Promo_11,2
ENTER 524471 TO VERIFY YOUR MOBILE NUMBER FOR HDFC BANK.,OTP,synthetic,False,OTP_10,0
Rs.5671 debited from A/c XX5693 on 07-04-26 to Lopa Avl Bal: Rs.490952 -BOB,Bank,synthetic,False,Bank_0,1
I have no idea where you are,Personal,uci,False,,5
YOUR CREDIT CARD XX8157 STATEMENT IS READY. TOTAL DUE: RS.63121. MIN DUE: RS.1946. -AXIS BANK,Bank,synthetic,False,Bank_5,1
  Kotak: 212755 is your login OTP. It expires in 15 minutes.,OTP,synthetic,False,OTP_6,0
Change windows logoff sound..,Personal,uci,False,,5
This is wishing you a great day. Moji told me about your offer and as always i was speechless. You offer so easily to go to great lengths on my behalf and its stunning. My exam is next friday. After that i will keep in touch more. Sorry.,Personal,uci,False,,5
Interest of Rs.25608 credited to your FD A/c XX3878. -ICICI Bank,Bank,synthetic,False,Bank_9,1
upi payment of rs.53071 to laksh successful. upi ref: 755117394264. -sbi,Bank,synthetic,False,Bank_6,1
Auto-pay of Rs.11223 to Widisha is scheduled on 10-05-26 from A/c XX2765. Ensure sufficient balance.,Bank,synthetic,False,Bank_13,1
"Guy, no flash me now. If you go call me, call me. How madam. Take care oh.",Personal,uci,False,,5
God created gap btwn ur fingers so dat sum1 vry special will fill those gaps by holding ur hands.. Now plz dont ask y he created so much gap between legs !!!,Personal,uci,False,,5
Interest of Rs.78003 credited to your FD A/c XX7377. -Axis Bank,Bank,synthetic,False,Bank_9,1
Low balance alert: A/c XX6226 balance is INR 128685. Maintain min balance to avoid charges.,Bank,synthetic,False,Bank_10,1
312658 is ur GPay security code. Anyone asking for it is a scammer.,OTP,synthetic,False,OTP_9,0
"Right on brah, see you later",Personal,uci,False,,5
Tell them u have a headache and just want to use 1 hour of sick time.,Personal,uci,False,,5
URGENT! We are trying to contact you. Last weekends draw shows that you have won a £900 prize GUARANTEED. Call 09061701939. Claim code S89. Valid 12hrs only,Spam,uci,False,,4
699814 is your HDFC Bank security code. Anyone asking for it is a scammer.,OTP,synthetic,False,OTP_9,0
Delivered! Your Zomato order OD7845311529 was delivered on 04 Jul. Rate your experience: bit.ly/xhPVUe,Delivery,synthetic,False,Delivery_2,3
UPI payment of Rs.36330 to Girik successful. UPI Ref: 553230719271. -Kotak,Bank,synthetic,False,Bank_6,1
Congratulations! You won Rs.1036235 in lucky draw Claim: bitly/vXRpOF,Spam,synthetic,True,Hard_12,4
Dear  customer ur ICICI Bank account will be blocked! Update KYC now: bit.ly/truojR,Spam,synthetic,True,Hard_11,4
Order OD3891444335 packed and ready! Expected dispatch by 02 Jul. -BigBasket -TM,Delivery,synthetic,False,Delivery_8,3
I think if he rule tamilnadu..then its very tough for our people.,Personal,uci,False,,5
Doing my masters. When will you buy a bb cos i have for sale and how's bf,Personal,uci,False,,5
your credit card xx5228 statement is ready. total due: rs.34836. min due: rs.1746. -pnb,Bank,synthetic,False,Bank_5,1
Congratulations ur awarded 500 of CD vouchers or 125gift guaranteed & Free entry 2 100 wkly draw txt MUSIC to 87066,Spam,uci,False,,4
Delivered! Your Flipkart order OD8147997520 was delivered on 05 Jul. Rate your experience: bit.ly/ZTvcWP,Delivery,synthetic,False,Delivery_2,3
Anyway seriously hit me up when you're back because otherwise I have to light up with armand and he always has shit and/or is vomiting,Personal,uci,False,,5
Your  FD of Rs.54392 matures on 27-06-26. Renew or withdraw via netbanking. -HDFC Bank,Bank,synthetic,False,Bank_14,1
755815 - use this to sign in Never share this code with anyone,OTP,synthetic,True,Hard_7,0
Yo! Howz u? girls never rang after india. L,Personal,uci,False,,5
  Auto-pay of Rs.65126 to Benjamin is scheduled on 16-03-26 from A/c XX7503. Ensure sufficient balance.,Bank,synthetic,False,Bank_13,1
your a/c xx7351 is debited with rs.61286 on 03-02-26. info: upi-gautam. bal: rs.399718,Bank,synthetic,False,Bank_2,1
UPI payment of Rs.11791 to Nikita successful. UPI Ref: 543886159164. -HDFC Bank,Bank,synthetic,False,Bank_6,1
Items in ur order history are back in stock at Amazon. Prices start Rs.1988.,Promo,synthetic,False,Promo_23,2
Babe: U want me dont u baby! Im nasty and have a thing 4 filthyguys. Fancy a rude time with a sexy bitch. How about we go slo n hard! Txt XXX SLO(4msgs),Spam,uci,False,,4
OTP FOR DELIVERY OF ORDER OD4184472544 IS 7785. SHARE ONLY WITH THE DELIVERY AGENT. -BLUEDART,Delivery,synthetic,False,Delivery_9,3
Rs.35565 credited to A/c XX7827 on 20-05-26. Avl Bal: Rs.495319. -HDFC Bank,Bank,synthetic,False,Bank_1,1
it's still not working. And this time i also tried adding zeros. That was the savings. The checking is  &lt;#&gt; ,Personal,uci,False,,5
It took Mr owl 3 licks,Personal,uci,False,,5
EMI of Rs.25962 due on 13-04-26 for loan A/c XX7295 Pay now to avoid charges -HDFC Bank,Bank,synthetic,False,Bank_4,1
INTEREST OF RS.76036 CREDITED TO YOUR FD A/C XX3586. -BOB,Bank,synthetic,False,Bank_9,1
Your credit card XX9447 statement is ready. Total due: Rs.79138. Min due: Rs.2100. -BOB,Bank,synthetic,False,Bank_5,1
  Meesho Big Billion Days! Up to 30% off + extra 10% with SBI cards. Hurry!,Promo,synthetic,False,Promo_1,2
No problem. Talk to you later,Personal,uci,False,,5
Hungry? Get 80% off up to Rs.1818 on your next 3 orders Code: EAT33 -Zomato,Promo,synthetic,False,Promo_12,2
Was it something u ate?,Personal,uci,False,,5
OUT FOR DELIVERY: YOUR MYNTRA PACKAGE OD1078917206 WILL ARRIVE TODAY BY 6 PM. -DELHIVERY,Delivery,synthetic,False,Delivery_1,3
We will meet soon princess! Ttyl!,Personal,uci,False,,5
Use 819105 to complete ur Netflix registration. Valid till 15 mins.,OTP,synthetic,False,OTP_4,0
Mathews or tait or edwards or anderson,Personal,uci,False,,5
Ok can...,Personal,uci,False,,5
Dunno lei he neva say...,Personal,uci,False,,5
Congratulations! You won Rs.307382 in lucky draw. Claim: bit.ly/JaBrWs,Spam,synthetic,True,Hard_12,4
Do well :)all will for little time. Thing of good times ahead:,Personal,uci,False,,5
  Items in your order history are back in stock at Amazon. Prices start Rs.1413.,Promo,synthetic,False,Promo_23,2
What he said is not the matter. My mind saying some other matter is there.,Personal,uci,False,,5
I not at home now lei...,Personal,uci,False,,5
Ok lar i double check wif da hair dresser already he said wun cut v short. He said will cut until i look nice.,Personal,uci,False,,5
Near kalainar tv office.thenampet,Personal,uci,False,,5
Order OD7927511491 packed and ready! Expected dispatch by 02 Jul. -Flipkart,Delivery,synthetic,False,Delivery_8,3
Hungry? Get 60% off up to Rs.1769 on your next 3 orders. Code: EAT75. -Swiggy,Promo,synthetic,False,Promo_12,2
551910 is your OTP for PhonePe login. Valid for 30 minutes. Do not share with anyone.,OTP,synthetic,False,OTP_0,0
UPI payment of Rs.66411 to Harish successful. UPI Ref: 191149377447. -ICICI Bank,Bank,synthetic,False,Bank_6,1
Ü bot notes oredi... Cos i juz rem i got...,Personal,uci,False,,5
Your  ICICI Bank debit card XX6689 has been blocked due to suspicious activity. Visit branch or call 1800-XXX to unblock.,Bank,synthetic,False,Bank_11,1
OTP for delivery of order OD9397799874 is 5829. Share only with the delivery agent. -XpressBees,Delivery,synthetic,False,Delivery_9,3
Rs.74544  credited to A/c XX5899 on 11-01-26. Avl Bal: Rs.427042. -Kotak,Bank,synthetic,False,Bank_1,1
Realy sorry-i don't recognise this number and am now confused :) who r u please?! ,Personal,uci,False,,5
"MOON has come to color your dreams, STARS to make them musical and my SMS to give you warm and Peaceful Sleep. Good Night",Personal,uci,False,,5
Low balance alert: A/c XX9397 balance is INR 243274. Maintain min balance to avoid charges.,Bank,synthetic,False,Bank_10,1
Convert your PNB card purchase of Rs.1292 into easy EMIs at 0% interest Reply YES,Promo,synthetic,False,Promo_15,2
your fd of rs.29416 matures on 16-04-26. renew or withdraw via netbanking. -sbi,Bank,synthetic,False,Bank_14,1
Salary of Rs.44951 credited to A/c XX8780. Avl Bal: Rs.338696. -BOB,Bank,synthetic,False,Bank_7,1
DELIVERY ATTEMPT FAILED FOR ORDER OD5756387305. WE WILL RETRY TOMORROW. -EKART,Delivery,synthetic,False,Delivery_5,3
  Beware of fraud calls asking for card details. HDFC Bank officials never ask for PIN or CVV.,Bank,synthetic,False,Bank_15,1
"Babe, I'm answering you, can't you see me ? Maybe you'd better reboot YM ... I got the photo ... It's great !",Personal,uci,False,,5
Your FD of Rs.87718 matures on 15-04-26. Renew or withdraw via netbanking. -SBI,Bank,synthetic,False,Bank_14,1
ORDER OD7085927066 PACKED AND READY! EXPECTED DISPATCH BY 01 JUL. -ZOMATO,Delivery,synthetic,False,Delivery_8,3
I might go 2 sch. Yar at e salon now v boring.,Personal,uci,False,,5
Salary of Rs.78202 credited to A/c XX6387. Avl Bal: Rs.207712. -ICICI Bank,Bank,synthetic,False,Bank_7,1
Hi. Customer Loyalty Offer:The NEW Nokia6650 Mobile from ONLY £10 at TXTAUCTION! Txt word: START to No: 81151 & get yours Now! 4T&Ctxt TC 150p/MTmsg,Spam,uci,False,,4
Your  Jio pack expires tomorrow. Recharge with Rs.686 for 1GB/day + unlimited calls.,Promo,synthetic,False,Promo_10,2
"I wonder how you got online, my love ? Had you gone to the net cafe ? Did you get your phone recharged ? Were you on a friends net ? I think of you, boytoy",Personal,uci,False,,5
I tot it's my group mate... Lucky i havent reply... Wat time do ü need to leave... ,Personal,uci,False,,5
"Thank you. And by the way, I just lost.",Personal,uci,False,,5
"It's wylie, you in tampa or sarasota?",Personal,uci,False,,5
Auto-pay  of Rs.22401 to Mitali is scheduled on 06-07-26 from A/c XX3092. Ensure sufficient balance.,Bank,synthetic,False,Bank_13,1
Wat u doing there?,Personal,uci,False,,5
Those were my exact intentions,Personal,uci,False,,5
DELIVERED! YOUR MYNTRA ORDER OD8861574835 WAS DELIVERED ON 06 JUL. RATE YOUR EXPERIENCE: BIT.LY/ADFQBU,Delivery,synthetic,False,Delivery_2,3
I wnt to buy a BMW car urgently..its vry urgent.but hv a shortage of  &lt;#&gt; Lacs.there is no source to arng dis amt. &lt;#&gt; lacs..thats my prob,Personal,uci,False,,5
"Hey, my new number is 01966207706. Save it! Meet at noon?",Personal,synthetic,True,Hard_4,5
U have a secret admirer. REVEAL who thinks U R So special. Call 09065174042. To opt out Reply REVEAL STOP. 1.50 per msg recd. Cust care 07821230901,Spam,uci,False,,4
  403233 - use this to sign in. Never share this code with anyone.,OTP,synthetic,True,Hard_7,0
I only haf msn. It's yijue@hotmail.com,Personal,uci,False,,5
KYC update pending for A/c XX9566. Please visit your nearest Axis Bank branch by 04-06-26 to avoid restrictions.,Bank,synthetic,False,Bank_12,1
Rs.61413 debited from A/c XX4575 on 21-05-26 to Luke. Avl Bal: Rs.111202. -SBI,Bank,synthetic,False,Bank_0,1
ORDER OD5011406632 PACKED AND READY! EXPECTED DISPATCH BY 02 JUL. -MEESHO,Delivery,synthetic,False,Delivery_8,3
Coupon 9869 gives you free delivery on orders above INR 3725. -Flipkart,Promo,synthetic,True,Hard_1,2
Free video camera phones with Half Price line rental for 12 mths and 500 cross ntwk mins 100 txts. Call MobileUpd8 08001950382 or Call2OptOut/674&,Spam,uci,False,,4
"Hello.How u doing?What u been up 2?When will u b moving out of the flat, cos I will need to arrange to pick up the lamp, etc. Take care. Hello caroline!",Personal,uci,False,,5
UPI payment of Rs.33199 to Ishani successful. UPI Ref: 805625639336. -HDFC Bank,Bank,synthetic,False,Bank_6,1
Rs.19277 credited to A/c XX3068 on 16-01-26. Avl Bal: Rs.80703. -Axis Bank -TM,Bank,synthetic,False,Bank_1,1
Your  Uber code: 2649,OTP,synthetic,True,Hard_8,0
I'm done. C ü there.,Personal,uci,False,,5
Data exhausted? Get 1.5GB extra with Rs.1422 booster pack. Dial *121# or visit app.,Promo,synthetic,False,Promo_11,2
134490 is your otp for icici bank login. valid for 2 minutes. do not share with anyone.,OTP,synthetic,False,OTP_0,0
Now that you have started dont stop. Just pray for more good ideas and anything i see that can help you guys i.ll forward you a link.,Personal,uci,False,,5
Your HDFC Bank debit card XX9841 has been blocked due to suspicious activity. Visit branch or call 1800-XXX to unblock. STOP to opt out,Bank,synthetic,False,Bank_11,1
Ur credit card XX8918 statement is ready. Total due: Rs.31799. Min due: Rs.3207. -Axis Bank,Bank,synthetic,False,Bank_5,1
I don't want you to leave. But i'm barely doing what i can to stay sane. fighting with you constantly isn't helping.,Personal,uci,False,,5
mega sale! get 20% off on all products at meesho. shop now: bit.ly/qwsgnx t&c apply.,Promo,synthetic,False,Promo_0,2
Ur Meesho order OD5594420544 has been shipped via Delhivery. Track: bit.ly/mPzUdu,Delivery,synthetic,False,Delivery_0,3
EMI of Rs.18761 due on 16-03-26 for loan A/c XX5781. Pay now to avoid charges. -Kotak STOP to opt out,Bank,synthetic,False,Bank_4,1
Rs.10862 debited from A/c XX2829 on 20-03-26 to Vasatika. Avl Bal: Rs.409908. -PNB,Bank,synthetic,False,Bank_0,1
Missed our shows? Come back to Netflix at 50% off for 3 months Resubscribe: bitly/GWbvLG,Promo,synthetic,False,Promo_19,2
972387 - use this code to sign in to ICICI Bank Never share it with anyone,OTP,synthetic,False,OTP_7,0
Loved your recent Myntra order? Reorder in 1 tap and get 80% off today.,Promo,synthetic,False,Promo_22,2
your credit card xx1313 statement is ready. total due: rs.49344. min due: rs.3631. -pnb,Bank,synthetic,False,Bank_5,1
EMI OF RS.77408 DUE ON 18-02-26 FOR LOAN A/C XX6537. PAY NOW TO AVOID CHARGES. -KOTAK,Bank,synthetic,False,Bank_4,1
GPay: 614357 is your login OTP. It expires in 30 minutes.,OTP,synthetic,False,OTP_6,0
"So you think i should actually talk to him? Not call his boss in the morning? I went to this place last year and he told me where i could go and get my car fixed cheaper. He kept telling me today how much he hoped i would come back in, how he always regretted not getting my number, etc.",Personal,uci,False,,5
Smile in Pleasure Smile in Pain Smile when trouble pours like Rain Smile when sum1 Hurts U Smile becoz SOMEONE still Loves to see u Smiling!!,Personal,uci,False,,5
I've reached sch already...,Personal,uci,False,,5
Work from home! Earn Rs.647257/month. Join: bit.ly/BwWpWx,Spam,synthetic,True,Hard_14,4
Ur order OD5541281346 from Amazon is arriving tomorrow. Keep Rs.2730 ready for COD.,Delivery,synthetic,False,Delivery_3,3
Recharge with Rs.271 & get 40% extra talktime. Offer valid today only!,Promo,synthetic,False,Promo_5,2
Ur balance is now £500. Ur next question is: Who sang 'Uptown Girl' in the 80's ? 2 answer txt ur ANSWER to 83600. Good luck!,Spam,uci,False,,4
Hi! This is Roger from CL. How are you?,Personal,uci,False,,5
"you are sweet as well, princess. Please tell me your likes and dislikes in bed...",Personal,uci,False,,5
  Your one time password is 839369 for Uber. Please do not share it.,OTP,synthetic,False,OTP_5,0
Carlos says we can pick up from him later so yeah we're set,Personal,uci,False,,5
<#>  516660 is your Meesho code. Valid 2 min. hA8sk2Lqp3,OTP,synthetic,False,OTP_13,0
Lol ok. I'll snatch her purse too.,Personal,uci,False,,5
I'm done...,Personal,uci,False,,5
KYC update pending for A/c XX4636. Please visit your nearest BOB branch by 22-02-26 to avoid restrictions.,Bank,synthetic,False,Bank_12,1
INTEREST OF RS.93031 CREDITED TO YOUR FD A/C XX8740. -ICICI BANK,Bank,synthetic,False,Bank_9,1
Shopping? Eh ger i toking abt syd leh...Haha,Personal,uci,False,,5
Interest of Rs.4705 credited to your FD A/c XX5185. -BOB,Bank,synthetic,False,Bank_9,1
delivered! your amazon order od6792387633 was delivered on 03 jul. rate your experience: bit.ly/hayymp,Delivery,synthetic,False,Delivery_2,3
Convert your PNB card purchase of Rs.578 into easy EMIs at 0% interest. Reply YES.,Promo,synthetic,False,Promo_15,2
Have you emigrated or something? Ok maybe 5.30 was a bit hopeful...,Personal,uci,False,,5
BigBasket: 21998 is your login OTP. It expires in 10 minutes.,OTP,synthetic,False,OTP_6,0
"Yeah why not, is the gang all ready",Personal,uci,False,,5
"Thursday night? Yeah, sure thing, we'll work it out then",Personal,uci,False,,5
That seems unnecessarily affectionate,Personal,uci,False,,5
Recharge with Rs.351 & get 40% extra talktime. Offer valid today only!,Promo,synthetic,False,Promo_5,2
Rs.29866 credited to A/c XX5767 on 15-05-26. Avl Bal: Rs.182531. -Kotak,Bank,synthetic,False,Bank_1,1
Ur BigBasket code: 230865,OTP,synthetic,False,OTP_8,0
Your A/c XX2920 is debited with Rs.41393 on 09-05-26 Info: UPI-Chameli Bal: Rs.433857,Bank,synthetic,False,Bank_2,1
"I just lov this line: ""Hurt me with the truth, I don't mind,i wil tolerat.bcs ur my someone..... But, Never comfort me with a lie"" gud ni8 and sweet dreams",Personal,uci,False,,5
What was she looking for?,Personal,uci,False,,5
  240942 is your verification code for Axis Bank. Never share your OTP.,OTP,synthetic,False,OTP_3,0
Irya from DTDC is arriving with ur package. Contact: 05809795732,Delivery,synthetic,False,Delivery_6,3
Dear customer ur Axis Bank account will be blocked! Update KYC now: bit.ly/TzRPrZ T&C apply,Spam,synthetic,True,Hard_11,4
Kind of. Took it to garage. Centre part of exhaust needs replacing. Part ordered n taking it to be fixed tomo morning.,Personal,uci,False,,5
It does it on its own. Most of the time it fixes my spelling. But sometimes it gets a completely diff word. Go figure,Personal,uci,False,,5
Auto-pay of Rs.36873 to Dakshesh is scheduled on 18-01-26 from A/c XX9607. Ensure sufficient balance.,Bank,synthetic,False,Bank_13,1
Cool. I am  &lt;#&gt;  inches long. hope you like them big!,Personal,uci,False,,5
"Sorry,in meeting I'll call later",Personal,uci,False,,5
Low balance alert: A/c XX7200 balance is Rs.77328. Maintain min balance to avoid charges.,Bank,synthetic,False,Bank_10,1
"HOT LIVE FANTASIES call now 08707509020 Just 20p per min NTT Ltd, PO Box 1327 Croydon CR9 5WB 0870 is a national rate call",Spam,uci,False,,4
Work from home! Earn Rs.732064/month. Join: bit.ly/OfDEYB,Spam,synthetic,True,Hard_14,4
  Zomato: Free delivery all weekend! Order your favourites now.,Promo,synthetic,False,Promo_13,2
Rs.19258 debited from A/c XX7013 on 12-05-26 to Rajata. Avl Bal: Rs.20537. -ICICI Bank STOP to opt out,Bank,synthetic,False,Bank_0,1
He didn't see his shadow. We get an early spring yay,Personal,uci,False,,5
"When you get free, call me",Personal,uci,False,,5
Last day! Swiggy clearance sale ends tonight. Up to 80% off sitewide. T&C apply,Promo,synthetic,False,Promo_8,2
Your  credit card XX8988 statement is ready. Total due: Rs.95848. Min due: Rs.3063. -Axis Bank,Bank,synthetic,False,Bank_5,1
Becoz its  &lt;#&gt;  jan whn al the post ofice is in holiday so she cn go fr the post ofice...got it duffer,Personal,uci,False,,5
Hey you told your name to gautham ah?,Personal,uci,False,,5
Exclusive for you! Buy 1 Get 1 FREE at Amazon. Limited period offer. Visit bit.ly/cCrrUz,Promo,synthetic,False,Promo_3,2
Tap to verify: 559098. This code expires shortly.,OTP,synthetic,True,Hard_9,0
405087  - use this to sign in. Never share this code with anyone.,OTP,synthetic,True,Hard_7,0
Just come home. I don't want u to be miserable,Personal,uci,False,,5
"Urgent UR awarded a complimentary trip to EuroDisinc Trav, Aco&Entry41 Or £1000. To claim txt DIS to 87121 18+6*£1.50(moreFrmMob. ShrAcomOrSglSuplt)10, LS1 3AJ",Spam,uci,False,,4
500 free text msgs. Just text ok to 80488 and we'll credit your account,Spam,uci,False,,4
I thought slide is enough.,Personal,uci,False,,5
Salary of Rs.68282 credited to A/c XX3556. Avl Bal: Rs.118336. -Kotak,Bank,synthetic,False,Bank_7,1
Okay but i thought you were the expert,Personal,uci,False,,5
RS.1962 CASHBACK CREDITED TO YOUR PHONEPE WALLET. USE ON YOUR NEXT ORDER.,Promo,synthetic,False,Promo_21,2
EMI of Rs.41898 due on 09-03-26 for loan A/c XX2434. Pay now to avoid charges. -Axis Bank,Bank,synthetic,False,Bank_4,1
"So anyways, you can just go to your gym or whatever, my love *smiles* I hope your ok and having a good day babe ... I miss you so much already",Personal,uci,False,,5
Order OD7362126638 packed and ready! Expected dispatch by 05 Jul. -Meesho -TM,Delivery,synthetic,False,Delivery_8,3
<#> 600542 is your ICICI Bank code. Valid 2 min. hA8sk2Lqp3,OTP,synthetic,False,OTP_13,0
U have a secret admirer who is looking 2 make contact with U-find out who they R*reveal who thinks UR so special-call on 09058094599,Spam,uci,False,,4
<#> 322755 is your Kotak code. Valid 10 min. hA8sk2Lqp3,OTP,synthetic,False,OTP_13,0
I attended but nothing is there.,Personal,uci,False,,5
  Your SonyLIV plan renews on 05 Jul at Rs.761. Upgrade to 4K for Rs.847/month.,Promo,synthetic,False,Promo_18,2
Am i that much dirty fellow?,Personal,uci,False,,5
657775 is your otp for ola login. valid for 15 minutes. do not share with anyone.,OTP,synthetic,False,OTP_0,0
Dear customer ur HDFC Bank account will be blocked! Update KYC now: bit.ly/MVkeOW STOP to opt out,Spam,synthetic,True,Hard_11,4
"  Hi Nandini, unlock Rs.715 off your first order at Flipkart with code NEW20.",Promo,synthetic,False,Promo_7,2
No b4 Thursday,Personal,uci,False,,5
your meesho code: 358582,OTP,synthetic,False,OTP_8,0
Join the UK's horniest Dogging service and u can have sex 2nite!. Just sign up and follow the instructions. Txt ENTRY to 69888 now! Nyt.EC2A.3LP.msg@150p,Spam,uci,False,,4
I dont know oh. Hopefully this month.,Personal,uci,False,,5
You have 4636 reward points expiring on 06 Jul. Redeem on Zomato.,Promo,synthetic,False,Promo_20,2
Your  Jio pack expires tomorrow. Recharge with Rs.425 for 1.5GB/day + unlimited calls.,Promo,synthetic,False,Promo_10,2
your one time password is 597281 for bigbasket. please do not share it.,OTP,synthetic,False,OTP_5,0
Auto-pay of Rs.56456 to Oni is scheduled on 21-01-26 from A/c XX6242. Ensure sufficient balance.,Bank,synthetic,False,Bank_13,1
Convert  your Axis Bank card purchase of Rs.788 into easy EMIs at 0% interest. Reply YES.,Promo,synthetic,False,Promo_15,2
514101  is your verification code for Axis Bank. Never share your OTP.,OTP,synthetic,False,OTP_3,0
Out for delivery: Your Amazon package OD2195175048 will arrive today by 6 PM. -Ekart,Delivery,synthetic,False,Delivery_1,3
I havent add ü yet right.. ,Personal,uci,False,,5
Too late. I said i have the website. I didn't i have or dont have the slippers,Personal,uci,False,,5
"Hi this is Amy, we will be sending you a free phone number in a couple of days, which will give you an access to all the adult parties...",Spam,uci,False,,4
Cheque no. 925120732100 for Rs.1358 has been cleared from A/c XX2891. -HDFC Bank,Bank,synthetic,False,Bank_8,1
Our brand new mobile music service is now live. The free music player will arrive shortly. Just install on your phone to browse content from the top artists.,Spam,uci,False,,4
Why nothing. Ok anyway give me treat,Personal,uci,False,,5
Are there TA jobs available? Let me know please cos i really need to start working,Personal,uci,False,,5
I'm really not up to it still tonight babe,Personal,uci,False,,5
Pls call me da. What happen.,Personal,uci,False,,5
Your Meesho order OD7630032416 has been shipped via DTDC. Track: bit.ly/ffTcXP,Delivery,synthetic,False,Delivery_0,3
Hey are we going for the lo lesson or gym? ,Personal,uci,False,,5
But am going to college pa. What to do. are else ill come there it self. Pa.,Personal,uci,False,,5
  Pay Rs.4403 on delivery for order OD697336181. -XpressBees,Delivery,synthetic,True,Hard_10,3
UPI payment of Rs.76139 to Urvi successful. UPI Ref: 322558338112. -HDFC Bank,Bank,synthetic,False,Bank_6,1
You said not now. No problem. When you can. Let me know.,Personal,uci,False,,5
Yes.mum lookin strong:),Personal,uci,False,,5
"Alright if you're sure, let me know when you're leaving",Personal,uci,False,,5
Your credit card XX5268 statement is ready. Total due: Rs.52710. Min due: Rs.4465. -SBI,Bank,synthetic,False,Bank_5,1
You have 130 reward points expiring on 03 Jul. Redeem on Meesho.,Promo,synthetic,False,Promo_20,2
HUNGRY? GET 70% OFF UP TO RS.52 ON YOUR NEXT 3 ORDERS. CODE: EAT57. -SWIGGY,Promo,synthetic,False,Promo_12,2
Think you sent the text to the home phone. That cant display texts. If you still want to send it his number is,Personal,uci,False,,5
Now am free call me pa.,Personal,uci,False,,5
Hey gals.. Anyone of u going down to e driving centre tmr?,Personal,uci,False,,5
"Oops, I'll let you know when my roommate's done",Personal,uci,False,,5
Congratulations! You won Rs.2057732 in lucky draw. Claim: bit.ly/otjTZv,Spam,synthetic,True,Hard_12,4
1000's of girls many local 2 u who r virgins 2 this & r ready 2 4fil ur every sexual need. Can u 4fil theirs? text CUTE to 69911(£1.50p. m),Spam,uci,False,,4
Salary  of Rs.11674 credited to A/c XX7204. Avl Bal: Rs.151222. -BOB,Bank,synthetic,False,Bank_7,1
have got * few things to do. may be in * pub later.,Personal,uci,False,,5
Your  Amazon order OD5705479888 has been shipped via XpressBees. Track: bit.ly/QScZwW,Delivery,synthetic,False,Delivery_0,3
Its ok my arm is feeling weak cuz i got a shot so we can go another time,Personal,uci,False,,5
He is there. You call and meet him,Personal,uci,False,,5
<#> 326011 is your Amazon code. Valid 5 min. hA8sk2Lqp3 T&C apply,OTP,synthetic,False,OTP_13,0
"Bro send me Rs.2723 on gpay, will return by 06 Jul",Personal,synthetic,True,Hard_5,5
Your Swiggy order OD2345539397 has been shipped via Delhivery. Track: bit.ly/JLAEVw STOP to opt out,Delivery,synthetic,False,Delivery_0,3
"Will u meet ur dream partner soon? Is ur career off 2 a flyng start? 2 find out free, txt HORO followed by ur star sign, e. g. HORO ARIES",Spam,uci,False,,4
Exclusive for you! Buy 1 Get 1 FREE at Zomato. Limited period offer. Visit bit.ly/MIMiKR,Promo,synthetic,False,Promo_3,2
MEGA  SALE! Get 50% OFF on all products at Flipkart. Shop now: bit.ly/wwlRUZ T&C apply.,Promo,synthetic,False,Promo_0,2
"Never  share your OTP, PIN or CVV. HDFC Bank never asks for these. Stay safe.",Bank,synthetic,True,Hard_3,1
Urgent! Please call 09061213237 from a landline. £5000 cash or a 4* holiday await collection. T &Cs SAE PO Box 177 M227XY. 16+,Spam,uci,False,,4
Are you planning to come chennai?,Personal,uci,False,,5
BigBasket: Ur cart misses you! Complete purchase now & get 20% off. bit.ly/yzBCbb,Promo,synthetic,False,Promo_4,2
Hi! You just spoke to MANEESHA V. We'd like to know if you were satisfied with the experience. Reply Toll Free with Yes or No.,Personal,uci,False,,5
"No i'm not. I can't give you everything you want and need. You actually could do better for yourself on yor own--you've got more money than i do. I can't get work, i can't get a man, i can't pay the rent, i can't even fill my fucking gas tank. yes, i'm stressed and depressed. I didn't even call home for thanksgiving cuz i'll have to tell them i,m up to nothing.",Personal,uci,False,,5
Low balance alert: A/c XX7564 balance is Rs.476847. Maintain min balance to avoid charges.,Bank,synthetic,False,Bank_10,1
HUNGRY? GET 70% OFF UP TO RS.1034 ON YOUR NEXT 3 ORDERS. CODE: EAT62. -SWIGGY,Promo,synthetic,False,Promo_12,2
Got c... I lazy to type... I forgot ü in lect... I saw a pouch but like not v nice...,Personal,uci,False,,5
Where do you need to go to get it?,Personal,uci,False,,5
Hey!!! I almost forgot ... Happy B-day babe ! I love ya!!,Personal,uci,False,,5
Cheers for the card ... Is it that time of year already?,Personal,uci,False,,5
Missed our shows? Come back to Prime Video at 50% off for 3 months. Resubscribe: bit.ly/wXUbFb,Promo,synthetic,False,Promo_19,2
FreeMsg Today's the day if you are ready! I'm horny & live in your town. I love sex fun & games! Netcollex Ltd 08700621170150p per msg reply Stop to end,Spam,uci,False,,4
Auto-pay of Rs.27512 to Xavier is scheduled on 15-03-26 from A/c XX3122. Ensure sufficient balance.,Bank,synthetic,False,Bank_13,1
S.i think he is waste for rr..,Personal,uci,False,,5
Delivered! Your Swiggy order OD8658924839 was delivered on 02 Jul. Rate your experience: bit.ly/MJoZWM T&C apply,Delivery,synthetic,False,Delivery_2,3
Pls give her the food preferably pap very slowly with loads of sugar. You can take up to an hour to give it. And then some water. Very very slowly.,Personal,uci,False,,5
No plans yet. What are you doing ?,Personal,uci,False,,5
MEGA SALE! Get 60% OFF on all products at BigBasket Shop now: bitly/UQpUkL T&C apply,Promo,synthetic,False,Promo_0,2
I thank you so much for all you do with selflessness. I love you plenty.,Personal,uci,False,,5
  MEGA SALE! Get 60% OFF on all products at Zomato. Shop now: bit.ly/bVKEYD T&C apply.,Promo,synthetic,False,Promo_0,2
Also that chat was awesome but don't make it regular unless you can see her in person,Personal,uci,False,,5
Cheque no. 616209108937 for Rs.33563 has been cleared from A/c XX2255. -BOB,Bank,synthetic,False,Bank_8,1
work from home! earn rs.843308/month. join: bit.ly/vkzymw,Spam,synthetic,True,Hard_14,4
G-409087 is your Google verification code.,OTP,synthetic,False,OTP_12,0
Rs.49835 debited from A/c XX7176 on 04-04-26 to Falak. Avl Bal: Rs.34662. -SBI STOP to opt out,Bank,synthetic,False,Bank_0,1
Your credit card XX7428 statement is ready. Total due: INR 42981. Min due: INR 3750. -HDFC Bank,Bank,synthetic,False,Bank_5,1
Dear customer ur SBI account will be blocked! Update KYC now: bit.ly/waTYMp,Spam,synthetic,True,Hard_11,4
Tap to verify: 683641. This code expires shortly.,OTP,synthetic,True,Hard_9,0
UPI payment of Rs.8311 to Zehaan successful. UPI Ref: 869619602226. -ICICI Bank,Bank,synthetic,False,Bank_6,1
"Thank you so much. When we skyped wit kz and sura, we didnt get the pleasure of your company. Hope you are good. We've given you ultimatum oh! We are countin down to aburo. Enjoy!",Personal,uci,False,,5
DELIVERY ATTEMPT FAILED FOR ORDER OD5056063321. WE WILL RETRY TOMORROW. -DELHIVERY,Delivery,synthetic,False,Delivery_5,3
UPI payment of Rs.69210 to Janani successful. UPI Ref: 371348770726. -SBI,Bank,synthetic,False,Bank_6,1
  Cheque no. 920517032369 for Rs.49512 has been cleared from A/c XX2326. -HDFC Bank,Bank,synthetic,False,Bank_8,1
Haha okay... Today weekend leh... ,Personal,uci,False,,5
Flight fares dropped! BOM-LKO from Rs.1895 Book on Goibibo before midnight,Promo,synthetic,False,Promo_16,2
Rs.77966 debited from A/c XX7705 on 14-01-26 to Hemang Avl Bal: Rs.257110 -SBI,Bank,synthetic,False,Bank_0,1
  Your Vi pack expires tomorrow. Recharge with Rs.1224 for 1GB/day + unlimited calls.,Promo,synthetic,False,Promo_10,2
Oh shut it. Omg yesterday I had a dream that I had 2 kids both boys. I was so pissed. Not only about the kids but them being boys. I even told mark in my dream that he was changing diapers cause I'm not getting owed in the face.,Personal,uci,False,,5
Huh but i got lesson at 4 lei n i was thinkin of going to sch earlier n i tot of parkin at kent vale...  ,Personal,uci,False,,5
"Thanks for your ringtone order, reference number X49.Your mobile will be charged 4.50. Should your tone not arrive please call customer services 09065989182",Spam,uci,False,,4
Ugh fuck it I'm resubbing to eve,Personal,uci,False,,5
<#> 830356 is your Meesho code. Valid 30 min. hA8sk2Lqp3,OTP,synthetic,False,OTP_13,0
Out for delivery: Your Myntra package OD2499793790 will arrive today by 12 PM. -Delhivery,Delivery,synthetic,False,Delivery_1,3
zomato big billion days! up to 20% off + extra 10% with hdfc bank cards. hurry!,Promo,synthetic,False,Promo_1,2
248892 is your OTP for Zomato login. Valid for 15 minutes. Do not share with anyone.,OTP,synthetic,False,OTP_0,0
"Aight, text me tonight and we'll see what's up",Personal,uci,False,,5
Congratulations! You won Rs.1481158 in lucky draw. Claim: bit.ly/wISlFR,Spam,synthetic,True,Hard_12,4
Enter 359415 to verify your mobile number for Meesho.,OTP,synthetic,False,OTP_10,0
Aight ill get on fb in a couple minutes,Personal,uci,False,,5
I wont. So wat's wit the guys,Personal,uci,False,,5
Tap to verify: 725409. This code expires shortly.,OTP,synthetic,True,Hard_9,0
I love to give massages. I use lots of baby oil... What is your fave position?,Personal,uci,False,,5
Data exhausted? Get 1.5GB extra with Rs.1305 booster pack. Dial *121# or visit app.,Promo,synthetic,False,Promo_11,2
  Kotak: 256399 is your login OTP. It expires in 15 minutes.,OTP,synthetic,False,OTP_6,0
Amazon: 518689 is your login OTP. It expires in 30 minutes.,OTP,synthetic,False,OTP_6,0
K..u also dont msg or reply to his msg..,Personal,uci,False,,5
dear customer ur hdfc bank account will be blocked! update kyc now: bit.ly/wybnyv,Spam,synthetic,True,Hard_11,4
PRIVATE! Your 2003 Account Statement for <fone no> shows 800 un-redeemed S. I. M. points. Call 08715203656 Identifier Code: 42049 Expires 26/10/04,Spam,uci,False,,4
<#> 288849 is your PNB code. Valid 15 min. hA8sk2Lqp3,OTP,synthetic,False,OTP_13,0
What is your record for one night? :),Personal,uci,False,,5
your hotstar plan renews on 01 jul at rs.899. upgrade to 4k for rs.737/month.,Promo,synthetic,False,Promo_18,2
Ok set let u noe e details later...,Personal,uci,False,,5
I'm meeting Darren...,Personal,uci,False,,5
It didnt work again oh. Ok goodnight then. I.ll fix and have it ready by the time you wake up. You are very dearly missed have a good night sleep.,Personal,uci,False,,5
Its hard to believe things like this. All can say lie but think twice before saying anything to me.,Personal,uci,False,,5
<#> 156875 is your Paytm code. Valid 30 min. hA8sk2Lqp3 -TM,OTP,synthetic,False,OTP_13,0
 what number do u live at? Is it 11?,Personal,uci,False,,5
933092 - use this to sign in. never share this code with anyone.,OTP,synthetic,True,Hard_7,0
How are you babes. Hope your doing ok. I had a shit nights sleep. I fell asleep at 5.Im knackered and im dreading work tonight. What are thou upto tonight. X,Personal,uci,False,,5
Flight fares dropped! DEL-PNQ from Rs.472. Book on Goibibo before midnight.,Promo,synthetic,False,Promo_16,2
OTP for delivery of order OD4020017860 is 8621 Share only with the delivery agent -BlueDart,Delivery,synthetic,False,Delivery_9,3
  Last day! Myntra clearance sale ends tonight. Up to 80% off sitewide.,Promo,synthetic,False,Promo_8,2
Items in your order history are back in stock at Amazon. Prices start Rs.618.,Promo,synthetic,False,Promo_23,2
Samarth from BlueDart is arriving with your package. Contact: +918319477803,Delivery,synthetic,False,Delivery_6,3
Ya even those cookies have jelly on them,Personal,uci,False,,5
Low  balance alert: A/c XX4324 balance is Rs.402786. Maintain min balance to avoid charges.,Bank,synthetic,False,Bank_10,1
I was up all night too worrying about this appt. It's a shame we missed a girls night out with quizzes popcorn and you doing my hair.,Personal,uci,False,,5
Ur FD of Rs.53530 matures on 02-07-26. Renew or withdraw via netbanking. -PNB,Bank,synthetic,False,Bank_14,1
RECHARGE WITH RS.1363 & GET 50% EXTRA TALKTIME. OFFER VALID TODAY ONLY!,Promo,synthetic,False,Promo_5,2
KYC update pending for A/c XX9331. Please visit your nearest ICICI Bank branch by 22-01-26 to avoid restrictions. -TM,Bank,synthetic,False,Bank_12,1
Hungry? Get 10% off up to Rs.957 on your next 3 orders. Code: EAT94. -Swiggy,Promo,synthetic,False,Promo_12,2
  Last day! Myntra clearance sale ends tonight. Up to 40% off sitewide.,Promo,synthetic,False,Promo_8,2
How i noe... She's in da car now... Later then c lar... I'm wearing shorts...,Personal,uci,False,,5
EMI of Rs.38014 due on 22-04-26 for loan A/c XX8178. Pay now to avoid charges. -ICICI Bank,Bank,synthetic,False,Bank_4,1
My drive can only be read. I need to write,Personal,uci,False,,5
UPI  payment of Rs.86271 to Baljiwan successful. UPI Ref: 239998475413. -SBI,Bank,synthetic,False,Bank_6,1
"Hi Rachana, unlock Rs.832 off your first order at Zomato with code NEW19.",Promo,synthetic,False,Promo_7,2
  Recharge with Rs.1726 & get 40% extra talktime. Offer valid today only!,Promo,synthetic,False,Promo_5,2
"Bro send me Rs.4877 on gpay, will return by 03 Jul",Personal,synthetic,True,Hard_5,5
  Your A/c XX7444 is debited with Rs.56870 on 10-04-26. Info: UPI-Avni. Bal: Rs.490765,Bank,synthetic,False,Bank_2,1
Thanx 4 sending me home...,Personal,uci,False,,5
"My painful personal thought- ""I always try to keep everybody happy all the time. But nobody recognises me when i am alone""",Personal,uci,False,,5
Your credit card XX6749 statement is ready. Total due: INR 92217. Min due: INR 4875. -PNB,Bank,synthetic,False,Bank_5,1
auto-pay of rs.26114 to george is scheduled on 07-01-26 from a/c xx5743. ensure sufficient balance.,Bank,synthetic,False,Bank_13,1
We have new local dates in your area - Lots of new people registered in YOUR AREA. Reply DATE to start now! 18 only www.flirtparty.us REPLYS150,Spam,uci,False,,4
Ur Uber code: 2007,OTP,synthetic,True,Hard_8,0
Your Uber code: 2340 -TM,OTP,synthetic,True,Hard_8,0
  UPI payment of Rs.47349 to Zansi successful. UPI Ref: 562011648190. -HDFC Bank,Bank,synthetic,False,Bank_6,1
swiggy: 200397 is your login otp. it expires in 5 minutes.,OTP,synthetic,False,OTP_6,0
PhonePe: 428474 is your login OTP. It expires in 15 minutes. -TM,OTP,synthetic,False,OTP_6,0
if you text on your way to cup stop that should work. And that should be BUS,Personal,uci,False,,5
your a/c xx3940 is debited with rs.90724 on 16-04-26. info: upi-yatin. bal: rs.38067,Bank,synthetic,False,Bank_2,1
flight fares dropped! del-ccu from rs.582. book on ixigo before midnight.,Promo,synthetic,False,Promo_16,2
Delivery attempt failed for order OD8583517896. We will retry tomorrow. -DTDC,Delivery,synthetic,False,Delivery_5,3
Use  74688 to complete your Amazon registration. Valid till 15 mins.,OTP,synthetic,False,OTP_4,0
Free entry in 2 a weekly comp for a chance to win an ipod. Txt POD to 80182 to get entry (std txt rate) T&C's apply 08452810073 for details 18+,Spam,uci,False,,4
KYC  update pending for A/c XX7418. Please visit your nearest Axis Bank branch by 04-01-26 to avoid restrictions.,Bank,synthetic,False,Bank_12,1
No..jst change tat only..,Personal,uci,False,,5
You have 4833 reward points expiring on 04 Jul. Redeem on BigBasket.,Promo,synthetic,False,Promo_20,2
"Hi Mitesh, unlock INR 362 off your first order at BigBasket with code NEW24.",Promo,synthetic,False,Promo_7,2
Please tell me not all of my car keys are in your purse,Personal,uci,False,,5
Ok lor... Or u wan me go look 4 u?,Personal,uci,False,,5
442518 - use this code to sign in to Amazon. Never share it with anyone.,OTP,synthetic,False,OTP_7,0
  708192 is your OTP for Amazon login. Valid for 2 minutes. Do not share with anyone.,OTP,synthetic,False,OTP_0,0
K..k..any special today?,Personal,uci,False,,5
981619 - use this to sign in Never share this code with anyone,OTP,synthetic,True,Hard_7,0
661507 - use this code to sign in to Kotak. Never share it with anyone.,OTP,synthetic,False,OTP_7,0
"Hey, my new number is +917635634114. Save it! Meet at 8?",Personal,synthetic,True,Hard_4,5
  Rs.76800 debited from A/c XX4146 on 07-05-26 to Peter. Avl Bal: Rs.468831. -HDFC Bank,Bank,synthetic,False,Bank_0,1
  Cheque no. 746414573452 for Rs.82212 has been cleared from A/c XX7139. -Axis Bank,Bank,synthetic,False,Bank_8,1
Ok... Take ur time n enjoy ur dinner...,Personal,uci,False,,5
Your ICICI Bank debit card XX9533 has been blocked due to suspicious activity Visit branch or call 1800-XXX to unblock,Bank,synthetic,False,Bank_11,1
MEESHO BIG BILLION DAYS! UP TO 40% OFF + EXTRA 10% WITH AXIS BANK CARDS. HURRY!,Promo,synthetic,False,Promo_1,2
How much u trying to get?,Personal,uci,False,,5
Me too watching surya movie only. . .after 6 pm vijay movie POKKIRI,Personal,uci,False,,5
Delivered!  Your Amazon order OD3022911235 was delivered on 05 Jul. Rate your experience: bit.ly/yDbghj,Delivery,synthetic,False,Delivery_2,3
Don't necessarily expect it to be done before you get back though because I'm just now headin out,Personal,uci,False,,5
Sex up ur mobile with a FREE sexy pic of Jordan! Just text BABE to 88600. Then every wk get a sexy celeb! PocketBabe.co.uk 4 more pics. 16 £3/wk 087016248,Spam,uci,False,,4
"Bro send me INR 1799 on gpay, will return by 05 Jul",Personal,synthetic,True,Hard_5,5
Dear customer ur HDFC Bank account will be blocked! Update KYC now: bit.ly/RvTbcx,Spam,synthetic,True,Hard_11,4
Congratulations!  You won Rs.67694 in lucky draw. Claim: bit.ly/fYBmqh,Spam,synthetic,True,Hard_12,4
"Hello darling how are you today? I would love to have a chat, why dont you tell me what you look like and what you are in to sexy?",Spam,uci,False,,4
RS.313 CASHBACK CREDITED TO YOUR AMAZON PAY WALLET. USE ON YOUR NEXT ORDER.,Promo,synthetic,False,Promo_21,2
"[…] anyway, many good evenings to u! s",Personal,uci,False,,5
Your Hotstar plan renews on 02 Jul at Rs.1808. Upgrade to 4K for Rs.768/month. T&C apply,Promo,synthetic,False,Promo_18,2
I know she called me,Personal,uci,False,,5
Your A/c XX2817 is debited with Rs.23175 on 26-03-26. Info: UPI-Gayathri. Bal: Rs.222519,Bank,synthetic,False,Bank_2,1
Your Uber code: 8473,OTP,synthetic,True,Hard_8,0
U sick still can go shopping?,Personal,uci,False,,5
Would you like to see my XXX pics they are so hot they were nearly banned in the uk!,Spam,uci,False,,4
"Easy mate, * guess the quick drink was bit ambitious.",Personal,uci,False,,5
Kothi print out marandratha.,Personal,uci,False,,5
Delivered!  Your BigBasket order OD3036363438 was delivered on 02 Jul. Rate your experience: bit.ly/WTyHVC,Delivery,synthetic,False,Delivery_2,3
"CAN I PLEASE COME UP NOW IMIN TOWN.DONTMATTER IF URGOIN OUTL8R,JUST REALLYNEED 2DOCD.PLEASE DONTPLEASE DONTIGNORE MYCALLS,U NO THECD ISV.IMPORTANT TOME 4 2MORO",Personal,uci,False,,5
PRIVATE! Your 2003 Account Statement for 07753741225 shows 800 un-redeemed S. I. M. points. Call 08715203677 Identifier Code: 42478 Expires 24/10/04,Spam,uci,False,,4
Your Amazon membership expires soon. Renew now & save 10%: bit.ly/KxmWTl,Promo,synthetic,False,Promo_9,2
am up to my eyes in philosophy,Personal,uci,False,,5
YOUR BIGBASKET ORDER OD5465421870 HAS BEEN SHIPPED VIA DTDC. TRACK: BIT.LY/LEJTQU,Delivery,synthetic,False,Delivery_0,3
your a/c xx9612 is debited with rs.16974 on 04-07-26. info: upi-omaja. bal: rs.168789,Bank,synthetic,False,Bank_2,1
"Hey sorry I didntgive ya a a bellearlier hunny,just been in bedbut mite go 2 thepub l8tr if uwana mt up?loads a luv Jenxxx.",Personal,uci,False,,5
After completed degree. There is no use in joining finance.,Personal,uci,False,,5
"Sorry vikky, i'm Watching olave mandara movie kano in trishul theatre wit my frnds..",Personal,uci,False,,5
Convert your PNB card purchase of Rs.858 into easy EMIs at 0% interest. Reply YES.,Promo,synthetic,False,Promo_15,2
PRATYUSH FROM BLUEDART IS ARRIVING WITH YOUR PACKAGE. CONTACT: 1233081813,Delivery,synthetic,False,Delivery_6,3
From tomorrow onwards eve 6 to 3 work.,Personal,uci,False,,5
"A boy was late 2 home. His father: ""POWER OF FRNDSHIP""",Personal,uci,False,,5
Missed our shows? Come back to Hotstar at 50% off for 3 months. Resubscribe: bit.ly/ulzvKv STOP to opt out,Promo,synthetic,False,Promo_19,2
RS.85209 CREDITED TO A/C XX7563 ON 20-03-26. AVL BAL: RS.405634. -SBI,Bank,synthetic,False,Bank_1,1
Congratulations! U won Rs.159249 in lucky draw. Claim: bit.ly/zXceUZ,Spam,synthetic,True,Hard_12,4
207669 - use this code to sign in to kotak. never share it with anyone.,OTP,synthetic,False,OTP_7,0
Your A/c XX5671 is debited with INR 33597 on 18-04-26. Info: UPI-Kritika. Bal: INR 212185,Bank,synthetic,False,Bank_2,1
Interest of Rs.65190 credited to ur FD A/c XX1288. -HDFC Bank,Bank,synthetic,False,Bank_9,1
You  have 4063 reward points expiring on 06 Jul. Redeem on Amazon.,Promo,synthetic,False,Promo_20,2
CHEERS FOR CALLIN BABE.SOZI CULDNT TALKBUT I WANNATELL U DETAILS LATER WENWECAN CHAT PROPERLY X,Personal,uci,False,,5
Use 224133 to complete your Netflix registration. Valid till 15 mins. -TM,OTP,synthetic,False,OTP_4,0
Use code 5126 at checkout for 50% off at Flipkart!,Promo,synthetic,True,Hard_0,2
What your plan for pongal?,Personal,uci,False,,5
Exclusive for you! Buy 1 Get 1 FREE at Myntra. Limited period offer. Visit bit.ly/UzjwfR,Promo,synthetic,False,Promo_3,2
"Hi Ranbir, unlock Rs.1425 off ur first order at Swiggy with code NEW47.",Promo,synthetic,False,Promo_7,2
Hope you are having a good week. Just checking in,Personal,uci,False,,5
These won't do. Have to move on to morphine,Personal,uci,False,,5
  Interest of Rs.66129 credited to your FD A/c XX7204. -HDFC Bank,Bank,synthetic,False,Bank_9,1
Jamster! To get your free wallpaper text HEART to 88888 now! T&C apply. 16 only. Need Help? Call 08701213186.,Spam,uci,False,,4
Where can download clear movies. Dvd copies.,Personal,uci,False,,5
Ok ok take care. I can understand.,Personal,uci,False,,5
Rs.1998 cashback credited to your Amazon Pay wallet. Use on your next order.,Promo,synthetic,False,Promo_21,2
G-520958 IS YOUR GOOGLE VERIFICATION CODE.,OTP,synthetic,False,OTP_12,0
"Hey, my new number is +918650757717. Save it! Meet at noon?",Personal,synthetic,True,Hard_4,5
You got called a tool?,Personal,uci,False,,5
Wat r u doing now?,Personal,uci,False,,5
OTP for delivery of order OD5995073532 is 2251. Share only with the delivery agent. -Delhivery,Delivery,synthetic,False,Delivery_9,3
Flight fares dropped! BLR-LKO from Rs.1597. Book on Goibibo before midnight.,Promo,synthetic,False,Promo_16,2
Low balance alert: A/c XX2381 balance is Rs.106624. Maintain min balance to avoid charges.,Bank,synthetic,False,Bank_10,1
Flight  fares dropped! BLR-MAA from Rs.307. Book on ixigo before midnight.,Promo,synthetic,False,Promo_16,2
Great. Never been better. Each day gives even more reasons to thank God,Personal,uci,False,,5
MEGA SALE! Get 80% OFF on all products at Meesho. Shop now: bit.ly/CrcWpn T&C apply.,Promo,synthetic,False,Promo_0,2
I couldn't say no as he is a dying man and I feel sad for him so I will go and I just wanted you to know I would probably be gone late into your night,Personal,uci,False,,5
You have 1185 reward points expiring on 06 Jul Redeem on Amazon,Promo,synthetic,False,Promo_20,2
Dear customer ur SBI account will be blocked! Update KYC now: bit.ly/zNslUw,Spam,synthetic,True,Hard_11,4
Hey i'm bored... So i'm thinking of u... So wat r u doing?,Personal,uci,False,,5
Was the actual exam harder than NBME,Personal,uci,False,,5
Miserable. They don't tell u that the side effects of birth control are massive gut wrenching cramps for the first 2 months. I didn't sleep at all last night.,Personal,uci,False,,5
"Hi Ikshita, unlock INR 581 off your first order at BigBasket with code NEW20.",Promo,synthetic,False,Promo_7,2
Finish already... Yar they keep saying i mushy... I so embarrassed ok...,Personal,uci,False,,5
Your one time password is 871769 for BigBasket. Please do not share it.,OTP,synthetic,False,OTP_5,0
Rs.1127 cashback credited to your PhonePe wallet Use on your next order,Promo,synthetic,False,Promo_21,2
rs.22328 debited from a/c xx9021 on 04-05-26 to anjali. avl bal: rs.19203. -kotak,Bank,synthetic,False,Bank_0,1
"Hey, my new number is 4715834791. Save it! Meet at 6pm?",Personal,synthetic,True,Hard_4,5
  224399 is your verification code for Hotstar. Never share your OTP.,OTP,synthetic,False,OTP_3,0
"Double mins and txts 4 6months FREE Bluetooth on Orange. Available on Sony, Nokia Motorola phones. Call MobileUpd8 on 08000839402 or call2optout/N9DX",Spam,uci,False,,4
OTP  for delivery of order OD5249206081 is 9716. Share only with the delivery agent. -Delhivery,Delivery,synthetic,False,Delivery_9,3
Flipkart: Your cart misses you! Complete purchase now & get 60% off. bit.ly/OUaXXX,Promo,synthetic,False,Promo_4,2
"Yo, I'm at my parents' gettin cash. Good news: we picked up a downstem",Personal,uci,False,,5
Data exhausted? Get 2GB extra with Rs.707 booster pack. Dial *121# or visit app.,Promo,synthetic,False,Promo_11,2
"UpgrdCentre Orange customer, you may now claim your FREE CAMERA PHONE upgrade for your loyalty. Call now on 0207 153 9153. Offer ends 26th July. T&C's apply. Opt-out available",Spam,uci,False,,4
Hello madam how are you ?,Personal,uci,False,,5
"Dude u knw also telugu..thts gud..k, gud nyt..",Personal,uci,False,,5
Is ur paper today in e morn or aft?,Personal,uci,False,,5
Order OD3458070395 packed and ready! Expected dispatch by 06 Jul. -Zomato,Delivery,synthetic,False,Delivery_8,3
WOT U WANNA DO THEN MISSY?,Personal,uci,False,,5
"Never share your OTP, PIN or CVV Axis Bank never asks for these Stay safe",Bank,synthetic,True,Hard_3,1
I anything lor.,Personal,uci,False,,5
"Okey doke. I'm at home, but not dressed cos laying around ill! Speak to you later bout times and stuff. ",Personal,uci,False,,5
Ur one time password is 134456 for Axis Bank. Please do not share it.,OTP,synthetic,False,OTP_5,0
Enter 627574 to verify ur mobile number for ICICI Bank.,OTP,synthetic,False,OTP_10,0
Salary of Rs.70266 credited to A/c XX8026. Avl Bal: Rs.97089. -PNB,Bank,synthetic,False,Bank_7,1
Items  in your order history are back in stock at Amazon. Prices start Rs.823.,Promo,synthetic,False,Promo_23,2
your vi pack expires tomorrow. recharge with rs.1887 for 1gb/day + unlimited calls.,Promo,synthetic,False,Promo_10,2
Please call Amanda with regard to renewing or upgrading your current T-Mobile handset free of charge. Offer ends today. Tel 0845 021 3680 subject to T's and C's,Spam,uci,False,,4
He neva grumble but i sad lor... Hee... Buy tmr lor aft lunch. But we still meetin 4 lunch tmr a not. Neva hear fr them lei. Ü got a lot of work ar?,Personal,uci,False,,5
Thanks love. But am i doing torch or bold.,Personal,uci,False,,5
Bachittar from BlueDart is arriving with your package. Contact: 05605169287,Delivery,synthetic,False,Delivery_6,3
Ur one time password is 490851 for Axis Bank. Please do not share it.,OTP,synthetic,False,OTP_5,0
"It‘s reassuring, in this crazy world.",Personal,uci,False,,5
Data exhausted? Get 1.5GB extra with Rs.376 booster pack. Dial *121# or visit app.,Promo,synthetic,False,Promo_11,2
Your order OD8529979437 from Myntra is arriving tomorrow. Keep INR 2714 ready for COD.,Delivery,synthetic,False,Delivery_3,3
Dear  customer ur SBI account will be blocked! Update KYC now: bit.ly/NmCSEN,Spam,synthetic,True,Hard_11,4
rs.724 cashback credited to your phonepe wallet. use on your next order.,Promo,synthetic,False,Promo_21,2
"Hottest pics straight to your phone!! See me getting Wet and Wanting, just for you xx Text PICS to 89555 now! txt costs 150p textoperator g696ga 18 XxX",Spam,uci,False,,4
Gam gone after outstanding innings.,Personal,uci,False,,5
Not yet had..ya sapna aunty manege y'day hogidhe..chinnu full weak and swalpa black agidhane..,Personal,uci,False,,5
K..k...from tomorrow onwards started ah?,Personal,uci,False,,5
GPay: 7994 is your login OTP. It expires in 30 minutes.,OTP,synthetic,False,OTP_6,0
Data exhausted? Get 2GB extra with Rs.986 booster pack. Dial *121# or visit app.,Promo,synthetic,False,Promo_11,2
"Hey, my new number is 06420184983. Save it! Meet at tonight?",Personal,synthetic,True,Hard_4,5
Yeah confirmed for you staying at  that weekend,Personal,uci,False,,5
coupon 5221 gives you free delivery on orders above rs.4725. -amazon,Promo,synthetic,True,Hard_1,2
Hungry? Get 20% off up to Rs.506 on your next 3 orders. Code: EAT36. -Swiggy,Promo,synthetic,False,Promo_12,2
Your order OD6744587436 from Meesho is arriving tomorrow. Keep Rs.725 ready for COD.,Delivery,synthetic,False,Delivery_3,3
Missed our shows? Come back to Prime Video at 50% off for 3 months. Resubscribe: bit.ly/ehbiAl,Promo,synthetic,False,Promo_19,2
"Hi Harrison, unlock INR 995 off your first order at Amazon with code NEW50.",Promo,synthetic,False,Promo_7,2
EMI of Rs.16905 due on 03-06-26 for loan A/c XX2289. Pay now to avoid charges. -Axis Bank -TM,Bank,synthetic,False,Bank_4,1
Hungry? Get 20% off up to Rs.789 on your next 3 orders. Code: EAT34. -Zomato,Promo,synthetic,False,Promo_12,2
My exam is for february 4. Wish you a great day.,Personal,uci,False,,5
I love to cuddle! I want to hold you in my strong arms right now...,Personal,uci,False,,5
Delivered! Your Zomato order OD5837096246 was delivered on 02 Jul. Rate your experience: bit.ly/GkqpRn,Delivery,synthetic,False,Delivery_2,3
"Just wondering, the others just took off",Personal,uci,False,,5
"Probably not, still going over some stuff here",Personal,uci,False,,5
You  have 4149 reward points expiring on 05 Jul. Redeem on Amazon.,Promo,synthetic,False,Promo_20,2
Cbe is really good nowadays:)lot of shop and showrooms:)city is shaping good.,Personal,uci,False,,5
280732 is your PhonePe security code. Anyone asking for it is a scammer.,OTP,synthetic,False,OTP_9,0
Use 841687 to complete your IRCTC registration. Valid till 5 mins.,OTP,synthetic,False,OTP_4,0
Exclusive for you! Buy 1 Get 1 FREE at Meesho. Limited period offer. Visit bit.ly/igPrpL,Promo,synthetic,False,Promo_3,2
MEGA SALE! Get 60% OFF on all products at Flipkart. Shop now: bit.ly/OXDTNj T&C apply.,Promo,synthetic,False,Promo_0,2
Axis Bank: 179125 is ur login OTP. It expires in 30 minutes.,OTP,synthetic,False,OTP_6,0
"Hi Samar, unlock Rs.1637 off your first order at Zomato with code NEW98.",Promo,synthetic,False,Promo_7,2
recharge with rs.798 & get 30% extra talktime. offer valid today only!,Promo,synthetic,False,Promo_5,2
Delivered! Your Swiggy order OD7546750612 was delivered on 05 Jul. Rate your experience: bit.ly/fHLSsR,Delivery,synthetic,False,Delivery_2,3
December only! Had your mobile 11mths+? You are entitled to update to the latest colour camera mobile for Free! Call The Mobile Update Co FREE on 08002986906,Spam,uci,False,,4
Rs.1413 cashback credited to your Amazon Pay wallet. Use on your next order. -TM,Promo,synthetic,False,Promo_21,2
I notice you like looking in the shit mirror youre turning into a right freak,Personal,uci,False,,5
730498 - use this to sign in. Never share this code with anyone.,OTP,synthetic,True,Hard_7,0
Use 127074 to complete your Netflix registration. Valid till 10 mins.,OTP,synthetic,False,OTP_4,0
<#> 986137 is your Meesho code. Valid 10 min. hA8sk2Lqp3,OTP,synthetic,False,OTP_13,0
Enter 922110 to verify your mobile number for GPay.,OTP,synthetic,False,OTP_10,0
OTP for delivery of order OD1814858230 is 5102. Share only with the delivery agent. -Delhivery,Delivery,synthetic,False,Delivery_9,3
OTP for delivery of order OD4129629798 is 5610. Share only with the delivery agent. -DTDC,Delivery,synthetic,False,Delivery_9,3
"Hello. Sort of out in town already. That . So dont rush home, I am eating nachos. Will let you know eta.",Personal,uci,False,,5
DEAR CUSTOMER UR KOTAK ACCOUNT WILL BE BLOCKED! UPDATE KYC NOW: BIT.LY/RNTVFE,Spam,synthetic,True,Hard_11,4
Ok u can take me shopping when u get paid =D,Personal,uci,False,,5
"No I'm good for the movie, is it ok if I leave in an hourish?",Personal,uci,False,,5
How much is torch in 9ja.,Personal,uci,False,,5
OTP FOR DELIVERY OF ORDER OD6020005267 IS 5109. SHARE ONLY WITH THE DELIVERY AGENT. -DELHIVERY,Delivery,synthetic,False,Delivery_9,3
"Bro send me Rs.3868 on gpay, will return by 04 Jul",Personal,synthetic,True,Hard_5,5
"I know you are thinkin malaria. But relax, children cant handle malaria. She would have been worse and its gastroenteritis. If she takes enough to replace her loss her temp will reduce. And if you give her malaria meds now she will just vomit. Its a self limiting illness she has which means in a few days it will completely stop",Personal,uci,False,,5
G-126577 is your Google verification code.,OTP,synthetic,False,OTP_12,0
UPI payment of Rs.60615 to Sanya successful UPI Ref: 149437214333 -Kotak,Bank,synthetic,False,Bank_6,1
235854 is your Zomato security code. Anyone asking for it is a scammer.,OTP,synthetic,False,OTP_9,0
If I die I want u to have all my stuffs.,Personal,uci,False,,5
Networking job is there.,Personal,uci,False,,5
"Yo, you at jp and hungry like a mofo?",Personal,uci,False,,5
I'm always looking for an excuse to be in the city.,Personal,uci,False,,5
See? I thought it all through,Personal,uci,False,,5
U R THE MOST BEAUTIFUL GIRL IVE EVER SEEN. U R MY BABY COME AND C ME IN THE COMMON ROOM,Personal,uci,False,,5
RS.46444 CREDITED TO A/C XX5174 ON 08-01-26. AVL BAL: RS.206593. -AXIS BANK,Bank,synthetic,False,Bank_1,1
Delivered! Your Myntra order OD8206663011 was delivered on 02 Jul. Rate your experience: bit.ly/yfMDji,Delivery,synthetic,False,Delivery_2,3
"YOU VE WON! Your 4* Costa Del Sol Holiday or £5000 await collection. Call 09050090044 Now toClaim. SAE, TC s, POBox334, Stockport, SK38xh, Cost£1.50/pm, Max10mins",Spam,uci,False,,4
Alrite jod hows the revision goin? Keris bin doin a smidgin. N e way u wanna cum over after college?xx,Personal,uci,False,,5
Kinda. First one gets in at twelve! Aah. Speak tomo,Personal,uci,False,,5
Ur Uber code: 1063,OTP,synthetic,True,Hard_8,0
DELIVERED! YOUR FLIPKART ORDER OD4650795018 WAS DELIVERED ON 04 JUL. RATE YOUR EXPERIENCE: BIT.LY/BIBCVU,Delivery,synthetic,False,Delivery_2,3
518058 is your OTP for BigBasket login. Valid for 10 minutes. Do not share with anyone.,OTP,synthetic,False,OTP_0,0
No shoot me. I'm in the docs waiting room. :/,Personal,uci,False,,5
How. Its a little difficult but its a simple way to enter this place,Personal,uci,False,,5
EMI of Rs.48655 due on 15-01-26 for loan A/c XX2110. Pay now to avoid charges. -SBI -TM,Bank,synthetic,False,Bank_4,1
cheque no. 539480316985 for rs.88406 has been cleared from a/c xx2065. -pnb,Bank,synthetic,False,Bank_8,1
Your  order OD6077432807 from Swiggy is arriving tomorrow. Keep Rs.2406 ready for COD.,Delivery,synthetic,False,Delivery_3,3
Axis Bank: 906563 is your login OTP It expires in 2 minutes,OTP,synthetic,False,OTP_6,0
G-438347 IS YOUR GOOGLE VERIFICATION CODE.,OTP,synthetic,False,OTP_12,0
Interest of INR 51583 credited to your FD A/c XX2506. -SBI,Bank,synthetic,False,Bank_9,1
Actually i'm waiting for 2 weeks when they start putting ad.,Personal,uci,False,,5
Rs.5619 credited to A/c XX4057 on 01-01-26. Avl Bal: Rs.405927. -PNB,Bank,synthetic,False,Bank_1,1
Use 21352 to complete your Kotak registration. Valid till 2 mins.,OTP,synthetic,False,OTP_4,0
  Hungry? Get 60% off up to Rs.1837 on your next 3 orders. Code: EAT50. -Zomato,Promo,synthetic,False,Promo_12,2
Congratulations! You won Rs.2135636 in lucky draw. Claim: bit.ly/Qsehrg,Spam,synthetic,True,Hard_12,4
Work from home! Earn Rs.1871468/month. Join: bit.ly/qCYGmL -TM,Spam,synthetic,True,Hard_14,4
258973 is your verification code for Kotak Never share your OTP,OTP,synthetic,False,OTP_3,0
"If i let you do this, i want you in the house by 8am.",Personal,uci,False,,5
Order OD1852367735 packed and ready! Expected dispatch by 06 Jul. -Amazon T&C apply,Delivery,synthetic,False,Delivery_8,3
Thats cool princess! I will cover your face in hot sticky cum :),Personal,uci,False,,5
Use 338866 to complete ur Netflix registration. Valid till 10 mins.,OTP,synthetic,False,OTP_4,0
Salary of Rs.35378 credited to A/c XX8593 Avl Bal: Rs.462223 -HDFC Bank,Bank,synthetic,False,Bank_7,1
Out for delivery: Your BigBasket package OD7008086072 will arrive today by 3 PM. -BlueDart,Delivery,synthetic,False,Delivery_1,3
"True. It is passable. And if you get a high score and apply for phd, you get 5years of salary. So it makes life easier.",Personal,uci,False,,5
799606 is your SBI security code. Anyone asking for it is a scammer.,OTP,synthetic,False,OTP_9,0
  Data exhausted? Get 2GB extra with Rs.433 booster pack. Dial *121# or visit app.,Promo,synthetic,False,Promo_11,2
Recharge with Rs.448 & get 20% extra talktime. Offer valid today only! STOP to opt out,Promo,synthetic,False,Promo_5,2
Salary of INR 42938 credited to A/c XX2817. Avl Bal: INR 147920. -BOB,Bank,synthetic,False,Bank_7,1
DATA EXHAUSTED? GET 1.5GB EXTRA WITH RS.1662 BOOSTER PACK. DIAL *121# OR VISIT APP.,Promo,synthetic,False,Promo_11,2
Your one time password is 151425 for Myntra. Please do not share it.,OTP,synthetic,False,OTP_5,0
At 4. Let's go to bill millers,Personal,uci,False,,5
Missed our shows? Come back to SonyLIV at 50% off for 3 months. Resubscribe: bit.ly/DePyyZ,Promo,synthetic,False,Promo_19,2
Work from home! Earn Rs.1365649/month. Join: bit.ly/ydWqgw,Spam,synthetic,True,Hard_14,4
Recharge with Rs.1572 & get 40% extra talktime. Offer valid today only!,Promo,synthetic,False,Promo_5,2
Your FD of Rs.85576 matures on 22-04-26. Renew or withdraw via netbanking. -PNB,Bank,synthetic,False,Bank_14,1
Your A/c XX3949 is debited with Rs.73459 on 26-01-26. Info: UPI-Patrick. Bal: Rs.55986,Bank,synthetic,False,Bank_2,1
Appt is at &lt;TIME&gt; am. Not my fault u don't listen. I told u twice,Personal,uci,False,,5
rs.827 cashback credited to your amazon pay wallet. use on your next order.,Promo,synthetic,False,Promo_21,2
Auto-pay of INR 4162 to Tara is scheduled on 13-04-26 from A/c XX2618. Ensure sufficient balance.,Bank,synthetic,False,Bank_13,1
I cant wait to see you! How were the photos were useful? :),Personal,uci,False,,5
Depends on where u going lor.,Personal,uci,False,,5
SALARY OF RS.97960 CREDITED TO A/C XX6801. AVL BAL: RS.167787. -HDFC BANK,Bank,synthetic,False,Bank_7,1
Salary of Rs.19287 credited to A/c XX8646 Avl Bal: Rs.68161 -Kotak,Bank,synthetic,False,Bank_7,1
"Hmmm ... And imagine after you've come home from that having to rub my feet, make me dinner and help me get ready for my date ! Are you sure your ready for that kind of life ?",Personal,uci,False,,5
Cheque no. 191915417644 for Rs.85501 has been cleared from A/c XX7153. -SBI,Bank,synthetic,False,Bank_8,1
Dunno da next show aft 6 is 850. Toa payoh got 650.,Personal,uci,False,,5
<#> 165676 is ur PhonePe code. Valid 30 min. hA8sk2Lqp3,OTP,synthetic,False,OTP_13,0
Convert your HDFC Bank card purchase of INR 1422 into easy EMIs at 0% interest. Reply YES.,Promo,synthetic,False,Promo_15,2
Low balance alert: A/c XX9794 balance is INR 476190. Maintain min balance to avoid charges.,Bank,synthetic,False,Bank_10,1
Ur one time password is 588874 for Amazon. Please do not share it.,OTP,synthetic,False,OTP_5,0
Your Zomato order OD7250114470 has been shipped via BlueDart. Track: bit.ly/uEFfAx,Delivery,synthetic,False,Delivery_0,3
If i start sending blackberry torch to nigeria will you find buyer for me?like 4a month. And tell dad not to buy bb from anyone oh.,Personal,uci,False,,5
  Your A/c XX5134 is debited with Rs.45611 on 19-01-26. Info: UPI-Nandini. Bal: Rs.120435,Bank,synthetic,False,Bank_2,1
I accidentally brought em home in the box,Personal,uci,False,,5
You are a winner you have been specially selected to receive £1000 cash or a £2000 award. Speak to a live operator to claim call 087147123779am-7pm. Cost 10p,Spam,uci,False,,4
Akshay from Delhivery is arriving with your package. Contact: 8020606606,Delivery,synthetic,False,Delivery_6,3
"Dear friends, sorry for the late information. Today is the birthday of our loving Ar.Praveesh. for more details log on to face book and see. Its his number + &lt;#&gt; . Dont miss a delicious treat.",Personal,uci,False,,5
"Anyway I don't think I can secure anything up here, lemme know if you want me to drive down south and chill",Personal,uci,False,,5
Yeah imma come over cause jay wants to do some drugs,Personal,uci,False,,5
267862 IS YOUR VERIFICATION CODE FOR OLA. NEVER SHARE YOUR OTP.,OTP,synthetic,False,OTP_3,0
  Your order OD5020434594 from Zomato is arriving tomorrow. Keep Rs.4330 ready for COD.,Delivery,synthetic,False,Delivery_3,3
Data  exhausted? Get 2GB extra with Rs.128 booster pack. Dial *121# or visit app.,Promo,synthetic,False,Promo_11,2
681339 - use this code to sign in to Netflix Never share it with anyone,OTP,synthetic,False,OTP_7,0
Your  HDFC Bank debit card XX3334 has been blocked due to suspicious activity. Visit branch or call 1800-XXX to unblock.,Bank,synthetic,False,Bank_11,1
  EMI of Rs.6150 due on 04-07-26 for loan A/c XX2877. Pay now to avoid charges. -SBI,Bank,synthetic,False,Bank_4,1
EMI of Rs.81155 due on 15-01-26 for loan A/c XX6369. Pay now to avoid charges. -SBI,Bank,synthetic,False,Bank_4,1
Not planned yet :)going to join company on jan 5 only.don know what will happen after that.,Personal,uci,False,,5
Auto-pay of Rs.1526 to Vanya is scheduled on 19-03-26 from A/c XX9286. Ensure sufficient balance.,Bank,synthetic,False,Bank_13,1
Tap to verify: 118516. This code expires shortly.,OTP,synthetic,True,Hard_9,0
Your one time password is 60927 for Flipkart. Please do not share it. -TM,OTP,synthetic,False,OTP_5,0
Missed our shows? Come back to Netflix at 50% off for 3 months. Resubscribe: bit.ly/DfpSLS STOP to opt out,Promo,synthetic,False,Promo_19,2
Sary just need Tim in the bollox &it hurt him a lot so he tol me!,Personal,uci,False,,5
Ok anyway no need to change with what you said,Personal,uci,False,,5
Dear customer ur ICICI Bank account will be blocked! Update KYC now: bit.ly/oqrGjw,Spam,synthetic,True,Hard_11,4
<#> 330508 is your paytm code. valid 30 min. ha8sk2lqp3,OTP,synthetic,False,OTP_13,0
"HEY, MY NEW NUMBER IS 06396959274. SAVE IT! MEET AT NOON?",Personal,synthetic,True,Hard_4,5
Interest of INR 64981 credited to your FD A/c XX4062. -SBI,Bank,synthetic,False,Bank_9,1
YOUR UBER CODE: 1484,OTP,synthetic,True,Hard_8,0
"Bro send me Rs.3158 on gpay, will return by 01 Jul",Personal,synthetic,True,Hard_5,5
Hey anyway i have to :-),Personal,uci,False,,5
  Rs.95699 credited to A/c XX9396 on 05-04-26. Avl Bal: Rs.457164. -Axis Bank,Bank,synthetic,False,Bank_1,1
  Salary of Rs.89398 credited to A/c XX3602. Avl Bal: Rs.156973. -PNB,Bank,synthetic,False,Bank_7,1
815725 is ur OTP for Swiggy login. Valid for 30 minutes. Do not share with anyone.,OTP,synthetic,False,OTP_0,0
Interest of Rs.95096 credited to ur FD A/c XX3066. -HDFC Bank,Bank,synthetic,False,Bank_9,1
Dont talk to him ever ok its my word.,Personal,uci,False,,5
Pay Rs.4322 on delivery for order OD578766631. -DTDC,Delivery,synthetic,True,Hard_10,3
  Your one time password is 155129 for Ola. Please do not share it.,OTP,synthetic,False,OTP_5,0
Meesho Big Billion Days! Up to 50% off + extra 10% with Kotak cards. Hurry!,Promo,synthetic,False,Promo_1,2
Thts wat Wright Brother did to fly..,Personal,uci,False,,5
MEGA SALE! Get 50% OFF on all products at Zomato Shop now: bitly/sHDwSO T&C apply,Promo,synthetic,False,Promo_0,2
Yup. Wun believe wat? U really neva c e msg i sent shuhui?,Personal,uci,False,,5
"Japanese Proverb: If one Can do it, U too Can do it, If none Can do it,U must do it Indian version: If one Can do it, LET HIM DO it.. If none Can do it,LEAVE it!! And finally Kerala version: If one can do it, Stop him doing it.. If none can do it, Make a strike against it ...",Personal,uci,False,,5
Howz pain?hope u r fine..,Personal,uci,False,,5
Oh... Okie lor...We go on sat... ,Personal,uci,False,,5
Exclusive for you! Buy 1 Get 1 FREE at Zomato. Limited period offer. Visit bit.ly/ijOvKs,Promo,synthetic,False,Promo_3,2
"Bro send me Rs.4137 on gpay, will return by 03 Jul",Personal,synthetic,True,Hard_5,5
INR 71654 credited to A/c XX7978 on 12-01-26. Avl Bal: INR 274109. -BOB,Bank,synthetic,False,Bank_1,1
Sitting ard nothing to do lor. U leh busy w work?,Personal,uci,False,,5
UPI PAYMENT OF RS.96357 TO YADAVI SUCCESSFUL. UPI REF: 861277348556. -SBI,Bank,synthetic,False,Bank_6,1
Your order OD3671041325 from Flipkart is arriving tomorrow. Keep Rs.4184 ready for COD.,Delivery,synthetic,False,Delivery_3,3
Your order OD1239322579 from BigBasket is arriving tomorrow. Keep Rs.2039 ready for COD.,Delivery,synthetic,False,Delivery_3,3
935733 - use this to sign in. Never share this code with anyone.,OTP,synthetic,True,Hard_7,0
688575 is your verification code for ICICI Bank. Never share your OTP.,OTP,synthetic,False,OTP_3,0
"Sir, I am waiting for your mail.",Personal,uci,False,,5
EXCLUSIVE FOR YOU! BUY 1 GET 1 FREE AT FLIPKART. LIMITED PERIOD OFFER. VISIT BIT.LY/KHYXMB,Promo,synthetic,False,Promo_3,2
FreeMsg: Fancy a flirt? Reply DATE now & join the UKs fastest growing mobile dating service. Msgs rcvd just 25p to optout txt stop to 83021. Reply DATE now!,Spam,uci,False,,4
Unlimited texts. Limited minutes.,Personal,uci,False,,5
Delivery attempt failed for order OD1998189982 We will retry tomorrow -XpressBees,Delivery,synthetic,False,Delivery_5,3
I think u have the wrong number.,Personal,uci,False,,5
But if she.s drinkin i'm ok.,Personal,uci,False,,5
PNB:  156348 is your login OTP. It expires in 2 minutes.,OTP,synthetic,False,OTP_6,0
Ur order OD7030265702 from Flipkart is arriving tomorrow. Keep Rs.3577 ready for COD.,Delivery,synthetic,False,Delivery_3,3
Out for delivery: Your Meesho package OD9882826902 will arrive today by 12 PM. -Ekart,Delivery,synthetic,False,Delivery_1,3
kyc update pending for a/c xx2093. please visit your nearest icici bank branch by 01-06-26 to avoid restrictions.,Bank,synthetic,False,Bank_12,1
DELIVERED! YOUR MYNTRA ORDER OD3547849742 WAS DELIVERED ON 03 JUL. RATE YOUR EXPERIENCE: BIT.LY/WDAAER,Delivery,synthetic,False,Delivery_2,3
low balance alert: a/c xx2463 balance is rs.373980. maintain min balance to avoid charges.,Bank,synthetic,False,Bank_10,1
  Order OD6802589657 packed and ready! Expected dispatch by 01 Jul. -Flipkart,Delivery,synthetic,False,Delivery_8,3
Your Meesho membership expires soon. Renew now & save 20%: bit.ly/bGKzhC,Promo,synthetic,False,Promo_9,2
So is there anything specific I should be doing with regards to jaklin or what because idk what the fuck,Personal,uci,False,,5
X course it 2yrs. Just so her messages on messenger lik you r sending me,Personal,uci,False,,5
I am great princess! What are you thinking about me? :),Personal,uci,False,,5
Use code 6356 at checkout for 10% off at Meesho!,Promo,synthetic,True,Hard_0,2
428150 is your otp for paytm login. valid for 5 minutes. do not share with anyone.,OTP,synthetic,False,OTP_0,0
Flight  fares dropped! HYD-MAA from Rs.53. Book on MakeMyTrip before midnight.,Promo,synthetic,False,Promo_16,2
Come to medical college at 7pm ......forward it da,Personal,uci,False,,5
G-667456 is your Google verification code. -TM,OTP,synthetic,False,OTP_12,0
delivery attempt failed for order od3888378306. we will retry tomorrow. -ekart,Delivery,synthetic,False,Delivery_5,3
Ya:)going for restaurant..,Personal,uci,False,,5
you have 3197 reward points expiring on 01 jul. redeem on zomato.,Promo,synthetic,False,Promo_20,2
"SYMPTOMS when U are in love: ""1.U like listening songs 2.U get stopped where u see the name of your beloved 3.U won't get angry when your",Personal,uci,False,,5
"Hey, my new number is +912047260045. Save it! Meet at 8?",Personal,synthetic,True,Hard_4,5
Anything lor but toa payoh got place 2 walk meh...,Personal,uci,False,,5
Dunno i juz askin cos i got a card got 20% off 4 a salon called hair sense so i tot it's da one ü cut ur hair. ,Personal,uci,False,,5
"FreeMsg Why haven't you replied to my text? I'm Randy, sexy, female and live local. Luv to hear from u. Netcollex Ltd 08700621170150p per msg reply Stop to end",Spam,uci,False,,4
871514 is your verification code for Uber. Never share your OTP.,OTP,synthetic,False,OTP_3,0
Stop knowing me so well!,Personal,uci,False,,5
Use code 2036 at checkout for 50% off at Amazon!,Promo,synthetic,True,Hard_0,2
Flight fares dropped! DEL-PNQ from Rs.1032. Book on MakeMyTrip before midnight.,Promo,synthetic,False,Promo_16,2
Hi 07734396839 IBH Customer Loyalty Offer: The NEW NOKIA6600 Mobile from ONLY £10 at TXTAUCTION!Txt word:START to No:81151 & get Yours Now!4T&,Spam,uci,False,,4
I'm in a movie. Call me 4 wat?,Personal,uci,False,,5
<#>  297969 is your BigBasket code. Valid 10 min. hA8sk2Lqp3,OTP,synthetic,False,OTP_13,0
  Your Axis Bank code: 754595,OTP,synthetic,False,OTP_8,0
<#> 128266 is your Swiggy code. Valid 15 min. hA8sk2Lqp3,OTP,synthetic,False,OTP_13,0
Thanx a lot...,Personal,uci,False,,5
896702 IS YOUR MYNTRA SECURITY CODE. ANYONE ASKING FOR IT IS A SCAMMER.,OTP,synthetic,False,OTP_9,0
"Aight text me when you're back at mu and I'll swing by, need somebody to get the door for me",Personal,uci,False,,5
Recharge with Rs.138 & get 10% extra talktime. Offer valid today only!,Promo,synthetic,False,Promo_5,2
Coupon 7031 gives you free delivery on orders above Rs.2640. -Meesho,Promo,synthetic,True,Hard_1,2
LOW BALANCE ALERT: A/C XX8232 BALANCE IS RS.27592. MAINTAIN MIN BALANCE TO AVOID CHARGES.,Bank,synthetic,False,Bank_10,1
Coupon  8204 gives you free delivery on orders above Rs.3818. -Meesho,Promo,synthetic,True,Hard_1,2
AMAZON BIG BILLION DAYS! UP TO 60% OFF + EXTRA 10% WITH PNB CARDS. HURRY!,Promo,synthetic,False,Promo_1,2
Hi.what you think about match?,Personal,uci,False,,5
Die... I accidentally deleted e msg i suppose 2 put in e sim archive. Haiz... I so sad...,Personal,uci,False,,5
"WELL DONE! Your 4* Costa Del Sol Holiday or £5000 await collection. Call 09050090044 Now toClaim. SAE, TCs, POBox334, Stockport, SK38xh, Cost£1.50/pm, Max10mins",Spam,uci,False,,4
Hey. You got any mail?,Personal,uci,False,,5
Myntra Big Billion Days! Up to 20% off + extra 10% with ICICI Bank cards. Hurry!,Promo,synthetic,False,Promo_1,2
your bigbasket order od5811113661 has been shipped via bluedart. track: bit.ly/muqvuk,Delivery,synthetic,False,Delivery_0,3
Just wanted to say holy shit you guys weren't kidding about this bud,Personal,uci,False,,5
"FREE GAME. Get Rayman Golf 4 FREE from the O2 Games Arcade. 1st get UR games settings. Reply POST, then save & activ8. Press 0 key for Arcade. Termsapply",Spam,uci,False,,4
"Mmmmm ... It was sooooo good to wake to your words this morning, my Love!! Mmmm fuck ... I love you too, my Lion ... *devouring kiss from across the sea*",Personal,uci,False,,5
Tap to verify: 651060. This code expires shortly.,OTP,synthetic,True,Hard_9,0
Flight fares dropped! DEL-MAA from Rs.1835. Book on ixigo before midnight.,Promo,synthetic,False,Promo_16,2
All sounds good. Fingers . Makes it difficult to type,Personal,uci,False,,5
Pay Rs.2487 on delivery for order OD434792419. -XpressBees,Delivery,synthetic,True,Hard_10,3
"I met you as a stranger and choose you as my friend. As long as the world stands, our friendship never ends. Lets be Friends forever!!! Gud nitz...",Personal,uci,False,,5
  Your Uber code: 6658,OTP,synthetic,True,Hard_8,0
"Bill, as in: Are there any letters for me. i’m expecting one from orange that isn’t a bill but may still say orange on it.",Personal,uci,False,,5
"Oh yes, why is it like torture watching england?",Personal,uci,False,,5
I cant wait for cornwall. Hope tonight isnt too bad as well but its rock night shite. Anyway im going for a kip now have a good night. Speak to you soon.,Personal,uci,False,,5
Hungry? Get 60% off up to Rs.1875 on your next 3 orders. Code: EAT32. -Zomato T&C apply,Promo,synthetic,False,Promo_12,2
Last day! Meesho clearance sale ends tonight Up to 40% off sitewide,Promo,synthetic,False,Promo_8,2
Delivery attempt failed for order OD9857729844 We will retry tomorrow -XpressBees,Delivery,synthetic,False,Delivery_5,3
Missed our shows? Come back to SonyLIV at 50% off for 3 months. Resubscribe: bit.ly/hFZrjJ,Promo,synthetic,False,Promo_19,2
Will do. Was exhausted on train this morning. Too much wine and pie. You sleep well too,Personal,uci,False,,5
Okie...,Personal,uci,False,,5
I'm at home. Please call,Personal,uci,False,,5
Coupon 1707 gives you free delivery on orders above Rs.2533. -Zomato STOP to opt out,Promo,synthetic,True,Hard_1,2
"Hey, my new number is +911032130789. Save it! Meet at 6pm?",Personal,synthetic,True,Hard_4,5
<#> 201636 is your Uber code. Valid 2 min. hA8sk2Lqp3 STOP to opt out,OTP,synthetic,False,OTP_13,0
If you are not coughing then its nothing,Personal,uci,False,,5
"Babe, I'm back ... Come back to me ...",Personal,uci,False,,5
After the drug she will be able to eat.,Personal,uci,False,,5
Ok. No wahala. Just remember that a friend in need ...,Personal,uci,False,,5
CONVERT YOUR PNB CARD PURCHASE OF RS.166 INTO EASY EMIS AT 0% INTEREST. REPLY YES.,Promo,synthetic,False,Promo_15,2
Delivery attempt failed for order OD7852672670. We will retry tomorrow. -Delhivery,Delivery,synthetic,False,Delivery_5,3
I to am looking forward to all the sex cuddling.. Only two more sleeps ,Personal,uci,False,,5
SALARY OF RS.43645 CREDITED TO A/C XX8585. AVL BAL: RS.3696. -PNB,Bank,synthetic,False,Bank_7,1
Your Kotak debit card XX5384 has been blocked due to suspicious activity. Visit branch or call 1800-XXX to unblock. -TM,Bank,synthetic,False,Bank_11,1
But your brother transfered only  &lt;#&gt;  +  &lt;#&gt; . Pa.,Personal,uci,False,,5
HI BABE IM AT HOME NOW WANNA DO SOMETHING? XX,Personal,uci,False,,5
Thx. All will be well in a few months,Personal,uci,False,,5
EMI of Rs.66036 due on 06-05-26 for loan A/c XX8837 Pay now to avoid charges -HDFC Bank,Bank,synthetic,False,Bank_4,1
You call him now ok i said call him,Personal,uci,False,,5
KRITIKA FROM BLUEDART IS ARRIVING WITH YOUR PACKAGE. CONTACT: 3267871372,Delivery,synthetic,False,Delivery_6,3
Enter 331763 to verify your mobile number for PhonePe.,OTP,synthetic,False,OTP_10,0
  Rs.625 cashback credited to your PhonePe wallet. Use on your next order.,Promo,synthetic,False,Promo_21,2
Rs.47923 debited from A/c XX9554 on 09-01-26 to Karan. Avl Bal: Rs.266330. -ICICI Bank,Bank,synthetic,False,Bank_0,1
Dunno dat's wat he told me. Ok lor...,Personal,uci,False,,5
Ard 6 like dat lor.,Personal,uci,False,,5
Hungry? Get 80% off up to Rs.431 on your next 3 orders. Code: EAT88. -Zomato -TM,Promo,synthetic,False,Promo_12,2
972610 - use this code to sign in to ola. never share it with anyone.,OTP,synthetic,False,OTP_7,0
Enter 279211 to verify your mobile number for Uber.,OTP,synthetic,False,OTP_10,0
Your  order OD3783183006 from Swiggy is arriving tomorrow. Keep Rs.1501 ready for COD.,Delivery,synthetic,False,Delivery_3,3
"Sir, good morning. Hope you had a good weekend. I called to let you know that i was able to raise  &lt;#&gt;  from my dad. He however said he would make the rest available by mid feb. This amount is still quite short and i was hoping you would help. Do have a good day. Abiola",Personal,uci,False,,5
Wat makes u thk i'll fall down. But actually i thk i'm quite prone 2 falls. Lucky my dad at home i ask him come n fetch me already.,Personal,uci,False,,5
Your BOB debit card XX7980 has been blocked due to suspicious activity. Visit branch or call 1800-XXX to unblock.,Bank,synthetic,False,Bank_11,1
I'm serious. You are in the money base,Personal,uci,False,,5
Sorry sent blank msg again. Yup but trying 2 do some serious studying now.,Personal,uci,False,,5
Low  balance alert: A/c XX7587 balance is Rs.210133. Maintain min balance to avoid charges.,Bank,synthetic,False,Bank_10,1
Flipkart Big Billion Days! Up to 60% off + extra 10% with HDFC Bank cards. Hurry!,Promo,synthetic,False,Promo_1,2
Exclusive for you! Buy 1 Get 1 FREE at Swiggy. Limited period offer. Visit bit.ly/mdFgid,Promo,synthetic,False,Promo_3,2
297592 is your OTP for HDFC Bank login. Valid for 5 minutes. Do not share with anyone.,OTP,synthetic,False,OTP_0,0
Your one time password is 300196 for IRCTC. Please do not share it.,OTP,synthetic,False,OTP_5,0
Was doing my test earlier. I appreciate you. Will call you tomorrow.,Personal,uci,False,,5
SMS AUCTION - A BRAND NEW Nokia 7250 is up 4 auction today! Auction is FREE 2 join & take part! Txt NOKIA to 86021 now! HG/Suite342/2Lands Row/W1J6HL,Spam,uci,False,,4
You could have seen me..i did't recognise you Face.:),Personal,uci,False,,5
Delivered! Ur Meesho order OD9852823056 was delivered on 03 Jul. Rate ur experience: bit.ly/RJtQSt,Delivery,synthetic,False,Delivery_2,3
Low balance alert: A/c XX9886 balance is INR 6700. Maintain min balance to avoid charges.,Bank,synthetic,False,Bank_10,1
cheque no. 227932840790 for rs.95214 has been cleared from a/c xx3183. -axis bank,Bank,synthetic,False,Bank_8,1
Your Airtel pack expires tomorrow. Recharge with Rs.1568 for 3GB/day + unlimited calls.,Promo,synthetic,False,Promo_10,2
Goin to workout lor... Muz lose e fats... ,Personal,uci,False,,5
delivery attempt failed for order od4208634423. we will retry tomorrow. -bluedart,Delivery,synthetic,False,Delivery_5,3
Your one time password is 289336 for Hotstar. Please do not share it.,OTP,synthetic,False,OTP_5,0
Your  FD of Rs.86664 matures on 29-06-26. Renew or withdraw via netbanking. -HDFC Bank,Bank,synthetic,False,Bank_14,1
808265 - use this to sign in Never share this code with anyone,OTP,synthetic,True,Hard_7,0
K..give back my thanks.,Personal,uci,False,,5
"Bro send me Rs.3981 on gpay, will return by 02 Jul T&C apply",Personal,synthetic,True,Hard_5,5
Auto-pay  of Rs.30237 to Lavanya is scheduled on 08-05-26 from A/c XX1128. Ensure sufficient balance.,Bank,synthetic,False,Bank_13,1
Dude sux for snake. He got old and raiden got buff,Personal,uci,False,,5
I'm in school now n i'll be in da lab doing some stuff give me a call when ü r done.,Personal,uci,False,,5
network operator. The service is free. For T & C's visit 80488.biz,Spam,uci,False,,4
Coupon 2152 gives you free delivery on orders above Rs.3561. -Meesho STOP to opt out,Promo,synthetic,True,Hard_1,2
"Hey, my new number is +917342878685. Save it! Meet at noon?",Personal,synthetic,True,Hard_4,5
"Actually fuck that, just do whatever, do find an excuse to be in tampa at some point before january though",Personal,uci,False,,5
Your ICICI Bank debit card XX4151 has been blocked due to suspicious activity. Visit branch or call 1800-XXX to unblock.,Bank,synthetic,False,Bank_11,1
  Interest of Rs.99608 credited to your FD A/c XX2237. -ICICI Bank,Bank,synthetic,False,Bank_9,1
Out for delivery: Your Meesho package OD6597308399 will arrive today by 3 PM. -XpressBees,Delivery,synthetic,False,Delivery_1,3
Hi.:)technical support.providing assistance to us customer through call and email:),Personal,uci,False,,5
"Someone U know has asked our dating service 2 contact you! Cant guess who? CALL 09058095107 NOW all will be revealed. POBox 7, S3XY 150p ",Spam,uci,False,,4
"Yes but i dont care! I need you bad, princess!",Personal,uci,False,,5
"Tunde, how are you doing. This is just wishing you a great day. Abiola.",Personal,uci,False,,5
  EMI of Rs.32819 due on 17-02-26 for loan A/c XX2632. Pay now to avoid charges. -SBI,Bank,synthetic,False,Bank_4,1
G wants to know where the fuck you are,Personal,uci,False,,5
Yunny i'm walking in citylink now ü faster come down... Me very hungry...,Personal,uci,False,,5
  Rs.951 cashback credited to your PhonePe wallet. Use on your next order.,Promo,synthetic,False,Promo_21,2
your amazon code: 763591,OTP,synthetic,False,OTP_8,0
Your Swiggy code: 84971,OTP,synthetic,False,OTP_8,0
MY NO. IN LUTON 0125698789 RING ME IF UR AROUND! H*,Personal,uci,False,,5
  Low balance alert: A/c XX6754 balance is Rs.128681. Maintain min balance to avoid charges.,Bank,synthetic,False,Bank_10,1
Auto-pay of Rs.68225 to Adya is scheduled on 10-05-26 from A/c XX5912. Ensure sufficient balance.,Bank,synthetic,False,Bank_13,1
Back in brum! Thanks for putting us up and keeping us all and happy. See you soon ,Personal,uci,False,,5
Yes fine ,Personal,uci,False,,5
Low balance alert: A/c XX3555 balance is Rs.289499. Maintain min balance to avoid charges.,Bank,synthetic,False,Bank_10,1
Zomato: Your cart misses you! Complete purchase now & get 10% off. bit.ly/dheJEX,Promo,synthetic,False,Promo_4,2
Hungry? Get 70% off up to Rs.970 on your next 3 orders. Code: EAT37. -Swiggy,Promo,synthetic,False,Promo_12,2
Cheque no. 724166630832 for Rs.3895 has been cleared from A/c XX3791. -Axis Bank,Bank,synthetic,False,Bank_8,1
Your Hotstar plan renews on 03 Jul at Rs.1602. Upgrade to 4K for Rs.627/month.,Promo,synthetic,False,Promo_18,2
"Hey, my new number is 06569520788. Save it! Meet at 6pm?",Personal,synthetic,True,Hard_4,5
"Sorry, I'll call later",Personal,uci,False,,5
use 347930 to complete your sbi registration. valid till 30 mins.,OTP,synthetic,False,OTP_4,0
Work  from home! Earn Rs.180513/month. Join: bit.ly/EwlUBQ,Spam,synthetic,True,Hard_14,4
In that case I guess I'll see you at campus lodge,Personal,uci,False,,5
Order OD5656545569 packed and ready! Expected dispatch by 04 Jul. -Myntra,Delivery,synthetic,False,Delivery_8,3
Hello beautiful r u ok? I've kinda ad a row wiv and he walked out the pub?? I wanted a night wiv u Miss u ,Personal,uci,False,,5
KYC update pending for A/c XX8808. Please visit your nearest BOB branch by 29-04-26 to avoid restrictions.,Bank,synthetic,False,Bank_12,1
IRCTC: SPECIAL TRAINS ADDED FOR FESTIVE SEASON. BOOK EARLY & SAVE UP TO 10%.,Promo,synthetic,False,Promo_17,2
Low balance alert: A/c XX7084 balance is Rs.436381. Maintain min balance to avoid charges.,Bank,synthetic,False,Bank_10,1
Work from home! Earn Rs.908632/month. Join: bit.ly/YyeLZK,Spam,synthetic,True,Hard_14,4
Delivery attempt failed for order OD3485272183. We will retry tomorrow. -XpressBees,Delivery,synthetic,False,Delivery_5,3
Your  Airtel pack expires tomorrow. Recharge with Rs.671 for 1.5GB/day + unlimited calls.,Promo,synthetic,False,Promo_10,2
Tap to verify: 854706. This code expires shortly.,OTP,synthetic,True,Hard_9,0
Your Uber code: 8944,OTP,synthetic,True,Hard_8,0
"My friend, she's studying at warwick, we've planned to go shopping and to concert tmw, but it may be canceled, havn't seen  for ages, yeah we should get together sometime!",Personal,uci,False,,5
"Dizzamn, aight I'll ask my suitemates when I get back",Personal,uci,False,,5
Salary of Rs.19477 credited to A/c XX6032. Avl Bal: Rs.429876. -PNB,Bank,synthetic,False,Bank_7,1
Dear customer ur PNB account will be blocked! Update KYC now: bit.ly/ZkyeAS,Spam,synthetic,True,Hard_11,4
Your Airtel pack expires tomorrow. Recharge with Rs.830 for 1.5GB/day + unlimited calls.,Promo,synthetic,False,Promo_10,2
I will spoil you in bed as well :),Personal,uci,False,,5
MISSED OUR SHOWS? COME BACK TO PRIME VIDEO AT 50% OFF FOR 3 MONTHS. RESUBSCRIBE: BIT.LY/XMVYXU,Promo,synthetic,False,Promo_19,2
"It‘s £6 to get in, is that ok?",Personal,uci,False,,5
kyc update pending for a/c xx9574. please visit your nearest pnb branch by 09-02-26 to avoid restrictions.,Bank,synthetic,False,Bank_12,1
 and  picking them up from various points,Personal,uci,False,,5
"HEY, MY NEW NUMBER IS 04242688108. SAVE IT! MEET AT 8?",Personal,synthetic,True,Hard_4,5
Am I the only one who doesn't stalk profiles?,Personal,uci,False,,5
The 2 oz guy is being kinda flaky but one friend is interested in picking up $ &lt;#&gt;  worth tonight if possible,Personal,uci,False,,5
Delivered! Your BigBasket order OD9956561560 was delivered on 02 Jul. Rate your experience: bit.ly/lhALaB,Delivery,synthetic,False,Delivery_2,3
  Cheque no. 340647443632 for Rs.61459 has been cleared from A/c XX1983. -ICICI Bank,Bank,synthetic,False,Bank_8,1
"Hi Nitesh, unlock Rs.1619 off ur first order at Flipkart with code NEW70.",Promo,synthetic,False,Promo_7,2
Order OD7364697703 packed and ready! Expected dispatch by 03 Jul. -Meesho -TM,Delivery,synthetic,False,Delivery_8,3
Yes. It's all innocent fun. O:-),Personal,uci,False,,5
I'm e person who's doing e sms survey...,Personal,uci,False,,5
"Never share ur OTP, PIN or CVV. Axis Bank never asks for these. Stay safe.",Bank,synthetic,True,Hard_3,1
Your  order OD8558321573 from Flipkart is arriving tomorrow. Keep Rs.1865 ready for COD.,Delivery,synthetic,False,Delivery_3,3
Happy valentines day I know its early but i have hundreds of handsomes and beauties to wish. So i thought to finish off aunties and uncles 1st...,Personal,uci,False,,5
Zomato: Your cart misses you! Complete purchase now & get 40% off. bit.ly/XDeKSu,Promo,synthetic,False,Promo_4,2
Low balance alert: A/c XX5519 balance is Rs.79254. Maintain min balance to avoid charges.,Bank,synthetic,False,Bank_10,1
I am waiting for your call sir.,Personal,uci,False,,5
Eh u remember how 2 spell his name... Yes i did. He v naughty make until i v wet.,Personal,uci,False,,5
"ou are guaranteed the latest Nokia Phone, a 40GB iPod MP3 player or a £500 prize! Txt word: COLLECT to No: 83355! IBHltd LdnW15H 150p/Mtmsgrcvd18",Spam,uci,False,,4
Yup i'm free...,Personal,uci,False,,5
Delivery attempt failed for order OD4295706034. We will retry tomorrow. -DTDC,Delivery,synthetic,False,Delivery_5,3
Auto-pay of Rs.60271 to Vedika is scheduled on 12-05-26 from A/c XX1495. Ensure sufficient balance.,Bank,synthetic,False,Bank_13,1
"Thk shld b can... Ya, i wana go 4 lessons... Haha, can go for one whole stretch...",Personal,uci,False,,5
Wat time u finish ur lect today?,Personal,uci,False,,5
Thanks for picking up the trash.,Personal,uci,False,,5
I wish! I don't think its gonna snow that much. But it will be more than those flurries we usually get that melt before they hit the ground. Eek! We haven't had snow since &lt;#&gt; before I was even born!,Personal,uci,False,,5
AUTO-PAY OF RS.85931 TO ISHA IS SCHEDULED ON 29-05-26 FROM A/C XX6764. ENSURE SUFFICIENT BALANCE.,Bank,synthetic,False,Bank_13,1
Your credit card XX7106 statement is ready Total due: Rs.78436 Min due: Rs.3387 -Kotak,Bank,synthetic,False,Bank_5,1
Not to worry. I'm sure you'll get it.,Personal,uci,False,,5
"Hi elaine, is today's meeting confirmed?",Personal,uci,False,,5
Good. do you think you could send me some pix? I would love to see your top and bottom...,Personal,uci,False,,5
Even my brother is not like to speak with me. They treat me like aids patent.,Personal,uci,False,,5
Pay Rs.1796 on delivery for order OD977252031. -DTDC,Delivery,synthetic,True,Hard_10,3
EMI  of Rs.43556 due on 21-06-26 for loan A/c XX1298. Pay now to avoid charges. -SBI,Bank,synthetic,False,Bank_4,1
There are some nice pubs near here or there is Frankie n Bennys near the warner cinema?,Personal,uci,False,,5
use 328360 to complete your hdfc bank registration. valid till 2 mins.,OTP,synthetic,False,OTP_4,0
MEGA  SALE! Get 50% OFF on all products at BigBasket. Shop now: bit.ly/pEcKPX T&C apply.,Promo,synthetic,False,Promo_0,2
Order OD3805528842 packed and ready! Expected dispatch by 05 Jul. -Myntra,Delivery,synthetic,False,Delivery_8,3
Enjoy the jamster videosound gold club with your credits for 2 new videosounds+2 logos+musicnews! get more fun from jamster.co.uk! 16+only Help? call: 09701213186 ,Spam,uci,False,,4
301486 is your OTP for Netflix login Valid for 10 minutes Do not share with anyone,OTP,synthetic,False,OTP_0,0
"500 New Mobiles from 2004, MUST GO! Txt: NOKIA to No: 89545 & collect yours today!From ONLY £1 www.4-tc.biz 2optout 087187262701.50gbp/mtmsg18",Spam,uci,False,,4
"(No promises on when though, haven't even gotten dinner yet)",Personal,uci,False,,5
  Cheque no. 242006378762 for Rs.75768 has been cleared from A/c XX8173. -BOB,Bank,synthetic,False,Bank_8,1
Exclusive for you! Buy 1 Get 1 FREE at Zomato. Limited period offer. Visit bit.ly/rhbKlE,Promo,synthetic,False,Promo_3,2
Delivered! Ur Swiggy order OD9853157762 was delivered on 01 Jul. Rate ur experience: bit.ly/KpZwjl,Delivery,synthetic,False,Delivery_2,3
42294 is your verification code for PhonePe. Never share your OTP.,OTP,synthetic,False,OTP_3,0
"Yeah, in fact he just asked if we needed anything like an hour ago. When and how much?",Personal,uci,False,,5
beware of fraud calls asking for card details. icici bank officials never ask for pin or cvv.,Bank,synthetic,False,Bank_15,1
Congratulations! You won Rs.2100102 in lucky draw. Claim: bit.ly/FASipg,Spam,synthetic,True,Hard_12,4
Your Meesho membership expires soon. Renew now & save 40%: bit.ly/hERxmk,Promo,synthetic,False,Promo_9,2
Coupon 5707 gives you free delivery on orders above Rs.2837. -Flipkart,Promo,synthetic,True,Hard_1,2
out for delivery: your swiggy package od6781107700 will arrive today by 9 pm. -ekart,Delivery,synthetic,False,Delivery_1,3
Pls help me tell Ashley that i cant find her number oh,Personal,uci,False,,5
Loved your recent Flipkart order? Reorder in 1 tap and get 70% off today.,Promo,synthetic,False,Promo_22,2
cheque no. 978368239674 for rs.47059 has been cleared from a/c xx4225. -pnb,Bank,synthetic,False,Bank_8,1
UPI payment of INR 46923 to Mugdha successful. UPI Ref: 721916827015. -Axis Bank,Bank,synthetic,False,Bank_6,1
Ummmmmaah Many many happy returns of d day my dear sweet heart.. HAPPY BIRTHDAY dear,Personal,uci,False,,5
I finished my lunch already. U wake up already?,Personal,uci,False,,5
HOW ARE U? I HAVE MISSED U! I HAVENT BEEN UP 2 MUCH A BIT BORED WITH THE HOLIDAY WANT 2 GO BAK 2 COLLEGE! SAD ISNT IT?xx,Personal,uci,False,,5
Hey pple...$700 or $900 for 5 nights...Excellent location wif breakfast hamper!!!,Personal,uci,False,,5
Missed our shows? Come back to Hotstar at 50% off for 3 months. Resubscribe: bit.ly/LOwcah,Promo,synthetic,False,Promo_19,2
Enter 858593 to verify ur mobile number for PhonePe.,OTP,synthetic,False,OTP_10,0
408359 - USE THIS TO SIGN IN. NEVER SHARE THIS CODE WITH ANYONE.,OTP,synthetic,True,Hard_7,0
No. I meant the calculation is the same. That  &lt;#&gt; units at  &lt;#&gt; . This school is really expensive. Have you started practicing your accent. Because its important. And have you decided if you are doing 4years of dental school or if you'll just do the nmde exam.,Personal,uci,False,,5
Missed our shows? Come back to Prime Video at 50% off for 3 months. Resubscribe: bit.ly/rGABtX,Promo,synthetic,False,Promo_19,2
mega sale! get 80% off on all products at meesho. shop now: bit.ly/dynkch t&c apply.,Promo,synthetic,False,Promo_0,2
"FreeMsg: Claim ur 250 SMS messages-Text OK to 84025 now!Use web2mobile 2 ur mates etc. Join Txt250.com for 1.50p/wk. T&C BOX139, LA32WU. 16 . Remove txtX or stop",Spam,uci,False,,4
Tap to verify: 429142. This code expires shortly. STOP to opt out,OTP,synthetic,True,Hard_9,0
Your credit card XX1880 statement is ready. Total due: Rs.34607. Min due: Rs.1796. -Kotak,Bank,synthetic,False,Bank_5,1
your credit card xx4749 statement is ready. total due: rs.91642. min due: rs.3663. -pnb,Bank,synthetic,False,Bank_5,1
Your FD of Rs.21916 matures on 28-03-26. Renew or withdraw via netbanking. -Kotak,Bank,synthetic,False,Bank_14,1
EMI of Rs.24428 due on 05-04-26 for loan A/c XX7477. Pay now to avoid charges. -HDFC Bank,Bank,synthetic,False,Bank_4,1
Meesho:  Your cart misses you! Complete purchase now & get 70% off. bit.ly/ZSsmMl,Promo,synthetic,False,Promo_4,2
"Yeah that's what I thought, lemme know if anything's goin on later",Personal,uci,False,,5
"Arngd marriage is while u r walkin unfortuntly a snake bites u. bt love marriage is dancing in frnt of d snake &amp; sayin Bite me, bite me.",Personal,uci,False,,5
My uncles in Atlanta. Wish you guys a great semester.,Personal,uci,False,,5
Use 233887 to complete your GPay registration. Valid till 15 mins. T&C apply,OTP,synthetic,False,OTP_4,0
Your A/c XX6030 is debited with Rs.85769 on 27-04-26. Info: UPI-Hemani. Bal: Rs.472027,Bank,synthetic,False,Bank_2,1
Interest of Rs.6933 credited to your FD A/c XX7532. -SBI,Bank,synthetic,False,Bank_9,1
Out for delivery: Your BigBasket package OD6365525899 will arrive today by 9 PM. -Delhivery,Delivery,synthetic,False,Delivery_1,3
En chikku nange bakra msg kalstiya..then had tea/coffee?,Personal,uci,False,,5
Ur Swiggy order OD9305399232 has been shipped via BlueDart. Track: bit.ly/hQkclL,Delivery,synthetic,False,Delivery_0,3
"Good evening Sir, hope you are having a nice day. I wanted to bring it to your notice that I have been late in paying rent for the past few months and have had to pay a $ &lt;#&gt;  charge. I felt it would be inconsiderate of me to nag about something you give at great cost to yourself and that's why i didnt speak up. I however am in a recession and wont be able to pay the charge this month hence my askin well ahead of month's end. Can you please help. Thank you for everything.",Personal,uci,False,,5
  MEGA SALE! Get 70% OFF on all products at Swiggy. Shop now: bit.ly/ZIbyAb T&C apply.,Promo,synthetic,False,Promo_0,2
YOUR UBER CODE: 1426,OTP,synthetic,True,Hard_8,0
I asked you to call him now ok,Personal,uci,False,,5
Babe ? I lost you ... Will you try rebooting ?,Personal,uci,False,,5
Dear customer ur SBI account will be blocked! Update KYC now: bit.ly/lRUnfh,Spam,synthetic,True,Hard_11,4
MEGA SALE! Get 10% OFF on all products at Swiggy. Shop now: bit.ly/njFDOB T&C apply.,Promo,synthetic,False,Promo_0,2
Anytime...,Personal,uci,False,,5
Ok lor. Anyway i thk we cant get tickets now cos like quite late already. U wan 2 go look 4 ur frens a not? Darren is wif them now...,Personal,uci,False,,5
117528 is your verification code for Netflix. Never share your OTP.,OTP,synthetic,False,OTP_3,0
Low balance alert: A/c XX3190 balance is Rs.494044. Maintain min balance to avoid charges.,Bank,synthetic,False,Bank_10,1
Exclusive for you! Buy 1 Get 1 FREE at Meesho. Limited period offer. Visit bit.ly/bivmjy,Promo,synthetic,False,Promo_3,2
Coupon 7493 gives you free delivery on orders above Rs.4128. -Zomato,Promo,synthetic,True,Hard_1,2
I absolutely LOVE South Park! I only recently started watching the office.,Personal,uci,False,,5
S:-)if we have one good partnership going we will take lead:),Personal,uci,False,,5
Your  Ola code: 101504,OTP,synthetic,False,OTP_8,0
Your BigBasket order OD8999929647 has been shipped via Delhivery. Track: bit.ly/zTJNUT,Delivery,synthetic,False,Delivery_0,3
Enter 632155 to verify your mobile number for Ola.,OTP,synthetic,False,OTP_10,0
"not that I know of, most people up here are still out of town",Personal,uci,False,,5
Jus telling u dat i'll b leaving 4 shanghai on 21st instead so we'll haf more time 2 meet up cya...,Personal,uci,False,,5
Your one time password is 193040 for ICICI Bank. Please do not share it.,OTP,synthetic,False,OTP_5,0
Cheque no. 542731296318 for Rs.48455 has been cleared from A/c XX1424. -ICICI Bank,Bank,synthetic,False,Bank_8,1
No messages on her phone. I'm holding it now,Personal,uci,False,,5
"You are a £1000 winner or Guaranteed Caller Prize, this is our Final attempt to contact you! To Claim Call 09071517866 Now! 150ppmPOBox10183BhamB64XE",Spam,uci,False,,4
RS.73753 CREDITED TO A/C XX2157 ON 23-01-26. AVL BAL: RS.469519. -SBI,Bank,synthetic,False,Bank_1,1
Your one time password is 533849 for Swiggy. Please do not share it.,OTP,synthetic,False,OTP_5,0
"Yo, the game almost over? Want to go to walmart soon",Personal,uci,False,,5
OTP for delivery of order OD7355719108 is 5944. Share only with the delivery agent. -Ekart,Delivery,synthetic,False,Delivery_9,3
"Bro send me Rs.4257 on gpay, will return by 03 Jul",Personal,synthetic,True,Hard_5,5
Your A/c XX1617 is debited with Rs.30512 on 06-02-26. Info: UPI-Adweta. Bal: Rs.98262,Bank,synthetic,False,Bank_2,1
Haha... Really oh no... How? Then will they deduct your lesson tmr?,Personal,uci,False,,5
INTEREST OF RS.22231 CREDITED TO YOUR FD A/C XX5195. -SBI,Bank,synthetic,False,Bank_9,1
Congratulations! You won Rs.226237 in lucky draw. Claim: bit.ly/zfDqLk,Spam,synthetic,True,Hard_12,4
Low balance alert: A/c XX7778 balance is Rs.280058. Maintain min balance to avoid charges.,Bank,synthetic,False,Bank_10,1
Low balance alert: A/c XX7523 balance is Rs.173935. Maintain min balance to avoid charges. T&C apply,Bank,synthetic,False,Bank_10,1
It should take about  &lt;#&gt;  min,Personal,uci,False,,5
Items in ur order history are back in stock at Swiggy. Prices start Rs.1479.,Promo,synthetic,False,Promo_23,2
Your Jio pack expires tomorrow. Recharge with Rs.1936 for 2GB/day + unlimited calls.,Promo,synthetic,False,Promo_10,2
OTP for delivery of order OD2714315439 is 9622. Share only with the delivery agent. -Delhivery,Delivery,synthetic,False,Delivery_9,3
COUPON 4770 GIVES YOU FREE DELIVERY ON ORDERS ABOVE RS.1896. -MEESHO,Promo,synthetic,True,Hard_1,2
Rs.1560  cashback credited to your Paytm wallet. Use on your next order.,Promo,synthetic,False,Promo_21,2
Your BigBasket code: 310322,OTP,synthetic,False,OTP_8,0
DATA EXHAUSTED? GET 2GB EXTRA WITH RS.850 BOOSTER PACK. DIAL *121# OR VISIT APP.,Promo,synthetic,False,Promo_11,2
I dont. Can you send it to me. Plus how's mode.,Personal,uci,False,,5
Rs.50368 credited to A/c XX9139 on 31-01-26 Avl Bal: Rs.65773 -Kotak,Bank,synthetic,False,Bank_1,1
Blank is Blank. But wat is blank? Lol,Personal,uci,False,,5
Interest  of Rs.73769 credited to your FD A/c XX7389. -BOB,Bank,synthetic,False,Bank_9,1
"U were outbid by simonwatson5120 on the Shinco DVD Plyr. 2 bid again, visit sms. ac/smsrewards 2 end bid notifications, reply END OUT",Spam,uci,False,,4
"Orange customer, you may now claim your FREE CAMERA PHONE upgrade for your loyalty. Call now on 0207 153 9996. Offer ends 14thMarch. T&C's apply. Opt-out availa",Spam,uci,False,,4
Low balance alert: A/c XX9763 balance is Rs.202083. Maintain min balance to avoid charges.,Bank,synthetic,False,Bank_10,1
Salary of Rs.29823 credited to A/c XX9418. Avl Bal: Rs.412699. -PNB,Bank,synthetic,False,Bank_7,1
Rs.195 cashback credited to your Paytm wallet. Use on your next order.,Promo,synthetic,False,Promo_21,2
yes baby! I need to stretch open your pussy!,Personal,uci,False,,5
Your PNB code: 754103,OTP,synthetic,False,OTP_8,0
Falguni from Ekart is arriving with your package Contact: 0594784298,Delivery,synthetic,False,Delivery_6,3
Work from home! Earn Rs.2244086/month. Join: bit.ly/ZpVWZe,Spam,synthetic,True,Hard_14,4
Flipkart Big Billion Days! Up to 40% off + extra 10% with HDFC Bank cards. Hurry! T&C apply,Promo,synthetic,False,Promo_1,2
  G-715559 is your Google verification code.,OTP,synthetic,False,OTP_12,0
Hard LIVE 121 chat just 60p/min. Choose your girl and connect LIVE. Call 09094646899 now! Cheap Chat UK's biggest live service. VU BCM1896WC1N3XX,Spam,uci,False,,4
Amazon Big Billion Days! Up to 50% off + extra 10% with HDFC Bank cards. Hurry!,Promo,synthetic,False,Promo_1,2
Might ax well im there.,Personal,uci,False,,5
"bro send me rs.722 on gpay, will return by 06 jul",Personal,synthetic,True,Hard_5,5
O shore are you takin the bus,Personal,uci,False,,5
Yup bathe liao...,Personal,uci,False,,5
Txt: CALL to No: 86888 & claim your reward of 3 hours talk time to use from your phone now! Subscribe6GBP/mnth inc 3hrs 16 stop?txtStop www.gamb.tv,Spam,uci,False,,4
Flight  fares dropped! BLR-PNQ from Rs.1487. Book on ixigo before midnight.,Promo,synthetic,False,Promo_16,2
Out for delivery: Your Amazon package OD8118676000 will arrive today by 6 PM -XpressBees,Delivery,synthetic,False,Delivery_1,3
  Auto-pay of Rs.31402 to Warjas is scheduled on 03-07-26 from A/c XX3859. Ensure sufficient balance.,Bank,synthetic,False,Bank_13,1
SBI: 462939 is your login OTP. It expires in 15 minutes.,OTP,synthetic,False,OTP_6,0
THANX4 TODAY CER IT WAS NICE 2 CATCH UP BUT WE AVE 2 FIND MORE TIME MORE OFTEN OH WELL TAKE CARE C U SOON.C,Personal,uci,False,,5
"Bro send me Rs.4921 on gpay, will return by 04 Jul",Personal,synthetic,True,Hard_5,5
Dad went out oredi... ,Personal,uci,False,,5
Only 2% students solved this CAT question in 'xam... 5+3+2= &lt;#&gt;  9+2+4= &lt;#&gt;  8+6+3= &lt;#&gt;  then 7+2+5=????? Tell me the answer if u r brilliant...1thing.i got d answr.,Personal,uci,False,,5
Use 502922 to complete your BOB registration. Valid till 10 mins. -TM,OTP,synthetic,False,OTP_4,0
<#> 243068 is your PhonePe code. Valid 30 min. hA8sk2Lqp3,OTP,synthetic,False,OTP_13,0
Use 765497 to complete your IRCTC registration. Valid till 10 mins.,OTP,synthetic,False,OTP_4,0
Cos daddy arranging time c wat time fetch ü mah...,Personal,uci,False,,5
"hi samarth, unlock rs.692 off your first order at flipkart with code new14.",Promo,synthetic,False,Promo_7,2
Thought praps you meant another one. Goodo! I'll look tomorrow ,Personal,uci,False,,5
Your Uber code: 7145,OTP,synthetic,True,Hard_8,0
Your FD of Rs.97709 matures on 31-01-26. Renew or withdraw via netbanking. -Kotak -TM,Bank,synthetic,False,Bank_14,1
Missed our shows? Come back to SonyLIV at 50% off for 3 months. Resubscribe: bit.ly/GObkoE,Promo,synthetic,False,Promo_19,2
DELIVERED! YOUR AMAZON ORDER OD8062915745 WAS DELIVERED ON 04 JUL. RATE YOUR EXPERIENCE: BIT.LY/SDWIDF,Delivery,synthetic,False,Delivery_2,3
BigBasket: Your cart misses you! Complete purchase now & get 80% off. bit.ly/WLLbsj,Promo,synthetic,False,Promo_4,2
Low balance alert: A/c XX9786 balance is Rs.88700. Maintain min balance to avoid charges.,Bank,synthetic,False,Bank_10,1
K...k...yesterday i was in cbe .,Personal,uci,False,,5
KYC update pending for A/c XX2258. Please visit ur nearest ICICI Bank branch by 30-06-26 to avoid restrictions.,Bank,synthetic,False,Bank_12,1
EMI of Rs.26582 due on 11-04-26 for loan A/c XX4791. Pay now to avoid charges. -BOB,Bank,synthetic,False,Bank_4,1
How are you doing. How's the queen. Are you going for the royal wedding,Personal,uci,False,,5
amazon big billion days! up to 40% off + extra 10% with axis bank cards. hurry!,Promo,synthetic,False,Promo_1,2
"Sounds good, keep me posted",Personal,uci,False,,5
Hi. Happy New Year. I dont mean to intrude but can you pls let me know how much tuition you paid last semester and how much this semester is. Thanks,Personal,uci,False,,5
CONVERT YOUR AXIS BANK CARD PURCHASE OF RS.440 INTO EASY EMIS AT 0% INTEREST. REPLY YES.,Promo,synthetic,False,Promo_15,2
LAST DAY! ZOMATO CLEARANCE SALE ENDS TONIGHT. UP TO 20% OFF SITEWIDE.,Promo,synthetic,False,Promo_8,2
G-94013 is your Google verification code. -TM,OTP,synthetic,False,OTP_12,0
Ü come lt 25 n pass to me lar,Personal,uci,False,,5
<Forwarded from 21870000>Hi - this is your Mailbox Messaging SMS alert. You have 4 messages. You have 21 matches. Please call back on 09056242159 to retrieve your messages and matches,Spam,uci,False,,4
G-333236 is ur Google verification code.,OTP,synthetic,False,OTP_12,0
We are supposed to meet to discuss abt our trip... Thought xuhui told you? In the afternoon. Thought we can go for lesson after that,Personal,uci,False,,5
Rs.670  cashback credited to your PhonePe wallet. Use on your next order.,Promo,synthetic,False,Promo_21,2
"Trust me. Even if isn't there, its there.",Personal,uci,False,,5
Auto-pay of Rs.43082 to Balendra is scheduled on 02-01-26 from A/c XX5600. Ensure sufficient balance.,Bank,synthetic,False,Bank_13,1
670360 - USE THIS TO SIGN IN. NEVER SHARE THIS CODE WITH ANYONE.,OTP,synthetic,True,Hard_7,0
Loved your recent Myntra order? Reorder in 1 tap and get 20% off today.,Promo,synthetic,False,Promo_22,2
Your  Netflix code: 744753,OTP,synthetic,False,OTP_8,0
I don't know jack shit about anything or i'd say/ask something helpful but if you want you can pretend that I did and just text me whatever in response to the hypotheticalhuagauahahuagahyuhagga,Personal,uci,False,,5
"How long before you get reply, just defer admission til next semester",Personal,uci,False,,5
CONGRATULATIONS! YOU WON RS.2276324 IN LUCKY DRAW. CLAIM: BIT.LY/QHBXIZ,Spam,synthetic,True,Hard_12,4
  32448 is your HDFC Bank security code. Anyone asking for it is a scammer.,OTP,synthetic,False,OTP_9,0
Loved  your recent Zomato order? Reorder in 1 tap and get 30% off today.,Promo,synthetic,False,Promo_22,2
Yup...,Personal,uci,False,,5
Why you Dint come with us.,Personal,uci,False,,5
Pay INR 663 on delivery for order OD732472573. -DTDC,Delivery,synthetic,True,Hard_10,3
"HEY KATE, HOPE UR OK... WILL GIVE U A BUZ WEDLUNCH. GO OUTSOMEWHERE 4 ADRINK IN TOWN..CUD GO 2WATERSHD 4 A BIT? PPL FROMWRK WILL BTHERE. LOVE PETEXXX.",Personal,uci,False,,5
RS.536 CASHBACK CREDITED TO YOUR PHONEPE WALLET. USE ON YOUR NEXT ORDER.,Promo,synthetic,False,Promo_21,2
Out for delivery: Your Flipkart package OD7884629465 will arrive today by 6 PM. -Delhivery,Delivery,synthetic,False,Delivery_1,3
You  have 4184 reward points expiring on 06 Jul. Redeem on BigBasket.,Promo,synthetic,False,Promo_20,2
Lol yes. Our friendship is hanging on a thread cause u won't buy stuff.,Personal,uci,False,,5
Recharge with Rs.692 & get 10% extra talktime. Offer valid today only!,Promo,synthetic,False,Promo_5,2
Do you want a new Video phone? 600 anytime any network mins 400 Inclusive Video calls AND downloads 5 per week Free delTOMORROW call 08002888812 or reply NOW,Spam,uci,False,,4
Mekhala from Delhivery is arriving with your package. Contact: 4018128204 STOP to opt out,Delivery,synthetic,False,Delivery_6,3
3729 is your otp for ola login. valid for 10 minutes. do not share with anyone.,OTP,synthetic,False,OTP_0,0
"Dear,shall mail tonite.busy in the street,shall update you tonite.things are looking ok.varunnathu edukkukayee raksha ollu.but a good one in real sense.",Personal,uci,False,,5
Salary of Rs.98267 credited to A/c XX9662. Avl Bal: Rs.284713. -SBI,Bank,synthetic,False,Bank_7,1
Low balance alert: A/c XX1693 balance is Rs.279310. Maintain min balance to avoid charges.,Bank,synthetic,False,Bank_10,1
You have 1416 reward points expiring on 04 Jul. Redeem on Meesho.,Promo,synthetic,False,Promo_20,2
Buy Space Invaders 4 a chance 2 win orig Arcade Game console. Press 0 for Games Arcade (std WAP charge) See o2.co.uk/games 4 Terms + settings. No purchase,Spam,uci,False,,4
  Delivery attempt failed for order OD5875169468. We will retry tomorrow. -Ekart,Delivery,synthetic,False,Delivery_5,3
Yavnt tried yet and never played original either,Personal,uci,False,,5
Rs.1499 cashback credited to your PhonePe wallet Use on your next order,Promo,synthetic,False,Promo_21,2
No de.am seeing in online shop so that i asked.,Personal,uci,False,,5
"hey, my new number is 00448228763. save it! meet at noon?",Personal,synthetic,True,Hard_4,5
216441 is your OTP for Paytm login. Valid for 2 minutes. Do not share with anyone.,OTP,synthetic,False,OTP_0,0
IRCTC:  Special trains added for festive season. Book early & save up to 50%.,Promo,synthetic,False,Promo_17,2
Order  OD1394262482 packed and ready! Expected dispatch by 05 Jul. -Zomato,Delivery,synthetic,False,Delivery_8,3
U studying in sch or going home? Anyway i'll b going 2 sch later.,Personal,uci,False,,5
emi of rs.62460 due on 04-01-26 for loan a/c xx4270. pay now to avoid charges. -bob,Bank,synthetic,False,Bank_4,1
Use code 2767 at checkout for 50% off at Zomato!,Promo,synthetic,True,Hard_0,2
Auto-pay of Rs.87916 to Osha is scheduled on 15-04-26 from A/c XX3427. Ensure sufficient balance.,Bank,synthetic,False,Bank_13,1
IRCTC: Special trains added for festive season. Book early & save up to 50%.,Promo,synthetic,False,Promo_17,2
Your ICICI Bank debit card XX6945 has been blocked due to suspicious activity. Visit branch or call 1800-XXX to unblock.,Bank,synthetic,False,Bank_11,1
I dled 3d its very imp,Personal,uci,False,,5
Baaaaabe! I misss youuuuu ! Where are you ? I have to go and teach my class at 5 ...,Personal,uci,False,,5
Love it! The girls at the office may wonder why you are smiling but sore...,Personal,uci,False,,5
"Geeee ... I miss you already, you know ? Your all I can think about. Fuck, I can't wait till next year when we will be together ... *loving kiss*",Personal,uci,False,,5
You have 4630 reward points expiring on 03 Jul. Redeem on Swiggy. STOP to opt out,Promo,synthetic,False,Promo_20,2
  Cheque no. 408745908242 for Rs.23184 has been cleared from A/c XX7820. -PNB,Bank,synthetic,False,Bank_8,1
Dear customer ur Axis Bank account will be blocked! Update KYC now: bit.ly/arSTsZ,Spam,synthetic,True,Hard_11,4
g-97900 is your google verification code.,OTP,synthetic,False,OTP_12,0
Rs.1075 cashback credited to ur Paytm wallet. Use on ur next order.,Promo,synthetic,False,Promo_21,2
  Cheque no. 572833623789 for Rs.21398 has been cleared from A/c XX2065. -PNB,Bank,synthetic,False,Bank_8,1
601433 is your OTP for ICICI Bank login. Valid for 30 minutes. Do not share with anyone.,OTP,synthetic,False,OTP_0,0
Mm i had my food da from out,Personal,uci,False,,5
"Now, whats your house # again ? And do you have any beer there ?",Personal,uci,False,,5
Ok lor wat time ü finish?,Personal,uci,False,,5
Never y lei... I v lazy... Got wat? Dat day ü send me da url cant work one...,Personal,uci,False,,5
KYC update pending for A/c XX7228. Please visit your nearest Kotak branch by 14-04-26 to avoid restrictions.,Bank,synthetic,False,Bank_12,1
"A famous quote : when you develop the ability to listen to 'anything' unconditionally without losing your temper or self confidence, it means you are ......... 'MARRIED'",Personal,uci,False,,5
"Bro send me Rs.4550 on gpay, will return by 03 Jul",Personal,synthetic,True,Hard_5,5
"I'll see if I can swing by in a bit, got some things to take care of here firsg",Personal,uci,False,,5
Ur Uber code: 6492,OTP,synthetic,True,Hard_8,0
Juz now havent woke up so a bit blur blur... Can? Dad went out liao... I cant cum now oso...,Personal,uci,False,,5
KYC  update pending for A/c XX6308. Please visit your nearest PNB branch by 10-01-26 to avoid restrictions.,Bank,synthetic,False,Bank_12,1
Delivery attempt failed for order OD9622245293. We will retry tomorrow. -DTDC,Delivery,synthetic,False,Delivery_5,3
  Coupon 9924 gives you free delivery on orders above Rs.3067. -Flipkart,Promo,synthetic,True,Hard_1,2
Yo dude guess who just got arrested the other day,Personal,uci,False,,5
Your BOB debit card XX8515 has been blocked due to suspicious activity. Visit branch or call 1800-XXX to unblock.,Bank,synthetic,False,Bank_11,1
Recharge with Rs.1989 & get 40% extra talktime. Offer valid today only!,Promo,synthetic,False,Promo_5,2
No da. . Vijay going to talk in jaya tv,Personal,uci,False,,5
Yup next stop.,Personal,uci,False,,5
otp for delivery of order od8692956424 is 5591. share only with the delivery agent. -xpressbees,Delivery,synthetic,False,Delivery_9,3
Recharge with Rs.1204 & get 80% extra talktime. Offer valid today only!,Promo,synthetic,False,Promo_5,2
your a/c xx8427 is debited with rs.34819 on 12-06-26. info: upi-finn. bal: rs.136609,Bank,synthetic,False,Bank_2,1
Order  OD8061208457 packed and ready! Expected dispatch by 02 Jul. -BigBasket,Delivery,synthetic,False,Delivery_8,3
Great! I shoot big loads so get ready!,Personal,uci,False,,5
Auto-pay of Rs.6078 to Ekantika is scheduled on 30-03-26 from A/c XX1237 Ensure sufficient balance,Bank,synthetic,False,Bank_13,1
Flight fares dropped! BOM-LKO from Rs.52. Book on Goibibo before midnight.,Promo,synthetic,False,Promo_16,2
Mm you ask him to come its enough :-),Personal,uci,False,,5
"u r subscribed 2 TEXTCOMP 250 wkly comp. 1st wk?s free question follows, subsequent wks charged@150p/msg.2 unsubscribe txt STOP 2 84128,custcare 08712405020",Spam,uci,False,,4
942391 is your SBI security code. Anyone asking for it is a scammer. -TM,OTP,synthetic,False,OTP_9,0
Low balance alert: A/c XX7070 balance is Rs.250120. Maintain min balance to avoid charges.,Bank,synthetic,False,Bank_10,1
Baaaaaaaabe! Wake up ! I miss you ! I crave you! I need you!,Personal,uci,False,,5
Your credit card XX3278 statement is ready. Total due: Rs.63672. Min due: Rs.4539. -SBI,Bank,synthetic,False,Bank_5,1
"Erm … ill pick you up at about 6.45pm. That'll give enough time to get there, park and that.",Personal,uci,False,,5
"awesome, how do I deal with the gate? Charles told me last night but, uh, yeah",Personal,uci,False,,5
"Today is ""song dedicated day.."" Which song will u dedicate for me? Send this to all ur valuable frnds but first rply me...",Personal,uci,False,,5
Can u look 4 me in da lib i got stuff havent finish yet.,Personal,uci,False,,5
Rs.64013 debited from A/c XX6829 on 08-02-26 to Ekapad. Avl Bal: Rs.243188. -SBI,Bank,synthetic,False,Bank_0,1
Zomato Big Billion Days! Up to 50% off + extra 10% with SBI cards. Hurry!,Promo,synthetic,False,Promo_1,2
3383 is your zomato security code. anyone asking for it is a scammer.,OTP,synthetic,False,OTP_9,0
"Bro send me Rs.1876 on gpay, will return by 03 Jul",Personal,synthetic,True,Hard_5,5
No we sell it all so we'll have tons if coins. Then sell our coins to someone thru paypal. Voila! Money back in life pockets:),Personal,uci,False,,5
irctc: special trains added for festive season. book early & save up to 70%.,Promo,synthetic,False,Promo_17,2
You available now? I'm like right around hillsborough &amp;  &lt;#&gt; th,Personal,uci,False,,5
Your one time password is 511293 for IRCTC. Please do not share it.,OTP,synthetic,False,OTP_5,0
Ur Myntra order OD2505656268 has been shipped via Delhivery. Track: bit.ly/sBTYSJ,Delivery,synthetic,False,Delivery_0,3
Thank you. I like you as well...,Personal,uci,False,,5
Tap to verify: 871295 This code expires shortly,OTP,synthetic,True,Hard_9,0
"Forgot it takes me 3 years to shower, sorry. Where you at/your phone dead yet?",Personal,uci,False,,5
Your credit card XX7090 statement is ready. Total due: Rs.45172. Min due: Rs.2556. -Axis Bank,Bank,synthetic,False,Bank_5,1
484108 is your verification code for zomato. never share your otp.,OTP,synthetic,False,OTP_3,0
Ok k..sry i knw 2 siva..tats y i askd..,Personal,uci,False,,5
"SMSSERVICES. for yourinclusive text credits, pls goto www.comuk.net login= 3qxj9 unsubscribe with STOP, no extra charge. help 08702840625.COMUK. 220-CM2 9AE",Spam,uci,False,,4
Salary of Rs.77244 credited to A/c XX6550. Avl Bal: Rs.348131. -Axis Bank,Bank,synthetic,False,Bank_7,1
Interest of INR 73680 credited to your FD A/c XX1720. -Kotak,Bank,synthetic,False,Bank_9,1
Missed our shows? Come back to SonyLIV at 50% off for 3 months Resubscribe: bitly/HctCRh,Promo,synthetic,False,Promo_19,2
Rs.36981 debited from A/c XX4958 on 07-05-26 to Nirja. Avl Bal: Rs.391200. -PNB,Bank,synthetic,False,Bank_0,1
Use code 1264 at checkout for 50% off at Myntra!,Promo,synthetic,True,Hard_0,2
Nice.nice.how is it working?,Personal,uci,False,,5
Prof: you have passed in all the papers in this sem congrats . . . . Student: Enna kalaachutaarama..!! Prof:???? Gud mrng!,Personal,uci,False,,5
Yeah just open chat and click friend lists. Then make the list. Easy as pie,Personal,uci,False,,5
Oh:)as usual vijay film or its different?,Personal,uci,False,,5
"I.ll always be there, even if its just in spirit. I.ll get a bb soon. Just trying to be sure i need it.",Personal,uci,False,,5
Your Uber code: 7048 T&C apply,OTP,synthetic,True,Hard_8,0
EMI of Rs.54051 due on 25-01-26 for loan A/c XX1482 Pay now to avoid charges -Axis Bank,Bank,synthetic,False,Bank_4,1
Delivered! Your Swiggy order OD7473060579 was delivered on 04 Jul. Rate your experience: bit.ly/JzrVHe,Delivery,synthetic,False,Delivery_2,3
Work from home! Earn Rs.1437571/month. Join: bit.ly/fhDwLW,Spam,synthetic,True,Hard_14,4
Data exhausted? Get 1GB extra with Rs.491 booster pack. Dial *121# or visit app.,Promo,synthetic,False,Promo_11,2
Aight sorry I take ten years to shower. What's the plan?,Personal,uci,False,,5
Ur FD of Rs.49809 matures on 17-04-26. Renew or withdraw via netbanking. -PNB,Bank,synthetic,False,Bank_14,1
Hungry? Get 30% off up to Rs.351 on your next 3 orders Code: EAT58 -Zomato,Promo,synthetic,False,Promo_12,2
Auto-pay of Rs.10226 to Bhavna is scheduled on 03-07-26 from A/c XX9443. Ensure sufficient balance.,Bank,synthetic,False,Bank_13,1
Tap  to verify: 517469. This code expires shortly.,OTP,synthetic,True,Hard_9,0
Convert your Kotak card purchase of Rs.424 into easy EMIs at 0% interest Reply YES,Promo,synthetic,False,Promo_15,2
Convert your HDFC Bank card purchase of Rs.243 into easy EMIs at 0% interest. Reply YES.,Promo,synthetic,False,Promo_15,2
AUTO-PAY OF RS.86940 TO YAMINI IS SCHEDULED ON 05-04-26 FROM A/C XX1769. ENSURE SUFFICIENT BALANCE.,Bank,synthetic,False,Bank_13,1
Salary of Rs.10246 credited to A/c XX5174. Avl Bal: Rs.253470. -SBI,Bank,synthetic,False,Bank_7,1
Auto-pay of Rs.29438 to Nicholas is scheduled on 07-06-26 from A/c XX9013. Ensure sufficient balance.,Bank,synthetic,False,Bank_13,1
KYC update pending for A/c XX3272. Please visit ur nearest HDFC Bank branch by 06-01-26 to avoid restrictions.,Bank,synthetic,False,Bank_12,1
ITEMS IN YOUR ORDER HISTORY ARE BACK IN STOCK AT MEESHO. PRICES START RS.57.,Promo,synthetic,False,Promo_23,2
Jai from DTDC is arriving with your package. Contact: 05323634287,Delivery,synthetic,False,Delivery_6,3
Hey.. Something came up last min.. Think i wun be signing up tmr.. Hee,Personal,uci,False,,5
EMI of Rs.64242 due on 14-04-26 for loan A/c XX2457. Pay now to avoid charges. -PNB T&C apply,Bank,synthetic,False,Bank_4,1
"Miss ya, need ya, want ya, love ya.",Personal,uci,False,,5
Enter 333511 to verify ur mobile number for IRCTC.,OTP,synthetic,False,OTP_10,0
  OTP for delivery of order OD5414215279 is 6933. Share only with the delivery agent. -BlueDart,Delivery,synthetic,False,Delivery_9,3
Nope wif my sis lor... Aft bathing my dog then i can bathe... Looks like it's going 2 rain soon.,Personal,uci,False,,5
Kaiez... Enjoy ur tuition... Gee... Thk e second option sounds beta... I'll go yan jiu den msg u...,Personal,uci,False,,5
436870 - USE THIS TO SIGN IN. NEVER SHARE THIS CODE WITH ANYONE.,OTP,synthetic,True,Hard_7,0
INR 91223 credited to A/c XX8369 on 16-06-26. Avl Bal: INR 343997. -SBI,Bank,synthetic,False,Bank_1,1
Rs.1242 cashback credited to your Paytm wallet. Use on your next order. -TM,Promo,synthetic,False,Promo_21,2
85233 FREE>Ringtone!Reply REAL,Spam,uci,False,,4
Ur Uber code: 8314,OTP,synthetic,True,Hard_8,0
Tap to verify: 936639. This code expires shortly.,OTP,synthetic,True,Hard_9,0
Oh ok no prob..,Personal,uci,False,,5
URGENT! Your Mobile number has been awarded with a £2000 prize GUARANTEED. Call 09061790121 from land line. Claim 3030. Valid 12hrs only 150ppm,Spam,uci,False,,4
Must come later.. I normally bathe him in da afternoon mah..,Personal,uci,False,,5
"Bro send me Rs.1910 on gpay, will return by 02 Jul",Personal,synthetic,True,Hard_5,5
Your SBI debit card XX6753 has been blocked due to suspicious activity. Visit branch or call 1800-XXX to unblock.,Bank,synthetic,False,Bank_11,1
"Imagine you finally get to sink into that bath after I have put you through your paces, maybe even having you eat me for a while before I left ... But also imagine the feel of that cage on your cock surrounded by the bath water, reminding you always who owns you ... Enjoy, my cuck",Personal,uci,False,,5
  Dear customer ur SBI account will be blocked! Update KYC now: bit.ly/rvuxPl,Spam,synthetic,True,Hard_11,4
We tried to contact you re your reply to our offer of 750 mins 150 textand a new video phone call 08002988890 now or reply for free delivery tomorrow,Spam,uci,False,,4
Your A/c XX9869 is debited with Rs.44383 on 26-02-26. Info: UPI-Chandani. Bal: Rs.407506,Bank,synthetic,False,Bank_2,1
congratulations! you won rs.1305477 in lucky draw. claim: bit.ly/ikctvj,Spam,synthetic,True,Hard_12,4
MEGA SALE! Get 80% OFF on all products at Swiggy. Shop now: bit.ly/tgjCKh T&C apply.,Promo,synthetic,False,Promo_0,2
450649 is your OTP for Hotstar login. Valid for 15 minutes. Do not share with anyone.,OTP,synthetic,False,OTP_0,0
906575 is your verification code for icici bank. never share your otp.,OTP,synthetic,False,OTP_3,0
Interest  of Rs.62877 credited to your FD A/c XX5833. -PNB,Bank,synthetic,False,Bank_9,1
In life when you face choices Just toss a coin not becoz its settle the question But while the coin in the air U will know what your heart is hoping for. Gudni8,Personal,uci,False,,5
"Hey, my new number is 4693364716. Save it! Meet at noon?",Personal,synthetic,True,Hard_4,5
"It wont b until 2.15 as trying 2 sort house out, is that ok?",Personal,uci,False,,5
Yo guess what I just dropped,Personal,uci,False,,5
Sian... Aft meeting supervisor got work 2 do liao... U working now?,Personal,uci,False,,5
Coupon 3743 gives you free delivery on orders above Rs.1924. -Myntra,Promo,synthetic,True,Hard_1,2
Yup. Thk of u oso boring wat.,Personal,uci,False,,5
beware of fraud calls asking for card details. hdfc bank officials never ask for pin or cvv.,Bank,synthetic,False,Bank_15,1
Rs.434 cashback credited to ur Amazon Pay wallet. Use on ur next order.,Promo,synthetic,False,Promo_21,2
say thanks2. ,Personal,uci,False,,5
CONGRATULATIONS! YOU WON RS.2454284 IN LUCKY DRAW. CLAIM: BIT.LY/SYARMU,Spam,synthetic,True,Hard_12,4
  Missed our shows? Come back to SonyLIV at 50% off for 3 months. Resubscribe: bit.ly/dAhDyY,Promo,synthetic,False,Promo_19,2
PRIVATE! Your 2003 Account Statement for 07808247860 shows 800 un-redeemed S. I. M. points. Call 08719899229 Identifier Code: 40411 Expires 06/11/04,Spam,uci,False,,4
Auto-pay of Rs.93021 to Ayaan is scheduled on 06-05-26 from A/c XX9144. Ensure sufficient balance.,Bank,synthetic,False,Bank_13,1
BEWARE OF FRAUD CALLS ASKING FOR CARD DETAILS. AXIS BANK OFFICIALS NEVER ASK FOR PIN OR CVV.,Bank,synthetic,False,Bank_15,1
What you thinked about me. First time you saw me in class.,Personal,uci,False,,5
jasmit from bluedart is arriving with your package. contact: 9612432901,Delivery,synthetic,False,Delivery_6,3
ENTER 37612 TO VERIFY YOUR MOBILE NUMBER FOR HOTSTAR.,OTP,synthetic,False,OTP_10,0
Delivered! Your Swiggy order OD4392140552 was delivered on 02 Jul. Rate your experience: bit.ly/kVtAnv,Delivery,synthetic,False,Delivery_2,3
Your Myntra order OD7399663452 has been shipped via Delhivery Track: bitly/Erdtjd,Delivery,synthetic,False,Delivery_0,3
Missed our shows? Come back to SonyLIV at 50% off for 3 months. Resubscribe: bit.ly/rZQiOC,Promo,synthetic,False,Promo_19,2
Loved your recent Meesho order? Reorder in 1 tap and get 20% off today.,Promo,synthetic,False,Promo_22,2
  Last day! Zomato clearance sale ends tonight. Up to 70% off sitewide.,Promo,synthetic,False,Promo_8,2
HEY GIRL. HOW R U? HOPE U R WELL ME AN DEL R BAK! AGAIN LONG TIME NO C! GIVE ME A CALL SUM TIME FROM LUCYxx,Personal,uci,False,,5
Order OD5908000675 packed and ready! Expected dispatch by 06 Jul -Zomato,Delivery,synthetic,False,Delivery_8,3
She's fine. Good to hear from you. How are you my dear? Happy new year oh.,Personal,uci,False,,5
"Good stuff, will do.",Personal,uci,False,,5
Rs.243 cashback credited to your PhonePe wallet. Use on your next order.,Promo,synthetic,False,Promo_21,2
Exclusive for you! Buy 1 Get 1 FREE at Swiggy. Limited period offer. Visit bit.ly/emgONJ,Promo,synthetic,False,Promo_3,2
Your Uber code: 1245,OTP,synthetic,True,Hard_8,0
Cheque no 846228980302 for Rs.45550 has been cleared from A/c XX1752 -SBI,Bank,synthetic,False,Bank_8,1
K I'll call you when I'm close,Personal,uci,False,,5
KYC update pending for A/c XX1124. Please visit your nearest HDFC Bank branch by 09-01-26 to avoid restrictions. STOP to opt out,Bank,synthetic,False,Bank_12,1
Salary of Rs.63546 credited to A/c XX9839. Avl Bal: Rs.138150. -Kotak -TM,Bank,synthetic,False,Bank_7,1
"This is one of the days you have a billion classes, right?",Personal,uci,False,,5
"I'm a guy, browsin is compulsory",Personal,uci,False,,5
Your Vi pack expires tomorrow. Recharge with Rs.1616 for 3GB/day + unlimited calls. T&C apply,Promo,synthetic,False,Promo_10,2
Coupon 8326 gives you free delivery on orders above Rs.2002. -Flipkart,Promo,synthetic,True,Hard_1,2
"Sorry sir, i will call you tomorrow.  senthil.hsbc",Personal,uci,False,,5
"Did he say how fantastic I am by any chance, or anything need a bigger life lift as losing the will 2 live, do you think I would be the first person 2 die from N V Q? ",Personal,uci,False,,5
423079 - USE THIS TO SIGN IN. NEVER SHARE THIS CODE WITH ANYONE.,OTP,synthetic,True,Hard_7,0
Delivery attempt failed for order OD3910907572. We will retry tomorrow. -XpressBees,Delivery,synthetic,False,Delivery_5,3
"wow. You're right! I didn't mean to do that. I guess once i gave up on boston men and changed my search location to nyc, something changed. Cuz on my signin page it still says boston.",Personal,uci,False,,5
Your Kotak debit card XX4734 has been blocked due to suspicious activity. Visit branch or call 1800-XXX to unblock.,Bank,synthetic,False,Bank_11,1
MISSED OUR SHOWS? COME BACK TO PRIME VIDEO AT 50% OFF FOR 3 MONTHS. RESUBSCRIBE: BIT.LY/CPTWSH,Promo,synthetic,False,Promo_19,2
Your  FD of Rs.79281 matures on 28-06-26. Renew or withdraw via netbanking. -SBI,Bank,synthetic,False,Bank_14,1
Delivered! Ur Myntra order OD9143223688 was delivered on 04 Jul. Rate ur experience: bit.ly/iNwznm,Delivery,synthetic,False,Delivery_2,3
Auto-pay of Rs.29388 to Urishilla is scheduled on 12-03-26 from A/c XX9714. Ensure sufficient balance.,Bank,synthetic,False,Bank_13,1
"Good afternoon sunshine! How dawns that day ? Are we refreshed and happy to be alive? Do we breathe in the air and smile ? I think of you, my love ... As always",Personal,uci,False,,5
Leave it de:-). Start Prepare for next:-)..,Personal,uci,False,,5
work from home! earn rs.554820/month. join: bit.ly/fiiusu,Spam,synthetic,True,Hard_14,4
What I'm saying is if you haven't explicitly told nora I know someone I'm probably just not gonna bother,Personal,uci,False,,5
27938 is your HDFC Bank security code Anyone asking for it is a scammer,OTP,synthetic,False,OTP_9,0
fitan from dtdc is arriving with your package. contact: 2578161715,Delivery,synthetic,False,Delivery_6,3
beware of fraud calls asking for card details. bob officials never ask for pin or cvv.,Bank,synthetic,False,Bank_15,1
Your Uber code: 4255,OTP,synthetic,True,Hard_8,0
"(And my man carlos is definitely coming by mu tonight, no excuses)",Personal,uci,False,,5
"Ta-Daaaaa! I am home babe, are you still up ?",Personal,uci,False,,5
  ICICI Bank: 574561 is your login OTP. It expires in 15 minutes.,OTP,synthetic,False,OTP_6,0
Monthly password for wap. mobsi.com is 391784. Use your wap phone not PC.,Spam,uci,False,,4
  Salary of Rs.5487 credited to A/c XX6915. Avl Bal: Rs.447743. -PNB,Bank,synthetic,False,Bank_7,1
957952  - use this to sign in. Never share this code with anyone.,OTP,synthetic,True,Hard_7,0
"complimentary 4 STAR Ibiza Holiday or £10,000 cash needs your URGENT collection. 09066364349 NOW from Landline not to lose out! Box434SK38WP150PPM18+",Spam,uci,False,,4
Mark works tomorrow. He gets out at 5. His work is by your house so he can meet u afterwards.,Personal,uci,False,,5
Normally i use to drink more water daily:),Personal,uci,False,,5
Dear customer ur BOB account will be blocked! Update KYC now: bit.ly/eByldB STOP to opt out,Spam,synthetic,True,Hard_11,4
"HEY, MY NEW NUMBER IS 3396701020. SAVE IT! MEET AT 6PM?",Personal,synthetic,True,Hard_4,5
"URGENT! Your Mobile No was awarded a £2,000 Bonus Caller Prize on 1/08/03! This is our 2nd attempt to contact YOU! Call 0871-4719-523 BOX95QU BT National Rate",Spam,uci,False,,4
Rs.45123  credited to A/c XX3365 on 15-05-26. Avl Bal: Rs.371127. -Kotak,Bank,synthetic,False,Bank_1,1
missed our shows? come back to hotstar at 50% off for 3 months. resubscribe: bit.ly/wdeovx,Promo,synthetic,False,Promo_19,2
Your Uber code: 2669,OTP,synthetic,True,Hard_8,0
"Welcome to UK-mobile-date this msg is FREE giving you free calling to 08719839835. Future mgs billed at 150p daily. To cancel send ""go stop"" to 89123",Spam,uci,False,,4
If you have belive me. Come to my home.,Personal,uci,False,,5
Block Breaker now comes in deluxe format with new features and great graphics from T-Mobile. Buy for just £5 by replying GET BBDELUXE and take the challenge,Spam,uci,False,,4
Tap to verify: 560252. This code expires shortly.,OTP,synthetic,True,Hard_9,0
  Out for delivery: Your Flipkart package OD8523666062 will arrive today by 6 PM. -BlueDart,Delivery,synthetic,False,Delivery_1,3
Auto-pay of Rs.43769 to Widisha is scheduled on 14-05-26 from A/c XX8270. Ensure sufficient balance. -TM,Bank,synthetic,False,Bank_13,1
G-391969 is your Google verification code.,OTP,synthetic,False,OTP_12,0
Exclusive for you! Buy 1 Get 1 FREE at Amazon. Limited period offer. Visit bit.ly/dVsWty,Promo,synthetic,False,Promo_3,2
Missed  our shows? Come back to SonyLIV at 50% off for 3 months. Resubscribe: bit.ly/xqNqvV,Promo,synthetic,False,Promo_19,2
It's ok lar. U sleep early too... Nite...,Personal,uci,False,,5
Coupon 2148 gives you free delivery on orders above Rs.1339. -BigBasket,Promo,synthetic,True,Hard_1,2
"Hey, my new number is 5038368395. Save it! Meet at 6pm?",Personal,synthetic,True,Hard_4,5
I'll probably be by tomorrow (or even later tonight if something's going on),Personal,uci,False,,5
Items in your order history are back in stock at Meesho. Prices start Rs.1426.,Promo,synthetic,False,Promo_23,2
Come to my home for one last time i wont do anything. Trust me.,Personal,uci,False,,5
K:)k:)good:)study well.,Personal,uci,False,,5
Your Amazon membership expires soon. Renew now & save 40%: bit.ly/tLMbQR,Promo,synthetic,False,Promo_9,2
"Good afternoon sexy buns! How goes the job search ? I wake and you are my first thought as always, my love. I wish your fine and happy and know I adore you!",Personal,uci,False,,5
You sure your neighbors didnt pick it up,Personal,uci,False,,5
Delivered! Your Flipkart order OD2363244556 was delivered on 04 Jul. Rate your experience: bit.ly/CdTikS,Delivery,synthetic,False,Delivery_2,3
"Someone U know has asked our dating service 2 contact you! Cant Guess who? CALL 09058097189 NOW all will be revealed. POBox 6, LS15HB 150p ",Spam,uci,False,,4
Your FD of Rs.30306 matures on 29-04-26. Renew or withdraw via netbanking. -Kotak,Bank,synthetic,False,Bank_14,1
  Congratulations! You won Rs.1720394 in lucky draw. Claim: bit.ly/mffNEs,Spam,synthetic,True,Hard_12,4
Interest of Rs.77190 credited to ur FD A/c XX7440. -HDFC Bank,Bank,synthetic,False,Bank_9,1
Delivery attempt failed for order OD7081054431. We will retry tomorrow. -Ekart,Delivery,synthetic,False,Delivery_5,3
Uber: 15941 is your login OTP. It expires in 15 minutes. STOP to opt out,OTP,synthetic,False,OTP_6,0
KYC update pending for A/c XX6526. Please visit your nearest SBI branch by 01-04-26 to avoid restrictions.,Bank,synthetic,False,Bank_12,1
Great NEW Offer - DOUBLE Mins & DOUBLE Txt on best Orange tariffs AND get latest camera phones 4 FREE! Call MobileUpd8 free on 08000839402 NOW! or 2stoptxt T&Cs,Spam,uci,False,,4
Cause I'm not freaky lol,Personal,uci,False,,5
S.this will increase the chance of winning.,Personal,uci,False,,5
Congratulations! You won Rs.1749022 in lucky draw. Claim: bit.ly/BlWdSu STOP to opt out,Spam,synthetic,True,Hard_12,4
"HEY HEY WERETHE MONKEESPEOPLE SAY WE MONKEYAROUND! HOWDY GORGEOUS, HOWU DOIN? FOUNDURSELF A JOBYET SAUSAGE?LOVE JEN XXX",Personal,uci,False,,5
Cheque no. 474178279238 for Rs.45734 has been cleared from A/c XX3502. -SBI,Bank,synthetic,False,Bank_8,1
  Cheque no. 574262023042 for Rs.5308 has been cleared from A/c XX2552. -ICICI Bank,Bank,synthetic,False,Bank_8,1
Guess what! Somebody you know secretly fancies you! Wanna find out who it is? Give us a call on 09065394514 From Landline DATEBox1282EssexCM61XN 150p/min 18,Spam,uci,False,,4
  Items in your order history are back in stock at Myntra. Prices start Rs.632.,Promo,synthetic,False,Promo_23,2
Ur Uber code: 1126,OTP,synthetic,True,Hard_8,0
Work from home! Earn Rs.490105/month. Join: bit.ly/CtlAzm,Spam,synthetic,True,Hard_14,4
Flight fares dropped! DEL-LKO from Rs.1733. Book on Goibibo before midnight.,Promo,synthetic,False,Promo_16,2
Your  one time password is 222618 for Axis Bank. Please do not share it.,OTP,synthetic,False,OTP_5,0
Delivered! Your BigBasket order OD3287774367 was delivered on 01 Jul. Rate your experience: bit.ly/QzXKiz,Delivery,synthetic,False,Delivery_2,3
KYC update pending for A/c XX2130. Please visit ur nearest ICICI Bank branch by 22-06-26 to avoid restrictions.,Bank,synthetic,False,Bank_12,1
Pay Rs.1189 on delivery for order OD356588887 -XpressBees,Delivery,synthetic,True,Hard_10,3
  Your Uber code: 3716,OTP,synthetic,True,Hard_8,0
I AM AT THE GAS STATION. GO THERE.,Personal,uci,False,,5
GENT! We are trying to contact you. Last weekends draw shows that you won a £1000 prize GUARANTEED. Call 09064012160. Claim Code K52. Valid 12hrs only. 150ppm,Spam,uci,False,,4
U should have made an appointment,Personal,uci,False,,5
"Hi Eta, unlock Rs.212 off your first order at Amazon with code NEW62. -TM",Promo,synthetic,False,Promo_7,2
"It's ok, at least armand's still around",Personal,uci,False,,5
"Spook up your mob with a Halloween collection of a logo & pic message plus a free eerie tone, txt CARD SPOOK to 8007 zed 08701417012150p per logo/pic ",Spam,uci,False,,4
Dunno lei shd b driving lor cos i go sch 1 hr oni.,Personal,uci,False,,5
I am in tirupur.  call you da.,Personal,uci,False,,5
EMI of Rs.66020 due on 17-02-26 for loan A/c XX4836. Pay now to avoid charges. -Kotak,Bank,synthetic,False,Bank_4,1
ME 2 BABE I FEEL THE SAME LETS JUST 4GET ABOUT IT+BOTH TRY +CHEER UP+NOT FIT SOO MUCHXXLOVE U LOCAXX,Personal,uci,False,,5
The basket's gettin full so I might be by tonight,Personal,uci,False,,5
"Yeah I am, so I'll leave maybe 7ish?",Personal,uci,False,,5
Krish from BlueDart is arriving with your package. Contact: 04380269735,Delivery,synthetic,False,Delivery_6,3
Out for delivery: Your Meesho package OD5093649944 will arrive today by 9 PM. -XpressBees STOP to opt out,Delivery,synthetic,False,Delivery_1,3
"its cool but tyler had to take off so we're gonna buy for him and drop it off at his place later tonight. Our total order is a quarter, you got enough?",Personal,uci,False,,5
Congratulations! You won Rs.1521762 in lucky draw. Claim: bit.ly/dhCEPs -TM,Spam,synthetic,True,Hard_12,4
<#> 551192 IS YOUR UBER CODE. VALID 30 MIN. HA8SK2LQP3,OTP,synthetic,False,OTP_13,0
Congratulations! You won Rs.1209538 in lucky draw. Claim: bit.ly/wMuzfK,Spam,synthetic,True,Hard_12,4
"hey, my new number is 03477052179. save it! meet at 8?",Personal,synthetic,True,Hard_4,5
Gaurangi from Delhivery is arriving with your package. Contact: 4088052138,Delivery,synthetic,False,Delivery_6,3
Items  in your order history are back in stock at Swiggy. Prices start Rs.1746.,Promo,synthetic,False,Promo_23,2
MEGA  SALE! Get 40% OFF on all products at Flipkart. Shop now: bit.ly/NcFfPH T&C apply.,Promo,synthetic,False,Promo_0,2
386345 is your verification code for Uber. Never share your OTP.,OTP,synthetic,False,OTP_3,0
Salary of Rs.29144 credited to A/c XX8503 Avl Bal: Rs.423777 -Kotak,Bank,synthetic,False,Bank_7,1
  Order OD7488154374 packed and ready! Expected dispatch by 01 Jul. -BigBasket,Delivery,synthetic,False,Delivery_8,3
Items in your order history are back in stock at Swiggy. Prices start Rs.1972.,Promo,synthetic,False,Promo_23,2
"What i mean was i left too early to check, cos i'm working a 9-6.",Personal,uci,False,,5
Ur cash-balance is currently 500 pounds - to maximize ur cash-in now send GO to 86688 only 150p/msg. CC: 08718720201 PO BOX 114/14 TCR/W1,Spam,uci,False,,4
Hi..i got the money da:),Personal,uci,False,,5
Or I guess  &lt;#&gt;  min,Personal,uci,False,,5
"Good morning, im suffering from fever and dysentry ..will not be able to come to office today.",Personal,uci,False,,5
your a/c xx2351 is debited with rs.36563 on 03-05-26. info: upi-yashvi. bal: rs.336092,Bank,synthetic,False,Bank_2,1
I have to take exam with in march 3,Personal,uci,False,,5
Sanaya from Ekart is arriving with your package. Contact: +918099575319,Delivery,synthetic,False,Delivery_6,3
Ur Prime Video plan renews on 05 Jul at Rs.551. Upgrade to 4K for Rs.264/month.,Promo,synthetic,False,Promo_18,2
Hungry? Get 80% off up to Rs.1153 on ur next 3 orders. Code: EAT29. -Swiggy,Promo,synthetic,False,Promo_12,2
  Your FD of Rs.73105 matures on 26-04-26. Renew or withdraw via netbanking. -Kotak,Bank,synthetic,False,Bank_14,1
Guneet  from XpressBees is arriving with your package. Contact: 5314819945,Delivery,synthetic,False,Delivery_6,3
Your Uber code: 3957,OTP,synthetic,True,Hard_8,0
I am great! How are you?,Personal,uci,False,,5
MEGA SALE! Get 30% OFF on all products at BigBasket. Shop now: bit.ly/snLrXp T&C apply.,Promo,synthetic,False,Promo_0,2
G-872240 is your Google verification code.,OTP,synthetic,False,OTP_12,0
Is ur lecture over?,Personal,uci,False,,5
Taka lor. Wat time u wan 2 come n look 4 us?,Personal,uci,False,,5
I jokin oni lar.. Ü busy then i wun disturb ü.,Personal,uci,False,,5
Yeah but which is worse for i,Personal,uci,False,,5
Your order OD4333260288 from Myntra is arriving tomorrow. Keep Rs.743 ready for COD.,Delivery,synthetic,False,Delivery_3,3
SERIOUSLY. TELL HER THOSE EXACT WORDS RIGHT NOW.,Personal,uci,False,,5
"Hey, my new number is 09198211426. Save it! Meet at tonight?",Personal,synthetic,True,Hard_4,5
Swiggy Big Billion Days! Up to 40% off + extra 10% with PNB cards. Hurry!,Promo,synthetic,False,Promo_1,2
KYC update pending for A/c XX3687. Please visit ur nearest SBI branch by 05-04-26 to avoid restrictions.,Bank,synthetic,False,Bank_12,1
Congratulations! You won Rs.1455200 in lucky draw. Claim: bit.ly/OWeiow,Spam,synthetic,True,Hard_12,4
Can you call me plz. Your number shows out of coveragd area. I have urgnt call in vasai &amp; have to reach before 4'o clock so call me plz,Personal,uci,False,,5
But i'm really really broke oh. No amount is too small even  &lt;#&gt; ,Personal,uci,False,,5
Your BOB debit card XX2746 has been blocked due to suspicious activity. Visit branch or call 1800-XXX to unblock.,Bank,synthetic,False,Bank_11,1
I hope you that's the result of being consistently intelligent and kind. Start asking him about practicum links and keep your ears open and all the best. ttyl,Personal,uci,False,,5
"Hi Krishna, unlock Rs.1452 off your first order at Flipkart with code NEW41",Promo,synthetic,False,Promo_7,2
Your IRCTC code: 429787,OTP,synthetic,False,OTP_8,0
358480 is your OTP for Uber login. Valid for 15 minutes. Do not share with anyone.,OTP,synthetic,False,OTP_0,0
Feel like trying kadeem again? :V,Personal,uci,False,,5
Salary  of Rs.7885 credited to A/c XX9890. Avl Bal: Rs.202149. -Kotak,Bank,synthetic,False,Bank_7,1
I HAVE A DATE ON SUNDAY WITH WILL!!,Personal,uci,False,,5
Rs.75283  debited from A/c XX2641 on 02-05-26 to Jyoti. Avl Bal: Rs.21104. -BOB,Bank,synthetic,False,Bank_0,1
Salary of Rs.56458 credited to A/c XX3550. Avl Bal: Rs.371680. -BOB,Bank,synthetic,False,Bank_7,1
Tap to verify: 218065. This code expires shortly.,OTP,synthetic,True,Hard_9,0
907279 is your OTP for Swiggy login. Valid for 15 minutes. Do not share with anyone.,OTP,synthetic,False,OTP_0,0
* Am on a train back from northampton so i'm afraid not!,Personal,uci,False,,5
Charvi from Ekart is arriving with your package. Contact: +918116671519,Delivery,synthetic,False,Delivery_6,3
East coast,Personal,uci,False,,5
Work from home! Earn Rs.990745/month. Join: bit.ly/YfeFoJ,Spam,synthetic,True,Hard_14,4
U don't know how stubborn I am. I didn't even want to go to the hospital. I kept telling Mark I'm not a weak sucker. Hospitals are for weak suckers.,Personal,uci,False,,5
Where are you lover ? I need you ...,Personal,uci,False,,5
Auto-pay of Rs.20331 to Bishakha is scheduled on 29-06-26 from A/c XX9158. Ensure sufficient balance.,Bank,synthetic,False,Bank_13,1
145715 is your verification code for Hotstar Never share your OTP,OTP,synthetic,False,OTP_3,0
Coupon 7038 gives you free delivery on orders above Rs.1729. -Myntra,Promo,synthetic,True,Hard_1,2
Missed  our shows? Come back to SonyLIV at 50% off for 3 months. Resubscribe: bit.ly/nTlZJv,Promo,synthetic,False,Promo_19,2
Your one time password is 861515 for BOB. Please do not share it.,OTP,synthetic,False,OTP_5,0
Delivered! Your Meesho order OD4293529272 was delivered on 05 Jul. Rate your experience: bit.ly/HlyCnB,Delivery,synthetic,False,Delivery_2,3
<#> 614357 is your SBI code Valid 2 min hA8sk2Lqp3,OTP,synthetic,False,OTP_13,0
<#> 814714 is your Uber code. Valid 10 min. hA8sk2Lqp3,OTP,synthetic,False,OTP_13,0
"Bro send me Rs.261 on gpay, will return by 03 Jul",Personal,synthetic,True,Hard_5,5
COUPON 3153 GIVES YOU FREE DELIVERY ON ORDERS ABOVE RS.696. -MEESHO,Promo,synthetic,True,Hard_1,2
"Yalru lyfu astne chikku.. Bt innu mundhe lyf ali halla ke bilo (marriage)program edhae, so lyf is nt yet ovr chikku..ali vargu lyfu meow meow:-D",Personal,uci,False,,5
  Delivered! Your Swiggy order OD8623914480 was delivered on 03 Jul. Rate your experience: bit.ly/HaHrBG,Delivery,synthetic,False,Delivery_2,3
Amazon: 815459 is your login OTP. It expires in 10 minutes.,OTP,synthetic,False,OTP_6,0
Salary of Rs.78357 credited to A/c XX8297. Avl Bal: Rs.198262. -BOB,Bank,synthetic,False,Bank_7,1
Your PNB code: 257139,OTP,synthetic,False,OTP_8,0
"As a valued customer, I am pleased to advise you that following recent review of your Mob No. you are awarded with a £1500 Bonus Prize, call 09066364589",Spam,uci,False,,4
  Netflix: 959111 is your login OTP. It expires in 2 minutes.,OTP,synthetic,False,OTP_6,0
Your next amazing xxx PICSFREE1 video will be sent to you enjoy! If one vid is not enough for 2day text back the keyword PICSFREE1 to get the next video.,Spam,uci,False,,4
I love u 2 babe! R u sure everything is alrite. Is he being an idiot? Txt bak girlie,Personal,uci,False,,5
Rs.85696 credited to A/c XX1998 on 08-03-26. Avl Bal: Rs.118829. -HDFC Bank,Bank,synthetic,False,Bank_1,1
Recharge with Rs.1863 & get 40% extra talktime. Offer valid today only!,Promo,synthetic,False,Promo_5,2
I'm still looking for a car to buy. And have not gone 4the driving test yet.,Personal,uci,False,,5
Xiti from Delhivery is arriving with your package. Contact: 7021625298 -TM,Delivery,synthetic,False,Delivery_6,3
BigBasket Big Billion Days! Up to 80% off + extra 10% with ICICI Bank cards. Hurry!,Promo,synthetic,False,Promo_1,2
  509489 is your verification code for BigBasket. Never share your OTP.,OTP,synthetic,False,OTP_3,0
You flippin your shit yet?,Personal,uci,False,,5
YOUR ORDER OD9926503597 FROM MYNTRA IS ARRIVING TOMORROW. KEEP RS.1697 READY FOR COD.,Delivery,synthetic,False,Delivery_3,3
"  Never share your OTP, PIN or CVV. Axis Bank never asks for these. Stay safe.",Bank,synthetic,True,Hard_3,1
Yes princess! I want to catch you with my big strong hands...,Personal,uci,False,,5
Love has one law; Make happy the person you love. In the same way friendship has one law; Never make ur friend feel alone until you are alive.... Gud night,Personal,uci,False,,5
I want to lick your pussy now...,Personal,uci,False,,5
574905 is your OTP for Flipkart login. Valid for 15 minutes. Do not share with anyone.,OTP,synthetic,False,OTP_0,0
Convert  your HDFC Bank card purchase of Rs.893 into easy EMIs at 0% interest. Reply YES.,Promo,synthetic,False,Promo_15,2
The monthly amount is not that terrible and you will not pay anything till 6months after finishing school.,Personal,uci,False,,5
Swiggy: Your cart misses you! Complete purchase now & get 20% off. bit.ly/kNNIoX,Promo,synthetic,False,Promo_4,2
KYC update pending for A/c XX8240 Please visit your nearest ICICI Bank branch by 02-04-26 to avoid restrictions,Bank,synthetic,False,Bank_12,1
Your  Airtel pack expires tomorrow. Recharge with Rs.949 for 3GB/day + unlimited calls.,Promo,synthetic,False,Promo_10,2
"Yeah, that's fine! It's £6 to get in, is that ok? ",Personal,uci,False,,5
rs.941 cashback credited to your amazon pay wallet. use on your next order.,Promo,synthetic,False,Promo_21,2
I know you are. Can you pls open the back?,Personal,uci,False,,5
Then why no one talking to me,Personal,uci,False,,5
"Dear Voucher Holder, To claim this weeks offer, at you PC please go to http://www.e-tlp.co.uk/expressoffer Ts&Cs apply. To stop texts, txt STOP to 80062",Spam,uci,False,,4
Me hungry buy some food good lei... But mum n yun dun wan juz buy a little bit... ,Personal,uci,False,,5
Swiggy: Your cart misses you! Complete purchase now & get 30% off bitly/bkYVpm,Promo,synthetic,False,Promo_4,2
Low balance alert: A/c XX8319 balance is Rs.456638. Maintain min balance to avoid charges.,Bank,synthetic,False,Bank_10,1
Cramps stopped. Going back to sleep,Personal,uci,False,,5
463701 - use this code to sign in to Flipkart Never share it with anyone,OTP,synthetic,False,OTP_7,0
S s..first time..dhoni rocks...,Personal,uci,False,,5
Low balance alert: A/c XX8476 balance is Rs.87490 Maintain min balance to avoid charges,Bank,synthetic,False,Bank_10,1
  G-7938 is your Google verification code.,OTP,synthetic,False,OTP_12,0
I will see in half an hour,Personal,uci,False,,5
Out for delivery: Your Zomato package OD6984442680 will arrive today by 12 PM -BlueDart,Delivery,synthetic,False,Delivery_1,3
Ur cash-balance is currently 500 pounds - to maximize ur cash-in now send COLLECT to 83600 only 150p/msg. CC: 08718720201 PO BOX 114/14 TCR/W1,Spam,uci,False,,4
Salary of Rs.62886 credited to A/c XX2844 Avl Bal: Rs.298395 -Kotak,Bank,synthetic,False,Bank_7,1
True lov n care wil nevr go unrecognized. though somone often makes mistakes when valuing it. but they will definitly undrstnd once when they start missing it.,Personal,uci,False,,5
  Enter 612393 to verify your mobile number for Myntra.,OTP,synthetic,False,OTP_10,0
I'm wif him now buying tix lar...,Personal,uci,False,,5
Low balance alert: A/c XX4036 balance is Rs.345558. Maintain min balance to avoid charges.,Bank,synthetic,False,Bank_10,1
EMI of Rs.51832 due on 16-05-26 for loan A/c XX3849. Pay now to avoid charges. -Axis Bank,Bank,synthetic,False,Bank_4,1
  Auto-pay of Rs.34175 to Jason is scheduled on 29-06-26 from A/c XX2797. Ensure sufficient balance.,Bank,synthetic,False,Bank_13,1
"After my work ah... Den 6 plus lor... U workin oso rite... Den go orchard lor, no other place to go liao...",Personal,uci,False,,5
I love working from home :),Personal,uci,False,,5
Noah from Delhivery is arriving with your package. Contact: 2739753819,Delivery,synthetic,False,Delivery_6,3
  Delivered! Your Flipkart order OD9844436727 was delivered on 01 Jul. Rate your experience: bit.ly/EAfyqP,Delivery,synthetic,False,Delivery_2,3
KYC update pending for A/c XX7059. Please visit your nearest HDFC Bank branch by 23-06-26 to avoid restrictions.,Bank,synthetic,False,Bank_12,1
ITEMS IN YOUR ORDER HISTORY ARE BACK IN STOCK AT MEESHO. PRICES START RS.1485.,Promo,synthetic,False,Promo_23,2
What time you think you'll have it? Need to know when I should be near campus,Personal,uci,False,,5
Coupon 6178 gives you free delivery on orders above Rs.1538. -Flipkart,Promo,synthetic,True,Hard_1,2
emi of rs.37101 due on 29-01-26 for loan a/c xx1797. pay now to avoid charges. -icici bank,Bank,synthetic,False,Bank_4,1
"Princess, is your kitty shaved or natural?",Personal,uci,False,,5
691052 - use this code to sign in to PNB. Never share it with anyone.,OTP,synthetic,False,OTP_7,0
That day you asked about anand number. Why:-),Personal,uci,False,,5
I want to tell you how bad I feel that basically the only times I text you lately are when I need drugs,Personal,uci,False,,5
Exclusive for you! Buy 1 Get 1 FREE at Myntra. Limited period offer. Visit bit.ly/eTWGxo,Promo,synthetic,False,Promo_3,2
EMI of Rs.88867 due on 23-04-26 for loan A/c XX6082. Pay now to avoid charges. -Axis Bank,Bank,synthetic,False,Bank_4,1
Your Jio pack expires tomorrow. Recharge with INR 1616 for 1.5GB/day + unlimited calls.,Promo,synthetic,False,Promo_10,2
Interest of Rs.31692 credited to ur FD A/c XX3838. -SBI,Bank,synthetic,False,Bank_9,1
Your order OD7042117793 from Zomato is arriving tomorrow. Keep Rs.466 ready for COD.,Delivery,synthetic,False,Delivery_3,3
Delivered! Your Myntra order OD5752033474 was delivered on 05 Jul Rate your experience: bitly/MHhpMA,Delivery,synthetic,False,Delivery_2,3
"HI MAHIKA, UNLOCK RS.902 OFF YOUR FIRST ORDER AT AMAZON WITH CODE NEW37.",Promo,synthetic,False,Promo_7,2
ALRITE,Personal,uci,False,,5
Also fuck you and your family for going to rhode island or wherever the fuck and leaving me all alone the week I have a new bong &gt;:(,Personal,uci,False,,5
How come u got nothing to do?,Personal,uci,False,,5
Your Zomato membership expires soon. Renew now & save 40%: bit.ly/UhhGZv,Promo,synthetic,False,Promo_9,2
Kavya from Delhivery is arriving with your package. Contact: +916841587433,Delivery,synthetic,False,Delivery_6,3
Want 2 get laid tonight? Want real Dogging locations sent direct 2 ur mob? Join the UK's largest Dogging Network bt Txting GRAVEL to 69888! Nt. ec2a. 31p.msg@150p,Spam,uci,False,,4
<#> 253735 is your Kotak code. Valid 2 min. hA8sk2Lqp3,OTP,synthetic,False,OTP_13,0
"URGENT! You have won a 1 week FREE membership in our £100,000 Prize Jackpot! Txt the word: CLAIM to No: 81010 T&C www.dbuk.net LCCLTD POBOX 4403LDNW1A7RW18",Spam,uci,False,,4
Delivery attempt failed for order OD9510443022 We will retry tomorrow -BlueDart,Delivery,synthetic,False,Delivery_5,3
Yeah get the unlimited,Personal,uci,False,,5
emi of rs.54429 due on 20-01-26 for loan a/c xx4045. pay now to avoid charges. -bob,Bank,synthetic,False,Bank_4,1
PAY RS.2596 ON DELIVERY FOR ORDER OD333384666. -DELHIVERY,Delivery,synthetic,True,Hard_10,3
  Out for delivery: Your BigBasket package OD4166409887 will arrive today by 9 PM. -XpressBees,Delivery,synthetic,False,Delivery_1,3
Delivered! Your BigBasket order OD5951665184 was delivered on 05 Jul Rate your experience: bitly/fsSCDl,Delivery,synthetic,False,Delivery_2,3
DELIVERED! YOUR MYNTRA ORDER OD7504804036 WAS DELIVERED ON 04 JUL. RATE YOUR EXPERIENCE: BIT.LY/JTGWNG,Delivery,synthetic,False,Delivery_2,3
Dear customer ur SBI account will be blocked! Update KYC now: bit.ly/mMQZxR,Spam,synthetic,True,Hard_11,4
Meesho Big Billion Days! Up to 80% off + extra 10% with PNB cards. Hurry!,Promo,synthetic,False,Promo_1,2
KYC update pending for A/c XX9254. Please visit your nearest HDFC Bank branch by 24-01-26 to avoid restrictions.,Bank,synthetic,False,Bank_12,1
<#> 684945 is your Uber code. Valid 30 min. hA8sk2Lqp3 STOP to opt out,OTP,synthetic,False,OTP_13,0
Dont know you bring some food,Personal,uci,False,,5
"Someone has contacted our dating service and entered your phone becausethey fancy you! To find out who it is call from a landline 09058098002. PoBox1, W14RG 150p",Spam,uci,False,,4
Flipkart  Big Billion Days! Up to 80% off + extra 10% with Kotak cards. Hurry!,Promo,synthetic,False,Promo_1,2
Urgent! Please call 09061213237 from landline. £5000 cash or a luxury 4* Canary Islands Holiday await collection. T&Cs SAE PO Box 177. M227XY. 150ppm. 16+,Spam,uci,False,,4
Flight fares dropped! HYD-LKO from Rs.1007. Book on MakeMyTrip before midnight. -TM,Promo,synthetic,False,Promo_16,2
SALARY OF RS.69057 CREDITED TO A/C XX8015. AVL BAL: RS.214496. -PNB,Bank,synthetic,False,Bank_7,1
Items in ur order history are back in stock at Zomato. Prices start Rs.301.,Promo,synthetic,False,Promo_23,2
(That said can you text him one more time?),Personal,uci,False,,5
So what about you. What do you remember,Personal,uci,False,,5
"yeah, that's what I was thinking",Personal,uci,False,,5
Salary of Rs.41896 credited to A/c XX3331. Avl Bal: Rs.158332. -BOB,Bank,synthetic,False,Bank_7,1
Your A/c XX1681 is debited with Rs.87953 on 07-02-26. Info: UPI-Garima. Bal: Rs.399509,Bank,synthetic,False,Bank_2,1
Moby Pub Quiz.Win a £100 High Street prize if u know who the new Duchess of Cornwall will be? Txt her first name to 82277.unsub STOP £1.50 008704050406 SP Arrow,Spam,uci,False,,4
K I'll take care of it,Personal,uci,False,,5
Your one time password is 403330 for PhonePe. Please do not share it.,OTP,synthetic,False,OTP_5,0
Cheque no. 254498332117 for Rs.79818 has been cleared from A/c XX4899. -Kotak,Bank,synthetic,False,Bank_8,1
Your A/c XX6024 is debited with Rs.11972 on 27-01-26. Info: UPI-Gaurika. Bal: Rs.237093,Bank,synthetic,False,Bank_2,1
Netflix: 741010 is your login OTP. It expires in 5 minutes.,OTP,synthetic,False,OTP_6,0
KYC update pending for A/c XX8188. Please visit your nearest HDFC Bank branch by 02-01-26 to avoid restrictions. STOP to opt out,Bank,synthetic,False,Bank_12,1
your hdfc bank debit card xx9615 has been blocked due to suspicious activity. visit branch or call 1800-xxx to unblock.,Bank,synthetic,False,Bank_11,1
O we cant see if we can join denis and mina? Or does denis want alone time,Personal,uci,False,,5
  Enter 861263 to verify your mobile number for Hotstar.,OTP,synthetic,False,OTP_10,0
Your Uber code: 5967,OTP,synthetic,True,Hard_8,0
Items in your order history are back in stock at Swiggy. Prices start Rs.338.,Promo,synthetic,False,Promo_23,2
Uber:  91062 is your login OTP. It expires in 30 minutes.,OTP,synthetic,False,OTP_6,0
I dunno until when... Lets go learn pilates...,Personal,uci,False,,5
Your Netflix plan renews on 01 Jul at Rs.149. Upgrade to 4K for Rs.276/month.,Promo,synthetic,False,Promo_18,2
  Your BigBasket order OD2374124515 has been shipped via Delhivery. Track: bit.ly/UIyzyj,Delivery,synthetic,False,Delivery_0,3
Order OD8945452234 packed and ready! Expected dispatch by 02 Jul. -Myntra -TM,Delivery,synthetic,False,Delivery_8,3
Delivered!  Your Myntra order OD9821558305 was delivered on 04 Jul. Rate your experience: bit.ly/PkEQaN,Delivery,synthetic,False,Delivery_2,3
Send me the new number,Personal,uci,False,,5
Order OD9356044280 packed and ready! Expected dispatch by 05 Jul. -Swiggy,Delivery,synthetic,False,Delivery_8,3
EMI of Rs.99902 due on 07-05-26 for loan A/c XX3279. Pay now to avoid charges. -Axis Bank,Bank,synthetic,False,Bank_4,1
Salary of Rs.10336 credited to A/c XX6009. Avl Bal: Rs.173231. -PNB,Bank,synthetic,False,Bank_7,1
Your  ICICI Bank debit card XX9269 has been blocked due to suspicious activity. Visit branch or call 1800-XXX to unblock.,Bank,synthetic,False,Bank_11,1
URGENT! We are trying to contact U. Todays draw shows that you have won a £800 prize GUARANTEED. Call 09050003091 from land line. Claim C52. Valid12hrs only,Spam,uci,False,,4
Salary of Rs.60561 credited to A/c XX3895. Avl Bal: Rs.184729. -Kotak T&C apply,Bank,synthetic,False,Bank_7,1
Your Flipkart order OD8198465604 has been shipped via DTDC. Track: bit.ly/cYKkqe,Delivery,synthetic,False,Delivery_0,3
Your one time password is 380802 for Meesho. Please do not share it.,OTP,synthetic,False,OTP_5,0
Interest of Rs.39869 credited to your FD A/c XX2990. -BOB,Bank,synthetic,False,Bank_9,1
57225 is your Uber security code. Anyone asking for it is a scammer.,OTP,synthetic,False,OTP_9,0
i cant talk to you now.i will call when i can.dont keep calling.,Personal,uci,False,,5
hungry? get 60% off up to rs.1832 on your next 3 orders. code: eat67. -zomato,Promo,synthetic,False,Promo_12,2
No need to buy lunch for me.. I eat maggi mee..,Personal,uci,False,,5
You always make things bigger than they are,Personal,uci,False,,5
Flight fares dropped! BOM-LKO from Rs.1757. Book on ixigo before midnight.,Promo,synthetic,False,Promo_16,2
Congratulations!  You won Rs.531784 in lucky draw. Claim: bit.ly/djgRvR,Spam,synthetic,True,Hard_12,4
YO YO YO BYATCH WHASSUP?,Personal,uci,False,,5
<#> 336102 is your IRCTC code. Valid 10 min. hA8sk2Lqp3,OTP,synthetic,False,OTP_13,0
irctc: special trains added for festive season. book early & save up to 30%.,Promo,synthetic,False,Promo_17,2
  Cheque no. 841454541607 for Rs.85170 has been cleared from A/c XX9209. -PNB,Bank,synthetic,False,Bank_8,1
"Jay wants to work out first, how's 4 sound?",Personal,uci,False,,5
cheque no. 462218163019 for rs.54851 has been cleared from a/c xx5040. -icici bank,Bank,synthetic,False,Bank_8,1
Flight fares dropped! HYD-MAA from Rs.334. Book on Goibibo before midnight. T&C apply,Promo,synthetic,False,Promo_16,2
Oh. U must have taken your REAL Valentine out shopping first.,Personal,uci,False,,5
"Not for possession, especially not first offense",Personal,uci,False,,5
Your A/c XX6442 is debited with Rs.13351 on 24-02-26. Info: UPI-Faris. Bal: Rs.273056,Bank,synthetic,False,Bank_2,1
Enter 675681 to verify your mobile number for Hotstar.,OTP,synthetic,False,OTP_10,0
RS.60924 DEBITED FROM A/C XX5268 ON 25-04-26 TO KIAAN. AVL BAL: RS.217225. -HDFC BANK,Bank,synthetic,False,Bank_0,1
EMI of Rs.67094 due on 04-07-26 for loan A/c XX9239. Pay now to avoid charges. -SBI,Bank,synthetic,False,Bank_4,1
OTP for delivery of order OD6672979017 is 9461. Share only with the delivery agent. -DTDC,Delivery,synthetic,False,Delivery_9,3
BOB: 767418 is ur login OTP. It expires in 10 minutes.,OTP,synthetic,False,OTP_6,0
"Hey, my new number is +915427367073. Save it! Meet at 6pm?",Personal,synthetic,True,Hard_4,5
Order OD4857113798 packed and ready! Expected dispatch by 02 Jul. -Amazon,Delivery,synthetic,False,Delivery_8,3
"Haha... Sounds crazy, dunno can tahan anot...",Personal,uci,False,,5
I might come to kerala for 2 days.so you can be prepared to take a leave once i finalise .dont plan any travel during my visit.need to finish urgent works.,Personal,uci,False,,5
YOUR UBER CODE: 2722,OTP,synthetic,True,Hard_8,0
Your BOB debit card XX5766 has been blocked due to suspicious activity. Visit branch or call 1800-XXX to unblock.,Bank,synthetic,False,Bank_11,1
<#> 792333 is your Uber code Valid 2 min hA8sk2Lqp3,OTP,synthetic,False,OTP_13,0
IRCTC: Special trains added for festive season. Book early & save up to 30%.,Promo,synthetic,False,Promo_17,2
U have won a nokia 6230 plus a free digital camera. This is what u get when u win our FREE auction. To take part send NOKIA to 83383 now. POBOX114/14TCR/W1 16,Spam,uci,False,,4
Dear customer ur SBI account will be blocked! Update KYC now: bitly/ZCuFpu,Spam,synthetic,True,Hard_11,4
Hey you still want to go for yogasana? Coz if we end at cine then can go bathe and hav the steam bath,Personal,uci,False,,5
I will be gentle princess! We will make sweet gentle love...,Personal,uci,False,,5
Sorry about that this is my mates phone and i didnt write it love Kate,Personal,uci,False,,5
  Your Netflix plan renews on 06 Jul at Rs.1852. Upgrade to 4K for Rs.571/month.,Promo,synthetic,False,Promo_18,2
Interest of Rs.87273 credited to your FD A/c XX4539. -Kotak,Bank,synthetic,False,Bank_9,1
Except theres a chick with huge boobs.,Personal,uci,False,,5
"Okies... I'll go yan jiu too... We can skip ard oso, go cine den go mrt one, blah blah blah... ",Personal,uci,False,,5
OTP for delivery of order OD8671681614 is 3034. Share only with the delivery agent. -Delhivery,Delivery,synthetic,False,Delivery_9,3
Use 59651 to complete your Myntra registration. Valid till 30 mins.,OTP,synthetic,False,OTP_4,0
07732584351 - Rodger Burns - MSG = We tried to call you re your reply to our sms for a free nokia mobile + free camcorder. Please call now 08000930705 for delivery tomorrow,Spam,uci,False,,4
Your Uber code: 8796,OTP,synthetic,True,Hard_8,0
Pay  Rs.2501 on delivery for order OD241908353. -Delhivery,Delivery,synthetic,True,Hard_10,3
Good. No swimsuit allowed :),Personal,uci,False,,5
"sorry brah, just finished the last of my exams, what up",Personal,uci,False,,5
See the forwarding message for proof,Personal,uci,False,,5
Your A/c XX2596 is debited with Rs.22524 on 07-06-26. Info: UPI-Vaishnavi. Bal: Rs.100264,Bank,synthetic,False,Bank_2,1
He's an adult and would learn from the experience. There's no real danger. I just dont like peeps using drugs they dont need. But no comment,Personal,uci,False,,5
Delivered!  Your Zomato order OD2880172679 was delivered on 03 Jul. Rate your experience: bit.ly/EfMykf,Delivery,synthetic,False,Delivery_2,3
"Bro send me Rs.912 on gpay, will return by 02 Jul",Personal,synthetic,True,Hard_5,5
Rs.11760 debited from A/c XX3363 on 20-03-26 to Yashvi. Avl Bal: Rs.50230. -ICICI Bank,Bank,synthetic,False,Bank_0,1
G-790867  is your Google verification code.,OTP,synthetic,False,OTP_12,0
I'm home. Doc gave me pain meds says everything is fine.,Personal,uci,False,,5
Your  Meesho order OD5209774174 has been shipped via Delhivery. Track: bit.ly/tONWaJ,Delivery,synthetic,False,Delivery_0,3
U say leh... Of course nothing happen lar. Not say v romantic jus a bit only lor. I thk e nite scenery not so nice leh.,Personal,uci,False,,5
Only saturday and sunday holiday so its very difficult:),Personal,uci,False,,5
But we havent got da topic yet rite?,Personal,uci,False,,5
Spoons it is then okay?,Personal,uci,False,,5
Delivered! Your Amazon order OD6358174583 was delivered on 06 Jul. Rate your experience: bit.ly/BlfSeA STOP to opt out,Delivery,synthetic,False,Delivery_2,3
Yo chad which gymnastics class do you wanna take? The site says Christians class is full..,Personal,uci,False,,5
No go. No openings for that room 'til after thanksgiving without an upcharge.,Personal,uci,False,,5
Rs.21393 credited to A/c XX4136 on 07-06-26. Avl Bal: Rs.387760. -SBI,Bank,synthetic,False,Bank_1,1
Rs.13062 debited from A/c XX6737 on 13-01-26 to Yashasvi. Avl Bal: Rs.160552. -PNB,Bank,synthetic,False,Bank_0,1
  You have 4538 reward points expiring on 05 Jul. Redeem on Meesho.,Promo,synthetic,False,Promo_20,2
"Almost there, see u in a sec",Personal,uci,False,,5
How's it going? Got any exciting karaoke type activities planned? I'm debating whether to play football this eve. Feeling lazy though.,Personal,uci,False,,5
Your  PhonePe code: 468742,OTP,synthetic,False,OTP_8,0
Hanging out with my brother and his family,Personal,uci,False,,5
Enter 63040 to verify ur mobile number for Amazon.,OTP,synthetic,False,OTP_10,0
WHORE YOU ARE UNBELIEVABLE.,Personal,uci,False,,5
INR 70438 debited from A/c XX6578 on 02-07-26 to Oeshi. Avl Bal: INR 2066. -ICICI Bank,Bank,synthetic,False,Bank_0,1
907944 is your OTP for Flipkart login. Valid for 30 minutes. Do not share with anyone.,OTP,synthetic,False,OTP_0,0
Rs.75620 debited from A/c XX7359 on 11-01-26 to Meghana. Avl Bal: Rs.52346. -PNB,Bank,synthetic,False,Bank_0,1
Those cocksuckers. If it makes you feel better ipads are worthless garbage novelty items and you should feel bad for even wanting one,Personal,uci,False,,5
Stop calling everyone saying I might have cancer. My throat hurts to talk. I can't be answering everyones calls. If I get one more call I'm not babysitting on Monday,Personal,uci,False,,5
low balance alert: a/c xx8294 balance is rs.455996. maintain min balance to avoid charges.,Bank,synthetic,False,Bank_10,1
  Exclusive for you! Buy 1 Get 1 FREE at BigBasket. Limited period offer. Visit bit.ly/hrtTJW,Promo,synthetic,False,Promo_3,2
Happy new year. Hope you are having a good semester,Personal,uci,False,,5
Shuhui say change 2 suntec steamboat? U noe where? Where r u now?,Personal,uci,False,,5
Last day! Meesho clearance sale ends tonight Up to 50% off sitewide,Promo,synthetic,False,Promo_8,2
Tap to verify: 769684. This code expires shortly.,OTP,synthetic,True,Hard_9,0
Beware of fraud calls asking for card details. PNB officials never ask for PIN or CVV.,Bank,synthetic,False,Bank_15,1
556135 - use this code to sign in to Zomato. Never share it with anyone.,OTP,synthetic,False,OTP_7,0
Out for delivery: Your Swiggy package OD5033727413 will arrive today by 12 PM. -XpressBees,Delivery,synthetic,False,Delivery_1,3
Missed our shows? Come back to Netflix at 50% off for 3 months. Resubscribe: bit.ly/mvFuJE,Promo,synthetic,False,Promo_19,2
"My mobile number.pls sms ur mail id.convey regards to achan,amma.Rakhesh.Qatar",Personal,uci,False,,5
Lol no. U can trust me.,Personal,uci,False,,5
ITEMS IN YOUR ORDER HISTORY ARE BACK IN STOCK AT AMAZON. PRICES START RS.1579.,Promo,synthetic,False,Promo_23,2
You're gonna have to be way more specific than that,Personal,uci,False,,5
It has issues right now. Ill fix for her by tomorrow.,Personal,uci,False,,5
Your A/c XX4206 is debited with Rs.53060 on 12-05-26. Info: UPI-Charan. Bal: Rs.426443,Bank,synthetic,False,Bank_2,1
Salary  of Rs.53122 credited to A/c XX1532. Avl Bal: Rs.407928. -HDFC Bank,Bank,synthetic,False,Bank_7,1
UPI payment of Rs.81124 to Indira successful. UPI Ref: 406235842344. -BOB,Bank,synthetic,False,Bank_6,1
delivery attempt failed for order od1022110028. we will retry tomorrow. -dtdc,Delivery,synthetic,False,Delivery_5,3
Auto-pay of Rs.58178 to Jagdish is scheduled on 14-03-26 from A/c XX2519 Ensure sufficient balance,Bank,synthetic,False,Bank_13,1
"Want to funk up ur fone with a weekly new tone reply TONES2U 2 this text. www.ringtones.co.uk, the original n best. Tones 3GBP network operator rates apply",Spam,uci,False,,4
Oooh bed ridden ey? What are YOU thinking of?,Personal,uci,False,,5
URGENT! We are trying to contact you. Last weekends draw shows that you have won a £900 prize GUARANTEED. Call 09061701851. Claim code K61. Valid 12hours only,Spam,uci,False,,4
Ya! when are ü taking ure practical lessons? I start in june..  ,Personal,uci,False,,5
"Hi Samar, unlock Rs.1898 off your first order at Myntra with code NEW89.",Promo,synthetic,False,Promo_7,2
Congratulations ur awarded 500 of CD vouchers or 125gift guaranteed & Free entry 2 100 wkly draw txt MUSIC to 87066 TnCs www.Ldew.com1win150ppmx3age16,Spam,uci,False,,4
last day! amazon clearance sale ends tonight. up to 40% off sitewide.,Promo,synthetic,False,Promo_8,2
I am going to sao mu today. Will be done only at 12 ,Personal,uci,False,,5
Rs.814 cashback credited to your Amazon Pay wallet. Use on your next order. -TM,Promo,synthetic,False,Promo_21,2
Wife.how she knew the time of murder exactly,Personal,uci,False,,5
  26742 - use this code to sign in to Netflix. Never share it with anyone.,OTP,synthetic,False,OTP_7,0
"Funny fact Nobody teaches volcanoes 2 erupt, tsunamis 2 arise, hurricanes 2 sway aroundn no 1 teaches hw 2 choose a wife Natural disasters just happens",Personal,uci,False,,5
At home also.,Personal,uci,False,,5
"K will do, addie &amp; I are doing some art so I'll be here when you get home",Personal,uci,False,,5
Moji just informed me that you saved our lives. Thanks.,Personal,uci,False,,5
Myntra: Your cart misses you! Complete purchase now & get 20% off bitly/NCDsyv,Promo,synthetic,False,Promo_4,2
Congratulations! You won Rs.165933 in lucky draw. Claim: bit.ly/DXwDQZ,Spam,synthetic,True,Hard_12,4
Swiggy Big Billion Days! Up to 40% off + extra 10% with BOB cards. Hurry!,Promo,synthetic,False,Promo_1,2
Ya i knw u vl giv..its ok thanks kano..anyway enjoy wit ur family wit 1st salary..:-);-),Personal,uci,False,,5
ENTER 302908 TO VERIFY YOUR MOBILE NUMBER FOR GPAY.,OTP,synthetic,False,OTP_10,0
Rs.39372 credited to A/c XX9457 on 10-01-26. Avl Bal: Rs.466923. -PNB,Bank,synthetic,False,Bank_1,1
I fetch yun or u fetch?,Personal,uci,False,,5
508900 - USE THIS TO SIGN IN. NEVER SHARE THIS CODE WITH ANYONE.,OTP,synthetic,True,Hard_7,0
Adult 18 Content Your video will be with you shortly,Spam,uci,False,,4
"I've not called you in a while. This is hoping it was l8r malaria and that you know that we miss you guys. I miss Bani big, so pls give her my love especially. Have a great day.",Personal,uci,False,,5
  Enter 652307 to verify your mobile number for Amazon.,OTP,synthetic,False,OTP_10,0
That means from february to april i'll be getting a place to stay down there so i don't have to hustle back and forth during audition season as i have since my sister moved away from harlem.,Personal,uci,False,,5
"Hi Yashasvi, unlock Rs.272 off your first order at Zomato with code NEW28.",Promo,synthetic,False,Promo_7,2
Please CALL 08712402779 immediately as there is an urgent message waiting for you,Spam,uci,False,,4
Sure! I am driving but will reach my destination soon.,Personal,uci,False,,5
Exclusive for you! Buy 1 Get 1 FREE at Swiggy. Limited period offer. Visit bit.ly/FdOQtK,Promo,synthetic,False,Promo_3,2
ORDER OD8390549461 PACKED AND READY! EXPECTED DISPATCH BY 03 JUL. -ZOMATO,Delivery,synthetic,False,Delivery_8,3
Myntra: Your cart misses you! Complete purchase now & get 80% off. bit.ly/wHhZit,Promo,synthetic,False,Promo_4,2
hungry? get 60% off up to rs.1408 on your next 3 orders. code: eat83. -swiggy,Promo,synthetic,False,Promo_12,2
on hen night. Going with a swing,Personal,uci,False,,5
BOB: 223977 is your login OTP. It expires in 10 minutes.,OTP,synthetic,False,OTP_6,0
Your BigBasket membership expires soon. Renew now & save 30%: bit.ly/hNjXna,Promo,synthetic,False,Promo_9,2
Loved  your recent Flipkart order? Reorder in 1 tap and get 80% off today.,Promo,synthetic,False,Promo_22,2
Flight fares dropped! DEL-CCU from INR 1547. Book on ixigo before midnight.,Promo,synthetic,False,Promo_16,2
Your credit card XX1506 statement is ready. Total due: INR 18312. Min due: INR 1401. -ICICI Bank,Bank,synthetic,False,Bank_5,1
Low balance alert: A/c XX5795 balance is Rs.323650. Maintain min balance to avoid charges. -TM,Bank,synthetic,False,Bank_10,1
MEGA  SALE! Get 30% OFF on all products at Meesho. Shop now: bit.ly/fmHorY T&C apply.,Promo,synthetic,False,Promo_0,2
Use 478697 to complete your HDFC Bank registration. Valid till 10 mins.,OTP,synthetic,False,OTP_4,0
o turns out i had stereo love on mi phone under the unknown album.,Personal,uci,False,,5
<#> 851280 is your BOB code. Valid 10 min. hA8sk2Lqp3,OTP,synthetic,False,OTP_13,0
  Your A/c XX4444 is debited with Rs.57672 on 05-03-26. Info: UPI-Gautami. Bal: Rs.49040,Bank,synthetic,False,Bank_2,1
Your one time password is 650954 for Ola. Please do not share it.,OTP,synthetic,False,OTP_5,0
U calling me right? Call my hand phone...,Personal,uci,False,,5
Aiyah then i wait lor. Then u entertain me. Hee...,Personal,uci,False,,5
USE CODE 3665 AT CHECKOUT FOR 10% OFF AT MYNTRA!,Promo,synthetic,True,Hard_0,2
EMI of Rs.56108 due on 17-04-26 for loan A/c XX8646. Pay now to avoid charges. -Axis Bank -TM,Bank,synthetic,False,Bank_4,1
  Missed our shows? Come back to Prime Video at 50% off for 3 months. Resubscribe: bit.ly/Iwfzjm,Promo,synthetic,False,Promo_19,2
LOVED YOUR RECENT SWIGGY ORDER? REORDER IN 1 TAP AND GET 30% OFF TODAY.,Promo,synthetic,False,Promo_22,2
Alex says he's not ok with you not being ok with it,Personal,uci,False,,5
UPI payment of Rs.68481 to Neel successful. UPI Ref: 216004639750. -Kotak,Bank,synthetic,False,Bank_6,1
KYC UPDATE PENDING FOR A/C XX5940. PLEASE VISIT YOUR NEAREST KOTAK BRANCH BY 17-04-26 TO AVOID RESTRICTIONS.,Bank,synthetic,False,Bank_12,1
Cos i was out shopping wif darren jus now n i called him 2 ask wat present he wan lor. Then he started guessing who i was wif n he finally guessed darren lor.,Personal,uci,False,,5
60797 is your verification code for Kotak. Never share your OTP.,OTP,synthetic,False,OTP_3,0
FREE MSG:We billed your mobile number by mistake from shortcode 83332.Please call 08081263000 to have charges refunded.This call will be free from a BT landline,Spam,uci,False,,4
Yo you around? A friend of mine's lookin to pick up later tonight,Personal,uci,False,,5
SALARY OF RS.11305 CREDITED TO A/C XX8264. AVL BAL: RS.430755. -KOTAK,Bank,synthetic,False,Bank_7,1
Auto-pay of Rs.88198 to Anamika is scheduled on 01-06-26 from A/c XX8258 Ensure sufficient balance,Bank,synthetic,False,Bank_13,1
Ur SonyLIV plan renews on 03 Jul at Rs.51. Upgrade to 4K for Rs.698/month.,Promo,synthetic,False,Promo_18,2
"Idk. You keep saying that you're not, but since he moved, we keep butting heads over freedom vs. responsibility. And i'm tired. I have so much other shit to deal with that i'm barely keeping myself together once this gets added to it.",Personal,uci,False,,5
Tap to verify: 429518. This code expires shortly.,OTP,synthetic,True,Hard_9,0
Delivery attempt failed for order OD8965205260. We will retry tomorrow. -Delhivery T&C apply,Delivery,synthetic,False,Delivery_5,3
Dear :-/ why you mood off. I cant drive so i brother to drive,Personal,uci,False,,5
  Exclusive for you! Buy 1 Get 1 FREE at Meesho. Limited period offer. Visit bit.ly/DzVfUD,Promo,synthetic,False,Promo_3,2
SMS SERVICES For your inclusive text credits pls gotto www.comuk.net login 3qxj9 unsubscribe with STOP no extra charge help 08702840625 comuk.220cm2 9AE,Spam,uci,False,,4
Low  balance alert: A/c XX2523 balance is Rs.63921. Maintain min balance to avoid charges.,Bank,synthetic,False,Bank_10,1
"Bro send me INR 805 on gpay, will return by 05 Jul",Personal,synthetic,True,Hard_5,5
Haf u eaten? Wat time u wan me 2 come?,Personal,uci,False,,5
"Hey, my new number is 1756206523. Save it! Meet at noon?",Personal,synthetic,True,Hard_4,5
"Urgent! Please call 09066612661 from your landline, your complimentary 4* Lux Costa Del Sol holiday or £1000 CASH await collection. ppm 150 SAE T&Cs James 28, EH74RR",Spam,uci,False,,4
Hi here. have birth at on the  to  at 8lb 7oz. Mother and baby doing brilliantly.,Personal,uci,False,,5
Flight fares dropped! DEL-MAA from Rs.1513. Book on MakeMyTrip before midnight. T&C apply,Promo,synthetic,False,Promo_16,2
Howz that persons story,Personal,uci,False,,5
812784 is your SBI security code. Anyone asking for it is a scammer.,OTP,synthetic,False,OTP_9,0
Lol great now im getting hungry.,Personal,uci,False,,5
Rs.1797 cashback credited to ur Amazon Pay wallet. Use on ur next order.,Promo,synthetic,False,Promo_21,2
Sorry de i went to shop.,Personal,uci,False,,5
OTP for delivery of order OD1460974235 is 9316 Share only with the delivery agent -BlueDart,Delivery,synthetic,False,Delivery_9,3
Your BigBasket order OD6716054831 has been shipped via Ekart. Track: bit.ly/cTtARu,Delivery,synthetic,False,Delivery_0,3
<#> 134905 is your Swiggy code Valid 10 min hA8sk2Lqp3,OTP,synthetic,False,OTP_13,0
  Your Meesho order OD5961452075 has been shipped via BlueDart. Track: bit.ly/BFFsFQ,Delivery,synthetic,False,Delivery_0,3
Hows the street where the end of library walk is?,Personal,uci,False,,5
Your Airtel pack expires tomorrow. Recharge with Rs.67 for 3GB/day + unlimited calls. STOP to opt out,Promo,synthetic,False,Promo_10,2
"Jus chillaxin, what up",Personal,uci,False,,5
Tomorrow i am not going to theatre. . . So i can come wherever u call me. . . Tell me where and when to come tomorrow,Personal,uci,False,,5
pay rs.4642 on delivery for order od704671381. -ekart,Delivery,synthetic,True,Hard_10,3
G-838918 is ur Google verification code.,OTP,synthetic,False,OTP_12,0
Work from home! Earn Rs.2310152/month Join: bitly/TzReac,Spam,synthetic,True,Hard_14,4
Your  Myntra code: 26266,OTP,synthetic,False,OTP_8,0
You  have 2168 reward points expiring on 05 Jul. Redeem on BigBasket.,Promo,synthetic,False,Promo_20,2
Your Uber code: 2318,OTP,synthetic,True,Hard_8,0
EMI of Rs.84214 due on 22-01-26 for loan A/c XX9785. Pay now to avoid charges. -PNB,Bank,synthetic,False,Bank_4,1
Recharge with Rs.1932 & get 40% extra talktime. Offer valid today only!,Promo,synthetic,False,Promo_5,2
Low balance alert: A/c XX6722 balance is Rs.328313. Maintain min balance to avoid charges.,Bank,synthetic,False,Bank_10,1
  Auto-pay of Rs.80279 to Waida is scheduled on 26-05-26 from A/c XX5942. Ensure sufficient balance.,Bank,synthetic,False,Bank_13,1
LOVED YOUR RECENT MYNTRA ORDER? REORDER IN 1 TAP AND GET 80% OFF TODAY.,Promo,synthetic,False,Promo_22,2
Items in your order history are back in stock at Myntra. Prices start Rs.446. T&C apply,Promo,synthetic,False,Promo_23,2
  Delivery attempt failed for order OD2324861392. We will retry tomorrow. -Ekart,Delivery,synthetic,False,Delivery_5,3
your a/c xx1377 is debited with rs.17767 on 08-06-26. info: upi-anusha. bal: rs.467199,Bank,synthetic,False,Bank_2,1
Your Myntra order OD2370010238 has been shipped via Ekart. Track: bit.ly/CSdbbB,Delivery,synthetic,False,Delivery_0,3
LOW BALANCE ALERT: A/C XX8535 BALANCE IS RS.143415. MAINTAIN MIN BALANCE TO AVOID CHARGES.,Bank,synthetic,False,Bank_10,1
Rs.13433 debited from A/c XX5861 on 02-01-26 to Chakradev Avl Bal: Rs.230860 -PNB,Bank,synthetic,False,Bank_0,1
Auto-pay of Rs.7045 to Bhavna is scheduled on 04-06-26 from A/c XX2104 Ensure sufficient balance,Bank,synthetic,False,Bank_13,1
Mom wants to know where you at,Personal,uci,False,,5
OTP  for delivery of order OD9575854088 is 5697. Share only with the delivery agent. -DTDC,Delivery,synthetic,False,Delivery_9,3
  Work from home! Earn Rs.1847154/month. Join: bit.ly/vGAfAa,Spam,synthetic,True,Hard_14,4
"For you information, IKEA is spelled with all caps. That is not yelling. when you thought i had left you, you were sitting on the bed among the mess when i came in. i said we were going after you got home from class. please don't try and bullshit me. It makes me want to listen to you less.",Personal,uci,False,,5
Any way where are you and what doing.,Personal,uci,False,,5
I got lousy sleep. I kept waking up every 2 hours to see if my cat wanted to come in. I worry about him when its cold :(,Personal,uci,False,,5
upi payment of rs.30821 to gunbir successful. upi ref: 735134967445. -hdfc bank,Bank,synthetic,False,Bank_6,1
Interest of Rs.6755 credited to your FD A/c XX5832. -Axis Bank,Bank,synthetic,False,Bank_9,1
MEGA SALE! Get 30% OFF on all products at Meesho. Shop now: bit.ly/AGkAWG T&C apply.,Promo,synthetic,False,Promo_0,2
OTP for delivery of order OD4717353469 is 5958 Share only with the delivery agent -Delhivery,Delivery,synthetic,False,Delivery_9,3
579285 - use this to sign in. Never share this code with anyone.,OTP,synthetic,True,Hard_7,0
Enter 522561 to verify your mobile number for Swiggy.,OTP,synthetic,False,OTP_10,0
Your GPay code: 984449,OTP,synthetic,False,OTP_8,0
Ooooooh I forgot to tell u I can get on yoville on my phone,Personal,uci,False,,5
Hui xin is in da lib.,Personal,uci,False,,5
YOUR ICICI BANK DEBIT CARD XX5495 HAS BEEN BLOCKED DUE TO SUSPICIOUS ACTIVITY. VISIT BRANCH OR CALL 1800-XXX TO UNBLOCK.,Bank,synthetic,False,Bank_11,1
  Coupon 2172 gives you free delivery on orders above Rs.384. -Zomato,Promo,synthetic,True,Hard_1,2
MEGA SALE! Get 10% OFF on all products at Amazon Shop now: bitly/HujIZE T&C apply,Promo,synthetic,False,Promo_0,2
Wif my family booking tour package.,Personal,uci,False,,5
Is ur paper in e morn or aft tmr?,Personal,uci,False,,5
Well I wasn't available as I washob nobbing with last night so they had to ask Nickey Platt instead of me!;,Personal,uci,False,,5
YOUR HDFC BANK DEBIT CARD XX2807 HAS BEEN BLOCKED DUE TO SUSPICIOUS ACTIVITY. VISIT BRANCH OR CALL 1800-XXX TO UNBLOCK.,Bank,synthetic,False,Bank_11,1
Yeah so basically any time next week you can get away from your mom &amp; get up before 3,Personal,uci,False,,5
You have 624 reward points expiring on 01 Jul. Redeem on Myntra.,Promo,synthetic,False,Promo_20,2
Your Netflix plan renews on 04 Jul at Rs.134. Upgrade to 4K for Rs.706/month.,Promo,synthetic,False,Promo_18,2
"Hi Wakeeta, unlock Rs.1348 off your first order at Zomato with code NEW83",Promo,synthetic,False,Promo_7,2
"Goal! Arsenal 4 (Henry, 7 v Liverpool 2 Henry scores with a simple shot from 6 yards from a pass by Bergkamp to give Arsenal a 2 goal margin after 78 mins.",Spam,uci,False,,4
Yup... Ok i go home look at the timings then i msg ü again... Xuhui going to learn on 2nd may too but her lesson is at 8am,Personal,uci,False,,5
Delivery attempt failed for order OD3700760487. We will retry tomorrow. -XpressBees,Delivery,synthetic,False,Delivery_5,3
"Hey,  my new number is 6868541549. Save it! Meet at tonight?",Personal,synthetic,True,Hard_4,5
Your A/c XX6322 is debited with Rs.74523 on 05-02-26. Info: UPI-Vedant. Bal: Rs.397551 -TM,Bank,synthetic,False,Bank_2,1
Burger King - Wanna play footy at a top stadium? Get 2 Burger King before 1st Sept and go Large or Super with Coca-Cola and walk out a winner,Spam,uci,False,,4
YOUR PNB DEBIT CARD XX5232 HAS BEEN BLOCKED DUE TO SUSPICIOUS ACTIVITY. VISIT BRANCH OR CALL 1800-XXX TO UNBLOCK.,Bank,synthetic,False,Bank_11,1
Data exhausted? Get 2GB extra with Rs.1473 booster pack. Dial *121# or visit app.,Promo,synthetic,False,Promo_11,2
-PLS STOP bootydelious (32/F) is inviting you to be her friend. Reply YES-434 or NO-434 See her: www.SMS.ac/u/bootydelious STOP? Send STOP FRND to 62468,Spam,uci,False,,4
Items  in your order history are back in stock at BigBasket. Prices start Rs.1706.,Promo,synthetic,False,Promo_23,2
Your one time password is 732953 for HDFC Bank. Please do not share it.,OTP,synthetic,False,OTP_5,0
Right it wasnt you who phoned it was someone with a number like yours!,Personal,uci,False,,5
Don no da:)whats you plan?,Personal,uci,False,,5
Tension ah?what machi?any problem?,Personal,uci,False,,5
I know but you need to get hotel now. I just got my invitation but i had to apologise. Cali is to sweet for me to come to some english bloke's weddin,Personal,uci,False,,5
Congratulations! You won Rs.485016 in lucky draw. Claim: bit.ly/QkPyUb,Spam,synthetic,True,Hard_12,4
  Delivery attempt failed for order OD7820258279. We will retry tomorrow. -XpressBees,Delivery,synthetic,False,Delivery_5,3
cheque no. 563963240629 for rs.47275 has been cleared from a/c xx9716. -bob,Bank,synthetic,False,Bank_8,1
Ur Uber code: 2796,OTP,synthetic,True,Hard_8,0
"He said that he had a right giggle when he saw u again! You would possibly be the first person2die from NVQ, but think how much you could for! ",Personal,uci,False,,5
Your Prime Video plan renews on 02 Jul at INR 801. Upgrade to 4K for INR 786/month.,Promo,synthetic,False,Promo_18,2
"Life is more strict than teacher... Bcoz Teacher teaches lesson &amp; then conducts exam, But Life first conducts Exam &amp; then teaches Lessons. Happy morning. . .",Personal,uci,False,,5
Coupon 7323 gives you free delivery on orders above Rs.3316. -Flipkart,Promo,synthetic,True,Hard_1,2
KYC update pending for A/c XX4115. Please visit your nearest Axis Bank branch by 22-02-26 to avoid restrictions.,Bank,synthetic,False,Bank_12,1
Omg if its not one thing its another. My cat has worms :/ when does this bad day end?,Personal,uci,False,,5
Your A/c XX5591 is debited with Rs.10872 on 21-02-26. Info: UPI-Nisha. Bal: Rs.339639,Bank,synthetic,False,Bank_2,1
Use  code 9364 at checkout for 25% off at Zomato!,Promo,synthetic,True,Hard_0,2
Oh k...i'm watching here:),Personal,uci,False,,5
EMI of Rs.56086 due on 01-03-26 for loan A/c XX6773. Pay now to avoid charges. -Axis Bank,Bank,synthetic,False,Bank_4,1
Order OD1213677293 packed and ready! Expected dispatch by 05 Jul. -Flipkart,Delivery,synthetic,False,Delivery_8,3
I think it's all still in my car,Personal,uci,False,,5
Babe? You said 2 hours and it's been almost 4 ... Is your internet down ?,Personal,uci,False,,5
Try to do something dear. You read something for exams,Personal,uci,False,,5
G-823089 is your Google verification code.,OTP,synthetic,False,OTP_12,0
Dear customer ur HDFC Bank account will be blocked! Update KYC now: bit.ly/wUgOGM,Spam,synthetic,True,Hard_11,4
420964 is your verification code for Ola. Never share your OTP.,OTP,synthetic,False,OTP_3,0
  Your order OD2515863371 from Myntra is arriving tomorrow. Keep Rs.2475 ready for COD.,Delivery,synthetic,False,Delivery_3,3
Your Flipkart order OD1636808809 has been shipped via Ekart. Track: bit.ly/ChWbvB,Delivery,synthetic,False,Delivery_0,3
"Hey, my new number is 04111889995. Save it! Meet at noon?",Personal,synthetic,True,Hard_4,5
YOUR ONE TIME PASSWORD IS 958630 FOR ICICI BANK. PLEASE DO NOT SHARE IT.,OTP,synthetic,False,OTP_5,0
Exclusive for you! Buy 1 Get 1 FREE at BigBasket. Limited period offer. Visit bit.ly/kKASPQ,Promo,synthetic,False,Promo_3,2
Kabir from DTDC is arriving with ur package. Contact: +910637552174,Delivery,synthetic,False,Delivery_6,3
Oh yeah! And my diet just flew out the window,Personal,uci,False,,5
I;m reaching in another 2 stops.,Personal,uci,False,,5
RECHARGE WITH RS.237 & GET 60% EXTRA TALKTIME. OFFER VALID TODAY ONLY!,Promo,synthetic,False,Promo_5,2
Dear customer ur ICICI Bank account will be blocked! Update KYC now: bit.ly/LVfYeT,Spam,synthetic,True,Hard_11,4
BigBasket  Big Billion Days! Up to 80% off + extra 10% with Kotak cards. Hurry!,Promo,synthetic,False,Promo_1,2
Ü predict wat time ü'll finish buying?,Personal,uci,False,,5
Pay  Rs.1840 on delivery for order OD167370374. -BlueDart,Delivery,synthetic,True,Hard_10,3
K..then come wenever u lik to come and also tel vikky to come by getting free time..:-),Personal,uci,False,,5
Out for delivery: Your Amazon package OD9240993754 will arrive today by 6 PM. -DTDC,Delivery,synthetic,False,Delivery_1,3
"sry can't talk on phone, with parents",Personal,uci,False,,5
"Haha, my friend tyler literally just asked if you could get him a dubsack",Personal,uci,False,,5
962652 - use this code to sign in to ICICI Bank. Never share it with anyone.,OTP,synthetic,False,OTP_7,0
"Well the weather in cali's great. But its complexities are great. You need a car to move freely, its taxes are outrageous. But all in all its a great place. The sad part is i missing home.",Personal,uci,False,,5
751168 is your verification code for Kotak. Never share your OTP.,OTP,synthetic,False,OTP_3,0
Yes there were many sweets,Personal,uci,False,,5
Use 117425 to complete your Ola registration. Valid till 10 mins.,OTP,synthetic,False,OTP_4,0
I have many dependents,Personal,uci,False,,5
Is xy going 4 e lunch?,Personal,uci,False,,5
rs.29041 credited to a/c xx9406 on 21-02-26. avl bal: rs.40746. -bob,Bank,synthetic,False,Bank_1,1
UPI payment of Rs.5140 to William successful. UPI Ref: 700153984411. -PNB,Bank,synthetic,False,Bank_6,1
Out for delivery: Your Zomato package OD2102145006 will arrive today by 3 PM. -DTDC,Delivery,synthetic,False,Delivery_1,3
You'd like that wouldn't you? Jerk!,Personal,uci,False,,5
Give one miss from that number please,Personal,uci,False,,5
  Hungry? Get 30% off up to Rs.1736 on your next 3 orders. Code: EAT78. -Swiggy,Promo,synthetic,False,Promo_12,2
EXCLUSIVE FOR YOU! BUY 1 GET 1 FREE AT ZOMATO. LIMITED PERIOD OFFER. VISIT BIT.LY/XNXTZC,Promo,synthetic,False,Promo_3,2
I take it we didn't have the phone callon Friday. Can we assume we won't have it this year now?,Personal,uci,False,,5
  Low balance alert: A/c XX1327 balance is Rs.379977. Maintain min balance to avoid charges.,Bank,synthetic,False,Bank_10,1
Your A/c XX2972 is debited with Rs.62437 on 23-01-26. Info: UPI-Niharika. Bal: Rs.100068,Bank,synthetic,False,Bank_2,1
Lol wtf random. Btw is that your lunch break,Personal,uci,False,,5
Your order OD5907778817 from Myntra is arriving tomorrow. Keep Rs.4738 ready for COD.,Delivery,synthetic,False,Delivery_3,3
Your Myntra order OD5751909018 has been shipped via BlueDart. Track: bit.ly/XaBXVt,Delivery,synthetic,False,Delivery_0,3
"I want to show you the world, princess :) how about europe?",Personal,uci,False,,5
Flight fares dropped! BOM-PNQ from Rs.922 Book on ixigo before midnight,Promo,synthetic,False,Promo_16,2
ZOE IT JUST HIT ME 2 IM FUCKING SHITIN MYSELF IL DEFO TRY MY HARDEST 2 CUM 2MOROW LUV U MILLIONS LEKDOG,Personal,uci,False,,5
Nite nite pocay wocay luv u more than n e thing 4eva I promise ring u 2morrowxxxx,Personal,uci,False,,5
Gud ni8 dear..slp well..take care..swt dreams..Muah..,Personal,uci,False,,5
  Your order OD8276660510 from Swiggy is arriving tomorrow. Keep Rs.1100 ready for COD.,Delivery,synthetic,False,Delivery_3,3
Use 138971 to complete your Meesho registration. Valid till 10 mins.,OTP,synthetic,False,OTP_4,0
420515 is your SBI security code. Anyone asking for it is a scammer.,OTP,synthetic,False,OTP_9,0
Your Swiggy order OD4731952291 has been shipped via Delhivery. Track: bit.ly/GuSzSv,Delivery,synthetic,False,Delivery_0,3
Honey boo I'm missing u.,Personal,uci,False,,5
"SMS. ac JSco: Energy is high, but u may not know where 2channel it. 2day ur leadership skills r strong. Psychic? Reply ANS w/question. End? Reply END JSCO",Spam,uci,False,,4
COUPON 7539 GIVES YOU FREE DELIVERY ON ORDERS ABOVE RS.3998. -AMAZON,Promo,synthetic,True,Hard_1,2
"Poyyarikatur,kolathupalayam,unjalur post,erode dis, &lt;#&gt; .",Personal,uci,False,,5
Missed our shows? Come back to SonyLIV at 50% off for 3 months. Resubscribe: bit.ly/EAmxKe,Promo,synthetic,False,Promo_19,2
TAP TO VERIFY: 403888. THIS CODE EXPIRES SHORTLY.,OTP,synthetic,True,Hard_9,0
Interest of Rs.6417 credited to your FD A/c XX8468. -SBI STOP to opt out,Bank,synthetic,False,Bank_9,1
588144 is your OTP for SBI login. Valid for 30 minutes. Do not share with anyone.,OTP,synthetic,False,OTP_0,0
Salary  of Rs.11121 credited to A/c XX4444. Avl Bal: Rs.283939. -Axis Bank,Bank,synthetic,False,Bank_7,1
Swiggy Big Billion Days! Up to 20% off + extra 10% with Kotak cards. Hurry! -TM,Promo,synthetic,False,Promo_1,2
Rs.60063 debited from A/c XX8310 on 01-04-26 to Bishakha Avl Bal: Rs.364079 -Kotak,Bank,synthetic,False,Bank_0,1
USE 273504 TO COMPLETE YOUR HDFC BANK REGISTRATION. VALID TILL 5 MINS.,OTP,synthetic,False,OTP_4,0
  Delivered! Your Flipkart order OD7173861556 was delivered on 02 Jul. Rate your experience: bit.ly/zGfIId,Delivery,synthetic,False,Delivery_2,3
Use code 4699 at checkout for 50% off at Swiggy!,Promo,synthetic,True,Hard_0,2
Items in your order history are back in stock at Zomato. Prices start Rs.1311.,Promo,synthetic,False,Promo_23,2
696062 - USE THIS CODE TO SIGN IN TO ZOMATO. NEVER SHARE IT WITH ANYONE.,OTP,synthetic,False,OTP_7,0
Ffffffffff. Alright no way I can meet up with you sooner?,Personal,uci,False,,5
Enter 250736 to verify your mobile number for Flipkart.,OTP,synthetic,False,OTP_10,0
mega sale! get 10% off on all products at flipkart. shop now: bit.ly/nftcgx t&c apply.,Promo,synthetic,False,Promo_0,2
No..few hours before.went to hair cut .,Personal,uci,False,,5
"Wat time liao, where still got.",Personal,uci,False,,5
232913 is your verification code for PNB. Never share your OTP.,OTP,synthetic,False,OTP_3,0
She ran off with a younger man. we will make pretty babies together :),Personal,uci,False,,5
Your FD of Rs.86433 matures on 27-04-26. Renew or withdraw via netbanking. -Kotak,Bank,synthetic,False,Bank_14,1
Were trying to find a Chinese food place around here,Personal,uci,False,,5
1 I don't have her number and 2 its gonna be a massive pain in the ass and i'd rather not get involved if that's possible,Personal,uci,False,,5
The length is e same but e top shorter n i got a fringe now. I thk i'm not going liao. Too lazy. Dun wan 2 distract u also.,Personal,uci,False,,5
interest of rs.94363 credited to your fd a/c xx9899. -bob,Bank,synthetic,False,Bank_9,1
I taught that Ranjith sir called me. So only i sms like that. Becaus hes verifying about project. Prabu told today so only pa dont mistake me..,Personal,uci,False,,5
Low balance alert: A/c XX5224 balance is Rs.317318. Maintain min balance to avoid charges.,Bank,synthetic,False,Bank_10,1
we tried to contact you re your response to our offer of a new nokia fone and camcorder hit reply or call 08000930705 for delivery,Spam,uci,False,,4
Hey I am really horny want to chat or see me naked text hot to 69698 text charged at 150pm to unsubscribe text stop 69698,Spam,uci,False,,4
I know I'm lacking on most of this particular dramastorm's details but for the most part I'm not worried about that,Personal,uci,False,,5
"Get 3 Lions England tone, reply lionm 4 mono or lionp 4 poly. 4 more go 2 www.ringtones.co.uk, the original n best. Tones 3GBP network operator rates apply",Spam,uci,False,,4
Yes :)it completely in out of form:)clark also utter waste.,Personal,uci,False,,5
Dont flatter yourself... Tell that man of mine two pints of carlin in ten minutes please.... ,Personal,uci,False,,5
110526 - use this to sign in. Never share this code with anyone. T&C apply,OTP,synthetic,True,Hard_7,0
Have you finished work yet? :),Personal,uci,False,,5
December only! Had your mobile 11mths+? You are entitled to update to the latest colour camera mobile for Free! Call The Mobile Update VCo FREE on 08002986906 ,Spam,uci,False,,4
280646 is your OTP for Hotstar login. Valid for 10 minutes. Do not share with anyone.,OTP,synthetic,False,OTP_0,0
K:)i will give my kvb acc details:),Personal,uci,False,,5
  Tap to verify: 322755. This code expires shortly.,OTP,synthetic,True,Hard_9,0
  Enter 754159 to verify your mobile number for HDFC Bank.,OTP,synthetic,False,OTP_10,0
Boy; I love u Grl: Hogolo Boy: gold chain kodstini Grl: Agalla Boy: necklace madstini Grl: agalla Boy: Hogli 1 mutai eerulli kodthini! Grl: I love U kano;-),Personal,uci,False,,5
  Interest of Rs.35588 credited to your FD A/c XX3134. -PNB,Bank,synthetic,False,Bank_9,1
"No idea, I guess we'll work that out an hour after we're supposed to leave since as usual nobody has any interest in figuring shit out before the last second",Personal,uci,False,,5
Recharge  with Rs.333 & get 60% extra talktime. Offer valid today only!,Promo,synthetic,False,Promo_5,2
Yes. Last  practice,Personal,uci,False,,5
Rs.80100 credited to A/c XX2507 on 16-01-26. Avl Bal: Rs.415910. -Axis Bank,Bank,synthetic,False,Bank_1,1
rs.60249 debited from a/c xx7952 on 04-07-26 to faris. avl bal: rs.372965. -axis bank,Bank,synthetic,False,Bank_0,1
Delivered! Your Zomato order OD8128135428 was delivered on 04 Jul. Rate your experience: bit.ly/TAdgRG,Delivery,synthetic,False,Delivery_2,3
1. Tension face 2. Smiling face 3. Waste face 4. Innocent face 5.Terror face 6.Cruel face 7.Romantic face 8.Lovable face 9.decent face  &lt;#&gt; .joker face.,Personal,uci,False,,5
INR 1956 cashback credited to your Paytm wallet. Use on your next order.,Promo,synthetic,False,Promo_21,2
I am back. Bit long cos of accident on a30. Had to divert via wadebridge.I had a brilliant weekend thanks. Speak soon. Lots of love,Personal,uci,False,,5
"Call me. I m unable to cal. Lets meet bhaskar, and deep",Personal,uci,False,,5
Cheque no. 398711270108 for Rs.16553 has been cleared from A/c XX7341. -HDFC Bank,Bank,synthetic,False,Bank_8,1
Your Vi pack expires tomorrow. Recharge with Rs.1460 for 1GB/day + unlimited calls.,Promo,synthetic,False,Promo_10,2
276007 - use this to sign in. Never share this code with anyone.,OTP,synthetic,True,Hard_7,0
Use code 4090 at checkout for 10% off at Zomato!,Promo,synthetic,True,Hard_0,2
"Oh, yes, I've just been a little under the weather so i've kind of been coccooning at home",Personal,uci,False,,5
"Awesome, that gonna be soon or later tonight?",Personal,uci,False,,5
Wanna have a laugh? Try CHIT-CHAT on your mobile now! Logon by txting the word: CHAT and send it to No: 8883 CM PO Box 4217 London W1A 6ZF 16+ 118p/msg rcvd,Spam,uci,False,,4
  Your HDFC Bank debit card XX4962 has been blocked due to suspicious activity. Visit branch or call 1800-XXX to unblock.,Bank,synthetic,False,Bank_11,1
What year. And how many miles.,Personal,uci,False,,5
Your one time password is 194331 for Kotak. Please do not share it. T&C apply,OTP,synthetic,False,OTP_5,0
Congratulations! You won Rs.2084708 in lucky draw. Claim: bit.ly/oGhJSV,Spam,synthetic,True,Hard_12,4
order od3101502411 packed and ready! expected dispatch by 02 jul. -swiggy,Delivery,synthetic,False,Delivery_8,3
Oh is it? Send me the address,Personal,uci,False,,5
"How long has it been since you screamed, princess?",Personal,uci,False,,5
Hi im having the most relaxing time ever! we have to get up at 7am every day! was the party good the other night? I get home tomorrow at 5ish.,Personal,uci,False,,5
Lol well don't do it without me. We could have a big sale together.,Personal,uci,False,,5
<#> 721548 is ur HDFC Bank code. Valid 5 min. hA8sk2Lqp3,OTP,synthetic,False,OTP_13,0
"Bro send me INR 2212 on gpay, will return by 02 Jul",Personal,synthetic,True,Hard_5,5
Reason is if the team budget is available at last they buy the unsold players for at base rate..,Personal,uci,False,,5
In other news after hassling me to get him weed for a week andres has no money. HAUGHAIGHGTUJHYGUJ,Personal,uci,False,,5
Tap to verify: 788121 This code expires shortly,OTP,synthetic,True,Hard_9,0
<#>  643256 is your Swiggy code. Valid 30 min. hA8sk2Lqp3,OTP,synthetic,False,OTP_13,0
Use 885869 to complete your Swiggy registration. Valid till 15 mins. -TM,OTP,synthetic,False,OTP_4,0
Rs.81169  debited from A/c XX8912 on 10-01-26 to Ojas. Avl Bal: Rs.431237. -Kotak,Bank,synthetic,False,Bank_0,1
Out for delivery: Your Zomato package OD6676138910 will arrive today by 6 PM. -Ekart,Delivery,synthetic,False,Delivery_1,3
She told to hr that he want posting in chennai:)because i'm working here:),Personal,uci,False,,5
Pay INR 1289 on delivery for order OD150119576. -Ekart,Delivery,synthetic,True,Hard_10,3
If i said anything wrong sorry de:-),Personal,uci,False,,5
Pls go there today  &lt;#&gt; . I dont want any excuses,Personal,uci,False,,5
Cheque no. 598845194082 for Rs.98291 has been cleared from A/c XX6345. -Kotak,Bank,synthetic,False,Bank_8,1
Go fool dont cheat others ok,Personal,uci,False,,5
Flight fares dropped! BOM-LKO from Rs.730. Book on Goibibo before midnight.,Promo,synthetic,False,Promo_16,2
  IRCTC: Special trains added for festive season. Book early & save up to 20%.,Promo,synthetic,False,Promo_17,2
Congratulations! You won Rs.1593156 in lucky draw. Claim: bit.ly/rrcorM,Spam,synthetic,True,Hard_12,4
"Bro send me Rs.988 on gpay, will return by 04 Jul",Personal,synthetic,True,Hard_5,5
And you! Will expect you whenever you text! Hope all goes well tomo ,Personal,uci,False,,5
Out for delivery: Your Meesho package OD8398788318 will arrive today by 12 PM. -DTDC T&C apply,Delivery,synthetic,False,Delivery_1,3
Enter 941832 to verify your mobile number for BigBasket.,OTP,synthetic,False,OTP_10,0
Data exhausted? Get 3GB extra with Rs.1624 booster pack. Dial *121# or visit app.,Promo,synthetic,False,Promo_11,2
EMI of Rs.67585 due on 15-04-26 for loan A/c XX7428. Pay now to avoid charges. -HDFC Bank,Bank,synthetic,False,Bank_4,1
Your Netflix plan renews on 01 Jul at Rs.309. Upgrade to 4K for Rs.290/month. T&C apply,Promo,synthetic,False,Promo_18,2
Items in your order history are back in stock at Meesho. Prices start INR 1088.,Promo,synthetic,False,Promo_23,2
Now got tv 2 watch meh? U no work today?,Personal,uci,False,,5
IRCTC: Special trains added for festive season. Book early & save up to 30%. STOP to opt out,Promo,synthetic,False,Promo_17,2
Okay... I booked all already... Including the one at bugis.,Personal,uci,False,,5
"Alright we're hooked up, where you guys at",Personal,uci,False,,5
976363 - use this code to sign in to PNB. Never share it with anyone.,OTP,synthetic,False,OTP_7,0
"Huh... Hyde park not in mel ah, opps, got confused... Anyway, if tt's e best choice den we juz have to take it...",Personal,uci,False,,5
  379813 - use this code to sign in to PhonePe. Never share it with anyone.,OTP,synthetic,False,OTP_7,0
Jus finish bathing...,Personal,uci,False,,5
Got it..mail panren paru..,Personal,uci,False,,5
Rs.569 cashback credited to your Amazon Pay wallet. Use on your next order.,Promo,synthetic,False,Promo_21,2
"U can WIN £100 of Music Gift Vouchers every week starting NOW Txt the word DRAW to 87066 TsCs www.Idew.com SkillGame, 1Winaweek, age16. 150ppermessSubscription",Spam,uci,False,,4
Get me out of this dump heap. My mom decided to come to lowes. BORING.,Personal,uci,False,,5
"You are guaranteed the latest Nokia Phone, a 40GB iPod MP3 player or a £500 prize! Txt word: COLLECT to No: 83355! IBHltd LdnW15H 150p/Mtmsgrcvd18",Spam,uci,False,,4
Dear  customer ur BOB account will be blocked! Update KYC now: bit.ly/LMXHHQ,Spam,synthetic,True,Hard_11,4
Low  balance alert: A/c XX7296 balance is Rs.150179. Maintain min balance to avoid charges.,Bank,synthetic,False,Bank_10,1
"Aight, you close by or still down around alex's place?",Personal,uci,False,,5
"bro send me rs.1438 on gpay, will return by 01 jul",Personal,synthetic,True,Hard_5,5
Gayathri from DTDC is arriving with your package. Contact: +918622186624 STOP to opt out,Delivery,synthetic,False,Delivery_6,3
This message is from a great Doctor in India:-): 1) Do not drink APPY FIZZ. It contains Cancer causing age,Personal,uci,False,,5
Cheque  no. 237865851910 for Rs.16648 has been cleared from A/c XX2657. -HDFC Bank,Bank,synthetic,False,Bank_8,1
Missed our shows? Come back to Netflix at 50% off for 3 months. Resubscribe: bit.ly/ZJmtLp,Promo,synthetic,False,Promo_19,2
AUTO-PAY OF RS.19309 TO AMAIRA IS SCHEDULED ON 10-02-26 FROM A/C XX4797. ENSURE SUFFICIENT BALANCE.,Bank,synthetic,False,Bank_13,1
OTP for delivery of order OD7296050767 is 8704. Share only with the delivery agent. -BlueDart,Delivery,synthetic,False,Delivery_9,3
412547 is your Myntra security code. Anyone asking for it is a scammer.,OTP,synthetic,False,OTP_9,0
Your A/c XX5807 is debited with Rs.2307 on 08-01-26. Info: UPI-Raghav. Bal: Rs.102753,Bank,synthetic,False,Bank_2,1
"Sure, whenever you show the fuck up &gt;:(",Personal,uci,False,,5
"Hiya, had a good day? Have you spoken to since the weekend?",Personal,uci,False,,5
Low  balance alert: A/c XX1234 balance is Rs.320992. Maintain min balance to avoid charges.,Bank,synthetic,False,Bank_10,1
"I thought i'd get him a watch, just cos thats the kind of thing u get4an18th. And he loves so much!",Personal,uci,False,,5
"If e timing can, then i go w u lor...",Personal,uci,False,,5
  Your order OD1263121921 from BigBasket is arriving tomorrow. Keep Rs.2787 ready for COD.,Delivery,synthetic,False,Delivery_3,3
ORDER OD3242197790 PACKED AND READY! EXPECTED DISPATCH BY 02 JUL. -SWIGGY,Delivery,synthetic,False,Delivery_8,3
352676 is your Hotstar security code. Anyone asking for it is a scammer.,OTP,synthetic,False,OTP_9,0
"Hi Timothy, unlock INR 1766 off your first order at Flipkart with code NEW49.",Promo,synthetic,False,Promo_7,2
Your Uber code: 5407,OTP,synthetic,True,Hard_8,0
Umang from BlueDart is arriving with your package. Contact: 07465440568,Delivery,synthetic,False,Delivery_6,3
Delivered! Your Amazon order OD5028962816 was delivered on 02 Jul. Rate your experience: bit.ly/IbnlCV,Delivery,synthetic,False,Delivery_2,3
HEMA FROM BLUEDART IS ARRIVING WITH YOUR PACKAGE. CONTACT: 04463439984,Delivery,synthetic,False,Delivery_6,3
Salary of Rs.91784 credited to A/c XX1621. Avl Bal: Rs.106724. -BOB -TM,Bank,synthetic,False,Bank_7,1
Use 58336 to complete your PNB registration. Valid till 10 mins.,OTP,synthetic,False,OTP_4,0
Dear where you. Call me,Personal,uci,False,,5
Your  Vi pack expires tomorrow. Recharge with Rs.888 for 1.5GB/day + unlimited calls.,Promo,synthetic,False,Promo_10,2
USE CODE 9479 AT CHECKOUT FOR 25% OFF AT MEESHO!,Promo,synthetic,True,Hard_0,2
Sat right? Okay thanks... ,Personal,uci,False,,5
Your order OD1116986952 from Zomato is arriving tomorrow. Keep Rs.3640 ready for COD.,Delivery,synthetic,False,Delivery_3,3
  Zomato Big Billion Days! Up to 30% off + extra 10% with Axis Bank cards. Hurry!,Promo,synthetic,False,Promo_1,2
YOUR KOTAK DEBIT CARD XX1697 HAS BEEN BLOCKED DUE TO SUSPICIOUS ACTIVITY. VISIT BRANCH OR CALL 1800-XXX TO UNBLOCK.,Bank,synthetic,False,Bank_11,1
  Data exhausted? Get 1GB extra with Rs.1781 booster pack. Dial *121# or visit app.,Promo,synthetic,False,Promo_11,2
"I'd say that's a good sign but, well, you know my track record at reading women",Personal,uci,False,,5
291921 is your OTP for PhonePe login. Valid for 5 minutes. Do not share with anyone.,OTP,synthetic,False,OTP_0,0
Your BigBasket membership expires soon. Renew now & save 60%: bit.ly/gqfVrT,Promo,synthetic,False,Promo_9,2
So your telling me I coulda been your real Valentine and I wasn't? U never pick me for NOTHING!!,Personal,uci,False,,5
Items in your order history are back in stock at Meesho. Prices start INR 769.,Promo,synthetic,False,Promo_23,2
  KYC update pending for A/c XX4794. Please visit your nearest HDFC Bank branch by 04-05-26 to avoid restrictions.,Bank,synthetic,False,Bank_12,1
Interest of Rs.93842 credited to your FD A/c XX3639. -Axis Bank,Bank,synthetic,False,Bank_9,1
You have 1259 reward points expiring on 03 Jul. Redeem on Swiggy.,Promo,synthetic,False,Promo_20,2
CHEQUE NO. 828450545500 FOR RS.83599 HAS BEEN CLEARED FROM A/C XX3299. -ICICI BANK,Bank,synthetic,False,Bank_8,1
RS.20857 CREDITED TO A/C XX6117 ON 13-05-26. AVL BAL: RS.52957. -HDFC BANK,Bank,synthetic,False,Bank_1,1
<#> 768703 IS YOUR OLA CODE. VALID 10 MIN. HA8SK2LQP3,OTP,synthetic,False,OTP_13,0
Your GPay code: 588283,OTP,synthetic,False,OTP_8,0
Your Amazon membership expires soon. Renew now & save 70%: bit.ly/TSfzTm,Promo,synthetic,False,Promo_9,2
Your credit card XX5188 statement is ready Total due: Rs.56879 Min due: Rs.1378 -BOB,Bank,synthetic,False,Bank_5,1
Out for delivery: Your Swiggy package OD4148466056 will arrive today by 9 PM. -DTDC,Delivery,synthetic,False,Delivery_1,3
Cheque no. 978571530394 for Rs.68868 has been cleared from A/c XX1530. -BOB,Bank,synthetic,False,Bank_8,1
  Work from home! Earn Rs.790115/month. Join: bit.ly/agzIuC,Spam,synthetic,True,Hard_14,4
Yes.he have good crickiting mind,Personal,uci,False,,5
G-674833  is your Google verification code.,OTP,synthetic,False,OTP_12,0
Ok im not sure what time i finish tomorrow but i wanna spend the evening with you cos that would be vewy vewy lubly! Love me xxx,Personal,uci,False,,5
is your hamster dead? Hey so tmr i meet you at 1pm orchard mrt? ,Personal,uci,False,,5
EMI of Rs.76718 due on 05-03-26 for loan A/c XX6864. Pay now to avoid charges. -Kotak,Bank,synthetic,False,Bank_4,1
Hey do you want anything to buy:),Personal,uci,False,,5
  Dear customer ur Axis Bank account will be blocked! Update KYC now: bit.ly/zEaXUh,Spam,synthetic,True,Hard_11,4
Pay Rs.738 on delivery for order OD253397140. -DTDC T&C apply,Delivery,synthetic,True,Hard_10,3
Can you say what happen,Personal,uci,False,,5
Also hi wesley how've you been,Personal,uci,False,,5
Your  FD of Rs.12857 matures on 09-04-26. Renew or withdraw via netbanking. -BOB,Bank,synthetic,False,Bank_14,1
low balance alert: a/c xx3948 balance is rs.195123. maintain min balance to avoid charges.,Bank,synthetic,False,Bank_10,1
Interest of Rs.61032 credited to your FD A/c XX9216. -Axis Bank STOP to opt out,Bank,synthetic,False,Bank_9,1
Not from this campus. Are you in the library?,Personal,uci,False,,5
Yo you guys ever figure out how much we need for alcohol? Jay and I are trying to figure out how much we can safely spend on weed,Personal,uci,False,,5
Exclusive for you! Buy 1 Get 1 FREE at Myntra. Limited period offer. Visit bit.ly/AiQOUa,Promo,synthetic,False,Promo_3,2
"swhrt how u dey,hope ur ok, tot about u 2day.love n miss.take care.",Personal,uci,False,,5
830428 is your Netflix security code. Anyone asking for it is a scammer.,OTP,synthetic,False,OTP_9,0
Hey now am free you can call me.,Personal,uci,False,,5
Well at this right I'm gonna have to get up and check today's steam sales/pee so text me when you want me to come get you,Personal,uci,False,,5
Slaaaaave ! Where are you ? Must I summon you to me all the time now ? Don't you wish to come to me on your own anymore?,Personal,uci,False,,5
Just finished. Missing you plenty,Personal,uci,False,,5
Interest of Rs.94759 credited to your FD A/c XX4127. -PNB,Bank,synthetic,False,Bank_9,1
It will stop on itself. I however suggest she stays with someone that will be able to give ors for every stool.,Personal,uci,False,,5
Rats. Hey did u ever vote for the next themes?,Personal,uci,False,,5
Anytime lor...,Personal,uci,False,,5
Natalie (20/F) is inviting you to be her friend. Reply YES-165 or NO-165 See her: www.SMS.ac/u/natalie2k9 STOP? Send STOP FRND to 62468,Spam,uci,False,,4
  Use 146313 to complete your Zomato registration. Valid till 15 mins.,OTP,synthetic,False,OTP_4,0
"Hey. What happened? U switch off ur cell d whole day. This isnt good. Now if u do care, give me a call tomorrow.",Personal,uci,False,,5
RS.94574 CREDITED TO A/C XX1052 ON 28-05-26. AVL BAL: RS.221155. -BOB,Bank,synthetic,False,Bank_1,1
Your credit card XX5077 statement is ready. Total due: Rs.27392. Min due: Rs.1855. -BOB,Bank,synthetic,False,Bank_5,1
586908 - use this code to sign in to Ola. Never share it with anyone.,OTP,synthetic,False,OTP_7,0
934255 - USE THIS TO SIGN IN. NEVER SHARE THIS CODE WITH ANYONE.,OTP,synthetic,True,Hard_7,0
G-106113 is your Google verification code,OTP,synthetic,False,OTP_12,0
Your BigBasket order OD5996324851 has been shipped via Ekart. Track: bit.ly/BAVJWZ,Delivery,synthetic,False,Delivery_0,3
Come by our room at some point so we can iron out the plan for this weekend,Personal,uci,False,,5
OTP  for delivery of order OD1181982428 is 4242. Share only with the delivery agent. -BlueDart,Delivery,synthetic,False,Delivery_9,3
Are you driving or training?,Personal,uci,False,,5
"Thanks for your ringtone order, ref number K718. Your mobile will be charged £4.50. Should your tone not arrive please call customer services on 09065069120",Spam,uci,False,,4
I wont touch you with out your permission.,Personal,uci,False,,5
K.i did't see you.:)k:)where are you now?,Personal,uci,False,,5
"Once a fishrman woke early in d mrng. It was very dark. He waited a while &amp; found a sack ful of stones. He strtd throwin thm in2 d sea 2 pass time. Atlast he had jus 1stone, sun rose up &amp; he found out tht those r nt stones, those were diamonds. Moral:""Dont wake up early in d mrng'' GOOD night",Personal,uci,False,,5
Delivery attempt failed for order OD6433498978. We will retry tomorrow. -BlueDart,Delivery,synthetic,False,Delivery_5,3
"hey, my new number is 03150260979. save it! meet at 6pm?",Personal,synthetic,True,Hard_4,5
Old Orchard near univ. How about you?,Personal,uci,False,,5
Missed our shows? Come back to Netflix at 50% off for 3 months. Resubscribe: bit.ly/BmQlLC,Promo,synthetic,False,Promo_19,2
Honestly i've just made a lovely cup of tea and promptly dropped my keys in it and then burnt my fingers getting them out!,Personal,uci,False,,5
"Nothing, smsing u n xy lor. Sorry lor da guys neva c u in person but they sort of know u lor. So u wan 2 meet them xy ask me 2 bring u along 4 our next meeting.",Personal,uci,False,,5
Mmmm.... I cant wait to lick it!,Personal,uci,False,,5
Interest of Rs.3493 credited to your FD A/c XX3350 -SBI,Bank,synthetic,False,Bank_9,1
Uber: 398720 is your login OTP. It expires in 2 minutes.,OTP,synthetic,False,OTP_6,0
Nope watching tv at home... Not going out. V bored...,Personal,uci,False,,5
KYC update pending for A/c XX8768. Please visit your nearest SBI branch by 25-05-26 to avoid restrictions.,Bank,synthetic,False,Bank_12,1
Exclusive  for you! Buy 1 Get 1 FREE at Flipkart. Limited period offer. Visit bit.ly/ZPVGkC,Promo,synthetic,False,Promo_3,2
Pass dis to all ur contacts n see wat u get! Red;i'm in luv wid u. Blue;u put a smile on my face. Purple;u r realy hot. Pink;u r so swt. Orange;i thnk i lyk u. Green;i realy wana go out wid u. Yelow;i wnt u bck. Black;i'm jealous of u. Brown;i miss you Nw plz giv me one color,Personal,uci,False,,5
Its a site to simulate the test. It just gives you very tough questions to test your readiness.,Personal,uci,False,,5
SWIGGY: FREE DELIVERY ALL WEEKEND! ORDER YOUR FAVOURITES NOW.,Promo,synthetic,False,Promo_13,2
"Pity, * was in mood for that. So...any other suggestions?",Personal,uci,False,,5
Delivered! Your Meesho order OD8626169383 was delivered on 02 Jul. Rate your experience: bit.ly/VLFGNr,Delivery,synthetic,False,Delivery_2,3
Hi happy birthday. Hi hi hi hi hi hi hi,Personal,uci,False,,5
"Especially since i talk about boston all up in my personal statement, lol! I woulda changed that if i had realized it said nyc! It says boston now.",Personal,uci,False,,5
  Auto-pay of Rs.68414 to Pavani is scheduled on 25-02-26 from A/c XX7015. Ensure sufficient balance.,Bank,synthetic,False,Bank_13,1
"Ok da, i already planned. I wil pick you.",Personal,uci,False,,5
Y she dun believe leh? I tot i told her it's true already. I thk she muz c us tog then she believe.,Personal,uci,False,,5
Out for delivery: Your BigBasket package OD8866128773 will arrive today by 3 PM. -DTDC,Delivery,synthetic,False,Delivery_1,3
Your FD of Rs.21057 matures on 06-07-26 Renew or withdraw via netbanking -SBI,Bank,synthetic,False,Bank_14,1
So wat's da decision?,Personal,uci,False,,5
Rs.88944 debited from A/c XX5643 on 21-05-26 to Indira. Avl Bal: Rs.383563. -BOB,Bank,synthetic,False,Bank_0,1
911146 is your OTP for ICICI Bank login. Valid for 10 minutes. Do not share with anyone.,OTP,synthetic,False,OTP_0,0
Goodnight da thangam I really miss u dear.,Personal,uci,False,,5
"One of best dialogue in cute reltnship..!! ""Wen i Die, Dont Come Near My Body..!! Bcoz My Hands May Not Come 2 Wipe Ur Tears Off That Time..!Gud ni8",Personal,uci,False,,5
Your Uber code: 8540,OTP,synthetic,True,Hard_8,0
"Text82228>> Get more ringtones, logos and games from www.txt82228.com. Questions: info@txt82228.co.uk",Spam,uci,False,,4
Tap to verify: 510683. This code expires shortly.,OTP,synthetic,True,Hard_9,0
"Nope, I'm still in the market",Personal,uci,False,,5
"Bro send me Rs.4701 on gpay, will return by 01 Jul -TM",Personal,synthetic,True,Hard_5,5
"Hi Qasim, unlock Rs.545 off your first order at Amazon with code NEW65.",Promo,synthetic,False,Promo_7,2
I'm gonna say no. Sorry. I would but as normal am starting to panic about time. Sorry again! Are you seeing on Tuesday?,Personal,uci,False,,5
YOUR PNB DEBIT CARD XX2806 HAS BEEN BLOCKED DUE TO SUSPICIOUS ACTIVITY. VISIT BRANCH OR CALL 1800-XXX TO UNBLOCK.,Bank,synthetic,False,Bank_11,1
<#> 573847 is your Swiggy code. Valid 15 min. hA8sk2Lqp3,OTP,synthetic,False,OTP_13,0
440636 is ur verification code for PhonePe. Never share ur OTP.,OTP,synthetic,False,OTP_3,0
  Loved your recent Flipkart order? Reorder in 1 tap and get 80% off today.,Promo,synthetic,False,Promo_22,2
Missed  our shows? Come back to Hotstar at 50% off for 3 months. Resubscribe: bit.ly/SGeBCy,Promo,synthetic,False,Promo_19,2
Your order OD3045972749 from Amazon is arriving tomorrow. Keep INR 2047 ready for COD.,Delivery,synthetic,False,Delivery_3,3
587368 IS YOUR VERIFICATION CODE FOR AXIS BANK. NEVER SHARE YOUR OTP.,OTP,synthetic,False,OTP_3,0
your fd of rs.92585 matures on 19-03-26. renew or withdraw via netbanking. -bob,Bank,synthetic,False,Bank_14,1
Last day! Flipkart clearance sale ends tonight. Up to 40% off sitewide.,Promo,synthetic,False,Promo_8,2
