text,label,template_id
Dear customer ur PNB account will be blocked! Update KYC now: bit.ly/EMixsU,Spam,Hard_11
"Bro send me Rs.1039 on gpay, will return by 06 Jul",Personal,Hard_5
Your Jio pack expires tomorrow. Recharge with Rs.796 for 3GB/day + unlimited calls. -TM,Promo,Promo_10
Your SBI debit card XX6217 has been blocked due to suspicious activity. Visit branch or call 1800-XXX to unblock.,Bank,Bank_11
Flight fares dropped! BLR-CCU from Rs.1256. Book on ixigo before midnight.,Promo,Promo_16
Your SIM will be deactivated in 24hrs. Verify Aadhaar: bit.ly/kZwuAI,Spam,Hard_13
Missed  our shows? Come back to SonyLIV at 50% off for 3 months. Resubscribe: bit.ly/nTlZJv,Promo,Promo_19
Weekend special at Zomato! Min 20% off on everything Don't miss out: bitly/BpgTsg,Promo,Promo_6
174639 is your Swiggy security code Anyone asking for it is a scammer,OTP,OTP_9
YOUR RETURN PICKUP FOR ORDER OD7239882517 IS SCHEDULED ON 01 JUL. KEEP THE ITEM READY. -AMAZON,Delivery,Delivery_7
OTP: 167975 for txn of Rs.13091 at IRCTC. Do not share. -Kotak,OTP,OTP_2
ALERT: Rs.39279 withdrawn from ATM using card XX4457 on 11-06-26. Bal: Rs.163533. -Axis Bank,Bank,Bank_3
  EMI of Rs.37849 due on 05-03-26 for loan A/c XX3693. Pay now to avoid charges. -PNB,Bank,Bank_4
  981145 is your OTP for Hotstar login. Valid for 15 minutes. Do not share with anyone.,OTP,OTP_0
Recharge  with Rs.825 & get 10% extra talktime. Offer valid today only!,Promo,Promo_5
KYC UPDATE PENDING FOR A/C XX7690. PLEASE VISIT YOUR NEAREST KOTAK BRANCH BY 12-01-26 TO AVOID RESTRICTIONS.,Bank,Bank_12
ITEMS IN YOUR ORDER HISTORY ARE BACK IN STOCK AT MEESHO. PRICES START RS.1455.,Promo,Promo_23
Coupon 3000 gives you free delivery on orders above Rs.3927. -Swiggy,Promo,Hard_1
Your credit card XX8607 statement is ready. Total due: Rs.81509. Min due: Rs.3343. -BOB,Bank,Bank_5
EMI of Rs.41898 due on 09-03-26 for loan A/c XX2434. Pay now to avoid charges. -Axis Bank,Bank,Bank_4
OTP for delivery of order OD4406266547 is 2691. Share only with the delivery agent. -Delhivery -TM,Delivery,Delivery_9
Your A/c XX4223 is debited with Rs.25019 on 16-05-26. Info: UPI-Wridesh. Bal: Rs.120020,Bank,Bank_2
Your A/c XX1617 is debited with Rs.30512 on 06-02-26. Info: UPI-Adweta. Bal: Rs.98262,Bank,Bank_2
IRCTC:  Special trains added for festive season. Book early & save up to 10%.,Promo,Promo_17
Last day! Amazon clearance sale ends tonight. Up to 60% off sitewide.,Promo,Promo_8
"Bro send me Rs.4203 on gpay, will return by 01 Jul",Personal,Hard_5
Confirmation code 231916 for Meesho Keep it private,OTP,OTP_11
Coupon 4254 gives you free delivery on orders above Rs.271. -Swiggy,Promo,Hard_1
COUPON 3673 GIVES YOU FREE DELIVERY ON ORDERS ABOVE RS.1136. -SWIGGY,Promo,Hard_1
Rs.60301 debited from A/c XX2742 on 12-03-26 to Fiyaz. Avl Bal: Rs.427495. -Kotak -TM,Bank,Bank_0
Enter 646188 to verify ur mobile number for Flipkart.,OTP,OTP_10
  Your PNB debit card XX8764 has been blocked due to suspicious activity. Visit branch or call 1800-XXX to unblock.,Bank,Bank_11
691052 - use this code to sign in to PNB. Never share it with anyone.,OTP,OTP_7
AUTO-PAY OF RS.43743 TO KALA IS SCHEDULED ON 04-07-26 FROM A/C XX6579. ENSURE SUFFICIENT BALANCE.,Bank,Bank_13
Enter 782694 to verify your mobile number for Kotak.,OTP,OTP_10
Hungry? Get 60% off up to Rs.620 on ur next 3 orders. Code: EAT50. -Zomato,Promo,Promo_12
SALARY OF RS.54049 CREDITED TO A/C XX2874. AVL BAL: RS.283176. -SBI,Bank,Bank_7
MEGA SALE! Get 10% OFF on all products at Swiggy. Shop now: bit.ly/NXSrep T&C apply.,Promo,Promo_0
Order OD6355262138 packed and ready! Expected dispatch by 01 Jul. -Flipkart,Delivery,Delivery_8
Your return pickup for order OD1247697526 is scheduled on 02 Jul. Keep the item ready. -Myntra STOP to opt out,Delivery,Delivery_7
Ur PhonePe code: 121499,OTP,OTP_8
Congratulations! You won Rs.2298171 in lucky draw. Claim: bit.ly/uIyYfV,Spam,Hard_12
order od4168776739 packed and ready! expected dispatch by 03 jul. -meesho,Delivery,Delivery_8
Auto-pay of Rs.37568 to Varenya is scheduled on 05-05-26 from A/c XX2992. Ensure sufficient balance. -TM,Bank,Bank_13
Your FD of Rs.30306 matures on 29-04-26. Renew or withdraw via netbanking. -Kotak,Bank,Bank_14
"Never share your OTP, PIN or CVV BOB never asks for these Stay safe",Bank,Hard_3
OTP for delivery of order OD3547082785 is 4243 Share only with the delivery agent -Ekart,Delivery,Delivery_9
EMI of Rs.6535 due on 01-07-26 for loan A/c XX2283. Pay now to avoid charges. -BOB,Bank,Bank_4
676951  - use this code to sign in to Flipkart. Never share it with anyone.,OTP,OTP_7
"HEY, MY NEW NUMBER IS 9926781373. SAVE IT! MEET AT 8?",Personal,Hard_4
Your  Zomato order OD7701125602 has been shipped via Delhivery. Track: bit.ly/wpAgxG,Delivery,Delivery_0
Data exhausted? Get 3GB extra with Rs.1614 booster pack. Dial *121# or visit app.,Promo,Promo_11
Weekend special at Myntra! Min 50% off on everything. Don't miss out: bit.ly/dodwtj,Promo,Promo_6
EMI of Rs.66036 due on 06-05-26 for loan A/c XX8837 Pay now to avoid charges -HDFC Bank,Bank,Bank_4
Data exhausted? Get 2GB extra with Rs.583 booster pack. Dial *121# or visit app.,Promo,Promo_11
Amazon  Big Billion Days! Up to 50% off + extra 10% with Axis Bank cards. Hurry!,Promo,Promo_1
505661 is your Ola security code. Anyone asking for it is a scammer.,OTP,OTP_9
Pre-approved!  Get a ICICI Bank credit card with Rs.278555 limit. Zero joining fee. Apply: bit.ly/LCVHIH,Promo,Promo_14
"Class shifted to room 3572, come fast",Personal,Hard_6
Your FD of INR 46403 matures on 05-05-26. Renew or withdraw via netbanking. -PNB,Bank,Bank_14
Pre-approved! Get a HDFC Bank credit card with Rs.257941 limit. Zero joining fee. Apply: bit.ly/kibolk,Promo,Promo_14
Your ICICI Bank code: 673610,OTP,OTP_8
Salary of Rs.19477 credited to A/c XX6032. Avl Bal: Rs.429876. -PNB,Bank,Bank_7
Your return pickup for order OD7488192107 is scheduled on 03 Jul. Keep the item ready. -Zomato,Delivery,Delivery_7
Your FD of Rs.53380 matures on 26-05-26. Renew or withdraw via netbanking. -HDFC Bank -TM,Bank,Bank_14
Your  Uber code: 1864,OTP,Hard_8
Your credit card XX5923 statement is ready Total due: Rs.88817 Min due: Rs.2676 -Axis Bank,Bank,Bank_5
INR 75043 debited from A/c XX1954 on 27-04-26 to Chatura. Avl Bal: INR 198575. -ICICI Bank,Bank,Bank_0
your otp is 918440. use it to verify your bigbasket account. expires in 15 min.,OTP,OTP_1
209234 - use this to sign in. Never share this code with anyone.,OTP,Hard_7
Pay Rs.3039 on delivery for order OD571108994. -DTDC T&C apply,Delivery,Hard_10
Ur SonyLIV plan renews on 03 Jul at Rs.51. Upgrade to 4K for Rs.698/month.,Promo,Promo_18
YOUR UBER CODE: 9865,OTP,Hard_8
Cheque  no. 237865851910 for Rs.16648 has been cleared from A/c XX2657. -HDFC Bank,Bank,Bank_8
Out for delivery: Ur Myntra package OD5139346810 will arrive today by 3 PM. -BlueDart,Delivery,Delivery_1
Confirmation code 514639 for Kotak. Keep it private.,OTP,OTP_11
Hungry? Get 40% off up to Rs.1998 on your next 3 orders. Code: EAT14. -Zomato,Promo,Promo_12
ENTER 948116 TO VERIFY YOUR MOBILE NUMBER FOR NETFLIX.,OTP,OTP_10
otp: 571868 for txn of rs.41145 at hotstar. do not share. -hdfc bank,OTP,OTP_2
Your return pickup for order OD9240290271 is scheduled on 06 Jul. Keep the item ready. -Meesho,Delivery,Delivery_7
Your  account statement for August is available. Download from the SBI app.,Bank,Bank_16
Your ICICI Bank debit card XX5940 has been blocked due to suspicious activity. Visit branch or call 1800-XXX to unblock.,Bank,Bank_11
Delivery attempt failed for order OD1039630811 We will retry tomorrow -Delhivery,Delivery,Delivery_5
Use 867112 to complete your BigBasket registration. Valid till 15 mins.,OTP,OTP_4
Auto-pay of Rs.42582 to Jackson is scheduled on 12-04-26 from A/c XX3005 Ensure sufficient balance,Bank,Bank_13
Jack from XpressBees is arriving with your package. Contact: 01935822885,Delivery,Delivery_6
KYC update pending for A/c XX3156 Please visit your nearest Axis Bank branch by 25-01-26 to avoid restrictions,Bank,Bank_12
  <#> 285017 is your SBI code. Valid 5 min. hA8sk2Lqp3,OTP,OTP_13
Your  SIM will be deactivated in 24hrs. Verify Aadhaar: bit.ly/VUEMio,Spam,Hard_13
Weekend special at Swiggy! Min 20% off on everything Don't miss out: bitly/rmwkbW,Promo,Promo_6
"Bro  send me Rs.480 on gpay, will return by 01 Jul",Personal,Hard_5
  Items in your order history are back in stock at Myntra. Prices start Rs.501.,Promo,Promo_23
LOVED YOUR RECENT MEESHO ORDER? REORDER IN 1 TAP AND GET 70% OFF TODAY.,Promo,Promo_22
Weekend special at Meesho! Min 40% off on everything. Don't miss out: bit.ly/NZTZSe,Promo,Promo_6
Zomato: Free delivery all weekend! Order your favourites now.,Promo,Promo_13
otp: 442081 for txn of rs.39485 at bob. do not share. -pnb,OTP,OTP_2
Recharge with Rs.692 & get 10% extra talktime. Offer valid today only!,Promo,Promo_5
Coupon 9734 gives you free delivery on orders above Rs.226. -Flipkart,Promo,Hard_1
MEGA  SALE! Get 40% OFF on all products at Myntra. Shop now: bit.ly/MqEQbV T&C apply.,Promo,Promo_0
OTP  for delivery of order OD7434598584 is 5315. Share only with the delivery agent. -Ekart,Delivery,Delivery_9
OTP-based  login was enabled for your A/c XX8237. Call PNB if this wasn't you.,Bank,Hard_2
Your SIM will be deactivated in 24hrs Verify Aadhaar: bitly/FGNHuq,Spam,Hard_13
Order OD9297360948 packed and ready! Expected dispatch by 04 Jul -Zomato,Delivery,Delivery_8
KYC update pending for A/c XX2984 Please visit your nearest Kotak branch by 06-02-26 to avoid restrictions,Bank,Bank_12
Salary of INR 67992 credited to A/c XX5706. Avl Bal: INR 133576. -HDFC Bank,Bank,Bank_7
your one time password is 90801 for swiggy. please do not share it.,OTP,OTP_5
OTP: 980179 for txn of Rs.22080 at Uber. Do not share. -HDFC Bank,OTP,OTP_2
KYC  update pending for A/c XX8049. Please visit your nearest SBI branch by 06-05-26 to avoid restrictions.,Bank,Bank_12
DTDC: Shipment OD4752430326 reached ur city hub. Expected delivery: 02 Jul.,Delivery,Delivery_4
"Your  SBI health insurance renewal is due 06 Jul. Renew online, save 40% on premium.",Promo,Promo_24
Your  Meesho order OD3854361948 has been shipped via DTDC. Track: bit.ly/JuJrKM,Delivery,Delivery_0
Salary of Rs.10336 credited to A/c XX6009. Avl Bal: Rs.173231. -PNB,Bank,Bank_7
RS.313 CASHBACK CREDITED TO YOUR AMAZON PAY WALLET. USE ON YOUR NEXT ORDER.,Promo,Promo_21
Low balance alert: A/c XX5549 balance is Rs.346197. Maintain min balance to avoid charges.,Bank,Bank_10
  Your A/c XX8279 is debited with Rs.76168 on 10-05-26. Info: UPI-Abhiram. Bal: Rs.97005,Bank,Bank_2
  Weekend special at Meesho! Min 80% off on everything. Don't miss out: bit.ly/WfwqCn,Promo,Promo_6
Delivered! Your BigBasket order OD6929347989 was delivered on 03 Jul. Rate your experience: bit.ly/xKzwOl,Delivery,Delivery_2
303404 - use this code to sign in to bigbasket. never share it with anyone.,OTP,OTP_7
COUPON 2121 GIVES YOU FREE DELIVERY ON ORDERS ABOVE RS.465. -AMAZON,Promo,Hard_1
Your A/c XX8417 is debited with Rs.72795 on 06-05-26. Info: UPI-Ayaan. Bal: Rs.489006 STOP to opt out,Bank,Bank_2
Ekart: Shipment OD8938985719 reached your city hub Expected delivery: 01 Jul,Delivery,Delivery_4
Tap to verify: 583025. This code expires shortly.,OTP,Hard_9
Your order OD7042117793 from Zomato is arriving tomorrow. Keep Rs.466 ready for COD.,Delivery,Delivery_3
  Missed our shows? Come back to Prime Video at 50% off for 3 months. Resubscribe: bit.ly/Iwfzjm,Promo,Promo_19
"  Class shifted to room 4338, come fast",Personal,Hard_6
Pay Rs.511 on delivery for order OD804722925. -DTDC,Delivery,Hard_10
Zomato: Free delivery all weekend! Order your favourites now. -TM,Promo,Promo_13
Salary  of Rs.13321 credited to A/c XX1423. Avl Bal: Rs.67359. -Axis Bank,Bank,Bank_7
Weekend special at Myntra! Min 80% off on everything. Don't miss out: bit.ly/PBWcAq STOP to opt out,Promo,Promo_6
  26742 - use this code to sign in to Netflix. Never share it with anyone.,OTP,OTP_7
351639 IS YOUR GPAY SECURITY CODE. ANYONE ASKING FOR IT IS A SCAMMER.,OTP,OTP_9
Your SIM will be deactivated in 24hrs. Verify Aadhaar: bit.ly/ygcABP,Spam,Hard_13
Cheque no. 334579034324 for Rs.2993 has been cleared from A/c XX2372. -PNB STOP to opt out,Bank,Bank_8
Missed our shows? Come back to Prime Video at 50% off for 3 months. Resubscribe: bit.ly/wvbaSB,Promo,Promo_19
Your Vi pack expires tomorrow. Recharge with Rs.751 for 1GB/day + unlimited calls.,Promo,Promo_10
ALERT: Rs.25451 withdrawn from ATM using card XX5139 on 06-02-26. Bal: Rs.133492. -BOB,Bank,Bank_3
Ur one time password is 222707 for ICICI Bank. Please do not share it.,OTP,OTP_5
Your one time password is 651716 for PhonePe. Please do not share it.,OTP,OTP_5
<#> 604316 is your Zomato code. Valid 5 min. hA8sk2Lqp3,OTP,OTP_13
Flat Rs.226 cashback on your next order at Amazon. Use code SAVE21. Valid till 05 Jul.,Promo,Promo_2
G-144394 is ur Google verification code.,OTP,OTP_12
Out  for delivery: Your Swiggy package OD6848801317 will arrive today by 3 PM. -Ekart,Delivery,Delivery_1
Congratulations! You won Rs.1614521 in lucky draw. Claim: bit.ly/QJWohU,Spam,Hard_12
Your SIM will be deactivated in 24hrs. Verify Aadhaar: bit.ly/IWiUci,Spam,Hard_13
Salary of Rs.86911 credited to A/c XX9483 Avl Bal: Rs.274875 -BOB,Bank,Bank_7
Use 765497 to complete your IRCTC registration. Valid till 10 mins.,OTP,OTP_4
FLAT RS.184 CASHBACK ON YOUR NEXT ORDER AT ZOMATO. USE CODE SAVE81. VALID TILL 06 JUL.,Promo,Promo_2
Exclusive for you! Buy 1 Get 1 FREE at BigBasket. Limited period offer. Visit bit.ly/ZivwFD,Promo,Promo_3
G-347793 is your Google verification code.,OTP,OTP_12
Missed our shows? Come back to Netflix at 50% off for 3 months. Resubscribe: bit.ly/UybEDK,Promo,Promo_19
Congratulations!  You won Rs.67694 in lucky draw. Claim: bit.ly/fYBmqh,Spam,Hard_12
Delivered! Ur Swiggy order OD6278669450 was delivered on 05 Jul. Rate ur experience: bit.ly/PakFKC,Delivery,Delivery_2
Salary of Rs.77891 credited to A/c XX7400. Avl Bal: Rs.214220. -BOB,Bank,Bank_7
<#> 328040 is your Paytm code. Valid 15 min. hA8sk2Lqp3,OTP,OTP_13
  Your order OD6932226184 from Meesho is arriving tomorrow. Keep Rs.1022 ready for COD.,Delivery,Delivery_3
  Your credit card XX6809 statement is ready. Total due: Rs.85618. Min due: Rs.798. -Kotak,Bank,Bank_5
otp-based login was enabled for your a/c xx3819. call sbi if this wasn't you.,Bank,Hard_2
Dear customer ur Kotak account will be blocked! Update KYC now: bitly/lbQjGm,Spam,Hard_11
Out for delivery: Ur Swiggy package OD9509359310 will arrive today by 3 PM. -DTDC,Delivery,Delivery_1
Myntra:  Your cart misses you! Complete purchase now & get 10% off. bit.ly/zTEoOT,Promo,Promo_4
ITEMS IN YOUR ORDER HISTORY ARE BACK IN STOCK AT AMAZON. PRICES START RS.842.,Promo,Promo_23
219215 is your BigBasket security code. Anyone asking for it is a scammer.,OTP,OTP_9
Rs.23158 debited from A/c XX3292 on 27-02-26 to Sudiksha. Avl Bal: Rs.317688. -PNB,Bank,Bank_0
Ur credit card XX8207 statement is ready. Total due: Rs.92344. Min due: Rs.3842. -Kotak,Bank,Bank_5
"Hey, my new number is 1756206523. Save it! Meet at noon?",Personal,Hard_4
Your  PhonePe code: 468742,OTP,OTP_8
Your  Jio pack expires tomorrow. Recharge with Rs.425 for 1.5GB/day + unlimited calls.,Promo,Promo_10
Weekend special at Amazon! Min 60% off on everything Don't miss out: bitly/oitlHr,Promo,Promo_6
Your Flipkart membership expires soon. Renew now & save 70%: bit.ly/YodxfZ,Promo,Promo_9
RS.43486 DEBITED FROM A/C XX5541 ON 04-01-26 TO EKAPAD. AVL BAL: RS.214758. -KOTAK,Bank,Bank_0
Your OTP is 141596. Use it to verify your PNB account. Expires in 2 min.,OTP,OTP_1
SALARY OF RS.77978 CREDITED TO A/C XX1493. AVL BAL: RS.330669. -PNB,Bank,Bank_7
Use 127074 to complete your Netflix registration. Valid till 10 mins.,OTP,OTP_4
Your  order OD4463204076 from BigBasket is arriving tomorrow. Keep Rs.1673 ready for COD.,Delivery,Delivery_3
You  have 4184 reward points expiring on 06 Jul. Redeem on BigBasket.,Promo,Promo_20
Use code 2767 at checkout for 50% off at Zomato!,Promo,Hard_0
Meesho Big Billion Days! Up to 70% off + extra 10% with SBI cards. Hurry! STOP to opt out,Promo,Promo_1
Your credit card XX4894 statement is ready. Total due: Rs.59376. Min due: Rs.797. -Kotak,Bank,Bank_5
ALERT: Rs.84508 withdrawn from ATM using card XX4677 on 12-01-26. Bal: Rs.420715. -ICICI Bank T&C apply,Bank,Bank_3
Your Flipkart membership expires soon. Renew now & save 10%: bit.ly/aGUoTO,Promo,Promo_9
"Your SBI health insurance renewal is due 04 Jul Renew online, save 80% on premium",Promo,Promo_24
Swiggy: Your cart misses you! Complete purchase now & get 50% off. bit.ly/MaKitf -TM,Promo,Promo_4
Myntra: Your cart misses you! Complete purchase now & get 80% off. bit.ly/eWRyYl,Promo,Promo_4
ALERT: Rs.45938 withdrawn from ATM using card XX7209 on 26-01-26. Bal: Rs.439920. -Kotak,Bank,Bank_3
Dear customer ur SBI account will be blocked! Update KYC now: bit.ly/ZuZHjk,Spam,Hard_11
Your credit card XX9630 statement is ready. Total due: Rs.48505. Min due: Rs.2317. -Kotak,Bank,Bank_5
Convert your PNB card purchase of Rs.1292 into easy EMIs at 0% interest Reply YES,Promo,Promo_15
Low balance alert: A/c XX3677 balance is Rs.347225. Maintain min balance to avoid charges.,Bank,Bank_10
MEGA  SALE! Get 80% OFF on all products at Swiggy. Shop now: bit.ly/lvwGdk T&C apply.,Promo,Promo_0
965581 - use this code to sign in to Zomato Never share it with anyone,OTP,OTP_7
zomato big billion days! up to 10% off + extra 10% with kotak cards. hurry!,Promo,Promo_1
  Your SonyLIV plan renews on 05 Jul at Rs.761. Upgrade to 4K for Rs.847/month.,Promo,Promo_18
<#> 253735 is your Kotak code. Valid 2 min. hA8sk2Lqp3,OTP,OTP_13
  Auto-pay of Rs.31402 to Warjas is scheduled on 03-07-26 from A/c XX3859. Ensure sufficient balance.,Bank,Bank_13
Naksh from DTDC is arriving with your package. Contact: 08759873475 -TM,Delivery,Delivery_6
319150 - use this code to sign in to myntra. never share it with anyone.,OTP,OTP_7
USE 773225 TO COMPLETE YOUR MEESHO REGISTRATION. VALID TILL 10 MINS.,OTP,OTP_4
Your  Amazon membership expires soon. Renew now & save 20%: bit.ly/BcMZZk,Promo,Promo_9
Wahab from Ekart is arriving with your package. Contact: 05956609431,Delivery,Delivery_6
Work from home! Earn Rs.217734/month. Join: bit.ly/GyGewU,Spam,Hard_14
Swiggy:  Your cart misses you! Complete purchase now & get 70% off. bit.ly/VGPYKK,Promo,Promo_4
OTP for delivery of order OD2506467450 is 8327. Share only with the delivery agent. -BlueDart,Delivery,Delivery_9
765316 IS YOUR HDFC BANK SECURITY CODE. ANYONE ASKING FOR IT IS A SCAMMER.,OTP,OTP_9
Your OTP is 157159. Use it to verify your Myntra account. Expires in 10 min.,OTP,OTP_1
your one time password is 84575 for zomato. please do not share it.,OTP,OTP_5
Pre-approved! Get a SBI credit card with Rs.234167 limit. Zero joining fee. Apply: bit.ly/ZZPFrJ,Promo,Promo_14
Your BigBasket order OD5996324851 has been shipped via Ekart. Track: bit.ly/BAVJWZ,Delivery,Delivery_0
your a/c xx5959 is debited with rs.79953 on 05-02-26. info: upi-indira. bal: rs.283515,Bank,Bank_2
Myntra Big Billion Days! Up to 60% off + extra 10% with SBI cards. Hurry!,Promo,Promo_1
LAST DAY! SWIGGY CLEARANCE SALE ENDS TONIGHT. UP TO 60% OFF SITEWIDE.,Promo,Promo_8
Swiggy: Free delivery all weekend! Order your favourites now.,Promo,Promo_13
Lekha from XpressBees is arriving with your package. Contact: 8452101372,Delivery,Delivery_6
Use  704964 to complete your Hotstar registration. Valid till 15 mins.,OTP,OTP_4
Your SIM will be deactivated in 24hrs. Verify Aadhaar: bit.ly/zjNHcs,Spam,Hard_13
Data exhausted? Get 1.5GB extra with Rs.1747 booster pack. Dial *121# or visit app.,Promo,Promo_11
Delivered! Your Amazon order OD5028962816 was delivered on 02 Jul. Rate your experience: bit.ly/IbnlCV,Delivery,Delivery_2
  Use 222760 to complete your Netflix registration. Valid till 10 mins.,OTP,OTP_4
Zomato: Free delivery all weekend! Order your favourites now.,Promo,Promo_13
BEWARE OF FRAUD CALLS ASKING FOR CARD DETAILS. BOB OFFICIALS NEVER ASK FOR PIN OR CVV.,Bank,Bank_15
Your HDFC Bank code: 633127,OTP,OTP_8
OTP-based login was enabled for your A/c XX4052. Call BOB if this wasn't you.,Bank,Hard_2
"Hey, my new number is +916946048631. Save it! Meet at tonight?",Personal,Hard_4
  Cheque no. 379929945946 for Rs.65845 has been cleared from A/c XX8042. -PNB,Bank,Bank_8
"Hey, my new number is 4766067481. Save it! Meet at 8?",Personal,Hard_4
irctc: special trains added for festive season. book early & save up to 60%.,Promo,Promo_17
Tap to verify: 651060. This code expires shortly.,OTP,Hard_9
Recharge  with Rs.1366 & get 80% extra talktime. Offer valid today only!,Promo,Promo_5
Out for delivery: Your Meesho package OD3533969378 will arrive today by 9 PM -DTDC,Delivery,Delivery_1
Salary of Rs.3878 credited to A/c XX2435. Avl Bal: Rs.293847. -PNB -TM,Bank,Bank_7
Cheque no. 578789346985 for Rs.75340 has been cleared from A/c XX1830. -BOB,Bank,Bank_8
<#> 955618 is your Axis Bank code. Valid 5 min. hA8sk2Lqp3,OTP,OTP_13
  Your account statement for August is available. Download from the SBI app.,Bank,Bank_16
OTP for delivery of order OD7961718974 is 7968. Share only with the delivery agent. -Delhivery T&C apply,Delivery,Delivery_9
  Flight fares dropped! BOM-PNQ from Rs.1368. Book on MakeMyTrip before midnight.,Promo,Promo_16
  808630 is your Zomato security code. Anyone asking for it is a scammer.,OTP,OTP_9
Weekend special at Amazon! Min 40% off on everything. Don't miss out: bit.ly/KMKKgO,Promo,Promo_6
3729 is your otp for ola login. valid for 10 minutes. do not share with anyone.,OTP,OTP_0
  Your Meesho order OD7661740106 has been shipped via XpressBees. Track: bit.ly/UdwNYv,Delivery,Delivery_0
Flight fares dropped! BOM-LKO from Rs.1895 Book on Goibibo before midnight,Promo,Promo_16
Congratulations! U won Rs.439986 in lucky draw. Claim: bit.ly/sNelfB,Spam,Hard_12
Ur order OD8670592245 from Flipkart is arriving tomorrow. Keep Rs.1024 ready for COD.,Delivery,Delivery_3
G-565487 is ur Google verification code.,OTP,OTP_12
965399 is your Paytm security code. Anyone asking for it is a scammer.,OTP,OTP_9
349654 IS YOUR UBER SECURITY CODE. ANYONE ASKING FOR IT IS A SCAMMER.,OTP,OTP_9
Your Jio pack expires tomorrow. Recharge with Rs.282 for 1.5GB/day + unlimited calls.,Promo,Promo_10
Balhaar  from DTDC is arriving with your package. Contact: 7297358075,Delivery,Delivery_6
LAST DAY! SWIGGY CLEARANCE SALE ENDS TONIGHT. UP TO 20% OFF SITEWIDE.,Promo,Promo_8
recharge with rs.1922 & get 70% extra talktime. offer valid today only!,Promo,Promo_5
enter 681881 to verify your mobile number for hotstar.,OTP,OTP_10
"Never share ur OTP, PIN or CVV. PNB never asks for these. Stay safe.",Bank,Hard_3
Rs.1417 cashback credited to your Amazon Pay wallet. Use on your next order. STOP to opt out,Promo,Promo_21
  Convert your BOB card purchase of Rs.653 into easy EMIs at 0% interest. Reply YES.,Promo,Promo_15
Your  A/c XX4807 is debited with Rs.24727 on 20-03-26. Info: UPI-Naksh. Bal: Rs.313221,Bank,Bank_2
delivery attempt failed for order od3888378306. we will retry tomorrow. -ekart,Delivery,Delivery_5
Neel from Ekart is arriving with your package. Contact: 08444246319,Delivery,Delivery_6
Out for delivery: Your BigBasket package OD8866128773 will arrive today by 3 PM. -DTDC,Delivery,Delivery_1
KYC update pending for A/c XX9258. Please visit ur nearest ICICI Bank branch by 22-04-26 to avoid restrictions.,Bank,Bank_12
EMI  of Rs.43276 due on 22-02-26 for loan A/c XX5912. Pay now to avoid charges. -BOB,Bank,Bank_4
"Class shifted to room 8735, come fast",Personal,Hard_6
<#> 675215 is ur Axis Bank code. Valid 5 min. hA8sk2Lqp3,OTP,OTP_13
Your return pickup for order OD6221379338 is scheduled on 05 Jul Keep the item ready -Meesho,Delivery,Delivery_7
Hungry? Get 60% off up to Rs.1720 on your next 3 orders Code: EAT70 -Zomato,Promo,Promo_12
719336 - use this code to sign in to Uber. Never share it with anyone.,OTP,OTP_7
"Hey, my new number is 02553591878. Save it! Meet at 6pm?",Personal,Hard_4
Missed our shows? Come back to Hotstar at 50% off for 3 months. Resubscribe: bit.ly/LOwcah,Promo,Promo_19
933092 - use this to sign in. never share this code with anyone.,OTP,Hard_7
Rs.43107 credited to A/c XX1035 on 01-04-26. Avl Bal: Rs.499814. -PNB,Bank,Bank_1
XpressBees: Shipment OD4285332880 reached your city hub. Expected delivery: 04 Jul.,Delivery,Delivery_4
Weekend special at Amazon! Min 10% off on everything. Don't miss out: bit.ly/XlSmif,Promo,Promo_6
Data  exhausted? Get 1.5GB extra with Rs.169 booster pack. Dial *121# or visit app.,Promo,Promo_11
"Hi  Imaran, unlock Rs.1430 off your first order at Flipkart with code NEW88.",Promo,Promo_7
<#> 613141 is your BigBasket code Valid 5 min hA8sk2Lqp3,OTP,OTP_13
Ur BigBasket code: 230865,OTP,OTP_8
17817  - use this code to sign in to Swiggy. Never share it with anyone.,OTP,OTP_7
Congratulations! You won Rs.165933 in lucky draw. Claim: bit.ly/DXwDQZ,Spam,Hard_12
  IRCTC: Special trains added for festive season. Book early & save up to 60%.,Promo,Promo_17
Your one time password is 643848 for PNB. Please do not share it.,OTP,OTP_5
Flipkart Big Billion Days! Up to 20% off + extra 10% with BOB cards. Hurry!,Promo,Promo_1
Use 966272 to complete ur Axis Bank registration. Valid till 2 mins.,OTP,OTP_4
Weekend special at Amazon! Min 30% off on everything. Don't miss out: bit.ly/uRuZnB,Promo,Promo_6
Your order OD2767503366 from Swiggy is arriving tomorrow. Keep Rs.3896 ready for COD.,Delivery,Delivery_3
ALERT:  Rs.80644 withdrawn from ATM using card XX3841 on 18-04-26. Bal: Rs.285071. -ICICI Bank,Bank,Bank_3
MEGA SALE! Get 50% OFF on all products at Zomato Shop now: bitly/sHDwSO T&C apply,Promo,Promo_0
Delivery attempt failed for order OD7559879672 We will retry tomorrow -DTDC,Delivery,Delivery_5
fitan from dtdc is arriving with your package. contact: 2578161715,Delivery,Delivery_6
Your Amazon order OD4507702342 has been shipped via Delhivery. Track: bit.ly/bnIWVd,Delivery,Delivery_0
Your Flipkart membership expires soon. Renew now & save 70%: bit.ly/UZjuUK,Promo,Promo_9
Ur Kotak debit card XX9930 has been blocked due to suspicious activity. Visit branch or call 1800-XXX to unblock.,Bank,Bank_11
kyc update pending for a/c xx8875. please visit your nearest sbi branch by 20-06-26 to avoid restrictions.,Bank,Bank_12
Beware of fraud calls asking for card details. HDFC Bank officials never ask for PIN or CVV.,Bank,Bank_15
Hungry? Get 70% off up to Rs.1906 on your next 3 orders. Code: EAT67. -Swiggy,Promo,Promo_12
Data exhausted? Get 2GB extra with Rs.585 booster pack. Dial *121# or visit app.,Promo,Promo_11
"Bro send me Rs.4639 on gpay, will return by 04 Jul",Personal,Hard_5
972387 - use this code to sign in to ICICI Bank Never share it with anyone,OTP,OTP_7
Order OD7927511491 packed and ready! Expected dispatch by 02 Jul. -Flipkart,Delivery,Delivery_8
  32448 is your HDFC Bank security code. Anyone asking for it is a scammer.,OTP,OTP_9
Use code 1558 at checkout for 50% off at Meesho!,Promo,Hard_0
  Last day! Myntra clearance sale ends tonight. Up to 80% off sitewide.,Promo,Promo_8
your credit card xx4749 statement is ready. total due: rs.91642. min due: rs.3663. -pnb,Bank,Bank_5
Your Jio pack expires tomorrow. Recharge with Rs.1240 for 3GB/day + unlimited calls.,Promo,Promo_10
"Never share your OTP, PIN or CVV. SBI never asks for these. Stay safe.",Bank,Hard_3
Order OD8883900912 packed and ready! Expected dispatch by 06 Jul. -Meesho,Delivery,Delivery_8
Coupon 7402 gives you free delivery on orders above Rs.1289 -Meesho,Promo,Hard_1
Tap to verify: 799723. This code expires shortly.,OTP,Hard_9
<#> 330508 is your paytm code. valid 30 min. ha8sk2lqp3,OTP,OTP_13
269719 is your verification code for GPay. Never share your OTP.,OTP,OTP_3
  Data exhausted? Get 1GB extra with Rs.1781 booster pack. Dial *121# or visit app.,Promo,Promo_11
YOUR ACCOUNT STATEMENT FOR JUNE IS AVAILABLE. DOWNLOAD FROM THE PNB APP.,Bank,Bank_16
SALARY OF RS.69057 CREDITED TO A/C XX8015. AVL BAL: RS.214496. -PNB,Bank,Bank_7
Interest of Rs.48261 credited to ur FD A/c XX1467. -Axis Bank,Bank,Bank_9
Your Myntra order OD2507749759 has been shipped via Delhivery. Track: bit.ly/nCxeTz,Delivery,Delivery_0
  Missed our shows? Come back to Hotstar at 50% off for 3 months. Resubscribe: bit.ly/eSzwFP,Promo,Promo_19
KYC update pending for A/c XX6230. Please visit your nearest PNB branch by 21-04-26 to avoid restrictions. T&C apply,Bank,Bank_12
625677 is your BOB security code. Anyone asking for it is a scammer.,OTP,OTP_9
Interest of INR 39080 credited to your FD A/c XX2017. -BOB,Bank,Bank_9
Beware of fraud calls asking for card details. BOB officials never ask for PIN or CVV.,Bank,Bank_15
rs.827 cashback credited to your amazon pay wallet. use on your next order.,Promo,Promo_21
CONVERT YOUR SBI CARD PURCHASE OF RS.1585 INTO EASY EMIS AT 0% INTEREST. REPLY YES.,Promo,Promo_15
Coupon 3020 gives you free delivery on orders above Rs.2154. -Meesho,Promo,Hard_1
WEEKEND SPECIAL AT MEESHO! MIN 50% OFF ON EVERYTHING. DON'T MISS OUT: BIT.LY/TPXGST,Promo,Promo_6
OTP  for delivery of order OD2732519919 is 1867. Share only with the delivery agent. -XpressBees,Delivery,Delivery_9
Coupon 8907 gives you free delivery on orders above Rs.718. -Flipkart,Promo,Hard_1
Swiggy Big Billion Days! Up to 40% off + extra 10% with BOB cards. Hurry!,Promo,Promo_1
interest of rs.11882 credited to your fd a/c xx9186. -kotak,Bank,Bank_9
YOUR NETFLIX PLAN RENEWS ON 05 JUL AT RS.1509. UPGRADE TO 4K FOR RS.525/MONTH.,Promo,Promo_18
INR 1756 cashback credited to your PhonePe wallet. Use on your next order.,Promo,Promo_21
your account statement for august is available. download from the kotak app.,Bank,Bank_16
OTP FOR DELIVERY OF ORDER OD6020005267 IS 5109. SHARE ONLY WITH THE DELIVERY AGENT. -DELHIVERY,Delivery,Delivery_9
Use code 8911 at checkout for 50% off at Myntra!,Promo,Hard_0
FLAT RS.388 CASHBACK ON YOUR NEXT ORDER AT ZOMATO. USE CODE SAVE39. VALID TILL 04 JUL.,Promo,Promo_2
PNB: 819022 is your login OTP It expires in 5 minutes,OTP,OTP_6
Beware of fraud calls asking for card details. Axis Bank officials never ask for PIN or CVV.,Bank,Bank_15
Interest of Rs.93842 credited to your FD A/c XX3639. -Axis Bank,Bank,Bank_9
MEGA  SALE! Get 10% OFF on all products at Meesho. Shop now: bit.ly/RoRZTE T&C apply.,Promo,Promo_0
xpressbees: shipment od7373924050 reached your city hub. expected delivery: 01 jul.,Delivery,Delivery_4
Your SIM will be deactivated in 24hrs. Verify Aadhaar: bit.ly/skIJys,Spam,Hard_13
OTP FOR DELIVERY OF ORDER OD6012348744 IS 6858. SHARE ONLY WITH THE DELIVERY AGENT. -XPRESSBEES,Delivery,Delivery_9
Loved your recent BigBasket order? Reorder in 1 tap and get 70% off today. STOP to opt out,Promo,Promo_22
Use 841687 to complete your IRCTC registration. Valid till 5 mins.,OTP,OTP_4
587368 IS YOUR VERIFICATION CODE FOR AXIS BANK. NEVER SHARE YOUR OTP.,OTP,OTP_3
OTP: 62620 for txn of Rs.27726 at BOB. Do not share. -BOB,OTP,OTP_2
"Bro  send me Rs.966 on gpay, will return by 03 Jul",Personal,Hard_5
"Never share ur OTP, PIN or CVV. HDFC Bank never asks for these. Stay safe.",Bank,Hard_3
Your FD of Rs.95254 matures on 12-05-26. Renew or withdraw via netbanking. -Kotak,Bank,Bank_14
your one time password is 215548 for kotak. please do not share it.,OTP,OTP_5
Ur one time password is 653430 for GPay. Please do not share it.,OTP,OTP_5
Salary of Rs.76786 credited to A/c XX1361. Avl Bal: Rs.123085. -PNB,Bank,Bank_7
Your one time password is 194331 for Kotak. Please do not share it. T&C apply,OTP,OTP_5
Your FD of Rs.43049 matures on 04-05-26. Renew or withdraw via netbanking. -ICICI Bank,Bank,Bank_14
"Hey, my new number is 01966207706. Save it! Meet at noon?",Personal,Hard_4
Your A/c XX1234 is debited with Rs.1743 on 15-02-26. Info: UPI-Saksham. Bal: Rs.162513,Bank,Bank_2
  XpressBees: Shipment OD2661570704 reached your city hub. Expected delivery: 06 Jul.,Delivery,Delivery_4
  Swiggy: Free delivery all weekend! Order your favourites now.,Promo,Promo_13
Your Amazon order OD9491274206 has been shipped via BlueDart Track: bitly/JDQUOn,Delivery,Delivery_0
Ur Meesho order OD6036529620 has been shipped via BlueDart. Track: bit.ly/KhXcjp,Delivery,Delivery_0
Ur return pickup for order OD7601805131 is scheduled on 02 Jul. Keep the item ready. -Amazon,Delivery,Delivery_7
Hungry? Get 60% off up to Rs.636 on your next 3 orders. Code: EAT18. -Swiggy,Promo,Promo_12
248892 is your OTP for Zomato login. Valid for 15 minutes. Do not share with anyone.,OTP,OTP_0
"  Bro send me Rs.3747 on gpay, will return by 01 Jul",Personal,Hard_5
Coupon 2148 gives you free delivery on orders above Rs.1339. -BigBasket,Promo,Hard_1
814484 - USE THIS TO SIGN IN. NEVER SHARE THIS CODE WITH ANYONE.,OTP,Hard_7
<#> 450964 is ur BigBasket code. Valid 15 min. hA8sk2Lqp3,OTP,OTP_13
Pre-approved! Get a Kotak credit card with Rs.458249 limit. Zero joining fee. Apply: bit.ly/HLXoUo,Promo,Promo_14
Your one time password is 252338 for GPay. Please do not share it.,OTP,OTP_5
661507 - use this code to sign in to Kotak. Never share it with anyone.,OTP,OTP_7
Use 292307 to complete ur Zomato registration. Valid till 5 mins.,OTP,OTP_4
order od5182453763 packed and ready! expected dispatch by 06 jul. -myntra,Delivery,Delivery_8
Rs.87410 credited to A/c XX4706 on 12-03-26. Avl Bal: Rs.125434. -BOB,Bank,Bank_1
DHRUV FROM BLUEDART IS ARRIVING WITH YOUR PACKAGE. CONTACT: 0828683665,Delivery,Delivery_6
Order OD3171422823 packed and ready! Expected dispatch by 06 Jul -Meesho,Delivery,Delivery_8
Weekend special at BigBasket! Min 20% off on everything. Don't miss out: bit.ly/eCABye,Promo,Promo_6
Confirmation code 642724 for Hotstar. Keep it private.,OTP,OTP_11
UPI payment of Rs.18964 to Arya successful. UPI Ref: 768840937400. -ICICI Bank,Bank,Bank_6
OTP-based login was enabled for your A/c XX3529 Call Axis Bank if this wasn't you,Bank,Hard_2
Loved your recent Flipkart order? Reorder in 1 tap and get 20% off today.,Promo,Promo_22
your account statement for august is available. download from the icici bank app.,Bank,Bank_16
Your credit card XX7000 statement is ready. Total due: INR 56254. Min due: INR 539. -PNB,Bank,Bank_5
  Order OD4411617380 packed and ready! Expected dispatch by 04 Jul. -Zomato,Delivery,Delivery_8
g-820292 is your google verification code.,OTP,OTP_12
"Your PNB health insurance renewal is due 03 Jul. Renew online, save 70% on premium. -TM",Promo,Promo_24
Your A/c XX6895 is debited with INR 49148 on 04-02-26. Info: UPI-Jeet. Bal: INR 194818,Bank,Bank_2
Your PNB code: 123371,OTP,OTP_8
Coupon 1852 gives you free delivery on orders above Rs.407. -Amazon,Promo,Hard_1
LOW BALANCE ALERT: A/C XX8232 BALANCE IS RS.27592. MAINTAIN MIN BALANCE TO AVOID CHARGES.,Bank,Bank_10
DELIVERED! YOUR AMAZON ORDER OD8062915745 WAS DELIVERED ON 04 JUL. RATE YOUR EXPERIENCE: BIT.LY/SDWIDF,Delivery,Delivery_2
  Delivery attempt failed for order OD1162525741. We will retry tomorrow. -DTDC,Delivery,Delivery_5
INTEREST OF RS.58488 CREDITED TO YOUR FD A/C XX8696. -ICICI BANK,Bank,Bank_9
OTP: 215319 for txn of Rs.35410 at BigBasket. Do not share. -BOB,OTP,OTP_2
  DTDC: Shipment OD2702420131 reached your city hub. Expected delivery: 03 Jul.,Delivery,Delivery_4
KYC update pending for A/c XX9944 Please visit your nearest Kotak branch by 06-06-26 to avoid restrictions,Bank,Bank_12
Libni  from Delhivery is arriving with your package. Contact: 2772938919,Delivery,Delivery_6
Your Prime Video plan renews on 05 Jul at Rs.523. Upgrade to 4K for Rs.592/month.,Promo,Promo_18
  Zomato Big Billion Days! Up to 30% off + extra 10% with Axis Bank cards. Hurry!,Promo,Promo_1
Out for delivery: Ur Flipkart package OD7294402411 will arrive today by 6 PM. -DTDC,Delivery,Delivery_1
DELIVERED! YOUR MYNTRA ORDER OD8004432535 WAS DELIVERED ON 06 JUL. RATE YOUR EXPERIENCE: BIT.LY/NRXGXW,Delivery,Delivery_2
Tap to verify: 826185. This code expires shortly.,OTP,Hard_9
59577 is your Zomato security code. Anyone asking for it is a scammer.,OTP,OTP_9
Cheque no. 782659787053 for Rs.38464 has been cleared from A/c XX5924. -SBI -TM,Bank,Bank_8
Coupon  8204 gives you free delivery on orders above Rs.3818. -Meesho,Promo,Hard_1
Pre-approved! Get a HDFC Bank credit card with Rs.436263 limit. Zero joining fee. Apply: bit.ly/KTdmLk,Promo,Promo_14
MEGA SALE! Get 10% OFF on all products at Meesho. Shop now: bit.ly/RxCDww T&C apply. STOP to opt out,Promo,Promo_0
KYC  update pending for A/c XX5106. Please visit your nearest Axis Bank branch by 12-03-26 to avoid restrictions.,Bank,Bank_12
YOUR A/C XX6871 IS DEBITED WITH RS.29798 ON 03-04-26. INFO: UPI-URISHILLA. BAL: RS.182685,Bank,Bank_2
UPI payment of Rs.95610 to Krishna successful. UPI Ref: 640088913794. -HDFC Bank,Bank,Bank_6
YOUR UBER CODE: 1484,OTP,Hard_8
Delivery attempt failed for order OD7693494433. We will retry tomorrow. -BlueDart -TM,Delivery,Delivery_5
OTP for delivery of order OD7578119237 is 7431. Share only with the delivery agent. -DTDC,Delivery,Delivery_9
"  Hi Anita, unlock Rs.1189 off your first order at Zomato with code NEW48.",Promo,Promo_7
Congratulations! You won INR 2007364 in lucky draw. Claim: bit.ly/ivCzMv,Spam,Hard_12
Beware  of fraud calls asking for card details. BOB officials never ask for PIN or CVV.,Bank,Bank_15
845412  is your Zomato security code. Anyone asking for it is a scammer.,OTP,OTP_9
EMI of Rs.75613 due on 19-01-26 for loan A/c XX3790. Pay now to avoid charges. -SBI,Bank,Bank_4
Congratulations! You won Rs.287414 in lucky draw. Claim: bit.ly/XZAwXz,Spam,Hard_12
  214877 is your Hotstar security code. Anyone asking for it is a scammer.,OTP,OTP_9
Rs.78797 debited from A/c XX7936 on 11-02-26 to Shivansh. Avl Bal: Rs.213754. -SBI,Bank,Bank_0
YOUR SWIGGY MEMBERSHIP EXPIRES SOON. RENEW NOW & SAVE 40%: BIT.LY/JFQZGR,Promo,Promo_9
  873390 - use this to sign in. Never share this code with anyone.,OTP,Hard_7
Rs.1507 cashback credited to your Paytm wallet. Use on your next order.,Promo,Promo_21
Missed our shows? Come back to Netflix at 50% off for 3 months Resubscribe: bitly/tyZRcv,Promo,Promo_19
Ur one time password is 215388 for Uber. Please do not share it.,OTP,OTP_5
Your account statement for July is available. Download from the Kotak app. T&C apply,Bank,Bank_16
Weekend special at Swiggy! Min 30% off on everything Don't miss out: bitly/LDxoKI,Promo,Promo_6
Rs.70938 credited to A/c XX9076 on 15-06-26 Avl Bal: Rs.314950 -BOB,Bank,Bank_1
Your account statement for June is available. Download from the ICICI Bank app.,Bank,Bank_16
Cheque no 846228980302 for Rs.45550 has been cleared from A/c XX1752 -SBI,Bank,Bank_8
Out for delivery: Your Amazon package OD4588311714 will arrive today by 3 PM -Delhivery,Delivery,Delivery_1
  Recharge with Rs.1405 & get 10% extra talktime. Offer valid today only!,Promo,Promo_5
INR 97352 credited to A/c XX6727 on 03-07-26. Avl Bal: INR 414238. -Axis Bank,Bank,Bank_1
Your  A/c XX9195 is debited with Rs.10889 on 06-01-26. Info: UPI-Ranbir. Bal: Rs.380211,Bank,Bank_2
"Never share your OTP, PIN or CVV. SBI never asks for these. Stay safe.",Bank,Hard_3
Use code 8111 at checkout for 10% off at Zomato!,Promo,Hard_0
Items in your order history are back in stock at Meesho Prices start Rs.1335,Promo,Promo_23
Pay Rs.738 on delivery for order OD253397140. -DTDC T&C apply,Delivery,Hard_10
  KYC update pending for A/c XX4010. Please visit your nearest PNB branch by 27-06-26 to avoid restrictions.,Bank,Bank_12
Rs.62568 credited to A/c XX5378 on 01-03-26. Avl Bal: Rs.210713. -SBI,Bank,Bank_1
Your FD of Rs.44750 matures on 07-02-26 Renew or withdraw via netbanking -PNB,Bank,Bank_14
YOUR A/C XX7324 IS DEBITED WITH RS.58560 ON 05-04-26. INFO: UPI-LAKSH. BAL: RS.407991,Bank,Bank_2
DEAR CUSTOMER UR ICICI BANK ACCOUNT WILL BE BLOCKED! UPDATE KYC NOW: BIT.LY/MMYXEP,Spam,Hard_11
Confirmation code 92929 for Axis Bank. Keep it private.,OTP,OTP_11
Order OD4556541154 packed and ready! Expected dispatch by 04 Jul. -Flipkart,Delivery,Delivery_8
"Hi Wakeeta, unlock Rs.1348 off your first order at Zomato with code NEW83",Promo,Promo_7
Your account statement for August is available Download from the SBI app,Bank,Bank_16
Beware of fraud calls asking for card details. BOB officials never ask for PIN or CVV.,Bank,Bank_15
YOUR SIM WILL BE DEACTIVATED IN 24HRS. VERIFY AADHAAR: BIT.LY/NGWXKH,Spam,Hard_13
Your Swiggy code: 834013,OTP,OTP_8
  Flat Rs.1237 cashback on your next order at Swiggy. Use code SAVE19. Valid till 02 Jul.,Promo,Promo_2
XpressBees: Shipment OD9995796684 reached your city hub. Expected delivery: 06 Jul.,Delivery,Delivery_4
Confirmation  code 683428 for Netflix. Keep it private.,OTP,OTP_11
Loved your recent Swiggy order? Reorder in 1 tap and get 60% off today,Promo,Promo_22
Dear customer ur Axis Bank account will be blocked! Update KYC now: bit.ly/nXhZgY -TM,Spam,Hard_11
You have 2444 reward points expiring on 03 Jul. Redeem on BigBasket.,Promo,Promo_20
OTP for delivery of order OD7743703181 is 9165. Share only with the delivery agent. -XpressBees,Delivery,Delivery_9
MEGA SALE! Get 40% OFF on all products at Myntra Shop now: bitly/hxktFs T&C apply,Promo,Promo_0
987540 is your verification code for IRCTC. Never share your OTP.,OTP,OTP_3
304543 is your OTP for Axis Bank login. Valid for 2 minutes. Do not share with anyone. -TM,OTP,OTP_0
rs.941 cashback credited to your amazon pay wallet. use on your next order.,Promo,Promo_21
Order OD4482624005 packed and ready! Expected dispatch by 01 Jul. -Zomato,Delivery,Delivery_8
Flight fares dropped! BOM-CCU from Rs.1163. Book on Goibibo before midnight.,Promo,Promo_16
<#> 170588 is your Zomato code. Valid 5 min. hA8sk2Lqp3,OTP,OTP_13
Enter  171350 to verify your mobile number for GPay.,OTP,OTP_10
Your SIM will be deactivated in 24hrs Verify Aadhaar: bitly/FYeUHl,Spam,Hard_13
"bro send me rs.722 on gpay, will return by 06 jul",Personal,Hard_5
104854 - use this to sign in. Never share this code with anyone.,OTP,Hard_7
EMI of Rs.38014 due on 22-04-26 for loan A/c XX8178. Pay now to avoid charges. -ICICI Bank,Bank,Bank_4
KYC update pending for A/c XX6526. Please visit your nearest SBI branch by 01-04-26 to avoid restrictions.,Bank,Bank_12
Order OD5613779575 packed and ready! Expected dispatch by 05 Jul. -Flipkart T&C apply,Delivery,Delivery_8
Your SIM will be deactivated in 24hrs. Verify Aadhaar: bit.ly/XYrGVK,Spam,Hard_13
Mohini  from XpressBees is arriving with your package. Contact: 08932582449,Delivery,Delivery_6
Interest of Rs.9045 credited to ur FD A/c XX7532. -ICICI Bank,Bank,Bank_9
Last day! Swiggy clearance sale ends tonight. Up to 60% off sitewide.,Promo,Promo_8
OTP for delivery of order OD7899659411 is 3961. Share only with the delivery agent. -Delhivery,Delivery,Delivery_9
Flipkart: Your cart misses you! Complete purchase now & get 70% off. bit.ly/ntyUFy,Promo,Promo_4
Tap to verify: 559098. This code expires shortly.,OTP,Hard_9
Your A/c XX3949 is debited with Rs.73459 on 26-01-26. Info: UPI-Patrick. Bal: Rs.55986,Bank,Bank_2
896702 IS YOUR MYNTRA SECURITY CODE. ANYONE ASKING FOR IT IS A SCAMMER.,OTP,OTP_9
  UPI payment of Rs.18220 to Balvan successful. UPI Ref: 935716805903. -HDFC Bank,Bank,Bank_6
Coupon 8326 gives you free delivery on orders above Rs.2002. -Flipkart,Promo,Hard_1
Salary of Rs.8811 credited to A/c XX6730. Avl Bal: Rs.9003. -ICICI Bank,Bank,Bank_7
Rs.736  cashback credited to your PhonePe wallet. Use on your next order.,Promo,Promo_21
640719  - use this code to sign in to Zomato. Never share it with anyone.,OTP,OTP_7
Zomato Big Billion Days! Up to 20% off + extra 10% with SBI cards Hurry!,Promo,Promo_1
Your ICICI Bank code: 338525,OTP,OTP_8
Your Uber code: 6359,OTP,Hard_8
Flight fares dropped! DEL-CCU from Rs.431. Book on MakeMyTrip before midnight.,Promo,Promo_16
OTP: 680055 for txn of Rs.17998 at Zomato. Do not share. -Kotak,OTP,OTP_2
<#> 122523 is your GPay code. Valid 30 min. hA8sk2Lqp3,OTP,OTP_13
Your  A/c XX5910 is debited with Rs.76234 on 10-04-26. Info: UPI-Bhanumati. Bal: Rs.258843,Bank,Bank_2
your a/c xx7351 is debited with rs.61286 on 03-02-26. info: upi-gautam. bal: rs.399718,Bank,Bank_2
Your return pickup for order OD5793239197 is scheduled on 04 Jul. Keep the item ready. -Flipkart,Delivery,Delivery_7
"Hi Eta, unlock Rs.212 off your first order at Amazon with code NEW62. -TM",Promo,Promo_7
Hungry?  Get 80% off up to Rs.1864 on your next 3 orders. Code: EAT73. -Swiggy,Promo,Promo_12
YOUR A/C XX6446 IS DEBITED WITH RS.53692 ON 05-05-26. INFO: UPI-UBIKA. BAL: RS.112224,Bank,Bank_2
irctc: special trains added for festive season. book early & save up to 30%.,Promo,Promo_17
IRCTC: Special trains added for festive season. Book early & save up to 60%.,Promo,Promo_17
<#> 263011 IS YOUR SBI CODE. VALID 15 MIN. HA8SK2LQP3,OTP,OTP_13
Your  Uber code: 8573,OTP,Hard_8
EMI of Rs.51832 due on 16-05-26 for loan A/c XX3849. Pay now to avoid charges. -Axis Bank,Bank,Bank_4
Tap to verify: 883226. This code expires shortly.,OTP,Hard_9
your credit card xx5392 statement is ready. total due: rs.60011. min due: rs.1131. -bob,Bank,Bank_5
convert your sbi card purchase of rs.1005 into easy emis at 0% interest. reply yes.,Promo,Promo_15
Delivered!  Your Flipkart order OD3096111403 was delivered on 06 Jul. Rate your experience: bit.ly/XZRWaK,Delivery,Delivery_2
  Dear customer ur SBI account will be blocked! Update KYC now: bit.ly/CbGdmF,Spam,Hard_11
Amazon Big Billion Days! Up to 40% off + extra 10% with Axis Bank cards Hurry!,Promo,Promo_1
147204  is your PhonePe security code. Anyone asking for it is a scammer.,OTP,OTP_9
KYC update pending for A/c XX8808. Please visit your nearest BOB branch by 29-04-26 to avoid restrictions.,Bank,Bank_12
G-848854 is your Google verification code.,OTP,OTP_12
  Flight fares dropped! BLR-MAA from Rs.1099. Book on MakeMyTrip before midnight.,Promo,Promo_16
UPI payment of Rs.33199 to Ishani successful. UPI Ref: 805625639336. -HDFC Bank,Bank,Bank_6
Enter 109246 to verify your mobile number for PhonePe.,OTP,OTP_10
<#> 210176 is your Zomato code. Valid 30 min. hA8sk2Lqp3,OTP,OTP_13
Your Meesho order OD8291555635 has been shipped via BlueDart. Track: bit.ly/ucuNBx,Delivery,Delivery_0
Data exhausted? Get 1.5GB extra with Rs.1422 booster pack. Dial *121# or visit app.,Promo,Promo_11
EMI of Rs.23568 due on 13-03-26 for loan A/c XX2917. Pay now to avoid charges. -Axis Bank,Bank,Bank_4
  Dear customer ur HDFC Bank account will be blocked! Update KYC now: bit.ly/PnmizY,Spam,Hard_11
Your return pickup for order OD7853012490 is scheduled on 04 Jul. Keep the item ready. -Swiggy,Delivery,Delivery_7
966985 is your IRCTC security code. Anyone asking for it is a scammer.,OTP,OTP_9
your sim will be deactivated in 24hrs. verify aadhaar: bit.ly/xohxpp,Spam,Hard_13
Beware of fraud calls asking for card details. Kotak officials never ask for PIN or CVV.,Bank,Bank_15
"YOUR ICICI BANK HEALTH INSURANCE RENEWAL IS DUE 03 JUL. RENEW ONLINE, SAVE 70% ON PREMIUM.",Promo,Promo_24
your fd of rs.29416 matures on 16-04-26. renew or withdraw via netbanking. -sbi,Bank,Bank_14
RS.85209 CREDITED TO A/C XX7563 ON 20-03-26. AVL BAL: RS.405634. -SBI,Bank,Bank_1
Low balance alert: A/c XX9794 balance is INR 476190. Maintain min balance to avoid charges.,Bank,Bank_10
Dear customer ur HDFC Bank account will be blocked! Update KYC now: bit.ly/heaMKf,Spam,Hard_11
meesho big billion days! up to 20% off + extra 10% with hdfc bank cards. hurry!,Promo,Promo_1
527710 is your OTP for Paytm login. Valid for 5 minutes. Do not share with anyone.,OTP,OTP_0
Your A/c XX3995 is debited with Rs.21229 on 23-02-26. Info: UPI-Chameli. Bal: Rs.162712,Bank,Bank_2
Ur order OD5541281346 from Amazon is arriving tomorrow. Keep Rs.2730 ready for COD.,Delivery,Delivery_3
  Amazon: 666014 is your login OTP. It expires in 2 minutes.,OTP,OTP_6
227515 is your OTP for Myntra login. Valid for 15 minutes. Do not share with anyone.,OTP,OTP_0
Pay Rs.2953 on delivery for order OD695087552. -Ekart STOP to opt out,Delivery,Hard_10
"Never share your OTP, PIN or CVV. ICICI Bank never asks for these. Stay safe.",Bank,Hard_3
your credit card xx9599 statement is ready. total due: rs.94223. min due: rs.981. -bob,Bank,Bank_5
Your account statement for June is available. Download from the ICICI Bank app.,Bank,Bank_16
Your  Jio pack expires tomorrow. Recharge with Rs.686 for 1GB/day + unlimited calls.,Promo,Promo_10
your order od5640696372 from myntra is arriving tomorrow. keep rs.2119 ready for cod.,Delivery,Delivery_3
Convert your PNB card purchase of Rs.578 into easy EMIs at 0% interest. Reply YES.,Promo,Promo_15
pre-approved! get a pnb credit card with rs.299499 limit. zero joining fee. apply: bit.ly/eraatk,Promo,Promo_14
OTP: 238132 for txn of Rs.24726 at Ola. Do not share. -HDFC Bank,OTP,OTP_2
low balance alert: a/c xx8294 balance is rs.455996. maintain min balance to avoid charges.,Bank,Bank_10
Out for delivery: Your Amazon package OD5669928803 will arrive today by 3 PM. -Ekart,Delivery,Delivery_1
Cheque no. 616209108937 for Rs.33563 has been cleared from A/c XX2255. -BOB,Bank,Bank_8
ITEMS IN YOUR ORDER HISTORY ARE BACK IN STOCK AT AMAZON. PRICES START RS.223.,Promo,Promo_23
You  have 3748 reward points expiring on 01 Jul. Redeem on Zomato.,Promo,Promo_20
Enter 542835 to verify your mobile number for ICICI Bank,OTP,OTP_10
KYC update pending for A/c XX7308. Please visit your nearest BOB branch by 18-05-26 to avoid restrictions.,Bank,Bank_12
Ekart: Shipment OD9668986945 reached your city hub. Expected delivery: 02 Jul.,Delivery,Delivery_4
ALERT: Rs.62114 withdrawn from ATM using card XX3880 on 03-01-26. Bal: Rs.63308. -PNB,Bank,Bank_3
Your order OD3409647240 from Myntra is arriving tomorrow. Keep Rs.495 ready for COD.,Delivery,Delivery_3
"HEY, MY NEW NUMBER IS 02073021807. SAVE IT! MEET AT TONIGHT?",Personal,Hard_4
OTP: 326133 for txn of INR 11277 at ICICI Bank. Do not share. -Axis Bank,OTP,OTP_2
INTEREST OF RS.71756 CREDITED TO YOUR FD A/C XX3341. -SBI,Bank,Bank_9
"Never share your OTP, PIN or CVV. BOB never asks for these. Stay safe.",Bank,Hard_3
Last  day! Swiggy clearance sale ends tonight. Up to 60% off sitewide.,Promo,Promo_8
"  Your PNB health insurance renewal is due 01 Jul. Renew online, save 30% on premium.",Promo,Promo_24
"Hi Ekaraj, unlock Rs.1866 off ur first order at Amazon with code NEW55.",Promo,Promo_7
Work from home! Earn Rs.1359593/month. Join: bit.ly/oBnnzm,Spam,Hard_14
Your return pickup for order OD9592053807 is scheduled on 01 Jul. Keep the item ready. -Swiggy T&C apply,Delivery,Delivery_7
Meesho: Your cart misses you! Complete purchase now & get 20% off. bit.ly/QbMezD -TM,Promo,Promo_4
  Your Myntra membership expires soon. Renew now & save 20%: bit.ly/CRPKKr,Promo,Promo_9
Zomato: Free delivery all weekend! Order your favourites now.,Promo,Promo_13
use 589721 to complete your netflix registration. valid till 2 mins.,OTP,OTP_4
Your OTP is 476341. Use it to verify your GPay account. Expires in 2 min. T&C apply,OTP,OTP_1
566305 IS YOUR VERIFICATION CODE FOR AMAZON. NEVER SHARE YOUR OTP.,OTP,OTP_3
EMI of Rs.76718 due on 05-03-26 for loan A/c XX6864. Pay now to avoid charges. -Kotak,Bank,Bank_4
976363 - use this code to sign in to PNB. Never share it with anyone.,OTP,OTP_7
Use 81784 to complete your BigBasket registration. Valid till 5 mins.,OTP,OTP_4
Your Zomato order OD8501548102 has been shipped via DTDC. Track: bit.ly/fZSvzs,Delivery,Delivery_0
  MEGA SALE! Get 70% OFF on all products at Zomato. Shop now: bit.ly/DgWFgH T&C apply.,Promo,Promo_0
Last day! Zomato clearance sale ends tonight Up to 10% off sitewide,Promo,Promo_8
Order OD4857113798 packed and ready! Expected dispatch by 02 Jul. -Amazon,Delivery,Delivery_8
"Your PNB health insurance renewal is due 03 Jul Renew online, save 60% on premium",Promo,Promo_24
MEGA SALE! Get 30% OFF on all products at Myntra. Shop now: bit.ly/PtKdVV T&C apply.,Promo,Promo_0
Beware  of fraud calls asking for card details. PNB officials never ask for PIN or CVV.,Bank,Bank_15
Your OTP is 513661. Use it to verify your Kotak account. Expires in 10 min.,OTP,OTP_1
Your SBI debit card XX6011 has been blocked due to suspicious activity Visit branch or call 1800-XXX to unblock,Bank,Bank_11
Dear customer ur Kotak account will be blocked! Update KYC now: bit.ly/FaNPlJ,Spam,Hard_11
Your account statement for June is available. Download from the Kotak app.,Bank,Bank_16
"class shifted to room 5300, come fast",Personal,Hard_6
INTEREST OF RS.7702 CREDITED TO YOUR FD A/C XX9783. -ICICI BANK,Bank,Bank_9
Zayan  from Delhivery is arriving with your package. Contact: +918532119839,Delivery,Delivery_6
Coupon 3266 gives you free delivery on orders above Rs.1361. -Flipkart,Promo,Hard_1
Order OD9572678140 packed and ready! Expected dispatch by 02 Jul. -Amazon,Delivery,Delivery_8
"Bro send me INR 4944 on gpay, will return by 06 Jul",Personal,Hard_5
Recharge with Rs.935 & get 10% extra talktime Offer valid today only!,Promo,Promo_5
Your Airtel pack expires tomorrow Recharge with Rs.1669 for 1.5GB/day + unlimited calls,Promo,Promo_10
Your OTP is 170554. Use it to verify your Uber account. Expires in 15 min.,OTP,OTP_1
Ur account statement for July is available. Download from the Kotak app.,Bank,Bank_16
  Low balance alert: A/c XX4122 balance is Rs.396002. Maintain min balance to avoid charges.,Bank,Bank_10
Items in your order history are back in stock at Meesho. Prices start INR 769.,Promo,Promo_23
ALERT:  Rs.43863 withdrawn from ATM using card XX7495 on 15-03-26. Bal: Rs.331409. -HDFC Bank,Bank,Bank_3
Your one time password is 151425 for Myntra. Please do not share it.,OTP,OTP_5
Ur A/c XX4150 is debited with Rs.15196 on 04-02-26. Info: UPI-Ati. Bal: Rs.442528,Bank,Bank_2
UPI payment of Rs.32892 to Ekiya successful. UPI Ref: 822200099522. -PNB,Bank,Bank_6
YOUR ORDER OD6390622899 FROM FLIPKART IS ARRIVING TOMORROW. KEEP RS.4411 READY FOR COD.,Delivery,Delivery_3
"Hi Ranbir, unlock Rs.1425 off ur first order at Swiggy with code NEW47.",Promo,Promo_7
rs.65623 debited from a/c xx5677 on 29-04-26 to manthan. avl bal: rs.152403. -kotak,Bank,Bank_0
Use 642016 to complete your Ola registration. Valid till 15 mins.,OTP,OTP_4
G-551016 is your Google verification code.,OTP,OTP_12
your airtel pack expires tomorrow. recharge with rs.1486 for 1.5gb/day + unlimited calls.,Promo,Promo_10
Your Zomato membership expires soon. Renew now & save 60%: bit.ly/iSKCqJ -TM,Promo,Promo_9
ALERT: Rs.42118 withdrawn from ATM using card XX3730 on 26-04-26 Bal: Rs.359365 -Axis Bank,Bank,Bank_3
Convert  your Axis Bank card purchase of Rs.788 into easy EMIs at 0% interest. Reply YES.,Promo,Promo_15
Data  exhausted? Get 2GB extra with Rs.128 booster pack. Dial *121# or visit app.,Promo,Promo_11
924406 is your otp for axis bank login. valid for 10 minutes. do not share with anyone.,OTP,OTP_0
Your credit card XX5755 statement is ready Total due: Rs.59181 Min due: Rs.3739 -Axis Bank,Bank,Bank_5
Your one time password is 650954 for Ola. Please do not share it.,OTP,OTP_5
Your Vi pack expires tomorrow. Recharge with INR 1656 for 1.5GB/day + unlimited calls.,Promo,Promo_10
Rs.77966 debited from A/c XX7705 on 14-01-26 to Hemang Avl Bal: Rs.257110 -SBI,Bank,Bank_0
interest of rs.15573 credited to your fd a/c xx1691. -axis bank,Bank,Bank_9
KYC update pending for A/c XX7272. Please visit your nearest BOB branch by 17-04-26 to avoid restrictions.,Bank,Bank_12
EMI of Rs.45227 due on 14-03-26 for loan A/c XX5863. Pay now to avoid charges. -Kotak,Bank,Bank_4
Cheque  no. 489653431508 for Rs.95018 has been cleared from A/c XX4402. -Axis Bank,Bank,Bank_8
YOUR ONE TIME PASSWORD IS 437761 FOR UBER. PLEASE DO NOT SHARE IT.,OTP,OTP_5
398115 - use this to sign in. Never share this code with anyone.,OTP,Hard_7
Enter 480659 to verify your mobile number for PhonePe.,OTP,OTP_10
Your Uber code: 2531,OTP,Hard_8
Your order OD8764074664 from Myntra is arriving tomorrow. Keep Rs.4924 ready for COD.,Delivery,Delivery_3
UPI payment of Rs.8311 to Zehaan successful. UPI Ref: 869619602226. -ICICI Bank,Bank,Bank_6
"  Hey, my new number is +914305827388. Save it! Meet at tonight?",Personal,Hard_4
IRCTC: Special trains added for festive season. Book early & save up to 60%.,Promo,Promo_17
Your credit card XX5188 statement is ready Total due: Rs.56879 Min due: Rs.1378 -BOB,Bank,Bank_5
Flight fares dropped! DEL-LKO from Rs.736. Book on ixigo before midnight.,Promo,Promo_16
Weekend special at BigBasket! Min 70% off on everything. Don't miss out: bit.ly/GJlbkU,Promo,Promo_6
ORDER OD2292624931 PACKED AND READY! EXPECTED DISPATCH BY 06 JUL. -MYNTRA,Delivery,Delivery_8
"Your  ICICI Bank health insurance renewal is due 03 Jul. Renew online, save 60% on premium.",Promo,Promo_24
<#> 725245 is your sbi code. valid 5 min. ha8sk2lqp3,OTP,OTP_13
  Rs.393 cashback credited to your Amazon Pay wallet. Use on your next order.,Promo,Promo_21
Your OTP is 60741 Use it to verify your IRCTC account Expires in 10 min,OTP,OTP_1
"Ur BOB health insurance renewal is due 04 Jul. Renew online, save 10% on premium.",Promo,Promo_24
kotak: 809665 is your login otp. it expires in 2 minutes.,OTP,OTP_6
Your A/c XX3166 is debited with Rs.27000 on 14-03-26. Info: UPI-Aayush. Bal: Rs.359132,Bank,Bank_2
Zomato: Your cart misses you! Complete purchase now & get 60% off. bit.ly/emSeBJ,Promo,Promo_4
Convert your Axis Bank card purchase of INR 1725 into easy EMIs at 0% interest. Reply YES.,Promo,Promo_15
your a/c xx8427 is debited with rs.34819 on 12-06-26. info: upi-finn. bal: rs.136609,Bank,Bank_2
beware of fraud calls asking for card details. axis bank officials never ask for pin or cvv.,Bank,Bank_15
  Low balance alert: A/c XX2975 balance is Rs.437773. Maintain min balance to avoid charges.,Bank,Bank_10
Pahal from DTDC is arriving with ur package. Contact: +917978756361,Delivery,Delivery_6
249770 - use this code to sign in to myntra. never share it with anyone.,OTP,OTP_7
Dear customer ur HDFC Bank account will be blocked! Update KYC now: bit.ly/wUgOGM,Spam,Hard_11
Low balance alert: A/c XX3549 balance is Rs.389311. Maintain min balance to avoid charges. -TM,Bank,Bank_10
Your Netflix plan renews on 04 Jul at Rs.134. Upgrade to 4K for Rs.706/month.,Promo,Promo_18
pay rs.4642 on delivery for order od704671381. -ekart,Delivery,Hard_10
Data exhausted? Get 1.5GB extra with Rs.1769 booster pack. Dial *121# or visit app.,Promo,Promo_11
Ur FD of Rs.57646 matures on 07-05-26. Renew or withdraw via netbanking. -ICICI Bank,Bank,Bank_14
  292732 is your OTP for BOB login. Valid for 5 minutes. Do not share with anyone.,OTP,OTP_0
Order OD3805528842 packed and ready! Expected dispatch by 05 Jul. -Myntra,Delivery,Delivery_8
Ur Zomato membership expires soon. Renew now & save 20%: bit.ly/oiLvbU,Promo,Promo_9
Delivered! Your Meesho order OD7235106523 was delivered on 01 Jul Rate your experience: bitly/vgOyku,Delivery,Delivery_2
ALERT: Rs.48450 withdrawn from ATM using card XX2424 on 30-03-26. Bal: Rs.371840. -SBI,Bank,Bank_3
Recharge with Rs.1989 & get 40% extra talktime. Offer valid today only!,Promo,Promo_5
Convert your HDFC Bank card purchase of Rs.250 into easy EMIs at 0% interest. Reply YES.,Promo,Promo_15
Weekend special at Meesho! Min 30% off on everything. Don't miss out: bit.ly/UeIXrt STOP to opt out,Promo,Promo_6
U have 4142 reward points expiring on 05 Jul. Redeem on Zomato.,Promo,Promo_20
Your A/c XX5591 is debited with Rs.10872 on 21-02-26. Info: UPI-Nisha. Bal: Rs.339639,Bank,Bank_2
DATA EXHAUSTED? GET 3GB EXTRA WITH RS.153 BOOSTER PACK. DIAL *121# OR VISIT APP.,Promo,Promo_11
MEGA  SALE! Get 70% OFF on all products at Flipkart. Shop now: bit.ly/JwwNel T&C apply.,Promo,Promo_0
MEGA SALE! Get 20% OFF on all products at Zomato. Shop now: bit.ly/tsghFT T&C apply.,Promo,Promo_0
  OTP for delivery of order OD4825744887 is 2975. Share only with the delivery agent. -DTDC,Delivery,Delivery_9
  Swiggy: Free delivery all weekend! Order your favourites now.,Promo,Promo_13
Your account statement for August is available. Download from the PNB app.,Bank,Bank_16
Your OTP is 93775. Use it to verify your HDFC Bank account. Expires in 30 min. -TM,OTP,OTP_1
your sonyliv plan renews on 06 jul at rs.405. upgrade to 4k for rs.955/month.,Promo,Promo_18
Last day! Myntra clearance sale ends tonight. Up to 50% off sitewide.,Promo,Promo_8
771075 is your verification code for uber. never share your otp.,OTP,OTP_3
  Rs.93929 debited from A/c XX8861 on 15-02-26 to Amrita. Avl Bal: Rs.400321. -SBI,Bank,Bank_0
  Salary of Rs.62661 credited to A/c XX2012. Avl Bal: Rs.345584. -PNB,Bank,Bank_7
Enter 941832 to verify your mobile number for BigBasket.,OTP,OTP_10
Rs.83461 debited from A/c XX7489 on 14-02-26 to Ranveer. Avl Bal: Rs.19100. -Axis Bank,Bank,Bank_0
Flat Rs.1122 cashback on your next order at Amazon Use code SAVE32 Valid till 04 Jul,Promo,Promo_2
884305  is your verification code for GPay. Never share your OTP.,OTP,OTP_3
"Bro send me Rs.4921 on gpay, will return by 04 Jul",Personal,Hard_5
255853 - use this to sign in. Never share this code with anyone.,OTP,Hard_7
Confirmation code 126533 for Netflix. Keep it private.,OTP,OTP_11
Pay Rs.2312 on delivery for order OD242885587. -BlueDart,Delivery,Hard_10
Exclusive for you! Buy 1 Get 1 FREE at Swiggy. Limited period offer. Visit bit.ly/pPkPMC,Promo,Promo_3
Your account statement for August is available Download from the Kotak app,Bank,Bank_16
OTP-based login was enabled for your A/c XX9347. Call BOB if this wasn't you.,Bank,Hard_2
Your SIM will be deactivated in 24hrs. Verify Aadhaar: bit.ly/twzKCa,Spam,Hard_13
YOUR OTP IS 930902. USE IT TO VERIFY YOUR FLIPKART ACCOUNT. EXPIRES IN 30 MIN.,OTP,OTP_1
G-560584 IS YOUR GOOGLE VERIFICATION CODE.,OTP,OTP_12
998893 is your verification code for IRCTC. Never share your OTP.,OTP,OTP_3
XpressBees: Shipment OD5885379722 reached ur city hub. Expected delivery: 02 Jul.,Delivery,Delivery_4
  OTP for delivery of order OD4055837457 is 9828. Share only with the delivery agent. -DTDC,Delivery,Delivery_9
Beware of fraud calls asking for card details. Kotak officials never ask for PIN or CVV.,Bank,Bank_15
"Hi Ekaja, unlock Rs.748 off your first order at Amazon with code NEW51.",Promo,Promo_7
<#> 621024 is your Meesho code. Valid 10 min. hA8sk2Lqp3,OTP,OTP_13
DELIVERY ATTEMPT FAILED FOR ORDER OD8097135018. WE WILL RETRY TOMORROW. -BLUEDART,Delivery,Delivery_5
  Your Vi pack expires tomorrow. Recharge with Rs.1889 for 3GB/day + unlimited calls.,Promo,Promo_10
Your Jio pack expires tomorrow. Recharge with Rs.1936 for 2GB/day + unlimited calls.,Promo,Promo_10
Exclusive for you! Buy 1 Get 1 FREE at Meesho Limited period offer Visit bitly/lzztzK,Promo,Promo_3
Flat Rs.1195 cashback on your next order at Myntra. Use code SAVE65. Valid till 02 Jul.,Promo,Promo_2
  Your account statement for June is available. Download from the HDFC Bank app.,Bank,Bank_16
Low  balance alert: A/c XX1234 balance is Rs.320992. Maintain min balance to avoid charges.,Bank,Bank_10
949973 - use this code to sign in to BigBasket. Never share it with anyone.,OTP,OTP_7
Last day! BigBasket clearance sale ends tonight. Up to 20% off sitewide.,Promo,Promo_8
YOUR ACCOUNT STATEMENT FOR AUGUST IS AVAILABLE. DOWNLOAD FROM THE ICICI BANK APP.,Bank,Bank_16
<#>  516660 is your Meesho code. Valid 2 min. hA8sk2Lqp3,OTP,OTP_13
  Weekend special at Amazon! Min 80% off on everything. Don't miss out: bit.ly/OfcFVj,Promo,Promo_6
Data  exhausted? Get 1.5GB extra with Rs.153 booster pack. Dial *121# or visit app.,Promo,Promo_11
G-790867  is your Google verification code.,OTP,OTP_12
OTP for delivery of order OD2270402307 is 6674. Share only with the delivery agent. -Ekart,Delivery,Delivery_9
Flat Rs.1609 cashback on your next order at Meesho. Use code SAVE43. Valid till 02 Jul.,Promo,Promo_2
Your Myntra order OD4251401503 has been shipped via Ekart. Track: bit.ly/QFTXjl,Delivery,Delivery_0
EMI of Rs.22789 due on 31-01-26 for loan A/c XX4808. Pay now to avoid charges. -Axis Bank,Bank,Bank_4
COUPON 8860 GIVES YOU FREE DELIVERY ON ORDERS ABOVE RS.4987. -SWIGGY,Promo,Hard_1
Items  in your order history are back in stock at Amazon. Prices start Rs.1575.,Promo,Promo_23
delivery attempt failed for order od2832981885. we will retry tomorrow. -bluedart,Delivery,Delivery_5
321364 is your SBI security code. Anyone asking for it is a scammer.,OTP,OTP_9
Your credit card XX6419 statement is ready. Total due: Rs.61957. Min due: Rs.2610. -Axis Bank,Bank,Bank_5
EMI of Rs.52494 due on 29-06-26 for loan A/c XX8662. Pay now to avoid charges. -PNB,Bank,Bank_4
OTP for delivery of order OD5995073532 is 2251. Share only with the delivery agent. -Delhivery,Delivery,Delivery_9
KYC update pending for A/c XX3767. Please visit your nearest SBI branch by 20-01-26 to avoid restrictions.,Bank,Bank_12
Enter 448526 to verify your mobile number for Paytm.,OTP,OTP_10
KYC update pending for A/c XX1604 Please visit your nearest PNB branch by 11-01-26 to avoid restrictions,Bank,Bank_12
Enter 627574 to verify ur mobile number for ICICI Bank.,OTP,OTP_10
Your credit card XX4826 statement is ready. Total due: Rs.57313. Min due: Rs.1701. -Kotak,Bank,Bank_5
Use 162953 to complete your Amazon registration. Valid till 30 mins.,OTP,OTP_4
Your Kotak code: 905060,OTP,OTP_8
  Use code 5224 at checkout for 50% off at Amazon!,Promo,Hard_0
Your FD of INR 53531 matures on 11-04-26. Renew or withdraw via netbanking. -ICICI Bank,Bank,Bank_14
573876  is your GPay security code. Anyone asking for it is a scammer.,OTP,OTP_9
your one time password is 37167 for uber. please do not share it.,OTP,OTP_5
<#> 384453 is your PNB code Valid 10 min hA8sk2Lqp3,OTP,OTP_13
  513860 - use this code to sign in to ICICI Bank. Never share it with anyone.,OTP,OTP_7
Low balance alert: A/c XX5226 balance is Rs.53695 Maintain min balance to avoid charges,Bank,Bank_10
COUPON 3029 GIVES YOU FREE DELIVERY ON ORDERS ABOVE RS.4242. -MEESHO,Promo,Hard_1
Tap to verify: 453339. This code expires shortly. -TM,OTP,Hard_9
MEGA SALE! Get 10% OFF on all products at Amazon Shop now: bitly/HujIZE T&C apply,Promo,Promo_0
"  Hi Indrajit, unlock Rs.943 off your first order at Swiggy with code NEW96.",Promo,Promo_7
380947 is your OTP for HDFC Bank login. Valid for 15 minutes. Do not share with anyone.,OTP,OTP_0
Your A/c XX6989 is debited with Rs.5949 on 29-05-26. Info: UPI-Samaksh. Bal: Rs.339147 T&C apply,Bank,Bank_2
Salary  of Rs.11674 credited to A/c XX7204. Avl Bal: Rs.151222. -BOB,Bank,Bank_7
OTP: 388763 for txn of Rs.17859 at IRCTC. Do not share. -SBI,OTP,OTP_2
Delivered!  Your Zomato order OD2880172679 was delivered on 03 Jul. Rate your experience: bit.ly/EfMykf,Delivery,Delivery_2
Rs.84708 credited to A/c XX5648 on 17-01-26. Avl Bal: Rs.179012. -BOB,Bank,Bank_1
Rs.45440 debited from A/c XX7165 on 08-05-26 to Amara. Avl Bal: Rs.267924. -BOB STOP to opt out,Bank,Bank_0
Recharge with Rs.923 & get 30% extra talktime. Offer valid today only!,Promo,Promo_5
  BigBasket: Your cart misses you! Complete purchase now & get 20% off. bit.ly/jIXPwM,Promo,Promo_4
Ekart: Shipment OD7705542874 reached your city hub. Expected delivery: 04 Jul.,Delivery,Delivery_4
out for delivery: your swiggy package od6781107700 will arrive today by 9 pm. -ekart,Delivery,Delivery_1
your kotak debit card xx6046 has been blocked due to suspicious activity. visit branch or call 1800-xxx to unblock.,Bank,Bank_11
beware of fraud calls asking for card details. hdfc bank officials never ask for pin or cvv.,Bank,Bank_15
Your Kotak code: 599147,OTP,OTP_8
Congratulations! U won Rs.615130 in lucky draw. Claim: bit.ly/fGiXIf,Spam,Hard_12
  Coupon 5169 gives you free delivery on orders above Rs.1510. -Zomato,Promo,Hard_1
<#> 415259 is your ola code. valid 5 min. ha8sk2lqp3,OTP,OTP_13
OTP for delivery of order OD4372789466 is 4002. Share only with the delivery agent. -DTDC,Delivery,Delivery_9
MEGA SALE! Get 60% OFF on all products at Zomato Shop now: bitly/eacJjk T&C apply,Promo,Promo_0
KYC update pending for A/c XX1587. Please visit ur nearest ICICI Bank branch by 03-02-26 to avoid restrictions.,Bank,Bank_12
"Hi Qasim, unlock Rs.545 off your first order at Amazon with code NEW65.",Promo,Promo_7
Your Uber code: 7202,OTP,Hard_8
Flat Rs.453 cashback on your next order at Meesho. Use code SAVE39. Valid till 04 Jul.,Promo,Promo_2
ENTER 694317 TO VERIFY YOUR MOBILE NUMBER FOR KOTAK.,OTP,OTP_10
UPI payment of Rs.55880 to Wakeeta successful. UPI Ref: 910811129890. -Axis Bank,Bank,Bank_6
Exclusive for you! Buy 1 Get 1 FREE at BigBasket. Limited period offer. Visit bit.ly/TTifgJ,Promo,Promo_3
"Never share your OTP, PIN or CVV. SBI never asks for these. Stay safe.",Bank,Hard_3
Your Uber code: 5635,OTP,Hard_8
Your return pickup for order OD5283903709 is scheduled on 03 Jul. Keep the item ready. -Myntra,Delivery,Delivery_7
Pay Rs.1915 on delivery for order OD539422206. -XpressBees,Delivery,Hard_10
"Hey, my new number is 9947797935. Save it! Meet at 6pm?",Personal,Hard_4
Interest of Rs.4226 credited to your FD A/c XX7026. -HDFC Bank STOP to opt out,Bank,Bank_9
OTP for delivery of order OD6531985725 is 8418. Share only with the delivery agent. -XpressBees,Delivery,Delivery_9
Items  in your order history are back in stock at Myntra. Prices start Rs.254.,Promo,Promo_23
You have 3911 reward points expiring on 04 Jul. Redeem on Myntra. STOP to opt out,Promo,Promo_20
Items in your order history are back in stock at Amazon. Prices start Rs.1578.,Promo,Promo_23
Your Myntra order OD2370010238 has been shipped via Ekart. Track: bit.ly/CSdbbB,Delivery,Delivery_0
UPI payment of INR 46923 to Mugdha successful. UPI Ref: 721916827015. -Axis Bank,Bank,Bank_6
487503 - use this code to sign in to Ola. Never share it with anyone.,OTP,OTP_7
EMI of Rs.67585 due on 15-04-26 for loan A/c XX7428. Pay now to avoid charges. -HDFC Bank,Bank,Bank_4
Flight fares dropped! DEL-MAA from Rs.1940 Book on ixigo before midnight,Promo,Promo_16
UPI PAYMENT OF RS.89574 TO AYUSH SUCCESSFUL. UPI REF: 679122068190. -BOB,Bank,Bank_6
"NEVER SHARE YOUR OTP, PIN OR CVV. PNB NEVER ASKS FOR THESE. STAY SAFE.",Bank,Hard_3
Your credit card XX6749 statement is ready. Total due: INR 92217. Min due: INR 4875. -PNB,Bank,Bank_5
Auto-pay of INR 25764 to Azaan is scheduled on 16-03-26 from A/c XX3282. Ensure sufficient balance.,Bank,Bank_13
Exclusive for you! Buy 1 Get 1 FREE at BigBasket. Limited period offer. Visit bit.ly/gebPeV,Promo,Promo_3
Rs.243 cashback credited to your PhonePe wallet. Use on your next order.,Promo,Promo_21
pay rs.1432 on delivery for order od282136323. -bluedart,Delivery,Hard_10
pre-approved! get a sbi credit card with rs.317418 limit. zero joining fee. apply: bit.ly/paaulb,Promo,Promo_14
Order OD3169862305 packed and ready! Expected dispatch by 05 Jul. -Swiggy,Delivery,Delivery_8
  611467 is your OTP for BOB login. Valid for 15 minutes. Do not share with anyone.,OTP,OTP_0
  777848 is your Kotak security code. Anyone asking for it is a scammer.,OTP,OTP_9
Low balance alert: A/c XX8196 balance is Rs.313517 Maintain min balance to avoid charges,Bank,Bank_10
YOUR OTP IS 146275. USE IT TO VERIFY YOUR UBER ACCOUNT. EXPIRES IN 5 MIN.,OTP,OTP_1
Recharge with Rs.533 & get 30% extra talktime Offer valid today only!,Promo,Promo_5
  Beware of fraud calls asking for card details. ICICI Bank officials never ask for PIN or CVV.,Bank,Bank_15
Last day! Zomato clearance sale ends tonight. Up to 30% off sitewide.,Promo,Promo_8
Rs.53255 debited from A/c XX3427 on 30-01-26 to Lila. Avl Bal: Rs.207676. -PNB,Bank,Bank_0
Pre-approved!  Get a Axis Bank credit card with Rs.455155 limit. Zero joining fee. Apply: bit.ly/GHJqWb,Promo,Promo_14
Confirmation code 180778 for Meesho. Keep it private.,OTP,OTP_11
Out for delivery: Your Meesho package OD3098719451 will arrive today by 3 PM. -DTDC,Delivery,Delivery_1
"Bro send me INR 2540 on gpay, will return by 05 Jul",Personal,Hard_5
"never share your otp, pin or cvv. sbi never asks for these. stay safe.",Bank,Hard_3
  IRCTC: Special trains added for festive season. Book early & save up to 80%.,Promo,Promo_17
"Your HDFC Bank health insurance renewal is due 02 Jul Renew online, save 10% on premium",Promo,Promo_24
Salary of Rs.62553 credited to A/c XX6823. Avl Bal: Rs.313493. -HDFC Bank,Bank,Bank_7
ALERT: Rs.15253 withdrawn from ATM using card XX3163 on 26-03-26. Bal: Rs.239505. -HDFC Bank,Bank,Bank_3
Hungry? Get 30% off up to Rs.351 on your next 3 orders Code: EAT58 -Zomato,Promo,Promo_12
"Class shifted to room 1012, come fast",Personal,Hard_6
Out for delivery: Your BigBasket package OD8869976812 will arrive today by 12 PM. -Delhivery,Delivery,Delivery_1
GPay: 209814 is your login OTP. It expires in 10 minutes. STOP to opt out,OTP,OTP_6
Rs.1094 cashback credited to your PhonePe wallet. Use on your next order.,Promo,Promo_21
Confirmation code 397656 for ICICI Bank. Keep it private.,OTP,OTP_11
Pre-approved! Get a BOB credit card with Rs.339505 limit. Zero joining fee. Apply: bit.ly/BlzVVz,Promo,Promo_14
Idika from Delhivery is arriving with your package Contact: 00987679409,Delivery,Delivery_6
Exclusive for you! Buy 1 Get 1 FREE at Swiggy. Limited period offer. Visit bit.ly/Ybchyj,Promo,Promo_3
Your SBI debit card XX7761 has been blocked due to suspicious activity. Visit branch or call 1800-XXX to unblock.,Bank,Bank_11
EMI of Rs.2173 due on 16-03-26 for loan A/c XX1788. Pay now to avoid charges. -PNB,Bank,Bank_4
  Salary of Rs.3214 credited to A/c XX8726. Avl Bal: Rs.160426. -ICICI Bank,Bank,Bank_7
data exhausted? get 1.5gb extra with rs.1712 booster pack. dial *121# or visit app.,Promo,Promo_11
IRCTC: SPECIAL TRAINS ADDED FOR FESTIVE SEASON. BOOK EARLY & SAVE UP TO 70%.,Promo,Promo_17
EMI of Rs.75849 due on 10-02-26 for loan A/c XX3362 Pay now to avoid charges -PNB,Bank,Bank_4
  Your OTP is 115264. Use it to verify your Kotak account. Expires in 15 min.,OTP,OTP_1
YOU HAVE 1767 REWARD POINTS EXPIRING ON 05 JUL. REDEEM ON BIGBASKET.,Promo,Promo_20
94926 is your verification code for Paytm. Never share your OTP.,OTP,OTP_3
"Your HDFC Bank health insurance renewal is due 01 Jul. Renew online, save 50% on premium.",Promo,Promo_24
OTP: 655941 for txn of Rs.15442 at Amazon. Do not share. -Axis Bank,OTP,OTP_2
  Use 228114 to complete your BOB registration. Valid till 5 mins.,OTP,OTP_4
BlueDart:  Shipment OD8880917986 reached your city hub. Expected delivery: 05 Jul.,Delivery,Delivery_4
Your return pickup for order OD1766177912 is scheduled on 02 Jul. Keep the item ready. -Zomato,Delivery,Delivery_7
Amazon: Ur cart misses you! Complete purchase now & get 80% off. bit.ly/LdKGmJ,Promo,Promo_4
Swiggy: Free delivery all weekend! Order your favourites now.,Promo,Promo_13
  <#> 390565 is your SBI code. Valid 15 min. hA8sk2Lqp3,OTP,OTP_13
Delivered!  Your BigBasket order OD5061182040 was delivered on 02 Jul. Rate your experience: bit.ly/eCxMOA,Delivery,Delivery_2
75817  is your Flipkart security code. Anyone asking for it is a scammer.,OTP,OTP_9
DTDC: Shipment OD9534855615 reached your city hub. Expected delivery: 05 Jul.,Delivery,Delivery_4
Your account statement for June is available. Download from the HDFC Bank app.,Bank,Bank_16
Your account statement for August is available. Download from the PNB app.,Bank,Bank_16
MISSED OUR SHOWS? COME BACK TO HOTSTAR AT 50% OFF FOR 3 MONTHS. RESUBSCRIBE: BIT.LY/SXNMCD,Promo,Promo_19
ALERT: Rs.23596 withdrawn from ATM using card XX6031 on 02-05-26. Bal: Rs.52516. -SBI T&C apply,Bank,Bank_3
Work from home! Earn Rs.1814889/month Join: bitly/lEWeoe,Spam,Hard_14
  Interest of Rs.55707 credited to your FD A/c XX2066. -SBI,Bank,Bank_9
Your one time password is 935318 for ICICI Bank. Please do not share it.,OTP,OTP_5
OTP FOR DELIVERY OF ORDER OD2335531805 IS 9038. SHARE ONLY WITH THE DELIVERY AGENT. -BLUEDART,Delivery,Delivery_9
Falguni from Ekart is arriving with your package Contact: 0594784298,Delivery,Delivery_6
Interest of Rs.87273 credited to your FD A/c XX4539. -Kotak,Bank,Bank_9
Flat Rs.823 cashback on your next order at Meesho Use code SAVE54 Valid till 06 Jul,Promo,Promo_2
your bigbasket order od5811113661 has been shipped via bluedart. track: bit.ly/muqvuk,Delivery,Delivery_0
Tap to verify: 218065. This code expires shortly.,OTP,Hard_9
OTP:  856867 for txn of Rs.7846 at BigBasket. Do not share. -HDFC Bank,OTP,OTP_2
Ur OTP is 831876. Use it to verify ur Ola account. Expires in 15 min.,OTP,OTP_1
  Your SIM will be deactivated in 24hrs. Verify Aadhaar: bit.ly/mKSyXh,Spam,Hard_13
IRCTC: Special trains added for festive season. Book early & save up to 50%.,Promo,Promo_17
  Your Uber code: 5571,OTP,Hard_8
Loved your recent Amazon order? Reorder in 1 tap and get 50% off today,Promo,Promo_22
Arunima from DTDC is arriving with your package. Contact: 03476691503,Delivery,Delivery_6
Data exhausted? Get 1.5GB extra with Rs.1368 booster pack. Dial *121# or visit app.,Promo,Promo_11
G-486759 is your Google verification code.,OTP,OTP_12
Your return pickup for order OD5292135570 is scheduled on 03 Jul. Keep the item ready. -Myntra,Delivery,Delivery_7
rs.22328 debited from a/c xx9021 on 04-05-26 to anjali. avl bal: rs.19203. -kotak,Bank,Bank_0
UPI payment of INR 38797 to Jason successful. UPI Ref: 738759529561. -HDFC Bank,Bank,Bank_6
EMI of Rs.24428 due on 05-04-26 for loan A/c XX7477. Pay now to avoid charges. -HDFC Bank,Bank,Bank_4
"  Never share your OTP, PIN or CVV. Kotak never asks for these. Stay safe.",Bank,Hard_3
Ur Meesho membership expires soon. Renew now & save 30%: bit.ly/GkXImR,Promo,Promo_9
Recharge with Rs.388 & get 20% extra talktime. Offer valid today only!,Promo,Promo_5
Work from home! Earn Rs.2303398/month Join: bitly/QTYXTX,Spam,Hard_14
Your HDFC Bank debit card XX7205 has been blocked due to suspicious activity. Visit branch or call 1800-XXX to unblock.,Bank,Bank_11
Auto-pay of Rs.27204 to Wyatt is scheduled on 05-05-26 from A/c XX8798 Ensure sufficient balance,Bank,Bank_13
Weekend special at BigBasket! Min 80% off on everything. Don't miss out: bit.ly/wzvbQu,Promo,Promo_6
  872928 is your verification code for Uber. Never share your OTP.,OTP,OTP_3
<#> 684945 is your Uber code. Valid 30 min. hA8sk2Lqp3 STOP to opt out,OTP,OTP_13
Cheque  no. 939056801037 for Rs.55287 has been cleared from A/c XX3183. -PNB,Bank,Bank_8
auto-pay of rs.29647 to kavya is scheduled on 15-05-26 from a/c xx6182. ensure sufficient balance.,Bank,Bank_13
  OTP for delivery of order OD6854504015 is 5118. Share only with the delivery agent. -Ekart,Delivery,Delivery_9
Low balance alert: A/c XX1933 balance is Rs.87445. Maintain min balance to avoid charges.,Bank,Bank_10
You  have 4467 reward points expiring on 02 Jul. Redeem on Zomato.,Promo,Promo_20
Delhivery:  Shipment OD7585773146 reached your city hub. Expected delivery: 05 Jul.,Delivery,Delivery_4
  Your one time password is 406608 for Hotstar. Please do not share it.,OTP,OTP_5
  G-715559 is your Google verification code.,OTP,OTP_12
  Convert your BOB card purchase of Rs.1468 into easy EMIs at 0% interest. Reply YES.,Promo,Promo_15
your return pickup for order od6305202135 is scheduled on 01 jul. keep the item ready. -meesho,Delivery,Delivery_7
OUT FOR DELIVERY: YOUR MYNTRA PACKAGE OD4276657949 WILL ARRIVE TODAY BY 6 PM. -EKART,Delivery,Delivery_1
OTP for delivery of order OD5391169182 is 2439. Share only with the delivery agent. -DTDC,Delivery,Delivery_9
  Rs.10643 credited to A/c XX1090 on 12-06-26. Avl Bal: Rs.144430. -Axis Bank,Bank,Bank_1
Beware of fraud calls asking for card details. HDFC Bank officials never ask for PIN or CVV. -TM,Bank,Bank_15
G-648041 is your Google verification code.,OTP,OTP_12
604781 is your Amazon security code. Anyone asking for it is a scammer.,OTP,OTP_9
Your account statement for August is available Download from the SBI app,Bank,Bank_16
"  Your Kotak health insurance renewal is due 06 Jul. Renew online, save 20% on premium.",Promo,Promo_24
your fd of rs.43148 matures on 03-04-26. renew or withdraw via netbanking. -icici bank,Bank,Bank_14
Out for delivery: Your BigBasket package OD1657892332 will arrive today by 3 PM. -BlueDart,Delivery,Delivery_1
Rs.80811 debited from A/c XX5541 on 08-02-26 to Vihaan. Avl Bal: Rs.115042. -PNB,Bank,Bank_0
U have 2494 reward points expiring on 02 Jul. Redeem on Zomato.,Promo,Promo_20
"Bro send me INR 1032 on gpay, will return by 01 Jul",Personal,Hard_5
Your FD of Rs.88423 matures on 20-02-26. Renew or withdraw via netbanking. -SBI,Bank,Bank_14
Your Jio pack expires tomorrow. Recharge with Rs.481 for 1.5GB/day + unlimited calls.,Promo,Promo_10
Cheque no. 165405865331 for Rs.74323 has been cleared from A/c XX4639. -ICICI Bank,Bank,Bank_8
IRCTC: Special trains added for festive season. Book early & save up to 70%.,Promo,Promo_17
"Bro send me Rs.2551 on gpay, will return by 01 Jul",Personal,Hard_5
Rs.9400 credited to A/c XX8097 on 11-02-26. Avl Bal: Rs.436646. -BOB,Bank,Bank_1
"Hi Nicholas, unlock Rs.1699 off your first order at Flipkart with code NEW93.",Promo,Promo_7
IRCTC: Special trains added for festive season. Book early & save up to 80%.,Promo,Promo_17
"BRO SEND ME RS.3928 ON GPAY, WILL RETURN BY 06 JUL",Personal,Hard_5
Exclusive for you! Buy 1 Get 1 FREE at Myntra. Limited period offer. Visit bit.ly/xqXJLT,Promo,Promo_3
Interest of Rs.78892 credited to ur FD A/c XX6037. -Kotak,Bank,Bank_9
SWIGGY: YOUR CART MISSES YOU! COMPLETE PURCHASE NOW & GET 10% OFF. BIT.LY/KYIYVY,Promo,Promo_4
Netflix: 30707 is your login OTP. It expires in 5 minutes.,OTP,OTP_6
OTP-based  login was enabled for your A/c XX9549. Call Kotak if this wasn't you.,Bank,Hard_2
Auto-pay of Rs.77168 to Chandresh is scheduled on 06-06-26 from A/c XX9427. Ensure sufficient balance.,Bank,Bank_13
Interest of Rs.47798 credited to your FD A/c XX4183 -Axis Bank,Bank,Bank_9
Your return pickup for order OD3746690287 is scheduled on 02 Jul Keep the item ready -Meesho,Delivery,Delivery_7
rs.2601 credited to a/c xx9658 on 23-04-26. avl bal: rs.145802. -bob,Bank,Bank_1
Salary of Rs.13027 credited to A/c XX3105. Avl Bal: Rs.99528. -ICICI Bank,Bank,Bank_7
OTP for delivery of order OD1438431076 is 6494. Share only with the delivery agent. -DTDC STOP to opt out,Delivery,Delivery_9
OTP: 982930 for txn of Rs.523 at Kotak Do not share -SBI,OTP,OTP_2
Your order OD7797358908 from BigBasket is arriving tomorrow. Keep Rs.3593 ready for COD.,Delivery,Delivery_3
  Hungry? Get 50% off up to Rs.1465 on your next 3 orders. Code: EAT93. -Zomato,Promo,Promo_12
You have 1428 reward points expiring on 05 Jul. Redeem on Zomato.,Promo,Promo_20
ALERT: Rs.4745 withdrawn from ATM using card XX6127 on 18-04-26. Bal: Rs.428889. -ICICI Bank,Bank,Bank_3
Your return pickup for order OD7873908447 is scheduled on 06 Jul. Keep the item ready. -Swiggy,Delivery,Delivery_7
Ur Airtel pack expires tomorrow. Recharge with Rs.1629 for 1.5GB/day + unlimited calls.,Promo,Promo_10
YOUR ORDER OD9841367686 FROM FLIPKART IS ARRIVING TOMORROW. KEEP RS.889 READY FOR COD.,Delivery,Delivery_3
BlueDart: Shipment OD9465121739 reached your city hub Expected delivery: 06 Jul,Delivery,Delivery_4
EMI of Rs.71866 due on 06-06-26 for loan A/c XX3253. Pay now to avoid charges. -ICICI Bank,Bank,Bank_4
Your PNB debit card XX3295 has been blocked due to suspicious activity. Visit branch or call 1800-XXX to unblock.,Bank,Bank_11
  IRCTC: Special trains added for festive season. Book early & save up to 30%.,Promo,Promo_17
your prime video plan renews on 04 jul at rs.1366. upgrade to 4k for rs.370/month.,Promo,Promo_18
Your order OD7408345578 from Myntra is arriving tomorrow. Keep Rs.1491 ready for COD.,Delivery,Delivery_3
  Delivered! Your Swiggy order OD4633347818 was delivered on 05 Jul. Rate your experience: bit.ly/DMmBTe,Delivery,Delivery_2
Your order OD1101762105 from Amazon is arriving tomorrow. Keep Rs.4104 ready for COD.,Delivery,Delivery_3
your swiggy membership expires soon. renew now & save 40%: bit.ly/owfazv,Promo,Promo_9
Delivery  attempt failed for order OD3660168989. We will retry tomorrow. -Ekart,Delivery,Delivery_5
UPI PAYMENT OF RS.59151 TO AZAD SUCCESSFUL. UPI REF: 421278664611. -SBI,Bank,Bank_6
delivery attempt failed for order od6425223457. we will retry tomorrow. -dtdc,Delivery,Delivery_5
148116 - use this code to sign in to PhonePe. Never share it with anyone.,OTP,OTP_7
YOUR SWIGGY ORDER OD6439514060 HAS BEEN SHIPPED VIA EKART. TRACK: BIT.LY/BZUIIN,Delivery,Delivery_0
"Your PNB health insurance renewal is due 06 Jul Renew online, save 10% on premium",Promo,Promo_24
906886 is your OTP for Kotak login. Valid for 2 minutes. Do not share with anyone.,OTP,OTP_0
OTP-based login was enabled for your A/c XX2679. Call Axis Bank if this wasn't you.,Bank,Hard_2
ITEMS IN YOUR ORDER HISTORY ARE BACK IN STOCK AT FLIPKART. PRICES START RS.625.,Promo,Promo_23
Your Jio pack expires tomorrow. Recharge with INR 1616 for 1.5GB/day + unlimited calls.,Promo,Promo_10
your return pickup for order od5662617651 is scheduled on 03 jul. keep the item ready. -amazon,Delivery,Delivery_7
  Interest of Rs.80217 credited to your FD A/c XX6422. -SBI,Bank,Bank_9
rs.57405 credited to a/c xx3236 on 26-06-26. avl bal: rs.53636. -pnb,Bank,Bank_1
Salary  of Rs.96926 credited to A/c XX3890. Avl Bal: Rs.302284. -ICICI Bank,Bank,Bank_7
OTP for delivery of order OD8654785437 is 4905. Share only with the delivery agent. -Delhivery,Delivery,Delivery_9
Tap to verify: 118516. This code expires shortly.,OTP,Hard_9
Use 224133 to complete your Netflix registration. Valid till 15 mins. -TM,OTP,OTP_4
Use  355018 to complete your Axis Bank registration. Valid till 5 mins.,OTP,OTP_4
"Never  share your OTP, PIN or CVV. PNB never asks for these. Stay safe.",Bank,Hard_3
358480 is your OTP for Uber login. Valid for 15 minutes. Do not share with anyone.,OTP,OTP_0
KYC update pending for A/c XX9627. Please visit your nearest HDFC Bank branch by 25-05-26 to avoid restrictions.,Bank,Bank_12
Rs.67981  debited from A/c XX5730 on 01-02-26 to Pushti. Avl Bal: Rs.95482. -PNB,Bank,Bank_0
77253 - USE THIS CODE TO SIGN IN TO KOTAK. NEVER SHARE IT WITH ANYONE.,OTP,OTP_7
delivery attempt failed for order od1524543570. we will retry tomorrow. -dtdc,Delivery,Delivery_5
Order OD3566505501 packed and ready! Expected dispatch by 04 Jul. -Flipkart,Delivery,Delivery_8
Your  order OD2183955623 from Meesho is arriving tomorrow. Keep Rs.988 ready for COD.,Delivery,Delivery_3
Recharge with Rs.443 & get 60% extra talktime. Offer valid today only!,Promo,Promo_5
"YOUR SBI HEALTH INSURANCE RENEWAL IS DUE 05 JUL. RENEW ONLINE, SAVE 20% ON PREMIUM.",Promo,Promo_24
order od3007955500 packed and ready! expected dispatch by 01 jul. -flipkart,Delivery,Delivery_8
irctc: special trains added for festive season. book early & save up to 20%.,Promo,Promo_17
  Last day! Myntra clearance sale ends tonight. Up to 40% off sitewide.,Promo,Promo_8
Flipkart: 697317 is your login OTP. It expires in 5 minutes.,OTP,OTP_6
Your Ola code: 376740,OTP,OTP_8
<#> 721548 is ur HDFC Bank code. Valid 5 min. hA8sk2Lqp3,OTP,OTP_13
YOUR ORDER OD1239710363 FROM MEESHO IS ARRIVING TOMORROW. KEEP RS.2745 READY FOR COD.,Delivery,Delivery_3
OTP: 605941 for txn of Rs.41074 at Zomato. Do not share. -ICICI Bank,OTP,OTP_2
Your one time password is 403330 for PhonePe. Please do not share it.,OTP,OTP_5
925425 is your OTP for ICICI Bank login. Valid for 30 minutes. Do not share with anyone. T&C apply,OTP,OTP_0
MEGA SALE! Get 10% OFF on all products at Zomato. Shop now: bit.ly/YQaEUV T&C apply.,Promo,Promo_0
Cheque no. 632107121217 for Rs.7249 has been cleared from A/c XX6733. -BOB,Bank,Bank_8
Flight fares dropped! BOM-PNQ from Rs.466. Book on MakeMyTrip before midnight.,Promo,Promo_16
Amazon: Your cart misses you! Complete purchase now & get 30% off. bit.ly/tJJANt STOP to opt out,Promo,Promo_4
Your SIM will be deactivated in 24hrs. Verify Aadhaar: bit.ly/uLGFnP,Spam,Hard_13
Flipkart Big Billion Days! Up to 50% off + extra 10% with BOB cards. Hurry!,Promo,Promo_1
Delivered! Your BigBasket order OD9306312057 was delivered on 03 Jul. Rate your experience: bit.ly/ReLjBp,Delivery,Delivery_2
"Bro send me Rs.3785 on gpay, will return by 02 Jul",Personal,Hard_5
  Your OTP is 36849. Use it to verify your ICICI Bank account. Expires in 10 min.,OTP,OTP_1
SALARY OF RS.24160 CREDITED TO A/C XX3842. AVL BAL: RS.468719. -BOB,Bank,Bank_7
Flat Rs.1972 cashback on your next order at Zomato. Use code SAVE16. Valid till 05 Jul. T&C apply,Promo,Promo_2
Beware of fraud calls asking for card details. ICICI Bank officials never ask for PIN or CVV.,Bank,Bank_15
Hungry? Get 80% off up to Rs.1806 on your next 3 orders Code: EAT25 -Swiggy,Promo,Promo_12
Low  balance alert: A/c XX7587 balance is Rs.210133. Maintain min balance to avoid charges.,Bank,Bank_10
510844 - use this code to sign in to SBI. Never share it with anyone.,OTP,OTP_7
Your Uber code: 7145,OTP,Hard_8
OTP-based login was enabled for your A/c XX2157. Call BOB if this wasn't you.,Bank,Hard_2
705119 is your verification code for Hotstar. Never share your OTP.,OTP,OTP_3
Your order OD1280814368 from Zomato is arriving tomorrow. Keep Rs.1790 ready for COD.,Delivery,Delivery_3
LOVED YOUR RECENT BIGBASKET ORDER? REORDER IN 1 TAP AND GET 80% OFF TODAY.,Promo,Promo_22
"Hi Anika, unlock Rs.545 off your first order at Amazon with code NEW16.",Promo,Promo_7
Zomato: Free delivery all weekend! Order your favourites now.,Promo,Promo_13
Your Uber code: 6438,OTP,Hard_8
Your Swiggy code: 163958,OTP,OTP_8
Swiggy: Free delivery all weekend! Order your favourites now. STOP to opt out,Promo,Promo_13
Ekart: Shipment OD4088570694 reached your city hub. Expected delivery: 01 Jul.,Delivery,Delivery_4
KYC update pending for A/c XX5736. Please visit your nearest ICICI Bank branch by 19-03-26 to avoid restrictions.,Bank,Bank_12
Your Myntra order OD6128630175 has been shipped via XpressBees. Track: bit.ly/tWveCc,Delivery,Delivery_0
  Loved your recent Flipkart order? Reorder in 1 tap and get 80% off today.,Promo,Promo_22
  Rs.76800 debited from A/c XX4146 on 07-05-26 to Peter. Avl Bal: Rs.468831. -HDFC Bank,Bank,Bank_0
Work from home! Earn Rs.1691979/month. Join: bit.ly/anNUOP,Spam,Hard_14
192279 is your verification code for GPay. Never share your OTP.,OTP,OTP_3
coupon 2594 gives you free delivery on orders above rs.4337. -swiggy,Promo,Hard_1
Your return pickup for order OD9992030604 is scheduled on 02 Jul. Keep the item ready. -Zomato,Delivery,Delivery_7
Pre-approved! Get a SBI credit card with Rs.446671 limit. Zero joining fee. Apply: bit.ly/HuohZw,Promo,Promo_14
out for delivery: your amazon package od9288087309 will arrive today by 9 pm. -bluedart,Delivery,Delivery_1
Delivered! Your Amazon order OD6358174583 was delivered on 06 Jul. Rate your experience: bit.ly/BlfSeA STOP to opt out,Delivery,Delivery_2
Pre-approved! Get a ICICI Bank credit card with INR 413673 limit. Zero joining fee. Apply: bit.ly/kyoGFM,Promo,Promo_14
ALERT: Rs.67773 withdrawn from ATM using card XX1973 on 18-06-26. Bal: Rs.421420. -ICICI Bank,Bank,Bank_3
920395 is your verification code for PNB. Never share your OTP. -TM,OTP,OTP_3
Weekend special at Flipkart! Min 60% off on everything. Don't miss out: bit.ly/FDXkYQ,Promo,Promo_6
Tap to verify: 682566. This code expires shortly.,OTP,Hard_9
Enter 922110 to verify your mobile number for GPay.,OTP,OTP_10
Rs.56524 credited to A/c XX5693 on 25-01-26. Avl Bal: Rs.431754. -HDFC Bank,Bank,Bank_1
UPI payment of Rs.34225 to Frado successful. UPI Ref: 680332145966. -HDFC Bank,Bank,Bank_6
EMI of Rs.88584 due on 26-01-26 for loan A/c XX8287 Pay now to avoid charges -ICICI Bank,Bank,Bank_4
  Data exhausted? Get 3GB extra with Rs.1374 booster pack. Dial *121# or visit app.,Promo,Promo_11
BlueDart: Shipment OD9627436502 reached your city hub. Expected delivery: 02 Jul.,Delivery,Delivery_4
swiggy: free delivery all weekend! order your favourites now.,Promo,Promo_13
Your Vi pack expires tomorrow. Recharge with Rs.690 for 1GB/day + unlimited calls. -TM,Promo,Promo_10
"your sbi health insurance renewal is due 06 jul. renew online, save 60% on premium.",Promo,Promo_24
Congratulations! You won Rs.216118 in lucky draw. Claim: bit.ly/hEUdSZ,Spam,Hard_12
Interest of Rs.39869 credited to your FD A/c XX2990. -BOB,Bank,Bank_9
Weekend special at BigBasket! Min 20% off on everything. Don't miss out: bit.ly/iaWnHY,Promo,Promo_6
OTP for delivery of order OD2957484801 is 8945. Share only with the delivery agent. -XpressBees,Delivery,Delivery_9
  286532 is your verification code for BigBasket. Never share your OTP.,OTP,OTP_3
  Use 139266 to complete your BigBasket registration. Valid till 30 mins.,OTP,OTP_4
Your FD of INR 61103 matures on 14-02-26. Renew or withdraw via netbanking. -Kotak,Bank,Bank_14
Your  order OD2226557061 from Meesho is arriving tomorrow. Keep Rs.2838 ready for COD.,Delivery,Delivery_3
BIGBASKET: YOUR CART MISSES YOU! COMPLETE PURCHASE NOW & GET 40% OFF. BIT.LY/FEQXRU,Promo,Promo_4
Your return pickup for order OD3788568356 is scheduled on 04 Jul. Keep the item ready. -Meesho,Delivery,Delivery_7
Swiggy: Free delivery all weekend! Order your favourites now.,Promo,Promo_13
Convert your SBI card purchase of INR 1722 into easy EMIs at 0% interest. Reply YES.,Promo,Promo_15
Zomato: Free delivery all weekend! Order your favourites now.,Promo,Promo_13
  Delivery attempt failed for order OD2022001394. We will retry tomorrow. -DTDC,Delivery,Delivery_5
506971 is your OTP for Hotstar login. Valid for 5 minutes. Do not share with anyone.,OTP,OTP_0
Beware of fraud calls asking for card details. HDFC Bank officials never ask for PIN or CVV. -TM,Bank,Bank_15
your account statement for july is available. download from the bob app.,Bank,Bank_16
  Order OD7488154374 packed and ready! Expected dispatch by 01 Jul. -BigBasket,Delivery,Delivery_8
out for delivery: your flipkart package od2397711261 will arrive today by 12 pm. -dtdc,Delivery,Delivery_1
Order OD2083977637 packed and ready! Expected dispatch by 04 Jul. -Myntra,Delivery,Delivery_8
Order OD2903603045 packed and ready! Expected dispatch by 01 Jul -Flipkart,Delivery,Delivery_8
Confirmation code 716538 for Myntra. Keep it private.,OTP,OTP_11
Meesho: 327624 is your login OTP. It expires in 30 minutes.,OTP,OTP_6
Your ICICI Bank debit card XX1928 has been blocked due to suspicious activity. Visit branch or call 1800-XXX to unblock.,Bank,Bank_11
Your A/c XX9636 is debited with Rs.65762 on 25-03-26. Info: UPI-Gopal. Bal: Rs.491407,Bank,Bank_2
Confirmation code 910676 for GPay. Keep it private.,OTP,OTP_11
Rs.65140 debited from A/c XX9166 on 19-06-26 to Radhika. Avl Bal: Rs.196177. -SBI STOP to opt out,Bank,Bank_0
OTP-based login was enabled for your A/c XX8795. Call SBI if this wasn't you.,Bank,Hard_2
UPI payment of Rs.66411 to Harish successful. UPI Ref: 191149377447. -ICICI Bank,Bank,Bank_6
Your Meesho order OD4770650282 has been shipped via Delhivery. Track: bit.ly/jWABmR,Delivery,Delivery_0
BEWARE OF FRAUD CALLS ASKING FOR CARD DETAILS. AXIS BANK OFFICIALS NEVER ASK FOR PIN OR CVV.,Bank,Bank_15
"Your HDFC Bank health insurance renewal is due 01 Jul. Renew online, save 10% on premium.",Promo,Promo_24
Use  code 4084 at checkout for 50% off at Zomato!,Promo,Hard_0
UPI payment of INR 74989 to Kai successful. UPI Ref: 646587884283. -HDFC Bank,Bank,Bank_6
Flat Rs.514 cashback on your next order at Amazon. Use code SAVE17. Valid till 03 Jul.,Promo,Promo_2
962652 - use this code to sign in to ICICI Bank. Never share it with anyone.,OTP,OTP_7
Ur order OD5239398348 from Myntra is arriving tomorrow. Keep Rs.4074 ready for COD.,Delivery,Delivery_3
U have 2697 reward points expiring on 05 Jul. Redeem on Myntra.,Promo,Promo_20
Your Axis Bank debit card XX6378 has been blocked due to suspicious activity. Visit branch or call 1800-XXX to unblock.,Bank,Bank_11
Low balance alert: A/c XX2840 balance is Rs.113818 Maintain min balance to avoid charges,Bank,Bank_10
Delhivery: Shipment OD9091424898 reached your city hub. Expected delivery: 02 Jul.,Delivery,Delivery_4
Salary of Rs.72714 credited to A/c XX3688. Avl Bal: Rs.94922. -Axis Bank,Bank,Bank_7
Myntra Big Billion Days! Up to 50% off + extra 10% with SBI cards. Hurry! -TM,Promo,Promo_1
370819 - use this code to sign in to ICICI Bank Never share it with anyone,OTP,OTP_7
Use 21352 to complete your Kotak registration. Valid till 2 mins.,OTP,OTP_4
  You have 4538 reward points expiring on 05 Jul. Redeem on Meesho.,Promo,Promo_20
DATA EXHAUSTED? GET 1.5GB EXTRA WITH RS.1662 BOOSTER PACK. DIAL *121# OR VISIT APP.,Promo,Promo_11
Data exhausted? Get 2GB extra with Rs.1287 booster pack. Dial *121# or visit app.,Promo,Promo_11
Ur return pickup for order OD5063131548 is scheduled on 06 Jul. Keep the item ready. -Swiggy,Delivery,Delivery_7
EXCLUSIVE FOR YOU! BUY 1 GET 1 FREE AT BIGBASKET. LIMITED PERIOD OFFER. VISIT BIT.LY/CDDUUO,Promo,Promo_3
<#> 806151 is your Ola code. Valid 30 min. hA8sk2Lqp3,OTP,OTP_13
Order OD3891444335 packed and ready! Expected dispatch by 02 Jul. -BigBasket -TM,Delivery,Delivery_8
ALERT: Rs.53200 withdrawn from ATM using card XX8900 on 14-06-26. Bal: Rs.491054. -SBI,Bank,Bank_3
  You have 1777 reward points expiring on 03 Jul. Redeem on Meesho.,Promo,Promo_20
Zomato: Free delivery all weekend! Order ur favourites now.,Promo,Promo_13
Flipkart:  Your cart misses you! Complete purchase now & get 30% off. bit.ly/LgWJmn,Promo,Promo_4
Zomato: Your cart misses you! Complete purchase now & get 70% off. bit.ly/ixBZoc STOP to opt out,Promo,Promo_4
UPI payment of Rs.83857 to Falan successful. UPI Ref: 124477515137. -ICICI Bank,Bank,Bank_6
KYC update pending for A/c XX4912. Please visit your nearest SBI branch by 26-03-26 to avoid restrictions.,Bank,Bank_12
Your SIM will be deactivated in 24hrs. Verify Aadhaar: bit.ly/XkZRpr -TM,Spam,Hard_13
ALERT: Rs.94727 withdrawn from ATM using card XX2902 on 22-05-26. Bal: Rs.457076. -SBI,Bank,Bank_3
Your credit card XX9486 statement is ready Total due: Rs.54779 Min due: Rs.3076 -ICICI Bank,Bank,Bank_5
Delivered! Your Flipkart order OD5623479055 was delivered on 06 Jul. Rate your experience: bit.ly/TMzfpV,Delivery,Delivery_2
EMI OF RS.56413 DUE ON 03-01-26 FOR LOAN A/C XX9081. PAY NOW TO AVOID CHARGES. -ICICI BANK,Bank,Bank_4
927598 is your Swiggy security code. Anyone asking for it is a scammer. -TM,OTP,OTP_9
"NEVER SHARE YOUR OTP, PIN OR CVV. PNB NEVER ASKS FOR THESE. STAY SAFE.",Bank,Hard_3
EMI of Rs.87722 due on 05-01-26 for loan A/c XX3464. Pay now to avoid charges. -HDFC Bank,Bank,Bank_4
Flat  Rs.434 cashback on your next order at Meesho. Use code SAVE69. Valid till 04 Jul.,Promo,Promo_2
Your OTP is 247451. Use it to verify your ICICI Bank account. Expires in 2 min.,OTP,OTP_1
Your credit card XX5306 statement is ready. Total due: Rs.97360. Min due: Rs.3602. -Kotak,Bank,Bank_5
OTP for delivery of order OD7241985204 is 2427. Share only with the delivery agent. -BlueDart,Delivery,Delivery_9
HDFC Bank: 568065 is your login OTP. It expires in 15 minutes.,OTP,OTP_6
Swiggy Big Billion Days! Up to 70% off + extra 10% with PNB cards. Hurry!,Promo,Promo_1
Your one time password is 859880 for PhonePe. Please do not share it.,OTP,OTP_5
<#> 819034 is your Meesho code. Valid 30 min. hA8sk2Lqp3,OTP,OTP_13
your amazon order od6075771063 has been shipped via delhivery. track: bit.ly/uhtdkk,Delivery,Delivery_0
192665 is your Netflix security code. Anyone asking for it is a scammer. STOP to opt out,OTP,OTP_9
Delivery attempt failed for order OD6881239464. We will retry tomorrow. -BlueDart,Delivery,Delivery_5
Use 610866 to complete your Zomato registration Valid till 2 mins,OTP,OTP_4
862361 is ur BOB security code. Anyone asking for it is a scammer.,OTP,OTP_9
Confirmation code 133976 for Myntra. Keep it private.,OTP,OTP_11
Work from home! Earn Rs.2367947/month. Join: bit.ly/BvZWlz,Spam,Hard_14
You have 4457 reward points expiring on 05 Jul. Redeem on BigBasket.,Promo,Promo_20
pay rs.3643 on delivery for order od526533218. -bluedart,Delivery,Hard_10
  Hungry? Get 70% off up to Rs.550 on your next 3 orders. Code: EAT14. -Swiggy,Promo,Promo_12
Data exhausted? Get 1GB extra with Rs.1560 booster pack. Dial *121# or visit app.,Promo,Promo_11
your otp is 555380. use it to verify your phonepe account. expires in 30 min.,OTP,OTP_1
  545410 is your Paytm security code. Anyone asking for it is a scammer.,OTP,OTP_9
recharge with rs.783 & get 40% extra talktime. offer valid today only!,Promo,Promo_5
Your OTP is 505682 Use it to verify your IRCTC account Expires in 30 min,OTP,OTP_1
Weekend special at Flipkart! Min 50% off on everything. Don't miss out: bit.ly/mmFNcN,Promo,Promo_6
Interest  of Rs.67220 credited to your FD A/c XX9457. -SBI,Bank,Bank_9
Pre-approved! Get a PNB credit card with INR 457744 limit. Zero joining fee. Apply: bit.ly/qnheea,Promo,Promo_14
irctc: special trains added for festive season. book early & save up to 70%.,Promo,Promo_17
Your account statement for August is available. Download from the HDFC Bank app.,Bank,Bank_16
Use 188922 to complete your Myntra registration. Valid till 5 mins.,OTP,OTP_4
Congratulations! You won Rs.226237 in lucky draw. Claim: bit.ly/zfDqLk,Spam,Hard_12
Ur A/c XX5473 is debited with Rs.36023 on 16-06-26. Info: UPI-Ganga. Bal: Rs.138267,Bank,Bank_2
Dear customer ur SBI account will be blocked! Update KYC now: bit.ly/lRUnfh,Spam,Hard_11
  Your OTP is 484000. Use it to verify your Paytm account. Expires in 2 min.,OTP,OTP_1
Order OD9691861982 packed and ready! Expected dispatch by 04 Jul. -Zomato,Delivery,Delivery_8
Work from home! Earn Rs.994807/month. Join: bit.ly/UqyRzy,Spam,Hard_14
Rs.1088 cashback credited to ur Paytm wallet. Use on ur next order.,Promo,Promo_21
  BigBasket Big Billion Days! Up to 10% off + extra 10% with HDFC Bank cards. Hurry!,Promo,Promo_1
  Your HDFC Bank debit card XX9631 has been blocked due to suspicious activity. Visit branch or call 1800-XXX to unblock.,Bank,Bank_11
"Hi Krishna, unlock Rs.1452 off your first order at Flipkart with code NEW41",Promo,Promo_7
Enter 730918 to verify your mobile number for PNB.,OTP,OTP_10
BlueDart: Shipment OD8788851496 reached ur city hub. Expected delivery: 02 Jul.,Delivery,Delivery_4
Your OTP is 31097. Use it to verify your BOB account. Expires in 30 min. T&C apply,OTP,OTP_1
Beware  of fraud calls asking for card details. BOB officials never ask for PIN or CVV.,Bank,Bank_15
your vi pack expires tomorrow. recharge with rs.731 for 1gb/day + unlimited calls.,Promo,Promo_10
EMI of Rs.78692 due on 12-02-26 for loan A/c XX9783. Pay now to avoid charges. -HDFC Bank,Bank,Bank_4
auto-pay of rs.97508 to chandani is scheduled on 31-03-26 from a/c xx9414. ensure sufficient balance.,Bank,Bank_13
119368 - use this to sign in. Never share this code with anyone.,OTP,Hard_7
salary of rs.33463 credited to a/c xx8135. avl bal: rs.207775. -sbi,Bank,Bank_7
Your OTP is 521074. Use it to verify your Netflix account. Expires in 15 min.,OTP,OTP_1
Hemal from BlueDart is arriving with ur package. Contact: +911772280022,Delivery,Delivery_6
  UPI payment of Rs.24027 to Hamsini successful. UPI Ref: 379399183630. -ICICI Bank,Bank,Bank_6
UPI  payment of Rs.8595 to Gaurika successful. UPI Ref: 556848750963. -BOB,Bank,Bank_6
EXCLUSIVE FOR YOU! BUY 1 GET 1 FREE AT ZOMATO. LIMITED PERIOD OFFER. VISIT BIT.LY/XNXTZC,Promo,Promo_3
Your  return pickup for order OD1750625160 is scheduled on 03 Jul. Keep the item ready. -Swiggy,Delivery,Delivery_7
Flight fares dropped! BLR-LKO from Rs.1651. Book on Goibibo before midnight.,Promo,Promo_16
Low balance alert: A/c XX9886 balance is INR 6700. Maintain min balance to avoid charges.,Bank,Bank_10
Zomato:  Free delivery all weekend! Order your favourites now.,Promo,Promo_13
MEGA  SALE! Get 20% OFF on all products at Myntra. Shop now: bit.ly/TtmzJA T&C apply.,Promo,Promo_0
Salary of Rs.42062 credited to A/c XX2099. Avl Bal: Rs.244259. -PNB,Bank,Bank_7
recharge with rs.609 & get 60% extra talktime. offer valid today only!,Promo,Promo_5
MEGA SALE! Get 50% OFF on all products at BigBasket. Shop now: bit.ly/AQKCMG T&C apply.,Promo,Promo_0
Order OD3206170871 packed and ready! Expected dispatch by 06 Jul -Flipkart,Delivery,Delivery_8
low balance alert: a/c xx3948 balance is rs.195123. maintain min balance to avoid charges.,Bank,Bank_10
your bigbasket membership expires soon. renew now & save 20%: bit.ly/ulhhiy,Promo,Promo_9
  Last day! Zomato clearance sale ends tonight. Up to 70% off sitewide.,Promo,Promo_8
Enter 359415 to verify your mobile number for Meesho.,OTP,OTP_10
Interest of Rs.21674 credited to your FD A/c XX5617. -HDFC Bank,Bank,Bank_9
Pre-approved! Get a HDFC Bank credit card with Rs.447866 limit. Zero joining fee. Apply: bit.ly/eJoZLu,Promo,Promo_14
Data exhausted? Get 2GB extra with Rs.1999 booster pack. Dial *121# or visit app. -TM,Promo,Promo_11
Your Vi pack expires tomorrow. Recharge with Rs.756 for 1.5GB/day + unlimited calls.,Promo,Promo_10
961540 is your Swiggy security code Anyone asking for it is a scammer,OTP,OTP_9
Your SBI debit card XX7444 has been blocked due to suspicious activity. Visit branch or call 1800-XXX to unblock.,Bank,Bank_11
KYC update pending for A/c XX7943. Please visit your nearest PNB branch by 29-01-26 to avoid restrictions.,Bank,Bank_12
Ur order OD7030265702 from Flipkart is arriving tomorrow. Keep Rs.3577 ready for COD.,Delivery,Delivery_3
  Your SonyLIV plan renews on 01 Jul at Rs.1818. Upgrade to 4K for Rs.536/month.,Promo,Promo_18
your a/c xx1660 is debited with rs.75970 on 09-06-26. info: upi-omaja. bal: rs.46840,Bank,Bank_2
<#> 551192 IS YOUR UBER CODE. VALID 30 MIN. HA8SK2LQP3,OTP,OTP_13
TAP TO VERIFY: 222356. THIS CODE EXPIRES SHORTLY.,OTP,Hard_9
OTP: 165394 for txn of Rs.27713 at Paytm. Do not share. -HDFC Bank -TM,OTP,OTP_2
Salary of Rs.93804 credited to A/c XX8166. Avl Bal: Rs.472263. -Kotak,Bank,Bank_7
173028 - use this to sign in. never share this code with anyone.,OTP,Hard_7
Your one time password is 160472 for HDFC Bank. Please do not share it.,OTP,OTP_5
OTP:  731016 for txn of Rs.38021 at Amazon. Do not share. -ICICI Bank,OTP,OTP_2
Delivery attempt failed for order OD6239333379. We will retry tomorrow. -DTDC,Delivery,Delivery_5
Your Uber code: 5030,OTP,Hard_8
Your credit card XX4949 statement is ready Total due: Rs.61382 Min due: Rs.3657 -PNB,Bank,Bank_5
Congratulations! You won Rs.1602535 in lucky draw Claim: bitly/mkcUzi,Spam,Hard_12
Noah from Delhivery is arriving with your package. Contact: 2739753819,Delivery,Delivery_6
Items in your order history are back in stock at Amazon. Prices start Rs.1924.,Promo,Promo_23
"Class shifted to room 3203, come fast",Personal,Hard_6
Data exhausted? Get 2GB extra with Rs.489 booster pack. Dial *121# or visit app.,Promo,Promo_11
DELIVERED! YOUR FLIPKART ORDER OD6605238455 WAS DELIVERED ON 06 JUL. RATE YOUR EXPERIENCE: BIT.LY/LTZMDZ,Delivery,Delivery_2
otp-based login was enabled for your a/c xx7647. call kotak if this wasn't you.,Bank,Hard_2
OTP-based login was enabled for ur A/c XX7401. Call SBI if this wasn't you.,Bank,Hard_2
  193429 - use this to sign in. Never share this code with anyone.,OTP,Hard_7
Tap to verify: 139133. This code expires shortly.,OTP,Hard_9
myntra: your cart misses you! complete purchase now & get 80% off. bit.ly/zwynod,Promo,Promo_4
Use code 3204 at checkout for 25% off at Zomato!,Promo,Hard_0
Pre-approved! Get a PNB credit card with Rs.382538 limit Zero joining fee Apply: bitly/NMPQat,Promo,Promo_14
Your credit card XX9684 statement is ready. Total due: Rs.81331. Min due: Rs.657. -Kotak,Bank,Bank_5
Low balance alert: A/c XX7321 balance is Rs.186696. Maintain min balance to avoid charges.,Bank,Bank_10
704058 is your HDFC Bank security code. Anyone asking for it is a scammer.,OTP,OTP_9
  Coupon 9033 gives you free delivery on orders above Rs.2320. -Myntra,Promo,Hard_1
Enter  940489 to verify your mobile number for Swiggy.,OTP,OTP_10
Your Meesho order OD8630919901 has been shipped via XpressBees. Track: bit.ly/OHneIA,Delivery,Delivery_0
Your order OD2063605057 from Flipkart is arriving tomorrow. Keep Rs.4003 ready for COD.,Delivery,Delivery_3
FLIGHT FARES DROPPED! BLR-PNQ FROM RS.1288. BOOK ON MAKEMYTRIP BEFORE MIDNIGHT.,Promo,Promo_16
Your credit card XX9413 statement is ready. Total due: Rs.42889. Min due: Rs.4453. -PNB,Bank,Bank_5
Your Uber code: 2677,OTP,Hard_8
Uber: 557359 is your login OTP. It expires in 15 minutes. -TM,OTP,OTP_6
Coupon 6065 gives you free delivery on orders above Rs.1322. -Flipkart,Promo,Hard_1
Items in your order history are back in stock at Meesho Prices start Rs.525,Promo,Promo_23
Work from home! Earn Rs.1577527/month Join: bitly/azpPGO,Spam,Hard_14
Flipkart: 787715 is your login OTP. It expires in 10 minutes. STOP to opt out,OTP,OTP_6
571670 is your OTP for ICICI Bank login. Valid for 5 minutes. Do not share with anyone.,OTP,OTP_0
Rs.641 cashback credited to your PhonePe wallet. Use on your next order. T&C apply,Promo,Promo_21
Congratulations! U won Rs.990262 in lucky draw. Claim: bit.ly/aCjEAb,Spam,Hard_12
"Never  share your OTP, PIN or CVV. BOB never asks for these. Stay safe.",Bank,Hard_3
Use 502922 to complete your BOB registration. Valid till 10 mins. -TM,OTP,OTP_4
UPI  payment of Rs.70674 to Deepa successful. UPI Ref: 536927546450. -Axis Bank,Bank,Bank_6
Tap to verify: 144816. This code expires shortly.,OTP,Hard_9
INTEREST OF RS.88312 CREDITED TO YOUR FD A/C XX1782. -KOTAK,Bank,Bank_9
788132 - use this code to sign in to uber. never share it with anyone.,OTP,OTP_7
"Never share your OTP, PIN or CVV. PNB never asks for these. Stay safe.",Bank,Hard_3
Zomato: Free delivery all weekend! Order your favourites now,Promo,Promo_13
Flat Rs.281 cashback on your next order at Amazon. Use code SAVE50. Valid till 06 Jul.,Promo,Promo_2
Exclusive for you! Buy 1 Get 1 FREE at Amazon. Limited period offer. Visit bit.ly/eCSMdz -TM,Promo,Promo_3
Weekend special at Flipkart! Min 30% off on everything. Don't miss out: bit.ly/dDvJdB,Promo,Promo_6
Your one time password is 440021 for IRCTC. Please do not share it.,OTP,OTP_5
Your Jio pack expires tomorrow Recharge with Rs.695 for 1GB/day + unlimited calls,Promo,Promo_10
Interest of Rs.59629 credited to your FD A/c XX2038. -HDFC Bank,Bank,Bank_9
"Your ICICI Bank health insurance renewal is due 04 Jul. Renew online, save 10% on premium. STOP to opt out",Promo,Promo_24
Salary of INR 16342 credited to A/c XX1873. Avl Bal: INR 243886. -HDFC Bank,Bank,Bank_7
Rs.1075 cashback credited to ur Paytm wallet. Use on ur next order.,Promo,Promo_21
  Last day! Flipkart clearance sale ends tonight. Up to 40% off sitewide.,Promo,Promo_8
Cheque no. 988033502747 for Rs.94028 has been cleared from A/c XX1555. -PNB,Bank,Bank_8
837160 - use this code to sign in to Kotak Never share it with anyone,OTP,OTP_7
OTP: 110400 for txn of Rs.41152 at Amazon. Do not share. -BOB,OTP,OTP_2
Congratulations! You won Rs.188452 in lucky draw. Claim: bit.ly/xSkcye,Spam,Hard_12
Your ICICI Bank debit card XX7909 has been blocked due to suspicious activity. Visit branch or call 1800-XXX to unblock.,Bank,Bank_11
Confirmation code 201768 for Flipkart. Keep it private.,OTP,OTP_11
  Auto-pay of Rs.83418 to Wazir is scheduled on 02-02-26 from A/c XX8642. Ensure sufficient balance.,Bank,Bank_13
Order OD4015886071 packed and ready! Expected dispatch by 03 Jul. -Meesho,Delivery,Delivery_8
Your SIM will be deactivated in 24hrs. Verify Aadhaar: bit.ly/zBYABY,Spam,Hard_13
  Confirmation code 613716 for Zomato. Keep it private.,OTP,OTP_11
OTP-based login was enabled for your A/c XX2847. Call SBI if this wasn't you.,Bank,Hard_2
OTP for delivery of order OD4548505671 is 7147. Share only with the delivery agent. -Ekart,Delivery,Delivery_9
items in your order history are back in stock at bigbasket. prices start rs.1501.,Promo,Promo_23
Your return pickup for order OD9961675752 is scheduled on 01 Jul. Keep the item ready. -Swiggy,Delivery,Delivery_7
475846  is your Ola security code. Anyone asking for it is a scammer.,OTP,OTP_9
your uber code: 5297,OTP,Hard_8
Your  order OD4135064531 from Zomato is arriving tomorrow. Keep Rs.3744 ready for COD.,Delivery,Delivery_3
Pre-approved!  Get a SBI credit card with Rs.377691 limit. Zero joining fee. Apply: bit.ly/EcKmRA,Promo,Promo_14
Pre-approved! Get a PNB credit card with Rs.494709 limit. Zero joining fee. Apply: bit.ly/tsJXwB,Promo,Promo_14
last day! swiggy clearance sale ends tonight. up to 70% off sitewide.,Promo,Promo_8
Your Uber code: 5285,OTP,Hard_8
  Auto-pay of Rs.70323 to Nathan is scheduled on 05-05-26 from A/c XX9532. Ensure sufficient balance.,Bank,Bank_13
Coupon 5637 gives you free delivery on orders above INR 4002. -Amazon,Promo,Hard_1
Your FD of Rs.21057 matures on 06-07-26 Renew or withdraw via netbanking -SBI,Bank,Bank_14
  OTP for delivery of order OD6786370288 is 6012. Share only with the delivery agent. -BlueDart,Delivery,Delivery_9
Swiggy: Free delivery all weekend! Order your favourites now.,Promo,Promo_13
"Your HDFC Bank health insurance renewal is due 01 Jul. Renew online, save 60% on premium. STOP to opt out",Promo,Promo_24
OTP: 773595 for txn of Rs.25896 at Uber. Do not share. -PNB,OTP,OTP_2
Weekend special at BigBasket! Min 40% off on everything. Don't miss out: bit.ly/eFNiGl,Promo,Promo_6
CONFIRMATION CODE 400120 FOR MEESHO. KEEP IT PRIVATE.,OTP,OTP_11
Tap  to verify: 806346. This code expires shortly.,OTP,Hard_9
your a/c xx1779 is debited with rs.61269 on 15-02-26. info: upi-sudiksha. bal: rs.127701,Bank,Bank_2
Swiggy: Free delivery all weekend! Order your favourites now,Promo,Promo_13
Rs.296 cashback credited to your Amazon Pay wallet. Use on your next order.,Promo,Promo_21
OTP-BASED LOGIN WAS ENABLED FOR YOUR A/C XX1778. CALL HDFC BANK IF THIS WASN'T YOU.,Bank,Hard_2
  Your OTP is 650216. Use it to verify your SBI account. Expires in 2 min.,OTP,OTP_1
Auto-pay of Rs.22214 to Aryan is scheduled on 20-05-26 from A/c XX9518. Ensure sufficient balance.,Bank,Bank_13
pre-approved! get a kotak credit card with rs.119875 limit. zero joining fee. apply: bit.ly/fubtkh,Promo,Promo_14
Dear customer ur PNB account will be blocked! Update KYC now: bit.ly/fmVDWE,Spam,Hard_11
delivery attempt failed for order od2799498361. we will retry tomorrow. -delhivery,Delivery,Delivery_5
"Hey, my new number is +911796090163 Save it! Meet at tonight?",Personal,Hard_4
761195 - use this to sign in. Never share this code with anyone. STOP to opt out,OTP,Hard_7
  Your credit card XX8656 statement is ready. Total due: Rs.39919. Min due: Rs.2139. -ICICI Bank,Bank,Bank_5
Low balance alert: A/c XX3922 balance is Rs.484711. Maintain min balance to avoid charges.,Bank,Bank_10
Congratulations!  You won Rs.637998 in lucky draw. Claim: bit.ly/UClYTW,Spam,Hard_12
  Delivered! Your Flipkart order OD7173861556 was delivered on 02 Jul. Rate your experience: bit.ly/zGfIId,Delivery,Delivery_2
Salary of INR 9000 credited to A/c XX1289. Avl Bal: INR 455048. -PNB,Bank,Bank_7
Enter 816773 to verify your mobile number for BigBasket,OTP,OTP_10
Beware of fraud calls asking for card details. Axis Bank officials never ask for PIN or CVV.,Bank,Bank_15
enter 246019 to verify your mobile number for paytm.,OTP,OTP_10
Your one time password is 155947 for Kotak Please do not share it,OTP,OTP_5
SBI: 462939 is your login OTP. It expires in 15 minutes.,OTP,OTP_6
  Pay Rs.4230 on delivery for order OD596220848. -DTDC,Delivery,Hard_10
YOUR MEESHO MEMBERSHIP EXPIRES SOON. RENEW NOW & SAVE 60%: BIT.LY/XXDFMF,Promo,Promo_9
Pre-approved!  Get a Axis Bank credit card with Rs.462644 limit. Zero joining fee. Apply: bit.ly/JgGFIC,Promo,Promo_14
  OTP: 429810 for txn of Rs.17312 at PhonePe. Do not share. -PNB,OTP,OTP_2
"Your Kotak health insurance renewal is due 05 Jul. Renew online, save 60% on premium.",Promo,Promo_24
"Bro send me Rs.2299 on gpay, will return by 03 Jul",Personal,Hard_5
Ur one time password is 209381 for Meesho. Please do not share it.,OTP,OTP_5
Your return pickup for order OD6367937832 is scheduled on 01 Jul. Keep the item ready. -Amazon STOP to opt out,Delivery,Delivery_7
Out  for delivery: Your Myntra package OD7941454491 will arrive today by 6 PM. -Ekart,Delivery,Delivery_1
"Hey, my new number is +916371314236 Save it! Meet at 6pm?",Personal,Hard_4
  Last day! Myntra clearance sale ends tonight. Up to 30% off sitewide.,Promo,Promo_8
Ur SIM will be deactivated in 24hrs. Verify Aadhaar: bit.ly/NndHMJ,Spam,Hard_13
"Hey, my new number is +916963614783. Save it! Meet at tonight?",Personal,Hard_4
Pay Rs.1522 on delivery for order OD577782555. -DTDC,Delivery,Hard_10
Auto-pay of Rs.50940 to Madhavi is scheduled on 06-06-26 from A/c XX8099 Ensure sufficient balance,Bank,Bank_13
Use 590002 to complete your Swiggy registration. Valid till 15 mins.,OTP,OTP_4
Your Amazon order OD3467493565 has been shipped via BlueDart. Track: bit.ly/Nenmpb,Delivery,Delivery_0
KYC update pending for A/c XX3889. Please visit your nearest SBI branch by 24-02-26 to avoid restrictions.,Bank,Bank_12
OTP-based login was enabled for your A/c XX7429. Call HDFC Bank if this wasn't you.,Bank,Hard_2
Tap to verify: 854706. This code expires shortly.,OTP,Hard_9
Your Uber code: 5407,OTP,Hard_8
"hey, my new number is 03150260979. save it! meet at 6pm?",Personal,Hard_4
367997  is your OTP for Zomato login. Valid for 30 minutes. Do not share with anyone.,OTP,OTP_0
553393 is your verification code for Zomato Never share your OTP,OTP,OTP_3
Delivered! Your Amazon order OD5050407339 was delivered on 03 Jul. Rate your experience: bit.ly/fltrsz,Delivery,Delivery_2
Recharge with Rs.885 & get 50% extra talktime. Offer valid today only! T&C apply,Promo,Promo_5
  Enter 652307 to verify your mobile number for Amazon.,OTP,OTP_10
OTP-based  login was enabled for your A/c XX9695. Call PNB if this wasn't you.,Bank,Hard_2
YOUR RETURN PICKUP FOR ORDER OD2296896133 IS SCHEDULED ON 02 JUL. KEEP THE ITEM READY. -SWIGGY,Delivery,Delivery_7
Work from home! Earn Rs.1365649/month. Join: bit.ly/ydWqgw,Spam,Hard_14
interest of rs.90370 credited to your fd a/c xx4912. -sbi,Bank,Bank_9
Recharge with Rs.1185 & get 30% extra talktime. Offer valid today only!,Promo,Promo_5
emi of rs.95982 due on 11-04-26 for loan a/c xx6781. pay now to avoid charges. -axis bank,Bank,Bank_4
Zomato: Free delivery all weekend! Order your favourites now.,Promo,Promo_13
BlueDart: Shipment OD2595905072 reached ur city hub. Expected delivery: 03 Jul.,Delivery,Delivery_4
Your OTP is 232072 Use it to verify your Paytm account Expires in 2 min,OTP,OTP_1
Convert your BOB card purchase of Rs.482 into easy EMIs at 0% interest. Reply YES.,Promo,Promo_15
your fd of rs.80626 matures on 15-05-26. renew or withdraw via netbanking. -hdfc bank,Bank,Bank_14
Your FD of Rs.64545 matures on 12-05-26. Renew or withdraw via netbanking. -PNB,Bank,Bank_14
  Beware of fraud calls asking for card details. PNB officials never ask for PIN or CVV.,Bank,Bank_15
Cheque no. 132768655205 for Rs.11762 has been cleared from A/c XX1541. -Kotak,Bank,Bank_8
KYC update pending for A/c XX1247. Please visit your nearest ICICI Bank branch by 15-01-26 to avoid restrictions.,Bank,Bank_12
Congratulations! You won INR 2001868 in lucky draw. Claim: bit.ly/SdfCeC,Spam,Hard_12
Interest of Rs.40500 credited to your FD A/c XX6662. -Kotak,Bank,Bank_9
Convert your BOB card purchase of Rs.1908 into easy EMIs at 0% interest. Reply YES.,Promo,Promo_15
Your Uber code: 9357,OTP,Hard_8
643221 is your Kotak security code. Anyone asking for it is a scammer.,OTP,OTP_9
MEGA SALE! Get 30% OFF on all products at BigBasket. Shop now: bit.ly/mXbfzH T&C apply.,Promo,Promo_0
Pre-approved! Get a SBI credit card with Rs.395543 limit Zero joining fee Apply: bitly/madatf,Promo,Promo_14
Interest of Rs.78003 credited to your FD A/c XX7377. -Axis Bank,Bank,Bank_9
"Hi Laban, unlock Rs.1231 off your first order at Meesho with code NEW42.",Promo,Promo_7
Ekart: Shipment OD1401866813 reached your city hub. Expected delivery: 05 Jul.,Delivery,Delivery_4
YOUR HOTSTAR PLAN RENEWS ON 04 JUL AT RS.93. UPGRADE TO 4K FOR RS.912/MONTH.,Promo,Promo_18
477450 - use this code to sign in to bigbasket. never share it with anyone.,OTP,OTP_7
loved your recent bigbasket order? reorder in 1 tap and get 50% off today.,Promo,Promo_22
204980 is your OTP for Paytm login. Valid for 10 minutes. Do not share with anyone.,OTP,OTP_0
YOUR AIRTEL PACK EXPIRES TOMORROW. RECHARGE WITH RS.856 FOR 1GB/DAY + UNLIMITED CALLS.,Promo,Promo_10
Hungry? Get 10% off up to Rs.1606 on your next 3 orders. Code: EAT29. -Swiggy STOP to opt out,Promo,Promo_12
Flight fares dropped! BOM-PNQ from Rs.505. Book on Goibibo before midnight.,Promo,Promo_16
Pay INR 1399 on delivery for order OD464539602. -BlueDart,Delivery,Hard_10
ALERT: Rs.41733 withdrawn from ATM using card XX5397 on 02-07-26. Bal: Rs.467280. -PNB,Bank,Bank_3
Ur order OD4334341196 from Flipkart is arriving tomorrow. Keep Rs.1196 ready for COD.,Delivery,Delivery_3
<#> 635080 is your Zomato code Valid 10 min hA8sk2Lqp3,OTP,OTP_13
your pnb debit card xx1855 has been blocked due to suspicious activity. visit branch or call 1800-xxx to unblock.,Bank,Bank_11
HDFC Bank: 511568 is your login OTP. It expires in 2 minutes.,OTP,OTP_6
MISSED OUR SHOWS? COME BACK TO HOTSTAR AT 50% OFF FOR 3 MONTHS. RESUBSCRIBE: BIT.LY/RMBTLB,Promo,Promo_19
OTP: 581629 for txn of Rs.19223 at Netflix. Do not share. -HDFC Bank,OTP,OTP_2
Delhivery:  Shipment OD7306014691 reached your city hub. Expected delivery: 04 Jul.,Delivery,Delivery_4
Your return pickup for order OD6486893498 is scheduled on 04 Jul. Keep the item ready. -BigBasket,Delivery,Delivery_7
Salary of INR 29952 credited to A/c XX5545. Avl Bal: INR 4124. -ICICI Bank,Bank,Bank_7
Your OTP is 103493. Use it to verify your Ola account. Expires in 15 min.,OTP,OTP_1
Your SBI debit card XX5914 has been blocked due to suspicious activity. Visit branch or call 1800-XXX to unblock.,Bank,Bank_11
Pre-approved! Get a ICICI Bank credit card with INR 230730 limit. Zero joining fee. Apply: bit.ly/zSOkYb,Promo,Promo_14
Your  return pickup for order OD3616481355 is scheduled on 06 Jul. Keep the item ready. -Amazon,Delivery,Delivery_7
440500 is your IRCTC security code Anyone asking for it is a scammer,OTP,OTP_9
otp-based login was enabled for your a/c xx1651. call bob if this wasn't you.,Bank,Hard_2
Your Swiggy order OD5075585343 has been shipped via DTDC. Track: bit.ly/tniXbE,Delivery,Delivery_0
Exclusive for you! Buy 1 Get 1 FREE at Meesho. Limited period offer. Visit bit.ly/eAYiSJ,Promo,Promo_3
Ur A/c XX3051 is debited with Rs.20994 on 17-02-26. Info: UPI-Indira. Bal: Rs.293476,Bank,Bank_2
Convert your ICICI Bank card purchase of INR 608 into easy EMIs at 0% interest. Reply YES.,Promo,Promo_15
Congratulations! U won Rs.1724375 in lucky draw. Claim: bit.ly/tJlJMT,Spam,Hard_12
"  Bro send me Rs.3969 on gpay, will return by 02 Jul",Personal,Hard_5
Auto-pay  of Rs.30237 to Lavanya is scheduled on 08-05-26 from A/c XX1128. Ensure sufficient balance.,Bank,Bank_13
Items in your order history are back in stock at Myntra Prices start Rs.1228,Promo,Promo_23
YOUR GPAY CODE: 504986,OTP,OTP_8
762346 is your verification code for Netflix. Never share your OTP.,OTP,OTP_3
Tap to verify: 757106. This code expires shortly.,OTP,Hard_9
delivery attempt failed for order od8873623097. we will retry tomorrow. -delhivery,Delivery,Delivery_5
INR 47234 debited from A/c XX8602 on 02-07-26 to Chavvi. Avl Bal: INR 378149. -HDFC Bank,Bank,Bank_0
<#> 165892 is your BigBasket code. Valid 15 min. hA8sk2Lqp3,OTP,OTP_13
Ur order OD7410712576 from Amazon is arriving tomorrow. Keep Rs.2766 ready for COD.,Delivery,Delivery_3
EMI of Rs.86836 due on 06-05-26 for loan A/c XX4066. Pay now to avoid charges. -BOB,Bank,Bank_4
EKART: SHIPMENT OD8585344956 REACHED YOUR CITY HUB. EXPECTED DELIVERY: 06 JUL.,Delivery,Delivery_4
Order OD9742519631 packed and ready! Expected dispatch by 01 Jul. -Swiggy,Delivery,Delivery_8
Flipkart Big Billion Days! Up to 30% off + extra 10% with PNB cards. Hurry!,Promo,Promo_1
Your  order OD7876917610 from BigBasket is arriving tomorrow. Keep Rs.469 ready for COD.,Delivery,Delivery_3
upi payment of rs.83563 to guneet successful. upi ref: 778667567221. -icici bank,Bank,Bank_6
<#>  536196 is your Swiggy code. Valid 15 min. hA8sk2Lqp3,OTP,OTP_13
G-663975 is your Google verification code,OTP,OTP_12
Your Zomato order OD4919084246 has been shipped via BlueDart. Track: bit.ly/oQAeDN T&C apply,Delivery,Delivery_0
"Class shifted to room 2578, come fast",Personal,Hard_6
Cheque no 992217030905 for Rs.27137 has been cleared from A/c XX2405 -HDFC Bank,Bank,Bank_8
Interest of Rs.13815 credited to your FD A/c XX6446. -Axis Bank,Bank,Bank_9
Your OTP is 956990. Use it to verify your Uber account. Expires in 5 min.,OTP,OTP_1
Loved ur recent Amazon order? Reorder in 1 tap and get 20% off today.,Promo,Promo_22
Your Myntra order OD6457337819 has been shipped via Ekart. Track: bit.ly/ftZvOd,Delivery,Delivery_0
Rs.82547 credited to A/c XX4694 on 03-07-26. Avl Bal: Rs.299524. -ICICI Bank,Bank,Bank_1
Enter 108722 to verify your mobile number for BigBasket.,OTP,OTP_10
pay rs.3772 on delivery for order od982776783. -xpressbees,Delivery,Hard_10
Interest of Rs.93033 credited to your FD A/c XX7655. -PNB,Bank,Bank_9
Convert your BOB card purchase of Rs.654 into easy EMIs at 0% interest. Reply YES.,Promo,Promo_15
Your order OD3178416649 from BigBasket is arriving tomorrow Keep Rs.2255 ready for COD,Delivery,Delivery_3
ALERT:  Rs.4767 withdrawn from ATM using card XX8447 on 08-05-26. Bal: Rs.276350. -Axis Bank,Bank,Bank_3
Convert ur Axis Bank card purchase of Rs.1614 into easy EMIs at 0% interest. Reply YES.,Promo,Promo_15
  Your OTP is 589885. Use it to verify your IRCTC account. Expires in 15 min.,OTP,OTP_1
  MEGA SALE! Get 70% OFF on all products at Amazon. Shop now: bit.ly/vPHphu T&C apply.,Promo,Promo_0
Rs.90464 credited to A/c XX1855 on 08-05-26. Avl Bal: Rs.6960. -SBI,Bank,Bank_1
upi payment of rs.80944 to nihal successful. upi ref: 132046551140. -axis bank,Bank,Bank_6
Your A/c XX4584 is debited with Rs.74901 on 31-03-26. Info: UPI-Patrick. Bal: Rs.229616 STOP to opt out,Bank,Bank_2
  Dear customer ur HDFC Bank account will be blocked! Update KYC now: bit.ly/SKjwls,Spam,Hard_11
XpressBees: Shipment OD5800212998 reached your city hub. Expected delivery: 05 Jul. STOP to opt out,Delivery,Delivery_4
  Enter 715631 to verify your mobile number for IRCTC.,OTP,OTP_10
423079 - USE THIS TO SIGN IN. NEVER SHARE THIS CODE WITH ANYONE.,OTP,Hard_7
Salary  of Rs.8628 credited to A/c XX2484. Avl Bal: Rs.178174. -Axis Bank,Bank,Bank_7
cheque no. 591181696583 for rs.71731 has been cleared from a/c xx3664. -axis bank,Bank,Bank_8
Beware of fraud calls asking for card details. PNB officials never ask for PIN or CVV. T&C apply,Bank,Bank_15
Interest of Rs.89214 credited to your FD A/c XX6476. -SBI,Bank,Bank_9
alert: rs.38805 withdrawn from atm using card xx2290 on 02-04-26. bal: rs.120801. -kotak,Bank,Bank_3
Cheque no 658600405665 for Rs.25500 has been cleared from A/c XX4822 -SBI,Bank,Bank_8
Your Flipkart membership expires soon. Renew now & save 80%: bit.ly/rhcPFJ,Promo,Promo_9
flat rs.1744 cashback on your next order at myntra. use code save73. valid till 01 jul.,Promo,Promo_2
OTP for delivery of order OD4129629798 is 5610. Share only with the delivery agent. -DTDC,Delivery,Delivery_9
BigBasket: Your cart misses you! Complete purchase now & get 80% off. bit.ly/ZaPQjx,Promo,Promo_4
621732  is your verification code for PhonePe. Never share your OTP.,OTP,OTP_3
Salary of Rs.77244 credited to A/c XX6550. Avl Bal: Rs.348131. -Axis Bank,Bank,Bank_7
  Auto-pay of Rs.90991 to Eiravati is scheduled on 09-02-26 from A/c XX7992. Ensure sufficient balance.,Bank,Bank_13
Your Flipkart order OD9500218798 has been shipped via DTDC. Track: bit.ly/oHHnju,Delivery,Delivery_0
Convert your BOB card purchase of Rs.938 into easy EMIs at 0% interest. Reply YES.,Promo,Promo_15
<#> 342851 is your Meesho code. Valid 5 min. hA8sk2Lqp3,OTP,OTP_13
irctc: special trains added for festive season. book early & save up to 50%.,Promo,Promo_17
YOUR OTP IS 740842. USE IT TO VERIFY YOUR ICICI BANK ACCOUNT. EXPIRES IN 15 MIN.,OTP,OTP_1
Your return pickup for order OD3646004596 is scheduled on 04 Jul. Keep the item ready. -Zomato,Delivery,Delivery_7
741390  is your verification code for GPay. Never share your OTP.,OTP,OTP_3
congratulations! you won rs.1454348 in lucky draw. claim: bit.ly/ofrknp,Spam,Hard_12
  OTP for delivery of order OD3032416427 is 7763. Share only with the delivery agent. -DTDC,Delivery,Delivery_9
Missed our shows? Come back to Netflix at 50% off for 3 months. Resubscribe: bit.ly/WUnzKE,Promo,Promo_19
OTP: 364181 FOR TXN OF RS.29049 AT AXIS BANK. DO NOT SHARE. -SBI,OTP,OTP_2
ALERT: Rs.25858 withdrawn from ATM using card XX4395 on 20-04-26. Bal: Rs.78029. -SBI,Bank,Bank_3
IRCTC: Special trains added for festive season. Book early & save up to 30%. STOP to opt out,Promo,Promo_17
XpressBees: Shipment OD1140455821 reached your city hub. Expected delivery: 03 Jul.,Delivery,Delivery_4
Convert your Axis Bank card purchase of Rs.745 into easy EMIs at 0% interest. Reply YES.,Promo,Promo_15
Tap to verify: 350300. This code expires shortly.,OTP,Hard_9
  403233 - use this to sign in. Never share this code with anyone.,OTP,Hard_7
  Your BigBasket order OD5451368319 has been shipped via BlueDart. Track: bit.ly/EdHJfR,Delivery,Delivery_0
DTDC: Shipment OD6111410166 reached your city hub. Expected delivery: 05 Jul.,Delivery,Delivery_4
ICICI Bank: 739899 is your login OTP. It expires in 15 minutes. T&C apply,OTP,OTP_6
Hungry? Get 20% off up to Rs.506 on your next 3 orders. Code: EAT36. -Swiggy,Promo,Promo_12
Items in your order history are back in stock at Meesho. Prices start Rs.138.,Promo,Promo_23
kyc update pending for a/c xx9879. please visit your nearest bob branch by 07-06-26 to avoid restrictions.,Bank,Bank_12
  Use 90618 to complete your ICICI Bank registration. Valid till 10 mins.,OTP,OTP_4
Swiggy: Free delivery all weekend! Order your favourites now.,Promo,Promo_13
Order OD9245213626 packed and ready! Expected dispatch by 02 Jul. -BigBasket T&C apply,Delivery,Delivery_8
Congratulations! You won Rs.458707 in lucky draw. Claim: bit.ly/FfMbOL,Spam,Hard_12
Delhivery:  Shipment OD6588420330 reached your city hub. Expected delivery: 01 Jul.,Delivery,Delivery_4
Order  OD7326708848 packed and ready! Expected dispatch by 04 Jul. -Amazon,Delivery,Delivery_8
Ur FD of Rs.49809 matures on 17-04-26. Renew or withdraw via netbanking. -PNB,Bank,Bank_14
your credit card xx3453 statement is ready. total due: rs.71990. min due: rs.4855. -pnb,Bank,Bank_5
ekart: shipment od5647675188 reached your city hub. expected delivery: 02 jul.,Delivery,Delivery_4
276007 - use this to sign in. Never share this code with anyone.,OTP,Hard_7
254811 - use this to sign in. Never share this code with anyone.,OTP,Hard_7
922485 IS YOUR VERIFICATION CODE FOR MYNTRA. NEVER SHARE YOUR OTP.,OTP,OTP_3
Your Myntra order OD9427146835 has been shipped via XpressBees. Track: bit.ly/ZfUZum,Delivery,Delivery_0
Pay Rs.1134 on delivery for order OD534965750 -Delhivery,Delivery,Hard_10
Your BigBasket order OD1815694376 has been shipped via XpressBees. Track: bit.ly/uDhWcV STOP to opt out,Delivery,Delivery_0
Missed  our shows? Come back to Netflix at 50% off for 3 months. Resubscribe: bit.ly/eMSvCT,Promo,Promo_19
ENTER 524471 TO VERIFY YOUR MOBILE NUMBER FOR HDFC BANK.,OTP,OTP_10
  ALERT: Rs.44706 withdrawn from ATM using card XX1602 on 05-02-26. Bal: Rs.457383. -SBI,Bank,Bank_3
Auto-pay of Rs.8655 to Finn is scheduled on 16-02-26 from A/c XX5714. Ensure sufficient balance. T&C apply,Bank,Bank_13
Your Flipkart order OD8198465604 has been shipped via DTDC. Track: bit.ly/cYKkqe,Delivery,Delivery_0
Missed our shows? Come back to Prime Video at 50% off for 3 months. Resubscribe: bit.ly/CmcHbm,Promo,Promo_19
Your SIM will be deactivated in 24hrs Verify Aadhaar: bitly/huPShm,Spam,Hard_13
Enter 134399 to verify your mobile number for Kotak.,OTP,OTP_10
Your Amazon membership expires soon. Renew now & save 10%: bit.ly/DcrCuT,Promo,Promo_9
MEGA SALE! Get 30% OFF on all products at Zomato. Shop now: bit.ly/vrhtkx T&C apply.,Promo,Promo_0
Salary of Rs.22898 credited to A/c XX4981. Avl Bal: Rs.125963. -ICICI Bank STOP to opt out,Bank,Bank_7
Hungry? Get 60% off up to Rs.1175 on your next 3 orders. Code: EAT76. -Zomato,Promo,Promo_12
Delivery attempt failed for order OD2342238662. We will retry tomorrow. -DTDC,Delivery,Delivery_5
Rs.18754 debited from A/c XX4856 on 27-05-26 to Lipika. Avl Bal: Rs.306912. -Axis Bank,Bank,Bank_0
Items  in your order history are back in stock at Swiggy. Prices start Rs.1746.,Promo,Promo_23
  Your Hotstar plan renews on 03 Jul at Rs.1530. Upgrade to 4K for Rs.477/month.,Promo,Promo_18
Out for delivery: Your Flipkart package OD3920493382 will arrive today by 3 PM. -XpressBees,Delivery,Delivery_1
Your account statement for June is available Download from the ICICI Bank app,Bank,Bank_16
Missed our shows? Come back to SonyLIV at 50% off for 3 months. Resubscribe: bit.ly/VKukLQ,Promo,Promo_19
MEGA SALE! Get 30% OFF on all products at Amazon. Shop now: bit.ly/zKcXCh T&C apply. T&C apply,Promo,Promo_0
YOUR IRCTC CODE: 11820,OTP,OTP_8
Interest  of Rs.71283 credited to your FD A/c XX5112. -PNB,Bank,Bank_9
Confirmation code 972030 for Flipkart. Keep it private.,OTP,OTP_11
Delivery attempt failed for order OD2415801902. We will retry tomorrow. -XpressBees,Delivery,Delivery_5
Work from home! Earn Rs.2385977/month. Join: bit.ly/mZyllS,Spam,Hard_14
Order OD1517807482 packed and ready! Expected dispatch by 02 Jul. -Amazon,Delivery,Delivery_8
985014 - use this code to sign in to ICICI Bank. Never share it with anyone.,OTP,OTP_7
Cheque no. 191915417644 for Rs.85501 has been cleared from A/c XX7153. -SBI,Bank,Bank_8
Your Swiggy membership expires soon. Renew now & save 40%: bit.ly/RWWegv,Promo,Promo_9
you have 3771 reward points expiring on 03 jul. redeem on swiggy.,Promo,Promo_20
Rs.74544  credited to A/c XX5899 on 11-01-26. Avl Bal: Rs.427042. -Kotak,Bank,Bank_1
Interest of Rs.4746 credited to your FD A/c XX8913. -HDFC Bank,Bank,Bank_9
ALERT: Rs.31527 withdrawn from ATM using card XX7980 on 04-05-26. Bal: Rs.58442. -ICICI Bank,Bank,Bank_3
Last day! Swiggy clearance sale ends tonight. Up to 10% off sitewide.,Promo,Promo_8
Hungry? Get 50% off up to Rs.835 on your next 3 orders. Code: EAT25. -Swiggy,Promo,Promo_12
OTP-BASED LOGIN WAS ENABLED FOR YOUR A/C XX1586. CALL ICICI BANK IF THIS WASN'T YOU.,Bank,Hard_2
Your return pickup for order OD7508637857 is scheduled on 04 Jul. Keep the item ready. -Meesho,Delivery,Delivery_7
"Bro  send me Rs.1478 on gpay, will return by 05 Jul",Personal,Hard_5
Salary of Rs.92861 credited to A/c XX2840. Avl Bal: Rs.287701. -SBI,Bank,Bank_7
  Dear customer ur Axis Bank account will be blocked! Update KYC now: bit.ly/zEaXUh,Spam,Hard_11
Your Vi pack expires tomorrow. Recharge with Rs.91 for 1GB/day + unlimited calls. -TM,Promo,Promo_10
Zomato: Free delivery all weekend! Order your favourites now.,Promo,Promo_13
31562 is your verification code for HDFC Bank Never share your OTP,OTP,OTP_3
Out for delivery: Your Swiggy package OD7081707525 will arrive today by 3 PM. -Ekart,Delivery,Delivery_1
Order  OD1394262482 packed and ready! Expected dispatch by 05 Jul. -Zomato,Delivery,Delivery_8
928456 is your verification code for sbi. never share your otp.,OTP,OTP_3
  Your Flipkart order OD6612886445 has been shipped via Ekart. Track: bit.ly/RsIzrF,Delivery,Delivery_0
Order OD2467129566 packed and ready! Expected dispatch by 01 Jul. -Amazon,Delivery,Delivery_8
your credit card xx5228 statement is ready. total due: rs.34836. min due: rs.1746. -pnb,Bank,Bank_5
Congratulations! You won Rs.334872 in lucky draw. Claim: bit.ly/hmRbYd,Spam,Hard_12
YOUR HOTSTAR PLAN RENEWS ON 03 JUL AT RS.1706. UPGRADE TO 4K FOR RS.708/MONTH.,Promo,Promo_18
Confirmation code 112711 for Meesho. Keep it private.,OTP,OTP_11
OTP: 235316 for txn of Rs.9428 at Axis Bank Do not share -BOB,OTP,OTP_2
244765 is your HDFC Bank security code. Anyone asking for it is a scammer.,OTP,OTP_9
Zinal from Ekart is arriving with your package. Contact: 05380772474,Delivery,Delivery_6
Your one time password is 441695 for Zomato Please do not share it,OTP,OTP_5
Your order OD4355631371 from Amazon is arriving tomorrow. Keep Rs.825 ready for COD. STOP to opt out,Delivery,Delivery_3
Enter 279211 to verify your mobile number for Uber.,OTP,OTP_10
AUTO-PAY OF RS.86035 TO WARINDER IS SCHEDULED ON 13-01-26 FROM A/C XX8360. ENSURE SUFFICIENT BALANCE.,Bank,Bank_13
ALERT: Rs.95286 withdrawn from ATM using card XX7594 on 11-03-26. Bal: Rs.279625. -ICICI Bank,Bank,Bank_3
Your  Prime Video plan renews on 02 Jul at Rs.1339. Upgrade to 4K for Rs.870/month.,Promo,Promo_18
Your Amazon code: 35249,OTP,OTP_8
874078 - use this code to sign in to Zomato Never share it with anyone,OTP,OTP_7
Use code 2185 at checkout for 10% off at Meesho!,Promo,Hard_0
"CLASS SHIFTED TO ROOM 7432, COME FAST",Personal,Hard_6
Flipkart: Your cart misses you! Complete purchase now & get 50% off. bit.ly/bNMYCG,Promo,Promo_4
"Hey, my new number is 4715834791. Save it! Meet at 6pm?",Personal,Hard_4
Auto-pay of Rs.57334 to Rachit is scheduled on 01-06-26 from A/c XX5607. Ensure sufficient balance.,Bank,Bank_13
XpressBees: Shipment OD1210668050 reached your city hub. Expected delivery: 06 Jul.,Delivery,Delivery_4
"Your Axis Bank health insurance renewal is due 04 Jul Renew online, save 20% on premium",Promo,Promo_24
Enter 632155 to verify your mobile number for Ola.,OTP,OTP_10
ITEMS IN YOUR ORDER HISTORY ARE BACK IN STOCK AT MEESHO. PRICES START RS.57.,Promo,Promo_23
Your A/c XX1904 is debited with Rs.79885 on 11-03-26. Info: UPI-Oscar. Bal: Rs.184530,Bank,Bank_2
Ur Uber code: 1126,OTP,Hard_8
Hungry?  Get 20% off up to Rs.694 on your next 3 orders. Code: EAT18. -Swiggy,Promo,Promo_12
Delivery attempt failed for order OD6267204866 We will retry tomorrow -XpressBees,Delivery,Delivery_5
305670 - use this code to sign in to PNB. Never share it with anyone.,OTP,OTP_7
dear customer ur bob account will be blocked! update kyc now: bit.ly/yruaiz,Spam,Hard_11
Rs.18860 debited from A/c XX3426 on 14-05-26 to Isaiah Avl Bal: Rs.408892 -HDFC Bank,Bank,Bank_0
  Pay Rs.4403 on delivery for order OD697336181. -XpressBees,Delivery,Hard_10
269317 is your verification code for GPay. Never share your OTP.,OTP,OTP_3
885137 is your verification code for PNB. Never share your OTP.,OTP,OTP_3
  G-589187 is your Google verification code.,OTP,OTP_12
Hungry? Get 10% off up to Rs.1743 on your next 3 orders. Code: EAT22. -Swiggy,Promo,Promo_12
Coupon 6005 gives you free delivery on orders above Rs.385 -BigBasket,Promo,Hard_1
Your return pickup for order OD1644328714 is scheduled on 06 Jul. Keep the item ready. -Flipkart,Delivery,Delivery_7
207669 - use this code to sign in to kotak. never share it with anyone.,OTP,OTP_7
RS.78841 CREDITED TO A/C XX1166 ON 15-06-26. AVL BAL: RS.46585. -BOB,Bank,Bank_1
"Class shifted to room 5266, come fast",Personal,Hard_6
Enter 736161 to verify your mobile number for ICICI Bank. T&C apply,OTP,OTP_10
Hungry? Get 50% off up to Rs.1559 on your next 3 orders. Code: EAT35. -Swiggy,Promo,Promo_12
170751 is your OTP for Paytm login. Valid for 2 minutes. Do not share with anyone.,OTP,OTP_0
  Order OD6382871525 packed and ready! Expected dispatch by 06 Jul. -Meesho,Delivery,Delivery_8
345948 is your OTP for Netflix login. Valid for 30 minutes. Do not share with anyone.,OTP,OTP_0
Beware of fraud calls asking for card details. Axis Bank officials never ask for PIN or CVV.,Bank,Bank_15
ALERT: Rs.70582 withdrawn from ATM using card XX8347 on 11-03-26. Bal: Rs.137272. -BOB STOP to opt out,Bank,Bank_3
  Beware of fraud calls asking for card details. BOB officials never ask for PIN or CVV.,Bank,Bank_15
BEWARE OF FRAUD CALLS ASKING FOR CARD DETAILS. HDFC BANK OFFICIALS NEVER ASK FOR PIN OR CVV.,Bank,Bank_15
Ur return pickup for order OD1126049780 is scheduled on 05 Jul. Keep the item ready. -Swiggy,Delivery,Delivery_7
Tap to verify: 338415. This code expires shortly. STOP to opt out,OTP,Hard_9
"Class shifted to room 3052, come fast",Personal,Hard_6
10145 is your verification code for Flipkart Never share your OTP,OTP,OTP_3
Your order OD5488217694 from BigBasket is arriving tomorrow Keep Rs.3326 ready for COD,Delivery,Delivery_3
Delivery attempt failed for order OD5219041758. We will retry tomorrow. -DTDC,Delivery,Delivery_5
813461 is your OTP for ICICI Bank login Valid for 10 minutes Do not share with anyone,OTP,OTP_0
  Your account statement for June is available. Download from the SBI app.,Bank,Bank_16
your one time password is 597281 for bigbasket. please do not share it.,OTP,OTP_5
Your FD of Rs.19512 matures on 28-04-26. Renew or withdraw via netbanking. -HDFC Bank,Bank,Bank_14
  Beware of fraud calls asking for card details. PNB officials never ask for PIN or CVV.,Bank,Bank_15
Your SBI debit card XX9004 has been blocked due to suspicious activity. Visit branch or call 1800-XXX to unblock.,Bank,Bank_11
Last day! BigBasket clearance sale ends tonight Up to 10% off sitewide,Promo,Promo_8
rs.498 cashback credited to your phonepe wallet. use on your next order.,Promo,Promo_21
CHEQUE NO. 231857149364 FOR RS.30641 HAS BEEN CLEARED FROM A/C XX4675. -KOTAK,Bank,Bank_8
INR 1956 cashback credited to your Paytm wallet. Use on your next order.,Promo,Promo_21
Low  balance alert: A/c XX4324 balance is Rs.402786. Maintain min balance to avoid charges.,Bank,Bank_10
XpressBees: Shipment OD6694899197 reached your city hub Expected delivery: 05 Jul,Delivery,Delivery_4
Flat INR 1412 cashback on your next order at Meesho. Use code SAVE73. Valid till 04 Jul.,Promo,Promo_2
Confirmation code 997029 for Flipkart. Keep it private.,OTP,OTP_11
Low balance alert: A/c XX7523 balance is Rs.173935. Maintain min balance to avoid charges. T&C apply,Bank,Bank_10
auto-pay of rs.82221 to jeet is scheduled on 12-03-26 from a/c xx4224. ensure sufficient balance.,Bank,Bank_13
Enter 61178 to verify your mobile number for Meesho. -TM,OTP,OTP_10
Rs.503 cashback credited to your PhonePe wallet. Use on your next order.,Promo,Promo_21
OUT FOR DELIVERY: YOUR MYNTRA PACKAGE OD1078917206 WILL ARRIVE TODAY BY 6 PM. -DELHIVERY,Delivery,Delivery_1
Your  OTP is 429741. Use it to verify your HDFC Bank account. Expires in 2 min.,OTP,OTP_1
KRITIKA FROM BLUEDART IS ARRIVING WITH YOUR PACKAGE. CONTACT: 3267871372,Delivery,Delivery_6
BlueDart: Shipment OD9790833028 reached ur city hub. Expected delivery: 03 Jul.,Delivery,Delivery_4
Order OD1213677293 packed and ready! Expected dispatch by 05 Jul. -Flipkart,Delivery,Delivery_8
"  Bro send me Rs.2652 on gpay, will return by 05 Jul",Personal,Hard_5
Delivered! Your Myntra order OD8201950205 was delivered on 05 Jul Rate your experience: bitly/WCvmXb,Delivery,Delivery_2
OTP for delivery of order OD1142666640 is 3038. Share only with the delivery agent. -Delhivery,Delivery,Delivery_9
Delivery attempt failed for order OD1569966633. We will retry tomorrow. -XpressBees,Delivery,Delivery_5
Cheque no. 978571530394 for Rs.68868 has been cleared from A/c XX1530. -BOB,Bank,Bank_8
UPI payment of Rs.99327 to Aarush successful. UPI Ref: 670105212186. -ICICI Bank,Bank,Bank_6
DELIVERY ATTEMPT FAILED FOR ORDER OD9066774693. WE WILL RETRY TOMORROW. -DELHIVERY,Delivery,Delivery_5
UPI payment of Rs.2815 to Lavanya successful. UPI Ref: 198264327318. -BOB,Bank,Bank_6
"Hi  Brinda, unlock Rs.785 off your first order at Meesho with code NEW54.",Promo,Promo_7
"Hey,  my new number is 00874930581. Save it! Meet at 8?",Personal,Hard_4
LAST DAY! SWIGGY CLEARANCE SALE ENDS TONIGHT. UP TO 80% OFF SITEWIDE.,Promo,Promo_8
Salary of Rs.62520 credited to A/c XX2267. Avl Bal: Rs.120158. -BOB,Bank,Bank_7
MEGA SALE! Get 60% OFF on all products at BigBasket Shop now: bitly/UQpUkL T&C apply,Promo,Promo_0
you have 4288 reward points expiring on 02 jul. redeem on amazon.,Promo,Promo_20
416976 is your OTP for PNB login. Valid for 30 minutes. Do not share with anyone.,OTP,OTP_0
  Confirmation code 788162 for PNB. Keep it private.,OTP,OTP_11
MEGA SALE! Get 70% OFF on all products at Myntra. Shop now: bit.ly/EwmgPX T&C apply.,Promo,Promo_0
885675 is your HDFC Bank security code. Anyone asking for it is a scammer.,OTP,OTP_9
EMI of Rs.51369 due on 12-06-26 for loan A/c XX3348 Pay now to avoid charges -Kotak,Bank,Bank_4
57225 is your Uber security code. Anyone asking for it is a scammer.,OTP,OTP_9
Your Uber code: 2669,OTP,Hard_8
YOUR BIGBASKET ORDER OD9463763904 HAS BEEN SHIPPED VIA DTDC. TRACK: BIT.LY/XNSCBQ,Delivery,Delivery_0
  Delivered! Your Flipkart order OD6633233244 was delivered on 02 Jul. Rate your experience: bit.ly/sntLXW,Delivery,Delivery_2
Your  ICICI Bank debit card XX9269 has been blocked due to suspicious activity. Visit branch or call 1800-XXX to unblock.,Bank,Bank_11
Your order OD8774667832 from Myntra is arriving tomorrow. Keep INR 1675 ready for COD.,Delivery,Delivery_3
250333 is your verification code for IRCTC. Never share your OTP.,OTP,OTP_3
  Coupon 2172 gives you free delivery on orders above Rs.384. -Zomato,Promo,Hard_1
525373 - use this code to sign in to Ola. Never share it with anyone.,OTP,OTP_7
Out for delivery: Ur Amazon package OD9603389610 will arrive today by 3 PM. -Delhivery,Delivery,Delivery_1
Your SonyLIV plan renews on 01 Jul at INR 702. Upgrade to 4K for INR 611/month.,Promo,Promo_18
Auto-pay of Rs.80910 to Aishani is scheduled on 01-03-26 from A/c XX9287 Ensure sufficient balance,Bank,Bank_13
Rs.670  cashback credited to your PhonePe wallet. Use on your next order.,Promo,Promo_21
Congratulations! You won Rs.2466178 in lucky draw Claim: bitly/puThfM,Spam,Hard_12
Rs.51731 credited to A/c XX9121 on 03-05-26. Avl Bal: Rs.65996. -BOB,Bank,Bank_1
Your Airtel pack expires tomorrow. Recharge with Rs.552 for 1GB/day + unlimited calls.,Promo,Promo_10
Hungry? Get 10% off up to Rs.1068 on your next 3 orders. Code: EAT23. -Swiggy,Promo,Promo_12
YOUR FD OF RS.39577 MATURES ON 09-05-26. RENEW OR WITHDRAW VIA NETBANKING. -PNB,Bank,Bank_14
items in your order history are back in stock at flipkart. prices start rs.1880.,Promo,Promo_23
Your BOB debit card XX2546 has been blocked due to suspicious activity. Visit branch or call 1800-XXX to unblock. T&C apply,Bank,Bank_11
TAP TO VERIFY: 290356. THIS CODE EXPIRES SHORTLY.,OTP,Hard_9
Your  Meesho order OD2706041036 has been shipped via DTDC. Track: bit.ly/DGWJGn,Delivery,Delivery_0
auto-pay of rs.95099 to guneet is scheduled on 11-03-26 from a/c xx4842. ensure sufficient balance.,Bank,Bank_13
ALERT: Rs.25674 withdrawn from ATM using card XX4388 on 02-07-26 Bal: Rs.376587 -Kotak,Bank,Bank_3
RS.79618 CREDITED TO A/C XX8810 ON 13-02-26. AVL BAL: RS.116812. -ICICI BANK,Bank,Bank_1
Out for delivery: Your Amazon package OD8118676000 will arrive today by 6 PM -XpressBees,Delivery,Delivery_1
Missed our shows? Come back to SonyLIV at 50% off for 3 months. Resubscribe: bit.ly/Zvedhz,Promo,Promo_19
Tap to verify: 453600. This code expires shortly.,OTP,Hard_9
ORDER OD2578313506 PACKED AND READY! EXPECTED DISPATCH BY 05 JUL. -MEESHO,Delivery,Delivery_8
Convert your Kotak card purchase of Rs.1546 into easy EMIs at 0% interest. Reply YES.,Promo,Promo_15
Your  order OD7927031587 from Meesho is arriving tomorrow. Keep Rs.3154 ready for COD.,Delivery,Delivery_3
Your Flipkart order OD9541496704 has been shipped via DTDC. Track: bit.ly/xqgcCC,Delivery,Delivery_0
Ur OTP is 826069. Use it to verify ur ICICI Bank account. Expires in 5 min.,OTP,OTP_1
your fd of rs.21787 matures on 17-02-26. renew or withdraw via netbanking. -sbi,Bank,Bank_14
Recharge with Rs.783 & get 60% extra talktime. Offer valid today only!,Promo,Promo_5
623482 IS YOUR VERIFICATION CODE FOR OLA. NEVER SHARE YOUR OTP.,OTP,OTP_3
Pre-approved! Get a Axis Bank credit card with Rs.150342 limit. Zero joining fee. Apply: bit.ly/MgtedH,Promo,Promo_14
Cheque no. 660823336670 for Rs.79053 has been cleared from A/c XX8113. -Kotak,Bank,Bank_8
Missed our shows? Come back to Hotstar at 50% off for 3 months. Resubscribe: bit.ly/iNmAjQ,Promo,Promo_19
Ur Uber code: 8314,OTP,Hard_8
BigBasket:  Your cart misses you! Complete purchase now & get 80% off. bit.ly/nzeCgf,Promo,Promo_4
Order OD4792627877 packed and ready! Expected dispatch by 02 Jul. -Zomato,Delivery,Delivery_8
Out  for delivery: Your Amazon package OD8778613080 will arrive today by 3 PM. -XpressBees,Delivery,Delivery_1
OTP FOR DELIVERY OF ORDER OD6020828756 IS 8487. SHARE ONLY WITH THE DELIVERY AGENT. -DTDC,Delivery,Delivery_9
Your FD of Rs.85576 matures on 22-04-26. Renew or withdraw via netbanking. -PNB,Bank,Bank_14
Recharge with Rs.1058 & get 40% extra talktime Offer valid today only!,Promo,Promo_5
WEEKEND SPECIAL AT FLIPKART! MIN 80% OFF ON EVERYTHING. DON'T MISS OUT: BIT.LY/TCGBZD,Promo,Promo_6
Loved your recent Meesho order? Reorder in 1 tap and get 20% off today,Promo,Promo_22
Data exhausted? Get 3GB extra with Rs.1998 booster pack. Dial *121# or visit app.,Promo,Promo_11
Out  for delivery: Your BigBasket package OD4045063121 will arrive today by 3 PM. -Delhivery,Delivery,Delivery_1
Tap to verify: 936639. This code expires shortly.,OTP,Hard_9
Exclusive for you! Buy 1 Get 1 FREE at BigBasket. Limited period offer. Visit bit.ly/cPFzJA,Promo,Promo_3
"Bro send me Rs.4044 on gpay, will return by 04 Jul",Personal,Hard_5
Auto-pay of Rs.49595 to Upasna is scheduled on 15-03-26 from A/c XX7784. Ensure sufficient balance.,Bank,Bank_13
ALERT: Rs.10220 withdrawn from ATM using card XX3473 on 07-04-26 Bal: Rs.448710 -ICICI Bank,Bank,Bank_3
Your Jio pack expires tomorrow. Recharge with Rs.119 for 3GB/day + unlimited calls.,Promo,Promo_10
KYC update pending for A/c XX1168. Please visit your nearest PNB branch by 17-04-26 to avoid restrictions.,Bank,Bank_12
EKART: SHIPMENT OD7501387977 REACHED YOUR CITY HUB. EXPECTED DELIVERY: 01 JUL.,Delivery,Delivery_4
DTDC: Shipment OD9510644106 reached your city hub. Expected delivery: 04 Jul.,Delivery,Delivery_4
772721 - use this to sign in. Never share this code with anyone.,OTP,Hard_7
<#> 218675 is your Flipkart code. Valid 30 min. hA8sk2Lqp3,OTP,OTP_13
917983 - use this code to sign in to BOB. Never share it with anyone.,OTP,OTP_7
UPI payment of Rs.76808 to Raghav successful. UPI Ref: 307484397457. -ICICI Bank,Bank,Bank_6
93082 is your verification code for IRCTC. Never share your OTP.,OTP,OTP_3
<#> 665546 IS YOUR BOB CODE. VALID 10 MIN. HA8SK2LQP3,OTP,OTP_13
UPI payment of Rs.68037 to Elijah successful. UPI Ref: 395233871131. -BOB,Bank,Bank_6
Delivery attempt failed for order OD3880316283. We will retry tomorrow. -Delhivery,Delivery,Delivery_5
Missed our shows? Come back to Netflix at 50% off for 3 months. Resubscribe: bit.ly/DVgDtZ,Promo,Promo_19
Amazon: 640869 is your login OTP. It expires in 5 minutes.,OTP,OTP_6
845309 is your OTP for BigBasket login. Valid for 30 minutes. Do not share with anyone.,OTP,OTP_0
KYC update pending for A/c XX2364. Please visit your nearest BOB branch by 09-04-26 to avoid restrictions.,Bank,Bank_12
Work  from home! Earn Rs.2252892/month. Join: bit.ly/cynxUs,Spam,Hard_14
452326 - use this code to sign in to Swiggy. Never share it with anyone.,OTP,OTP_7
Your Uber code: 8395,OTP,Hard_8
Confirmation code 740214 for Hotstar. Keep it private.,OTP,OTP_11
Pre-approved! Get a Kotak credit card with INR 465016 limit. Zero joining fee. Apply: bit.ly/uPUdfJ,Promo,Promo_14
Order OD4178925887 packed and ready! Expected dispatch by 02 Jul. -BigBasket,Delivery,Delivery_8
irctc: special trains added for festive season. book early & save up to 40%.,Promo,Promo_17
Hungry? Get 10% off up to INR 293 on your next 3 orders. Code: EAT35. -Zomato,Promo,Promo_12
219437 - use this code to sign in to Axis Bank Never share it with anyone,OTP,OTP_7
Your FD of Rs.44695 matures on 17-04-26. Renew or withdraw via netbanking. -Kotak,Bank,Bank_14
Rs.1870 cashback credited to your PhonePe wallet. Use on your next order.,Promo,Promo_21
Your OTP is 30162. Use it to verify your ICICI Bank account. Expires in 2 min.,OTP,OTP_1
  Rs.83023 debited from A/c XX4515 on 26-05-26 to Zashil. Avl Bal: Rs.297904. -ICICI Bank,Bank,Bank_0
UPI payment of INR 1869 to Amruta successful. UPI Ref: 772468317481. -Kotak,Bank,Bank_6
"CLASS SHIFTED TO ROOM 9576, COME FAST",Personal,Hard_6
  Your credit card XX9243 statement is ready. Total due: Rs.55857. Min due: Rs.1059. -Axis Bank,Bank,Bank_5
OTP  for delivery of order OD2059263260 is 1664. Share only with the delivery agent. -Delhivery,Delivery,Delivery_9
419614 is your kotak security code. anyone asking for it is a scammer.,OTP,OTP_9
  Your OTP is 685635. Use it to verify your Swiggy account. Expires in 2 min.,OTP,OTP_1
You have 999 reward points expiring on 03 Jul. Redeem on Swiggy.,Promo,Promo_20
209411 is your verification code for BigBasket. Never share your OTP.,OTP,OTP_3
Last day! Amazon clearance sale ends tonight Up to 10% off sitewide,Promo,Promo_8
Missed our shows? Come back to Hotstar at 50% off for 3 months. Resubscribe: bit.ly/HqJzcF,Promo,Promo_19
  Rs.47990 debited from A/c XX6265 on 08-06-26 to Saanvi. Avl Bal: Rs.257736. -Axis Bank,Bank,Bank_0
amazon big billion days! up to 40% off + extra 10% with axis bank cards. hurry!,Promo,Promo_1
Pay Rs.2321 on delivery for order OD599661542. -Ekart,Delivery,Hard_10
delhivery: shipment od8467938335 reached your city hub. expected delivery: 06 jul.,Delivery,Delivery_4
  Cheque no. 235758217240 for Rs.5558 has been cleared from A/c XX2163. -BOB,Bank,Bank_8
Lekha from DTDC is arriving with ur package. Contact: 7072521453,Delivery,Delivery_6
Last day! Myntra clearance sale ends tonight. Up to 10% off sitewide.,Promo,Promo_8
data exhausted? get 3gb extra with rs.1082 booster pack. dial *121# or visit app.,Promo,Promo_11
  OTP for delivery of order OD1752848509 is 5659. Share only with the delivery agent. -DTDC,Delivery,Delivery_9
  Items in your order history are back in stock at Meesho. Prices start Rs.427.,Promo,Promo_23
Rs.94332 credited to A/c XX7674 on 09-06-26. Avl Bal: Rs.459080. -HDFC Bank,Bank,Bank_1
Use 702776 to complete your Myntra registration. Valid till 10 mins.,OTP,OTP_4
Your  Amazon order OD5705479888 has been shipped via XpressBees. Track: bit.ly/QScZwW,Delivery,Delivery_0
UPI payment of Rs.11202 to Yash successful. UPI Ref: 907871090164. -Kotak,Bank,Bank_6
"Hi  Wridesh, unlock Rs.1305 off your first order at Zomato with code NEW38.",Promo,Promo_7
Your Myntra membership expires soon. Renew now & save 70%: bit.ly/Xhmrvs,Promo,Promo_9
992872 is your GPay security code. Anyone asking for it is a scammer.,OTP,OTP_9
UPI  payment of Rs.15357 to Christopher successful. UPI Ref: 960008251040. -BOB,Bank,Bank_6
Pre-approved! Get a BOB credit card with Rs.384646 limit. Zero joining fee. Apply: bit.ly/TwlGUS,Promo,Promo_14
Your one time password is 514125 for Meesho. Please do not share it.,OTP,OTP_5
Beware of fraud calls asking for card details SBI officials never ask for PIN or CVV,Bank,Bank_15
your airtel pack expires tomorrow. recharge with rs.735 for 2gb/day + unlimited calls.,Promo,Promo_10
recharge with rs.63 & get 70% extra talktime. offer valid today only!,Promo,Promo_5
  Convert your BOB card purchase of Rs.1946 into easy EMIs at 0% interest. Reply YES.,Promo,Promo_15
Your SIM will be deactivated in 24hrs. Verify Aadhaar: bit.ly/SGONVf,Spam,Hard_13
Low balance alert: A/c XX1840 balance is Rs.92387. Maintain min balance to avoid charges. -TM,Bank,Bank_10
Use 164391 to complete ur Amazon registration. Valid till 2 mins.,OTP,OTP_4
Your SIM will be deactivated in 24hrs. Verify Aadhaar: bit.ly/rLkRqG,Spam,Hard_13
"Hey, my new number is 3181251725. Save it! Meet at 6pm?",Personal,Hard_4
<#> 259865 is your Uber code Valid 5 min hA8sk2Lqp3,OTP,OTP_13
"HEY, MY NEW NUMBER IS 02627144774. SAVE IT! MEET AT 8?",Personal,Hard_4
953112 is ur OTP for HDFC Bank login. Valid for 30 minutes. Do not share with anyone.,OTP,OTP_0
Dalbir  from DTDC is arriving with your package. Contact: +913492637244,Delivery,Delivery_6
UPI payment of Rs.22543 to Girik successful. UPI Ref: 179208245915. -Axis Bank,Bank,Bank_6
Auto-pay of Rs.10226 to Bhavna is scheduled on 03-07-26 from A/c XX9443. Ensure sufficient balance.,Bank,Bank_13
Enter 522561 to verify your mobile number for Swiggy.,OTP,OTP_10
Rs.62426 credited to A/c XX1373 on 18-01-26. Avl Bal: Rs.391411. -Axis Bank,Bank,Bank_1
OTP for delivery of order OD4723631589 is 9432 Share only with the delivery agent -DTDC,Delivery,Delivery_9
otp: 295517 for txn of rs.47921 at ola. do not share. -bob,OTP,OTP_2
Exclusive for you! Buy 1 Get 1 FREE at Myntra. Limited period offer. Visit bit.ly/AiQOUa,Promo,Promo_3
Delivered! Your Swiggy order OD9420829312 was delivered on 01 Jul. Rate your experience: bit.ly/QJShpt,Delivery,Delivery_2
"Bro send me Rs.389 on gpay, will return by 01 Jul",Personal,Hard_5
Your return pickup for order OD3679088387 is scheduled on 03 Jul Keep the item ready -Zomato,Delivery,Delivery_7
Your order OD7506891838 from BigBasket is arriving tomorrow. Keep Rs.1150 ready for COD.,Delivery,Delivery_3
INR 73637 credited to A/c XX4819 on 25-04-26. Avl Bal: INR 368715. -HDFC Bank,Bank,Bank_1
Coupon 6178 gives you free delivery on orders above Rs.1538. -Flipkart,Promo,Hard_1
Salary of INR 42938 credited to A/c XX2817. Avl Bal: INR 147920. -BOB,Bank,Bank_7
Hungry? Get 50% off up to Rs.558 on your next 3 orders. Code: EAT99. -Zomato,Promo,Promo_12
Flight fares dropped! BOM-PNQ from Rs.577 Book on Goibibo before midnight,Promo,Promo_16
otp: 653730 for txn of rs.33092 at amazon. do not share. -bob,OTP,OTP_2
Radha from XpressBees is arriving with your package. Contact: +910519841897 T&C apply,Delivery,Delivery_6
KYC update pending for A/c XX8373. Please visit ur nearest BOB branch by 03-02-26 to avoid restrictions.,Bank,Bank_12
Convert your Kotak card purchase of INR 1728 into easy EMIs at 0% interest. Reply YES.,Promo,Promo_15
  Swiggy: Free delivery all weekend! Order your favourites now.,Promo,Promo_13
Your Netflix code: 27601,OTP,OTP_8
Rs.17831 credited to A/c XX6738 on 02-01-26. Avl Bal: Rs.117069. -ICICI Bank,Bank,Bank_1
"Never share your OTP, PIN or CVV ICICI Bank never asks for these Stay safe",Bank,Hard_3
KYC update pending for A/c XX8380. Please visit your nearest PNB branch by 28-06-26 to avoid restrictions.,Bank,Bank_12
Your SBI debit card XX7800 has been blocked due to suspicious activity. Visit branch or call 1800-XXX to unblock.,Bank,Bank_11
Your  Uber code: 2649,OTP,Hard_8
30444 is your verification code for bigbasket. never share your otp.,OTP,OTP_3
Your FD of Rs.80234 matures on 21-03-26. Renew or withdraw via netbanking. -Axis Bank,Bank,Bank_14
OUT FOR DELIVERY: YOUR AMAZON PACKAGE OD2421619543 WILL ARRIVE TODAY BY 9 PM. -DTDC,Delivery,Delivery_1
Your SIM will be deactivated in 24hrs. Verify Aadhaar: bit.ly/ZGrdjz -TM,Spam,Hard_13
714421 - use this code to sign in to Uber. Never share it with anyone.,OTP,OTP_7
YOUR SIM WILL BE DEACTIVATED IN 24HRS. VERIFY AADHAAR: BIT.LY/YIWAMN,Spam,Hard_13
ALERT:  Rs.70807 withdrawn from ATM using card XX5445 on 21-02-26. Bal: Rs.111820. -PNB,Bank,Bank_3
IRCTC: Special trains added for festive season. Book early & save up to 40%.,Promo,Promo_17
  704285 is your GPay security code. Anyone asking for it is a scammer.,OTP,OTP_9
807648 is your OTP for Amazon login. Valid for 5 minutes. Do not share with anyone. T&C apply,OTP,OTP_0
"Bro send me INR 2212 on gpay, will return by 02 Jul",Personal,Hard_5
Delhivery: Shipment OD2253140072 reached your city hub Expected delivery: 05 Jul,Delivery,Delivery_4
Your Uber code: 2958,OTP,Hard_8
  Interest of Rs.29531 credited to your FD A/c XX4567. -HDFC Bank,Bank,Bank_9
convert your axis bank card purchase of rs.713 into easy emis at 0% interest. reply yes.,Promo,Promo_15
UPI payment of Rs.75534 to Naksh successful. UPI Ref: 355042039652. -Kotak,Bank,Bank_6
EMI of Rs.14091 due on 29-03-26 for loan A/c XX7604 Pay now to avoid charges -ICICI Bank,Bank,Bank_4
Last day! Swiggy clearance sale ends tonight. Up to 40% off sitewide.,Promo,Promo_8
Missed our shows? Come back to Prime Video at 50% off for 3 months. Resubscribe: bit.ly/FswLKz,Promo,Promo_19
  Your Swiggy code: 173271,OTP,OTP_8
297367 is your OTP for Paytm login. Valid for 15 minutes. Do not share with anyone.,OTP,OTP_0
Your order OD2921328364 from Myntra is arriving tomorrow. Keep Rs.2034 ready for COD.,Delivery,Delivery_3
Your return pickup for order OD7898191895 is scheduled on 02 Jul. Keep the item ready. -Meesho,Delivery,Delivery_7
Out for delivery: Your Meesho package OD8398788318 will arrive today by 12 PM. -DTDC T&C apply,Delivery,Delivery_1
Ur Myntra order OD6687333595 has been shipped via XpressBees. Track: bit.ly/KnpxvD,Delivery,Delivery_0
Your FD of Rs.13427 matures on 04-04-26 Renew or withdraw via netbanking -SBI,Bank,Bank_14
Exclusive for you! Buy 1 Get 1 FREE at Zomato Limited period offer Visit bitly/SfawpR,Promo,Promo_3
Your  one time password is 618409 for BOB. Please do not share it.,OTP,OTP_5
Exclusive for you! Buy 1 Get 1 FREE at Flipkart. Limited period offer. Visit bit.ly/nKpVjf,Promo,Promo_3
Your  BOB debit card XX8871 has been blocked due to suspicious activity. Visit branch or call 1800-XXX to unblock.,Bank,Bank_11
WARJAS FROM DTDC IS ARRIVING WITH YOUR PACKAGE. CONTACT: +915225357811,Delivery,Delivery_6
  Cheque no. 954806084789 for Rs.44262 has been cleared from A/c XX4906. -PNB,Bank,Bank_8
Your Axis Bank debit card XX2532 has been blocked due to suspicious activity. Visit branch or call 1800-XXX to unblock. STOP to opt out,Bank,Bank_11
Rs.10862 debited from A/c XX2829 on 20-03-26 to Vasatika. Avl Bal: Rs.409908. -PNB,Bank,Bank_0
HUNGRY? GET 70% OFF UP TO RS.1034 ON YOUR NEXT 3 ORDERS. CODE: EAT62. -SWIGGY,Promo,Promo_12
Confirmation code 376159 for BOB. Keep it private.,OTP,OTP_11
DTDC: SHIPMENT OD9141694346 REACHED YOUR CITY HUB. EXPECTED DELIVERY: 05 JUL.,Delivery,Delivery_4
Low balance alert: A/c XX7314 balance is Rs.328218. Maintain min balance to avoid charges.,Bank,Bank_10
Delivered! Ur Amazon order OD4094714244 was delivered on 02 Jul. Rate ur experience: bit.ly/OQASVS,Delivery,Delivery_2
Pay Rs.2201 on delivery for order OD387445286. -Delhivery,Delivery,Hard_10
confirmation code 97826 for kotak. keep it private.,OTP,OTP_11
  Hungry? Get 70% off up to Rs.1017 on your next 3 orders. Code: EAT30. -Swiggy,Promo,Promo_12
Ur Flipkart order OD6767668605 has been shipped via Ekart. Track: bit.ly/aObQfm,Delivery,Delivery_0
Your  Zomato code: 101139,OTP,OTP_8
Convert your PNB card purchase of Rs.1790 into easy EMIs at 0% interest Reply YES,Promo,Promo_15
Congratulations! You won Rs.2434891 in lucky draw. Claim: bit.ly/vRRDsQ,Spam,Hard_12
Recharge with Rs.140 & get 50% extra talktime. Offer valid today only!,Promo,Promo_5
Exclusive for you! Buy 1 Get 1 FREE at Myntra. Limited period offer. Visit bit.ly/qaOYVU STOP to opt out,Promo,Promo_3
Your return pickup for order OD6630171992 is scheduled on 04 Jul. Keep the item ready. -Zomato,Delivery,Delivery_7
cheque no. 507980592398 for rs.1903 has been cleared from a/c xx3640. -icici bank,Bank,Bank_8
Your return pickup for order OD1243434453 is scheduled on 04 Jul. Keep the item ready. -Myntra,Delivery,Delivery_7
619374 is your HDFC Bank security code. Anyone asking for it is a scammer.,OTP,OTP_9
Ur SIM will be deactivated in 24hrs. Verify Aadhaar: bit.ly/RIpwtP,Spam,Hard_13
Your Amazon code: 511578,OTP,OTP_8
Your Uber code: 8944,OTP,Hard_8
Weekend special at Amazon! Min 70% off on everything. Don't miss out: bit.ly/VIfByy,Promo,Promo_6
Hotstar: 433058 is your login OTP. It expires in 5 minutes.,OTP,OTP_6
"Class shifted to room 6378, come fast",Personal,Hard_6
Salary of Rs.15961 credited to A/c XX8472. Avl Bal: Rs.25931. -PNB,Bank,Bank_7
297633 - use this code to sign in to PNB. Never share it with anyone.,OTP,OTP_7
last day! bigbasket clearance sale ends tonight. up to 70% off sitewide.,Promo,Promo_8
  DTDC: Shipment OD6123027127 reached your city hub. Expected delivery: 06 Jul.,Delivery,Delivery_4
EMI of INR 97462 due on 28-01-26 for loan A/c XX9622. Pay now to avoid charges. -BOB,Bank,Bank_4
Your Axis Bank debit card XX2197 has been blocked due to suspicious activity. Visit branch or call 1800-XXX to unblock.,Bank,Bank_11
Jason from Delhivery is arriving with your package. Contact: 03784638009,Delivery,Delivery_6
  Your OTP is 566340. Use it to verify your Hotstar account. Expires in 5 min.,OTP,OTP_1
UPI payment of Rs.7293 to Raagini successful. UPI Ref: 937072075436. -Axis Bank,Bank,Bank_6
COUPON 3153 GIVES YOU FREE DELIVERY ON ORDERS ABOVE RS.696. -MEESHO,Promo,Hard_1
Your Flipkart order OD8445216363 has been shipped via Ekart Track: bitly/vlEvbu,Delivery,Delivery_0
Order OD2311017535 packed and ready! Expected dispatch by 02 Jul. -Zomato,Delivery,Delivery_8
208284 is your OTP for Zomato login. Valid for 15 minutes. Do not share with anyone.,OTP,OTP_0
G-129801 is your Google verification code.,OTP,OTP_12
  Auto-pay of Rs.47178 to Girish is scheduled on 31-01-26 from A/c XX3596. Ensure sufficient balance.,Bank,Bank_13
Recharge with Rs.679 & get 20% extra talktime. Offer valid today only!,Promo,Promo_5
  Delivered! Your Myntra order OD8934623685 was delivered on 04 Jul. Rate your experience: bit.ly/UMglpU,Delivery,Delivery_2
EMI of Rs.77026 due on 01-06-26 for loan A/c XX3538. Pay now to avoid charges. -ICICI Bank,Bank,Bank_4
  Your FD of Rs.51004 matures on 05-06-26. Renew or withdraw via netbanking. -HDFC Bank,Bank,Bank_14
your account statement for august is available. download from the sbi app.,Bank,Bank_16
Last day! Meesho clearance sale ends tonight Up to 70% off sitewide,Promo,Promo_8
OTP  for delivery of order OD8419780138 is 3849. Share only with the delivery agent. -Ekart,Delivery,Delivery_9
flat rs.1095 cashback on your next order at zomato. use code save83. valid till 05 jul.,Promo,Promo_2
OTP-based login was enabled for your A/c XX2652. Call PNB if this wasn't you.,Bank,Hard_2
510203 - USE THIS CODE TO SIGN IN TO BOB. NEVER SHARE IT WITH ANYONE.,OTP,OTP_7
Your account statement for June is available. Download from the BOB app.,Bank,Bank_16
Your  Meesho order OD5209774174 has been shipped via Delhivery. Track: bit.ly/tONWaJ,Delivery,Delivery_0
beware of fraud calls asking for card details. bob officials never ask for pin or cvv.,Bank,Bank_15
G-77049 is your Google verification code.,OTP,OTP_12
Auto-pay of Rs.11889 to Warhi is scheduled on 15-02-26 from A/c XX1817. Ensure sufficient balance.,Bank,Bank_13
Myntra Big Billion Days! Up to 20% off + extra 10% with PNB cards. Hurry!,Promo,Promo_1
Shivansh from Ekart is arriving with your package. Contact: 05927223307 -TM,Delivery,Delivery_6
Ur BigBasket code: 342492,OTP,OTP_8
YOUR UBER CODE: 5662,OTP,Hard_8
Rs.87892 credited to A/c XX1258 on 02-04-26. Avl Bal: Rs.119506. -ICICI Bank,Bank,Bank_1
Work from home! Earn Rs.1210032/month Join: bitly/gZLrjj,Spam,Hard_14
Salary of Rs.51330 credited to A/c XX1452. Avl Bal: Rs.2946. -Kotak,Bank,Bank_7
low balance alert: a/c xx4451 balance is rs.154227. maintain min balance to avoid charges.,Bank,Bank_10
Auto-pay  of Rs.33593 to Hemang is scheduled on 05-02-26 from A/c XX6054. Ensure sufficient balance.,Bank,Bank_13
EMI  of Rs.43556 due on 21-06-26 for loan A/c XX1298. Pay now to avoid charges. -SBI,Bank,Bank_4
G-522022 is your Google verification code.,OTP,OTP_12
Delivered! Your BigBasket order OD9956561560 was delivered on 02 Jul. Rate your experience: bit.ly/lhALaB,Delivery,Delivery_2
pre-approved! get a sbi credit card with rs.450176 limit. zero joining fee. apply: bit.ly/ggfjna,Promo,Promo_14
Your account statement for August is available Download from the Kotak app,Bank,Bank_16
YOUR CREDIT CARD XX2632 STATEMENT IS READY. TOTAL DUE: RS.50547. MIN DUE: RS.4365. -AXIS BANK,Bank,Bank_5
Hungry? Get 70% off up to INR 184 on your next 3 orders. Code: EAT39. -Zomato,Promo,Promo_12
Interest of Rs.75688 credited to your FD A/c XX9945. -Axis Bank,Bank,Bank_9
CHASMUM FROM DELHIVERY IS ARRIVING WITH YOUR PACKAGE. CONTACT: +917618852713,Delivery,Delivery_6
Enter 880676 to verify your mobile number for HDFC Bank.,OTP,OTP_10
delivered! your bigbasket order od8424342846 was delivered on 02 jul. rate your experience: bit.ly/byfazi,Delivery,Delivery_2
<#> 688388 is ur SBI code. Valid 5 min. hA8sk2Lqp3,OTP,OTP_13
delivery attempt failed for order od2549469475. we will retry tomorrow. -xpressbees,Delivery,Delivery_5
"Bro send me INR 1799 on gpay, will return by 05 Jul",Personal,Hard_5
"Your Axis Bank health insurance renewal is due 05 Jul. Renew online, save 50% on premium.",Promo,Promo_24
Interest of Rs.84819 credited to your FD A/c XX2662. -SBI,Bank,Bank_9
Out for delivery: Your Flipkart package OD1321375257 will arrive today by 6 PM. -XpressBees,Delivery,Delivery_1
YOUR OTP IS 461836. USE IT TO VERIFY YOUR AMAZON ACCOUNT. EXPIRES IN 2 MIN.,OTP,OTP_1
  Rs.1193 cashback credited to your Amazon Pay wallet. Use on your next order.,Promo,Promo_21
Use 557379 to complete your Hotstar registration Valid till 15 mins,OTP,OTP_4
  Pre-approved! Get a PNB credit card with Rs.217721 limit. Zero joining fee. Apply: bit.ly/bBOIot,Promo,Promo_14
Flipkart: Your cart misses you! Complete purchase now & get 70% off. bit.ly/pJbAwi,Promo,Promo_4
items in your order history are back in stock at amazon. prices start rs.1958.,Promo,Promo_23
Flat Rs.495 cashback on your next order at Meesho. Use code SAVE68. Valid till 02 Jul.,Promo,Promo_2
Missed our shows? Come back to Prime Video at 50% off for 3 months. Resubscribe: bit.ly/lqRYhN,Promo,Promo_19
Myntra: 649037 is your login OTP. It expires in 10 minutes.,OTP,OTP_6
Dear customer ur Kotak account will be blocked! Update KYC now: bit.ly/SzPoYO,Spam,Hard_11
Ur OTP is 285519. Use it to verify ur PhonePe account. Expires in 15 min.,OTP,OTP_1
Swiggy Big Billion Days! Up to 40% off + extra 10% with PNB cards. Hurry!,Promo,Promo_1
525935 - use this to sign in. Never share this code with anyone.,OTP,Hard_7
"Hi Chakrika, unlock Rs.166 off your first order at Swiggy with code NEW67.",Promo,Promo_7
BlueDart: Shipment OD2596537749 reached your city hub. Expected delivery: 04 Jul.,Delivery,Delivery_4
UPI payment of Rs.3562 to Samaksh successful. UPI Ref: 256575273895. -HDFC Bank,Bank,Bank_6
OTP for delivery of order OD7070793960 is 1632. Share only with the delivery agent. -BlueDart,Delivery,Delivery_9
Last day! Swiggy clearance sale ends tonight. Up to 60% off sitewide.,Promo,Promo_8
Your Meesho order OD8994467886 has been shipped via BlueDart. Track: bit.ly/FrAxqa,Delivery,Delivery_0
UPI payment of Rs.11791 to Nikita successful. UPI Ref: 543886159164. -HDFC Bank,Bank,Bank_6
otp-based login was enabled for your a/c xx5702. call hdfc bank if this wasn't you.,Bank,Hard_2
Your Vi pack expires tomorrow. Recharge with Rs.955 for 3GB/day + unlimited calls.,Promo,Promo_10
  OTP: 34296 for txn of Rs.40486 at Hotstar. Do not share. -ICICI Bank,OTP,OTP_2
Rs.1046  cashback credited to your Amazon Pay wallet. Use on your next order.,Promo,Promo_21
mega sale! get 80% off on all products at meesho. shop now: bit.ly/dynkch t&c apply.,Promo,Promo_0
UPI  payment of Rs.11100 to Mitali successful. UPI Ref: 318348091516. -SBI,Bank,Bank_6
Recharge with Rs.395 & get 80% extra talktime. Offer valid today only!,Promo,Promo_5
SALARY OF RS.11305 CREDITED TO A/C XX8264. AVL BAL: RS.430755. -KOTAK,Bank,Bank_7
484108 is your verification code for zomato. never share your otp.,OTP,OTP_3
OTP: 722069 for txn of INR 40175 at BOB. Do not share. -ICICI Bank,OTP,OTP_2
Meesho: Your cart misses you! Complete purchase now & get 70% off. bit.ly/HbipWE,Promo,Promo_4
Confirmation code 734967 for BOB. Keep it private.,OTP,OTP_11
Enter 310834 to verify your mobile number for Paytm.,OTP,OTP_10
307365 - use this code to sign in to BOB Never share it with anyone,OTP,OTP_7
Coupon 5848 gives you free delivery on orders above INR 265. -Flipkart,Promo,Hard_1
Use  105627 to complete your Ola registration. Valid till 30 mins.,OTP,OTP_4
pay rs.762 on delivery for order od423730611. -ekart,Delivery,Hard_10
Zomato: Free delivery all weekend! Order your favourites now.,Promo,Promo_13
YOUR FD OF RS.55663 MATURES ON 29-03-26. RENEW OR WITHDRAW VIA NETBANKING. -KOTAK,Bank,Bank_14
Beware of fraud calls asking for card details. SBI officials never ask for PIN or CVV.,Bank,Bank_15
BigBasket Big Billion Days! Up to 80% off + extra 10% with SBI cards. Hurry!,Promo,Promo_1
Beware of fraud calls asking for card details. BOB officials never ask for PIN or CVV.,Bank,Bank_15
interest of rs.97143 credited to your fd a/c xx5279. -hdfc bank,Bank,Bank_9
Your account statement for August is available Download from the HDFC Bank app,Bank,Bank_16
704413 - use this code to sign in to BOB. Never share it with anyone.,OTP,OTP_7
IRCTC: Special trains added for festive season. Book early & save up to 60%.,Promo,Promo_17
Your Zomato membership expires soon. Renew now & save 20%: bit.ly/GbBGev,Promo,Promo_9
  Congratulations! You won Rs.1489688 in lucky draw. Claim: bit.ly/zMqzda,Spam,Hard_12
<#> 996718 is your PNB code. Valid 10 min. hA8sk2Lqp3,OTP,OTP_13
OTP for delivery of order OD3782049309 is 5196. Share only with the delivery agent. -Delhivery,Delivery,Delivery_9
  You have 2742 reward points expiring on 01 Jul. Redeem on Amazon.,Promo,Promo_20
Your  FD of Rs.86664 matures on 29-06-26. Renew or withdraw via netbanking. -HDFC Bank,Bank,Bank_14
YOUR SBI CODE: 254866,OTP,OTP_8
Ur account statement for August is available. Download from the ICICI Bank app.,Bank,Bank_16
<#> 259529 is your Flipkart code. Valid 15 min. hA8sk2Lqp3 STOP to opt out,OTP,OTP_13
Work from home! Earn Rs.647257/month. Join: bit.ly/BwWpWx,Spam,Hard_14
Benjamin from Ekart is arriving with ur package. Contact: 08940043904,Delivery,Delivery_6
Rs.1797 cashback credited to ur Amazon Pay wallet. Use on ur next order.,Promo,Promo_21
Your  credit card XX6609 statement is ready. Total due: Rs.467. Min due: Rs.3185. -BOB,Bank,Bank_5
EKART: SHIPMENT OD8078015220 REACHED YOUR CITY HUB. EXPECTED DELIVERY: 05 JUL.,Delivery,Delivery_4
Items in your order history are back in stock at Flipkart. Prices start INR 351.,Promo,Promo_23
"Hi Unni, unlock Rs.1789 off your first order at Amazon with code NEW10.",Promo,Promo_7
BOB: 767418 is ur login OTP. It expires in 10 minutes.,OTP,OTP_6
PRE-APPROVED! GET A SBI CREDIT CARD WITH RS.92501 LIMIT. ZERO JOINING FEE. APPLY: BIT.LY/PNSQBR,Promo,Promo_14
<#> 768703 IS YOUR OLA CODE. VALID 10 MIN. HA8SK2LQP3,OTP,OTP_13
IRCTC: Special trains added for festive season. Book early & save up to 30%.,Promo,Promo_17
YOUR CREDIT CARD XX5327 STATEMENT IS READY. TOTAL DUE: RS.70456. MIN DUE: RS.4940. -BOB,Bank,Bank_5
RECHARGE WITH RS.237 & GET 60% EXTRA TALKTIME. OFFER VALID TODAY ONLY!,Promo,Promo_5
Your credit card XX9447 statement is ready. Total due: Rs.79138. Min due: Rs.2100. -BOB,Bank,Bank_5
coupon 9163 gives you free delivery on orders above rs.3415. -bigbasket,Promo,Hard_1
"Your ICICI Bank health insurance renewal is due 06 Jul. Renew online, save 20% on premium.",Promo,Promo_24
Order OD7798109862 packed and ready! Expected dispatch by 03 Jul. -Swiggy,Delivery,Delivery_8
Confirmation code 952143 for Myntra. Keep it private.,OTP,OTP_11
Data exhausted? Get 2GB extra with Rs.898 booster pack. Dial *121# or visit app.,Promo,Promo_11
Out for delivery: Your Zomato package OD1657734687 will arrive today by 6 PM. -DTDC,Delivery,Delivery_1
Enter 875496 to verify your mobile number for Ola.,OTP,OTP_10
Your  order OD4782404097 from BigBasket is arriving tomorrow. Keep Rs.1256 ready for COD.,Delivery,Delivery_3
Enter 876277 to verify your mobile number for Kotak.,OTP,OTP_10
CONFIRMATION CODE 231336 FOR KOTAK. KEEP IT PRIVATE.,OTP,OTP_11
YOUR MYNTRA ORDER OD8363444353 HAS BEEN SHIPPED VIA DTDC. TRACK: BIT.LY/LYJZJF,Delivery,Delivery_0
408359 - USE THIS TO SIGN IN. NEVER SHARE THIS CODE WITH ANYONE.,OTP,Hard_7
Missed our shows? Come back to Prime Video at 50% off for 3 months. Resubscribe: bit.ly/wXUbFb,Promo,Promo_19
Your FD of Rs.91407 matures on 25-02-26 Renew or withdraw via netbanking -Axis Bank,Bank,Bank_14
Delivery attempt failed for order OD3875804927. We will retry tomorrow. -Delhivery,Delivery,Delivery_5
SALARY OF RS.44848 CREDITED TO A/C XX4161. AVL BAL: RS.31803. -KOTAK,Bank,Bank_7
Pay Rs.267 on delivery for order OD932175037. -Delhivery,Delivery,Hard_10
Your A/c XX8097 is debited with INR 51631 on 22-03-26. Info: UPI-Rayaan. Bal: INR 340104,Bank,Bank_2
COUPON 3974 GIVES YOU FREE DELIVERY ON ORDERS ABOVE RS.1083. -MEESHO,Promo,Hard_1
CONVERT YOUR HDFC BANK CARD PURCHASE OF RS.1481 INTO EASY EMIS AT 0% INTEREST. REPLY YES.,Promo,Promo_15
  ALERT: Rs.23639 withdrawn from ATM using card XX2360 on 13-06-26. Bal: Rs.454747. -Axis Bank,Bank,Bank_3
Missed our shows? Come back to Netflix at 50% off for 3 months. Resubscribe: bit.ly/FlNJnH,Promo,Promo_19
XpressBees: Shipment OD5841474272 reached your city hub. Expected delivery: 02 Jul.,Delivery,Delivery_4
Your account statement for July is available. Download from the PNB app.,Bank,Bank_16
  Ekart: Shipment OD3529491640 reached your city hub. Expected delivery: 05 Jul.,Delivery,Delivery_4
  KYC update pending for A/c XX8111. Please visit your nearest Kotak branch by 08-04-26 to avoid restrictions.,Bank,Bank_12
use 325508 to complete your bob registration. valid till 5 mins.,OTP,OTP_4
Ekart: Shipment OD1140081895 reached your city hub. Expected delivery: 06 Jul.,Delivery,Delivery_4
"Class shifted to room 3705, come fast",Personal,Hard_6
Your OTP is 905668. Use it to verify your IRCTC account. Expires in 10 min. STOP to opt out,OTP,OTP_1
Work from home! Earn Rs.1219295/month Join: bitly/fUrNOB,Spam,Hard_14
UPI payment of Rs.70247 to Saumya successful. UPI Ref: 147639161105. -PNB,Bank,Bank_6
OTP FOR DELIVERY OF ORDER OD6546138922 IS 8733. SHARE ONLY WITH THE DELIVERY AGENT. -DTDC,Delivery,Delivery_9
KYC update pending for A/c XX9254. Please visit your nearest HDFC Bank branch by 24-01-26 to avoid restrictions.,Bank,Bank_12
Zomato: Free delivery all weekend! Order your favourites now.,Promo,Promo_13
Your BigBasket membership expires soon. Renew now & save 60%: bit.ly/fbpGhq STOP to opt out,Promo,Promo_9
Your  credit card XX3960 statement is ready. Total due: Rs.91038. Min due: Rs.4614. -PNB,Bank,Bank_5
OTP for delivery of order OD5100545233 is 7288. Share only with the delivery agent. -XpressBees,Delivery,Delivery_9
Your Uber code: 8889,OTP,Hard_8
Rs.1413 cashback credited to your Amazon Pay wallet. Use on your next order. -TM,Promo,Promo_21
OTP: 959207 for txn of Rs.39423 at Zomato. Do not share. -SBI,OTP,OTP_2
Rs.26484 debited from A/c XX8492 on 15-03-26 to Harita. Avl Bal: Rs.60171. -PNB,Bank,Bank_0
Your SonyLIV plan renews on 04 Jul at INR 1718. Upgrade to 4K for INR 720/month.,Promo,Promo_18
Ur Kotak debit card XX3007 has been blocked due to suspicious activity. Visit branch or call 1800-XXX to unblock.,Bank,Bank_11
Coupon 5459 gives you free delivery on orders above Rs.778. -Myntra,Promo,Hard_1
Your credit card XX4097 statement is ready. Total due: Rs.49776. Min due: Rs.1629. -Kotak,Bank,Bank_5
Your FD of Rs.24616 matures on 26-02-26. Renew or withdraw via netbanking. -Kotak STOP to opt out,Bank,Bank_14
Work from home! Earn Rs.1240894/month Join: bitly/oJfuWo,Spam,Hard_14
Your order OD6603160954 from Meesho is arriving tomorrow Keep Rs.4706 ready for COD,Delivery,Delivery_3
kyc update pending for a/c xx9574. please visit your nearest pnb branch by 09-02-26 to avoid restrictions.,Bank,Bank_12
BlueDart: Shipment OD9171572518 reached your city hub. Expected delivery: 06 Jul.,Delivery,Delivery_4
Your  A/c XX7418 is debited with Rs.54073 on 25-01-26. Info: UPI-Dhriti. Bal: Rs.415095,Bank,Bank_2
Myntra Big Billion Days! Up to 20% off + extra 10% with ICICI Bank cards. Hurry!,Promo,Promo_1
MYNTRA: YOUR CART MISSES YOU! COMPLETE PURCHASE NOW & GET 40% OFF. BIT.LY/YJBNFK,Promo,Promo_4
"BRO SEND ME RS.4959 ON GPAY, WILL RETURN BY 04 JUL",Personal,Hard_5
your credit card xx3318 statement is ready. total due: rs.48749. min due: rs.4914. -icici bank,Bank,Bank_5
DELIVERED! YOUR MYNTRA ORDER OD3547849742 WAS DELIVERED ON 03 JUL. RATE YOUR EXPERIENCE: BIT.LY/WDAAER,Delivery,Delivery_2
Your OTP is 726383. Use it to verify your GPay account. Expires in 30 min.,OTP,OTP_1
Delivery attempt failed for order OD6795719368. We will retry tomorrow. -Ekart,Delivery,Delivery_5
"Class shifted to room 5081, come fast",Personal,Hard_6
Your return pickup for order OD1061620698 is scheduled on 03 Jul. Keep the item ready. -Flipkart,Delivery,Delivery_7
Your  one time password is 23424 for PNB. Please do not share it.,OTP,OTP_5
BOB: 38324 is your login OTP. It expires in 30 minutes.,OTP,OTP_6
Pay Rs.396 on delivery for order OD545217859. -DTDC,Delivery,Hard_10
Congratulations! You won Rs.2356554 in lucky draw. Claim: bit.ly/BvMNrI,Spam,Hard_12
Your Hotstar code: 280468,OTP,OTP_8
Out for delivery: Your Meesho package OD8570203170 will arrive today by 9 PM. -BlueDart T&C apply,Delivery,Delivery_1
Salary of Rs.35330 credited to A/c XX6064. Avl Bal: Rs.487840. -ICICI Bank,Bank,Bank_7
Auto-pay of Rs.89458 to Zayyan is scheduled on 02-04-26 from A/c XX5718. Ensure sufficient balance.,Bank,Bank_13
OTP for delivery of order OD7562571199 is 9106. Share only with the delivery agent. -XpressBees,Delivery,Delivery_9
G-335459 is ur Google verification code.,OTP,OTP_12
Ekart: Shipment OD2340225409 reached your city hub. Expected delivery: 01 Jul. -TM,Delivery,Delivery_4
OTP: 147513 for txn of Rs.49157 at HDFC Bank. Do not share. -ICICI Bank,OTP,OTP_2
  Out for delivery: Your Swiggy package OD2022527059 will arrive today by 9 PM. -XpressBees,Delivery,Delivery_1
Recharge with Rs.1588 & get 70% extra talktime. Offer valid today only!,Promo,Promo_5
Rs.12696 credited to A/c XX6802 on 30-04-26. Avl Bal: Rs.88753. -Axis Bank,Bank,Bank_1
Low balance alert: A/c XX5519 balance is Rs.79254. Maintain min balance to avoid charges.,Bank,Bank_10
EXCLUSIVE FOR YOU! BUY 1 GET 1 FREE AT BIGBASKET. LIMITED PERIOD OFFER. VISIT BIT.LY/QNCOTU,Promo,Promo_3
OTP for delivery of order OD2698756102 is 4005. Share only with the delivery agent. -Ekart,Delivery,Delivery_9
OTP FOR DELIVERY OF ORDER OD1422390065 IS 7682. SHARE ONLY WITH THE DELIVERY AGENT. -BLUEDART,Delivery,Delivery_9
865138  is your verification code for Swiggy. Never share your OTP.,OTP,OTP_3
Your Meesho order OD7630032416 has been shipped via DTDC. Track: bit.ly/ffTcXP,Delivery,Delivery_0
Last  day! Swiggy clearance sale ends tonight. Up to 80% off sitewide.,Promo,Promo_8
Flat  Rs.1403 cashback on your next order at Myntra. Use code SAVE44. Valid till 06 Jul.,Promo,Promo_2
Ur OTP is 716925. Use it to verify ur IRCTC account. Expires in 15 min.,OTP,OTP_1
Your OTP is 524392. Use it to verify your IRCTC account. Expires in 2 min.,OTP,OTP_1
CHEQUE NO. 828450545500 FOR RS.83599 HAS BEEN CLEARED FROM A/C XX3299. -ICICI BANK,Bank,Bank_8
Your PNB debit card XX2329 has been blocked due to suspicious activity. Visit branch or call 1800-XXX to unblock.,Bank,Bank_11
out for delivery: your meesho package od1425304959 will arrive today by 9 pm. -xpressbees,Delivery,Delivery_1
OTP: 495311 for txn of Rs.30917 at IRCTC. Do not share. -SBI,OTP,OTP_2
ALERT: Rs.90589 withdrawn from ATM using card XX5376 on 30-06-26. Bal: Rs.245144. -ICICI Bank,Bank,Bank_3
"Never share your OTP, PIN or CVV PNB never asks for these Stay safe",Bank,Hard_3
Convert your Axis Bank card purchase of Rs.355 into easy EMIs at 0% interest. Reply YES.,Promo,Promo_15
Your return pickup for order OD6991223808 is scheduled on 01 Jul. Keep the item ready. -Myntra,Delivery,Delivery_7
Your FD of Rs.72412 matures on 02-02-26. Renew or withdraw via netbanking. -HDFC Bank,Bank,Bank_14
Your Hotstar plan renews on 05 Jul at Rs.575. Upgrade to 4K for Rs.863/month.,Promo,Promo_18
BLUEDART: SHIPMENT OD1205281891 REACHED YOUR CITY HUB. EXPECTED DELIVERY: 03 JUL.,Delivery,Delivery_4
"Class  shifted to room 9879, come fast",Personal,Hard_6
Rs.229 cashback credited to ur PhonePe wallet. Use on ur next order.,Promo,Promo_21
Flat  Rs.132 cashback on your next order at Amazon. Use code SAVE68. Valid till 03 Jul.,Promo,Promo_2
Pre-approved! Get a BOB credit card with Rs.352614 limit. Zero joining fee. Apply: bit.ly/FqGykZ,Promo,Promo_14
Tap to verify: 300388. This code expires shortly.,OTP,Hard_9
EMI of Rs.53912 due on 04-03-26 for loan A/c XX8145. Pay now to avoid charges. -ICICI Bank,Bank,Bank_4
"never share your otp, pin or cvv. bob never asks for these. stay safe.",Bank,Hard_3
Your one time password is 377891 for Uber. Please do not share it.,OTP,OTP_5
Interest of Rs.65190 credited to ur FD A/c XX1288. -HDFC Bank,Bank,Bank_9
OTP-BASED LOGIN WAS ENABLED FOR YOUR A/C XX1170. CALL SBI IF THIS WASN'T YOU.,Bank,Hard_2
KYC update pending for A/c XX4115. Please visit your nearest Axis Bank branch by 22-02-26 to avoid restrictions.,Bank,Bank_12
Use code 2559 at checkout for 50% off at BigBasket!,Promo,Hard_0
Your account statement for August is available. Download from the ICICI Bank app. STOP to opt out,Bank,Bank_16
IRCTC: Special trains added for festive season. Book early & save up to 10%.,Promo,Promo_17
IRCTC: Special trains added for festive season. Book early & save up to 80%.,Promo,Promo_17
PhonePe: 668051 is your login OTP. It expires in 15 minutes. STOP to opt out,OTP,OTP_6
Low balance alert: A/c XX9604 balance is Rs.129692. Maintain min balance to avoid charges.,Bank,Bank_10
Salary of Rs.56458 credited to A/c XX3550. Avl Bal: Rs.371680. -BOB,Bank,Bank_7
Cheque no. 783982101476 for Rs.72594 has been cleared from A/c XX8281. -PNB,Bank,Bank_8
Delivered! Your Swiggy order OD9290785410 was delivered on 02 Jul. Rate your experience: bit.ly/MDKpWw,Delivery,Delivery_2
OTP: 106918 for txn of Rs.36324 at PhonePe. Do not share. -ICICI Bank,OTP,OTP_2
items in your order history are back in stock at swiggy. prices start rs.1861.,Promo,Promo_23
Recharge with Rs.1295 & get 40% extra talktime. Offer valid today only!,Promo,Promo_5
"Hey, my new number is +911603844687. Save it! Meet at 8?",Personal,Hard_4
Out for delivery: Your Meesho package OD8466276540 will arrive today by 9 PM. -BlueDart,Delivery,Delivery_1
EXCLUSIVE FOR YOU! BUY 1 GET 1 FREE AT FLIPKART. LIMITED PERIOD OFFER. VISIT BIT.LY/XHNABK,Promo,Promo_3
<#> 235686 is your Paytm code. Valid 30 min. hA8sk2Lqp3,OTP,OTP_13
Your OTP is 574173. Use it to verify your Flipkart account. Expires in 5 min.,OTP,OTP_1
Low  balance alert: A/c XX2777 balance is Rs.287374. Maintain min balance to avoid charges.,Bank,Bank_10
30728  is your OTP for Amazon login. Valid for 15 minutes. Do not share with anyone.,OTP,OTP_0
OTP: 92670 for txn of Rs.42653 at BOB. Do not share. -Kotak,OTP,OTP_2
You have 4629 reward points expiring on 05 Jul. Redeem on Meesho.,Promo,Promo_20
Enter 121454 to verify your mobile number for PNB.,OTP,OTP_10
G-78502 IS YOUR GOOGLE VERIFICATION CODE.,OTP,OTP_12
RECHARGE WITH RS.1363 & GET 50% EXTRA TALKTIME. OFFER VALID TODAY ONLY!,Promo,Promo_5
ALERT: RS.83859 WITHDRAWN FROM ATM USING CARD XX5407 ON 18-02-26. BAL: RS.349787. -AXIS BANK,Bank,Bank_3
Use 874030 to complete your GPay registration. Valid till 15 mins.,OTP,OTP_4
OTP: 293106 for txn of Rs.14982 at Kotak. Do not share. -PNB,OTP,OTP_2
EMI of Rs.40336 due on 16-06-26 for loan A/c XX3242. Pay now to avoid charges. -Axis Bank T&C apply,Bank,Bank_4
"Class shifted to room 7426, come fast",Personal,Hard_6
Your A/c XX2972 is debited with Rs.62437 on 23-01-26. Info: UPI-Niharika. Bal: Rs.100068,Bank,Bank_2
ALERT: Rs.48329 withdrawn from ATM using card XX9961 on 06-04-26. Bal: Rs.341360. -BOB,Bank,Bank_3
Interest of Rs.51604 credited to your FD A/c XX3717 -Kotak,Bank,Bank_9
ICICI Bank: 910513 is your login OTP. It expires in 5 minutes. STOP to opt out,OTP,OTP_6
Flat Rs.1362 cashback on your next order at Zomato. Use code SAVE36. Valid till 06 Jul.,Promo,Promo_2
Missed our shows? Come back to Hotstar at 50% off for 3 months. Resubscribe: bit.ly/YtyqVF,Promo,Promo_19
Myntra: 973303 is your login OTP. It expires in 2 minutes. -TM,OTP,OTP_6
Low balance alert: A/c XX8238 balance is Rs.4895 Maintain min balance to avoid charges,Bank,Bank_10
Order OD3458070395 packed and ready! Expected dispatch by 06 Jul. -Zomato,Delivery,Delivery_8
MEGA SALE! Get 30% OFF on all products at Zomato Shop now: bitly/vNrpFb T&C apply,Promo,Promo_0
BigBasket: Your cart misses you! Complete purchase now & get 70% off. bit.ly/gbmBAo,Promo,Promo_4
Rs.23785 debited from A/c XX1117 on 29-01-26 to Advika. Avl Bal: Rs.325706. -PNB,Bank,Bank_0
Data exhausted? Get 3GB extra with Rs.819 booster pack. Dial *121# or visit app.,Promo,Promo_11
"Your  Kotak health insurance renewal is due 03 Jul. Renew online, save 60% on premium.",Promo,Promo_24
  Data exhausted? Get 1GB extra with Rs.605 booster pack. Dial *121# or visit app.,Promo,Promo_11
ALERT:  Rs.19533 withdrawn from ATM using card XX2488 on 10-02-26. Bal: Rs.3666. -HDFC Bank,Bank,Bank_3
ALERT: Rs.88646 withdrawn from ATM using card XX4438 on 28-04-26. Bal: Rs.44841. -PNB,Bank,Bank_3
g-979546 is your google verification code.,OTP,OTP_12
Beware of fraud calls asking for card details. SBI officials never ask for PIN or CVV.,Bank,Bank_15
"Class shifted to room 8120, come fast",Personal,Hard_6
  Meesho Big Billion Days! Up to 80% off + extra 10% with Kotak cards. Hurry!,Promo,Promo_1
Your SIM will be deactivated in 24hrs. Verify Aadhaar: bit.ly/djmsDX,Spam,Hard_13
Your Axis Bank debit card XX9275 has been blocked due to suspicious activity. Visit branch or call 1800-XXX to unblock.,Bank,Bank_11
Interest of Rs.64818 credited to your FD A/c XX3834 -SBI,Bank,Bank_9
Rs.19277 credited to A/c XX3068 on 16-01-26. Avl Bal: Rs.80703. -Axis Bank -TM,Bank,Bank_1
UPI payment of Rs.71712 to Sudiksha successful. UPI Ref: 805668629717. -Kotak,Bank,Bank_6
EMI of Rs.84043 due on 18-02-26 for loan A/c XX2073. Pay now to avoid charges. -BOB,Bank,Bank_4
Work from home! Earn Rs.1073642/month Join: bitly/olgXpg,Spam,Hard_14
Pre-approved! Get a BOB credit card with Rs.348272 limit. Zero joining fee. Apply: bit.ly/ntTImR,Promo,Promo_14
DTDC: Shipment OD8747865172 reached your city hub. Expected delivery: 04 Jul.,Delivery,Delivery_4
Ur Hotstar code: 794247,OTP,OTP_8
Ekart: Shipment OD2688566104 reached your city hub. Expected delivery: 02 Jul.,Delivery,Delivery_4
  Interest of Rs.12210 credited to your FD A/c XX1969. -ICICI Bank,Bank,Bank_9
  Your Myntra order OD2546488600 has been shipped via XpressBees. Track: bit.ly/yrhJSP,Delivery,Delivery_0
KYC UPDATE PENDING FOR A/C XX5319. PLEASE VISIT YOUR NEAREST SBI BRANCH BY 19-06-26 TO AVOID RESTRICTIONS.,Bank,Bank_12
CHEQUE NO. 898952601693 FOR RS.71562 HAS BEEN CLEARED FROM A/C XX3027. -HDFC BANK,Bank,Bank_8
Rs.14938  debited from A/c XX9116 on 13-04-26 to Noah. Avl Bal: Rs.73871. -BOB,Bank,Bank_0
  Your account statement for August is available. Download from the Kotak app.,Bank,Bank_16
your phonepe code: 441859,OTP,OTP_8
your axis bank debit card xx6092 has been blocked due to suspicious activity. visit branch or call 1800-xxx to unblock.,Bank,Bank_11
beware of fraud calls asking for card details. bob officials never ask for pin or cvv.,Bank,Bank_15
"  Hey, my new number is +918269236609. Save it! Meet at 8?",Personal,Hard_4
USE 66239 TO COMPLETE YOUR SWIGGY REGISTRATION. VALID TILL 15 MINS.,OTP,OTP_4
Your OTP is 216474. Use it to verify your Uber account. Expires in 10 min.,OTP,OTP_1
  Data exhausted? Get 3GB extra with Rs.1170 booster pack. Dial *121# or visit app.,Promo,Promo_11
BOB: 334452 is your login OTP. It expires in 10 minutes.,OTP,OTP_6
"Class shifted to room 7202, come fast",Personal,Hard_6
Your SIM will be deactivated in 24hrs. Verify Aadhaar: bit.ly/qaETzd,Spam,Hard_13
"Ur SBI health insurance renewal is due 06 Jul. Renew online, save 30% on premium.",Promo,Promo_24
Delivered!  Your BigBasket order OD3036363438 was delivered on 02 Jul. Rate your experience: bit.ly/WTyHVC,Delivery,Delivery_2
  MEGA SALE! Get 10% OFF on all products at Meesho. Shop now: bit.ly/AhnQBx T&C apply.,Promo,Promo_0
Low  balance alert: A/c XX2523 balance is Rs.63921. Maintain min balance to avoid charges.,Bank,Bank_10
<#> 269440 is your Amazon code. Valid 15 min. hA8sk2Lqp3,OTP,OTP_13
Your  OTP is 264885. Use it to verify your Axis Bank account. Expires in 5 min.,OTP,OTP_1
Interest of Rs.36824 credited to your FD A/c XX2695. -SBI,Bank,Bank_9
288545 is your Ola security code. Anyone asking for it is a scammer.,OTP,OTP_9
Loved your recent Amazon order? Reorder in 1 tap and get 60% off today.,Promo,Promo_22
Your OTP is 478116 Use it to verify your PhonePe account Expires in 15 min,OTP,OTP_1
You have 4693 reward points expiring on 06 Jul Redeem on Meesho,Promo,Promo_20
"Your ICICI Bank health insurance renewal is due 03 Jul Renew online, save 30% on premium",Promo,Promo_24
Your OTP is 54226. Use it to verify your Amazon account. Expires in 5 min.,OTP,OTP_1
Your OTP is 646784. Use it to verify your Amazon account. Expires in 30 min.,OTP,OTP_1
USE CODE 9166 AT CHECKOUT FOR 25% OFF AT MYNTRA!,Promo,Hard_0
IRCTC: Special trains added for festive season. Book early & save up to 40%.,Promo,Promo_17
BlueDart: Shipment OD6805121940 reached your city hub. Expected delivery: 01 Jul.,Delivery,Delivery_4
  Your order OD1263121921 from BigBasket is arriving tomorrow. Keep Rs.2787 ready for COD.,Delivery,Delivery_3
Items in your order history are back in stock at Amazon. Prices start Rs.618.,Promo,Promo_23
KYC update pending for A/c XX4413. Please visit your nearest Kotak branch by 06-07-26 to avoid restrictions.,Bank,Bank_12
Myntra Big Billion Days! Up to 80% off + extra 10% with HDFC Bank cards Hurry!,Promo,Promo_1
Data exhausted? Get 1.5GB extra with Rs.160 booster pack Dial *121# or visit app,Promo,Promo_11
Your  Meesho code: 571069,OTP,OTP_8
Tap to verify: 545130 This code expires shortly,OTP,Hard_9
you have 3197 reward points expiring on 01 jul. redeem on zomato.,Promo,Promo_20
972610 - use this code to sign in to ola. never share it with anyone.,OTP,OTP_7
Rs.14639 debited from A/c XX4014 on 23-05-26 to Rajeshri Avl Bal: Rs.472452 -Axis Bank,Bank,Bank_0
Data  exhausted? Get 1.5GB extra with Rs.1217 booster pack. Dial *121# or visit app.,Promo,Promo_11
"Never share your OTP, PIN or CVV HDFC Bank never asks for these Stay safe",Bank,Hard_3
Salary of Rs.70266 credited to A/c XX8026. Avl Bal: Rs.97089. -PNB,Bank,Bank_7
Your OTP is 812243. Use it to verify your GPay account. Expires in 15 min. STOP to opt out,OTP,OTP_1
Recharge with INR 575 & get 20% extra talktime. Offer valid today only!,Promo,Promo_5
Your OTP is 742293. Use it to verify your HDFC Bank account. Expires in 2 min.,OTP,OTP_1
647983 - use this code to sign in to Paytm. Never share it with anyone.,OTP,OTP_7
Your  PNB debit card XX7375 has been blocked due to suspicious activity. Visit branch or call 1800-XXX to unblock.,Bank,Bank_11
ZOMATO: FREE DELIVERY ALL WEEKEND! ORDER YOUR FAVOURITES NOW.,Promo,Promo_13
Dear customer ur HDFC Bank account will be blocked! Update KYC now: bit.ly/QTqxfO,Spam,Hard_11
EXCLUSIVE FOR YOU! BUY 1 GET 1 FREE AT FLIPKART. LIMITED PERIOD OFFER. VISIT BIT.LY/KHYXMB,Promo,Promo_3
Pre-approved! Get a Kotak credit card with Rs.182462 limit. Zero joining fee. Apply: bit.ly/nwWjXj STOP to opt out,Promo,Promo_14
Your credit card XX3278 statement is ready. Total due: Rs.63672. Min due: Rs.4539. -SBI,Bank,Bank_5
Low balance alert: A/c XX7070 balance is Rs.250120. Maintain min balance to avoid charges.,Bank,Bank_10
Your order OD2119119097 from Swiggy is arriving tomorrow. Keep Rs.1309 ready for COD.,Delivery,Delivery_3
935733 - use this to sign in. Never share this code with anyone.,OTP,Hard_7
  Your credit card XX9681 statement is ready. Total due: Rs.84336. Min due: Rs.3899. -Kotak,Bank,Bank_5
267862 IS YOUR VERIFICATION CODE FOR OLA. NEVER SHARE YOUR OTP.,OTP,OTP_3
OTP-based login was enabled for your A/c XX1560. Call PNB if this wasn't you.,Bank,Hard_2
KYC update pending for A/c XX1788. Please visit your nearest ICICI Bank branch by 17-02-26 to avoid restrictions. -TM,Bank,Bank_12
"your kotak health insurance renewal is due 05 jul. renew online, save 40% on premium.",Promo,Promo_24
<#> 783662 is your PhonePe code Valid 30 min hA8sk2Lqp3,OTP,OTP_13
Low balance alert: A/c XX7084 balance is Rs.436381. Maintain min balance to avoid charges.,Bank,Bank_10
Confirmation code 501669 for Ola. Keep it private.,OTP,OTP_11
AUTO-PAY OF RS.7360 TO YAMINI IS SCHEDULED ON 30-04-26 FROM A/C XX4509. ENSURE SUFFICIENT BALANCE.,Bank,Bank_13
"Hey, my new number is +915769060387 Save it! Meet at 6pm?",Personal,Hard_4
Your return pickup for order OD9305090736 is scheduled on 03 Jul. Keep the item ready. -Myntra,Delivery,Delivery_7
UPI payment of INR 24169 to Anmol successful. UPI Ref: 265534744644. -PNB,Bank,Bank_6
Rs.82386 debited from A/c XX1204 on 02-02-26 to Owen. Avl Bal: Rs.156643. -ICICI Bank,Bank,Bank_0
last day! bigbasket clearance sale ends tonight. up to 50% off sitewide.,Promo,Promo_8
BlueDart: Shipment OD1915800816 reached ur city hub. Expected delivery: 05 Jul.,Delivery,Delivery_4
OTP-based login was enabled for your A/c XX3329. Call Axis Bank if this wasn't you.,Bank,Hard_2
Items in your order history are back in stock at Swiggy. Prices start Rs.358.,Promo,Promo_23
Data exhausted? Get 1.5GB extra with Rs.376 booster pack. Dial *121# or visit app.,Promo,Promo_11
Your return pickup for order OD5628478382 is scheduled on 05 Jul. Keep the item ready. -Amazon -TM,Delivery,Delivery_7
Flipkart: 770957 is your login OTP. It expires in 10 minutes.,OTP,OTP_6
  Your A/c XX7444 is debited with Rs.56870 on 10-04-26. Info: UPI-Avni. Bal: Rs.490765,Bank,Bank_2
Your account statement for June is available. Download from the Kotak app.,Bank,Bank_16
Your Vi pack expires tomorrow. Recharge with Rs.848 for 3GB/day + unlimited calls.,Promo,Promo_10
Your  account statement for June is available. Download from the SBI app.,Bank,Bank_16
Exclusive for you! Buy 1 Get 1 FREE at Swiggy Limited period offer Visit bitly/wNBmHg,Promo,Promo_3
salary of rs.99994 credited to a/c xx5804. avl bal: rs.132524. -pnb,Bank,Bank_7
EMI of Rs.25962 due on 13-04-26 for loan A/c XX7295 Pay now to avoid charges -HDFC Bank,Bank,Bank_4
Use  code 9364 at checkout for 25% off at Zomato!,Promo,Hard_0
Enter 630894 to verify your mobile number for Meesho.,OTP,OTP_10
Flipkart Big Billion Days! Up to 40% off + extra 10% with BOB cards. Hurry!,Promo,Promo_1
Pay Rs.4322 on delivery for order OD578766631. -DTDC,Delivery,Hard_10
rs.1887 cashback credited to your phonepe wallet. use on your next order.,Promo,Promo_21
Ur A/c XX2081 is debited with Rs.60076 on 07-01-26. Info: UPI-Chatresh. Bal: Rs.182699,Bank,Bank_2
Your OTP is 321556. Use it to verify your IRCTC account. Expires in 10 min. T&C apply,OTP,OTP_1
  Your return pickup for order OD7890472636 is scheduled on 01 Jul. Keep the item ready. -Flipkart,Delivery,Delivery_7
Enter 278291 to verify your mobile number for Paytm. STOP to opt out,OTP,OTP_10
Hotstar:  147648 is your login OTP. It expires in 5 minutes.,OTP,OTP_6
Work from home! Earn Rs.303427/month. Join: bit.ly/VFrEUX T&C apply,Spam,Hard_14
data exhausted? get 3gb extra with rs.1604 booster pack. dial *121# or visit app.,Promo,Promo_11
<#> 527288 is your Amazon code. Valid 5 min. hA8sk2Lqp3,OTP,OTP_13
otp: 555720 for txn of rs.12902 at swiggy. do not share. -icici bank,OTP,OTP_2
  267571 is your OTP for Swiggy login. Valid for 15 minutes. Do not share with anyone.,OTP,OTP_0
534906 is your verification code for Flipkart. Never share your OTP.,OTP,OTP_3
IRCTC: Special trains added for festive season. Book early & save up to 40%.,Promo,Promo_17
509373 - use this code to sign in to HDFC Bank. Never share it with anyone.,OTP,OTP_7
Interest of Rs.69951 credited to your FD A/c XX9763 -BOB,Bank,Bank_9
Your OTP is 645167. Use it to verify your Amazon account. Expires in 2 min.,OTP,OTP_1
Zomato: Your cart misses you! Complete purchase now & get 80% off. bit.ly/BVeuJl,Promo,Promo_4
  Swiggy: Your cart misses you! Complete purchase now & get 50% off. bit.ly/KfIwqq,Promo,Promo_4
Your A/c XX1623 is debited with Rs.8879 on 01-04-26. Info: UPI-Kala. Bal: Rs.118418 -TM,Bank,Bank_2
Rs.21391 credited to A/c XX1199 on 05-04-26. Avl Bal: Rs.341451. -SBI,Bank,Bank_1
YOUR BIGBASKET MEMBERSHIP EXPIRES SOON. RENEW NOW & SAVE 60%: BIT.LY/FPIECM,Promo,Promo_9
Your  credit card XX8988 statement is ready. Total due: Rs.95848. Min due: Rs.3063. -Axis Bank,Bank,Bank_5
Your Amazon membership expires soon. Renew now & save 10%: bit.ly/pEdWcR,Promo,Promo_9
Your Prime Video plan renews on 03 Jul at Rs.1725 Upgrade to 4K for Rs.199/month,Promo,Promo_18
Your Kotak debit card XX8635 has been blocked due to suspicious activity. Visit branch or call 1800-XXX to unblock. T&C apply,Bank,Bank_11
YOUR CREDIT CARD XX6694 STATEMENT IS READY. TOTAL DUE: RS.93527. MIN DUE: RS.1229. -KOTAK,Bank,Bank_5
Dear customer ur ICICI Bank account will be blocked! Update KYC now: bit.ly/oqrGjw,Spam,Hard_11
ALERT: Rs.78063 withdrawn from ATM using card XX5809 on 06-01-26. Bal: Rs.414803. -BOB,Bank,Bank_3
ORDER OD1235527967 PACKED AND READY! EXPECTED DISPATCH BY 03 JUL. -ZOMATO,Delivery,Delivery_8
Use  code 2171 at checkout for 25% off at Myntra!,Promo,Hard_0
kyc update pending for a/c xx2036. please visit your nearest hdfc bank branch by 27-05-26 to avoid restrictions.,Bank,Bank_12
Low balance alert: A/c XX8008 balance is Rs.462924. Maintain min balance to avoid charges. T&C apply,Bank,Bank_10
Your OTP is 611256. Use it to verify your Paytm account. Expires in 30 min.,OTP,OTP_1
Congratulations! You won Rs.2057732 in lucky draw. Claim: bit.ly/otjTZv,Spam,Hard_12
Your Hotstar plan renews on 04 Jul at Rs.1748. Upgrade to 4K for Rs.461/month.,Promo,Promo_18
  Delivered! Your Swiggy order OD8623914480 was delivered on 03 Jul. Rate your experience: bit.ly/HaHrBG,Delivery,Delivery_2
Weekend special at Meesho! Min 10% off on everything. Don't miss out: bit.ly/ZrcWVi,Promo,Promo_6
"Class  shifted to room 6123, come fast",Personal,Hard_6
Exclusive for you! Buy 1 Get 1 FREE at BigBasket. Limited period offer. Visit bit.ly/XIdpVG,Promo,Promo_3
106208 - use this to sign in. never share this code with anyone.,OTP,Hard_7
Your return pickup for order OD9949524905 is scheduled on 03 Jul. Keep the item ready. -Amazon,Delivery,Delivery_7
WEEKEND SPECIAL AT MEESHO! MIN 30% OFF ON EVERYTHING. DON'T MISS OUT: BIT.LY/SJLWIV,Promo,Promo_6
OTP:  210517 for txn of Rs.3642 at Swiggy. Do not share. -ICICI Bank,OTP,OTP_2
Interest of Rs.97619 credited to your FD A/c XX5505. -Kotak,Bank,Bank_9
Out for delivery: Your Myntra package OD3430101496 will arrive today by 9 PM. -XpressBees,Delivery,Delivery_1
Your OTP is 633672. Use it to verify your PNB account. Expires in 5 min.,OTP,OTP_1
Low balance alert: A/c XX1546 balance is INR 202047. Maintain min balance to avoid charges.,Bank,Bank_10
Rayaan from Ekart is arriving with your package. Contact: +915756546606,Delivery,Delivery_6
Dear customer ur Axis Bank account will be blocked! Update KYC now: bit.ly/TzRPrZ T&C apply,Spam,Hard_11
your bigbasket membership expires soon. renew now & save 10%: bit.ly/fzjnvb,Promo,Promo_9
Your Uber code: 1702,OTP,Hard_8
OTP: 338438 for txn of INR 42161 at BOB. Do not share. -BOB,OTP,OTP_2
Rs.29866 credited to A/c XX5767 on 15-05-26. Avl Bal: Rs.182531. -Kotak,Bank,Bank_1
LOVED YOUR RECENT SWIGGY ORDER? REORDER IN 1 TAP AND GET 30% OFF TODAY.,Promo,Promo_22
COUPON 6055 GIVES YOU FREE DELIVERY ON ORDERS ABOVE RS.560. -BIGBASKET,Promo,Hard_1
your account statement for july is available. download from the hdfc bank app.,Bank,Bank_16
164219 is ur verification code for PhonePe. Never share ur OTP.,OTP,OTP_3
irctc: special trains added for festive season. book early & save up to 20%.,Promo,Promo_17
Your order OD8758655459 from Amazon is arriving tomorrow. Keep Rs.4564 ready for COD.,Delivery,Delivery_3
"Class shifted to room 2992, come fast",Personal,Hard_6
Confirmation code 92667 for PhonePe. Keep it private.,OTP,OTP_11
<#>  575408 is your Myntra code. Valid 30 min. hA8sk2Lqp3,OTP,OTP_13
Your  SIM will be deactivated in 24hrs. Verify Aadhaar: bit.ly/bGjclP,Spam,Hard_13
<#> 128266 is your Swiggy code. Valid 15 min. hA8sk2Lqp3,OTP,OTP_13
Flat Rs.857 cashback on your next order at Myntra Use code SAVE39 Valid till 04 Jul,Promo,Promo_2
Your Axis Bank debit card XX5308 has been blocked due to suspicious activity. Visit branch or call 1800-XXX to unblock.,Bank,Bank_11
Your one time password is 132270 for HDFC Bank. Please do not share it. T&C apply,OTP,OTP_5
Delivered! Your Swiggy order OD4851482464 was delivered on 03 Jul. Rate your experience: bit.ly/lGUeIA,Delivery,Delivery_2
  Rs.69393 credited to A/c XX1246 on 09-03-26. Avl Bal: Rs.461093. -ICICI Bank,Bank,Bank_1
Your  credit card XX6293 statement is ready. Total due: Rs.88421. Min due: Rs.513. -BOB,Bank,Bank_5
Beware of fraud calls asking for card details. Kotak officials never ask for PIN or CVV.,Bank,Bank_15
"  Bro send me Rs.3914 on gpay, will return by 04 Jul",Personal,Hard_5
EMI of Rs.56108 due on 17-04-26 for loan A/c XX8646. Pay now to avoid charges. -Axis Bank -TM,Bank,Bank_4
cheque no. 247807815866 for rs.825 has been cleared from a/c xx7425. -icici bank,Bank,Bank_8
missed our shows? come back to hotstar at 50% off for 3 months. resubscribe: bit.ly/cqwfsd,Promo,Promo_19
Rs.1358 cashback credited to ur PhonePe wallet. Use on ur next order.,Promo,Promo_21
122141 - use this code to sign in to Netflix. Never share it with anyone.,OTP,OTP_7
Interest of Rs.19054 credited to your FD A/c XX6509. -BOB,Bank,Bank_9
697367 - use this to sign in. Never share this code with anyone.,OTP,Hard_7
use 915445 to complete your hotstar registration. valid till 5 mins.,OTP,OTP_4
Cheque no. 501142103241 for INR 13146 has been cleared from A/c XX3750. -SBI,Bank,Bank_8
Convert your Axis Bank card purchase of Rs.231 into easy EMIs at 0% interest. Reply YES. STOP to opt out,Promo,Promo_15
Missed our shows? Come back to SonyLIV at 50% off for 3 months. Resubscribe: bit.ly/DePyyZ,Promo,Promo_19
Your HDFC Bank debit card XX1410 has been blocked due to suspicious activity. Visit branch or call 1800-XXX to unblock.,Bank,Bank_11
Salary of Rs.73192 credited to A/c XX8453 Avl Bal: Rs.243761 -Axis Bank,Bank,Bank_7
"Hi Samar, unlock Rs.1637 off your first order at Zomato with code NEW98.",Promo,Promo_7
low balance alert: a/c xx9040 balance is rs.172989. maintain min balance to avoid charges.,Bank,Bank_10
Order OD9215016482 packed and ready! Expected dispatch by 05 Jul. -Amazon,Delivery,Delivery_8
"Your PNB health insurance renewal is due 04 Jul Renew online, save 50% on premium",Promo,Promo_24
"  Never share your OTP, PIN or CVV. HDFC Bank never asks for these. Stay safe.",Bank,Hard_3
Convert your SBI card purchase of Rs.651 into easy EMIs at 0% interest. Reply YES.,Promo,Promo_15
"Your ICICI Bank health insurance renewal is due 02 Jul. Renew online, save 10% on premium.",Promo,Promo_24
Interest of Rs.25608 credited to your FD A/c XX3878. -ICICI Bank,Bank,Bank_9
Data exhausted? Get 2GB extra with Rs.1440 booster pack. Dial *121# or visit app.,Promo,Promo_11
Your SIM will be deactivated in 24hrs Verify Aadhaar: bitly/nGiIZA,Spam,Hard_13
"Hey, my new number is 00885532726. Save it! Meet at tonight? T&C apply",Personal,Hard_4
Rs.50368 credited to A/c XX9139 on 31-01-26 Avl Bal: Rs.65773 -Kotak,Bank,Bank_1
145715 is your verification code for Hotstar Never share your OTP,OTP,OTP_3
  Loved your recent Amazon order? Reorder in 1 tap and get 40% off today.,Promo,Promo_22
"Hi Pallavi, unlock Rs.1283 off ur first order at Zomato with code NEW39.",Promo,Promo_7
  Your Meesho membership expires soon. Renew now & save 80%: bit.ly/isKKVB,Promo,Promo_9
Your Hotstar plan renews on 02 Jul at Rs.1790. Upgrade to 4K for Rs.401/month.,Promo,Promo_18
OTP: 471448 for txn of Rs.23722 at SBI. Do not share. -ICICI Bank,OTP,OTP_2
Your account statement for August is available. Download from the BOB app.,Bank,Bank_16
"Hi Timothy, unlock INR 1766 off your first order at Flipkart with code NEW49.",Promo,Promo_7
rs.90747 credited to a/c xx2837 on 04-07-26. avl bal: rs.63631. -kotak,Bank,Bank_1
Your Vi pack expires tomorrow. Recharge with Rs.62 for 1GB/day + unlimited calls.,Promo,Promo_10
OTP for delivery of order OD9598506557 is 7043. Share only with the delivery agent. -Ekart -TM,Delivery,Delivery_9
out for delivery: your meesho package od4323661023 will arrive today by 3 pm. -xpressbees,Delivery,Delivery_1
  394884 - use this code to sign in to Kotak. Never share it with anyone.,OTP,OTP_7
Your  account statement for June is available. Download from the ICICI Bank app.,Bank,Bank_16
Salary of Rs.35378 credited to A/c XX8593 Avl Bal: Rs.462223 -HDFC Bank,Bank,Bank_7
Confirmation code 454410 for GPay. Keep it private.,OTP,OTP_11
you have 1880 reward points expiring on 05 jul. redeem on flipkart.,Promo,Promo_20
Ur OTP is 612961. Use it to verify ur Hotstar account. Expires in 2 min.,OTP,OTP_1
interest of rs.54852 credited to your fd a/c xx5430. -kotak,Bank,Bank_9
"Never share your OTP, PIN or CVV. HDFC Bank never asks for these. Stay safe.",Bank,Hard_3
  Interest of Rs.99608 credited to your FD A/c XX2237. -ICICI Bank,Bank,Bank_9
Use code 3532 at checkout for 10% off at Zomato!,Promo,Hard_0
135371 is ur BigBasket security code. Anyone asking for it is a scammer.,OTP,OTP_9
Rs.44961 debited from A/c XX5385 on 15-05-26 to Kiaan. Avl Bal: Rs.268212. -SBI,Bank,Bank_0
Keya  from XpressBees is arriving with your package. Contact: 1371673204,Delivery,Delivery_6
Loved ur recent Flipkart order? Reorder in 1 tap and get 50% off today.,Promo,Promo_22
Your FD of INR 69104 matures on 02-01-26. Renew or withdraw via netbanking. -HDFC Bank,Bank,Bank_14
Beware of fraud calls asking for card details. ICICI Bank officials never ask for PIN or CVV.,Bank,Bank_15
Beware of fraud calls asking for card details. SBI officials never ask for PIN or CVV.,Bank,Bank_15
Exclusive for you! Buy 1 Get 1 FREE at Swiggy. Limited period offer. Visit bit.ly/xDbCBs,Promo,Promo_3
Pre-approved! Get a Kotak credit card with Rs.472650 limit. Zero joining fee. Apply: bit.ly/nCyoKA,Promo,Promo_14
use 747850 to complete your myntra registration. valid till 2 mins.,OTP,OTP_4
Cheque no. 490430183867 for INR 65225 has been cleared from A/c XX1131. -PNB,Bank,Bank_8
Cheque no. 301646239401 for INR 71193 has been cleared from A/c XX8985. -PNB,Bank,Bank_8
Use 117425 to complete your Ola registration. Valid till 10 mins.,OTP,OTP_4
Your Swiggy order OD2956565785 has been shipped via DTDC. Track: bit.ly/NLtFHp,Delivery,Delivery_0
interest of rs.44880 credited to your fd a/c xx4979. -hdfc bank,Bank,Bank_9
OTP for delivery of order OD5092555803 is 9919. Share only with the delivery agent. -Delhivery,Delivery,Delivery_9
YOUR PNB DEBIT CARD XX2184 HAS BEEN BLOCKED DUE TO SUSPICIOUS ACTIVITY. VISIT BRANCH OR CALL 1800-XXX TO UNBLOCK.,Bank,Bank_11
Your Amazon order OD4415840192 has been shipped via Delhivery. Track: bit.ly/cIZLtm STOP to opt out,Delivery,Delivery_0
Ur HDFC Bank code: 694510,OTP,OTP_8
"Hi Balendra, unlock Rs.1275 off your first order at Swiggy with code NEW17.",Promo,Promo_7
Weekend special at Swiggy! Min 20% off on everything. Don't miss out: bit.ly/dySUjv,Promo,Promo_6
Out  for delivery: Your Myntra package OD1969190661 will arrive today by 3 PM. -BlueDart,Delivery,Delivery_1
Auto-pay of INR 93971 to Nihal is scheduled on 07-04-26 from A/c XX3596. Ensure sufficient balance.,Bank,Bank_13
Enter 720853 to verify your mobile number for Meesho,OTP,OTP_10
YOUR OTP IS 764503. USE IT TO VERIFY YOUR KOTAK ACCOUNT. EXPIRES IN 30 MIN.,OTP,OTP_1
Your  FD of Rs.84245 matures on 19-05-26. Renew or withdraw via netbanking. -Axis Bank,Bank,Bank_14
LOVED YOUR RECENT BIGBASKET ORDER? REORDER IN 1 TAP AND GET 20% OFF TODAY.,Promo,Promo_22
RS.77397 DEBITED FROM A/C XX4077 ON 19-03-26 TO ABEER. AVL BAL: RS.491772. -PNB,Bank,Bank_0
Pay  Rs.2501 on delivery for order OD241908353. -Delhivery,Delivery,Hard_10
Your Airtel pack expires tomorrow. Recharge with Rs.1568 for 3GB/day + unlimited calls.,Promo,Promo_10
Items in your order history are back in stock at Swiggy. Prices start Rs.1692.,Promo,Promo_23
"Class shifted to room 2796, come fast",Personal,Hard_6
zomato: free delivery all weekend! order your favourites now.,Promo,Promo_13
YOUR A/C XX6229 IS DEBITED WITH RS.92329 ON 16-06-26. INFO: UPI-MEGHA. BAL: RS.39095,Bank,Bank_2
Order OD7697323629 packed and ready! Expected dispatch by 01 Jul. -Meesho,Delivery,Delivery_8
KYC UPDATE PENDING FOR A/C XX1505. PLEASE VISIT YOUR NEAREST SBI BRANCH BY 12-06-26 TO AVOID RESTRICTIONS.,Bank,Bank_12
<#> 785546 is your GPay code. Valid 5 min. hA8sk2Lqp3,OTP,OTP_13
188891 is ur HDFC Bank security code. Anyone asking for it is a scammer.,OTP,OTP_9
SWIGGY: YOUR CART MISSES YOU! COMPLETE PURCHASE NOW & GET 20% OFF. BIT.LY/LZSYKF,Promo,Promo_4
Rs.91859 credited to A/c XX4183 on 03-07-26. Avl Bal: Rs.118551. -BOB,Bank,Bank_1
Missed our shows? Come back to Netflix at 50% off for 3 months. Resubscribe: bit.ly/oMjoIt,Promo,Promo_19
Use code 3311 at checkout for 50% off at Zomato!,Promo,Hard_0
"your bob health insurance renewal is due 04 jul. renew online, save 20% on premium.",Promo,Promo_24
LOVED YOUR RECENT ZOMATO ORDER? REORDER IN 1 TAP AND GET 20% OFF TODAY.,Promo,Promo_22
Hungry? Get 60% off up to Rs.1875 on your next 3 orders. Code: EAT32. -Zomato T&C apply,Promo,Promo_12
  442207 is your OTP for Ola login. Valid for 30 minutes. Do not share with anyone.,OTP,OTP_0
Your FD of Rs.76725 matures on 27-03-26. Renew or withdraw via netbanking. -SBI T&C apply,Bank,Bank_14
Your Amazon order OD7279634622 has been shipped via Delhivery. Track: bit.ly/DfhaWa -TM,Delivery,Delivery_0
<#> 814714 is your Uber code. Valid 10 min. hA8sk2Lqp3,OTP,OTP_13
Your account statement for July is available. Download from the SBI app. -TM,Bank,Bank_16
UPI payment of Rs.4462 to Anya successful. UPI Ref: 481669940386. -SBI,Bank,Bank_6
Swiggy: Free delivery all weekend! Order your favourites now.,Promo,Promo_13
554584 is your OTP for SBI login. Valid for 2 minutes. Do not share with anyone.,OTP,OTP_0
Out for delivery: Your Flipkart package OD2077932252 will arrive today by 12 PM -BlueDart,Delivery,Delivery_1
Exclusive for you! Buy 1 Get 1 FREE at Flipkart. Limited period offer. Visit bit.ly/tqmajd,Promo,Promo_3
Enter 628605 to verify ur mobile number for Hotstar.,OTP,OTP_10
Salary of Rs.60409 credited to A/c XX2198. Avl Bal: Rs.87794. -Kotak,Bank,Bank_7
  Ola: 888915 is your login OTP. It expires in 15 minutes.,OTP,OTP_6
Pay  Rs.3372 on delivery for order OD589093443. -BlueDart,Delivery,Hard_10
kyc update pending for a/c xx9309. please visit your nearest bob branch by 22-05-26 to avoid restrictions.,Bank,Bank_12
Delivery attempt failed for order OD7407021604. We will retry tomorrow. -BlueDart,Delivery,Delivery_5
KYC update pending for A/c XX2461. Please visit ur nearest Axis Bank branch by 11-05-26 to avoid restrictions.,Bank,Bank_12
989250 - use this code to sign in to GPay. Never share it with anyone.,OTP,OTP_7
Dear customer ur SBI account will be blocked! Update KYC now: bit.ly/OLECKE,Spam,Hard_11
  OTP for delivery of order OD3512041089 is 6365. Share only with the delivery agent. -Ekart,Delivery,Delivery_9
Use 798339 to complete your Amazon registration. Valid till 10 mins.,OTP,OTP_4
Rs.531 cashback credited to your Amazon Pay wallet. Use on your next order.,Promo,Promo_21
Your A/c XX6030 is debited with Rs.85769 on 27-04-26. Info: UPI-Hemani. Bal: Rs.472027,Bank,Bank_2
ALERT: Rs.31159 withdrawn from ATM using card XX2383 on 26-05-26. Bal: Rs.222827. -Kotak,Bank,Bank_3
"Your Kotak health insurance renewal is due 04 Jul. Renew online, save 40% on premium.",Promo,Promo_24
Dear customer ur SBI account will be blocked! Update KYC now: bit.ly/hUcEpf,Spam,Hard_11
Hungry? Get 60% off up to Rs.1774 on your next 3 orders Code: EAT80 -Zomato,Promo,Promo_12
CONFIRMATION CODE 991125 FOR KOTAK. KEEP IT PRIVATE.,OTP,OTP_11
Your Netflix plan renews on 04 Jul at INR 556. Upgrade to 4K for INR 923/month.,Promo,Promo_18
tanveer from dtdc is arriving with your package. contact: 08105954888,Delivery,Delivery_6
Your credit card XX5993 statement is ready. Total due: Rs.51522. Min due: Rs.1324. -SBI,Bank,Bank_5
Beware of fraud calls asking for card details. PNB officials never ask for PIN or CVV.,Bank,Bank_15
weekend special at myntra! min 80% off on everything. don't miss out: bit.ly/lzlgjy,Promo,Promo_6
Your Amazon order OD2903023303 has been shipped via Ekart. Track: bit.ly/pDCNdL,Delivery,Delivery_0
YOUR OTP IS 258509. USE IT TO VERIFY YOUR SWIGGY ACCOUNT. EXPIRES IN 30 MIN.,OTP,OTP_1
"Your Kotak health insurance renewal is due 03 Jul. Renew online, save 40% on premium.",Promo,Promo_24
Your  A/c XX4664 is debited with Rs.1977 on 27-06-26. Info: UPI-Madhavi. Bal: Rs.154996,Bank,Bank_2
Items in your order history are back in stock at BigBasket. Prices start Rs.218.,Promo,Promo_23
OTP-based  login was enabled for your A/c XX9666. Call BOB if this wasn't you.,Bank,Hard_2
Confirmation code 991103 for IRCTC. Keep it private.,OTP,OTP_11
Your Airtel pack expires tomorrow Recharge with Rs.1034 for 1GB/day + unlimited calls,Promo,Promo_10
Your account statement for August is available. Download from the SBI app.,Bank,Bank_16
"Your SBI health insurance renewal is due 06 Jul Renew online, save 30% on premium",Promo,Promo_24
Your return pickup for order OD8604083746 is scheduled on 06 Jul. Keep the item ready. -Meesho STOP to opt out,Delivery,Delivery_7
Tap  to verify: 251550. This code expires shortly.,OTP,Hard_9
items in your order history are back in stock at meesho. prices start rs.1715.,Promo,Promo_23
Your credit card XX8053 statement is ready Total due: Rs.87688 Min due: Rs.1777 -HDFC Bank,Bank,Bank_5
657775 is your otp for ola login. valid for 15 minutes. do not share with anyone.,OTP,OTP_0
alert: rs.88251 withdrawn from atm using card xx6883 on 25-04-26. bal: rs.112070. -kotak,Bank,Bank_3
  Low balance alert: A/c XX6754 balance is Rs.128681. Maintain min balance to avoid charges.,Bank,Bank_10
ALERT: Rs.35437 withdrawn from ATM using card XX3851 on 13-03-26. Bal: Rs.195575. -ICICI Bank,Bank,Bank_3
Salary of Rs.11130 credited to A/c XX2994. Avl Bal: Rs.200695. -ICICI Bank,Bank,Bank_7
G-823653 is your Google verification code.,OTP,OTP_12
  ICICI Bank: 574561 is your login OTP. It expires in 15 minutes.,OTP,OTP_6
use code 3777 at checkout for 25% off at myntra!,Promo,Hard_0
Flat Rs.1066 cashback on your next order at Flipkart. Use code SAVE94. Valid till 06 Jul.,Promo,Promo_2
Last day! Swiggy clearance sale ends tonight. Up to 60% off sitewide.,Promo,Promo_8
CONGRATULATIONS! YOU WON RS.2454284 IN LUCKY DRAW. CLAIM: BIT.LY/SYARMU,Spam,Hard_12
MEGA  SALE! Get 30% OFF on all products at Flipkart. Shop now: bit.ly/DaWrHu T&C apply.,Promo,Promo_0
  Your account statement for July is available. Download from the BOB app.,Bank,Bank_16
Your Meesho order OD9075551719 has been shipped via XpressBees Track: bitly/iHfWvR,Delivery,Delivery_0
COUPON 7539 GIVES YOU FREE DELIVERY ON ORDERS ABOVE RS.3998. -AMAZON,Promo,Hard_1
Salary of Rs.18971 credited to A/c XX2362. Avl Bal: Rs.178566. -HDFC Bank,Bank,Bank_7
"Never share your OTP, PIN or CVV. Axis Bank never asks for these. Stay safe. STOP to opt out",Bank,Hard_3
DTDC:  Shipment OD8824150818 reached your city hub. Expected delivery: 06 Jul.,Delivery,Delivery_4
Data  exhausted? Get 1GB extra with Rs.1519 booster pack. Dial *121# or visit app.,Promo,Promo_11
Your FD of INR 84913 matures on 29-01-26. Renew or withdraw via netbanking. -SBI,Bank,Bank_14
Weekend special at Meesho! Min 70% off on everything. Don't miss out: bit.ly/lZAuyz,Promo,Promo_6
Ur SIM will be deactivated in 24hrs. Verify Aadhaar: bit.ly/tTAIWJ,Spam,Hard_13
"hi vamakshi, unlock rs.682 off your first order at myntra with code new37.",Promo,Promo_7
Rs.41146 credited to A/c XX5525 on 03-05-26. Avl Bal: Rs.413877. -ICICI Bank,Bank,Bank_1
Convert your Kotak card purchase of Rs.1430 into easy EMIs at 0% interest Reply YES,Promo,Promo_15
RS.97513 CREDITED TO A/C XX4046 ON 07-03-26. AVL BAL: RS.499410. -SBI,Bank,Bank_1
OTP: 202598 for txn of Rs.26846 at BOB Do not share -Kotak,OTP,OTP_2
Missed our shows? Come back to Prime Video at 50% off for 3 months. Resubscribe: bit.ly/UbTgGA,Promo,Promo_19
  Your Meesho order OD7623180715 has been shipped via Delhivery. Track: bit.ly/NuiblV,Delivery,Delivery_0
Your order OD6296712003 from Zomato is arriving tomorrow. Keep Rs.4602 ready for COD.,Delivery,Delivery_3
Order OD3962061291 packed and ready! Expected dispatch by 02 Jul. -BigBasket,Delivery,Delivery_8
  Recharge with Rs.388 & get 80% extra talktime. Offer valid today only!,Promo,Promo_5
YOUR RETURN PICKUP FOR ORDER OD3608767968 IS SCHEDULED ON 04 JUL. KEEP THE ITEM READY. -SWIGGY,Delivery,Delivery_7
"Hi Ganga, unlock Rs.222 off your first order at Amazon with code NEW28.",Promo,Promo_7
  Salary of Rs.93405 credited to A/c XX8411. Avl Bal: Rs.60769. -Kotak,Bank,Bank_7
Confirmation code 845652 for Zomato. Keep it private.,OTP,OTP_11
Peter from DTDC is arriving with your package Contact: 6594992375,Delivery,Delivery_6
  Cheque no. 454135307081 for Rs.7409 has been cleared from A/c XX4238. -SBI,Bank,Bank_8
Your Swiggy code: 977778,OTP,OTP_8
Rs.67385 credited to A/c XX8187 on 21-03-26. Avl Bal: Rs.49817. -ICICI Bank,Bank,Bank_1
  240942 is your verification code for Axis Bank. Never share your OTP.,OTP,OTP_3
"Hi  Indrajit, unlock Rs.820 off your first order at Meesho with code NEW33.",Promo,Promo_7
Order OD2893801251 packed and ready! Expected dispatch by 03 Jul. -Flipkart,Delivery,Delivery_8
Zomato: Your cart misses you! Complete purchase now & get 40% off. bit.ly/zXxhoe,Promo,Promo_4
UPI PAYMENT OF RS.20703 TO NITARA SUCCESSFUL. UPI REF: 265969017593. -AXIS BANK,Bank,Bank_6
Congratulations! You won Rs.1813616 in lucky draw Claim: bitly/pOxDxy,Spam,Hard_12
Items in your order history are back in stock at Myntra. Prices start Rs.446. T&C apply,Promo,Promo_23
Delivered! Ur Swiggy order OD9853157762 was delivered on 01 Jul. Rate ur experience: bit.ly/KpZwjl,Delivery,Delivery_2
Your A/c XX5671 is debited with INR 33597 on 18-04-26. Info: UPI-Kritika. Bal: INR 212185,Bank,Bank_2
DELIVERY ATTEMPT FAILED FOR ORDER OD5756387305. WE WILL RETRY TOMORROW. -EKART,Delivery,Delivery_5
Convert your PNB card purchase of Rs.418 into easy EMIs at 0% interest. Reply YES.,Promo,Promo_15
Your one time password is 857990 for Ola. Please do not share it.,OTP,OTP_5
"hey, my new number is 00448228763. save it! meet at noon?",Personal,Hard_4
Dear customer ur Kotak account will be blocked! Update KYC now: bit.ly/KmWQwE,Spam,Hard_11
Exclusive for you! Buy 1 Get 1 FREE at Myntra. Limited period offer. Visit bit.ly/kJSMPQ,Promo,Promo_3
Uber:  91062 is your login OTP. It expires in 30 minutes.,OTP,OTP_6
EMI of Rs.38440 due on 10-03-26 for loan A/c XX2726 Pay now to avoid charges -Axis Bank,Bank,Bank_4
ENTER 319018 TO VERIFY YOUR MOBILE NUMBER FOR IRCTC.,OTP,OTP_10
Amazon Big Billion Days! Up to 70% off + extra 10% with SBI cards. Hurry!,Promo,Promo_1
  Last day! Swiggy clearance sale ends tonight. Up to 20% off sitewide.,Promo,Promo_8
Confirmation code 417023 for Myntra Keep it private,OTP,OTP_11
Out  for delivery: Your Flipkart package OD8179394846 will arrive today by 9 PM. -Delhivery,Delivery,Delivery_1
YOUR PNB DEBIT CARD XX2806 HAS BEEN BLOCKED DUE TO SUSPICIOUS ACTIVITY. VISIT BRANCH OR CALL 1800-XXX TO UNBLOCK.,Bank,Bank_11
Low balance alert: A/c XX1693 balance is Rs.279310. Maintain min balance to avoid charges.,Bank,Bank_10
Order OD7279569213 packed and ready! Expected dispatch by 03 Jul. -Flipkart,Delivery,Delivery_8
Cheque no. 146607744997 for Rs.9601 has been cleared from A/c XX4410. -PNB,Bank,Bank_8
432541  - use this code to sign in to BigBasket. Never share it with anyone.,OTP,OTP_7
"Your BOB health insurance renewal is due 06 Jul. Renew online, save 80% on premium.",Promo,Promo_24
interest of rs.94363 credited to your fd a/c xx9899. -bob,Bank,Bank_9
Missed  our shows? Come back to Prime Video at 50% off for 3 months. Resubscribe: bit.ly/vxTPan,Promo,Promo_19
out for delivery: your meesho package od1471581256 will arrive today by 9 pm. -xpressbees,Delivery,Delivery_1
PhonePe: 711582 is your login OTP. It expires in 2 minutes.,OTP,OTP_6
  Salary of Rs.11022 credited to A/c XX9554. Avl Bal: Rs.63971. -BOB,Bank,Bank_7
Order OD3110464915 packed and ready! Expected dispatch by 06 Jul -Meesho,Delivery,Delivery_8
Order OD1482754655 packed and ready! Expected dispatch by 03 Jul. -Myntra,Delivery,Delivery_8
753738 - use this to sign in Never share this code with anyone,OTP,Hard_7
Delivered! Your Zomato order OD6484526998 was delivered on 02 Jul Rate your experience: bitly/brdleq,Delivery,Delivery_2
convert your bob card purchase of rs.958 into easy emis at 0% interest. reply yes.,Promo,Promo_15
Confirmation code 872547 for Myntra. Keep it private.,OTP,OTP_11
Weekend special at BigBasket! Min 20% off on everything. Don't miss out: bit.ly/WTLrot,Promo,Promo_6
Delivered! Your Swiggy order OD7546750612 was delivered on 05 Jul. Rate your experience: bit.ly/fHLSsR,Delivery,Delivery_2
Ur OTP is 178825. Use it to verify ur Netflix account. Expires in 30 min.,OTP,OTP_1
Your A/c XX9869 is debited with Rs.44383 on 26-02-26. Info: UPI-Chandani. Bal: Rs.407506,Bank,Bank_2
G-429388 is your Google verification code.,OTP,OTP_12
Work from home! Earn Rs.2414288/month Join: bitly/GmDHno,Spam,Hard_14
Data exhausted? Get 2GB extra with Rs.1523 booster pack. Dial *121# or visit app.,Promo,Promo_11
  Confirmation code 17064 for Hotstar. Keep it private.,OTP,OTP_11
mega sale! get 60% off on all products at myntra. shop now: bit.ly/iqhwsk t&c apply.,Promo,Promo_0
Ur return pickup for order OD4738863763 is scheduled on 04 Jul. Keep the item ready. -Amazon,Delivery,Delivery_7
Delivery attempt failed for order OD3700760487. We will retry tomorrow. -XpressBees,Delivery,Delivery_5
Interest of Rs.61032 credited to your FD A/c XX9216. -Axis Bank STOP to opt out,Bank,Bank_9
  Out for delivery: Your Meesho package OD9679556596 will arrive today by 9 PM. -BlueDart,Delivery,Delivery_1
Items in ur order history are back in stock at Zomato. Prices start Rs.451.,Promo,Promo_23
ICICI BANK: 511669 IS YOUR LOGIN OTP. IT EXPIRES IN 30 MINUTES.,OTP,OTP_6
Work  from home! Earn Rs.863036/month. Join: bit.ly/uaDJhm,Spam,Hard_14
PhonePe: 570054 is your login OTP It expires in 10 minutes,OTP,OTP_6
Auto-pay of Rs.75719 to Samar is scheduled on 29-01-26 from A/c XX8303. Ensure sufficient balance.,Bank,Bank_13
Convert your PNB card purchase of Rs.683 into easy EMIs at 0% interest. Reply YES. T&C apply,Promo,Promo_15
Rs.6897 debited from A/c XX1999 on 11-03-26 to Gaurang. Avl Bal: Rs.272849. -BOB,Bank,Bank_0
"Never share your OTP, PIN or CVV. SBI never asks for these. Stay safe.",Bank,Hard_3
Rs.434 cashback credited to ur Amazon Pay wallet. Use on ur next order.,Promo,Promo_21
Rs.66372 credited to A/c XX8710 on 16-01-26. Avl Bal: Rs.143489. -PNB,Bank,Bank_1
"Bro send me INR 4624 on gpay, will return by 03 Jul",Personal,Hard_5
Enter 668525 to verify your mobile number for PNB.,OTP,OTP_10
Rs.30860 debited from A/c XX7054 on 31-03-26 to Indira. Avl Bal: Rs.362454. -HDFC Bank,Bank,Bank_0
<#> 921308 is your pnb code. valid 15 min. ha8sk2lqp3,OTP,OTP_13
Flipkart: Your cart misses you! Complete purchase now & get 10% off. bit.ly/Lfypsg,Promo,Promo_4
Low balance alert: A/c XX5222 balance is Rs.319190. Maintain min balance to avoid charges.,Bank,Bank_10
Recharge with Rs.593 & get 50% extra talktime. Offer valid today only!,Promo,Promo_5
Use 638616 to complete your PNB registration. Valid till 5 mins. STOP to opt out,OTP,OTP_4
Auto-pay of INR 3041 to Priya is scheduled on 28-03-26 from A/c XX2345. Ensure sufficient balance.,Bank,Bank_13
830428 is your Netflix security code. Anyone asking for it is a scammer.,OTP,OTP_9
UPI payment of Rs.68665 to Banjeet successful. UPI Ref: 786915269161. -BOB,Bank,Bank_6
"YOUR KOTAK HEALTH INSURANCE RENEWAL IS DUE 04 JUL. RENEW ONLINE, SAVE 80% ON PREMIUM.",Promo,Promo_24
  Low balance alert: A/c XX8142 balance is Rs.100488. Maintain min balance to avoid charges.,Bank,Bank_10
Items in your order history are back in stock at Myntra. Prices start Rs.1808.,Promo,Promo_23
XpressBees: Shipment OD2279507257 reached your city hub. Expected delivery: 04 Jul.,Delivery,Delivery_4
Your Airtel pack expires tomorrow. Recharge with INR 1481 for 1GB/day + unlimited calls.,Promo,Promo_10
  Confirmation code 559592 for PhonePe. Keep it private.,OTP,OTP_11
flat rs.1248 cashback on your next order at bigbasket. use code save94. valid till 01 jul.,Promo,Promo_2
  ALERT: Rs.12510 withdrawn from ATM using card XX3948 on 17-05-26. Bal: Rs.247329. -HDFC Bank,Bank,Bank_3
"Never share your OTP, PIN or CVV. ICICI Bank never asks for these. Stay safe.",Bank,Hard_3
Dear customer ur SBI account will be blocked! Update KYC now: bitly/ZCuFpu,Spam,Hard_11
Order OD3876380064 packed and ready! Expected dispatch by 05 Jul. -Swiggy,Delivery,Delivery_8
Recharge with Rs.244 & get 30% extra talktime. Offer valid today only!,Promo,Promo_5
KYC update pending for A/c XX7927. Please visit your nearest Axis Bank branch by 13-03-26 to avoid restrictions.,Bank,Bank_12
Recharge with Rs.612 & get 60% extra talktime Offer valid today only!,Promo,Promo_5
Pay Rs.879 on delivery for order OD991584291. -XpressBees,Delivery,Hard_10
Your  FD of Rs.79281 matures on 28-06-26. Renew or withdraw via netbanking. -SBI,Bank,Bank_14
Cheque no. 878010678826 for INR 16461 has been cleared from A/c XX2590. -PNB,Bank,Bank_8
Your Swiggy membership expires soon. Renew now & save 10%: bit.ly/COJAGY,Promo,Promo_9
Data  exhausted? Get 1.5GB extra with Rs.1216 booster pack. Dial *121# or visit app.,Promo,Promo_11
rs.65009 credited to a/c xx7911 on 19-04-26. avl bal: rs.94795. -kotak,Bank,Bank_1
Pre-approved! Get a Axis Bank credit card with Rs.129626 limit. Zero joining fee. Apply: bit.ly/FYVXcG,Promo,Promo_14
ALERT: Rs.91764 withdrawn from ATM using card XX6766 on 03-05-26. Bal: Rs.66627. -BOB,Bank,Bank_3
"Your PNB health insurance renewal is due 03 Jul. Renew online, save 70% on premium.",Promo,Promo_24
Your ICICI Bank debit card XX4151 has been blocked due to suspicious activity. Visit branch or call 1800-XXX to unblock.,Bank,Bank_11
518058 is your OTP for BigBasket login. Valid for 10 minutes. Do not share with anyone.,OTP,OTP_0
Your Uber code: 8796,OTP,Hard_8
your fd of rs.45989 matures on 12-05-26. renew or withdraw via netbanking. -sbi,Bank,Bank_14
g-516547 is your google verification code.,OTP,OTP_12
work from home! earn rs.1751565/month. join: bit.ly/pqyxuu,Spam,Hard_14
OTP: 257467 for txn of INR 38705 at Ola. Do not share. -Kotak,OTP,OTP_2
ZOMATO: FREE DELIVERY ALL WEEKEND! ORDER YOUR FAVOURITES NOW.,Promo,Promo_13
Tap  to verify: 539963. This code expires shortly.,OTP,Hard_9
Congratulations! You won Rs.792520 in lucky draw. Claim: bit.ly/xAfFMA,Spam,Hard_12
  OTP for delivery of order OD2398621785 is 9218. Share only with the delivery agent. -DTDC,Delivery,Delivery_9
Missed our shows? Come back to SonyLIV at 50% off for 3 months Resubscribe: bitly/yFNpoD,Promo,Promo_19
Cheque  no. 595620665537 for Rs.13708 has been cleared from A/c XX4165. -BOB,Bank,Bank_8
Your SIM will be deactivated in 24hrs. Verify Aadhaar: bit.ly/xpEGsr,Spam,Hard_13
UPI payment of Rs.44302 to Jagdish successful. UPI Ref: 248293381218. -Kotak,Bank,Bank_6
Beware of fraud calls asking for card details. ICICI Bank officials never ask for PIN or CVV.,Bank,Bank_15
Your Uber code: 9702,OTP,Hard_8
OTP: 519179 for txn of Rs.9331 at SBI. Do not share. -ICICI Bank,OTP,OTP_2
OTP for delivery of order OD9213239061 is 5704. Share only with the delivery agent. -Ekart -TM,Delivery,Delivery_9
Weekend special at Myntra! Min 40% off on everything. Don't miss out: bit.ly/qWhEiU,Promo,Promo_6
Interest of Rs.24081 credited to your FD A/c XX2577. -PNB T&C apply,Bank,Bank_9
126348 - use this code to sign in to Flipkart. Never share it with anyone.,OTP,OTP_7
"Your Axis Bank health insurance renewal is due 06 Jul. Renew online, save 30% on premium.",Promo,Promo_24
OTP-based login was enabled for your A/c XX9150. Call Kotak if this wasn't you.,Bank,Hard_2
"Your BOB health insurance renewal is due 05 Jul. Renew online, save 40% on premium.",Promo,Promo_24
Your return pickup for order OD5796181601 is scheduled on 04 Jul. Keep the item ready. -BigBasket,Delivery,Delivery_7
Your account statement for July is available. Download from the BOB app.,Bank,Bank_16
Work from home! Earn Rs.577221/month. Join: bit.ly/jEKSYQ,Spam,Hard_14
Your Uber code: 2340 -TM,OTP,Hard_8
Beware of fraud calls asking for card details. SBI officials never ask for PIN or CVV.,Bank,Bank_15
Missed our shows? Come back to Netflix at 50% off for 3 months. Resubscribe: bit.ly/FKNCUK,Promo,Promo_19
Hungry? Get 50% off up to Rs.810 on ur next 3 orders. Code: EAT30. -Swiggy,Promo,Promo_12
990728 - use this code to sign in to Uber. Never share it with anyone.,OTP,OTP_7
RS.91336 CREDITED TO A/C XX5757 ON 04-07-26. AVL BAL: RS.244861. -SBI,Bank,Bank_1
YOUR RETURN PICKUP FOR ORDER OD2491928483 IS SCHEDULED ON 02 JUL. KEEP THE ITEM READY. -SWIGGY,Delivery,Delivery_7
auto-pay of rs.13401 to david is scheduled on 05-05-26 from a/c xx9883. ensure sufficient balance.,Bank,Bank_13
Your  Myntra code: 380648,OTP,OTP_8
Your Myntra order OD1754695975 has been shipped via BlueDart. Track: bit.ly/tpoWsW,Delivery,Delivery_0
Mekhala from Delhivery is arriving with your package. Contact: 4018128204 STOP to opt out,Delivery,Delivery_6
Use code 7591 at checkout for 50% off at Zomato!,Promo,Hard_0
Zomato: Your cart misses you! Complete purchase now & get 80% off. bit.ly/ZRkgcK,Promo,Promo_4
Your return pickup for order OD6863220930 is scheduled on 01 Jul. Keep the item ready. -Amazon,Delivery,Delivery_7
Beware of fraud calls asking for card details. Axis Bank officials never ask for PIN or CVV.,Bank,Bank_15
Your account statement for July is available Download from the BOB app,Bank,Bank_16
Your  account statement for June is available. Download from the Kotak app.,Bank,Bank_16
Hungry? Get 80% off up to Rs.1153 on ur next 3 orders. Code: EAT29. -Swiggy,Promo,Promo_12
Swiggy: Free delivery all weekend! Order your favourites now.,Promo,Promo_13
Swiggy: Ur cart misses you! Complete purchase now & get 50% off. bit.ly/iMmCiS,Promo,Promo_4
Your Ola code: 258070,OTP,OTP_8
  Dear customer ur HDFC Bank account will be blocked! Update KYC now: bit.ly/aJYJzU,Spam,Hard_11
9773 is your verification code for Swiggy. Never share your OTP.,OTP,OTP_3
INTEREST OF RS.89805 CREDITED TO YOUR FD A/C XX3456. -HDFC BANK,Bank,Bank_9
Delivery attempt failed for order OD1683648143. We will retry tomorrow. -Delhivery,Delivery,Delivery_5
USE 273504 TO COMPLETE YOUR HDFC BANK REGISTRATION. VALID TILL 5 MINS.,OTP,OTP_4
"  Your PNB health insurance renewal is due 02 Jul. Renew online, save 50% on premium.",Promo,Promo_24
"Class shifted to room 3621, come fast",Personal,Hard_6
Your Axis Bank debit card XX9122 has been blocked due to suspicious activity. Visit branch or call 1800-XXX to unblock.,Bank,Bank_11
"Bro send me Rs.1671 on gpay, will return by 02 Jul",Personal,Hard_5
Dear customer ur SBI account will be blocked! Update KYC now: bitly/MBnCKf,Spam,Hard_11
EKART: SHIPMENT OD9796192149 REACHED YOUR CITY HUB. EXPECTED DELIVERY: 04 JUL.,Delivery,Delivery_4
Pay Rs.2415 on delivery for order OD357965874. -BlueDart,Delivery,Hard_10
808265 - use this to sign in Never share this code with anyone,OTP,Hard_7
699916 is your BigBasket security code. Anyone asking for it is a scammer.,OTP,OTP_9
Confirmation code 706508 for BOB. Keep it private. -TM,OTP,OTP_11
Your Uber code: 4255,OTP,Hard_8
Confirmation code 527755 for Myntra. Keep it private.,OTP,OTP_11
Exclusive for you! Buy 1 Get 1 FREE at Meesho. Limited period offer. Visit bit.ly/OLTnId,Promo,Promo_3
638467 - use this to sign in. Never share this code with anyone.,OTP,Hard_7
925923 - use this to sign in. Never share this code with anyone.,OTP,Hard_7
  Confirmation code 343347 for Paytm. Keep it private.,OTP,OTP_11
Use code 8983 at checkout for 10% off at BigBasket!,Promo,Hard_0
Dear  customer ur ICICI Bank account will be blocked! Update KYC now: bit.ly/eMPEBg,Spam,Hard_11
Use code 3743 at checkout for 10% off at Myntra!,Promo,Hard_0
Axis Bank: 906563 is your login OTP It expires in 2 minutes,OTP,OTP_6
573952 is your Hotstar security code. Anyone asking for it is a scammer.,OTP,OTP_9
Swiggy  Big Billion Days! Up to 40% off + extra 10% with Axis Bank cards. Hurry!,Promo,Promo_1
Your order OD5016276902 from Meesho is arriving tomorrow. Keep Rs.3001 ready for COD.,Delivery,Delivery_3
G-823122 is your Google verification code.,OTP,OTP_12
70835 is your otp for ola login. valid for 30 minutes. do not share with anyone.,OTP,OTP_0
  Low balance alert: A/c XX9981 balance is Rs.292534. Maintain min balance to avoid charges.,Bank,Bank_10
G-520958 IS YOUR GOOGLE VERIFICATION CODE.,OTP,OTP_12
"Bro send me Rs.4613 on gpay, will return by 05 Jul",Personal,Hard_5
Rs.91392 debited from A/c XX7716 on 07-03-26 to Abeer. Avl Bal: Rs.442994. -PNB,Bank,Bank_0
"Your SBI health insurance renewal is due 04 Jul. Renew online, save 20% on premium.",Promo,Promo_24
977356 - use this code to sign in to gpay. never share it with anyone.,OTP,OTP_7
  Tap to verify: 100244. This code expires shortly.,OTP,Hard_9
Use code 1103 at checkout for 25% off at BigBasket! -TM,Promo,Hard_0
Missed our shows? Come back to Hotstar at 50% off for 3 months. Resubscribe: bit.ly/MWNqEy,Promo,Promo_19
Kavya from Delhivery is arriving with your package. Contact: +916841587433,Delivery,Delivery_6
"  Hi Leena, unlock Rs.1842 off your first order at Swiggy with code NEW65.",Promo,Promo_7
Interest of Rs.58037 credited to your FD A/c XX7529. -BOB,Bank,Bank_9
ENTER 259368 TO VERIFY YOUR MOBILE NUMBER FOR FLIPKART.,OTP,OTP_10
Hungry? Get 20% off up to Rs.789 on your next 3 orders. Code: EAT34. -Zomato,Promo,Promo_12
  KYC update pending for A/c XX3976. Please visit your nearest ICICI Bank branch by 13-03-26 to avoid restrictions.,Bank,Bank_12
KYC UPDATE PENDING FOR A/C XX8271. PLEASE VISIT YOUR NEAREST BOB BRANCH BY 07-04-26 TO AVOID RESTRICTIONS.,Bank,Bank_12
Data exhausted? Get 2GB extra with Rs.1665 booster pack. Dial *121# or visit app.,Promo,Promo_11
  Kotak: 212755 is your login OTP. It expires in 15 minutes.,OTP,OTP_6
Items in your order history are back in stock at Flipkart. Prices start Rs.1962.,Promo,Promo_23
OTP: 891585 for txn of Rs.21808 at PhonePe. Do not share. -HDFC Bank T&C apply,OTP,OTP_2
Your Amazon membership expires soon. Renew now & save 10%: bit.ly/KxmWTl,Promo,Promo_9
Your SIM will be deactivated in 24hrs Verify Aadhaar: bitly/KwvGUT,Spam,Hard_13
Your credit card XX7090 statement is ready. Total due: Rs.45172. Min due: Rs.2556. -Axis Bank,Bank,Bank_5
Data exhausted? Get 3GB extra with INR 1764 booster pack. Dial *121# or visit app.,Promo,Promo_11
OTP: 577742 for txn of INR 20844 at Paytm. Do not share. -PNB,OTP,OTP_2
EKART: SHIPMENT OD2078292330 REACHED YOUR CITY HUB. EXPECTED DELIVERY: 02 JUL.,Delivery,Delivery_4
BigBasket  Big Billion Days! Up to 80% off + extra 10% with Kotak cards. Hurry!,Promo,Promo_1
  Missed our shows? Come back to SonyLIV at 50% off for 3 months. Resubscribe: bit.ly/RnLjXv,Promo,Promo_19
Convert your Axis Bank card purchase of INR 326 into easy EMIs at 0% interest. Reply YES.,Promo,Promo_15
otp-based login was enabled for your a/c xx5546. call kotak if this wasn't you.,Bank,Hard_2
You have 2858 reward points expiring on 03 Jul. Redeem on Myntra.,Promo,Promo_20
"Hi Rachana, unlock Rs.832 off your first order at Zomato with code NEW19.",Promo,Promo_7
OTP-based login was enabled for your A/c XX1844. Call ICICI Bank if this wasn't you.,Bank,Hard_2
Recharge with Rs.1122 & get 50% extra talktime. Offer valid today only!,Promo,Promo_5
upi payment of rs.79458 to anita successful. upi ref: 680570973763. -sbi,Bank,Bank_6
  OTP: 304430 for txn of Rs.16222 at Zomato. Do not share. -SBI,OTP,OTP_2
EMI of INR 38613 due on 01-06-26 for loan A/c XX8784. Pay now to avoid charges. -ICICI Bank,Bank,Bank_4
INR 83842 debited from A/c XX9012 on 05-03-26 to Maya. Avl Bal: INR 14803. -Kotak,Bank,Bank_0
Your SBI code: 91308,OTP,OTP_8
Your Uber code: 9672,OTP,Hard_8
Work from home! Earn Rs.1602896/month. Join: bit.ly/XypNaC,Spam,Hard_14
Meesho Big Billion Days! Up to 30% off + extra 10% with BOB cards. Hurry!,Promo,Promo_1
Delivery attempt failed for order OD8806596186 We will retry tomorrow -BlueDart,Delivery,Delivery_5
Salary of Rs.70457 credited to A/c XX1110 Avl Bal: Rs.353721 -SBI,Bank,Bank_7
CHEQUE NO. 699686725156 FOR RS.53941 HAS BEEN CLEARED FROM A/C XX1483. -BOB,Bank,Bank_8
Cheque no. 293733101119 for Rs.24618 has been cleared from A/c XX5586. -ICICI Bank,Bank,Bank_8
"Bro send me Rs.4550 on gpay, will return by 03 Jul",Personal,Hard_5
Chakrika  from DTDC is arriving with your package. Contact: 8568463174,Delivery,Delivery_6
713522 is your OTP for GPay login. Valid for 15 minutes. Do not share with anyone.,OTP,OTP_0
Missed  our shows? Come back to Hotstar at 50% off for 3 months. Resubscribe: bit.ly/SGeBCy,Promo,Promo_19
610055 - use this code to sign in to Kotak Never share it with anyone,OTP,OTP_7
Swiggy: Free delivery all weekend! Order your favourites now,Promo,Promo_13
Convert your Kotak card purchase of INR 978 into easy EMIs at 0% interest. Reply YES.,Promo,Promo_15
Work from home! Earn Rs.421903/month. Join: bit.ly/FRCGhW -TM,Spam,Hard_14
Use code 7589 at checkout for 50% off at Swiggy!,Promo,Hard_0
OTP: 347669 for txn of Rs.19557 at Hotstar Do not share -ICICI Bank,OTP,OTP_2
"  Hey, my new number is +915149706103. Save it! Meet at 6pm?",Personal,Hard_4
Use code 6550 at checkout for 50% off at Amazon!,Promo,Hard_0
20841 is your OTP for Meesho login. Valid for 2 minutes. Do not share with anyone.,OTP,OTP_0
Exclusive for you! Buy 1 Get 1 FREE at BigBasket. Limited period offer. Visit bit.ly/aZRDiX,Promo,Promo_3
Missed  our shows? Come back to Prime Video at 50% off for 3 months. Resubscribe: bit.ly/SpNNVp,Promo,Promo_19
YOUR ONE TIME PASSWORD IS 958630 FOR ICICI BANK. PLEASE DO NOT SHARE IT.,OTP,OTP_5
"Hi  Vihaan, unlock Rs.947 off your first order at Flipkart with code NEW26.",Promo,Promo_7
<#> 361392 is ur ICICI Bank code. Valid 10 min. hA8sk2Lqp3,OTP,OTP_13
Auto-pay of Rs.48412 to Teerth is scheduled on 06-07-26 from A/c XX4437 Ensure sufficient balance,Bank,Bank_13
OTP: 111409 for txn of Rs.30955 at Kotak. Do not share. -PNB,OTP,OTP_2
  Low balance alert: A/c XX1526 balance is Rs.427079. Maintain min balance to avoid charges.,Bank,Bank_10
YOUR UBER CODE: 9751,OTP,Hard_8
EMI OF RS.77408 DUE ON 18-02-26 FOR LOAN A/C XX6537. PAY NOW TO AVOID CHARGES. -KOTAK,Bank,Bank_4
Confirmation code 970180 for Axis Bank. Keep it private. T&C apply,OTP,OTP_11
OTP: 3579 for txn of Rs.15212 at Paytm. Do not share. -BOB,OTP,OTP_2
Use code 7317 at checkout for 10% off at Flipkart!,Promo,Hard_0
Out for delivery: Your Meesho package OD9000758492 will arrive today by 3 PM. -Ekart,Delivery,Delivery_1
873524 IS YOUR OTP FOR MYNTRA LOGIN. VALID FOR 2 MINUTES. DO NOT SHARE WITH ANYONE.,OTP,OTP_0
KYC update pending for A/c XX2908 Please visit your nearest Axis Bank branch by 21-06-26 to avoid restrictions,Bank,Bank_12
MEGA SALE! Get 80% OFF on all products at Swiggy. Shop now: bit.ly/tgjCKh T&C apply.,Promo,Promo_0
Interest of Rs.68477 credited to your FD A/c XX7604. -PNB STOP to opt out,Bank,Bank_9
EMI of INR 35347 due on 11-04-26 for loan A/c XX5587. Pay now to avoid charges. -HDFC Bank,Bank,Bank_4
Loved your recent Swiggy order? Reorder in 1 tap and get 70% off today.,Promo,Promo_22
Ekart: Shipment OD9376141012 reached your city hub. Expected delivery: 02 Jul.,Delivery,Delivery_4
MEGA SALE! Get 10% OFF on all products at Zomato. Shop now: bit.ly/iveBdr T&C apply.,Promo,Promo_0
Confirmation code 348439 for Myntra. Keep it private.,OTP,OTP_11
Your HDFC Bank code: 35446,OTP,OTP_8
Weekend special at Zomato! Min 60% off on everything. Don't miss out: bit.ly/hMMFCV STOP to opt out,Promo,Promo_6
8769 is your OTP for Zomato login Valid for 15 minutes Do not share with anyone,OTP,OTP_0
Order  OD5164410177 packed and ready! Expected dispatch by 03 Jul. -BigBasket,Delivery,Delivery_8
Hungry? Get 60% off up to Rs.1690 on your next 3 orders. Code: EAT82. -Zomato,Promo,Promo_12
YOUR VI PACK EXPIRES TOMORROW. RECHARGE WITH RS.880 FOR 1.5GB/DAY + UNLIMITED CALLS.,Promo,Promo_10
Lopa from Ekart is arriving with your package. Contact: 1133799086,Delivery,Delivery_6
698851 is your verification code for PhonePe. Never share your OTP. STOP to opt out,OTP,OTP_3
838185 is your PhonePe security code. Anyone asking for it is a scammer. -TM,OTP,OTP_9
MEGA  SALE! Get 40% OFF on all products at Flipkart. Shop now: bit.ly/NcFfPH T&C apply.,Promo,Promo_0
Anvi from XpressBees is arriving with your package. Contact: 02148910154,Delivery,Delivery_6
<#> 173872 is your Netflix code. Valid 5 min. hA8sk2Lqp3 T&C apply,OTP,OTP_13
your icici bank code: 714404,OTP,OTP_8
Delhivery: Shipment OD4364177471 reached your city hub. Expected delivery: 01 Jul.,Delivery,Delivery_4
Interest of Rs.95857 credited to your FD A/c XX2791. -PNB,Bank,Bank_9
Convert your Kotak card purchase of Rs.159 into easy EMIs at 0% interest. Reply YES. -TM,Promo,Promo_15
Last day! Meesho clearance sale ends tonight Up to 40% off sitewide,Promo,Promo_8
Your Uber code: 5366,OTP,Hard_8
Flight fares dropped! BOM-MAA from Rs.1484. Book on Goibibo before midnight.,Promo,Promo_16
Items in your order history are back in stock at Swiggy. Prices start Rs.574.,Promo,Promo_23
161823 - use this to sign in. Never share this code with anyone.,OTP,Hard_7
Auto-pay of Rs.97680 to Arya is scheduled on 08-06-26 from A/c XX5243. Ensure sufficient balance.,Bank,Bank_13
Order OD3147336034 packed and ready! Expected dispatch by 04 Jul. -Myntra,Delivery,Delivery_8
Flat Rs.809 cashback on your next order at Swiggy. Use code SAVE25. Valid till 05 Jul.,Promo,Promo_2
Delivered! Your Swiggy order OD7282684160 was delivered on 06 Jul. Rate your experience: bit.ly/FpMruR STOP to opt out,Delivery,Delivery_2
tap to verify: 457242. this code expires shortly.,OTP,Hard_9
OTP for delivery of order OD4754353553 is 5716. Share only with the delivery agent. -XpressBees,Delivery,Delivery_9
Salary of Rs.66984 credited to A/c XX5700. Avl Bal: Rs.26177. -Kotak,Bank,Bank_7
436870 - USE THIS TO SIGN IN. NEVER SHARE THIS CODE WITH ANYONE.,OTP,Hard_7
Your order OD8711511934 from Amazon is arriving tomorrow. Keep Rs.4287 ready for COD.,Delivery,Delivery_3
Your credit card XX3062 statement is ready. Total due: Rs.96474. Min due: Rs.4213. -SBI,Bank,Bank_5
Salary of Rs.91784 credited to A/c XX1621. Avl Bal: Rs.106724. -BOB -TM,Bank,Bank_7
IRCTC: Special trains added for festive season. Book early & save up to 30%.,Promo,Promo_17
ALERT: Rs.24387 withdrawn from ATM using card XX1018 on 20-03-26. Bal: Rs.330597. -HDFC Bank,Bank,Bank_3
ALERT: INR 14734 withdrawn from ATM using card XX1883 on 07-05-26. Bal: INR 437673. -PNB,Bank,Bank_3
Auto-pay of Rs.7637 to Chameli is scheduled on 03-02-26 from A/c XX8351 Ensure sufficient balance,Bank,Bank_13
Confirmation code 855902 for Amazon. Keep it private. STOP to opt out,OTP,OTP_11
OTP: 91945 FOR TXN OF RS.40949 AT SBI. DO NOT SHARE. -ICICI BANK,OTP,OTP_2
Flat Rs.298 cashback on ur next order at BigBasket. Use code SAVE95. Valid till 05 Jul.,Promo,Promo_2
  725419 is your Amazon security code. Anyone asking for it is a scammer.,OTP,OTP_9
Missed our shows? Come back to SonyLIV at 50% off for 3 months Resubscribe: bitly/HctCRh,Promo,Promo_19
your one time password is 162024 for bob. please do not share it.,OTP,OTP_5
Your Axis Bank debit card XX1545 has been blocked due to suspicious activity Visit branch or call 1800-XXX to unblock,Bank,Bank_11
Beware of fraud calls asking for card details ICICI Bank officials never ask for PIN or CVV,Bank,Bank_15
Enter 510729 to verify your mobile number for SBI.,OTP,OTP_10
Interest of INR 73229 credited to your FD A/c XX9775. -Axis Bank,Bank,Bank_9
Order OD3389525050 packed and ready! Expected dispatch by 04 Jul. -Swiggy,Delivery,Delivery_8
Auto-pay of Rs.18213 to Ekavir is scheduled on 25-03-26 from A/c XX1198. Ensure sufficient balance.,Bank,Bank_13
Coupon 6267 gives you free delivery on orders above Rs.1313. -Swiggy STOP to opt out,Promo,Hard_1
Flight fares dropped! BLR-MAA from INR 1994. Book on Goibibo before midnight.,Promo,Promo_16
262632  is your BOB security code. Anyone asking for it is a scammer.,OTP,OTP_9
812784 is your SBI security code. Anyone asking for it is a scammer.,OTP,OTP_9
Rs.16861 debited from A/c XX1205 on 26-02-26 to Jeet. Avl Bal: Rs.331278. -PNB,Bank,Bank_0
Your A/c XX7980 is debited with Rs.16561 on 16-01-26. Info: UPI-Pranit. Bal: Rs.275084,Bank,Bank_2
Your one time password is 380802 for Meesho. Please do not share it.,OTP,OTP_5
Missed our shows? Come back to Netflix at 50% off for 3 months. Resubscribe: bit.ly/mvFuJE,Promo,Promo_19
Rs.28405 credited to A/c XX7755 on 19-01-26. Avl Bal: Rs.249391. -SBI,Bank,Bank_1
xpressbees: shipment od5629595010 reached your city hub. expected delivery: 02 jul.,Delivery,Delivery_4
YOUR UBER CODE: 5904,OTP,Hard_8
Axis Bank: 757046 is ur login OTP. It expires in 15 minutes.,OTP,OTP_6
Amazon Big Billion Days! Up to 50% off + extra 10% with Kotak cards. Hurry!,Promo,Promo_1
CONFIRMATION CODE 160294 FOR GPAY. KEEP IT PRIVATE.,OTP,OTP_11
Delivered! Your Zomato order OD5902602649 was delivered on 06 Jul. Rate your experience: bit.ly/sDVqmA,Delivery,Delivery_2
  Last day! Amazon clearance sale ends tonight. Up to 80% off sitewide.,Promo,Promo_8
Your SIM will be deactivated in 24hrs Verify Aadhaar: bitly/ZqnqIT,Spam,Hard_13
ALERT: Rs.45217 withdrawn from ATM using card XX4983 on 24-03-26. Bal: Rs.182334. -PNB,Bank,Bank_3
rs.928 cashback credited to your paytm wallet. use on your next order.,Promo,Promo_21
Items in your order history are back in stock at Swiggy Prices start Rs.805,Promo,Promo_23
recharge with rs.953 & get 20% extra talktime. offer valid today only!,Promo,Promo_5
YOUR BIGBASKET ORDER OD5465421870 HAS BEEN SHIPPED VIA DTDC. TRACK: BIT.LY/LEJTQU,Delivery,Delivery_0
UPI payment of INR 39200 to Ira successful. UPI Ref: 927916783712. -PNB,Bank,Bank_6
Pay  Rs.3366 on delivery for order OD258030726. -Delhivery,Delivery,Hard_10
Your order OD5859191960 from Flipkart is arriving tomorrow Keep Rs.3605 ready for COD,Delivery,Delivery_3
Your  Axis Bank debit card XX4966 has been blocked due to suspicious activity. Visit branch or call 1800-XXX to unblock.,Bank,Bank_11
EMI of Rs.91024 due on 04-06-26 for loan A/c XX8789. Pay now to avoid charges. -ICICI Bank,Bank,Bank_4
  Qabil from BlueDart is arriving with your package. Contact: 7481615502,Delivery,Delivery_6
Exclusive for you! Buy 1 Get 1 FREE at Amazon. Limited period offer. Visit bit.ly/RDPZaC,Promo,Promo_3
88101  is your verification code for ICICI Bank. Never share your OTP.,OTP,OTP_3
OTP for delivery of order OD6672979017 is 9461. Share only with the delivery agent. -DTDC,Delivery,Delivery_9
173317  - use this to sign in. Never share this code with anyone.,OTP,Hard_7
128072 - use this to sign in Never share this code with anyone,OTP,Hard_7
  ALERT: Rs.89835 withdrawn from ATM using card XX5531 on 17-04-26. Bal: Rs.9325. -ICICI Bank,Bank,Bank_3
  Weekend special at Myntra! Min 60% off on everything. Don't miss out: bit.ly/MJmgrr,Promo,Promo_6
OTP for delivery of order OD2451927257 is 9603 Share only with the delivery agent -Delhivery,Delivery,Delivery_9
OTP: 135811 for txn of Rs.11720 at Ola. Do not share. -SBI,OTP,OTP_2
Your SBI debit card XX6608 has been blocked due to suspicious activity Visit branch or call 1800-XXX to unblock,Bank,Bank_11
Recharge  with Rs.861 & get 10% extra talktime. Offer valid today only!,Promo,Promo_5
Your  SBI code: 484322,OTP,OTP_8
  Your order OD3646613528 from BigBasket is arriving tomorrow. Keep Rs.2821 ready for COD.,Delivery,Delivery_3
  Flipkart: Your cart misses you! Complete purchase now & get 10% off. bit.ly/HCqRre,Promo,Promo_4
Myntra: Your cart misses you! Complete purchase now & get 50% off. bit.ly/GzwCDe,Promo,Promo_4
Low balance alert: A/c XX9397 balance is INR 243274. Maintain min balance to avoid charges.,Bank,Bank_10
UPI payment of Rs.12518 to Anay successful. UPI Ref: 379531339482. -BOB,Bank,Bank_6
Rs.42040 debited from A/c XX9239 on 06-01-26 to Shaurya. Avl Bal: Rs.212130. -PNB,Bank,Bank_0
Ur one time password is 315960 for IRCTC. Please do not share it.,OTP,OTP_5
Rs.5619 credited to A/c XX4057 on 01-01-26. Avl Bal: Rs.405927. -PNB,Bank,Bank_1
  Coupon 2460 gives you free delivery on orders above Rs.3781. -Flipkart,Promo,Hard_1
VARSHA FROM XPRESSBEES IS ARRIVING WITH YOUR PACKAGE. CONTACT: +915572584138,Delivery,Delivery_6
Items  in your order history are back in stock at Flipkart. Prices start Rs.1750.,Promo,Promo_23
Delivered! Your Meesho order OD8626169383 was delivered on 02 Jul. Rate your experience: bit.ly/VLFGNr,Delivery,Delivery_2
Out for delivery: Ur Amazon package OD9405059119 will arrive today by 9 PM. -Ekart,Delivery,Delivery_1
Krish from BlueDart is arriving with your package. Contact: 04380269735,Delivery,Delivery_6
  Items in your order history are back in stock at Amazon. Prices start Rs.1413.,Promo,Promo_23
Flat Rs.1101 cashback on your next order at Meesho. Use code SAVE41. Valid till 05 Jul.,Promo,Promo_2
XpressBees: Shipment OD7330129239 reached ur city hub. Expected delivery: 01 Jul.,Delivery,Delivery_4
OTP-based login was enabled for your A/c XX6770 Call HDFC Bank if this wasn't you,Bank,Hard_2
  KYC update pending for A/c XX6250. Please visit your nearest HDFC Bank branch by 19-04-26 to avoid restrictions.,Bank,Bank_12
ALERT: RS.25593 WITHDRAWN FROM ATM USING CARD XX7932 ON 16-04-26. BAL: RS.313100. -SBI,Bank,Bank_3
OTP: 656485 for txn of Rs.18070 at Netflix. Do not share. -Kotak,OTP,OTP_2
Your Meesho order OD9745487511 has been shipped via Ekart. Track: bit.ly/XfMDGV,Delivery,Delivery_0
608311 - use this code to sign in to paytm. never share it with anyone.,OTP,OTP_7
Your credit card XX8093 statement is ready. Total due: Rs.73163. Min due: Rs.3308. -BOB,Bank,Bank_5
Rs.8478 debited from A/c XX6671 on 26-06-26 to Sanaya. Avl Bal: Rs.220499. -BOB,Bank,Bank_0
Salary of INR 54952 credited to A/c XX3427. Avl Bal: INR 12936. -ICICI Bank,Bank,Bank_7
<#> 209633 is your GPay code. Valid 2 min. hA8sk2Lqp3,OTP,OTP_13
Beware of fraud calls asking for card details. HDFC Bank officials never ask for PIN or CVV.,Bank,Bank_15
"Never share your OTP, PIN or CVV. HDFC Bank never asks for these. Stay safe.",Bank,Hard_3
Low balance alert: A/c XX7564 balance is Rs.476847. Maintain min balance to avoid charges.,Bank,Bank_10
Your order OD2018894779 from Meesho is arriving tomorrow Keep Rs.1855 ready for COD,Delivery,Delivery_3
OTP: 341437 for txn of INR 13095 at Zomato. Do not share. -ICICI Bank,OTP,OTP_2
flight fares dropped! del-pnq from rs.492. book on ixigo before midnight.,Promo,Promo_16
EMI of Rs.70067 due on 06-06-26 for loan A/c XX9054 Pay now to avoid charges -PNB,Bank,Bank_4
Missed our shows? Come back to SonyLIV at 50% off for 3 months. Resubscribe: bit.ly/puoOTt,Promo,Promo_19
UPI PAYMENT OF RS.34362 TO EKANTIKA SUCCESSFUL. UPI REF: 194411915907. -AXIS BANK,Bank,Bank_6
AUTO-PAY OF RS.51686 TO ANUSHA IS SCHEDULED ON 03-05-26 FROM A/C XX4793. ENSURE SUFFICIENT BALANCE.,Bank,Bank_13
Low balance alert: A/c XX8070 balance is Rs.355854. Maintain min balance to avoid charges.,Bank,Bank_10
Amazon: 855596 is your login OTP. It expires in 5 minutes.,OTP,OTP_6
"bro send me rs.1275 on gpay, will return by 01 jul",Personal,Hard_5
Pre-approved! Get a PNB credit card with Rs.293183 limit. Zero joining fee. Apply: bit.ly/WZlaqR,Promo,Promo_14
Coupon 2492 gives you free delivery on orders above Rs.4873. -BigBasket,Promo,Hard_1
Shivansh from XpressBees is arriving with your package. Contact: +917291244517,Delivery,Delivery_6
Your Kotak code: 356519,OTP,OTP_8
"Never share your OTP, PIN or CVV ICICI Bank never asks for these Stay safe",Bank,Hard_3
  Salary of Rs.89398 credited to A/c XX3602. Avl Bal: Rs.156973. -PNB,Bank,Bank_7
Enter 544400 to verify your mobile number for Flipkart. T&C apply,OTP,OTP_10
Gautami from XpressBees is arriving with your package. Contact: 02004408171,Delivery,Delivery_6
ALERT: Rs.1705 withdrawn from ATM using card XX5442 on 12-04-26. Bal: Rs.162705. -BOB -TM,Bank,Bank_3
MISSED OUR SHOWS? COME BACK TO PRIME VIDEO AT 50% OFF FOR 3 MONTHS. RESUBSCRIBE: BIT.LY/CPTWSH,Promo,Promo_19
"Never  share your OTP, PIN or CVV. BOB never asks for these. Stay safe.",Bank,Hard_3
Your Uber code: 7048 T&C apply,OTP,Hard_8
IRCTC: Special trains added for festive season. Book early & save up to 30%.,Promo,Promo_17
UPI payment of Rs.73516 to Ojas successful. UPI Ref: 716443840618. -SBI,Bank,Bank_6
Rs.87475 credited to A/c XX6697 on 15-02-26. Avl Bal: Rs.421086. -HDFC Bank STOP to opt out,Bank,Bank_1
  EMI of Rs.57342 due on 28-01-26 for loan A/c XX4580. Pay now to avoid charges. -Axis Bank,Bank,Bank_4
Order OD5414387229 packed and ready! Expected dispatch by 02 Jul. -Myntra,Delivery,Delivery_8
"NEVER SHARE YOUR OTP, PIN OR CVV. PNB NEVER ASKS FOR THESE. STAY SAFE.",Bank,Hard_3
Tap to verify: 318830. This code expires shortly. -TM,OTP,Hard_9
Swiggy: Your cart misses you! Complete purchase now & get 20% off. bit.ly/RIxlxB,Promo,Promo_4
UPI payment of Rs.83874 to Triya successful. UPI Ref: 927879980047. -SBI,Bank,Bank_6
Auto-pay of Rs.50822 to Hemani is scheduled on 03-03-26 from A/c XX4523. Ensure sufficient balance.,Bank,Bank_13
OTP: 453713 for txn of Rs.35930 at Zomato. Do not share. -Axis Bank,OTP,OTP_2
Zomato: Free delivery all weekend! Order ur favourites now.,Promo,Promo_13
Confirmation code 591185 for PNB. Keep it private.,OTP,OTP_11
Loved  your recent Flipkart order? Reorder in 1 tap and get 70% off today.,Promo,Promo_22
Hungry? Get 60% off up to Rs.863 on your next 3 orders. Code: EAT82. -Swiggy T&C apply,Promo,Promo_12
Your credit card XX2344 statement is ready. Total due: Rs.74698. Min due: Rs.4482. -SBI,Bank,Bank_5
"Hi Indira, unlock Rs.1671 off your first order at Meesho with code NEW22.",Promo,Promo_7
Ur BOB debit card XX4120 has been blocked due to suspicious activity. Visit branch or call 1800-XXX to unblock.,Bank,Bank_11
Salary of Rs.63546 credited to A/c XX9839. Avl Bal: Rs.138150. -Kotak -TM,Bank,Bank_7
642146 is your OTP for Paytm login. Valid for 5 minutes. Do not share with anyone.,OTP,OTP_0
Your  Uber code: 4584,OTP,Hard_8
Your return pickup for order OD4183046518 is scheduled on 02 Jul. Keep the item ready. -Meesho,Delivery,Delivery_7
Weekend  special at Swiggy! Min 40% off on everything. Don't miss out: bit.ly/KkiuBq,Promo,Promo_6
Your SIM will be deactivated in 24hrs. Verify Aadhaar: bit.ly/ZhIvWO,Spam,Hard_13
<#> 284465 is your Amazon code Valid 2 min hA8sk2Lqp3,OTP,OTP_13
Swiggy Big Billion Days! Up to 20% off + extra 10% with Kotak cards. Hurry! -TM,Promo,Promo_1
Delivered! Your Meesho order OD9541085946 was delivered on 02 Jul. Rate your experience: bit.ly/UGgdYN,Delivery,Delivery_2
You have 2371 reward points expiring on 04 Jul. Redeem on Meesho. -TM,Promo,Promo_20
"Never share your OTP, PIN or CVV. PNB never asks for these. Stay safe.",Bank,Hard_3
YOUR UBER CODE: 4130,OTP,Hard_8
AUTO-PAY OF RS.85931 TO ISHA IS SCHEDULED ON 29-05-26 FROM A/C XX6764. ENSURE SUFFICIENT BALANCE.,Bank,Bank_13
Exclusive for you! Buy 1 Get 1 FREE at Meesho Limited period offer Visit bitly/EuIQjG,Promo,Promo_3
Work from home! Earn Rs.2080674/month. Join: bit.ly/uiSkpD,Spam,Hard_14
<#> 822518 is your BigBasket code Valid 10 min hA8sk2Lqp3,OTP,OTP_13
netflix: 44271 is your login otp. it expires in 5 minutes.,OTP,OTP_6
<#> 684081 is your Zomato code. Valid 5 min. hA8sk2Lqp3,OTP,OTP_13
"Never  share your OTP, PIN or CVV. PNB never asks for these. Stay safe.",Bank,Hard_3
Swiggy: Free delivery all weekend! Order your favourites now.,Promo,Promo_13
ALERT: Rs.23468 withdrawn from ATM using card XX5445 on 28-01-26. Bal: Rs.11246. -Axis Bank,Bank,Bank_3
exclusive for you! buy 1 get 1 free at swiggy. limited period offer. visit bit.ly/dzhxpu,Promo,Promo_3
Your one time password is 776921 for Amazon Please do not share it,OTP,OTP_5
Delivery attempt failed for order OD8299710485. We will retry tomorrow. -BlueDart,Delivery,Delivery_5
Your BigBasket membership expires soon. Renew now & save 60%: bit.ly/gqfVrT,Promo,Promo_9
BigBasket: 135351 is your login OTP. It expires in 5 minutes.,OTP,OTP_6
  Your order OD7536326010 from Myntra is arriving tomorrow. Keep Rs.2685 ready for COD.,Delivery,Delivery_3
Guneet  from XpressBees is arriving with your package. Contact: 5314819945,Delivery,Delivery_6
your sim will be deactivated in 24hrs. verify aadhaar: bit.ly/ojlcjd,Spam,Hard_13
Enter 577998 to verify your mobile number for PhonePe.,OTP,OTP_10
Work from home! Earn Rs.2244086/month. Join: bit.ly/ZpVWZe,Spam,Hard_14
Tap to verify: 746004. This code expires shortly.,OTP,Hard_9
386345 is your verification code for Uber. Never share your OTP.,OTP,OTP_3
Your  Airtel pack expires tomorrow. Recharge with Rs.949 for 3GB/day + unlimited calls.,Promo,Promo_10
Weekend special at Flipkart! Min 50% off on everything. Don't miss out: bit.ly/VaasJU STOP to opt out,Promo,Promo_6
Your Uber code: 9600,OTP,Hard_8
Flight fares dropped! DEL-LKO from Rs.1729 Book on Goibibo before midnight,Promo,Promo_16
543900 - use this code to sign in to bigbasket. never share it with anyone.,OTP,OTP_7
OTP for delivery of order OD8041999763 is 5733. Share only with the delivery agent. -Ekart,Delivery,Delivery_9
Rs.90276 debited from A/c XX7813 on 05-02-26 to Oviya Avl Bal: Rs.412105 -Axis Bank,Bank,Bank_0
Your ICICI Bank debit card XX1456 has been blocked due to suspicious activity. Visit branch or call 1800-XXX to unblock.,Bank,Bank_11
Your order OD9109463806 from Swiggy is arriving tomorrow. Keep Rs.739 ready for COD.,Delivery,Delivery_3
Weekend special at Flipkart! Min 80% off on everything. Don't miss out: bit.ly/iGZCKk,Promo,Promo_6
use 450162 to complete your meesho registration. valid till 5 mins.,OTP,OTP_4
484505 - use this to sign in. never share this code with anyone.,OTP,Hard_7
Cheque no 668187821362 for Rs.91230 has been cleared from A/c XX8382 -PNB,Bank,Bank_8
Dear customer ur ICICI Bank account will be blocked! Update KYC now: bit.ly/EbCYSG,Spam,Hard_11
Recharge with Rs.468 & get 30% extra talktime. Offer valid today only!,Promo,Promo_5
<#> 191815 is your Flipkart code. Valid 10 min. hA8sk2Lqp3 STOP to opt out,OTP,OTP_13
KYC update pending for A/c XX7747. Please visit your nearest Kotak branch by 09-04-26 to avoid restrictions.,Bank,Bank_12
Your order OD6620326391 from Flipkart is arriving tomorrow. Keep Rs.1062 ready for COD.,Delivery,Delivery_3
  OTP-based login was enabled for your A/c XX9413. Call BOB if this wasn't you.,Bank,Hard_2
810803 - use this to sign in. Never share this code with anyone.,OTP,Hard_7
  Your credit card XX5290 statement is ready. Total due: Rs.80853. Min due: Rs.4146. -HDFC Bank,Bank,Bank_5
Your FD of INR 5405 matures on 07-03-26. Renew or withdraw via netbanking. -SBI,Bank,Bank_14
Your  A/c XX6404 is debited with Rs.36304 on 30-04-26. Info: UPI-Yuvraj. Bal: Rs.113182,Bank,Bank_2
374182 - use this to sign in. Never share this code with anyone.,OTP,Hard_7
Your Uber code: 9952,OTP,Hard_8
OTP: 675189 for txn of Rs.13630 at GPay. Do not share. -Axis Bank,OTP,OTP_2
Zomato Big Billion Days! Up to 80% off + extra 10% with SBI cards. Hurry!,Promo,Promo_1
MEGA SALE! Get 10% OFF on all products at Meesho. Shop now: bit.ly/eEWHSL T&C apply.,Promo,Promo_0
Use 189486 to complete ur Ola registration. Valid till 2 mins.,OTP,OTP_4
  Meesho Big Billion Days! Up to 50% off + extra 10% with PNB cards. Hurry!,Promo,Promo_1
  Recharge with Rs.651 & get 80% extra talktime. Offer valid today only!,Promo,Promo_5
order od3101502411 packed and ready! expected dispatch by 02 jul. -swiggy,Delivery,Delivery_8
"Never share your OTP, PIN or CVV. SBI never asks for these. Stay safe.",Bank,Hard_3
alert: rs.81077 withdrawn from atm using card xx2529 on 27-04-26. bal: rs.407070. -icici bank,Bank,Bank_3
Rs.40927 credited to A/c XX2472 on 12-06-26. Avl Bal: Rs.22949. -Axis Bank,Bank,Bank_1
Coupon 5490 gives you free delivery on orders above Rs.2870. -Zomato,Promo,Hard_1
"Hi  Nicholas, unlock Rs.668 off your first order at Amazon with code NEW77.",Promo,Promo_7
  Salary of Rs.5487 credited to A/c XX6915. Avl Bal: Rs.447743. -PNB,Bank,Bank_7
OTP: 254907 for txn of INR 3415 at Axis Bank. Do not share. -BOB,OTP,OTP_2
Dear customer ur Kotak account will be blocked! Update KYC now: bit.ly/XwxEID,Spam,Hard_11
Tap to verify: 895483. This code expires shortly.,OTP,Hard_9
OTP: 287858 for txn of Rs.44010 at Swiggy. Do not share. -HDFC Bank,OTP,OTP_2
Dear customer ur SBI account will be blocked! Update KYC now: bit.ly/zNslUw,Spam,Hard_11
Rs.21393 credited to A/c XX4136 on 07-06-26. Avl Bal: Rs.387760. -SBI,Bank,Bank_1
Ur Prime Video plan renews on 01 Jul at Rs.911. Upgrade to 4K for Rs.437/month.,Promo,Promo_18
CONGRATULATIONS! YOU WON RS.2276324 IN LUCKY DRAW. CLAIM: BIT.LY/QHBXIZ,Spam,Hard_12
MYNTRA: YOUR CART MISSES YOU! COMPLETE PURCHASE NOW & GET 10% OFF. BIT.LY/IKTCYX,Promo,Promo_4
  Your credit card XX7483 statement is ready. Total due: Rs.83767. Min due: Rs.4857. -SBI,Bank,Bank_5
167585 is your Netflix security code. Anyone asking for it is a scammer.,OTP,OTP_9
Ur Hotstar plan renews on 01 Jul at Rs.263. Upgrade to 4K for Rs.463/month.,Promo,Promo_18
Your account statement for June is available. Download from the Axis Bank app.,Bank,Bank_16
Convert your HDFC Bank card purchase of Rs.186 into easy EMIs at 0% interest. Reply YES.,Promo,Promo_15
"Hi Yachana, unlock Rs.754 off your first order at Meesho with code NEW38.",Promo,Promo_7
DTDC: Shipment OD5981288065 reached your city hub. Expected delivery: 02 Jul.,Delivery,Delivery_4
confirmation code 708160 for bigbasket. keep it private.,OTP,OTP_11
"Hey, my new number is 0270083665. Save it! Meet at tonight?",Personal,Hard_4
OTP: 359483 for txn of Rs.3366 at Amazon. Do not share. -PNB,OTP,OTP_2
Myntra: Your cart misses you! Complete purchase now & get 80% off. bit.ly/wHhZit,Promo,Promo_4
upi payment of rs.93399 to urishilla successful. upi ref: 610896484819. -kotak,Bank,Bank_6
Delivered! Your BigBasket order OD3287774367 was delivered on 01 Jul. Rate your experience: bit.ly/QzXKiz,Delivery,Delivery_2
Rs.17461 debited from A/c XX4364 on 14-03-26 to Radhika. Avl Bal: Rs.42848. -BOB,Bank,Bank_0
  Work from home! Earn Rs.382053/month. Join: bit.ly/edfAPu,Spam,Hard_14
Flipkart: Your cart misses you! Complete purchase now & get 10% off. bit.ly/XTQuwW T&C apply,Promo,Promo_4
EMI of Rs.85194 due on 29-05-26 for loan A/c XX3942. Pay now to avoid charges. -Axis Bank,Bank,Bank_4
"your icici bank health insurance renewal is due 05 jul. renew online, save 70% on premium.",Promo,Promo_24
Coupon 2880 gives you free delivery on orders above Rs.4112. -Zomato,Promo,Hard_1
ALERT: Rs.78089 withdrawn from ATM using card XX7390 on 25-04-26. Bal: Rs.15940. -BOB,Bank,Bank_3
Your FD of Rs.86433 matures on 27-04-26. Renew or withdraw via netbanking. -Kotak,Bank,Bank_14
MEGA SALE! Get 10% OFF on all products at Zomato. Shop now: bit.ly/ZLctLI T&C apply.,Promo,Promo_0
EMI of Rs.16109 due on 13-06-26 for loan A/c XX2099. Pay now to avoid charges. -SBI,Bank,Bank_4
Salary of Rs.11679 credited to A/c XX5496 Avl Bal: Rs.72746 -PNB,Bank,Bank_7
Your Airtel pack expires tomorrow. Recharge with INR 1362 for 2GB/day + unlimited calls.,Promo,Promo_10
  Out for delivery: Your Meesho package OD3190231883 will arrive today by 12 PM. -BlueDart,Delivery,Delivery_1
Your OTP is 319601 Use it to verify your Swiggy account Expires in 15 min,OTP,OTP_1
Your SIM will be deactivated in 24hrs. Verify Aadhaar: bit.ly/Uaubrn,Spam,Hard_13
Your  OTP is 581126. Use it to verify your Amazon account. Expires in 10 min.,OTP,OTP_1
Your A/c XX5307 is debited with Rs.71283 on 05-01-26. Info: UPI-Amaira. Bal: Rs.14738 STOP to opt out,Bank,Bank_2
  Data exhausted? Get 3GB extra with Rs.381 booster pack. Dial *121# or visit app.,Promo,Promo_11
OTP: 474997 for txn of Rs.22308 at Myntra. Do not share. -PNB,OTP,OTP_2
Amazon Big Billion Days! Up to 50% off + extra 10% with HDFC Bank cards. Hurry!,Promo,Promo_1
OTP for delivery of order OD5847852977 is 9803. Share only with the delivery agent. -BlueDart,Delivery,Delivery_9
Rs.70331 debited from A/c XX7536 on 30-04-26 to Warinder. Avl Bal: Rs.339297. -SBI STOP to opt out,Bank,Bank_0
Your BigBasket code: 156445 STOP to opt out,OTP,OTP_8
LOVED YOUR RECENT MYNTRA ORDER? REORDER IN 1 TAP AND GET 80% OFF TODAY.,Promo,Promo_22
Congratulations! You won Rs.2135636 in lucky draw. Claim: bit.ly/Qsehrg,Spam,Hard_12
Use 789287 to complete ur BOB registration. Valid till 10 mins.,OTP,OTP_4
Your  Flipkart order OD5850258855 has been shipped via Ekart. Track: bit.ly/ExOWvg,Delivery,Delivery_0
OTP for delivery of order OD1573830309 is 6456. Share only with the delivery agent. -Ekart,Delivery,Delivery_9
Recharge  with Rs.333 & get 60% extra talktime. Offer valid today only!,Promo,Promo_5
loved your recent amazon order? reorder in 1 tap and get 80% off today.,Promo,Promo_22
  Interest of Rs.63624 credited to your FD A/c XX9668. -ICICI Bank,Bank,Bank_9
pay rs.4830 on delivery for order od554233182. -ekart,Delivery,Hard_10
Ola: 484452 is your login OTP It expires in 10 minutes,OTP,OTP_6
OTP: 456158 for txn of Rs.37672 at PNB. Do not share. -PNB,OTP,OTP_2
Dear customer ur ICICI Bank account will be blocked! Update KYC now: bit.ly/IxGxsI,Spam,Hard_11
"Your PNB health insurance renewal is due 01 Jul. Renew online, save 50% on premium.",Promo,Promo_24
Weekend special at Amazon! Min 80% off on everything. Don't miss out: bit.ly/jkkoHT,Promo,Promo_6
Flat Rs.82 cashback on your next order at Flipkart Use code SAVE73 Valid till 03 Jul,Promo,Promo_2
Exclusive for you! Buy 1 Get 1 FREE at Myntra. Limited period offer. Visit bit.ly/ikkmQj,Promo,Promo_3
  Exclusive for you! Buy 1 Get 1 FREE at Flipkart. Limited period offer. Visit bit.ly/uUOspZ,Promo,Promo_3
YOUR MEESHO ORDER OD1410162744 HAS BEEN SHIPPED VIA XPRESSBEES. TRACK: BIT.LY/QCYHTZ,Delivery,Delivery_0
Auto-pay of Rs.95283 to Geetika is scheduled on 14-05-26 from A/c XX1467. Ensure sufficient balance.,Bank,Bank_13
Your  return pickup for order OD1540274520 is scheduled on 06 Jul. Keep the item ready. -Flipkart,Delivery,Delivery_7
Rs.38054 credited to A/c XX5967 on 22-01-26 Avl Bal: Rs.63043 -ICICI Bank,Bank,Bank_1
Your  OTP is 852355. Use it to verify your SBI account. Expires in 15 min.,OTP,OTP_1
  Naveen from DTDC is arriving with your package. Contact: +914860968249,Delivery,Delivery_6
Items in your order history are back in stock at Swiggy. Prices start Rs.1972.,Promo,Promo_23
AMAZON: YOUR CART MISSES YOU! COMPLETE PURCHASE NOW & GET 70% OFF. BIT.LY/EZGYOY,Promo,Promo_4
IRCTC: 877154 is your login OTP. It expires in 2 minutes.,OTP,OTP_6
Order OD9634605615 packed and ready! Expected dispatch by 01 Jul. -Myntra,Delivery,Delivery_8
Your OTP is 758398 Use it to verify your GPay account Expires in 15 min,OTP,OTP_1
Your one time password is 194178 for ICICI Bank. Please do not share it.,OTP,OTP_5
Rs.47923 debited from A/c XX9554 on 09-01-26 to Karan. Avl Bal: Rs.266330. -ICICI Bank,Bank,Bank_0
Interest  of Rs.56872 credited to your FD A/c XX6401. -PNB,Bank,Bank_9
Ekart: Shipment OD3833163231 reached your city hub. Expected delivery: 05 Jul.,Delivery,Delivery_4
Your  Jio pack expires tomorrow. Recharge with Rs.324 for 3GB/day + unlimited calls.,Promo,Promo_10
order od9249009450 packed and ready! expected dispatch by 02 jul. -myntra,Delivery,Delivery_8
YOUR BIGBASKET MEMBERSHIP EXPIRES SOON. RENEW NOW & SAVE 50%: BIT.LY/NKXXHV,Promo,Promo_9
Tap to verify: 359437. This code expires shortly.,OTP,Hard_9
Your account statement for July is available. Download from the HDFC Bank app. T&C apply,Bank,Bank_16
BigBasket: 104401 is ur login OTP. It expires in 10 minutes.,OTP,OTP_6
Your A/c XX2565 is debited with Rs.45661 on 01-03-26. Info: UPI-Jackson. Bal: Rs.149428,Bank,Bank_2
EMI of Rs.5255 due on 06-06-26 for loan A/c XX3051. Pay now to avoid charges. -SBI,Bank,Bank_4
PNB:  156348 is your login OTP. It expires in 2 minutes.,OTP,OTP_6
"Never share your OTP, PIN or CVV. HDFC Bank never asks for these. Stay safe.",Bank,Hard_3
  Order OD6664636577 packed and ready! Expected dispatch by 02 Jul. -Swiggy,Delivery,Delivery_8
  Hungry? Get 30% off up to Rs.1736 on your next 3 orders. Code: EAT78. -Swiggy,Promo,Promo_12
Tap to verify: 896809. This code expires shortly.,OTP,Hard_9
WEEKEND SPECIAL AT SWIGGY! MIN 40% OFF ON EVERYTHING. DON'T MISS OUT: BIT.LY/MSBXEX,Promo,Promo_6
G-743241 is your Google verification code.,OTP,OTP_12
Your Uber code: 5558,OTP,Hard_8
Exclusive for you! Buy 1 Get 1 FREE at Flipkart. Limited period offer. Visit bit.ly/JoWkcX,Promo,Promo_3
  Rs.76597 debited from A/c XX7435 on 16-06-26 to Nachiket. Avl Bal: Rs.428206. -PNB,Bank,Bank_0
Your order OD5439977966 from Swiggy is arriving tomorrow Keep Rs.3325 ready for COD,Delivery,Delivery_3
Work from home! Earn Rs.908632/month. Join: bit.ly/YyeLZK,Spam,Hard_14
YOUR ACCOUNT STATEMENT FOR JULY IS AVAILABLE. DOWNLOAD FROM THE HDFC BANK APP.,Bank,Bank_16
Congratulations! You won Rs.1455200 in lucky draw. Claim: bit.ly/OWeiow,Spam,Hard_12
"Hey,  my new number is 02225833306. Save it! Meet at noon?",Personal,Hard_4
OTP FOR DELIVERY OF ORDER OD6838795751 IS 5286. SHARE ONLY WITH THE DELIVERY AGENT. -DELHIVERY,Delivery,Delivery_9
Flat Rs.77 cashback on your next order at Zomato. Use code SAVE69. Valid till 02 Jul.,Promo,Promo_2
Meesho: Your cart misses you! Complete purchase now & get 50% off bitly/sgprjD,Promo,Promo_4
Your Kotak debit card XX4745 has been blocked due to suspicious activity. Visit branch or call 1800-XXX to unblock.,Bank,Bank_11
Delivery attempt failed for order OD7386144220. We will retry tomorrow. -BlueDart,Delivery,Delivery_5
Your  FD of Rs.63435 matures on 01-05-26. Renew or withdraw via netbanking. -BOB,Bank,Bank_14
Missed our shows? Come back to SonyLIV at 50% off for 3 months. Resubscribe: bit.ly/yQqqEj,Promo,Promo_19
Januja from BlueDart is arriving with your package. Contact: 09399481628,Delivery,Delivery_6
Auto-pay of Rs.1526 to Vanya is scheduled on 19-03-26 from A/c XX9286. Ensure sufficient balance.,Bank,Bank_13
  IRCTC: Special trains added for festive season. Book early & save up to 80%.,Promo,Promo_17
Delivered! Ur Myntra order OD1299820829 was delivered on 05 Jul. Rate ur experience: bit.ly/qXmgKz,Delivery,Delivery_2
Your Airtel pack expires tomorrow. Recharge with Rs.1374 for 3GB/day + unlimited calls.,Promo,Promo_10
<#> 919656 is your Flipkart code. Valid 5 min. hA8sk2Lqp3,OTP,OTP_13
Low balance alert: A/c XX7684 balance is Rs.319372. Maintain min balance to avoid charges.,Bank,Bank_10
  Your Uber code: 8857,OTP,Hard_8
Items in ur order history are back in stock at BigBasket. Prices start Rs.1397.,Promo,Promo_23
Rs.1874 cashback credited to your Amazon Pay wallet Use on your next order,Promo,Promo_21
Delivery attempt failed for order OD3694984186. We will retry tomorrow. -Delhivery,Delivery,Delivery_5
Data exhausted? Get 3GB extra with Rs.1397 booster pack. Dial *121# or visit app.,Promo,Promo_11
INTEREST OF RS.76036 CREDITED TO YOUR FD A/C XX3586. -BOB,Bank,Bank_9
659190 IS YOUR VERIFICATION CODE FOR FLIPKART. NEVER SHARE YOUR OTP.,OTP,OTP_3
data exhausted? get 3gb extra with rs.628 booster pack. dial *121# or visit app.,Promo,Promo_11
Loved your recent Myntra order? Reorder in 1 tap and get 80% off today.,Promo,Promo_22
Delivery attempt failed for order OD3680507873. We will retry tomorrow. -BlueDart,Delivery,Delivery_5
Your OTP is 964533. Use it to verify your Ola account. Expires in 15 min.,OTP,OTP_1
  Your return pickup for order OD6097580773 is scheduled on 04 Jul. Keep the item ready. -Flipkart,Delivery,Delivery_7
Exclusive for you! Buy 1 Get 1 FREE at Swiggy. Limited period offer. Visit bit.ly/FdOQtK,Promo,Promo_3
PAY RS.3161 ON DELIVERY FOR ORDER OD678171074. -DTDC,Delivery,Hard_10
Your Vi pack expires tomorrow. Recharge with Rs.1784 for 1.5GB/day + unlimited calls.,Promo,Promo_10
Ur Jio pack expires tomorrow. Recharge with Rs.675 for 1.5GB/day + unlimited calls.,Promo,Promo_10
Ekart: Shipment OD7483062624 reached your city hub. Expected delivery: 04 Jul. STOP to opt out,Delivery,Delivery_4
Odika  from BlueDart is arriving with your package. Contact: 2462589883,Delivery,Delivery_6
Coupon 3565 gives you free delivery on orders above Rs.244. -Myntra,Promo,Hard_1
851973 - use this code to sign in to ICICI Bank. Never share it with anyone.,OTP,OTP_7
Salary of Rs.60872 credited to A/c XX5192 Avl Bal: Rs.206295 -ICICI Bank,Bank,Bank_7
g-97527 is your google verification code.,OTP,OTP_12
422933 - use this code to sign in to SBI. Never share it with anyone.,OTP,OTP_7
57634  - use this code to sign in to Amazon. Never share it with anyone.,OTP,OTP_7
Beware of fraud calls asking for card details. Kotak officials never ask for PIN or CVV.,Bank,Bank_15
CHEQUE NO. 702108214543 FOR RS.43720 HAS BEEN CLEARED FROM A/C XX1040. -KOTAK,Bank,Bank_8
Zomato: Your cart misses you! Complete purchase now & get 20% off. bit.ly/ytCNeb,Promo,Promo_4
Loved your recent Meesho order? Reorder in 1 tap and get 20% off today.,Promo,Promo_22
Your Meesho code: 669114,OTP,OTP_8
Your ICICI Bank debit card XX7341 has been blocked due to suspicious activity. Visit branch or call 1800-XXX to unblock.,Bank,Bank_11
Pre-approved! Get a BOB credit card with Rs.175587 limit. Zero joining fee. Apply: bit.ly/XXYgzo,Promo,Promo_14
Delivery  attempt failed for order OD7710899939. We will retry tomorrow. -XpressBees,Delivery,Delivery_5
Dear customer ur Kotak account will be blocked! Update KYC now: bit.ly/RAArXm,Spam,Hard_11
ALERT:  Rs.23777 withdrawn from ATM using card XX3777 on 29-03-26. Bal: Rs.60086. -SBI,Bank,Bank_3
Zomato: Free delivery all weekend! Order ur favourites now.,Promo,Promo_13
Your Uber code: 4408 STOP to opt out,OTP,Hard_8
518582 is your verification code for Axis Bank. Never share your OTP. STOP to opt out,OTP,OTP_3
Delivery attempt failed for order OD9552918140. We will retry tomorrow. -Ekart -TM,Delivery,Delivery_5
Dear customer ur BOB account will be blocked! Update KYC now: bit.ly/panbLh,Spam,Hard_11
Your Netflix plan renews on 02 Jul at Rs.756. Upgrade to 4K for Rs.662/month.,Promo,Promo_18
EMI OF RS.16303 DUE ON 10-05-26 FOR LOAN A/C XX2966. PAY NOW TO AVOID CHARGES. -SBI,Bank,Bank_4
alert: rs.24608 withdrawn from atm using card xx7517 on 22-06-26. bal: rs.241487. -kotak,Bank,Bank_3
Low balance alert: A/c XX7318 balance is Rs.300620. Maintain min balance to avoid charges.,Bank,Bank_10
Missed our shows? Come back to Prime Video at 50% off for 3 months. Resubscribe: bit.ly/rGABtX,Promo,Promo_19
Items in your order history are back in stock at Flipkart. Prices start Rs.968.,Promo,Promo_23
  Auto-pay of Rs.20614 to Zashil is scheduled on 28-04-26 from A/c XX1931. Ensure sufficient balance.,Bank,Bank_13
Interest of INR 23037 credited to your FD A/c XX9194. -ICICI Bank,Bank,Bank_9
Order OD7022367248 packed and ready! Expected dispatch by 06 Jul. -Zomato -TM,Delivery,Delivery_8
Ola: 99938 is your login OTP. It expires in 15 minutes.,OTP,OTP_6
Your A/c XX5250 is debited with Rs.23372 on 17-01-26. Info: UPI-Kamya. Bal: Rs.243470,Bank,Bank_2
XpressBees: Shipment OD5713968792 reached your city hub. Expected delivery: 03 Jul.,Delivery,Delivery_4
675696 - use this code to sign in to Kotak. Never share it with anyone.,OTP,OTP_7
Your HDFC Bank debit card XX5805 has been blocked due to suspicious activity. Visit branch or call 1800-XXX to unblock.,Bank,Bank_11
Rs.96664  credited to A/c XX6848 on 18-01-26. Avl Bal: Rs.326257. -SBI,Bank,Bank_1
OUT FOR DELIVERY: YOUR MYNTRA PACKAGE OD7248130544 WILL ARRIVE TODAY BY 3 PM. -EKART,Delivery,Delivery_1
Coupon 8763 gives you free delivery on orders above Rs.621. -Meesho,Promo,Hard_1
Weekend special at Swiggy! Min 60% off on everything. Don't miss out: bit.ly/vJPLws,Promo,Promo_6
delivered! your swiggy order od6171806398 was delivered on 03 jul. rate your experience: bit.ly/ccwmld,Delivery,Delivery_2
Order OD3324383705 packed and ready! Expected dispatch by 04 Jul. -Meesho,Delivery,Delivery_8
Interest of Rs.32915 credited to your FD A/c XX6527 -HDFC Bank,Bank,Bank_9
Use 225782 to complete your Zomato registration. Valid till 2 mins.,OTP,OTP_4
Convert your BOB card purchase of Rs.1138 into easy EMIs at 0% interest. Reply YES.,Promo,Promo_15
"Bro send me Rs.428 on gpay, will return by 02 Jul",Personal,Hard_5
KYC update pending for A/c XX6433. Please visit your nearest HDFC Bank branch by 03-07-26 to avoid restrictions.,Bank,Bank_12
"Never share your OTP, PIN or CVV. BOB never asks for these. Stay safe.",Bank,Hard_3
Confirmation code 690028 for Swiggy. Keep it private.,OTP,OTP_11
flat rs.531 cashback on your next order at meesho. use code save67. valid till 03 jul.,Promo,Promo_2
Cheque no. 836849467759 for Rs.53652 has been cleared from A/c XX7134. -PNB,Bank,Bank_8
"Your SBI health insurance renewal is due 06 Jul. Renew online, save 30% on premium.",Promo,Promo_24
Order OD3662029919 packed and ready! Expected dispatch by 06 Jul. -Flipkart,Delivery,Delivery_8
Salary of Rs.71803 credited to A/c XX4848. Avl Bal: Rs.183080. -PNB,Bank,Bank_7
132049 is your netflix security code. anyone asking for it is a scammer.,OTP,OTP_9
Flat Rs.842 cashback on your next order at Myntra. Use code SAVE60. Valid till 01 Jul.,Promo,Promo_2
Auto-pay of INR 46958 to Jagrati is scheduled on 16-06-26 from A/c XX4842. Ensure sufficient balance.,Bank,Bank_13
Flight fares dropped! DEL-PNQ from Rs.472. Book on Goibibo before midnight.,Promo,Promo_16
Girish  from DTDC is arriving with your package. Contact: 02548492274,Delivery,Delivery_6
Pay Rs.3606 on delivery for order OD916456437 -BlueDart,Delivery,Hard_10
<#> 300771 is your Uber code. Valid 15 min. hA8sk2Lqp3,OTP,OTP_13
MEGA SALE! GET 30% OFF ON ALL PRODUCTS AT MEESHO. SHOP NOW: BIT.LY/RRNULM T&C APPLY.,Promo,Promo_0
OTP for delivery of order OD5006252525 is 1559. Share only with the delivery agent. -Delhivery,Delivery,Delivery_9
496831 is your verification code for phonepe. never share your otp.,OTP,OTP_3
mega sale! get 20% off on all products at swiggy. shop now: bit.ly/ajbaum t&c apply.,Promo,Promo_0
Low balance alert: A/c XX3991 balance is Rs.408630. Maintain min balance to avoid charges.,Bank,Bank_10
Last day! Myntra clearance sale ends tonight. Up to 60% off sitewide.,Promo,Promo_8
Swiggy: Free delivery all weekend! Order ur favourites now.,Promo,Promo_13
Your Meesho membership expires soon Renew now & save 30%: bitly/IdrLTk,Promo,Promo_9
MISSED OUR SHOWS? COME BACK TO PRIME VIDEO AT 50% OFF FOR 3 MONTHS. RESUBSCRIBE: BIT.LY/XMVYXU,Promo,Promo_19
Delivered! Your Zomato order OD7845311529 was delivered on 04 Jul. Rate your experience: bit.ly/xhPVUe,Delivery,Delivery_2
Your SonyLIV plan renews on 04 Jul at Rs.225. Upgrade to 4K for Rs.841/month.,Promo,Promo_18
  Pre-approved! Get a ICICI Bank credit card with Rs.449758 limit. Zero joining fee. Apply: bit.ly/bmmjDr,Promo,Promo_14
942494 - use this to sign in. Never share this code with anyone.,OTP,Hard_7
Order OD1473542808 packed and ready! Expected dispatch by 03 Jul. -Meesho,Delivery,Delivery_8
Your Axis Bank debit card XX1490 has been blocked due to suspicious activity. Visit branch or call 1800-XXX to unblock.,Bank,Bank_11
You have 1491 reward points expiring on 01 Jul. Redeem on Myntra.,Promo,Promo_20
Interest of Rs.92216 credited to your FD A/c XX5461. -HDFC Bank,Bank,Bank_9
  Your SonyLIV plan renews on 05 Jul at Rs.1809. Upgrade to 4K for Rs.455/month.,Promo,Promo_18
rs.534 cashback credited to your paytm wallet. use on your next order.,Promo,Promo_21
ALERT: Rs.75737 withdrawn from ATM using card XX4943 on 16-03-26. Bal: Rs.297832. -HDFC Bank,Bank,Bank_3
BLUEDART: SHIPMENT OD7203352714 REACHED YOUR CITY HUB. EXPECTED DELIVERY: 01 JUL.,Delivery,Delivery_4
ICICI Bank: 764116 is your login OTP. It expires in 30 minutes.,OTP,OTP_6
"hi indira, unlock rs.93 off your first order at amazon with code new80.",Promo,Promo_7
Pay Rs.2059 on delivery for order OD369183134. -DTDC,Delivery,Hard_10
Pre-approved! Get a SBI credit card with Rs.124802 limit. Zero joining fee. Apply: bit.ly/LVTZZh,Promo,Promo_14
Ur FD of Rs.53530 matures on 02-07-26. Renew or withdraw via netbanking. -PNB,Bank,Bank_14
Delivery attempt failed for order OD6446334582. We will retry tomorrow. -DTDC,Delivery,Delivery_5
  OTP for delivery of order OD6225145513 is 7108. Share only with the delivery agent. -BlueDart,Delivery,Delivery_9
OTP for delivery of order OD3983956047 is 1642. Share only with the delivery agent. -BlueDart,Delivery,Delivery_9
ALERT: Rs.89130 withdrawn from ATM using card XX3710 on 07-05-26. Bal: Rs.204529. -BOB,Bank,Bank_3
Order OD3105718021 packed and ready! Expected dispatch by 05 Jul. -Myntra T&C apply,Delivery,Delivery_8
  BigBasket: Your cart misses you! Complete purchase now & get 10% off. bit.ly/BQwBVH,Promo,Promo_4
"Hey, my new number is 00625435358. Save it! Meet at 6pm?",Personal,Hard_4
Low balance alert: A/c XX6839 balance is Rs.134941. Maintain min balance to avoid charges.,Bank,Bank_10
Your account statement for July is available. Download from the HDFC Bank app.,Bank,Bank_16
RS.60924 DEBITED FROM A/C XX5268 ON 25-04-26 TO KIAAN. AVL BAL: RS.217225. -HDFC BANK,Bank,Bank_0
OTP: 449181 for txn of Rs.19624 at Zomato. Do not share. -BOB,OTP,OTP_2
CONVERT YOUR PNB CARD PURCHASE OF RS.962 INTO EASY EMIS AT 0% INTEREST. REPLY YES.,Promo,Promo_15
900631 - use this to sign in. Never share this code with anyone.,OTP,Hard_7
Hungry?  Get 10% off up to Rs.1731 on your next 3 orders. Code: EAT25. -Zomato,Promo,Promo_12
Order OD5114455617 packed and ready! Expected dispatch by 01 Jul. -Swiggy,Delivery,Delivery_8
  Your Prime Video plan renews on 03 Jul at Rs.416. Upgrade to 4K for Rs.764/month.,Promo,Promo_18
Auto-pay of Rs.60694 to Jason is scheduled on 15-05-26 from A/c XX7491. Ensure sufficient balance.,Bank,Bank_13
Your Uber code: 1836,OTP,Hard_8
Your one time password is 120011 for SBI. Please do not share it. -TM,OTP,OTP_5
upi payment of rs.79852 to ridhi successful. upi ref: 979676264820. -bob,Bank,Bank_6
819114 - use this code to sign in to PNB. Never share it with anyone.,OTP,OTP_7
g-97900 is your google verification code.,OTP,OTP_12
Use code 9097 at checkout for 25% off at Myntra!,Promo,Hard_0
Pre-approved!  Get a ICICI Bank credit card with Rs.278126 limit. Zero joining fee. Apply: bit.ly/KdyJPI,Promo,Promo_14
Your one time password is 724580 for Ola. Please do not share it.,OTP,OTP_5
Weekend special at Swiggy! Min 80% off on everything. Don't miss out: bit.ly/INlpjd,Promo,Promo_6
<#> 986137 is your Meesho code. Valid 10 min. hA8sk2Lqp3,OTP,OTP_13
work from home! earn rs.1348501/month. join: bit.ly/idaupl,Spam,Hard_14
KYC update pending for A/c XX8907. Please visit your nearest SBI branch by 16-03-26 to avoid restrictions.,Bank,Bank_12
auto-pay of rs.55442 to charita is scheduled on 16-04-26 from a/c xx6134. ensure sufficient balance.,Bank,Bank_13
Use code 7531 at checkout for 50% off at Meesho!,Promo,Hard_0
Convert  your Axis Bank card purchase of Rs.1005 into easy EMIs at 0% interest. Reply YES.,Promo,Promo_15
your bob code: 74035,OTP,OTP_8
Coupon  2894 gives you free delivery on orders above Rs.1827. -Amazon,Promo,Hard_1
Auto-pay of Rs.20331 to Bishakha is scheduled on 29-06-26 from A/c XX9158. Ensure sufficient balance.,Bank,Bank_13
Exclusive  for you! Buy 1 Get 1 FREE at Myntra. Limited period offer. Visit bit.ly/OTFptu,Promo,Promo_3
Delivery attempt failed for order OD5451415553. We will retry tomorrow. -Delhivery,Delivery,Delivery_5
420515 is your SBI security code. Anyone asking for it is a scammer.,OTP,OTP_9
ALERT: Rs.58308 withdrawn from ATM using card XX4457 on 21-04-26. Bal: Rs.87754. -SBI,Bank,Bank_3
WORK FROM HOME! EARN RS.1234622/MONTH. JOIN: BIT.LY/AFPFJP,Spam,Hard_14
Cheque no. 542731296318 for Rs.48455 has been cleared from A/c XX1424. -ICICI Bank,Bank,Bank_8
Ola: 501776 is your login OTP. It expires in 15 minutes.,OTP,OTP_6
Low  balance alert: A/c XX3954 balance is Rs.479640. Maintain min balance to avoid charges.,Bank,Bank_10
Your FD of Rs.37435 matures on 01-06-26. Renew or withdraw via netbanking. -Kotak,Bank,Bank_14
Your BOB debit card XX2815 has been blocked due to suspicious activity. Visit branch or call 1800-XXX to unblock.,Bank,Bank_11
Items in your order history are back in stock at Swiggy. Prices start INR 999.,Promo,Promo_23
Your SIM will be deactivated in 24hrs Verify Aadhaar: bitly/HeTltD,Spam,Hard_13
Your ICICI Bank debit card XX8384 has been blocked due to suspicious activity. Visit branch or call 1800-XXX to unblock. STOP to opt out,Bank,Bank_11
Your order OD5022188747 from Amazon is arriving tomorrow. Keep Rs.4973 ready for COD.,Delivery,Delivery_3
  Your FD of Rs.20866 matures on 02-03-26. Renew or withdraw via netbanking. -PNB,Bank,Bank_14
KYC update pending for A/c XX2551. Please visit your nearest Kotak branch by 20-06-26 to avoid restrictions.,Bank,Bank_12
Your OTP is 555387. Use it to verify your PhonePe account. Expires in 5 min.,OTP,OTP_1
"Hey, my new number is +917701444067. Save it! Meet at tonight?",Personal,Hard_4
MEGA SALE! Get 30% OFF on all products at BigBasket. Shop now: bit.ly/XGXYum T&C apply.,Promo,Promo_0
Out for delivery: Your Meesho package OD7144958671 will arrive today by 3 PM. -BlueDart,Delivery,Delivery_1
Confirmation code 471110 for Myntra. Keep it private.,OTP,OTP_11
Interest of Rs.13939 credited to your FD A/c XX3848. -SBI,Bank,Bank_9
Your PhonePe code: 129265 T&C apply,OTP,OTP_8
Out for delivery: Your Meesho package OD8001136487 will arrive today by 9 PM. -XpressBees,Delivery,Delivery_1
  Rs.3261 debited from A/c XX3917 on 03-07-26 to Indrajit. Avl Bal: Rs.300236. -SBI,Bank,Bank_0
Low balance alert: A/c XX7907 balance is Rs.228077. Maintain min balance to avoid charges.,Bank,Bank_10
KYC update pending for A/c XX5245. Please visit your nearest SBI branch by 09-04-26 to avoid restrictions.,Bank,Bank_12
660901 IS YOUR PNB SECURITY CODE. ANYONE ASKING FOR IT IS A SCAMMER.,OTP,OTP_9
Order OD4143952537 packed and ready! Expected dispatch by 06 Jul. -Amazon,Delivery,Delivery_8
delivered! your zomato order od4321355891 was delivered on 06 jul. rate your experience: bit.ly/dppmfm,Delivery,Delivery_2
Pre-approved! Get a BOB credit card with Rs.223784 limit. Zero joining fee. Apply: bit.ly/Qdjtgw,Promo,Promo_14
G-357304 is ur Google verification code.,OTP,OTP_12
Zomato: Your cart misses you! Complete purchase now & get 20% off. bit.ly/rmRUtg,Promo,Promo_4
Zomato: Your cart misses you! Complete purchase now & get 30% off. bit.ly/YkFZtz,Promo,Promo_4
your sim will be deactivated in 24hrs. verify aadhaar: bit.ly/utejeq,Spam,Hard_13
Ur FD of Rs.72321 matures on 30-04-26. Renew or withdraw via netbanking. -BOB,Bank,Bank_14
your netflix plan renews on 05 jul at rs.1648. upgrade to 4k for rs.371/month.,Promo,Promo_18
Your FD of Rs.44014 matures on 19-06-26. Renew or withdraw via netbanking. -ICICI Bank T&C apply,Bank,Bank_14
Confirmation code 140711 for Amazon. Keep it private.,OTP,OTP_11
Your OTP is 365742. Use it to verify your Swiggy account. Expires in 15 min.,OTP,OTP_1
Order  OD8921680467 packed and ready! Expected dispatch by 05 Jul. -BigBasket,Delivery,Delivery_8
Uber: 581749 is your login OTP It expires in 5 minutes,OTP,OTP_6
  Rs.22894 debited from A/c XX1477 on 31-01-26 to Elijah. Avl Bal: Rs.344724. -Kotak,Bank,Bank_0
Ur SIM will be deactivated in 24hrs. Verify Aadhaar: bit.ly/zMSBTe,Spam,Hard_13
ENTER 37612 TO VERIFY YOUR MOBILE NUMBER FOR HOTSTAR.,OTP,OTP_10
rs.36637 credited to a/c xx2558 on 18-03-26. avl bal: rs.354825. -axis bank,Bank,Bank_1
133978 is your otp for hotstar login. valid for 15 minutes. do not share with anyone.,OTP,OTP_0
Your account statement for August is available Download from the SBI app,Bank,Bank_16
U have 3898 reward points expiring on 04 Jul. Redeem on Meesho.,Promo,Promo_20
Recharge  with Rs.1201 & get 20% extra talktime. Offer valid today only!,Promo,Promo_5
PhonePe: 899723 is your login OTP. It expires in 30 minutes.,OTP,OTP_6
Interest  of Rs.64117 credited to your FD A/c XX5860. -ICICI Bank,Bank,Bank_9
pre-approved! get a axis bank credit card with rs.166727 limit. zero joining fee. apply: bit.ly/edtone,Promo,Promo_14
mega sale! get 10% off on all products at bigbasket. shop now: bit.ly/vbckjg t&c apply.,Promo,Promo_0
Your  credit card XX3895 statement is ready. Total due: Rs.68834. Min due: Rs.3291. -SBI,Bank,Bank_5
Your return pickup for order OD1324858120 is scheduled on 05 Jul. Keep the item ready. -Flipkart,Delivery,Delivery_7
  Beware of fraud calls asking for card details. PNB officials never ask for PIN or CVV.,Bank,Bank_15
MEGA SALE! Get 10% OFF on all products at BigBasket. Shop now: bit.ly/DcRGou T&C apply.,Promo,Promo_0
Your Prime Video plan renews on 05 Jul at Rs.155. Upgrade to 4K for Rs.529/month. STOP to opt out,Promo,Promo_18
Order OD4822533675 packed and ready! Expected dispatch by 06 Jul. -Zomato,Delivery,Delivery_8
UPI payment of INR 49989 to Ati successful. UPI Ref: 432865540401. -BOB,Bank,Bank_6
Rs.1297 debited from A/c XX1653 on 14-05-26 to Divya. Avl Bal: Rs.468722. -Kotak,Bank,Bank_0
EMI  of Rs.55130 due on 28-02-26 for loan A/c XX7375. Pay now to avoid charges. -HDFC Bank,Bank,Bank_4
Work from home! Earn Rs.1231032/month. Join: bit.ly/qmQFoF,Spam,Hard_14
Your  account statement for August is available. Download from the SBI app.,Bank,Bank_16
  Rs.2891 credited to A/c XX6257 on 26-02-26. Avl Bal: Rs.457661. -SBI,Bank,Bank_1
KYC update pending for A/c XX8188. Please visit your nearest HDFC Bank branch by 02-01-26 to avoid restrictions. STOP to opt out,Bank,Bank_12
Your Amazon order OD1821635588 has been shipped via BlueDart Track: bitly/MQDbNp,Delivery,Delivery_0
OTP-based login was enabled for your A/c XX7308. Call PNB if this wasn't you.,Bank,Hard_2
  Loved your recent Meesho order? Reorder in 1 tap and get 70% off today.,Promo,Promo_22
Auto-pay of Rs.87916 to Osha is scheduled on 15-04-26 from A/c XX3427. Ensure sufficient balance.,Bank,Bank_13
"Hey, my new number is 04111889995. Save it! Meet at noon?",Personal,Hard_4
Your OTP is 361017. Use it to verify your Myntra account. Expires in 5 min.,OTP,OTP_1
last day! bigbasket clearance sale ends tonight. up to 30% off sitewide.,Promo,Promo_8
Beware of fraud calls asking for card details. ICICI Bank officials never ask for PIN or CVV.,Bank,Bank_15
86146 - use this code to sign in to Zomato. Never share it with anyone.,OTP,OTP_7
Out for delivery: Your Meesho package OD6881631114 will arrive today by 9 PM. -Ekart,Delivery,Delivery_1
WEEKEND SPECIAL AT FLIPKART! MIN 50% OFF ON EVERYTHING. DON'T MISS OUT: BIT.LY/WPRKNZ,Promo,Promo_6
Convert your Kotak card purchase of Rs.214 into easy EMIs at 0% interest Reply YES,Promo,Promo_15
Last day! Myntra clearance sale ends tonight. Up to 60% off sitewide.,Promo,Promo_8
<#> 147582 is your zomato code. valid 2 min. ha8sk2lqp3,OTP,OTP_13
Use 138407 to complete your Kotak registration. Valid till 10 mins.,OTP,OTP_4
Use 925971 to complete ur Uber registration. Valid till 2 mins.,OTP,OTP_4
ORDER OD9751148551 PACKED AND READY! EXPECTED DISPATCH BY 01 JUL. -MYNTRA,Delivery,Delivery_8
Dear customer ur Kotak account will be blocked! Update KYC now: bit.ly/MqWYLE,Spam,Hard_11
Delivered! Your Myntra order OD7334425180 was delivered on 04 Jul. Rate your experience: bit.ly/AyMYqX,Delivery,Delivery_2
Use 58336 to complete your PNB registration. Valid till 10 mins.,OTP,OTP_4
Your one time password is 896021 for Paytm. Please do not share it. T&C apply,OTP,OTP_5
978553 - use this code to sign in to Ola. Never share it with anyone.,OTP,OTP_7
Ur Myntra order OD6422134351 has been shipped via XpressBees. Track: bit.ly/esrtFe,Delivery,Delivery_0
DATA EXHAUSTED? GET 2GB EXTRA WITH RS.850 BOOSTER PACK. DIAL *121# OR VISIT APP.,Promo,Promo_11
"  Class shifted to room 2481, come fast",Personal,Hard_6
755815 - use this to sign in Never share this code with anyone,OTP,Hard_7
Rs.73994 debited from A/c XX8744 on 10-02-26 to Upma. Avl Bal: Rs.89562. -SBI T&C apply,Bank,Bank_0
  MEGA SALE! Get 80% OFF on all products at Zomato. Shop now: bit.ly/SKspof T&C apply.,Promo,Promo_0
YOUR KOTAK DEBIT CARD XX1697 HAS BEEN BLOCKED DUE TO SUSPICIOUS ACTIVITY. VISIT BRANCH OR CALL 1800-XXX TO UNBLOCK.,Bank,Bank_11
Ur return pickup for order OD6545477226 is scheduled on 01 Jul. Keep the item ready. -Myntra,Delivery,Delivery_7
ITEMS IN YOUR ORDER HISTORY ARE BACK IN STOCK AT MYNTRA. PRICES START RS.1515.,Promo,Promo_23
"Hi Onkar, unlock Rs.1408 off your first order at Swiggy with code NEW76",Promo,Promo_7
Ur SBI debit card XX5041 has been blocked due to suspicious activity. Visit branch or call 1800-XXX to unblock.,Bank,Bank_11
  Your ICICI Bank debit card XX5593 has been blocked due to suspicious activity. Visit branch or call 1800-XXX to unblock.,Bank,Bank_11
Your Uber code: 6774,OTP,Hard_8
SALARY OF RS.5382 CREDITED TO A/C XX5284. AVL BAL: RS.445661. -KOTAK,Bank,Bank_7
<#>  5342 is your Kotak code. Valid 15 min. hA8sk2Lqp3,OTP,OTP_13
Delivered! Your Myntra order OD5752033474 was delivered on 05 Jul Rate your experience: bitly/MHhpMA,Delivery,Delivery_2
  Pre-approved! Get a SBI credit card with Rs.359801 limit. Zero joining fee. Apply: bit.ly/POIXaw,Promo,Promo_14
Your Uber code: 8473,OTP,Hard_8
"Hey, my new number is 06355337204. Save it! Meet at tonight?",Personal,Hard_4
768650 is your verification code for Paytm. Never share your OTP.,OTP,OTP_3
Out for delivery: Your Amazon package OD7551995795 will arrive today by 9 PM. -Ekart,Delivery,Delivery_1
352676 is your Hotstar security code. Anyone asking for it is a scammer.,OTP,OTP_9
Meesho Big Billion Days! Up to 30% off + extra 10% with Axis Bank cards. Hurry!,Promo,Promo_1
  Pre-approved! Get a Kotak credit card with Rs.493949 limit. Zero joining fee. Apply: bit.ly/aLFMQM,Promo,Promo_14
G-529823 is your Google verification code,OTP,OTP_12
Your  SIM will be deactivated in 24hrs. Verify Aadhaar: bit.ly/wfBAFo,Spam,Hard_13
KYC update pending for A/c XX1380. Please visit your nearest Axis Bank branch by 01-07-26 to avoid restrictions.,Bank,Bank_12
Delivery attempt failed for order OD3400230295 We will retry tomorrow -Ekart,Delivery,Delivery_5
Ur return pickup for order OD2879966155 is scheduled on 04 Jul. Keep the item ready. -Amazon,Delivery,Delivery_7
  Delivery attempt failed for order OD5123096495. We will retry tomorrow. -Delhivery,Delivery,Delivery_5
xpressbees: shipment od5130728380 reached your city hub. expected delivery: 02 jul.,Delivery,Delivery_4
Your SIM will be deactivated in 24hrs. Verify Aadhaar: bit.ly/cYjVxw,Spam,Hard_13
Pay Rs.358 on delivery for order OD538734481. -BlueDart,Delivery,Hard_10
hungry? get 10% off up to rs.297 on your next 3 orders. code: eat35. -swiggy,Promo,Promo_12
  Items in your order history are back in stock at Swiggy. Prices start Rs.1788.,Promo,Promo_23
your hdfc bank debit card xx9615 has been blocked due to suspicious activity. visit branch or call 1800-xxx to unblock.,Bank,Bank_11
YOUR ORDER OD1532836120 FROM MYNTRA IS ARRIVING TOMORROW. KEEP RS.3007 READY FOR COD.,Delivery,Delivery_3
You have 4794 reward points expiring on 05 Jul. Redeem on Meesho. STOP to opt out,Promo,Promo_20
YOUR KOTAK CODE: 896202,OTP,OTP_8
BigBasket Big Billion Days! Up to 20% off + extra 10% with ICICI Bank cards. Hurry!,Promo,Promo_1
myntra big billion days! up to 70% off + extra 10% with hdfc bank cards. hurry!,Promo,Promo_1
Your FD of Rs.51570 matures on 01-06-26. Renew or withdraw via netbanking. -PNB,Bank,Bank_14
convert your pnb card purchase of rs.1804 into easy emis at 0% interest. reply yes.,Promo,Promo_15
your account statement for june is available. download from the hdfc bank app.,Bank,Bank_16
exclusive for you! buy 1 get 1 free at bigbasket. limited period offer. visit bit.ly/jkrxyy,Promo,Promo_3
KYC update pending for A/c XX5339. Please visit your nearest SBI branch by 02-06-26 to avoid restrictions.,Bank,Bank_12
OTP for delivery of order OD6255504829 is 7040. Share only with the delivery agent. -BlueDart,Delivery,Delivery_9
ALERT: Rs.34744 withdrawn from ATM using card XX8724 on 13-05-26. Bal: Rs.308504. -SBI,Bank,Bank_3
ALERT: Rs.10250 withdrawn from ATM using card XX6368 on 02-01-26 Bal: Rs.377940 -HDFC Bank,Bank,Bank_3
You have 1200 reward points expiring on 03 Jul. Redeem on Myntra.,Promo,Promo_20
Ur order OD6706537832 from Meesho is arriving tomorrow. Keep Rs.4567 ready for COD.,Delivery,Delivery_3
Interest of Rs.12566 credited to your FD A/c XX7609. -BOB,Bank,Bank_9
"CLASS SHIFTED TO ROOM 7188, COME FAST",Personal,Hard_6
Exclusive for you! Buy 1 Get 1 FREE at Amazon. Limited period offer. Visit bit.ly/bwIqjj,Promo,Promo_3
  Dear customer ur ICICI Bank account will be blocked! Update KYC now: bit.ly/UyfPnS,Spam,Hard_11
Last day! Flipkart clearance sale ends tonight. Up to 80% off sitewide.,Promo,Promo_8
Peter from DTDC is arriving with your package. Contact: 8888988784,Delivery,Delivery_6
Order OD7287396854 packed and ready! Expected dispatch by 02 Jul. -Myntra T&C apply,Delivery,Delivery_8
KYC update pending for A/c XX1598. Please visit your nearest HDFC Bank branch by 10-01-26 to avoid restrictions.,Bank,Bank_12
Your one time password is 525995 for Flipkart. Please do not share it.,OTP,OTP_5
Loved your recent BigBasket order? Reorder in 1 tap and get 20% off today.,Promo,Promo_22
Salary of Rs.35809 credited to A/c XX9121. Avl Bal: Rs.37314. -PNB,Bank,Bank_7
882979 - use this to sign in. Never share this code with anyone.,OTP,Hard_7
Tap to verify: 355553. This code expires shortly. STOP to opt out,OTP,Hard_9
Delivery attempt failed for order OD6121264376. We will retry tomorrow. -DTDC,Delivery,Delivery_5
MEESHO BIG BILLION DAYS! UP TO 20% OFF + EXTRA 10% WITH KOTAK CARDS. HURRY!,Promo,Promo_1
YOUR OTP IS 284494. USE IT TO VERIFY YOUR PHONEPE ACCOUNT. EXPIRES IN 5 MIN.,OTP,OTP_1
Out for delivery: Your Flipkart package OD3789625472 will arrive today by 3 PM -Ekart,Delivery,Delivery_1
  Confirmation code 118428 for Paytm. Keep it private.,OTP,OTP_11
your one time password is 965551 for phonepe. please do not share it.,OTP,OTP_5
OUT FOR DELIVERY: YOUR FLIPKART PACKAGE OD5310180043 WILL ARRIVE TODAY BY 9 PM. -DELHIVERY,Delivery,Delivery_1
ORDER OD5011406632 PACKED AND READY! EXPECTED DISPATCH BY 02 JUL. -MEESHO,Delivery,Delivery_8
ALERT: Rs.56063 withdrawn from ATM using card XX6273 on 23-03-26. Bal: Rs.123215. -ICICI Bank,Bank,Bank_3
RS.74159 CREDITED TO A/C XX6204 ON 04-06-26. AVL BAL: RS.409405. -HDFC BANK,Bank,Bank_1
"Hey, my new number is 06569520788. Save it! Meet at 6pm?",Personal,Hard_4
Hungry? Get 20% off up to Rs.170 on your next 3 orders. Code: EAT40. -Zomato,Promo,Promo_12
bhavani from ekart is arriving with your package. contact: +911363028585,Delivery,Delivery_6
AUTO-PAY OF RS.19309 TO AMAIRA IS SCHEDULED ON 10-02-26 FROM A/C XX4797. ENSURE SUFFICIENT BALANCE.,Bank,Bank_13
Beware of fraud calls asking for card details. PNB officials never ask for PIN or CVV.,Bank,Bank_15
Auto-pay of Rs.78266 to Rachit is scheduled on 19-02-26 from A/c XX2404. Ensure sufficient balance.,Bank,Bank_13
out for delivery: your zomato package od8257616730 will arrive today by 9 pm. -dtdc,Delivery,Delivery_1
Rs.13135 credited to A/c XX5452 on 16-05-26. Avl Bal: Rs.129094. -Axis Bank,Bank,Bank_1
Your SIM will be deactivated in 24hrs. Verify Aadhaar: bit.ly/lPXaJm,Spam,Hard_13
emi of rs.20692 due on 09-05-26 for loan a/c xx3494. pay now to avoid charges. -icici bank,Bank,Bank_4
Out for delivery: Your Swiggy package OD6254994389 will arrive today by 9 PM. -DTDC,Delivery,Delivery_1
Delivery attempt failed for order OD7020717831. We will retry tomorrow. -BlueDart,Delivery,Delivery_5
loved your recent zomato order? reorder in 1 tap and get 20% off today.,Promo,Promo_22
ENTER 302908 TO VERIFY YOUR MOBILE NUMBER FOR GPAY.,OTP,OTP_10
Use code 4090 at checkout for 10% off at Zomato!,Promo,Hard_0
emi of rs.29353 due on 30-06-26 for loan a/c xx9986. pay now to avoid charges. -icici bank,Bank,Bank_4
Tap  to verify: 253079. This code expires shortly.,OTP,Hard_9
Your  credit card XX6533 statement is ready. Total due: Rs.44525. Min due: Rs.3356. -Axis Bank,Bank,Bank_5
Work from home! Earn Rs.558484/month. Join: bit.ly/angKlQ,Spam,Hard_14
Delivery attempt failed for order OD2449149045. We will retry tomorrow. -DTDC,Delivery,Delivery_5
586908 - use this code to sign in to Ola. Never share it with anyone.,OTP,OTP_7
Interest of Rs.3976 credited to your FD A/c XX1732. -ICICI Bank T&C apply,Bank,Bank_9
You have 3536 reward points expiring on 02 Jul. Redeem on Flipkart.,Promo,Promo_20
Use 833842 to complete your Meesho registration. Valid till 2 mins.,OTP,OTP_4
Work from home! Earn INR 2236918/month. Join: bit.ly/JlSyFM,Spam,Hard_14
RS.20857 CREDITED TO A/C XX6117 ON 13-05-26. AVL BAL: RS.52957. -HDFC BANK,Bank,Bank_1
U have 2238 reward points expiring on 04 Jul. Redeem on Meesho.,Promo,Promo_20
Salary of Rs.64194 credited to A/c XX3168 Avl Bal: Rs.197339 -BOB,Bank,Bank_7
"  Never share your OTP, PIN or CVV. SBI never asks for these. Stay safe.",Bank,Hard_3
OTP-based login was enabled for your A/c XX6749. Call SBI if this wasn't you.,Bank,Hard_2
You have 947 reward points expiring on 04 Jul. Redeem on Amazon.,Promo,Promo_20
Rs.97921 credited to A/c XX3459 on 07-03-26. Avl Bal: Rs.422515. -ICICI Bank,Bank,Bank_1
ALERT: Rs.95313 withdrawn from ATM using card XX6591 on 02-03-26. Bal: Rs.289902. -ICICI Bank,Bank,Bank_3
Out for delivery: Your Myntra package OD2499793790 will arrive today by 12 PM. -Delhivery,Delivery,Delivery_1
Ur Amazon membership expires soon. Renew now & save 70%: bit.ly/TUJgfc,Promo,Promo_9
Axis Bank: 179125 is ur login OTP. It expires in 30 minutes.,OTP,OTP_6
Delivered! Your Myntra order OD5429347432 was delivered on 02 Jul. Rate your experience: bit.ly/VFwbul,Delivery,Delivery_2
622519  - use this to sign in. Never share this code with anyone.,OTP,Hard_7
Congratulations! You won INR 2007396 in lucky draw. Claim: bit.ly/NjLrHb,Spam,Hard_12
beware of fraud calls asking for card details. pnb officials never ask for pin or cvv.,Bank,Bank_15
Pay Rs.1695 on delivery for order OD566216320 -Ekart,Delivery,Hard_10
OTP: 641053 for txn of Rs.2049 at GPay. Do not share. -Kotak,OTP,OTP_2
mega sale! get 50% off on all products at meesho. shop now: bit.ly/zjjdkb t&c apply.,Promo,Promo_0
use 125787 to complete your phonepe registration. valid till 10 mins.,OTP,OTP_4
Your FD of Rs.41436 matures on 01-01-26. Renew or withdraw via netbanking. -SBI,Bank,Bank_14
807571 is your OTP for PNB login. Valid for 2 minutes. Do not share with anyone.,OTP,OTP_0
  Your A/c XX4360 is debited with Rs.57320 on 26-03-26. Info: UPI-Avni. Bal: Rs.359852,Bank,Bank_2
  IRCTC: 676471 is your login OTP. It expires in 10 minutes.,OTP,OTP_6
Tap to verify: 398100. This code expires shortly.,OTP,Hard_9
Ur GPay code: 439904,OTP,OTP_8
Your Kotak debit card XX8405 has been blocked due to suspicious activity. Visit branch or call 1800-XXX to unblock.,Bank,Bank_11
Your account statement for July is available. Download from the HDFC Bank app. STOP to opt out,Bank,Bank_16
Congratulations! You won Rs.1749022 in lucky draw. Claim: bit.ly/BlWdSu STOP to opt out,Spam,Hard_12
"Hi Banjeet, unlock Rs.1815 off your first order at Flipkart with code NEW48.",Promo,Promo_7
your pnb debit card xx5830 has been blocked due to suspicious activity. visit branch or call 1800-xxx to unblock.,Bank,Bank_11
"bro send me rs.1438 on gpay, will return by 01 jul",Personal,Hard_5
IRCTC: Special trains added for festive season Book early & save up to 30%,Promo,Promo_17
your otp is 992024. use it to verify your ola account. expires in 5 min.,OTP,OTP_1
YOUR ONE TIME PASSWORD IS 181605 FOR KOTAK. PLEASE DO NOT SHARE IT.,OTP,OTP_5
"Class shifted to room 2698, come fast",Personal,Hard_6
"Bro send me Rs.4257 on gpay, will return by 03 Jul",Personal,Hard_5
  Dear customer ur SBI account will be blocked! Update KYC now: bit.ly/rvuxPl,Spam,Hard_11
Ur Uber code: 1063,OTP,Hard_8
Your return pickup for order OD1117779074 is scheduled on 02 Jul. Keep the item ready. -Flipkart -TM,Delivery,Delivery_7
your sim will be deactivated in 24hrs. verify aadhaar: bit.ly/gzydak,Spam,Hard_13
Your Amazon order OD4100673440 has been shipped via Ekart. Track: bit.ly/EqCzdL,Delivery,Delivery_0
Your credit card XX1228 statement is ready. Total due: Rs.70202. Min due: Rs.2419. -Kotak,Bank,Bank_5
Ur Axis Bank debit card XX5569 has been blocked due to suspicious activity. Visit branch or call 1800-XXX to unblock.,Bank,Bank_11
"Bro send me Rs.2177 on gpay, will return by 05 Jul -TM",Personal,Hard_5
  Items in your order history are back in stock at Zomato. Prices start Rs.740.,Promo,Promo_23
Convert your Axis Bank card purchase of Rs.1380 into easy EMIs at 0% interest. Reply YES.,Promo,Promo_15
"Bro send me Rs.3221 on gpay, will return by 01 Jul",Personal,Hard_5
Beware of fraud calls asking for card details. ICICI Bank officials never ask for PIN or CVV. T&C apply,Bank,Bank_15
Your SIM will be deactivated in 24hrs Verify Aadhaar: bitly/dCAuvG,Spam,Hard_13
UBER: 497369 IS YOUR LOGIN OTP. IT EXPIRES IN 5 MINUTES.,OTP,OTP_6
KYC update pending for A/c XX3941 Please visit your nearest BOB branch by 05-05-26 to avoid restrictions,Bank,Bank_12
Items in your order history are back in stock at Amazon. Prices start Rs.989.,Promo,Promo_23
748666 IS YOUR VERIFICATION CODE FOR OLA. NEVER SHARE YOUR OTP.,OTP,OTP_3
Flight fares dropped! DEL-LKO from Rs.1287. Book on MakeMyTrip before midnight.,Promo,Promo_16
"Bro send me INR 1670 on gpay, will return by 05 Jul",Personal,Hard_5
EMI of Rs.43991 due on 16-06-26 for loan A/c XX3449. Pay now to avoid charges. -SBI,Bank,Bank_4
OTP for delivery of order OD4225537225 is 7677. Share only with the delivery agent. -Delhivery,Delivery,Delivery_9
Missed our shows? Come back to Prime Video at 50% off for 3 months. Resubscribe: bit.ly/ynNtil,Promo,Promo_19
<#> 257929 is your Swiggy code. Valid 15 min. hA8sk2Lqp3 -TM,OTP,OTP_13
Interest of Rs.20361 credited to your FD A/c XX8328. -PNB T&C apply,Bank,Bank_9
upi payment of rs.76017 to dalbir successful. upi ref: 280586843935. -kotak,Bank,Bank_6
G-68932 is your Google verification code.,OTP,OTP_12
Your Uber code: 6139,OTP,Hard_8
EMI of INR 56673 due on 24-01-26 for loan A/c XX5736. Pay now to avoid charges. -Axis Bank,Bank,Bank_4
Your Flipkart code: 302481,OTP,OTP_8
Your OTP is 905440. Use it to verify your HDFC Bank account. Expires in 2 min.,OTP,OTP_1
"Never share your OTP, PIN or CVV. SBI never asks for these. Stay safe.",Bank,Hard_3
Delivery attempt failed for order OD8063697726. We will retry tomorrow. -XpressBees T&C apply,Delivery,Delivery_5
SALARY OF RS.50230 CREDITED TO A/C XX7571. AVL BAL: RS.425751. -AXIS BANK,Bank,Bank_7
Use 242357 to complete your ICICI Bank registration Valid till 5 mins,OTP,OTP_4
457828 is your verification code for Swiggy. Never share your OTP.,OTP,OTP_3
"Class shifted to room 3303, come fast",Personal,Hard_6
Zomato: Free delivery all weekend! Order your favourites now. -TM,Promo,Promo_13
Exclusive for you! Buy 1 Get 1 FREE at Amazon. Limited period offer. Visit bit.ly/dVsWty,Promo,Promo_3
252549 is your verification code for uber. never share your otp.,OTP,OTP_3
Use 92984 to complete ur Kotak registration. Valid till 15 mins.,OTP,OTP_4
Use code 5562 at checkout for 25% off at Myntra!,Promo,Hard_0
OTP for delivery of order OD1814858230 is 5102. Share only with the delivery agent. -Delhivery,Delivery,Delivery_9
Your return pickup for order OD9715896948 is scheduled on 05 Jul. Keep the item ready. -Amazon,Delivery,Delivery_7
Auto-pay of INR 80809 to Abha is scheduled on 20-06-26 from A/c XX5546. Ensure sufficient balance.,Bank,Bank_13
534336 - use this code to sign in to Swiggy. Never share it with anyone.,OTP,OTP_7
Your PNB debit card XX2871 has been blocked due to suspicious activity. Visit branch or call 1800-XXX to unblock. -TM,Bank,Bank_11
Swiggy: Free delivery all weekend! Order your favourites now.,Promo,Promo_13
Swiggy: Free delivery all weekend! Order your favourites now.,Promo,Promo_13
Items in your order history are back in stock at Swiggy. Prices start Rs.1700. T&C apply,Promo,Promo_23
Last day! Zomato clearance sale ends tonight. Up to 10% off sitewide.,Promo,Promo_8
  BigBasket Big Billion Days! Up to 40% off + extra 10% with HDFC Bank cards. Hurry!,Promo,Promo_1
Weekend special at Myntra! Min 10% off on everything. Don't miss out: bit.ly/LGqETH,Promo,Promo_6
Your account statement for July is available. Download from the Kotak app. STOP to opt out,Bank,Bank_16
Nisha from Ekart is arriving with your package. Contact: +914389917455,Delivery,Delivery_6
Rs.64013 debited from A/c XX6829 on 08-02-26 to Ekapad. Avl Bal: Rs.243188. -SBI,Bank,Bank_0
Your Hotstar plan renews on 04 Jul at Rs.1900 Upgrade to 4K for Rs.376/month,Promo,Promo_18
534042 - use this code to sign in to myntra. never share it with anyone.,OTP,OTP_7
  Your Jio pack expires tomorrow. Recharge with Rs.1852 for 3GB/day + unlimited calls.,Promo,Promo_10
ICICI BANK: 784385 IS YOUR LOGIN OTP. IT EXPIRES IN 15 MINUTES.,OTP,OTP_6
Use 549352 to complete your Myntra registration Valid till 15 mins,OTP,OTP_4
Ola: 62416 is your login OTP. It expires in 15 minutes.,OTP,OTP_6
  Rs.982 cashback credited to your Amazon Pay wallet. Use on your next order.,Promo,Promo_21
PRE-APPROVED! GET A AXIS BANK CREDIT CARD WITH RS.179412 LIMIT. ZERO JOINING FEE. APPLY: BIT.LY/RDZTRL,Promo,Promo_14
Delivery attempt failed for order OD7937111218. We will retry tomorrow. -Delhivery,Delivery,Delivery_5
Flat Rs.239 cashback on your next order at Amazon. Use code SAVE31. Valid till 01 Jul.,Promo,Promo_2
<#> 201636 is your Uber code. Valid 2 min. hA8sk2Lqp3 STOP to opt out,OTP,OTP_13
Your credit card XX1238 statement is ready. Total due: Rs.93904. Min due: Rs.2978. -SBI,Bank,Bank_5
Data exhausted? Get 1.5GB extra with Rs.937 booster pack. Dial *121# or visit app.,Promo,Promo_11
RS.51051 CREDITED TO A/C XX2057 ON 01-07-26. AVL BAL: RS.268269. -AXIS BANK,Bank,Bank_1
Zomato:  Free delivery all weekend! Order your favourites now.,Promo,Promo_13
Order OD6311785602 packed and ready! Expected dispatch by 02 Jul. -Flipkart,Delivery,Delivery_8
OTP-BASED LOGIN WAS ENABLED FOR YOUR A/C XX1268. CALL KOTAK IF THIS WASN'T YOU.,Bank,Hard_2
Congratulations! You won Rs.1121636 in lucky draw. Claim: bit.ly/IUCqCs,Spam,Hard_12
Pay Rs.3002 on delivery for order OD383988996. -Delhivery,Delivery,Hard_10
395055 is your Hotstar security code. Anyone asking for it is a scammer. T&C apply,OTP,OTP_9
XpressBees: Shipment OD3279969399 reached your city hub. Expected delivery: 04 Jul.,Delivery,Delivery_4
667345 - use this code to sign in to Paytm. Never share it with anyone.,OTP,OTP_7
OTP: 723199 for txn of INR 18704 at Ola. Do not share. -ICICI Bank,OTP,OTP_2
Low  balance alert: A/c XX2659 balance is Rs.390840. Maintain min balance to avoid charges.,Bank,Bank_10
Rs.78347 debited from A/c XX9073 on 20-06-26 to Divya. Avl Bal: Rs.425413. -BOB,Bank,Bank_0
185189 is your OTP for Hotstar login. Valid for 5 minutes. Do not share with anyone.,OTP,OTP_0
Your  Meesho membership expires soon. Renew now & save 60%: bit.ly/kERipz,Promo,Promo_9
962041 - use this code to sign in to PNB. Never share it with anyone. -TM,OTP,OTP_7
Out for delivery: Your BigBasket package OD9426838091 will arrive today by 6 PM. -BlueDart T&C apply,Delivery,Delivery_1
"Never share your OTP, PIN or CVV. BOB never asks for these. Stay safe.",Bank,Hard_3
auto-pay of rs.8775 to veda is scheduled on 19-05-26 from a/c xx1924. ensure sufficient balance.,Bank,Bank_13
Exclusive for you! Buy 1 Get 1 FREE at Myntra. Limited period offer. Visit bit.ly/YbWlPP,Promo,Promo_3
  Last day! Amazon clearance sale ends tonight. Up to 60% off sitewide.,Promo,Promo_8
Chandresh from Delhivery is arriving with your package. Contact: +918396358588,Delivery,Delivery_6
Data exhausted? Get 3GB extra with Rs.97 booster pack. Dial *121# or visit app.,Promo,Promo_11
data exhausted? get 2gb extra with rs.980 booster pack. dial *121# or visit app.,Promo,Promo_11
Order OD7364697703 packed and ready! Expected dispatch by 03 Jul. -Meesho -TM,Delivery,Delivery_8
OTP for delivery of order OD6303478892 is 1959. Share only with the delivery agent. -XpressBees,Delivery,Delivery_9
Delivery attempt failed for order OD9510443022 We will retry tomorrow -BlueDart,Delivery,Delivery_5
OTP: 625387 for txn of Rs.26106 at IRCTC. Do not share. -PNB,OTP,OTP_2
Confirmation  code 574759 for Uber. Keep it private.,OTP,OTP_11
  Rs.1155 cashback credited to your Paytm wallet. Use on your next order.,Promo,Promo_21
ALERT: Rs.69352 withdrawn from ATM using card XX9521 on 30-03-26 Bal: Rs.484109 -SBI,Bank,Bank_3
Low balance alert: A/c XX3555 balance is Rs.289499. Maintain min balance to avoid charges.,Bank,Bank_10
interest of rs.29064 credited to your fd a/c xx9240. -axis bank,Bank,Bank_9
IRCTC: Special trains added for festive season. Book early & save up to 40%.,Promo,Promo_17
Delivered! Your BigBasket order OD7829920507 was delivered on 02 Jul. Rate your experience: bit.ly/WcwhEd STOP to opt out,Delivery,Delivery_2
511662 is your verification code for IRCTC. Never share your OTP.,OTP,OTP_3
"Hi Yashasvi, unlock Rs.272 off your first order at Zomato with code NEW28.",Promo,Promo_7
Your account statement for June is available. Download from the Axis Bank app.,Bank,Bank_16
INR 1649 cashback credited to your Paytm wallet. Use on your next order.,Promo,Promo_21
833366 is your verification code for Kotak. Never share your OTP.,OTP,OTP_3
Ekart: Shipment OD5557599503 reached your city hub. Expected delivery: 02 Jul.,Delivery,Delivery_4
  Your Airtel pack expires tomorrow. Recharge with Rs.948 for 3GB/day + unlimited calls.,Promo,Promo_10
Your BOB debit card XX5766 has been blocked due to suspicious activity. Visit branch or call 1800-XXX to unblock.,Bank,Bank_11
Work from home! Earn Rs.146422/month. Join: bit.ly/PFgUFh T&C apply,Spam,Hard_14
hungry? get 80% off up to rs.1819 on your next 3 orders. code: eat15. -zomato,Promo,Promo_12
Low balance alert: A/c XX3354 balance is Rs.218126 Maintain min balance to avoid charges,Bank,Bank_10
UPI payment of Rs.49791 to Sathvik successful. UPI Ref: 178858144789. -Axis Bank,Bank,Bank_6
Your credit card XX6317 statement is ready Total due: Rs.80420 Min due: Rs.1403 -ICICI Bank,Bank,Bank_5
YOUR FD OF RS.45713 MATURES ON 27-05-26. RENEW OR WITHDRAW VIA NETBANKING. -HDFC BANK,Bank,Bank_14
Pay Rs.1189 on delivery for order OD356588887 -XpressBees,Delivery,Hard_10
Low balance alert: A/c XX5971 balance is Rs.54385. Maintain min balance to avoid charges. -TM,Bank,Bank_10
<#>  274807 is your SBI code. Valid 15 min. hA8sk2Lqp3,OTP,OTP_13
Out for delivery: Your BigBasket package OD5259285189 will arrive today by 9 PM. -DTDC,Delivery,Delivery_1
Cheque no. 925120732100 for Rs.1358 has been cleared from A/c XX2891. -HDFC Bank,Bank,Bank_8
rs.65189 credited to a/c xx1783 on 17-05-26. avl bal: rs.274292. -axis bank,Bank,Bank_1
"Never share your OTP, PIN or CVV. BOB never asks for these. Stay safe.",Bank,Hard_3
Your Swiggy order OD8387295895 has been shipped via Delhivery Track: bitly/iRFRvO,Delivery,Delivery_0
634232 is your verification code for Zomato. Never share your OTP.,OTP,OTP_3
"Your  BOB health insurance renewal is due 02 Jul. Renew online, save 80% on premium.",Promo,Promo_24
Data exhausted? Get 2GB extra with Rs.1365 booster pack Dial *121# or visit app,Promo,Promo_11
Your credit card XX8282 statement is ready. Total due: Rs.91396. Min due: Rs.4664. -Axis Bank,Bank,Bank_5
Items in your order history are back in stock at Myntra. Prices start Rs.434. STOP to opt out,Promo,Promo_23
  UPI payment of Rs.86486 to Anya successful. UPI Ref: 736787951005. -SBI,Bank,Bank_6
Data  exhausted? Get 1GB extra with Rs.692 booster pack. Dial *121# or visit app.,Promo,Promo_11
Your  SIM will be deactivated in 24hrs. Verify Aadhaar: bit.ly/nELMIl,Spam,Hard_13
"Your Axis Bank health insurance renewal is due 02 Jul. Renew online, save 20% on premium. -TM",Promo,Promo_24
OTP-based login was enabled for your A/c XX1262 Call BOB if this wasn't you,Bank,Hard_2
OTP for delivery of order OD5210616945 is 6829. Share only with the delivery agent. -DTDC,Delivery,Delivery_9
"Bro send me Rs.1876 on gpay, will return by 03 Jul",Personal,Hard_5
OTP-based  login was enabled for your A/c XX3802. Call Kotak if this wasn't you.,Bank,Hard_2
Your Amazon membership expires soon. Renew now & save 70%: bit.ly/TSfzTm,Promo,Promo_9
Your Netflix plan renews on 01 Jul at Rs.322. Upgrade to 4K for Rs.227/month.,Promo,Promo_18
  Delivered! Your Amazon order OD8369742367 was delivered on 04 Jul. Rate your experience: bit.ly/YVcJbJ,Delivery,Delivery_2
BEWARE OF FRAUD CALLS ASKING FOR CARD DETAILS. AXIS BANK OFFICIALS NEVER ASK FOR PIN OR CVV.,Bank,Bank_15
otp for delivery of order od9627595450 is 5944. share only with the delivery agent. -xpressbees,Delivery,Delivery_9
OTP: 786699 for txn of Rs.26204 at Kotak Do not share -ICICI Bank,OTP,OTP_2
<#>  776259 is your SBI code. Valid 30 min. hA8sk2Lqp3,OTP,OTP_13
207906  is your OTP for Uber login. Valid for 5 minutes. Do not share with anyone.,OTP,OTP_0
Rs.19258 debited from A/c XX7013 on 12-05-26 to Rajata. Avl Bal: Rs.20537. -ICICI Bank STOP to opt out,Bank,Bank_0
Your Zomato order OD7662788530 has been shipped via Ekart. Track: bit.ly/HmyEGf,Delivery,Delivery_0
YOUR FD OF RS.43999 MATURES ON 04-07-26. RENEW OR WITHDRAW VIA NETBANKING. -ICICI BANK,Bank,Bank_14
Hungry? Get 20% off up to Rs.1666 on your next 3 orders Code: EAT10 -Zomato,Promo,Promo_12
KYC update pending for A/c XX6982. Please visit your nearest BOB branch by 12-05-26 to avoid restrictions.,Bank,Bank_12
Rs.741 cashback credited to your Amazon Pay wallet. Use on your next order. T&C apply,Promo,Promo_21
Ekart: Shipment OD8305115928 reached ur city hub. Expected delivery: 06 Jul.,Delivery,Delivery_4
Recharge with Rs.766 & get 50% extra talktime. Offer valid today only!,Promo,Promo_5
FLIGHT FARES DROPPED! DEL-MAA FROM RS.1928. BOOK ON MAKEMYTRIP BEFORE MIDNIGHT.,Promo,Promo_16
Hungry?  Get 10% off up to Rs.369 on your next 3 orders. Code: EAT30. -Zomato,Promo,Promo_12
Your SBI debit card XX6753 has been blocked due to suspicious activity. Visit branch or call 1800-XXX to unblock.,Bank,Bank_11
Your  Zomato membership expires soon. Renew now & save 40%: bit.ly/aOtEyC,Promo,Promo_9
order od5032557071 packed and ready! expected dispatch by 01 jul. -zomato,Delivery,Delivery_8
"Bro send me Rs.2723 on gpay, will return by 06 Jul",Personal,Hard_5
Coupon 1707 gives you free delivery on orders above Rs.2533. -Zomato STOP to opt out,Promo,Hard_1
Loved your recent Flipkart order? Reorder in 1 tap and get 20% off today.,Promo,Promo_22
Recharge with Rs.1233 & get 70% extra talktime. Offer valid today only!,Promo,Promo_5
USE CODE 8867 AT CHECKOUT FOR 25% OFF AT ZOMATO!,Promo,Hard_0
Rs.19693 debited from A/c XX1458 on 14-06-26 to Falak Avl Bal: Rs.271538 -HDFC Bank,Bank,Bank_0
IRCTC: Special trains added for festive season Book early & save up to 40%,Promo,Promo_17
  Your SonyLIV plan renews on 02 Jul at Rs.1022. Upgrade to 4K for Rs.311/month.,Promo,Promo_18
Convert your SBI card purchase of INR 997 into easy EMIs at 0% interest. Reply YES.,Promo,Promo_15
Rs.89122 debited from A/c XX9516 on 20-01-26 to Ekani. Avl Bal: Rs.204075. -PNB,Bank,Bank_0
  Pre-approved! Get a Kotak credit card with Rs.89325 limit. Zero joining fee. Apply: bit.ly/JdrzBL,Promo,Promo_14
Your A/c XX6958 is debited with INR 22521 on 18-04-26. Info: UPI-Eshana. Bal: INR 471763,Bank,Bank_2
901788 is ur verification code for Axis Bank. Never share ur OTP.,OTP,OTP_3
216625 - use this code to sign in to HDFC Bank. Never share it with anyone.,OTP,OTP_7
Your FD of Rs.7491 matures on 26-02-26. Renew or withdraw via netbanking. -Kotak,Bank,Bank_14
Your credit card XX8000 statement is ready. Total due: INR 46885. Min due: INR 2184. -ICICI Bank,Bank,Bank_5
  379813 - use this code to sign in to PhonePe. Never share it with anyone.,OTP,OTP_7
  EMI of Rs.87278 due on 17-06-26 for loan A/c XX3217. Pay now to avoid charges. -ICICI Bank,Bank,Bank_4
Swiggy: Free delivery all weekend! Order your favourites now.,Promo,Promo_13
missed our shows? come back to prime video at 50% off for 3 months. resubscribe: bit.ly/hdqkec,Promo,Promo_19
your hdfc bank code: 41068,OTP,OTP_8
G-565869 is your Google verification code.,OTP,OTP_12
Use 403823 to complete your Flipkart registration. Valid till 15 mins.,OTP,OTP_4
UPI PAYMENT OF RS.54832 TO RACHITA SUCCESSFUL. UPI REF: 678628300246. -HDFC BANK,Bank,Bank_6
200417 - USE THIS TO SIGN IN. NEVER SHARE THIS CODE WITH ANYONE.,OTP,Hard_7
Work from home! Earn Rs.2414568/month Join: bitly/XbGwYC,Spam,Hard_14
Your order OD9668118368 from Zomato is arriving tomorrow. Keep INR 440 ready for COD.,Delivery,Delivery_3
  Your HDFC Bank debit card XX7474 has been blocked due to suspicious activity. Visit branch or call 1800-XXX to unblock.,Bank,Bank_11
Ekart: Shipment OD9659411078 reached your city hub. Expected delivery: 05 Jul.,Delivery,Delivery_4
YOUR ACCOUNT STATEMENT FOR JULY IS AVAILABLE. DOWNLOAD FROM THE AXIS BANK APP.,Bank,Bank_16
Beware  of fraud calls asking for card details. BOB officials never ask for PIN or CVV.,Bank,Bank_15
Flipkart Big Billion Days! Up to 80% off + extra 10% with ICICI Bank cards Hurry!,Promo,Promo_1
Convert your HDFC Bank card purchase of INR 1422 into easy EMIs at 0% interest. Reply YES.,Promo,Promo_15
OTP for delivery of order OD7296050767 is 8704. Share only with the delivery agent. -BlueDart,Delivery,Delivery_9
Vedika from BlueDart is arriving with your package. Contact: 05762002066,Delivery,Delivery_6
Your Uber code: 8972,OTP,Hard_8
Your return pickup for order OD2868937713 is scheduled on 06 Jul Keep the item ready -Flipkart,Delivery,Delivery_7
ENTER 274970 TO VERIFY YOUR MOBILE NUMBER FOR PAYTM.,OTP,OTP_10
Tap to verify: 315219. This code expires shortly.,OTP,Hard_9
Your Netflix plan renews on 01 Jul at Rs.149. Upgrade to 4K for Rs.276/month.,Promo,Promo_18
Hungry? Get 60% off up to Rs.1769 on your next 3 orders. Code: EAT75. -Swiggy,Promo,Promo_12
Your one time password is 140090 for Flipkart. Please do not share it.,OTP,OTP_5
Your Uber code: 3196 T&C apply,OTP,Hard_8
Your order OD9015386817 from Zomato is arriving tomorrow Keep Rs.632 ready for COD,Delivery,Delivery_3
Ur OTP is 184825. Use it to verify ur BOB account. Expires in 10 min.,OTP,OTP_1
UPI payment of INR 48235 to Simon successful. UPI Ref: 112559676626. -BOB,Bank,Bank_6
786629 is ur verification code for BOB. Never share ur OTP.,OTP,OTP_3
OTP:  700202 for txn of Rs.44733 at SBI. Do not share. -Axis Bank,OTP,OTP_2
Pre-approved! Get a HDFC Bank credit card with Rs.302152 limit. Zero joining fee. Apply: bit.ly/DsUXsB T&C apply,Promo,Promo_14
Your A/c XX2056 is debited with Rs.85372 on 19-01-26. Info: UPI-Wahab. Bal: Rs.217793,Bank,Bank_2
Your account statement for June is available. Download from the Kotak app.,Bank,Bank_16
RECHARGE WITH RS.1719 & GET 20% EXTRA TALKTIME. OFFER VALID TODAY ONLY!,Promo,Promo_5
Items in your order history are back in stock at Myntra. Prices start Rs.304.,Promo,Promo_23
Exclusive for you! Buy 1 Get 1 FREE at Zomato. Limited period offer. Visit bit.ly/hKyCUm,Promo,Promo_3
  Your Ola code: 174799,OTP,OTP_8
convert your kotak card purchase of rs.1169 into easy emis at 0% interest. reply yes.,Promo,Promo_15
Salary of Rs.92025 credited to A/c XX1942. Avl Bal: Rs.493109. -Kotak,Bank,Bank_7
Ur OTP is 870099. Use it to verify ur Axis Bank account. Expires in 2 min.,OTP,OTP_1
Use  957109 to complete your Swiggy registration. Valid till 5 mins.,OTP,OTP_4
TAP TO VERIFY: 625644. THIS CODE EXPIRES SHORTLY.,OTP,Hard_9
tap to verify: 825122. this code expires shortly.,OTP,Hard_9
DELIVERY ATTEMPT FAILED FOR ORDER OD5056063321. WE WILL RETRY TOMORROW. -DELHIVERY,Delivery,Delivery_5
"Bro  send me Rs.4342 on gpay, will return by 04 Jul",Personal,Hard_5
G-863782 is your Google verification code. -TM,OTP,OTP_12
IRCTC: Special trains added for festive season. Book early & save up to 80%.,Promo,Promo_17
Salary of Rs.85294 credited to A/c XX7340. Avl Bal: Rs.20271. -Axis Bank,Bank,Bank_7
MEGA SALE! Get 50% OFF on all products at Swiggy. Shop now: bit.ly/vXaDuX T&C apply.,Promo,Promo_0
853588 is your OTP for Amazon login. Valid for 10 minutes. Do not share with anyone.,OTP,OTP_0
Ur order OD3812387882 from BigBasket is arriving tomorrow. Keep Rs.571 ready for COD.,Delivery,Delivery_3
476231 is your GPay security code. Anyone asking for it is a scammer. STOP to opt out,OTP,OTP_9
Flight fares dropped! BLR-CCU from Rs.851. Book on MakeMyTrip before midnight.,Promo,Promo_16
PRE-APPROVED! GET A ICICI BANK CREDIT CARD WITH RS.306264 LIMIT. ZERO JOINING FEE. APPLY: BIT.LY/RHNLEL,Promo,Promo_14
Salary of Rs.25195 credited to A/c XX7861. Avl Bal: Rs.331018. -PNB,Bank,Bank_7
Use 167365 to complete your IRCTC registration. Valid till 2 mins.,OTP,OTP_4
724757  is your PNB security code. Anyone asking for it is a scammer.,OTP,OTP_9
MEGA SALE! Get 80% OFF on all products at Flipkart. Shop now: bit.ly/wHAoxO T&C apply.,Promo,Promo_0
Your Uber code: 3660,OTP,Hard_8
973964 - use this to sign in. Never share this code with anyone.,OTP,Hard_7
Your Jio pack expires tomorrow. Recharge with INR 1767 for 1GB/day + unlimited calls.,Promo,Promo_10
Your Vi pack expires tomorrow. Recharge with Rs.710 for 1.5GB/day + unlimited calls.,Promo,Promo_10
You have 4069 reward points expiring on 02 Jul. Redeem on BigBasket.,Promo,Promo_20
Enter 956570 to verify your mobile number for BigBasket.,OTP,OTP_10
"Class shifted to room 3888, come fast STOP to opt out",Personal,Hard_6
Coupon 3127 gives you free delivery on orders above INR 3193. -BigBasket,Promo,Hard_1
Order OD6653775451 packed and ready! Expected dispatch by 02 Jul. -Swiggy,Delivery,Delivery_8
Your order OD9557947061 from Myntra is arriving tomorrow. Keep Rs.2991 ready for COD.,Delivery,Delivery_3
Salary of Rs.99448 credited to A/c XX7967. Avl Bal: Rs.445649. -ICICI Bank,Bank,Bank_7
Flat Rs.1453 cashback on your next order at Zomato. Use code SAVE41. Valid till 05 Jul.,Promo,Promo_2
Enter  255427 to verify your mobile number for Meesho.,OTP,OTP_10
583794 is your verification code for Paytm. Never share your OTP.,OTP,OTP_3
KYC update pending for A/c XX4139 Please visit your nearest PNB branch by 12-06-26 to avoid restrictions,Bank,Bank_12
Enter 858593 to verify ur mobile number for PhonePe.,OTP,OTP_10
"Hi Harrison, unlock Rs.1176 off your first order at Meesho with code NEW54. -TM",Promo,Promo_7
otp-based login was enabled for your a/c xx4537. call sbi if this wasn't you.,Bank,Hard_2
Your BigBasket code: 514659,OTP,OTP_8
  Salary of Rs.85090 credited to A/c XX1392. Avl Bal: Rs.138430. -PNB,Bank,Bank_7
PNB: 22020 IS YOUR LOGIN OTP. IT EXPIRES IN 5 MINUTES.,OTP,OTP_6
Your FD of Rs.87718 matures on 15-04-26. Renew or withdraw via netbanking. -SBI,Bank,Bank_14
LAST DAY! MEESHO CLEARANCE SALE ENDS TONIGHT. UP TO 30% OFF SITEWIDE.,Promo,Promo_8
"Hey, my new number is 5038368395. Save it! Meet at 6pm?",Personal,Hard_4
Ur Swiggy order OD9305399232 has been shipped via BlueDart. Track: bit.ly/hQkclL,Delivery,Delivery_0
Use 236915 to complete your Amazon registration. Valid till 30 mins.,OTP,OTP_4
EMI of Rs.12639 due on 21-05-26 for loan A/c XX7412. Pay now to avoid charges. -BOB,Bank,Bank_4
Your return pickup for order OD2912884503 is scheduled on 03 Jul. Keep the item ready. -Amazon -TM,Delivery,Delivery_7
Ur SIM will be deactivated in 24hrs. Verify Aadhaar: bit.ly/RwqtNK,Spam,Hard_13
OTP-based login was enabled for your A/c XX7657 Call PNB if this wasn't you,Bank,Hard_2
Hungry? Get 50% off up to INR 1213 on your next 3 orders. Code: EAT80. -Swiggy,Promo,Promo_12
Auto-pay of Rs.68225 to Adya is scheduled on 10-05-26 from A/c XX5912. Ensure sufficient balance.,Bank,Bank_13
"Never share your OTP, PIN or CVV PNB never asks for these Stay safe",Bank,Hard_3
Interest  of Rs.49954 credited to your FD A/c XX7072. -HDFC Bank,Bank,Bank_9
Delhivery:  Shipment OD5181424008 reached your city hub. Expected delivery: 04 Jul.,Delivery,Delivery_4
"Never  share your OTP, PIN or CVV. Axis Bank never asks for these. Stay safe.",Bank,Hard_3
Confirmation code 983973 for SBI. Keep it private.,OTP,OTP_11
Flight fares dropped! BOM-LKO from Rs.1757. Book on ixigo before midnight.,Promo,Promo_16
DELIVERED! YOUR MYNTRA ORDER OD7504804036 WAS DELIVERED ON 04 JUL. RATE YOUR EXPERIENCE: BIT.LY/JTGWNG,Delivery,Delivery_2
Delivery attempt failed for order OD4703007355 We will retry tomorrow -BlueDart,Delivery,Delivery_5
Use 575532 to complete your Netflix registration. Valid till 15 mins.,OTP,OTP_4
salary of rs.8912 credited to a/c xx8671. avl bal: rs.24148. -hdfc bank,Bank,Bank_7
OTP: 250063 for txn of Rs.41979 at BOB. Do not share. -ICICI Bank,OTP,OTP_2
Rs.91 cashback credited to your Amazon Pay wallet. Use on your next order.,Promo,Promo_21
Hungry? Get 60% off up to Rs.1734 on ur next 3 orders. Code: EAT52. -Swiggy,Promo,Promo_12
CONGRATULATIONS! YOU WON RS.550321 IN LUCKY DRAW. CLAIM: BIT.LY/XZOIZX,Spam,Hard_12
your account statement for june is available. download from the icici bank app.,Bank,Bank_16
Your one time password is 302851 for PhonePe. Please do not share it.,OTP,OTP_5
312658 is ur GPay security code. Anyone asking for it is a scammer.,OTP,OTP_9
27840 is your Hotstar security code. Anyone asking for it is a scammer.,OTP,OTP_9
Your SIM will be deactivated in 24hrs. Verify Aadhaar: bit.ly/SwMOHN,Spam,Hard_13
Enter 807736 to verify your mobile number for Flipkart.,OTP,OTP_10
<#> 134905 is your Swiggy code Valid 10 min hA8sk2Lqp3,OTP,OTP_13
Your  A/c XX5015 is debited with Rs.85879 on 24-03-26. Info: UPI-Alexander. Bal: Rs.23958,Bank,Bank_2
Enter  346381 to verify your mobile number for BigBasket.,OTP,OTP_10
Your A/c XX8196 is debited with Rs.10195 on 15-03-26. Info: UPI-Upkaar. Bal: Rs.38289,Bank,Bank_2
907944 is your OTP for Flipkart login. Valid for 30 minutes. Do not share with anyone.,OTP,OTP_0
KYC update pending for A/c XX1883. Please visit your nearest SBI branch by 26-04-26 to avoid restrictions. T&C apply,Bank,Bank_12
Weekend special at Flipkart! Min 10% off on everything Don't miss out: bitly/ckgFWY,Promo,Promo_6
Auto-pay of Rs.88198 to Anamika is scheduled on 01-06-26 from A/c XX8258 Ensure sufficient balance,Bank,Bank_13
"Never  share your OTP, PIN or CVV. HDFC Bank never asks for these. Stay safe.",Bank,Hard_3
Rs.55746 credited to A/c XX1533 on 12-06-26. Avl Bal: Rs.277442. -SBI,Bank,Bank_1
"  Your Kotak health insurance renewal is due 05 Jul. Renew online, save 40% on premium.",Promo,Promo_24
  MEGA SALE! Get 70% OFF on all products at Swiggy. Shop now: bit.ly/ZIbyAb T&C apply.,Promo,Promo_0
Congratulations! U won Rs.765811 in lucky draw. Claim: bit.ly/ogAYMU,Spam,Hard_12
UPI payment of Rs.68084 to Zarna successful. UPI Ref: 651852007098. -SBI,Bank,Bank_6
Rs.79898 credited to A/c XX8493 on 02-01-26. Avl Bal: Rs.119592. -SBI,Bank,Bank_1
confirmation code 977808 for irctc. keep it private.,OTP,OTP_11
Flight fares dropped! HYD-CCU from Rs.85. Book on ixigo before midnight.,Promo,Promo_16
EMI of Rs.41088 due on 17-05-26 for loan A/c XX6742. Pay now to avoid charges. -Kotak,Bank,Bank_4
  303673 - use this code to sign in to BigBasket. Never share it with anyone.,OTP,OTP_7
Beware of fraud calls asking for card details. Axis Bank officials never ask for PIN or CVV.,Bank,Bank_15
593257 is your Ola security code. Anyone asking for it is a scammer.,OTP,OTP_9
Delivered! Your BigBasket order OD8393814544 was delivered on 06 Jul. Rate your experience: bit.ly/NtTIiE,Delivery,Delivery_2
Your OTP is 735724. Use it to verify your PhonePe account. Expires in 30 min.,OTP,OTP_1
ENTER 74455 TO VERIFY YOUR MOBILE NUMBER FOR HDFC BANK.,OTP,OTP_10
653922 - use this to sign in. Never share this code with anyone. STOP to opt out,OTP,Hard_7
Delivery attempt failed for order OD6340381165 We will retry tomorrow -Delhivery,Delivery,Delivery_5
MEGA SALE! Get 10% OFF on all products at Swiggy. Shop now: bit.ly/njFDOB T&C apply.,Promo,Promo_0
  Convert your HDFC Bank card purchase of Rs.1968 into easy EMIs at 0% interest. Reply YES.,Promo,Promo_15
XpressBees:  Shipment OD3120136446 reached your city hub. Expected delivery: 02 Jul.,Delivery,Delivery_4
Items in your order history are back in stock at Meesho. Prices start Rs.1600.,Promo,Promo_23
otp for delivery of order od8021529120 is 6136. share only with the delivery agent. -xpressbees,Delivery,Delivery_9
OTP for delivery of order OD3243739923 is 5888 Share only with the delivery agent -XpressBees,Delivery,Delivery_9
305823 is ur BigBasket security code. Anyone asking for it is a scammer.,OTP,OTP_9
XpressBees: Shipment OD9316478593 reached your city hub. Expected delivery: 05 Jul.,Delivery,Delivery_4
"Bro send me Rs.4034 on gpay, will return by 03 Jul",Personal,Hard_5
Flight fares dropped! DEL-PNQ from Rs.1032. Book on MakeMyTrip before midnight.,Promo,Promo_16
Confirmation code 301010 for IRCTC. Keep it private.,OTP,OTP_11
  Low balance alert: A/c XX9237 balance is Rs.264516. Maintain min balance to avoid charges.,Bank,Bank_10
KYC UPDATE PENDING FOR A/C XX1466. PLEASE VISIT YOUR NEAREST PNB BRANCH BY 06-05-26 TO AVOID RESTRICTIONS.,Bank,Bank_12
"your axis bank health insurance renewal is due 04 jul. renew online, save 50% on premium.",Promo,Promo_24
Pre-approved! Get a HDFC Bank credit card with Rs.361981 limit. Zero joining fee. Apply: bit.ly/gLvBBs,Promo,Promo_14
Your  Vi pack expires tomorrow. Recharge with Rs.888 for 1.5GB/day + unlimited calls.,Promo,Promo_10
Your account statement for August is available. Download from the Kotak app.,Bank,Bank_16
Delivered!  Your Amazon order OD3022911235 was delivered on 05 Jul. Rate your experience: bit.ly/yDbghj,Delivery,Delivery_2
Your SIM will be deactivated in 24hrs. Verify Aadhaar: bit.ly/WOOlTR,Spam,Hard_13
Delivered! Your Meesho order OD5509611877 was delivered on 01 Jul. Rate your experience: bit.ly/OKlxnr,Delivery,Delivery_2
  Your A/c XX4444 is debited with Rs.57672 on 05-03-26. Info: UPI-Gautami. Bal: Rs.49040,Bank,Bank_2
  Rs.31776 debited from A/c XX7798 on 25-06-26 to Sai. Avl Bal: Rs.36991. -SBI,Bank,Bank_0
Your OTP is 213120 Use it to verify your PhonePe account Expires in 15 min,OTP,OTP_1
453297 - use this code to sign in to Flipkart. Never share it with anyone.,OTP,OTP_7
<#> 849793 is your Zomato code. Valid 5 min. hA8sk2Lqp3,OTP,OTP_13
PRE-APPROVED! GET A PNB CREDIT CARD WITH RS.265646 LIMIT. ZERO JOINING FEE. APPLY: BIT.LY/MCHWTF,Promo,Promo_14
Items in ur order history are back in stock at Meesho. Prices start Rs.1359.,Promo,Promo_23
  Rs.66068 credited to A/c XX8836 on 15-02-26. Avl Bal: Rs.122621. -Kotak,Bank,Bank_1
Pay  Rs.3687 on delivery for order OD774595725. -XpressBees,Delivery,Hard_10
EMI of Rs.34174 due on 12-06-26 for loan A/c XX8075. Pay now to avoid charges. -Axis Bank,Bank,Bank_4
  Order OD6527789149 packed and ready! Expected dispatch by 04 Jul. -Myntra,Delivery,Delivery_8
<#> 322755 is your Kotak code. Valid 10 min. hA8sk2Lqp3,OTP,OTP_13
  G-355594 is your Google verification code.,OTP,OTP_12
Your  Meesho code: 297387,OTP,OTP_8
Uber: 15941 is your login OTP. It expires in 15 minutes. STOP to opt out,OTP,OTP_6
emi of rs.60661 due on 24-06-26 for loan a/c xx8264. pay now to avoid charges. -hdfc bank,Bank,Bank_4
cheque no. 762005366458 for rs.69084 has been cleared from a/c xx4571. -bob,Bank,Bank_8
"hi aadi, unlock rs.1514 off your first order at zomato with code new80.",Promo,Promo_7
Coupon 9397 gives you free delivery on orders above Rs.2036. -Myntra,Promo,Hard_1
Your ICICI Bank debit card XX6265 has been blocked due to suspicious activity. Visit branch or call 1800-XXX to unblock.,Bank,Bank_11
  Cheque no. 574262023042 for Rs.5308 has been cleared from A/c XX2552. -ICICI Bank,Bank,Bank_8
Missed our shows? Come back to Prime Video at 50% off for 3 months Resubscribe: bitly/DGVpxY,Promo,Promo_19
  G-175618 is your Google verification code.,OTP,OTP_12
your account statement for july is available. download from the axis bank app.,Bank,Bank_16
Low balance alert: A/c XX1626 balance is Rs.162237. Maintain min balance to avoid charges.,Bank,Bank_10
Your A/c XX1681 is debited with Rs.87953 on 07-02-26. Info: UPI-Garima. Bal: Rs.399509,Bank,Bank_2
Last  day! Meesho clearance sale ends tonight. Up to 80% off sitewide.,Promo,Promo_8
  Exclusive for you! Buy 1 Get 1 FREE at BigBasket. Limited period offer. Visit bit.ly/hrtTJW,Promo,Promo_3
RS.48392 DEBITED FROM A/C XX2885 ON 12-04-26 TO TANISH. AVL BAL: RS.361789. -SBI,Bank,Bank_0
YOUR OTP IS 243257. USE IT TO VERIFY YOUR OLA ACCOUNT. EXPIRES IN 30 MIN.,OTP,OTP_1
  Amazon Big Billion Days! Up to 60% off + extra 10% with BOB cards. Hurry!,Promo,Promo_1
Enter 209609 to verify your mobile number for Myntra. T&C apply,OTP,OTP_10
ORDER OD8390549461 PACKED AND READY! EXPECTED DISPATCH BY 03 JUL. -ZOMATO,Delivery,Delivery_8
  KYC update pending for A/c XX1091. Please visit your nearest SBI branch by 17-03-26 to avoid restrictions.,Bank,Bank_12
MEGA SALE! GET 60% OFF ON ALL PRODUCTS AT ZOMATO. SHOP NOW: BIT.LY/OMPDIQ T&C APPLY.,Promo,Promo_0
Delivered! Your Amazon order OD3530077554 was delivered on 02 Jul. Rate your experience: bit.ly/Dicawd,Delivery,Delivery_2
  Your one time password is 977699 for PNB. Please do not share it.,OTP,OTP_5
  Your account statement for June is available. Download from the PNB app.,Bank,Bank_16
Low balance alert: A/c XX6340 balance is Rs.189734. Maintain min balance to avoid charges.,Bank,Bank_10
Weekend special at Flipkart! Min 20% off on everything. Don't miss out: bit.ly/OlGtXr,Promo,Promo_6
KYC update pending for A/c XX9756 Please visit your nearest Axis Bank branch by 17-04-26 to avoid restrictions,Bank,Bank_12
Beware of fraud calls asking for card details. BOB officials never ask for PIN or CVV.,Bank,Bank_15
Convert your ICICI Bank card purchase of Rs.500 into easy EMIs at 0% interest. Reply YES.,Promo,Promo_15
Items in ur order history are back in stock at Myntra. Prices start Rs.697.,Promo,Promo_23
  Your Axis Bank code: 754595,OTP,OTP_8
EMI of Rs.56086 due on 01-03-26 for loan A/c XX6773. Pay now to avoid charges. -Axis Bank,Bank,Bank_4
  Your Meesho order OD9533990421 has been shipped via BlueDart. Track: bit.ly/rAtPRQ,Delivery,Delivery_0
Your  Airtel pack expires tomorrow. Recharge with Rs.671 for 1.5GB/day + unlimited calls.,Promo,Promo_10
loved your recent zomato order? reorder in 1 tap and get 40% off today.,Promo,Promo_22
Your return pickup for order OD7545088609 is scheduled on 03 Jul Keep the item ready -Swiggy,Delivery,Delivery_7
Beware of fraud calls asking for card details. Kotak officials never ask for PIN or CVV.,Bank,Bank_15
Your Flipkart order OD8167068600 has been shipped via Delhivery Track: bitly/hvAaSK,Delivery,Delivery_0
Last day! Amazon clearance sale ends tonight. Up to 30% off sitewide.,Promo,Promo_8
OTP  for delivery of order OD3659820554 is 3872. Share only with the delivery agent. -DTDC,Delivery,Delivery_9
Out for delivery: Your Zomato package OD2102145006 will arrive today by 3 PM. -DTDC,Delivery,Delivery_1
UPI payment of Rs.69210 to Janani successful. UPI Ref: 371348770726. -SBI,Bank,Bank_6
Ur Zomato membership expires soon. Renew now & save 10%: bit.ly/YlxJSr,Promo,Promo_9
Low balance alert: A/c XX3848 balance is Rs.407419. Maintain min balance to avoid charges. -TM,Bank,Bank_10
PRATYUSH FROM BLUEDART IS ARRIVING WITH YOUR PACKAGE. CONTACT: 1233081813,Delivery,Delivery_6
<#> 15400 IS YOUR ZOMATO CODE. VALID 5 MIN. HA8SK2LQP3,OTP,OTP_13
  Congratulations! You won Rs.1621373 in lucky draw. Claim: bit.ly/CTsFoE,Spam,Hard_12
  IRCTC: Special trains added for festive season. Book early & save up to 30%.,Promo,Promo_17
RS.40142 DEBITED FROM A/C XX9402 ON 21-05-26 TO UPASNA. AVL BAL: RS.349579. -KOTAK,Bank,Bank_0
MEGA SALE! Get 40% OFF on all products at Myntra Shop now: bitly/whwmVe T&C apply,Promo,Promo_0
G-61241 is your Google verification code,OTP,OTP_12
You have 2061 reward points expiring on 01 Jul. Redeem on Meesho.,Promo,Promo_20
Low balance alert: A/c XX7200 balance is Rs.77328. Maintain min balance to avoid charges.,Bank,Bank_10
Ur BigBasket order OD8671838754 has been shipped via Delhivery. Track: bit.ly/jRornt,Delivery,Delivery_0
Hungry? Get 20% off up to Rs.413 on your next 3 orders. Code: EAT43. -Zomato,Promo,Promo_12
Your SIM will be deactivated in 24hrs. Verify Aadhaar: bit.ly/kwzdzh,Spam,Hard_13
Your BigBasket order OD5708479199 has been shipped via DTDC. Track: bit.ly/MneZdY,Delivery,Delivery_0
DTDC: Shipment OD8892053410 reached your city hub. Expected delivery: 05 Jul.,Delivery,Delivery_4
OTP: 233198 for txn of Rs.23669 at BOB. Do not share. -PNB,OTP,OTP_2
CONFIRMATION CODE 623316 FOR KOTAK. KEEP IT PRIVATE.,OTP,OTP_11
Congratulations! You won Rs.2100102 in lucky draw. Claim: bit.ly/FASipg,Spam,Hard_12
"Hi Pranav, unlock Rs.120 off your first order at Swiggy with code NEW13.",Promo,Promo_7
Meesho: Your cart misses you! Complete purchase now & get 20% off. bit.ly/PhVRRC,Promo,Promo_4
UPI payment of Rs.76787 to Xalak successful. UPI Ref: 178053810497. -ICICI Bank,Bank,Bank_6
  G-355005 is your Google verification code.,OTP,OTP_12
  Exclusive for you! Buy 1 Get 1 FREE at Zomato. Limited period offer. Visit bit.ly/MBEZRG,Promo,Promo_3
Ur Netflix plan renews on 05 Jul at Rs.382. Upgrade to 4K for Rs.403/month.,Promo,Promo_18
Hungry? Get 10% off up to Rs.957 on your next 3 orders. Code: EAT94. -Swiggy,Promo,Promo_12
Your order OD6818032576 from Swiggy is arriving tomorrow. Keep Rs.4868 ready for COD. -TM,Delivery,Delivery_3
Your A/c XX3768 is debited with Rs.86929 on 18-02-26 Info: UPI-Nisha Bal: Rs.141496,Bank,Bank_2
Enter 512494 to verify ur mobile number for Ola.,OTP,OTP_10
Interest of Rs.67611 credited to your FD A/c XX9937. -HDFC Bank,Bank,Bank_9
KYC update pending for A/c XX9331. Please visit your nearest ICICI Bank branch by 22-01-26 to avoid restrictions. -TM,Bank,Bank_12
Order OD1514194996 packed and ready! Expected dispatch by 06 Jul. -Meesho,Delivery,Delivery_8
Rs.96311 credited to A/c XX6930 on 16-02-26. Avl Bal: Rs.141867. -HDFC Bank,Bank,Bank_1
Low balance alert: A/c XX4244 balance is Rs.342117 Maintain min balance to avoid charges,Bank,Bank_10
IRCTC: 828701 is your login OTP It expires in 2 minutes,OTP,OTP_6
Missed our shows? Come back to Hotstar at 50% off for 3 months. Resubscribe: bit.ly/nUHNVX,Promo,Promo_19
YOUR ICICI BANK DEBIT CARD XX8693 HAS BEEN BLOCKED DUE TO SUSPICIOUS ACTIVITY. VISIT BRANCH OR CALL 1800-XXX TO UNBLOCK.,Bank,Bank_11
DTDC: SHIPMENT OD1672617347 REACHED YOUR CITY HUB. EXPECTED DELIVERY: 04 JUL.,Delivery,Delivery_4
pre-approved! get a sbi credit card with rs.167026 limit. zero joining fee. apply: bit.ly/ctuqrc,Promo,Promo_14
use 191617 to complete your hotstar registration. valid till 10 mins.,OTP,OTP_4
Beware of fraud calls asking for card details. PNB officials never ask for PIN or CVV.,Bank,Bank_15
ALERT: Rs.67838 withdrawn from ATM using card XX3209 on 27-02-26. Bal: Rs.17243. -Kotak,Bank,Bank_3
Your Kotak debit card XX4734 has been blocked due to suspicious activity. Visit branch or call 1800-XXX to unblock.,Bank,Bank_11
USE CODE 2159 AT CHECKOUT FOR 50% OFF AT MYNTRA!,Promo,Hard_0
Data exhausted? Get 2GB extra with INR 1573 booster pack. Dial *121# or visit app.,Promo,Promo_11
  <#> 271089 is your Uber code. Valid 5 min. hA8sk2Lqp3,OTP,OTP_13
"  Hi Rayaan, unlock Rs.913 off your first order at Flipkart with code NEW49.",Promo,Promo_7
YOUR ONE TIME PASSWORD IS 200861 FOR IRCTC. PLEASE DO NOT SHARE IT.,OTP,OTP_5
Ur one time password is 423291 for Meesho. Please do not share it.,OTP,OTP_5
flipkart: 192429 is your login otp. it expires in 2 minutes.,OTP,OTP_6
Low balance alert: A/c XX1994 balance is Rs.1352. Maintain min balance to avoid charges.,Bank,Bank_10
ALERT: Rs.95472 withdrawn from ATM using card XX8006 on 16-05-26. Bal: Rs.345946. -BOB,Bank,Bank_3
"Hey,  my new number is 01873957149. Save it! Meet at 6pm?",Personal,Hard_4
Your  HDFC Bank debit card XX6127 has been blocked due to suspicious activity. Visit branch or call 1800-XXX to unblock.,Bank,Bank_11
882300 is your OTP for Axis Bank login. Valid for 30 minutes. Do not share with anyone. -TM,OTP,OTP_0
Coupon 5707 gives you free delivery on orders above Rs.2837. -Flipkart,Promo,Hard_1
IRCTC: Special trains added for festive season. Book early & save up to 30%.,Promo,Promo_17
UPI payment of Rs.54612 to Karan successful. UPI Ref: 629317218867. -BOB,Bank,Bank_6
Your return pickup for order OD5827505721 is scheduled on 02 Jul Keep the item ready -Amazon,Delivery,Delivery_7
  Pay Rs.624 on delivery for order OD774632328. -XpressBees,Delivery,Hard_10
Hungry? Get 10% off up to Rs.172 on ur next 3 orders. Code: EAT74. -Swiggy,Promo,Promo_12
BigBasket Big Billion Days! Up to 80% off + extra 10% with PNB cards. Hurry!,Promo,Promo_1
"Class shifted to room 4684, come fast",Personal,Hard_6
Tap to verify: 147252. This code expires shortly.,OTP,Hard_9
Congratulations! You won Rs.307382 in lucky draw. Claim: bit.ly/JaBrWs,Spam,Hard_12
OUT FOR DELIVERY: YOUR BIGBASKET PACKAGE OD3297938189 WILL ARRIVE TODAY BY 3 PM. -EKART,Delivery,Delivery_1
"Hi Atharv, unlock INR 556 off your first order at Meesho with code NEW95.",Promo,Promo_7
Out for delivery: Your Zomato package OD7539116596 will arrive today by 6 PM. -DTDC,Delivery,Delivery_1
SALARY OF RS.98104 CREDITED TO A/C XX3336. AVL BAL: RS.216738. -HDFC BANK,Bank,Bank_7
IRCTC: Special trains added for festive season. Book early & save up to 50%.,Promo,Promo_17
your return pickup for order od7917980790 is scheduled on 04 jul. keep the item ready. -zomato,Delivery,Delivery_7
bluedart: shipment od5752726191 reached your city hub. expected delivery: 05 jul.,Delivery,Delivery_4
You have 2803 reward points expiring on 04 Jul. Redeem on Myntra. -TM,Promo,Promo_20
Use 895522 to complete your Netflix registration. Valid till 30 mins. T&C apply,OTP,OTP_4
Your account statement for July is available. Download from the SBI app.,Bank,Bank_16
your order od7589718427 from zomato is arriving tomorrow. keep rs.3511 ready for cod.,Delivery,Delivery_3
DELIVERY ATTEMPT FAILED FOR ORDER OD6014385402. WE WILL RETRY TOMORROW. -DTDC,Delivery,Delivery_5
  Congratulations! You won Rs.142885 in lucky draw. Claim: bit.ly/hPPRzv,Spam,Hard_12
Cheque  no. 437449399101 for Rs.79546 has been cleared from A/c XX7024. -BOB,Bank,Bank_8
Use 219077 to complete your Swiggy registration Valid till 10 mins,OTP,OTP_4
Rs.80557 debited from A/c XX7620 on 17-03-26 to Abhiram. Avl Bal: Rs.392504. -Kotak,Bank,Bank_0
<#> 884209 is your Netflix code. Valid 15 min. hA8sk2Lqp3,OTP,OTP_13
OTP: 789044 for txn of Rs.49899 at SBI. Do not share. -ICICI Bank,OTP,OTP_2
Rs.3652 credited to A/c XX2471 on 20-06-26. Avl Bal: Rs.86907. -PNB,Bank,Bank_1
"Class shifted to room 1284, come fast",Personal,Hard_6
OTP:  309258 for txn of Rs.24475 at HDFC Bank. Do not share. -BOB,OTP,OTP_2
swiggy: free delivery all weekend! order your favourites now.,Promo,Promo_13
551910 is your OTP for PhonePe login. Valid for 30 minutes. Do not share with anyone.,OTP,OTP_0
OTP-based login was enabled for ur A/c XX3060. Call ICICI Bank if this wasn't you.,Bank,Hard_2
<#> 937152 is your Hotstar code. Valid 5 min. hA8sk2Lqp3,OTP,OTP_13
"Hi Zaitra, unlock INR 97 off your first order at Swiggy with code NEW49.",Promo,Promo_7
Your return pickup for order OD8267078185 is scheduled on 05 Jul. Keep the item ready. -Swiggy,Delivery,Delivery_7
  852241 - use this to sign in. Never share this code with anyone.,OTP,Hard_7
OTP for delivery of order OD7617427272 is 2336. Share only with the delivery agent. -Delhivery,Delivery,Delivery_9
Your Meesho order OD3894708203 has been shipped via Delhivery Track: bitly/WCRdlk,Delivery,Delivery_0
Your order OD4493471463 from Swiggy is arriving tomorrow. Keep INR 3230 ready for COD.,Delivery,Delivery_3
MEGA SALE! GET 40% OFF ON ALL PRODUCTS AT ZOMATO. SHOP NOW: BIT.LY/WTWDGD T&C APPLY.,Promo,Promo_0
Low balance alert: A/c XX3964 balance is Rs.395920. Maintain min balance to avoid charges.,Bank,Bank_10
670360 - USE THIS TO SIGN IN. NEVER SHARE THIS CODE WITH ANYONE.,OTP,Hard_7
AMAZON BIG BILLION DAYS! UP TO 70% OFF + EXTRA 10% WITH SBI CARDS. HURRY!,Promo,Promo_1
Rehaan from Delhivery is arriving with your package. Contact: 4462290732,Delivery,Delivery_6
DELHIVERY: SHIPMENT OD5752497620 REACHED YOUR CITY HUB. EXPECTED DELIVERY: 05 JUL.,Delivery,Delivery_4
hungry? get 60% off up to rs.1649 on your next 3 orders. code: eat40. -swiggy,Promo,Promo_12
Flight fares dropped! BOM-PNQ from Rs.218. Book on MakeMyTrip before midnight.,Promo,Promo_16
Your account statement for June is available. Download from the ICICI Bank app.,Bank,Bank_16
your sim will be deactivated in 24hrs. verify aadhaar: bit.ly/xnctyb,Spam,Hard_13
Rs.57962 credited to A/c XX6619 on 07-06-26. Avl Bal: Rs.120811. -SBI T&C apply,Bank,Bank_1
Your Jio pack expires tomorrow. Recharge with INR 738 for 2GB/day + unlimited calls.,Promo,Promo_10
Low  balance alert: A/c XX7715 balance is Rs.185673. Maintain min balance to avoid charges.,Bank,Bank_10
OTP-based login was enabled for your A/c XX6019. Call HDFC Bank if this wasn't you.,Bank,Hard_2
Low balance alert: A/c XX6393 balance is Rs.356983. Maintain min balance to avoid charges.,Bank,Bank_10
Delivered! Your Meesho order OD1470770854 was delivered on 03 Jul. Rate your experience: bit.ly/SdccIJ,Delivery,Delivery_2
Your Swiggy code: 629153,OTP,OTP_8
Your order OD5150148828 from BigBasket is arriving tomorrow. Keep Rs.4595 ready for COD.,Delivery,Delivery_3
Your account statement for July is available. Download from the HDFC Bank app.,Bank,Bank_16
IRCTC: Special trains added for festive season. Book early & save up to 80%. T&C apply,Promo,Promo_17
Your Vi pack expires tomorrow. Recharge with Rs.1907 for 1.5GB/day + unlimited calls.,Promo,Promo_10
rs.1995 cashback credited to your phonepe wallet. use on your next order.,Promo,Promo_21
  Your Uber code: 7731,OTP,Hard_8
"Class shifted to room 2845, come fast",Personal,Hard_6
  682114 is your Kotak security code. Anyone asking for it is a scammer.,OTP,OTP_9
Ur BigBasket membership expires soon. Renew now & save 50%: bit.ly/ZUqZku,Promo,Promo_9
Your credit card XX8856 statement is ready. Total due: Rs.2017. Min due: Rs.816. -HDFC Bank,Bank,Bank_5
pre-approved! get a sbi credit card with rs.301086 limit. zero joining fee. apply: bit.ly/eiwyli,Promo,Promo_14
auto-pay of rs.90931 to yagnesh is scheduled on 26-05-26 from a/c xx9156. ensure sufficient balance.,Bank,Bank_13
Your  OTP is 899319. Use it to verify your ICICI Bank account. Expires in 10 min.,OTP,OTP_1
CONVERT YOUR PNB CARD PURCHASE OF RS.166 INTO EASY EMIS AT 0% INTEREST. REPLY YES.,Promo,Promo_15
  OTP: 962377 for txn of Rs.2467 at GPay. Do not share. -BOB,OTP,OTP_2
"Hi Omkaar, unlock Rs.1246 off your first order at Meesho with code NEW96.",Promo,Promo_7
YOUR AIRTEL PACK EXPIRES TOMORROW. RECHARGE WITH RS.958 FOR 3GB/DAY + UNLIMITED CALLS.,Promo,Promo_10
  Work from home! Earn Rs.563331/month. Join: bit.ly/dYwDdv,Spam,Hard_14
Your  A/c XX3107 is debited with Rs.46152 on 18-06-26. Info: UPI-Mohammed. Bal: Rs.66478,Bank,Bank_2
Your  one time password is 333698 for Uber. Please do not share it.,OTP,OTP_5
Your Airtel pack expires tomorrow. Recharge with Rs.1561 for 1GB/day + unlimited calls.,Promo,Promo_10
"NEVER SHARE YOUR OTP, PIN OR CVV. HDFC BANK NEVER ASKS FOR THESE. STAY SAFE.",Bank,Hard_3
Coupon  2890 gives you free delivery on orders above Rs.1014. -Flipkart,Promo,Hard_1
  Your Uber code: 8804,OTP,Hard_8
Your A/c XX4697 is debited with Rs.95267 on 07-06-26. Info: UPI-Ria. Bal: Rs.326210,Bank,Bank_2
Order OD3738316648 packed and ready! Expected dispatch by 06 Jul. -Zomato,Delivery,Delivery_8
MEGA SALE! Get 30% OFF on all products at BigBasket. Shop now: bit.ly/snLrXp T&C apply.,Promo,Promo_0
hungry? get 60% off up to rs.1408 on your next 3 orders. code: eat83. -swiggy,Promo,Promo_12
  Out for delivery: Your Swiggy package OD2433635145 will arrive today by 6 PM. -Delhivery,Delivery,Delivery_1
<#> 514960 is your HDFC Bank code. Valid 30 min. hA8sk2Lqp3,OTP,OTP_13
Cheque no. 532861110567 for Rs.95432 has been cleared from A/c XX2060. -Kotak STOP to opt out,Bank,Bank_8
YOUR ORDER OD4754219584 FROM FLIPKART IS ARRIVING TOMORROW. KEEP RS.972 READY FOR COD.,Delivery,Delivery_3
Your OTP is 4707. Use it to verify your SBI account. Expires in 5 min.,OTP,OTP_1
"Bro  send me Rs.2136 on gpay, will return by 04 Jul",Personal,Hard_5
"Class shifted to room 3279, come fast",Personal,Hard_6
338265 - use this code to sign in to Flipkart. Never share it with anyone. T&C apply,OTP,OTP_7
328485 IS YOUR PHONEPE SECURITY CODE. ANYONE ASKING FOR IT IS A SCAMMER.,OTP,OTP_9
Your Hotstar plan renews on 03 Jul at Rs.1043 Upgrade to 4K for Rs.738/month,Promo,Promo_18
OTP: 790290 for txn of Rs.8213 at Swiggy. Do not share. -HDFC Bank,OTP,OTP_2
450649 is your OTP for Hotstar login. Valid for 15 minutes. Do not share with anyone.,OTP,OTP_0
UPI payment of Rs.25867 to Ishani successful. UPI Ref: 865919607073. -HDFC Bank,Bank,Bank_6
your credit card xx4390 statement is ready. total due: rs.1348. min due: rs.918. -axis bank,Bank,Bank_5
Last day! Swiggy clearance sale ends tonight. Up to 30% off sitewide.,Promo,Promo_8
Salary of Rs.82450 credited to A/c XX3606. Avl Bal: Rs.487244. -SBI,Bank,Bank_7
PAYTM: 460888 IS YOUR LOGIN OTP. IT EXPIRES IN 10 MINUTES.,OTP,OTP_6
  Your credit card XX1988 statement is ready. Total due: Rs.70028. Min due: Rs.772. -Axis Bank,Bank,Bank_5
G-928966  is your Google verification code.,OTP,OTP_12
BigBasket Big Billion Days! Up to 10% off + extra 10% with HDFC Bank cards. Hurry!,Promo,Promo_1
"Class shifted to room 3109, come fast T&C apply",Personal,Hard_6
EMI of Rs.85983 due on 03-02-26 for loan A/c XX7461. Pay now to avoid charges. -HDFC Bank,Bank,Bank_4
538319 is your OTP for Zomato login. Valid for 15 minutes. Do not share with anyone.,OTP,OTP_0
Tap to verify: 282167. This code expires shortly.,OTP,Hard_9
Low balance alert: A/c XX1095 balance is Rs.281392. Maintain min balance to avoid charges.,Bank,Bank_10
Cheque no. 819084807824 for Rs.95084 has been cleared from A/c XX6783. -ICICI Bank,Bank,Bank_8
Congratulations! You won Rs.60652 in lucky draw. Claim: bit.ly/vIgRsa -TM,Spam,Hard_12
  Your order OD9652074619 from Zomato is arriving tomorrow. Keep Rs.854 ready for COD.,Delivery,Delivery_3
UPI payment of Rs.68481 to Neel successful. UPI Ref: 216004639750. -Kotak,Bank,Bank_6
EMI of Rs.88867 due on 23-04-26 for loan A/c XX6082. Pay now to avoid charges. -Axis Bank,Bank,Bank_4
  Your Uber code: 2554,OTP,Hard_8
Rs.44003 credited to A/c XX4248 on 30-01-26. Avl Bal: Rs.305305. -Kotak,Bank,Bank_1
Hitesh from Ekart is arriving with ur package. Contact: 7887415517,Delivery,Delivery_6
"Class shifted to room 7871, come fast",Personal,Hard_6
Use 632314 to complete your BOB registration. Valid till 15 mins.,OTP,OTP_4
Low balance alert: A/c XX5852 balance is Rs.282279. Maintain min balance to avoid charges.,Bank,Bank_10
Pay Rs.886 on delivery for order OD320410046. -BlueDart,Delivery,Hard_10
Your return pickup for order OD8205859794 is scheduled on 03 Jul. Keep the item ready. -BigBasket,Delivery,Delivery_7
OTP-based login was enabled for your A/c XX1395 Call Kotak if this wasn't you,Bank,Hard_2
your return pickup for order od5254382364 is scheduled on 03 jul. keep the item ready. -zomato,Delivery,Delivery_7
Zomato: Free delivery all weekend! Order your favourites now.,Promo,Promo_13
Your order OD1619082946 from Flipkart is arriving tomorrow Keep Rs.2774 ready for COD,Delivery,Delivery_3
Confirmation code 672122 for Netflix. Keep it private. -TM,OTP,OTP_11
Loved your recent Meesho order? Reorder in 1 tap and get 60% off today.,Promo,Promo_22
Use code 4961 at checkout for 10% off at Swiggy!,Promo,Hard_0
Coupon 4293 gives you free delivery on orders above Rs.2825. -Zomato,Promo,Hard_1
Flat Rs.1650 cashback on your next order at Myntra. Use code SAVE55. Valid till 04 Jul.,Promo,Promo_2
Weekend special at Myntra! Min 30% off on everything. Don't miss out: bit.ly/okhptG,Promo,Promo_6
BigBasket: Ur cart misses you! Complete purchase now & get 60% off. bit.ly/HWSJAn,Promo,Promo_4
Your one time password is 649199 for PhonePe. Please do not share it.,OTP,OTP_5
Items in your order history are back in stock at Swiggy. Prices start Rs.1809.,Promo,Promo_23
EMI of Rs.53473 due on 14-05-26 for loan A/c XX3587. Pay now to avoid charges. -SBI,Bank,Bank_4
INR 80693 credited to A/c XX7725 on 05-07-26. Avl Bal: INR 223166. -ICICI Bank,Bank,Bank_1
Data exhausted? Get 2GB extra with INR 66 booster pack. Dial *121# or visit app.,Promo,Promo_11
Your OTP is 233915. Use it to verify your BOB account. Expires in 5 min. T&C apply,OTP,OTP_1
OTP-based login was enabled for your A/c XX2195. Call HDFC Bank if this wasn't you.,Bank,Hard_2
exclusive for you! buy 1 get 1 free at swiggy. limited period offer. visit bit.ly/osatfr,Promo,Promo_3
swiggy: free delivery all weekend! order your favourites now.,Promo,Promo_13
  Recharge with Rs.279 & get 50% extra talktime. Offer valid today only!,Promo,Promo_5
297592 is your OTP for HDFC Bank login. Valid for 5 minutes. Do not share with anyone.,OTP,OTP_0
  Pay Rs.3950 on delivery for order OD949666815. -XpressBees,Delivery,Hard_10
  Items in your order history are back in stock at Meesho. Prices start Rs.156.,Promo,Promo_23
TAP TO VERIFY: 908857. THIS CODE EXPIRES SHORTLY.,OTP,Hard_9
Your  Kotak debit card XX3458 has been blocked due to suspicious activity. Visit branch or call 1800-XXX to unblock.,Bank,Bank_11
  IRCTC: Special trains added for festive season. Book early & save up to 60%.,Promo,Promo_17
your account statement for july is available. download from the hdfc bank app.,Bank,Bank_16
IRCTC: 402977 is your login OTP. It expires in 10 minutes.,OTP,OTP_6
196673 is your OTP for Zomato login Valid for 2 minutes Do not share with anyone,OTP,OTP_0
G-530422 is your Google verification code,OTP,OTP_12
MEGA SALE! Get 20% OFF on all products at Zomato. Shop now: bit.ly/uzmoqe T&C apply. T&C apply,Promo,Promo_0
  Confirmation code 142941 for Paytm. Keep it private.,OTP,OTP_11
KYC  update pending for A/c XX4593. Please visit your nearest PNB branch by 06-04-26 to avoid restrictions.,Bank,Bank_12
YOUR OTP IS 967707. USE IT TO VERIFY YOUR PNB ACCOUNT. EXPIRES IN 30 MIN.,OTP,OTP_1
  Your FD of Rs.80022 matures on 21-02-26. Renew or withdraw via netbanking. -Axis Bank,Bank,Bank_14
Auto-pay of Rs.97366 to Gopal is scheduled on 01-02-26 from A/c XX4460. Ensure sufficient balance.,Bank,Bank_13
Interest of Rs.6417 credited to your FD A/c XX8468. -SBI STOP to opt out,Bank,Bank_9
Use  code 4350 at checkout for 50% off at Amazon!,Promo,Hard_0
Your account statement for June is available. Download from the HDFC Bank app.,Bank,Bank_16
Your account statement for June is available. Download from the Kotak app. T&C apply,Bank,Bank_16
"Never share your OTP, PIN or CVV. BOB never asks for these. Stay safe.",Bank,Hard_3
rs.83622 credited to a/c xx6503 on 05-04-26. avl bal: rs.490365. -pnb,Bank,Bank_1
  53385 is your OTP for Flipkart login. Valid for 5 minutes. Do not share with anyone.,OTP,OTP_0
  OTP-based login was enabled for your A/c XX5423. Call ICICI Bank if this wasn't you.,Bank,Hard_2
loved your recent myntra order? reorder in 1 tap and get 80% off today.,Promo,Promo_22
Rs.285 cashback credited to your Paytm wallet. Use on your next order. -TM,Promo,Promo_21
EMI of INR 14777 due on 28-06-26 for loan A/c XX4733. Pay now to avoid charges. -HDFC Bank,Bank,Bank_4
You have 3073 reward points expiring on 05 Jul. Redeem on Swiggy. -TM,Promo,Promo_20
  Salary of Rs.12150 credited to A/c XX6086. Avl Bal: Rs.322831. -Axis Bank,Bank,Bank_7
You have 4386 reward points expiring on 06 Jul. Redeem on Swiggy.,Promo,Promo_20
"Bro send me Rs.3029 on gpay, will return by 01 Jul",Personal,Hard_5
Your A/c XX5262 is debited with Rs.73529 on 10-06-26. Info: UPI-Vincent. Bal: Rs.150434 T&C apply,Bank,Bank_2
Your credit card XX8473 statement is ready. Total due: Rs.37457. Min due: Rs.3991. -Kotak,Bank,Bank_5
Your SBI code: 482968 T&C apply,OTP,OTP_8
Your Jio pack expires tomorrow. Recharge with Rs.1452 for 1.5GB/day + unlimited calls. -TM,Promo,Promo_10
your otp is 385154. use it to verify your gpay account. expires in 2 min.,OTP,OTP_1
Zomato Big Billion Days! Up to 40% off + extra 10% with Axis Bank cards. Hurry!,Promo,Promo_1
YOUR JIO PACK EXPIRES TOMORROW. RECHARGE WITH RS.1234 FOR 2GB/DAY + UNLIMITED CALLS.,Promo,Promo_10
Your SIM will be deactivated in 24hrs Verify Aadhaar: bitly/wnPojE,Spam,Hard_13
Use 610894 to complete ur PNB registration. Valid till 2 mins.,OTP,OTP_4
Rs.98676 debited from A/c XX8279 on 02-07-26 to Utkarsh. Avl Bal: Rs.326419. -HDFC Bank,Bank,Bank_0
455459 - USE THIS TO SIGN IN. NEVER SHARE THIS CODE WITH ANYONE.,OTP,Hard_7
"Your  Kotak health insurance renewal is due 01 Jul. Renew online, save 80% on premium.",Promo,Promo_24
Interest of Rs.80290 credited to your FD A/c XX1671. -SBI,Bank,Bank_9
Use 666430 to complete your SBI registration. Valid till 30 mins.,OTP,OTP_4
Rs.389 cashback credited to your Amazon Pay wallet Use on your next order,Promo,Promo_21
Hungry? Get 10% off up to Rs.348 on your next 3 orders. Code: EAT21. -Zomato,Promo,Promo_12
Data exhausted? Get 1GB extra with INR 1724 booster pack. Dial *121# or visit app.,Promo,Promo_11
MEGA SALE! GET 60% OFF ON ALL PRODUCTS AT BIGBASKET. SHOP NOW: BIT.LY/EXJHUU T&C APPLY.,Promo,Promo_0
Your return pickup for order OD3031108472 is scheduled on 06 Jul. Keep the item ready. -Swiggy,Delivery,Delivery_7
Netflix: 855010 is your login OTP It expires in 10 minutes,OTP,OTP_6
  Pre-approved! Get a Kotak credit card with Rs.202150 limit. Zero joining fee. Apply: bit.ly/rxutnb,Promo,Promo_14
Coupon 2252 gives you free delivery on orders above Rs.4096. -Myntra,Promo,Hard_1
Order OD9649374032 packed and ready! Expected dispatch by 05 Jul. -Amazon,Delivery,Delivery_8
819197 - use this code to sign in to Myntra. Never share it with anyone. -TM,OTP,OTP_7
Tap to verify: 660910. This code expires shortly.,OTP,Hard_9
Your  A/c XX1380 is debited with Rs.27063 on 01-02-26. Info: UPI-Aayush. Bal: Rs.183555,Bank,Bank_2
Out for delivery: Your Amazon package OD1854919638 will arrive today by 6 PM. -Delhivery,Delivery,Delivery_1
Missed our shows? Come back to Netflix at 50% off for 3 months. Resubscribe: bit.ly/nxEajF,Promo,Promo_19
Your return pickup for order OD4559499120 is scheduled on 03 Jul. Keep the item ready. -Myntra,Delivery,Delivery_7
Delivered! Your BigBasket order OD4372319883 was delivered on 01 Jul. Rate your experience: bit.ly/rbuRpx,Delivery,Delivery_2
KYC update pending for A/c XX6007 Please visit your nearest PNB branch by 26-03-26 to avoid restrictions,Bank,Bank_12
Your one time password is 739634 for Myntra. Please do not share it.,OTP,OTP_5
Use code 8103 at checkout for 10% off at Swiggy!,Promo,Hard_0
Your order OD8065510996 from Swiggy is arriving tomorrow Keep Rs.1570 ready for COD,Delivery,Delivery_3
your a/c xx2351 is debited with rs.36563 on 03-05-26. info: upi-yashvi. bal: rs.336092,Bank,Bank_2
your airtel pack expires tomorrow. recharge with rs.586 for 1gb/day + unlimited calls.,Promo,Promo_10
  Your Jio pack expires tomorrow. Recharge with Rs.1332 for 3GB/day + unlimited calls.,Promo,Promo_10
  Rs.40029 debited from A/c XX3013 on 09-05-26 to Watika. Avl Bal: Rs.375438. -HDFC Bank,Bank,Bank_0
Zomato: Free delivery all weekend! Order your favourites now.,Promo,Promo_13
<#> 78393 IS YOUR HOTSTAR CODE. VALID 15 MIN. HA8SK2LQP3,OTP,OTP_13
744500 is your verification code for sbi. never share your otp.,OTP,OTP_3
Pre-approved! Get a Kotak credit card with Rs.190888 limit. Zero joining fee. Apply: bit.ly/Tuxyiq T&C apply,Promo,Promo_14
Your credit card XX3752 statement is ready. Total due: Rs.8729. Min due: Rs.4108. -HDFC Bank STOP to opt out,Bank,Bank_5
KARAN FROM DELHIVERY IS ARRIVING WITH YOUR PACKAGE. CONTACT: 08566304875,Delivery,Delivery_6
Your order OD7484589551 from Zomato is arriving tomorrow. Keep Rs.533 ready for COD.,Delivery,Delivery_3
jasmit from bluedart is arriving with your package. contact: 9612432901,Delivery,Delivery_6
MEGA SALE! Get 30% OFF on all products at Myntra. Shop now: bit.ly/zGaeef T&C apply.,Promo,Promo_0
cheque no. 978368239674 for rs.47059 has been cleared from a/c xx4225. -pnb,Bank,Bank_8
  Your account statement for July is available. Download from the Kotak app.,Bank,Bank_16
Coupon 7511 gives you free delivery on orders above Rs.2114. -Meesho,Promo,Hard_1
"Never share your OTP, PIN or CVV. PNB never asks for these. Stay safe.",Bank,Hard_3
enter 579767 to verify your mobile number for pnb.,OTP,OTP_10
Use 321311 to complete your Zomato registration. Valid till 15 mins.,OTP,OTP_4
Items in your order history are back in stock at Zomato. Prices start INR 1071.,Promo,Promo_23
Your FD of Rs.83061 matures on 05-03-26 Renew or withdraw via netbanking -ICICI Bank,Bank,Bank_14
Flat Rs.1753 cashback on your next order at Swiggy. Use code SAVE43. Valid till 01 Jul.,Promo,Promo_2
Your return pickup for order OD8648725999 is scheduled on 06 Jul. Keep the item ready. -Amazon,Delivery,Delivery_7
Use 655752 to complete your Swiggy registration. Valid till 2 mins.,OTP,OTP_4
Delivered! Your BigBasket order OD1977724831 was delivered on 04 Jul. Rate your experience: bit.ly/gXGQoU,Delivery,Delivery_2
Ekart: Shipment OD1917916785 reached your city hub. Expected delivery: 05 Jul.,Delivery,Delivery_4
Your FD of Rs.3378 matures on 04-03-26. Renew or withdraw via netbanking. -HDFC Bank,Bank,Bank_14
Cheque no. 432780355799 for Rs.51478 has been cleared from A/c XX1227. -Axis Bank,Bank,Bank_8
UPI payment of Rs.88592 to Vasatika successful. UPI Ref: 119548444428. -Axis Bank,Bank,Bank_6
Flight  fares dropped! BLR-CCU from Rs.1038. Book on MakeMyTrip before midnight.,Promo,Promo_16
order od6656694246 packed and ready! expected dispatch by 04 jul. -zomato,Delivery,Delivery_8
Use 542910 to complete your Swiggy registration. Valid till 15 mins.,OTP,OTP_4
Swiggy Big Billion Days! Up to 40% off + extra 10% with HDFC Bank cards. Hurry! -TM,Promo,Promo_1
EMI  of Rs.73999 due on 22-01-26 for loan A/c XX8587. Pay now to avoid charges. -HDFC Bank,Bank,Bank_4
558193 - use this code to sign in to Axis Bank. Never share it with anyone.,OTP,OTP_7
cheque no. 462218163019 for rs.54851 has been cleared from a/c xx5040. -icici bank,Bank,Bank_8
Weekend special at Swiggy! Min 70% off on everything. Don't miss out: bit.ly/KZACsZ,Promo,Promo_6
OTP-based login was enabled for your A/c XX2331. Call HDFC Bank if this wasn't you.,Bank,Hard_2
Your  order OD3783183006 from Swiggy is arriving tomorrow. Keep Rs.1501 ready for COD.,Delivery,Delivery_3
Data exhausted? Get 1GB extra with Rs.233 booster pack. Dial *121# or visit app.,Promo,Promo_11
EMI of Rs.81155 due on 15-01-26 for loan A/c XX6369. Pay now to avoid charges. -SBI,Bank,Bank_4
  Your Netflix plan renews on 06 Jul at Rs.1852. Upgrade to 4K for Rs.571/month.,Promo,Promo_18
Out for delivery: Your Meesho package OD5093649944 will arrive today by 9 PM. -XpressBees STOP to opt out,Delivery,Delivery_1
Coupon 2400 gives you free delivery on orders above Rs.387. -Flipkart,Promo,Hard_1
"Hi Samar, unlock Rs.1898 off your first order at Myntra with code NEW89.",Promo,Promo_7
Auto-pay of Rs.26739 to Idika is scheduled on 22-05-26 from A/c XX4859. Ensure sufficient balance.,Bank,Bank_13
Dear customer ur PNB account will be blocked! Update KYC now: bit.ly/qxEPtq,Spam,Hard_11
Your A/c XX3144 is debited with Rs.57964 on 21-04-26. Info: UPI-Yashasvi. Bal: Rs.406101,Bank,Bank_2
Pre-approved! Get a Axis Bank credit card with Rs.95425 limit Zero joining fee Apply: bitly/dxCLkh,Promo,Promo_14
128098 - USE THIS TO SIGN IN. NEVER SHARE THIS CODE WITH ANYONE.,OTP,Hard_7
You have 1914 reward points expiring on 04 Jul. Redeem on Meesho.,Promo,Promo_20
Your  Uber code: 7679,OTP,Hard_8
GPay: 7994 is your login OTP. It expires in 30 minutes.,OTP,OTP_6
Enter 721874 to verify your mobile number for Swiggy.,OTP,OTP_10
Order  OD8303438484 packed and ready! Expected dispatch by 01 Jul. -Amazon,Delivery,Delivery_8
Work from home! Earn Rs.1212888/month. Join: bit.ly/XYGrkH,Spam,Hard_14
Your OTP is 260094. Use it to verify your Zomato account. Expires in 15 min.,OTP,OTP_1
759064  is your OTP for BigBasket login. Valid for 2 minutes. Do not share with anyone.,OTP,OTP_0
"  Bro send me Rs.4847 on gpay, will return by 01 Jul",Personal,Hard_5
Ur one time password is 588874 for Amazon. Please do not share it.,OTP,OTP_5
Interest of INR 5899 credited to your FD A/c XX9228. -ICICI Bank,Bank,Bank_9
Salary of Rs.11204 credited to A/c XX6625. Avl Bal: Rs.466831. -ICICI Bank,Bank,Bank_7
your icici bank code: 860152,OTP,OTP_8
Loved your recent Swiggy order? Reorder in 1 tap and get 10% off today.,Promo,Promo_22
Weekend special at Myntra! Min 60% off on everything. Don't miss out: bit.ly/cRbAZT,Promo,Promo_6
  Salary of Rs.37511 credited to A/c XX1775. Avl Bal: Rs.449417. -BOB,Bank,Bank_7
"  Your ICICI Bank health insurance renewal is due 01 Jul. Renew online, save 70% on premium.",Promo,Promo_24
569661 is your ICICI Bank security code. Anyone asking for it is a scammer.,OTP,OTP_9
Use code 6356 at checkout for 10% off at Meesho!,Promo,Hard_0
Auto-pay of Rs.60271 to Vedika is scheduled on 12-05-26 from A/c XX1495. Ensure sufficient balance.,Bank,Bank_13
Eesha from Delhivery is arriving with ur package. Contact: 09308499095,Delivery,Delivery_6
Harrison  from Delhivery is arriving with your package. Contact: 8527333538,Delivery,Delivery_6
LOVED YOUR RECENT FLIPKART ORDER? REORDER IN 1 TAP AND GET 40% OFF TODAY.,Promo,Promo_22
Low balance alert: A/c XX5394 balance is Rs.266562. Maintain min balance to avoid charges.,Bank,Bank_10
CHEQUE NO. 259984207264 FOR RS.51012 HAS BEEN CLEARED FROM A/C XX4817. -BOB,Bank,Bank_8
Your Swiggy order OD1267987492 has been shipped via XpressBees. Track: bit.ly/rzsXkP,Delivery,Delivery_0
Ur Zomato code: 189736,OTP,OTP_8
OTP: 16744 for txn of INR 3267 at IRCTC. Do not share. -HDFC Bank,OTP,OTP_2
Rs.52791 debited from A/c XX9075 on 13-04-26 to Victor. Avl Bal: Rs.35573. -Axis Bank,Bank,Bank_0
Delivered! Your Flipkart order OD8147997520 was delivered on 05 Jul. Rate your experience: bit.ly/ZTvcWP,Delivery,Delivery_2
Pre-approved! Get a ICICI Bank credit card with Rs.152371 limit Zero joining fee Apply: bitly/eEKfVo,Promo,Promo_14
  Cheque no. 229730939387 for Rs.63918 has been cleared from A/c XX2281. -PNB,Bank,Bank_8
Missed our shows? Come back to SonyLIV at 50% off for 3 months. Resubscribe: bit.ly/zaAGWO T&C apply,Promo,Promo_19
Dear customer ur Kotak account will be blocked! Update KYC now: bit.ly/qsMuEt,Spam,Hard_11
Recharge with Rs.790 & get 60% extra talktime. Offer valid today only! STOP to opt out,Promo,Promo_5
beware of fraud calls asking for card details. sbi officials never ask for pin or cvv.,Bank,Bank_15
Dear customer ur Axis Bank account will be blocked! Update KYC now: bit.ly/arSTsZ,Spam,Hard_11
OTP: 523694 for txn of Rs.6896 at Myntra. Do not share. -BOB,OTP,OTP_2
Your Uber code: 939589,OTP,OTP_8
IRCTC: Special trains added for festive season. Book early & save up to 40%.,Promo,Promo_17
419673 is your OTP for GPay login. Valid for 30 minutes. Do not share with anyone.,OTP,OTP_0
Beware of fraud calls asking for card details. BOB officials never ask for PIN or CVV.,Bank,Bank_15
IRCTC: Special trains added for festive season. Book early & save up to 40%.,Promo,Promo_17
WEEKEND SPECIAL AT FLIPKART! MIN 30% OFF ON EVERYTHING. DON'T MISS OUT: BIT.LY/NMEYEU,Promo,Promo_6
Your A/c XX2244 is debited with Rs.50240 on 02-07-26. Info: UPI-Aishani. Bal: Rs.314527,Bank,Bank_2
Recharge with Rs.448 & get 20% extra talktime. Offer valid today only! STOP to opt out,Promo,Promo_5
OTP FOR DELIVERY OF ORDER OD4175451668 IS 4648. SHARE ONLY WITH THE DELIVERY AGENT. -DELHIVERY,Delivery,Delivery_9
Use 665073 to complete your HDFC Bank registration. Valid till 2 mins.,OTP,OTP_4
Ur Meesho order OD5594420544 has been shipped via Delhivery. Track: bit.ly/mPzUdu,Delivery,Delivery_0
YOUR BIGBASKET ORDER OD4103119848 HAS BEEN SHIPPED VIA XPRESSBEES. TRACK: BIT.LY/PTQKWB,Delivery,Delivery_0
  UPI payment of Rs.52677 to Rayaan successful. UPI Ref: 872417784053. -HDFC Bank,Bank,Bank_6
YOUR FD OF RS.97789 MATURES ON 25-01-26. RENEW OR WITHDRAW VIA NETBANKING. -ICICI BANK,Bank,Bank_14
  Use 146313 to complete your Zomato registration. Valid till 15 mins.,OTP,OTP_4
You have 594 reward points expiring on 04 Jul. Redeem on Amazon. STOP to opt out,Promo,Promo_20
Your order OD2455260001 from Meesho is arriving tomorrow Keep Rs.3262 ready for COD,Delivery,Delivery_3
"Hey,  my new number is 6868541549. Save it! Meet at tonight?",Personal,Hard_4
DATA EXHAUSTED? GET 2GB EXTRA WITH RS.1392 BOOSTER PACK. DIAL *121# OR VISIT APP.,Promo,Promo_11
"Ur ICICI Bank health insurance renewal is due 03 Jul. Renew online, save 10% on premium.",Promo,Promo_24
otp: 392903 for txn of rs.8151 at sbi. do not share. -axis bank,OTP,OTP_2
Your order OD2237064936 from Zomato is arriving tomorrow. Keep Rs.2112 ready for COD. -TM,Delivery,Delivery_3
Cheque no 379120799267 for Rs.2929 has been cleared from A/c XX9630 -Kotak,Bank,Bank_8
Pre-approved! Get a PNB credit card with Rs.331321 limit Zero joining fee Apply: bitly/bobbPi,Promo,Promo_14
Low balance alert: A/c XX8586 balance is Rs.210185 Maintain min balance to avoid charges,Bank,Bank_10
OTP: 992706 for txn of Rs.49899 at Ola. Do not share. -SBI,OTP,OTP_2
Your Meesho order OD8802735151 has been shipped via Delhivery. Track: bit.ly/cemzsj,Delivery,Delivery_0
  OTP: 446578 for txn of Rs.5346 at SBI. Do not share. -BOB,OTP,OTP_2
EMI of Rs.19217 due on 21-05-26 for loan A/c XX6285. Pay now to avoid charges. -Kotak,Bank,Bank_4
Your SBI code: 25432 T&C apply,OTP,OTP_8
INTEREST OF RS.64951 CREDITED TO YOUR FD A/C XX2914. -PNB,Bank,Bank_9
Your Uber code: 3335,OTP,Hard_8
OTP  for delivery of order OD6045679716 is 7148. Share only with the delivery agent. -XpressBees,Delivery,Delivery_9
Interest of Rs.54783 credited to your FD A/c XX8128 -Kotak,Bank,Bank_9
301486 is your OTP for Netflix login Valid for 10 minutes Do not share with anyone,OTP,OTP_0
"Hi Rohan, unlock Rs.1411 off your first order at Swiggy with code NEW13.",Promo,Promo_7
378843 - use this code to sign in to Myntra Never share it with anyone,OTP,OTP_7
UPI payment of Rs.84100 to Gaurika successful UPI Ref: 560390711189 -Kotak,Bank,Bank_6
Your  Uber code: 5931,OTP,Hard_8
Confirmation  code 25506 for Flipkart. Keep it private.,OTP,OTP_11
use 135635 to complete your sbi registration. valid till 10 mins.,OTP,OTP_4
ALERT: Rs.52452 withdrawn from ATM using card XX1033 on 09-01-26 Bal: Rs.478730 -Axis Bank,Bank,Bank_3
DELIVERED! YOUR AMAZON ORDER OD8598790808 WAS DELIVERED ON 06 JUL. RATE YOUR EXPERIENCE: BIT.LY/JLUOTQ,Delivery,Delivery_2
  Use 667221 to complete your Flipkart registration. Valid till 15 mins.,OTP,OTP_4
enter 347030 to verify your mobile number for zomato.,OTP,OTP_10
Order OD2008020379 packed and ready! Expected dispatch by 04 Jul. -Flipkart T&C apply,Delivery,Delivery_8
  ALERT: Rs.60079 withdrawn from ATM using card XX8549 on 14-06-26. Bal: Rs.270566. -BOB,Bank,Bank_3
Your Airtel pack expires tomorrow. Recharge with Rs.1155 for 3GB/day + unlimited calls.,Promo,Promo_10
G-95028  is your Google verification code.,OTP,OTP_12
"Your Axis Bank health insurance renewal is due 06 Jul. Renew online, save 40% on premium.",Promo,Promo_24
Delivery  attempt failed for order OD4564267620. We will retry tomorrow. -DTDC,Delivery,Delivery_5
Your Amazon code: 780615,OTP,OTP_8
470446 is your verification code for Amazon. Never share your OTP.,OTP,OTP_3
Your return pickup for order OD4365060583 is scheduled on 01 Jul. Keep the item ready. -Swiggy,Delivery,Delivery_7
<#> 693584 is your BigBasket code. Valid 2 min. hA8sk2Lqp3,OTP,OTP_13
Low balance alert: A/c XX4125 balance is Rs.296633. Maintain min balance to avoid charges.,Bank,Bank_10
"Never share your OTP, PIN or CVV PNB never asks for these Stay safe",Bank,Hard_3
IRCTC: Special trains added for festive season Book early & save up to 10%,Promo,Promo_17
rs.29041 credited to a/c xx9406 on 21-02-26. avl bal: rs.40746. -bob,Bank,Bank_1
  Your OTP is 935654. Use it to verify your PNB account. Expires in 2 min.,OTP,OTP_1
Your A/c XX4720 is debited with Rs.53116 on 05-05-26. Info: UPI-Ranbir. Bal: Rs.281784,Bank,Bank_2
Rs.60063 debited from A/c XX8310 on 01-04-26 to Bishakha Avl Bal: Rs.364079 -Kotak,Bank,Bank_0
Rs.1185 cashback credited to your Amazon Pay wallet. Use on your next order.,Promo,Promo_21
ALERT: Rs.66792 withdrawn from ATM using card XX7485 on 15-02-26. Bal: Rs.491212. -PNB,Bank,Bank_3
Your Uber code: 9137,OTP,Hard_8
360391 - USE THIS TO SIGN IN. NEVER SHARE THIS CODE WITH ANYONE.,OTP,Hard_7
Cheque no 184042553683 for Rs.32576 has been cleared from A/c XX6656 -HDFC Bank,Bank,Bank_8
Your A/c XX5830 is debited with Rs.98019 on 16-01-26. Info: UPI-Vaishnavi. Bal: Rs.274496,Bank,Bank_2
68382 is your verification code for SBI Never share your OTP,OTP,OTP_3
440636 is ur verification code for PhonePe. Never share ur OTP.,OTP,OTP_3
INR 1886 cashback credited to your PhonePe wallet. Use on your next order.,Promo,Promo_21
Your credit card XX3876 statement is ready. Total due: Rs.42266. Min due: Rs.1391. -ICICI Bank,Bank,Bank_5
Your return pickup for order OD7971398814 is scheduled on 05 Jul. Keep the item ready. -Flipkart,Delivery,Delivery_7
coupon 5221 gives you free delivery on orders above rs.4725. -amazon,Promo,Hard_1
OTP  for delivery of order OD3293223655 is 7077. Share only with the delivery agent. -Ekart,Delivery,Delivery_9
out for delivery: your meesho package od5200242527 will arrive today by 6 pm. -dtdc,Delivery,Delivery_1
Tap to verify: 697306. This code expires shortly.,OTP,Hard_9
Your return pickup for order OD7832008958 is scheduled on 06 Jul. Keep the item ready. -Myntra,Delivery,Delivery_7
"Bro  send me Rs.4052 on gpay, will return by 03 Jul",Personal,Hard_5
Your one time password is 511293 for IRCTC. Please do not share it.,OTP,OTP_5
Coupon 5087 gives you free delivery on orders above Rs.3267. -Meesho,Promo,Hard_1
Congratulations! You won INR 997400 in lucky draw. Claim: bit.ly/clJABb,Spam,Hard_12
Your SIM will be deactivated in 24hrs. Verify Aadhaar: bit.ly/aQrRzI,Spam,Hard_13
Amazon: 852932 is your login OTP. It expires in 15 minutes.,OTP,OTP_6
OTP: 719724 for txn of Rs.21773 at Meesho. Do not share. -Kotak,OTP,OTP_2
HDFC Bank: 719447 is your login OTP. It expires in 10 minutes.,OTP,OTP_6
Salary of Rs.34951 credited to A/c XX4659. Avl Bal: Rs.153427. -BOB,Bank,Bank_7
Loved your recent BigBasket order? Reorder in 1 tap and get 20% off today.,Promo,Promo_22
"Hi  Gaurav, unlock Rs.1570 off your first order at Swiggy with code NEW38.",Promo,Promo_7
Order OD5802546612 packed and ready! Expected dispatch by 03 Jul. -Zomato,Delivery,Delivery_8
Your A/c XX8120 is debited with Rs.58850 on 17-02-26. Info: UPI-Eesha. Bal: Rs.273492,Bank,Bank_2
G-94013 is your Google verification code. -TM,OTP,OTP_12
You have 1932 reward points expiring on 02 Jul Redeem on Flipkart,Promo,Promo_20
Tap to verify: 376767. This code expires shortly.,OTP,Hard_9
Rs.81169  debited from A/c XX8912 on 10-01-26 to Ojas. Avl Bal: Rs.431237. -Kotak,Bank,Bank_0
664244 is your verification code for phonepe. never share your otp.,OTP,OTP_3
Order OD9904826089 packed and ready! Expected dispatch by 05 Jul. -Meesho,Delivery,Delivery_8
Your Zomato order OD3070204096 has been shipped via Delhivery. Track: bit.ly/GjhOCu,Delivery,Delivery_0
  G-759792 is your Google verification code.,OTP,OTP_12
OTP FOR DELIVERY OF ORDER OD4184472544 IS 7785. SHARE ONLY WITH THE DELIVERY AGENT. -BLUEDART,Delivery,Delivery_9
KYC UPDATE PENDING FOR A/C XX7389. PLEASE VISIT YOUR NEAREST HDFC BANK BRANCH BY 28-06-26 TO AVOID RESTRICTIONS.,Bank,Bank_12
Use code 1080 at checkout for 10% off at Amazon!,Promo,Hard_0
CONVERT YOUR AXIS BANK CARD PURCHASE OF RS.493 INTO EASY EMIS AT 0% INTEREST. REPLY YES.,Promo,Promo_15
Recharge  with Rs.930 & get 40% extra talktime. Offer valid today only!,Promo,Promo_5
XpressBees: Shipment OD7603744412 reached your city hub Expected delivery: 03 Jul,Delivery,Delivery_4
Hungry? Get 50% off up to Rs.1110 on ur next 3 orders. Code: EAT81. -Zomato,Promo,Promo_12
Cheque no. 432292544437 for Rs.62622 has been cleared from A/c XX6074. -BOB T&C apply,Bank,Bank_8
YOUR FD OF RS.78563 MATURES ON 18-06-26. RENEW OR WITHDRAW VIA NETBANKING. -ICICI BANK,Bank,Bank_14
"Hey, my new number is 08395155156. Save it! Meet at noon?",Personal,Hard_4
IRCTC: 311949 is your login OTP It expires in 30 minutes,OTP,OTP_6
IRCTC: Special trains added for festive season. Book early & save up to 20%.,Promo,Promo_17
Beware of fraud calls asking for card details. PNB officials never ask for PIN or CVV.,Bank,Bank_15
CONGRATULATIONS! YOU WON RS.1274018 IN LUCKY DRAW. CLAIM: BIT.LY/LCFHKL,Spam,Hard_12
Your order OD1116986952 from Zomato is arriving tomorrow. Keep Rs.3640 ready for COD.,Delivery,Delivery_3
Weekend  special at Amazon! Min 80% off on everything. Don't miss out: bit.ly/FNUlPu,Promo,Promo_6
Loved your recent Amazon order? Reorder in 1 tap and get 80% off today.,Promo,Promo_22
Your A/c XX3670 is debited with Rs.25058 on 05-01-26. Info: UPI-Nidhi. Bal: Rs.165750,Bank,Bank_2
your flipkart membership expires soon. renew now & save 80%: bit.ly/tivvcp,Promo,Promo_9
Auto-pay of Rs.58353 to Xavier is scheduled on 27-06-26 from A/c XX8199. Ensure sufficient balance.,Bank,Bank_13
Cheque no. 775354719224 for Rs.95213 has been cleared from A/c XX9448. -SBI,Bank,Bank_8
Delivery attempt failed for order OD5923472248. We will retry tomorrow. -XpressBees,Delivery,Delivery_5
Ur A/c XX3456 is debited with Rs.12713 on 15-06-26. Info: UPI-Priya. Bal: Rs.466261,Bank,Bank_2
interest of rs.71503 credited to your fd a/c xx4491. -pnb,Bank,Bank_9
beware of fraud calls asking for card details. hdfc bank officials never ask for pin or cvv.,Bank,Bank_15
Your OTP is 714734 Use it to verify your ICICI Bank account Expires in 15 min,OTP,OTP_1
MEGA SALE! Get 40% OFF on all products at Zomato. Shop now: bit.ly/OSdGqf T&C apply.,Promo,Promo_0
Rs.1932 cashback credited to your Amazon Pay wallet Use on your next order,Promo,Promo_21
YOUR FLIPKART ORDER OD3023115870 HAS BEEN SHIPPED VIA XPRESSBEES. TRACK: BIT.LY/GYFHHK,Delivery,Delivery_0
YOUR ACCOUNT STATEMENT FOR JUNE IS AVAILABLE. DOWNLOAD FROM THE KOTAK APP.,Bank,Bank_16
Your account statement for June is available. Download from the PNB app.,Bank,Bank_16
Rs.46818 credited to A/c XX6746 on 24-04-26 Avl Bal: Rs.496382 -HDFC Bank,Bank,Bank_1
Rs.44986 debited from A/c XX6160 on 10-03-26 to Dalbir. Avl Bal: Rs.132254. -SBI,Bank,Bank_0
Your Amazon membership expires soon. Renew now & save 20%: bit.ly/IydXBT,Promo,Promo_9
Pay INR 1318 on delivery for order OD494079520. -Ekart,Delivery,Hard_10
"Hey, my new number is +913445245313. Save it! Meet at noon?",Personal,Hard_4
443447 is ur verification code for IRCTC. Never share ur OTP.,OTP,OTP_3
Low balance alert: A/c XX3338 balance is Rs.350278 Maintain min balance to avoid charges,Bank,Bank_10
Auto-pay of Rs.95944 to Tanveer is scheduled on 05-04-26 from A/c XX2218. Ensure sufficient balance.,Bank,Bank_13
Your account statement for July is available. Download from the Kotak app.,Bank,Bank_16
Order OD6324529451 packed and ready! Expected dispatch by 01 Jul. -Flipkart,Delivery,Delivery_8
OTP-based login was enabled for your A/c XX3841 Call Kotak if this wasn't you,Bank,Hard_2
Items in ur order history are back in stock at Zomato. Prices start Rs.301.,Promo,Promo_23
Your Kotak code: 982799,OTP,OTP_8
Amazon: Your cart misses you! Complete purchase now & get 20% off. bit.ly/sMOvJl,Promo,Promo_4
  Order OD2902844421 packed and ready! Expected dispatch by 02 Jul. -Myntra,Delivery,Delivery_8
KYC update pending for A/c XX3272. Please visit ur nearest HDFC Bank branch by 06-01-26 to avoid restrictions.,Bank,Bank_12
Your SonyLIV plan renews on 02 Jul at Rs.973. Upgrade to 4K for Rs.782/month. T&C apply,Promo,Promo_18
Low balance alert: A/c XX5795 balance is Rs.323650. Maintain min balance to avoid charges. -TM,Bank,Bank_10
Items in your order history are back in stock at Zomato. Prices start Rs.1311.,Promo,Promo_23
Auto-pay of Rs.11402 to Widisha is scheduled on 29-03-26 from A/c XX8373. Ensure sufficient balance.,Bank,Bank_13
983070 IS YOUR VERIFICATION CODE FOR UBER. NEVER SHARE YOUR OTP.,OTP,OTP_3
Rs.72323 credited to A/c XX3623 on 29-03-26. Avl Bal: Rs.350561. -SBI,Bank,Bank_1
Cheque no. 655751927427 for Rs.68875 has been cleared from A/c XX7912. -Axis Bank -TM,Bank,Bank_8
USE CODE 9479 AT CHECKOUT FOR 25% OFF AT MEESHO!,Promo,Hard_0
DTDC: Shipment OD5384110355 reached your city hub. Expected delivery: 03 Jul.,Delivery,Delivery_4
Data exhausted? Get 2GB extra with Rs.426 booster pack. Dial *121# or visit app. STOP to opt out,Promo,Promo_11
work from home! earn rs.1727630/month. join: bit.ly/hfzjre,Spam,Hard_14
Delivery attempt failed for order OD8860447680. We will retry tomorrow. -XpressBees,Delivery,Delivery_5
Your A/c XX8586 is debited with Rs.4583 on 10-06-26. Info: UPI-Timothy. Bal: Rs.247856,Bank,Bank_2
Delivered! Ur Myntra order OD9143223688 was delivered on 04 Jul. Rate ur experience: bit.ly/iNwznm,Delivery,Delivery_2
UPI payment of Rs.50721 to Ishanvi successful UPI Ref: 866096549001 -Axis Bank,Bank,Bank_6
"NEVER SHARE YOUR OTP, PIN OR CVV. AXIS BANK NEVER ASKS FOR THESE. STAY SAFE.",Bank,Hard_3
OTP: 111396 for txn of Rs.15145 at SBI. Do not share. -Kotak,OTP,OTP_2
Your  FD of Rs.54392 matures on 27-06-26. Renew or withdraw via netbanking. -HDFC Bank,Bank,Bank_14
DEAR CUSTOMER UR ICICI BANK ACCOUNT WILL BE BLOCKED! UPDATE KYC NOW: BIT.LY/UNKQRX,Spam,Hard_11
Your Uber code: 5935 T&C apply,OTP,Hard_8
  Order OD9251877659 packed and ready! Expected dispatch by 01 Jul. -Myntra,Delivery,Delivery_8
your ola code: 529660,OTP,OTP_8
KYC update pending for A/c XX2258. Please visit ur nearest ICICI Bank branch by 30-06-26 to avoid restrictions.,Bank,Bank_12
your swiggy membership expires soon. renew now & save 20%: bit.ly/fdbkfh,Promo,Promo_9
G-57696 is ur Google verification code.,OTP,OTP_12
Your Hotstar plan renews on 02 Jul at Rs.223 Upgrade to 4K for Rs.831/month,Promo,Promo_18
Meesho Big Billion Days! Up to 50% off + extra 10% with Kotak cards. Hurry!,Promo,Promo_1
Low balance alert: A/c XX1335 balance is Rs.197547. Maintain min balance to avoid charges. STOP to opt out,Bank,Bank_10
Your  Uber code: 5679,OTP,Hard_8
250914 - use this code to sign in to Zomato. Never share it with anyone.,OTP,OTP_7
Your return pickup for order OD7930724497 is scheduled on 03 Jul Keep the item ready -Meesho,Delivery,Delivery_7
Your credit card XX1506 statement is ready. Total due: INR 18312. Min due: INR 1401. -ICICI Bank,Bank,Bank_5
BigBasket: Your cart misses you! Complete purchase now & get 40% off. bit.ly/pHRRKo,Promo,Promo_4
xpressbees: shipment od4271482863 reached your city hub. expected delivery: 02 jul.,Delivery,Delivery_4
Flight fares dropped! DEL-CCU from INR 1547. Book on ixigo before midnight.,Promo,Promo_16
Work  from home! Earn Rs.1885848/month. Join: bit.ly/NjHqeK,Spam,Hard_14
  Your BigBasket order OD2374124515 has been shipped via Delhivery. Track: bit.ly/UIyzyj,Delivery,Delivery_0
Your  credit card XX9343 statement is ready. Total due: Rs.15205. Min due: Rs.2363. -ICICI Bank,Bank,Bank_5
Out  for delivery: Your Zomato package OD7207832029 will arrive today by 6 PM. -Delhivery,Delivery,Delivery_1
Your PhonePe code: 937559,OTP,OTP_8
Ur BigBasket membership expires soon. Renew now & save 70%: bit.ly/BnNIhG,Promo,Promo_9
"Never share your OTP, PIN or CVV. Axis Bank never asks for these. Stay safe.",Bank,Hard_3
Your one time password is 93227 for Hotstar. Please do not share it.,OTP,OTP_5
Hungry? Get 30% off up to INR 1657 on your next 3 orders. Code: EAT42. -Swiggy,Promo,Promo_12
your swiggy membership expires soon. renew now & save 20%: bit.ly/jurhvj,Promo,Promo_9
<#> 303060 is ur Myntra code. Valid 2 min. hA8sk2Lqp3,OTP,OTP_13
UPI payment of Rs.8520 to Urvashi successful. UPI Ref: 597272182017. -BOB T&C apply,Bank,Bank_6
Rs.10860 credited to A/c XX4427 on 13-06-26. Avl Bal: Rs.492489. -Axis Bank,Bank,Bank_1
  Rs.11091 credited to A/c XX9854 on 08-02-26. Avl Bal: Rs.48542. -Axis Bank,Bank,Bank_1
UPI payment of Rs.38345 to Unnati successful. UPI Ref: 828967569845. -BOB,Bank,Bank_6
Delivered! Your Zomato order OD2772521445 was delivered on 05 Jul. Rate your experience: bit.ly/MlboqE -TM,Delivery,Delivery_2
Enter 3835 to verify your mobile number for HDFC Bank.,OTP,OTP_10
"Never share your OTP, PIN or CVV. SBI never asks for these. Stay safe. -TM",Bank,Hard_3
  Your Kotak code: 958596,OTP,OTP_8
Ekart: Shipment OD2773402642 reached your city hub. Expected delivery: 06 Jul.,Delivery,Delivery_4
Rs.96213 credited to A/c XX1533 on 18-06-26. Avl Bal: Rs.46557. -BOB,Bank,Bank_1
mega sale! get 70% off on all products at swiggy. shop now: bit.ly/dpljxi t&c apply.,Promo,Promo_0
Swiggy: Your cart misses you! Complete purchase now & get 50% off. bit.ly/GVCerP,Promo,Promo_4
Your one time password is 193040 for ICICI Bank. Please do not share it.,OTP,OTP_5
Recharge  with Rs.725 & get 60% extra talktime. Offer valid today only!,Promo,Promo_5
Ur Uber code: 7185,OTP,Hard_8
OTP for delivery of order OD5327901488 is 9549. Share only with the delivery agent. -BlueDart,Delivery,Delivery_9
Ur OTP is 388653. Use it to verify ur Amazon account. Expires in 5 min.,OTP,OTP_1
  Hungry? Get 30% off up to Rs.1586 on your next 3 orders. Code: EAT76. -Swiggy,Promo,Promo_12
YOUR PRIME VIDEO PLAN RENEWS ON 01 JUL AT RS.289. UPGRADE TO 4K FOR RS.817/MONTH.,Promo,Promo_18
Interest of Rs.97487 credited to your FD A/c XX8601. -BOB,Bank,Bank_9
Your Zomato code: 543117,OTP,OTP_8
BigBasket Big Billion Days! Up to 20% off + extra 10% with ICICI Bank cards. Hurry!,Promo,Promo_1
Flipkart  Big Billion Days! Up to 50% off + extra 10% with SBI cards. Hurry!,Promo,Promo_1
Order OD8945452234 packed and ready! Expected dispatch by 02 Jul. -Myntra -TM,Delivery,Delivery_8
ALERT:  Rs.40402 withdrawn from ATM using card XX7036 on 21-04-26. Bal: Rs.285593. -PNB,Bank,Bank_3
Flight fares dropped! BOM-CCU from Rs.112. Book on MakeMyTrip before midnight.,Promo,Promo_16
zomato: your cart misses you! complete purchase now & get 80% off. bit.ly/erdlia,Promo,Promo_4
OTP-based login was enabled for your A/c XX7749. Call Kotak if this wasn't you.,Bank,Hard_2
<#>  297969 is your BigBasket code. Valid 10 min. hA8sk2Lqp3,OTP,OTP_13
Convert your ICICI Bank card purchase of Rs.524 into easy EMIs at 0% interest Reply YES,Promo,Promo_15
your credit card xx6388 statement is ready. total due: rs.72608. min due: rs.4570. -pnb,Bank,Bank_5
Your  SIM will be deactivated in 24hrs. Verify Aadhaar: bit.ly/RPQQFB,Spam,Hard_13
BlueDart: Shipment OD6144310155 reached your city hub. Expected delivery: 03 Jul.,Delivery,Delivery_4
570954  - use this to sign in. Never share this code with anyone.,OTP,Hard_7
Exclusive for you! Buy 1 Get 1 FREE at Swiggy. Limited period offer. Visit bit.ly/HHeAjl,Promo,Promo_3
Your FD of Rs.23119 matures on 12-06-26. Renew or withdraw via netbanking. -SBI,Bank,Bank_14
Delivered!  Your BigBasket order OD3538090890 was delivered on 01 Jul. Rate your experience: bit.ly/GoagbS,Delivery,Delivery_2
141482 is your otp for meesho login. valid for 10 minutes. do not share with anyone.,OTP,OTP_0
Your OTP is 75746. Use it to verify your Ola account. Expires in 30 min.,OTP,OTP_1
KYC UPDATE PENDING FOR A/C XX2837. PLEASE VISIT YOUR NEAREST PNB BRANCH BY 08-05-26 TO AVOID RESTRICTIONS.,Bank,Bank_12
Pre-approved! Get a Kotak credit card with Rs.284414 limit. Zero joining fee. Apply: bit.ly/wNYDRJ,Promo,Promo_14
  Your return pickup for order OD9758901317 is scheduled on 01 Jul. Keep the item ready. -Meesho,Delivery,Delivery_7
Convert your PNB card purchase of Rs.1177 into easy EMIs at 0% interest. Reply YES.,Promo,Promo_15
Low balance alert: A/c XX9786 balance is Rs.88700. Maintain min balance to avoid charges.,Bank,Bank_10
Flat Rs.1271 cashback on your next order at Flipkart. Use code SAVE69. Valid till 04 Jul.,Promo,Promo_2
Weekend special at Flipkart! Min 10% off on everything Don't miss out: bitly/EQgkjR,Promo,Promo_6
Low balance alert: A/c XX9915 balance is Rs.425664 Maintain min balance to avoid charges,Bank,Bank_10
You have 742 reward points expiring on 06 Jul Redeem on Swiggy,Promo,Promo_20
Your account statement for August is available. Download from the SBI app.,Bank,Bank_16
ALERT: Rs.95359 withdrawn from ATM using card XX5389 on 22-06-26. Bal: Rs.348093. -Kotak,Bank,Bank_3
Ekart: Shipment OD7165580037 reached your city hub. Expected delivery: 01 Jul.,Delivery,Delivery_4
OTP for delivery of order OD5626729139 is 9146 Share only with the delivery agent -Ekart,Delivery,Delivery_9
DTDC: Shipment OD3401180132 reached your city hub. Expected delivery: 01 Jul.,Delivery,Delivery_4
Your Amazon membership expires soon. Renew now & save 40%: bit.ly/tLMbQR,Promo,Promo_9
EMI OF RS.12238 DUE ON 21-04-26 FOR LOAN A/C XX9004. PAY NOW TO AVOID CHARGES. -KOTAK,Bank,Bank_4
Rs.1241 cashback credited to your PhonePe wallet. Use on your next order.,Promo,Promo_21
Low balance alert: A/c XX1163 balance is Rs.21458. Maintain min balance to avoid charges.,Bank,Bank_10
Recharge with Rs.884 & get 50% extra talktime. Offer valid today only! T&C apply,Promo,Promo_5
Auto-pay of Rs.43082 to Balendra is scheduled on 02-01-26 from A/c XX5600. Ensure sufficient balance.,Bank,Bank_13
OTP: 109686 for txn of Rs.30261 at Meesho. Do not share. -ICICI Bank,OTP,OTP_2
"Hey,  my new number is 8628046608. Save it! Meet at 6pm?",Personal,Hard_4
"Class shifted to room 6207, come fast",Personal,Hard_6
Congratulations!  You won Rs.355515 in lucky draw. Claim: bit.ly/PpTfuE,Spam,Hard_12
Your  SIM will be deactivated in 24hrs. Verify Aadhaar: bit.ly/EizSIQ,Spam,Hard_13
Exclusive for you! Buy 1 Get 1 FREE at Zomato. Limited period offer. Visit bit.ly/rhbKlE,Promo,Promo_3
IRCTC: SPECIAL TRAINS ADDED FOR FESTIVE SEASON. BOOK EARLY & SAVE UP TO 20%.,Promo,Promo_17
Order OD6830833633 packed and ready! Expected dispatch by 04 Jul. -Myntra,Delivery,Delivery_8
UPI payment of Rs.66717 to Lekha successful. UPI Ref: 700505560180. -SBI,Bank,Bank_6
659248 is your verification code for HDFC Bank. Never share your OTP.,OTP,OTP_3
  Your SIM will be deactivated in 24hrs. Verify Aadhaar: bit.ly/UjLGvV,Spam,Hard_13
Coupon 8905 gives you free delivery on orders above Rs.3913. -Flipkart,Promo,Hard_1
ALERT: Rs.67842 withdrawn from ATM using card XX8186 on 01-07-26 Bal: Rs.13264 -Kotak,Bank,Bank_3
Work from home! Earn Rs.2407689/month Join: bitly/AgwJSB,Spam,Hard_14
Last day! Swiggy clearance sale ends tonight. Up to 30% off sitewide.,Promo,Promo_8
Rs.54008  credited to A/c XX6075 on 22-06-26. Avl Bal: Rs.474258. -ICICI Bank,Bank,Bank_1
items in your order history are back in stock at meesho. prices start rs.553.,Promo,Promo_23
EMI of Rs.67094 due on 04-07-26 for loan A/c XX9239. Pay now to avoid charges. -SBI,Bank,Bank_4
ALERT: Rs.27519 withdrawn from ATM using card XX4277 on 05-02-26. Bal: Rs.14771. -Axis Bank -TM,Bank,Bank_3
Cheque no. 306044230377 for Rs.36698 has been cleared from A/c XX8146. -HDFC Bank,Bank,Bank_8
Rs.54043 credited to A/c XX6396 on 02-07-26 Avl Bal: Rs.44195 -BOB,Bank,Bank_1
Coupon 3117 gives you free delivery on orders above Rs.3324. -Meesho,Promo,Hard_1
Use 788289 to complete your BigBasket registration. Valid till 5 mins.,OTP,OTP_4
Dear customer ur ICICI Bank account will be blocked! Update KYC now: bit.ly/mTVrXJ -TM,Spam,Hard_11
492214 - use this code to sign in to myntra. never share it with anyone.,OTP,OTP_7
32472 is your otp for paytm login. valid for 30 minutes. do not share with anyone.,OTP,OTP_0
data exhausted? get 3gb extra with rs.1850 booster pack. dial *121# or visit app.,Promo,Promo_11
Rs.1867 cashback credited to ur PhonePe wallet. Use on ur next order.,Promo,Promo_21
Your GPay code: 984449,OTP,OTP_8
Your account statement for August is available. Download from the Kotak app. T&C apply,Bank,Bank_16
Confirmation code 658863 for IRCTC. Keep it private.,OTP,OTP_11
Beware of fraud calls asking for card details. ICICI Bank officials never ask for PIN or CVV.,Bank,Bank_15
  Delivery attempt failed for order OD4445155741. We will retry tomorrow. -BlueDart,Delivery,Delivery_5
Swiggy: Your cart misses you! Complete purchase now & get 20% off. bit.ly/kNNIoX,Promo,Promo_4
Rs.88944 debited from A/c XX5643 on 21-05-26 to Indira. Avl Bal: Rs.383563. -BOB,Bank,Bank_0
You have 4879 reward points expiring on 02 Jul Redeem on Flipkart,Promo,Promo_20
Delivery attempt failed for order OD9148769400. We will retry tomorrow. -Ekart,Delivery,Delivery_5
Data exhausted? Get 1GB extra with Rs.880 booster pack. Dial *121# or visit app.,Promo,Promo_11
  OTP: 856127 for txn of Rs.33099 at Flipkart. Do not share. -SBI,OTP,OTP_2
IRCTC: Special trains added for festive season. Book early & save up to 80%.,Promo,Promo_17
  Coupon 8713 gives you free delivery on orders above Rs.1779. -Amazon,Promo,Hard_1
Delhivery: Shipment OD8469892010 reached ur city hub. Expected delivery: 02 Jul.,Delivery,Delivery_4
Your account statement for June is available. Download from the ICICI Bank app.,Bank,Bank_16
OTP-based login was enabled for your A/c XX2017. Call SBI if this wasn't you.,Bank,Hard_2
HUNGRY? GET 80% OFF UP TO RS.976 ON YOUR NEXT 3 ORDERS. CODE: EAT82. -ZOMATO,Promo,Promo_12
Coupon 9312 gives you free delivery on orders above Rs.4611. -Amazon,Promo,Hard_1
Samarth from BlueDart is arriving with your package. Contact: +918319477803,Delivery,Delivery_6
Interest of Rs.59628 credited to your FD A/c XX1392. -SBI,Bank,Bank_9
225265  is your verification code for Ola. Never share your OTP.,OTP,OTP_3
"class shifted to room 1976, come fast",Personal,Hard_6
Delivery attempt failed for order OD1998189982 We will retry tomorrow -XpressBees,Delivery,Delivery_5
Items in your order history are back in stock at Meesho. Prices start Rs.1261.,Promo,Promo_23
Data  exhausted? Get 1GB extra with Rs.1362 booster pack. Dial *121# or visit app.,Promo,Promo_11
Interest of Rs.25042 credited to your FD A/c XX7761. -ICICI Bank,Bank,Bank_9
Your HDFC Bank debit card XX9763 has been blocked due to suspicious activity. Visit branch or call 1800-XXX to unblock.,Bank,Bank_11
"Hey,  my new number is +913289912073. Save it! Meet at 6pm?",Personal,Hard_4
YOUR SBI CODE: 753861,OTP,OTP_8
G-438347 IS YOUR GOOGLE VERIFICATION CODE.,OTP,OTP_12
Data exhausted? Get 1.5GB extra with Rs.136 booster pack. Dial *121# or visit app.,Promo,Promo_11
EMI of Rs.67732 due on 03-06-26 for loan A/c XX8332 Pay now to avoid charges -BOB,Bank,Bank_4
Congratulations! You won Rs.229224 in lucky draw. Claim: bit.ly/quNnIc T&C apply,Spam,Hard_12
Interest of Rs.20379 credited to your FD A/c XX9194. -BOB,Bank,Bank_9
Auto-pay of Rs.24336 to Jhalak is scheduled on 31-03-26 from A/c XX5762. Ensure sufficient balance.,Bank,Bank_13
UPI payment of Rs.19024 to Fitan successful UPI Ref: 745882863762 -Axis Bank,Bank,Bank_6
DELIVERY ATTEMPT FAILED FOR ORDER OD3288126720. WE WILL RETRY TOMORROW. -BLUEDART,Delivery,Delivery_5
Weekend special at Flipkart! Min 70% off on everything. Don't miss out: bit.ly/jBwptT STOP to opt out,Promo,Promo_6
  Order OD6584828840 packed and ready! Expected dispatch by 01 Jul. -Myntra,Delivery,Delivery_8
Your one time password is 818924 for ICICI Bank. Please do not share it.,OTP,OTP_5
Your  SIM will be deactivated in 24hrs. Verify Aadhaar: bit.ly/vvFrbJ,Spam,Hard_13
Your account statement for August is available. Download from the HDFC Bank app.,Bank,Bank_16
beware of fraud calls asking for card details. hdfc bank officials never ask for pin or cvv.,Bank,Bank_15
Dear  customer ur HDFC Bank account will be blocked! Update KYC now: bit.ly/GyCvGi,Spam,Hard_11
  Low balance alert: A/c XX2360 balance is Rs.61951. Maintain min balance to avoid charges.,Bank,Bank_10
EMI of Rs.26582 due on 11-04-26 for loan A/c XX4791. Pay now to avoid charges. -BOB,Bank,Bank_4
Your account statement for August is available. Download from the PNB app.,Bank,Bank_16
Your Amazon membership expires soon. Renew now & save 10%: bit.ly/VTctao,Promo,Promo_9
Cheque no. 736077462330 for Rs.77171 has been cleared from A/c XX6597. -Kotak,Bank,Bank_8
BEWARE OF FRAUD CALLS ASKING FOR CARD DETAILS. AXIS BANK OFFICIALS NEVER ASK FOR PIN OR CVV.,Bank,Bank_15
Hungry? Get 10% off up to INR 1519 on your next 3 orders. Code: EAT80. -Zomato,Promo,Promo_12
OTP  for delivery of order OD1133460596 is 6704. Share only with the delivery agent. -Delhivery,Delivery,Delivery_9
OTP: 403208 for txn of Rs.7807 at Flipkart. Do not share. -PNB,OTP,OTP_2
Exclusive for you! Buy 1 Get 1 FREE at Amazon. Limited period offer. Visit bit.ly/CkqMRE,Promo,Promo_3
You have 1416 reward points expiring on 04 Jul. Redeem on Meesho.,Promo,Promo_20
Out for delivery: Your BigBasket package OD8403823150 will arrive today by 12 PM. -XpressBees,Delivery,Delivery_1
your sim will be deactivated in 24hrs. verify aadhaar: bit.ly/rvkmtl,Spam,Hard_13
Your account statement for July is available. Download from the HDFC Bank app.,Bank,Bank_16
YOUR AIRTEL PACK EXPIRES TOMORROW. RECHARGE WITH RS.1919 FOR 2GB/DAY + UNLIMITED CALLS.,Promo,Promo_10
Flat Rs.677 cashback on your next order at Meesho. Use code SAVE75. Valid till 03 Jul.,Promo,Promo_2
Your Hotstar plan renews on 03 Jul at Rs.88. Upgrade to 4K for Rs.957/month.,Promo,Promo_18
Rs.273 cashback credited to your PhonePe wallet. Use on your next order. STOP to opt out,Promo,Promo_21
You have 1586 reward points expiring on 01 Jul. Redeem on Amazon.,Promo,Promo_20
flight fares dropped! hyd-ccu from rs.1146. book on ixigo before midnight.,Promo,Promo_16
"class shifted to room 7821, come fast",Personal,Hard_6
Order OD7970234689 packed and ready! Expected dispatch by 04 Jul. -Swiggy,Delivery,Delivery_8
Your A/c XX7181 is debited with Rs.21147 on 09-02-26. Info: UPI-Megha. Bal: Rs.57267,Bank,Bank_2
YOUR ONE TIME PASSWORD IS 553986 FOR BOB. PLEASE DO NOT SHARE IT.,OTP,OTP_5
  Enter 561673 to verify your mobile number for Amazon.,OTP,OTP_10
Rs.1009 cashback credited to your Amazon Pay wallet. Use on your next order.,Promo,Promo_21
Items in ur order history are back in stock at Amazon. Prices start Rs.1846.,Promo,Promo_23
OTP: 612000 for txn of Rs.19174 at PhonePe. Do not share. -Axis Bank,OTP,OTP_2
Your Uber code: 7808,OTP,Hard_8
152663 is your OTP for HDFC Bank login. Valid for 5 minutes. Do not share with anyone.,OTP,OTP_0
OTP: 931256 for txn of Rs.30325 at Kotak. Do not share. -ICICI Bank,OTP,OTP_2
Sai from DTDC is arriving with your package. Contact: +910891391031,Delivery,Delivery_6
Your A/c XX7214 is debited with INR 299 on 03-05-26. Info: UPI-Dhriti. Bal: INR 251477,Bank,Bank_2
Your  account statement for July is available. Download from the PNB app.,Bank,Bank_16
Dear customer ur HDFC Bank account will be blocked! Update KYC now: bit.ly/nJlMqr,Spam,Hard_11
Convert your ICICI Bank card purchase of Rs.1375 into easy EMIs at 0% interest. Reply YES. -TM,Promo,Promo_15
OTP for delivery of order OD6653814285 is 2477 Share only with the delivery agent -Ekart,Delivery,Delivery_9
Zomato: Free delivery all weekend! Order your favourites now.,Promo,Promo_13
Ur OTP is 944601. Use it to verify ur SBI account. Expires in 30 min.,OTP,OTP_1
KYC  update pending for A/c XX4016. Please visit your nearest PNB branch by 15-02-26 to avoid restrictions.,Bank,Bank_12
  Rs.16850 credited to A/c XX4046 on 22-06-26. Avl Bal: Rs.89571. -PNB,Bank,Bank_1
OTP for delivery of order OD7099780757 is 2015. Share only with the delivery agent. -XpressBees,Delivery,Delivery_9
use 324743 to complete your swiggy registration. valid till 10 mins.,OTP,OTP_4
Auto-pay of Rs.21978 to Vrishti is scheduled on 08-03-26 from A/c XX7531. Ensure sufficient balance.,Bank,Bank_13
"Never share your OTP, PIN or CVV. Kotak never asks for these. Stay safe.",Bank,Hard_3
Ur one time password is 526997 for PhonePe. Please do not share it.,OTP,OTP_5
Low  balance alert: A/c XX5802 balance is Rs.11861. Maintain min balance to avoid charges.,Bank,Bank_10
HUNGRY? GET 10% OFF UP TO RS.1702 ON YOUR NEXT 3 ORDERS. CODE: EAT75. -ZOMATO,Promo,Promo_12
Your OTP is 764006. Use it to verify your Hotstar account. Expires in 15 min.,OTP,OTP_1
PRE-APPROVED! GET A BOB CREDIT CARD WITH RS.472837 LIMIT. ZERO JOINING FEE. APPLY: BIT.LY/YKXBGA,Promo,Promo_14
  Your SIM will be deactivated in 24hrs. Verify Aadhaar: bit.ly/BOmvYC,Spam,Hard_13
Last day! BigBasket clearance sale ends tonight. Up to 60% off sitewide.,Promo,Promo_8
CONFIRMATION CODE 326541 FOR MEESHO. KEEP IT PRIVATE.,OTP,OTP_11
Your A/c XX8226 is debited with Rs.26498 on 03-05-26. Info: UPI-Chaitanya. Bal: Rs.35960,Bank,Bank_2
DTDC: Shipment OD8913895935 reached your city hub Expected delivery: 04 Jul,Delivery,Delivery_4
Your credit card XX3320 statement is ready. Total due: Rs.53438. Min due: Rs.2041. -PNB,Bank,Bank_5
Low balance alert: A/c XX7264 balance is Rs.303140. Maintain min balance to avoid charges. T&C apply,Bank,Bank_10
Delivered! Your BigBasket order OD5951665184 was delivered on 05 Jul Rate your experience: bitly/fsSCDl,Delivery,Delivery_2
Rs.77706 debited from A/c XX3144 on 01-07-26 to Devika. Avl Bal: Rs.102138. -HDFC Bank,Bank,Bank_0
EMI of Rs.99902 due on 07-05-26 for loan A/c XX3279. Pay now to avoid charges. -Axis Bank,Bank,Bank_4
Meesho Big Billion Days! Up to 60% off + extra 10% with Kotak cards. Hurry! -TM,Promo,Promo_1
Tap to verify: 215111. This code expires shortly.,OTP,Hard_9
Your OTP is 342012. Use it to verify your Swiggy account. Expires in 5 min.,OTP,OTP_1
Work from home! Earn Rs.1871468/month. Join: bit.ly/qCYGmL -TM,Spam,Hard_14
Use code 9777 at checkout for 50% off at BigBasket!,Promo,Hard_0
Your return pickup for order OD6178855559 is scheduled on 04 Jul. Keep the item ready. -Swiggy,Delivery,Delivery_7
  Your FD of Rs.11824 matures on 02-06-26. Renew or withdraw via netbanking. -ICICI Bank,Bank,Bank_14
salary of rs.93868 credited to a/c xx1459. avl bal: rs.223892. -sbi,Bank,Bank_7
Auto-pay of INR 66934 to Yug is scheduled on 23-02-26 from A/c XX7545. Ensure sufficient balance.,Bank,Bank_13
"Never share ur OTP, PIN or CVV. ICICI Bank never asks for these. Stay safe.",Bank,Hard_3
UPI  payment of Rs.4799 to Benjamin successful. UPI Ref: 227808287050. -Axis Bank,Bank,Bank_6
Flat Rs.1369 cashback on your next order at Meesho. Use code SAVE97. Valid till 06 Jul.,Promo,Promo_2
Rs.835 cashback credited to your PhonePe wallet. Use on your next order.,Promo,Promo_21
G-741969 is your Google verification code,OTP,OTP_12
<#> 94907 is your Meesho code Valid 15 min hA8sk2Lqp3,OTP,OTP_13
Data exhausted? Get 3GB extra with INR 1813 booster pack. Dial *121# or visit app.,Promo,Promo_11
Flat INR 1686 cashback on your next order at Meesho. Use code SAVE33. Valid till 01 Jul.,Promo,Promo_2
"Hi Tamanna, unlock Rs.1999 off your first order at BigBasket with code NEW15.",Promo,Promo_7
Order OD5271805420 packed and ready! Expected dispatch by 06 Jul. -Myntra,Delivery,Delivery_8
Flat INR 1571 cashback on your next order at Meesho. Use code SAVE88. Valid till 04 Jul.,Promo,Promo_2
Your SBI debit card XX7966 has been blocked due to suspicious activity. Visit branch or call 1800-XXX to unblock.,Bank,Bank_11
Rs.1242 cashback credited to your Paytm wallet. Use on your next order. -TM,Promo,Promo_21
YOUR ICICI BANK DEBIT CARD XX4081 HAS BEEN BLOCKED DUE TO SUSPICIOUS ACTIVITY. VISIT BRANCH OR CALL 1800-XXX TO UNBLOCK.,Bank,Bank_11
G-614169 is your Google verification code.,OTP,OTP_12
Interest of Rs.62604 credited to your FD A/c XX5965. -HDFC Bank,Bank,Bank_9
BlueDart: Shipment OD4021889296 reached your city hub Expected delivery: 02 Jul,Delivery,Delivery_4
Items in your order history are back in stock at Amazon. Prices start Rs.441. T&C apply,Promo,Promo_23
Your one time password is 604535 for Zomato. Please do not share it.,OTP,OTP_5
Tap to verify: 605466. This code expires shortly.,OTP,Hard_9
Pre-approved! Get a SBI credit card with Rs.53254 limit. Zero joining fee. Apply: bit.ly/TsoBiG,Promo,Promo_14
Your Zomato code: 745515,OTP,OTP_8
  OTP: 988465 for txn of Rs.15596 at Paytm. Do not share. -BOB,OTP,OTP_2
PRE-APPROVED! GET A AXIS BANK CREDIT CARD WITH RS.248280 LIMIT. ZERO JOINING FEE. APPLY: BIT.LY/CGPXZV,Promo,Promo_14
  Low balance alert: A/c XX9830 balance is Rs.162315. Maintain min balance to avoid charges.,Bank,Bank_10
Your return pickup for order OD7472022725 is scheduled on 03 Jul. Keep the item ready. -Zomato,Delivery,Delivery_7
Your return pickup for order OD5684039241 is scheduled on 05 Jul. Keep the item ready. -Zomato,Delivery,Delivery_7
Your account statement for August is available. Download from the PNB app.,Bank,Bank_16
OTP for delivery of order OD8978814874 is 4734. Share only with the delivery agent. -BlueDart,Delivery,Delivery_9
Flight fares dropped! BOM-MAA from Rs.559. Book on MakeMyTrip before midnight.,Promo,Promo_16
Pre-approved! Get a SBI credit card with INR 64771 limit. Zero joining fee. Apply: bit.ly/bvykIs,Promo,Promo_14
Beware of fraud calls asking for card details. ICICI Bank officials never ask for PIN or CVV.,Bank,Bank_15
ENTER 221866 TO VERIFY YOUR MOBILE NUMBER FOR AMAZON.,OTP,OTP_10
Weekend special at Swiggy! Min 40% off on everything. Don't miss out: bit.ly/kxGfei,Promo,Promo_6
interest of rs.18086 credited to your fd a/c xx8592. -axis bank,Bank,Bank_9
alert: rs.25976 withdrawn from atm using card xx2755 on 25-02-26. bal: rs.300121. -axis bank,Bank,Bank_3
U have 3770 reward points expiring on 02 Jul. Redeem on Zomato.,Promo,Promo_20
Zomato:  729219 is your login OTP. It expires in 5 minutes.,OTP,OTP_6
"Your ICICI Bank health insurance renewal is due 06 Jul. Renew online, save 10% on premium.",Promo,Promo_24
Auto-pay of Rs.11467 to Raksha is scheduled on 25-01-26 from A/c XX4628. Ensure sufficient balance. T&C apply,Bank,Bank_13
Auto-pay of Rs.11577 to Nirja is scheduled on 18-02-26 from A/c XX4517. Ensure sufficient balance.,Bank,Bank_13
Rs.1499 cashback credited to your PhonePe wallet Use on your next order,Promo,Promo_21
OTP-based login was enabled for your A/c XX3989 Call Axis Bank if this wasn't you,Bank,Hard_2
  EMI of Rs.11525 due on 27-05-26 for loan A/c XX9644. Pay now to avoid charges. -Axis Bank,Bank,Bank_4
Missed our shows? Come back to SonyLIV at 50% off for 3 months. Resubscribe: bit.ly/SaXhzq,Promo,Promo_19
"Never share your OTP, PIN or CVV Axis Bank never asks for these Stay safe",Bank,Hard_3
MEGA  SALE! Get 30% OFF on all products at Swiggy. Shop now: bit.ly/LbkJjN T&C apply.,Promo,Promo_0
"Your PNB health insurance renewal is due 01 Jul. Renew online, save 30% on premium.",Promo,Promo_24
Convert  your Axis Bank card purchase of Rs.1560 into easy EMIs at 0% interest. Reply YES.,Promo,Promo_15
Rs.1761 cashback credited to your Amazon Pay wallet. Use on your next order.,Promo,Promo_21
Recharge with Rs.851 & get 70% extra talktime. Offer valid today only!,Promo,Promo_5
YOUR OTP IS 516355. USE IT TO VERIFY YOUR AXIS BANK ACCOUNT. EXPIRES IN 15 MIN.,OTP,OTP_1
588047 is your verification code for Kotak. Never share your OTP. T&C apply,OTP,OTP_3
396187 - use this code to sign in to PhonePe. Never share it with anyone.,OTP,OTP_7
<#> 644207 is ur Flipkart code. Valid 5 min. hA8sk2Lqp3,OTP,OTP_13
688575 is your verification code for ICICI Bank. Never share your OTP.,OTP,OTP_3
DTDC: Shipment OD1213397701 reached ur city hub. Expected delivery: 02 Jul.,Delivery,Delivery_4
Confirmation code 313470 for Uber. Keep it private. STOP to opt out,OTP,OTP_11
Ur account statement for July is available. Download from the Kotak app.,Bank,Bank_16
"Class shifted to room 4086, come fast",Personal,Hard_6
660417 is your OTP for HDFC Bank login. Valid for 30 minutes. Do not share with anyone.,OTP,OTP_0
Convert your Kotak card purchase of Rs.191 into easy EMIs at 0% interest. Reply YES. STOP to opt out,Promo,Promo_15
Flight fares dropped! BOM-LKO from Rs.730. Book on Goibibo before midnight.,Promo,Promo_16
your vi pack expires tomorrow. recharge with rs.1887 for 1gb/day + unlimited calls.,Promo,Promo_10
Ekart: Shipment OD1444495105 reached your city hub. Expected delivery: 06 Jul.,Delivery,Delivery_4
  Items in your order history are back in stock at Meesho. Prices start Rs.1319.,Promo,Promo_23
Delivery attempt failed for order OD9622245293. We will retry tomorrow. -DTDC,Delivery,Delivery_5
You  have 4149 reward points expiring on 05 Jul. Redeem on Amazon.,Promo,Promo_20
Beware  of fraud calls asking for card details. PNB officials never ask for PIN or CVV.,Bank,Bank_15
"Class  shifted to room 6639, come fast",Personal,Hard_6
"class shifted to room 9766, come fast",Personal,Hard_6
50169 - use this code to sign in to Paytm. Never share it with anyone. -TM,OTP,OTP_7
DEAR CUSTOMER UR HDFC BANK ACCOUNT WILL BE BLOCKED! UPDATE KYC NOW: BIT.LY/JEMYTP,Spam,Hard_11
cheque no. 539480316985 for rs.88406 has been cleared from a/c xx2065. -pnb,Bank,Bank_8
IRCTC: Special trains added for festive season. Book early & save up to 10%.,Promo,Promo_17
Your SIM will be deactivated in 24hrs. Verify Aadhaar: bit.ly/GbclcM,Spam,Hard_13
  <#> 43035 is your Amazon code. Valid 10 min. hA8sk2Lqp3,OTP,OTP_13
"  Never share your OTP, PIN or CVV. BOB never asks for these. Stay safe.",Bank,Hard_3
Your BOB code: 673709,OTP,OTP_8
Low balance alert: A/c XX6405 balance is Rs.464036. Maintain min balance to avoid charges.,Bank,Bank_10
Order OD1134956176 packed and ready! Expected dispatch by 06 Jul. -Myntra,Delivery,Delivery_8
Delivered! Your Amazon order OD7341593682 was delivered on 03 Jul. Rate your experience: bit.ly/QUfGsJ,Delivery,Delivery_2
Amazon: Your cart misses you! Complete purchase now & get 80% off. bit.ly/jxVTnj,Promo,Promo_4
G-859442 is your Google verification code.,OTP,OTP_12
OTP: 520778 for txn of Rs.4132 at Amazon. Do not share. -SBI STOP to opt out,OTP,OTP_2
"Hi Yashvi, unlock Rs.758 off your first order at Amazon with code NEW22.",Promo,Promo_7
YOUR CREDIT CARD XX9332 STATEMENT IS READY. TOTAL DUE: RS.98274. MIN DUE: RS.2347. -HDFC BANK,Bank,Bank_5
Items  in your order history are back in stock at Myntra. Prices start Rs.1293.,Promo,Promo_23
675627 is your Amazon security code. Anyone asking for it is a scammer.,OTP,OTP_9
Cheque no. 283519384375 for INR 84832 has been cleared from A/c XX6312. -Axis Bank,Bank,Bank_8
Pre-approved! Get a Axis Bank credit card with Rs.372774 limit Zero joining fee Apply: bitly/fknfqE,Promo,Promo_14
UPI PAYMENT OF RS.38432 TO NACHIKET SUCCESSFUL. UPI REF: 647420324366. -ICICI BANK,Bank,Bank_6
Use code 7223 at checkout for 10% off at BigBasket!,Promo,Hard_0
Your return pickup for order OD5883851631 is scheduled on 04 Jul. Keep the item ready. -Amazon,Delivery,Delivery_7
EXCLUSIVE FOR YOU! BUY 1 GET 1 FREE AT ZOMATO. LIMITED PERIOD OFFER. VISIT BIT.LY/JTLGDX,Promo,Promo_3
  Your Uber code: 3716,OTP,Hard_8
Use 133683 to complete your Axis Bank registration. Valid till 15 mins.,OTP,OTP_4
You have 2338 reward points expiring on 06 Jul. Redeem on Zomato.,Promo,Promo_20
  Loved your recent Myntra order? Reorder in 1 tap and get 60% off today.,Promo,Promo_22
Your return pickup for order OD7619299220 is scheduled on 01 Jul. Keep the item ready. -Swiggy,Delivery,Delivery_7
Beware of fraud calls asking for card details. HDFC Bank officials never ask for PIN or CVV.,Bank,Bank_15
Confirmation code 237159 for Paytm. Keep it private.,OTP,OTP_11
Hungry? Get 10% off up to Rs.83 on your next 3 orders. Code: EAT12. -Zomato,Promo,Promo_12
"Never share your OTP, PIN or CVV. ICICI Bank never asks for these. Stay safe.",Bank,Hard_3
Pay Rs.2326 on delivery for order OD701414301. -Ekart,Delivery,Hard_10
your uber code: 8738,OTP,Hard_8
Data exhausted? Get 2GB extra with Rs.1065 booster pack. Dial *121# or visit app.,Promo,Promo_11
280732 is your PhonePe security code. Anyone asking for it is a scammer.,OTP,OTP_9
Exclusive for you! Buy 1 Get 1 FREE at Myntra. Limited period offer. Visit bit.ly/UOPOdj,Promo,Promo_3
Exclusive for you! Buy 1 Get 1 FREE at Meesho. Limited period offer. Visit bit.ly/bivmjy,Promo,Promo_3
OTP: 501404 for txn of Rs.4875 at Netflix. Do not share. -Kotak,OTP,OTP_2
Your Axis Bank debit card XX8373 has been blocked due to suspicious activity. Visit branch or call 1800-XXX to unblock. -TM,Bank,Bank_11
  Your account statement for August is available. Download from the ICICI Bank app.,Bank,Bank_16
Auto-pay of Rs.73657 to Upadhriti is scheduled on 08-06-26 from A/c XX5500 Ensure sufficient balance,Bank,Bank_13
Rs.58778 debited from A/c XX4547 on 15-05-26 to Ekiya. Avl Bal: Rs.200509. -BOB T&C apply,Bank,Bank_0
  Your OTP is 422006. Use it to verify your Netflix account. Expires in 30 min.,OTP,OTP_1
Your OTP is 613868. Use it to verify your BigBasket account. Expires in 5 min.,OTP,OTP_1
Your Zomato order OD7012214995 has been shipped via Delhivery. Track: bit.ly/EgYlxl,Delivery,Delivery_0
Enter  79310 to verify your mobile number for Myntra.,OTP,OTP_10
Auto-pay of Rs.7469 to Nihal is scheduled on 24-03-26 from A/c XX9151. Ensure sufficient balance.,Bank,Bank_13
KYC update pending for A/c XX9649. Please visit your nearest HDFC Bank branch by 04-04-26 to avoid restrictions.,Bank,Bank_12
Your order OD5483206507 from Swiggy is arriving tomorrow. Keep Rs.852 ready for COD.,Delivery,Delivery_3
Delivery attempt failed for order OD3926240010. We will retry tomorrow. -Ekart,Delivery,Delivery_5
237900 - use this code to sign in to Netflix. Never share it with anyone.,OTP,OTP_7
Your account statement for June is available. Download from the Axis Bank app. -TM,Bank,Bank_16
Out for delivery: Your Flipkart package OD7551548331 will arrive today by 9 PM. -DTDC,Delivery,Delivery_1
Coupon 5482 gives you free delivery on orders above Rs.3377. -Zomato,Promo,Hard_1
your axis bank debit card xx4270 has been blocked due to suspicious activity. visit branch or call 1800-xxx to unblock.,Bank,Bank_11
Your Netflix code: 557971,OTP,OTP_8
Pre-approved! Get a Axis Bank credit card with Rs.128702 limit. Zero joining fee. Apply: bit.ly/QOEzNH,Promo,Promo_14
  Delivered! Your Swiggy order OD4809406652 was delivered on 01 Jul. Rate your experience: bit.ly/AWtlai,Delivery,Delivery_2
Ur order OD7996485185 from Swiggy is arriving tomorrow. Keep Rs.2400 ready for COD.,Delivery,Delivery_3
Your return pickup for order OD8289745732 is scheduled on 06 Jul. Keep the item ready. -Zomato,Delivery,Delivery_7
Loved ur recent Amazon order? Reorder in 1 tap and get 70% off today.,Promo,Promo_22
926887 is your OTP for Paytm login. Valid for 5 minutes. Do not share with anyone. STOP to opt out,OTP,OTP_0
Your return pickup for order OD8044044198 is scheduled on 05 Jul Keep the item ready -Zomato,Delivery,Delivery_7
<#> 511051 is ur GPay code. Valid 2 min. hA8sk2Lqp3,OTP,OTP_13
Beware of fraud calls asking for card details. BOB officials never ask for PIN or CVV.,Bank,Bank_15
Beware of fraud calls asking for card details. Axis Bank officials never ask for PIN or CVV.,Bank,Bank_15
  Order OD6802589657 packed and ready! Expected dispatch by 01 Jul. -Flipkart,Delivery,Delivery_8
Loved your recent Swiggy order? Reorder in 1 tap and get 40% off today,Promo,Promo_22
Out for delivery: Your Meesho package OD9400609742 will arrive today by 12 PM -XpressBees,Delivery,Delivery_1
Dear customer ur SBI account will be blocked! Update KYC now: bit.ly/xubAFL T&C apply,Spam,Hard_11
  G-7938 is your Google verification code.,OTP,OTP_12
ALERT: Rs.44427 withdrawn from ATM using card XX9738 on 01-04-26. Bal: Rs.76465. -BOB,Bank,Bank_3
  Your one time password is 391116 for Amazon. Please do not share it.,OTP,OTP_5
Use 172834 to complete your HDFC Bank registration. Valid till 15 mins.,OTP,OTP_4
Use 59651 to complete your Myntra registration. Valid till 30 mins.,OTP,OTP_4
INR 28530 credited to A/c XX7076 on 01-05-26. Avl Bal: INR 354508. -Axis Bank,Bank,Bank_1
Dear customer ur PNB account will be blocked! Update KYC now: bit.ly/YKkAvi,Spam,Hard_11
Uber: 701053 is your login OTP. It expires in 10 minutes.,OTP,OTP_6
Your FD of Rs.11454 matures on 23-06-26. Renew or withdraw via netbanking. -BOB,Bank,Bank_14
Paytm: 229480 is your login OTP It expires in 2 minutes,OTP,OTP_6
629911 - use this to sign in. Never share this code with anyone. T&C apply,OTP,Hard_7
Ur Uber code: 2007,OTP,Hard_8
9861 is your verification code for Myntra. Never share your OTP.,OTP,OTP_3
Your one time password is 303272 for Flipkart. Please do not share it.,OTP,OTP_5
Flat Rs.1049 cashback on your next order at Flipkart. Use code SAVE77. Valid till 03 Jul.,Promo,Promo_2
KYC update pending for A/c XX3687. Please visit ur nearest SBI branch by 05-04-26 to avoid restrictions.,Bank,Bank_12
IRCTC: SPECIAL TRAINS ADDED FOR FESTIVE SEASON. BOOK EARLY & SAVE UP TO 50%.,Promo,Promo_17
Netflix: 661248 is your login OTP. It expires in 10 minutes.,OTP,OTP_6
Pay Rs.5000 on delivery for order OD723899191. -BlueDart,Delivery,Hard_10
  Work from home! Earn Rs.790115/month. Join: bit.ly/agzIuC,Spam,Hard_14
  610653 is your verification code for Kotak. Never share your OTP.,OTP,OTP_3
Dear customer ur Axis Bank account will be blocked! Update KYC now: bitly/DypcZc,Spam,Hard_11
You have 1129 reward points expiring on 04 Jul. Redeem on Amazon.,Promo,Promo_20
Low balance alert: A/c XX8172 balance is Rs.144239. Maintain min balance to avoid charges. -TM,Bank,Bank_10
Delivery attempt failed for order OD1958467846 We will retry tomorrow -BlueDart,Delivery,Delivery_5
ALERT: Rs.41748 withdrawn from ATM using card XX1022 on 07-04-26. Bal: Rs.368983. -HDFC Bank,Bank,Bank_3
YOUR MYNTRA ORDER OD7908058291 HAS BEEN SHIPPED VIA DELHIVERY. TRACK: BIT.LY/QQSZXX,Delivery,Delivery_0
Your OTP is 109779. Use it to verify your Ola account. Expires in 5 min. T&C apply,OTP,OTP_1
UPI PAYMENT OF RS.73251 TO SAMAR SUCCESSFUL. UPI REF: 757308020599. -ICICI BANK,Bank,Bank_6
Your A/c XX3853 is debited with INR 742 on 02-03-26. Info: UPI-Kamya. Bal: INR 498082,Bank,Bank_2
Interest of Rs.92521 credited to your FD A/c XX8664. -PNB T&C apply,Bank,Bank_9
Out  for delivery: Your Meesho package OD5573004220 will arrive today by 6 PM. -Delhivery,Delivery,Delivery_1
OTP: 654201 for txn of INR 10889 at BigBasket. Do not share. -Kotak,OTP,OTP_2
auto-pay of rs.27470 to kai is scheduled on 17-05-26 from a/c xx9837. ensure sufficient balance.,Bank,Bank_13
  Loved your recent Meesho order? Reorder in 1 tap and get 60% off today.,Promo,Promo_22
Swiggy: Free delivery all weekend! Order your favourites now.,Promo,Promo_13
Use 132354 to complete your ICICI Bank registration. Valid till 15 mins.,OTP,OTP_4
Rs.45123  credited to A/c XX3365 on 15-05-26. Avl Bal: Rs.371127. -Kotak,Bank,Bank_1
  Coupon 3055 gives you free delivery on orders above Rs.4585. -Myntra,Promo,Hard_1
  Delivered! Your Myntra order OD2837302569 was delivered on 06 Jul. Rate your experience: bit.ly/XBZvZI,Delivery,Delivery_2
"Bro send me Rs.4701 on gpay, will return by 01 Jul -TM",Personal,Hard_5
  Auto-pay of Rs.65126 to Benjamin is scheduled on 16-03-26 from A/c XX7503. Ensure sufficient balance.,Bank,Bank_13
Flipkart: Your cart misses you! Complete purchase now & get 50% off. bit.ly/JYhLIK,Promo,Promo_4
Flipkart: Your cart misses you! Complete purchase now & get 70% off. bit.ly/JGfSgf,Promo,Promo_4
beware of fraud calls asking for card details. pnb officials never ask for pin or cvv.,Bank,Bank_15
Your order OD6418086316 from Myntra is arriving tomorrow. Keep Rs.4754 ready for COD.,Delivery,Delivery_3
22194 is your OTP for ICICI Bank login. Valid for 2 minutes. Do not share with anyone.,OTP,OTP_0
Delivery attempt failed for order OD9734387433. We will retry tomorrow. -BlueDart,Delivery,Delivery_5
Your return pickup for order OD7768379957 is scheduled on 04 Jul. Keep the item ready. -Swiggy,Delivery,Delivery_7
Your Uber code: 6397,OTP,Hard_8
Swiggy Big Billion Days! Up to 70% off + extra 10% with ICICI Bank cards. Hurry!,Promo,Promo_1
EMI of Rs.81695 due on 08-01-26 for loan A/c XX8799. Pay now to avoid charges. -ICICI Bank,Bank,Bank_4
Ur ICICI Bank debit card XX3478 has been blocked due to suspicious activity. Visit branch or call 1800-XXX to unblock.,Bank,Bank_11
Convert your HDFC Bank card purchase of Rs.243 into easy EMIs at 0% interest. Reply YES.,Promo,Promo_15
data exhausted? get 2gb extra with rs.459 booster pack. dial *121# or visit app.,Promo,Promo_11
DELHIVERY: SHIPMENT OD2251840859 REACHED YOUR CITY HUB. EXPECTED DELIVERY: 05 JUL.,Delivery,Delivery_4
MEGA SALE! Get 60% OFF on all products at Zomato. Shop now: bit.ly/kJCDez T&C apply.,Promo,Promo_0
Order OD8713456527 packed and ready! Expected dispatch by 02 Jul. -Amazon -TM,Delivery,Delivery_8
  Imaran from BlueDart is arriving with your package. Contact: 8371312285,Delivery,Delivery_6
Enter 61959 to verify your mobile number for Axis Bank.,OTP,OTP_10
Last day! Myntra clearance sale ends tonight. Up to 50% off sitewide.,Promo,Promo_8
741055 is your OTP for PhonePe login. Valid for 5 minutes. Do not share with anyone.,OTP,OTP_0
Your Axis Bank debit card XX9043 has been blocked due to suspicious activity. Visit branch or call 1800-XXX to unblock.,Bank,Bank_11
Flight fares dropped! BOM-LKO from Rs.52. Book on Goibibo before midnight.,Promo,Promo_16
YOUR PNB DEBIT CARD XX5232 HAS BEEN BLOCKED DUE TO SUSPICIOUS ACTIVITY. VISIT BRANCH OR CALL 1800-XXX TO UNBLOCK.,Bank,Bank_11
Amazon Big Billion Days! Up to 70% off + extra 10% with PNB cards. Hurry!,Promo,Promo_1
Your PNB code: 754103,OTP,OTP_8
Your A/c XX2920 is debited with Rs.41393 on 09-05-26 Info: UPI-Chameli Bal: Rs.433857,Bank,Bank_2
Your HDFC Bank debit card XX2265 has been blocked due to suspicious activity. Visit branch or call 1800-XXX to unblock.,Bank,Bank_11
Ur one time password is 961577 for Amazon. Please do not share it.,OTP,OTP_5
"Bro  send me Rs.1993 on gpay, will return by 02 Jul",Personal,Hard_5
"  Hey, my new number is 08455840016. Save it! Meet at 6pm?",Personal,Hard_4
140593 is your PNB security code. Anyone asking for it is a scammer.,OTP,OTP_9
Out  for delivery: Your Swiggy package OD4692725237 will arrive today by 3 PM. -XpressBees,Delivery,Delivery_1
otp-based login was enabled for your a/c xx2256. call pnb if this wasn't you.,Bank,Hard_2
YOUR PRIME VIDEO PLAN RENEWS ON 04 JUL AT RS.1949. UPGRADE TO 4K FOR RS.871/MONTH.,Promo,Promo_18
"Bro send me Rs.2275 on gpay, will return by 06 Jul",Personal,Hard_5
Delivery attempt failed for order OD1726441537. We will retry tomorrow. -XpressBees,Delivery,Delivery_5
your account statement for june is available. download from the bob app.,Bank,Bank_16
  Rs.84860 credited to A/c XX1526 on 09-04-26. Avl Bal: Rs.405264. -SBI,Bank,Bank_1
"hey, my new number is 5301453901. save it! meet at tonight?",Personal,Hard_4
OTP-based login was enabled for your A/c XX4840. Call Axis Bank if this wasn't you.,Bank,Hard_2
Salary of Rs.21579 credited to A/c XX1722 Avl Bal: Rs.83506 -Axis Bank,Bank,Bank_7
your uber code: 3883,OTP,Hard_8
Order OD5967401256 packed and ready! Expected dispatch by 04 Jul. -Zomato T&C apply,Delivery,Delivery_8
Rs.30834  debited from A/c XX4388 on 04-05-26 to Ishita. Avl Bal: Rs.361695. -Axis Bank,Bank,Bank_0
Out for delivery: Your Myntra package OD5658784498 will arrive today by 6 PM. -Ekart,Delivery,Delivery_1
Your return pickup for order OD5775841389 is scheduled on 02 Jul Keep the item ready -Amazon,Delivery,Delivery_7
Salary of Rs.92207 credited to A/c XX1450. Avl Bal: Rs.205731. -SBI,Bank,Bank_7
Rs.11907 credited to A/c XX7166 on 25-03-26. Avl Bal: Rs.10916. -BOB STOP to opt out,Bank,Bank_1
Your credit card XX6615 statement is ready Total due: Rs.72599 Min due: Rs.2578 -Kotak,Bank,Bank_5
741948 is your verification code for ICICI Bank. Never share your OTP. STOP to opt out,OTP,OTP_3
Rs.14870 debited from A/c XX8454 on 31-01-26 to Veda. Avl Bal: Rs.362082. -Axis Bank,Bank,Bank_0
Flat  Rs.1464 cashback on your next order at Swiggy. Use code SAVE23. Valid till 03 Jul.,Promo,Promo_2
  EMI of Rs.6150 due on 04-07-26 for loan A/c XX2877. Pay now to avoid charges. -SBI,Bank,Bank_4
Your  Meesho order OD5109935274 has been shipped via XpressBees. Track: bit.ly/GrIDzG,Delivery,Delivery_0
OTP for delivery of order OD4133381148 is 1175. Share only with the delivery agent. -DTDC,Delivery,Delivery_9
Your Myntra order OD4755913329 has been shipped via Ekart. Track: bit.ly/lGDMvZ,Delivery,Delivery_0
Exclusive for you! Buy 1 Get 1 FREE at Flipkart. Limited period offer. Visit bit.ly/DBvhOu,Promo,Promo_3
"Class shifted to room 8375, come fast",Personal,Hard_6
Confirmation code 348468 for Kotak. Keep it private. T&C apply,OTP,OTP_11
coupon 7185 gives you free delivery on orders above rs.4253. -amazon,Promo,Hard_1
Auto-pay of Rs.52379 to Aadhya is scheduled on 01-03-26 from A/c XX5530. Ensure sufficient balance.,Bank,Bank_13
cheque no. 227932840790 for rs.95214 has been cleared from a/c xx3183. -axis bank,Bank,Bank_8
Your SIM will be deactivated in 24hrs. Verify Aadhaar: bit.ly/ClXlYG,Spam,Hard_13
"Your Axis Bank health insurance renewal is due 02 Jul Renew online, save 80% on premium",Promo,Promo_24
your account statement for june is available. download from the axis bank app.,Bank,Bank_16
Congratulations! You won Rs.1319521 in lucky draw. Claim: bit.ly/VcDOeh,Spam,Hard_12
Rs.1485  cashback credited to your Amazon Pay wallet. Use on your next order.,Promo,Promo_21
Beware of fraud calls asking for card details Kotak officials never ask for PIN or CVV,Bank,Bank_15
Zomato Big Billion Days! Up to 10% off + extra 10% with ICICI Bank cards Hurry!,Promo,Promo_1
"Class shifted to room 7960, come fast",Personal,Hard_6
UPI payment of Rs.24380 to Arunima successful. UPI Ref: 263749419099. -Axis Bank,Bank,Bank_6
"Bro send me Rs.2256 on gpay, will return by 05 Jul",Personal,Hard_5
Myntra: Ur cart misses you! Complete purchase now & get 10% off. bit.ly/gMWHXO,Promo,Promo_4
OTP for delivery of order OD7745737978 is 1188. Share only with the delivery agent. -Ekart,Delivery,Delivery_9
Laksh from BlueDart is arriving with your package. Contact: +911196703526,Delivery,Delivery_6
alert: rs.31692 withdrawn from atm using card xx6258 on 23-05-26. bal: rs.150097. -icici bank,Bank,Bank_3
U have 281 reward points expiring on 03 Jul. Redeem on Amazon.,Promo,Promo_20
Your Airtel pack expires tomorrow. Recharge with Rs.671 for 1.5GB/day + unlimited calls.,Promo,Promo_10
Data exhausted? Get 2GB extra with Rs.723 booster pack. Dial *121# or visit app. T&C apply,Promo,Promo_11
  Work from home! Earn Rs.1270356/month. Join: bit.ly/HyPcUG,Spam,Hard_14
RS.1674 CREDITED TO A/C XX8025 ON 12-05-26. AVL BAL: RS.258829. -BOB,Bank,Bank_1
  KYC update pending for A/c XX3314. Please visit your nearest SBI branch by 22-03-26 to avoid restrictions.,Bank,Bank_12
Use 671346 to complete ur Myntra registration. Valid till 10 mins.,OTP,OTP_4
DEAR CUSTOMER UR HDFC BANK ACCOUNT WILL BE BLOCKED! UPDATE KYC NOW: BIT.LY/NEPGZT,Spam,Hard_11
YOUR ZOMATO MEMBERSHIP EXPIRES SOON. RENEW NOW & SAVE 60%: BIT.LY/MPGQNK,Promo,Promo_9
"Bro send me Rs.3496 on gpay, will return by 01 Jul -TM",Personal,Hard_5
Interest of Rs.9221 credited to your FD A/c XX1883. -HDFC Bank,Bank,Bank_9
Your  order OD6193642266 from Flipkart is arriving tomorrow. Keep Rs.1986 ready for COD.,Delivery,Delivery_3
Rs.69391 debited from A/c XX7274 on 05-02-26 to Anika. Avl Bal: Rs.175977. -SBI,Bank,Bank_0
Enter  727880 to verify your mobile number for HDFC Bank.,OTP,OTP_10
Delivered! Your Flipkart order OD6852421377 was delivered on 04 Jul. Rate your experience: bit.ly/BakmPS,Delivery,Delivery_2
Use 57387 to complete your Swiggy registration Valid till 15 mins,OTP,OTP_4
653914 is your sbi security code. anyone asking for it is a scammer.,OTP,OTP_9
ZOMATO: FREE DELIVERY ALL WEEKEND! ORDER YOUR FAVOURITES NOW.,Promo,Promo_13
Hungry? Get 70% off up to Rs.970 on your next 3 orders. Code: EAT37. -Swiggy,Promo,Promo_12
222045  is your OTP for Zomato login. Valid for 30 minutes. Do not share with anyone.,OTP,OTP_0
"Bro send me Rs.3084 on gpay, will return by 06 Jul",Personal,Hard_5
464528 is your OTP for Meesho login. Valid for 30 minutes. Do not share with anyone.,OTP,OTP_0
  Your Flipkart membership expires soon. Renew now & save 80%: bit.ly/nxIDEH,Promo,Promo_9
Ur PNB debit card XX7761 has been blocked due to suspicious activity. Visit branch or call 1800-XXX to unblock.,Bank,Bank_11
low balance alert: a/c xx5646 balance is rs.186447. maintain min balance to avoid charges.,Bank,Bank_10
"Hi Urishilla, unlock Rs.1887 off ur first order at Amazon with code NEW48.",Promo,Promo_7
Missed our shows? Come back to Hotstar at 50% off for 3 months. Resubscribe: bit.ly/jhUcaL,Promo,Promo_19
Pay Rs.1086 on delivery for order OD600824360. -Ekart,Delivery,Hard_10
Work from home! Earn Rs.1595882/month. Join: bit.ly/QyBTmR,Spam,Hard_14
your one time password is 22011 for swiggy. please do not share it.,OTP,OTP_5
use 985007 to complete your ola registration. valid till 30 mins.,OTP,OTP_4
Confirmation  code 858490 for Zomato. Keep it private.,OTP,OTP_11
  Enter 842341 to verify your mobile number for Ola.,OTP,OTP_10
816864 is your Amazon security code. Anyone asking for it is a scammer.,OTP,OTP_9
DATA EXHAUSTED? GET 3GB EXTRA WITH RS.853 BOOSTER PACK. DIAL *121# OR VISIT APP.,Promo,Promo_11
PhonePe: 428474 is your login OTP. It expires in 15 minutes. -TM,OTP,OTP_6
hungry? get 40% off up to rs.1485 on your next 3 orders. code: eat63. -zomato,Promo,Promo_12
  IRCTC: Special trains added for festive season. Book early & save up to 20%.,Promo,Promo_17
981619 - use this to sign in Never share this code with anyone,OTP,Hard_7
Flat Rs.1987 cashback on your next order at Myntra Use code SAVE35 Valid till 04 Jul,Promo,Promo_2
MEGA SALE! Get 80% OFF on all products at Meesho. Shop now: bit.ly/CrcWpn T&C apply.,Promo,Promo_0
Your FD of Rs.57446 matures on 31-03-26. Renew or withdraw via netbanking. -HDFC Bank,Bank,Bank_14
Exclusive for you! Buy 1 Get 1 FREE at Zomato. Limited period offer. Visit bit.ly/aiKgFD,Promo,Promo_3
OTP for delivery of order OD9397799874 is 5829. Share only with the delivery agent. -XpressBees,Delivery,Delivery_9
Use  code 3894 at checkout for 50% off at Zomato!,Promo,Hard_0
Your Zomato membership expires soon. Renew now & save 40%: bit.ly/UhhGZv,Promo,Promo_9
Use 689243 to complete ur Zomato registration. Valid till 2 mins.,OTP,OTP_4
Out for delivery: Ur Swiggy package OD1215195569 will arrive today by 6 PM. -BlueDart,Delivery,Delivery_1
  Cheque no. 750834124243 for Rs.10385 has been cleared from A/c XX2685. -Axis Bank,Bank,Bank_8
myntra: 977995 is your login otp. it expires in 5 minutes.,OTP,OTP_6
You have 1359 reward points expiring on 01 Jul. Redeem on Swiggy.,Promo,Promo_20
Your Kotak debit card XX6101 has been blocked due to suspicious activity. Visit branch or call 1800-XXX to unblock.,Bank,Bank_11
613634  is your Netflix security code. Anyone asking for it is a scammer.,OTP,OTP_9
rs.41021 debited from a/c xx9033 on 22-02-26 to chanchal. avl bal: rs.142732. -hdfc bank,Bank,Bank_0
Ur HDFC Bank code: 49813,OTP,OTP_8
ORDER OD2837964632 PACKED AND READY! EXPECTED DISPATCH BY 02 JUL. -AMAZON,Delivery,Delivery_8
Salary of Rs.41896 credited to A/c XX3331. Avl Bal: Rs.158332. -BOB,Bank,Bank_7
Rs.62973 debited from A/c XX9253 on 08-02-26 to Ayushman Avl Bal: Rs.134981 -HDFC Bank,Bank,Bank_0
Beware of fraud calls asking for card details. BOB officials never ask for PIN or CVV.,Bank,Bank_15
Your Swiggy order OD8822740528 has been shipped via Ekart. Track: bit.ly/IEPmpg,Delivery,Delivery_0
Auto-pay of Rs.59749 to Nathan is scheduled on 13-02-26 from A/c XX4889. Ensure sufficient balance.,Bank,Bank_13
IRCTC: Special trains added for festive season. Book early & save up to 80%.,Promo,Promo_17
633190 is your OTP for BigBasket login Valid for 5 minutes Do not share with anyone,OTP,OTP_0
DELIVERY ATTEMPT FAILED FOR ORDER OD7669006912. WE WILL RETRY TOMORROW. -XPRESSBEES,Delivery,Delivery_5
742665  is your verification code for Paytm. Never share your OTP.,OTP,OTP_3
Your PNB debit card XX5765 has been blocked due to suspicious activity. Visit branch or call 1800-XXX to unblock.,Bank,Bank_11
YOUR OTP IS 665398. USE IT TO VERIFY YOUR FLIPKART ACCOUNT. EXPIRES IN 5 MIN.,OTP,OTP_1
Flight fares dropped! DEL-CCU from Rs.903 Book on ixigo before midnight,Promo,Promo_16
out for delivery: your amazon package od5992651706 will arrive today by 12 pm. -ekart,Delivery,Delivery_1
Your account statement for June is available. Download from the BOB app.,Bank,Bank_16
YOU HAVE 1819 REWARD POINTS EXPIRING ON 02 JUL. REDEEM ON FLIPKART.,Promo,Promo_20
Beware of fraud calls asking for card details. BOB officials never ask for PIN or CVV.,Bank,Bank_15
Coupon 2152 gives you free delivery on orders above Rs.3561. -Meesho STOP to opt out,Promo,Hard_1
IRCTC: Special trains added for festive season. Book early & save up to 40%.,Promo,Promo_17
  Cheque no. 746414573452 for Rs.82212 has been cleared from A/c XX7139. -Axis Bank,Bank,Bank_8
rs.93 cashback credited to your phonepe wallet. use on your next order.,Promo,Promo_21
G-655207  is your Google verification code.,OTP,OTP_12
G-264380 is your Google verification code,OTP,OTP_12
Your account statement for August is available. Download from the BOB app.,Bank,Bank_16
"Your BOB health insurance renewal is due 03 Jul. Renew online, save 20% on premium.",Promo,Promo_24
Enter 941338 to verify your mobile number for Zomato.,OTP,OTP_10
UPI payment of Rs.36330 to Girik successful. UPI Ref: 553230719271. -Kotak,Bank,Bank_6
524472  is your OTP for HDFC Bank login. Valid for 30 minutes. Do not share with anyone.,OTP,OTP_0
You have 4630 reward points expiring on 03 Jul. Redeem on Swiggy. STOP to opt out,Promo,Promo_20
Items in your order history are back in stock at Meesho. Prices start INR 1088.,Promo,Promo_23
<#> 814612 is your GPay code. Valid 10 min. hA8sk2Lqp3,OTP,OTP_13
Auto-pay  of Rs.97950 to Warda is scheduled on 07-03-26 from A/c XX1575. Ensure sufficient balance.,Bank,Bank_13
Exclusive for you! Buy 1 Get 1 FREE at Zomato. Limited period offer. Visit bit.ly/ijOvKs,Promo,Promo_3
DELIVERED! YOUR MYNTRA ORDER OD8861574835 WAS DELIVERED ON 06 JUL. RATE YOUR EXPERIENCE: BIT.LY/ADFQBU,Delivery,Delivery_2
  749096 is your verification code for Ola. Never share your OTP.,OTP,OTP_3
Rs.3030 credited to A/c XX7174 on 15-02-26. Avl Bal: Rs.102854. -SBI,Bank,Bank_1
G-318941 is your Google verification code,OTP,OTP_12
Coupon 9408 gives you free delivery on orders above INR 4648. -Myntra,Promo,Hard_1
YOUR HOTSTAR CODE: 825582,OTP,OTP_8
YOUR RETURN PICKUP FOR ORDER OD2151342165 IS SCHEDULED ON 03 JUL. KEEP THE ITEM READY. -FLIPKART,Delivery,Delivery_7
Your credit card XX6318 statement is ready. Total due: INR 81198. Min due: INR 4241. -PNB,Bank,Bank_5
Your Flipkart code: 362283,OTP,OTP_8
YOUR UBER CODE: 7152,OTP,Hard_8
Use 300918 to complete your HDFC Bank registration. Valid till 30 mins.,OTP,OTP_4
IRCTC: Special trains added for festive season. Book early & save up to 50%.,Promo,Promo_17
Confirmation code 454018 for Meesho. Keep it private.,OTP,OTP_11
YOUR OTP IS 290830. USE IT TO VERIFY YOUR HDFC BANK ACCOUNT. EXPIRES IN 30 MIN.,OTP,OTP_1
Rs.68256 debited from A/c XX1391 on 16-05-26 to Hemal. Avl Bal: Rs.429405. -PNB,Bank,Bank_0
Flat Rs.188 cashback on ur next order at Swiggy. Use code SAVE11. Valid till 05 Jul.,Promo,Promo_2
Ati from BlueDart is arriving with your package. Contact: +912688597311,Delivery,Delivery_6
Your FD of Rs.21916 matures on 28-03-26. Renew or withdraw via netbanking. -Kotak,Bank,Bank_14
Myntra  Big Billion Days! Up to 20% off + extra 10% with PNB cards. Hurry!,Promo,Promo_1
Convert your Kotak card purchase of Rs.424 into easy EMIs at 0% interest Reply YES,Promo,Promo_15
Delivered! Your Swiggy order OD7473060579 was delivered on 04 Jul. Rate your experience: bit.ly/JzrVHe,Delivery,Delivery_2
Cheque  no. 305269915158 for Rs.36950 has been cleared from A/c XX2083. -Kotak,Bank,Bank_8
995081 - use this code to sign in to Hotstar. Never share it with anyone.,OTP,OTP_7
493400 - use this code to sign in to HDFC Bank. Never share it with anyone.,OTP,OTP_7
Weekend  special at Amazon! Min 10% off on everything. Don't miss out: bit.ly/WiYNOi,Promo,Promo_6
Your A/c XX2825 is debited with INR 28077 on 01-07-26. Info: UPI-Arunima. Bal: INR 66757,Bank,Bank_2
congratulations! you won rs.1770960 in lucky draw. claim: bit.ly/mhyoqs,Spam,Hard_12
Ur one time password is 868055 for Meesho. Please do not share it.,OTP,OTP_5
your fd of rs.73171 matures on 19-04-26. renew or withdraw via netbanking. -hdfc bank,Bank,Bank_14
Low balance alert: A/c XX5224 balance is Rs.317318. Maintain min balance to avoid charges.,Bank,Bank_10
  Convert your Kotak card purchase of Rs.270 into easy EMIs at 0% interest. Reply YES.,Promo,Promo_15
YOUR CREDIT CARD XX3023 STATEMENT IS READY. TOTAL DUE: RS.34174. MIN DUE: RS.2513. -SBI,Bank,Bank_5
Your Airtel pack expires tomorrow. Recharge with Rs.1456 for 1GB/day + unlimited calls.,Promo,Promo_10
UPI payment of Rs.54458 to Utkarsh successful. UPI Ref: 111868013072. -HDFC Bank -TM,Bank,Bank_6
Your IRCTC code: 429787,OTP,OTP_8
421782 - use this to sign in. Never share this code with anyone.,OTP,Hard_7
Congratulations! You won Rs.521449 in lucky draw. Claim: bit.ly/zFxitg,Spam,Hard_12
Swiggy: Free delivery all weekend! Order your favourites now,Promo,Promo_13
Your account statement for June is available. Download from the PNB app.,Bank,Bank_16
your amazon order od3116610200 has been shipped via bluedart. track: bit.ly/uawwfe,Delivery,Delivery_0
Ekart: Shipment OD1276771725 reached your city hub. Expected delivery: 01 Jul. -TM,Delivery,Delivery_4
Rs.51982 credited to A/c XX6885 on 11-01-26. Avl Bal: Rs.127980. -SBI,Bank,Bank_1
  Items in your order history are back in stock at Myntra. Prices start Rs.1366.,Promo,Promo_23
Use 233887 to complete your GPay registration. Valid till 15 mins. T&C apply,OTP,OTP_4
Interest of INR 73680 credited to your FD A/c XX1720. -Kotak,Bank,Bank_9
YOUR OTP IS 124163. USE IT TO VERIFY YOUR SBI ACCOUNT. EXPIRES IN 15 MIN.,OTP,OTP_1
Interest  of Rs.39830 credited to your FD A/c XX3944. -HDFC Bank,Bank,Bank_9
IRCTC: Special trains added for festive season. Book early & save up to 70%.,Promo,Promo_17
"Never share ur OTP, PIN or CVV. Kotak never asks for these. Stay safe.",Bank,Hard_3
phonepe: 870634 is your login otp. it expires in 2 minutes.,OTP,OTP_6
"Bro send me Rs.3158 on gpay, will return by 01 Jul",Personal,Hard_5
convert your bob card purchase of rs.465 into easy emis at 0% interest. reply yes.,Promo,Promo_15
Your Hotstar plan renews on 02 Jul at Rs.1808. Upgrade to 4K for Rs.768/month. T&C apply,Promo,Promo_18
<#> 432324 is your Axis Bank code. Valid 2 min. hA8sk2Lqp3,OTP,OTP_13
"Hi Veer, unlock Rs.743 off your first order at Amazon with code NEW90.",Promo,Promo_7
Your Kotak debit card XX6419 has been blocked due to suspicious activity. Visit branch or call 1800-XXX to unblock.,Bank,Bank_11
rs.56619 debited from a/c xx5169 on 24-03-26 to pooja. avl bal: rs.458704. -icici bank,Bank,Bank_0
Tap to verify: 157029. This code expires shortly.,OTP,Hard_9
EMI of Rs.92725 due on 21-06-26 for loan A/c XX4516. Pay now to avoid charges. -SBI,Bank,Bank_4
Interest of Rs.4705 credited to your FD A/c XX5185. -BOB,Bank,Bank_9
Delivered! Your Meesho order OD4293529272 was delivered on 05 Jul. Rate your experience: bit.ly/HlyCnB,Delivery,Delivery_2
Gayathri from DTDC is arriving with your package. Contact: +918622186624 STOP to opt out,Delivery,Delivery_6
Auto-pay of Rs.44053 to Qasim is scheduled on 14-01-26 from A/c XX5907. Ensure sufficient balance.,Bank,Bank_13
Rs.40769 debited from A/c XX5425 on 29-03-26 to Darika. Avl Bal: Rs.325040. -BOB,Bank,Bank_0
YOU HAVE 4916 REWARD POINTS EXPIRING ON 02 JUL. REDEEM ON FLIPKART.,Promo,Promo_20
  Your Uber code: 6658,OTP,Hard_8
ALERT: Rs.71944 withdrawn from ATM using card XX9644 on 08-05-26. Bal: Rs.9331. -Axis Bank STOP to opt out,Bank,Bank_3
Auto-pay of Rs.75971 to Chaitaly is scheduled on 31-01-26 from A/c XX5487 Ensure sufficient balance,Bank,Bank_13
IRCTC: Special trains added for festive season. Book early & save up to 30%.,Promo,Promo_17
"Bro send me Rs.4468 on gpay, will return by 03 Jul",Personal,Hard_5
pre-approved! get a axis bank credit card with rs.418783 limit. zero joining fee. apply: bit.ly/farxsl,Promo,Promo_14
Delivered!  Your Meesho order OD5329085671 was delivered on 04 Jul. Rate your experience: bit.ly/exeabn,Delivery,Delivery_2
Your Paytm code: 567191,OTP,OTP_8
Your Prime Video plan renews on 05 Jul at INR 871. Upgrade to 4K for INR 516/month.,Promo,Promo_18
"Bro send me Rs.912 on gpay, will return by 02 Jul",Personal,Hard_5
Pay  Rs.287 on delivery for order OD770443424. -Ekart,Delivery,Hard_10
OTP for delivery of order OD1440853266 is 1600. Share only with the delivery agent. -Delhivery,Delivery,Delivery_9
Salary  of Rs.83780 credited to A/c XX6527. Avl Bal: Rs.137814. -Axis Bank,Bank,Bank_7
Your credit card XX5664 statement is ready. Total due: Rs.19539. Min due: Rs.814. -Axis Bank,Bank,Bank_5
408024 - use this to sign in. Never share this code with anyone.,OTP,Hard_7
"Your SBI health insurance renewal is due 02 Jul. Renew online, save 80% on premium. T&C apply",Promo,Promo_24
OTP for delivery of order OD7931113188 is 1659. Share only with the delivery agent. -Ekart,Delivery,Delivery_9
YOUR FLIPKART MEMBERSHIP EXPIRES SOON. RENEW NOW & SAVE 30%: BIT.LY/JMCDJM,Promo,Promo_9
Your A/c XX6024 is debited with Rs.11972 on 27-01-26. Info: UPI-Gaurika. Bal: Rs.237093,Bank,Bank_2
Congratulations! You won Rs.1521762 in lucky draw. Claim: bit.ly/dhCEPs -TM,Spam,Hard_12
520467 is ur verification code for Kotak. Never share ur OTP.,OTP,OTP_3
myntra: your cart misses you! complete purchase now & get 40% off. bit.ly/ttopvb,Promo,Promo_4
OTP for delivery of order OD6268564519 is 4557. Share only with the delivery agent. -Delhivery,Delivery,Delivery_9
"  Class shifted to room 2773, come fast",Personal,Hard_6
your axis bank code: 974158,OTP,OTP_8
  Your return pickup for order OD4167438934 is scheduled on 02 Jul. Keep the item ready. -Swiggy,Delivery,Delivery_7
Congratulations! You won Rs.1102593 in lucky draw. Claim: bit.ly/gUXLDn,Spam,Hard_12
  OTP-based login was enabled for your A/c XX4471. Call PNB if this wasn't you.,Bank,Hard_2
your account statement for june is available. download from the kotak app.,Bank,Bank_16
280045 - use this code to sign in to Swiggy. Never share it with anyone.,OTP,OTP_7
IRCTC: Special trains added for festive season. Book early & save up to 20%.,Promo,Promo_17
EMI of Rs.41219 due on 29-06-26 for loan A/c XX5043. Pay now to avoid charges. -SBI T&C apply,Bank,Bank_4
Coupon 7031 gives you free delivery on orders above Rs.2640. -Meesho,Promo,Hard_1
Your A/c XX5928 is debited with INR 26168 on 06-02-26. Info: UPI-Wishi. Bal: INR 11517,Bank,Bank_2
weekend special at bigbasket! min 30% off on everything. don't miss out: bit.ly/suvwpt,Promo,Promo_6
Data exhausted? Get 1.5GB extra with Rs.1984 booster pack. Dial *121# or visit app. STOP to opt out,Promo,Promo_11
Meesho: Your cart misses you! Complete purchase now & get 70% off bitly/RfVNQp,Promo,Promo_4
Your PNB debit card XX1463 has been blocked due to suspicious activity. Visit branch or call 1800-XXX to unblock.,Bank,Bank_11
  Netflix: 959111 is your login OTP. It expires in 2 minutes.,OTP,OTP_6
UPI payment of Rs.66825 to Vihaan successful. UPI Ref: 654951770576. -ICICI Bank,Bank,Bank_6
convert your axis bank card purchase of rs.873 into easy emis at 0% interest. reply yes.,Promo,Promo_15
<#> 606324 is your PNB code Valid 30 min hA8sk2Lqp3,OTP,OTP_13
423651 is your verification code for Netflix. Never share your OTP.,OTP,OTP_3
Rs.10563 credited to A/c XX2212 on 25-02-26 Avl Bal: Rs.374917 -PNB,Bank,Bank_1
Low balance alert: A/c XX5498 balance is Rs.163538. Maintain min balance to avoid charges.,Bank,Bank_10
"  Bro send me Rs.1750 on gpay, will return by 04 Jul",Personal,Hard_5
KYC UPDATE PENDING FOR A/C XX3544. PLEASE VISIT YOUR NEAREST AXIS BANK BRANCH BY 13-04-26 TO AVOID RESTRICTIONS.,Bank,Bank_12
Your  ICICI Bank debit card XX4289 has been blocked due to suspicious activity. Visit branch or call 1800-XXX to unblock.,Bank,Bank_11
  Recharge with Rs.311 & get 10% extra talktime. Offer valid today only!,Promo,Promo_5
119117 IS YOUR OTP FOR SBI LOGIN. VALID FOR 10 MINUTES. DO NOT SHARE WITH ANYONE.,OTP,OTP_0
Your Vi pack expires tomorrow. Recharge with Rs.1616 for 3GB/day + unlimited calls. T&C apply,Promo,Promo_10
574905 is your OTP for Flipkart login. Valid for 15 minutes. Do not share with anyone.,OTP,OTP_0
412547 is your Myntra security code. Anyone asking for it is a scammer.,OTP,OTP_9
Interest of Rs.94515 credited to your FD A/c XX1285. -Axis Bank,Bank,Bank_9
Work  from home! Earn Rs.516921/month. Join: bit.ly/WuiZcJ,Spam,Hard_14
MEGA  SALE! Get 50% OFF on all products at Flipkart. Shop now: bit.ly/wwlRUZ T&C apply.,Promo,Promo_0
UPI payment of Rs.82008 to Reva successful UPI Ref: 897810212425 -PNB,Bank,Bank_6
Zomato: Your cart misses you! Complete purchase now & get 40% off. bit.ly/XDeKSu,Promo,Promo_4
Out for delivery: Your Amazon package OD4056582775 will arrive today by 3 PM. -Delhivery,Delivery,Delivery_1
Confirmation code 541070 for BOB. Keep it private.,OTP,OTP_11
Salary of Rs.61412 credited to A/c XX3513. Avl Bal: Rs.142874. -HDFC Bank,Bank,Bank_7
Your Netflix plan renews on 06 Jul at Rs.801. Upgrade to 4K for Rs.437/month. T&C apply,Promo,Promo_18
Coupon 9869 gives you free delivery on orders above INR 3725. -Flipkart,Promo,Hard_1
Last day! Myntra clearance sale ends tonight Up to 30% off sitewide,Promo,Promo_8
Data exhausted? Get 2GB extra with Rs.1137 booster pack. Dial *121# or visit app.,Promo,Promo_11
Rs.60047  debited from A/c XX8034 on 11-05-26 to Vasatika. Avl Bal: Rs.466904. -Kotak,Bank,Bank_0
Your Netflix plan renews on 04 Jul at INR 1900. Upgrade to 4K for INR 526/month.,Promo,Promo_18
Recharge with Rs.1609 & get 80% extra talktime. Offer valid today only!,Promo,Promo_5
Pre-approved!  Get a Kotak credit card with Rs.442829 limit. Zero joining fee. Apply: bit.ly/BsjZIb,Promo,Promo_14
OTP: 579764 for txn of Rs.13370 at Zomato. Do not share. -BOB,OTP,OTP_2
YOUR ACCOUNT STATEMENT FOR JULY IS AVAILABLE. DOWNLOAD FROM THE AXIS BANK APP.,Bank,Bank_16
Ola:  239418 is your login OTP. It expires in 30 minutes.,OTP,OTP_6
Your  HDFC Bank debit card XX3859 has been blocked due to suspicious activity. Visit branch or call 1800-XXX to unblock.,Bank,Bank_11
YOUR OTP IS 197433. USE IT TO VERIFY YOUR PAYTM ACCOUNT. EXPIRES IN 10 MIN.,OTP,OTP_1
Tap to verify: 683641. This code expires shortly.,OTP,Hard_9
YOUR OTP IS 533900. USE IT TO VERIFY YOUR SWIGGY ACCOUNT. EXPIRES IN 5 MIN.,OTP,OTP_1
flight fares dropped! blr-lko from rs.1910. book on goibibo before midnight.,Promo,Promo_16
Auto-pay of Rs.57844 to Eesha is scheduled on 30-01-26 from A/c XX9564. Ensure sufficient balance.,Bank,Bank_13
Enter 847898 to verify your mobile number for Swiggy,OTP,OTP_10
559462 is your Meesho security code Anyone asking for it is a scammer,OTP,OTP_9
Low balance alert: A/c XX7896 balance is Rs.459582 Maintain min balance to avoid charges,Bank,Bank_10
WORK FROM HOME! EARN RS.2486498/MONTH. JOIN: BIT.LY/KPPQBU,Spam,Hard_14
Data exhausted? Get 2GB extra with Rs.1473 booster pack. Dial *121# or visit app.,Promo,Promo_11
Your Uber code: 6146,OTP,Hard_8
  UPI payment of Rs.39517 to Suhani successful. UPI Ref: 955669699220. -ICICI Bank,Bank,Bank_6
Your SIM will be deactivated in 24hrs. Verify Aadhaar: bit.ly/GYHROO,Spam,Hard_13
Low balance alert: A/c XX7778 balance is Rs.280058. Maintain min balance to avoid charges.,Bank,Bank_10
out for delivery: your meesho package od3601692569 will arrive today by 12 pm. -ekart,Delivery,Delivery_1
  XpressBees: Shipment OD9802627377 reached your city hub. Expected delivery: 03 Jul.,Delivery,Delivery_4
Your ICICI Bank code: 485009,OTP,OTP_8
auto-pay of rs.26114 to george is scheduled on 07-01-26 from a/c xx5743. ensure sufficient balance.,Bank,Bank_13
Recharge with Rs.1395 & get 20% extra talktime. Offer valid today only! T&C apply,Promo,Promo_5
Items in your order history are back in stock at Meesho. Prices start Rs.1592.,Promo,Promo_23
"Your  SBI health insurance renewal is due 01 Jul. Renew online, save 70% on premium.",Promo,Promo_24
OTP for delivery of order OD9952560140 is 1421. Share only with the delivery agent. -XpressBees,Delivery,Delivery_9
Cheque no. 570085692208 for Rs.62411 has been cleared from A/c XX2218. -Kotak,Bank,Bank_8
Your account statement for July is available. Download from the Kotak app.,Bank,Bank_16
Delivery attempt failed for order OD1665156967. We will retry tomorrow. -XpressBees,Delivery,Delivery_5
Dayita from DTDC is arriving with your package. Contact: +914803587517,Delivery,Delivery_6
"never share your otp, pin or cvv. icici bank never asks for these. stay safe.",Bank,Hard_3
your account statement for august is available. download from the kotak app.,Bank,Bank_16
  Enter 861263 to verify your mobile number for Hotstar.,OTP,OTP_10
UPI  payment of Rs.49110 to Harish successful. UPI Ref: 930525668888. -ICICI Bank,Bank,Bank_6
  You have 3680 reward points expiring on 06 Jul. Redeem on Meesho.,Promo,Promo_20
Delivered! Ur Flipkart order OD7268533762 was delivered on 01 Jul. Rate ur experience: bit.ly/Wplbna,Delivery,Delivery_2
Rs.9593  credited to A/c XX2656 on 24-01-26. Avl Bal: Rs.375702. -Axis Bank,Bank,Bank_1
911013 is your verification code for Flipkart. Never share your OTP.,OTP,OTP_3
Swiggy: Your cart misses you! Complete purchase now & get 10% off. bit.ly/RqGkVQ,Promo,Promo_4
Ur SIM will be deactivated in 24hrs. Verify Aadhaar: bit.ly/zJdZZf,Spam,Hard_13
Your Uber code: 9267,OTP,Hard_8
Your one time password is 732953 for HDFC Bank. Please do not share it.,OTP,OTP_5
<#> 541313 is your icici bank code. valid 5 min. ha8sk2lqp3,OTP,OTP_13
Zomato Big Billion Days! Up to 80% off + extra 10% with Axis Bank cards. Hurry!,Promo,Promo_1
your order od1825654368 from swiggy is arriving tomorrow. keep rs.1406 ready for cod.,Delivery,Delivery_3
Confirmation  code 29770 for Amazon. Keep it private.,OTP,OTP_11
935106  is your OTP for Uber login. Valid for 2 minutes. Do not share with anyone.,OTP,OTP_0
Low balance alert: A/c XX6363 balance is Rs.15604. Maintain min balance to avoid charges.,Bank,Bank_10
Auto-pay of Rs.7045 to Bhavna is scheduled on 04-06-26 from A/c XX2104 Ensure sufficient balance,Bank,Bank_13
"Never share ur OTP, PIN or CVV. PNB never asks for these. Stay safe.",Bank,Hard_3
UPI  payment of Rs.42773 to Kiaan successful. UPI Ref: 803134322981. -Axis Bank,Bank,Bank_6
Order OD6151067902 packed and ready! Expected dispatch by 06 Jul -Swiggy,Delivery,Delivery_8
Your PNB debit card XX5471 has been blocked due to suspicious activity. Visit branch or call 1800-XXX to unblock.,Bank,Bank_11
Rs.1560  cashback credited to your Paytm wallet. Use on your next order.,Promo,Promo_21
Rs.36703 credited to A/c XX1965 on 22-03-26. Avl Bal: Rs.422902. -HDFC Bank,Bank,Bank_1
<#> 575664 is your PNB code. Valid 30 min. hA8sk2Lqp3,OTP,OTP_13
exclusive for you! buy 1 get 1 free at flipkart. limited period offer. visit bit.ly/hckfzi,Promo,Promo_3
Interest of Rs.68552 credited to your FD A/c XX1202. -PNB,Bank,Bank_9
Auto-pay of Rs.35474 to Yashasvi is scheduled on 01-04-26 from A/c XX2662. Ensure sufficient balance.,Bank,Bank_13
EMI OF RS.73197 DUE ON 11-04-26 FOR LOAN A/C XX7513. PAY NOW TO AVOID CHARGES. -HDFC BANK,Bank,Bank_4
"Never share your OTP, PIN or CVV. PNB never asks for these. Stay safe.",Bank,Hard_3
Your return pickup for order OD1997889909 is scheduled on 01 Jul. Keep the item ready. -Flipkart,Delivery,Delivery_7
Last day! Myntra clearance sale ends tonight. Up to 40% off sitewide.,Promo,Promo_8
Pay INR 663 on delivery for order OD732472573. -DTDC,Delivery,Hard_10
342479 IS YOUR OTP FOR FLIPKART LOGIN. VALID FOR 30 MINUTES. DO NOT SHARE WITH ANYONE.,OTP,OTP_0
MEGA SALE! Get 30% OFF on all products at BigBasket. Shop now: bit.ly/vyoNHH T&C apply.,Promo,Promo_0
Tap  to verify: 277787. This code expires shortly.,OTP,Hard_9
Low balance alert: A/c XX1250 balance is INR 162438. Maintain min balance to avoid charges.,Bank,Bank_10
FLAT RS.1352 CASHBACK ON YOUR NEXT ORDER AT ZOMATO. USE CODE SAVE21. VALID TILL 05 JUL.,Promo,Promo_2
Your credit card XX1880 statement is ready. Total due: Rs.34607. Min due: Rs.1796. -Kotak,Bank,Bank_5
XpressBees: Shipment OD8909521465 reached ur city hub. Expected delivery: 03 Jul.,Delivery,Delivery_4
201897 - use this to sign in Never share this code with anyone,OTP,Hard_7
OTP for delivery of order OD7544074130 is 3832. Share only with the delivery agent. -BlueDart,Delivery,Delivery_9
Your SIM will be deactivated in 24hrs. Verify Aadhaar: bit.ly/kHhnNs,Spam,Hard_13
interest of rs.74344 credited to your fd a/c xx8223. -sbi,Bank,Bank_9
"Hi Ekalinga, unlock Rs.292 off your first order at Amazon with code NEW42.",Promo,Promo_7
YOUR AMAZON MEMBERSHIP EXPIRES SOON. RENEW NOW & SAVE 10%: BIT.LY/USNYUI,Promo,Promo_9
Out for delivery: Your Amazon package OD5925015361 will arrive today by 12 PM -XpressBees,Delivery,Delivery_1
Use  74688 to complete your Amazon registration. Valid till 15 mins.,OTP,OTP_4
Beware of fraud calls asking for card details. Kotak officials never ask for PIN or CVV.,Bank,Bank_15
"YOUR ICICI BANK HEALTH INSURANCE RENEWAL IS DUE 05 JUL. RENEW ONLINE, SAVE 80% ON PREMIUM.",Promo,Promo_24
delhivery: shipment od4162633590 reached your city hub. expected delivery: 01 jul.,Delivery,Delivery_4
Your order OD5655475817 from Zomato is arriving tomorrow. Keep INR 2611 ready for COD.,Delivery,Delivery_3
Interest of Rs.66311 credited to ur FD A/c XX8762. -PNB,Bank,Bank_9
you have 3606 reward points expiring on 01 jul. redeem on myntra.,Promo,Promo_20
  Use 521394 to complete your Myntra registration. Valid till 30 mins.,OTP,OTP_4
  Your credit card XX9541 statement is ready. Total due: Rs.73883. Min due: Rs.2700. -SBI,Bank,Bank_5
Your one time password is 734706 for Paytm. Please do not share it.,OTP,OTP_5
  Your Uber code: 8355,OTP,Hard_8
Your order OD7192203612 from Flipkart is arriving tomorrow. Keep Rs.4801 ready for COD.,Delivery,Delivery_3
congratulations! you won rs.1305477 in lucky draw. claim: bit.ly/ikctvj,Spam,Hard_12
order od6759440532 packed and ready! expected dispatch by 03 jul. -flipkart,Delivery,Delivery_8
Zomato: Free delivery all weekend! Order ur favourites now.,Promo,Promo_13
Your  order OD4315153055 from Myntra is arriving tomorrow. Keep Rs.1149 ready for COD.,Delivery,Delivery_3
Rs.187  cashback credited to your PhonePe wallet. Use on your next order.,Promo,Promo_21
Convert your SBI card purchase of Rs.834 into easy EMIs at 0% interest. Reply YES. -TM,Promo,Promo_15
Low balance alert: A/c XX8394 balance is INR 74854. Maintain min balance to avoid charges.,Bank,Bank_10
Rs.68794 debited from A/c XX6274 on 25-05-26 to Hamsini. Avl Bal: Rs.305557. -Kotak,Bank,Bank_0
112642 is your verification code for Hotstar. Never share your OTP.,OTP,OTP_3
Delivery attempt failed for order OD6527151328. We will retry tomorrow. -Delhivery,Delivery,Delivery_5
Your Amazon membership expires soon Renew now & save 70%: bitly/jugNTV,Promo,Promo_9
Hungry? Get 70% off up to INR 804 on your next 3 orders. Code: EAT97. -Zomato,Promo,Promo_12
Your  A/c XX8527 is debited with Rs.49285 on 18-02-26. Info: UPI-Aarav. Bal: Rs.182951,Bank,Bank_2
Ola: 193312 is your login OTP. It expires in 2 minutes.,OTP,OTP_6
Cheque no. 632080930607 for Rs.27854 has been cleared from A/c XX3445. -PNB,Bank,Bank_8
<#> 165676 is ur PhonePe code. Valid 30 min. hA8sk2Lqp3,OTP,OTP_13
Delivery  attempt failed for order OD1562509706. We will retry tomorrow. -BlueDart,Delivery,Delivery_5
Ekart: Shipment OD9004714474 reached your city hub Expected delivery: 04 Jul,Delivery,Delivery_4
Order OD1053458537 packed and ready! Expected dispatch by 01 Jul. -BigBasket,Delivery,Delivery_8
  Your Vi pack expires tomorrow. Recharge with Rs.1224 for 1GB/day + unlimited calls.,Promo,Promo_10
Tap to verify: 836449. This code expires shortly.,OTP,Hard_9
  Loved your recent Amazon order? Reorder in 1 tap and get 10% off today.,Promo,Promo_22
Your order OD5948624075 from Myntra is arriving tomorrow. Keep INR 1718 ready for COD.,Delivery,Delivery_3
Recharge with INR 556 & get 40% extra talktime. Offer valid today only!,Promo,Promo_5
Tap to verify: 495930. This code expires shortly.,OTP,Hard_9
Auto-pay of Rs.58577 to Dhruv is scheduled on 02-05-26 from A/c XX1998. Ensure sufficient balance.,Bank,Bank_13
Order OD2705882393 packed and ready! Expected dispatch by 02 Jul. -BigBasket -TM,Delivery,Delivery_8
  Your credit card XX4546 statement is ready. Total due: Rs.7808. Min due: Rs.3383. -HDFC Bank,Bank,Bank_5
Your account statement for June is available. Download from the Kotak app.,Bank,Bank_16
Interest  of Rs.46063 credited to your FD A/c XX7837. -Axis Bank,Bank,Bank_9
Flipkart: 292883 is ur login OTP. It expires in 15 minutes.,OTP,OTP_6
SALARY OF RS.93700 CREDITED TO A/C XX9852. AVL BAL: RS.41882. -HDFC BANK,Bank,Bank_7
Salary of Rs.45364 credited to A/c XX4905. Avl Bal: Rs.84062. -ICICI Bank,Bank,Bank_7
Beware of fraud calls asking for card details. HDFC Bank officials never ask for PIN or CVV. -TM,Bank,Bank_15
Your return pickup for order OD2858700646 is scheduled on 02 Jul. Keep the item ready. -BigBasket,Delivery,Delivery_7
EMI OF RS.29242 DUE ON 17-05-26 FOR LOAN A/C XX5586. PAY NOW TO AVOID CHARGES. -KOTAK,Bank,Bank_4
EMI of Rs.10599 due on 30-01-26 for loan A/c XX8072 Pay now to avoid charges -Kotak,Bank,Bank_4
your meesho order od2923815200 has been shipped via bluedart. track: bit.ly/edmcco,Delivery,Delivery_0
Exclusive for you! Buy 1 Get 1 FREE at BigBasket. Limited period offer. Visit bit.ly/dGKNyR,Promo,Promo_3
Your FD of Rs.97607 matures on 01-06-26. Renew or withdraw via netbanking. -PNB T&C apply,Bank,Bank_14
Your order OD2634956502 from Zomato is arriving tomorrow. Keep Rs.2278 ready for COD.,Delivery,Delivery_3
  Missed our shows? Come back to Hotstar at 50% off for 3 months. Resubscribe: bit.ly/ZeIAKJ,Promo,Promo_19
OTP-based login was enabled for your A/c XX4656. Call Kotak if this wasn't you.,Bank,Hard_2
congratulations! you won rs.2114544 in lucky draw. claim: bit.ly/bacjsa,Spam,Hard_12
"Class shifted to room 8595, come fast",Personal,Hard_6
MEGA SALE! Get 10% OFF on all products at Flipkart. Shop now: bit.ly/cXyPCE T&C apply.,Promo,Promo_0
Recharge with Rs.1729 & get 80% extra talktime. Offer valid today only!,Promo,Promo_5
Items in your order history are back in stock at Myntra. Prices start Rs.1898. T&C apply,Promo,Promo_23
MEGA SALE! Get 70% OFF on all products at Amazon. Shop now: bit.ly/rfAcOs T&C apply.,Promo,Promo_0
Amazon: 456715 is your login OTP. It expires in 15 minutes.,OTP,OTP_6
Myntra: Ur cart misses you! Complete purchase now & get 80% off. bit.ly/QFhpol,Promo,Promo_4
Delivered!  Your Myntra order OD9821558305 was delivered on 04 Jul. Rate your experience: bit.ly/PkEQaN,Delivery,Delivery_2
Delivered! Your BigBasket order OD3696395858 was delivered on 02 Jul. Rate your experience: bit.ly/LXJBqG,Delivery,Delivery_2
Exclusive for you! Buy 1 Get 1 FREE at Zomato. Limited period offer. Visit bit.ly/jHqPBm,Promo,Promo_3
Confirmation code 995640 for Netflix. Keep it private.,OTP,OTP_11
  Your Amazon membership expires soon. Renew now & save 50%: bit.ly/YbRpSp,Promo,Promo_9
Rs.12349 credited to A/c XX6450 on 27-02-26. Avl Bal: Rs.279809. -PNB,Bank,Bank_1
<#> 445273 is ur BOB code. Valid 10 min. hA8sk2Lqp3,OTP,OTP_13
Items  in your order history are back in stock at Meesho. Prices start Rs.795.,Promo,Promo_23
work from home! earn rs.554820/month. join: bit.ly/fiiusu,Spam,Hard_14
PRE-APPROVED! GET A AXIS BANK CREDIT CARD WITH RS.364707 LIMIT. ZERO JOINING FEE. APPLY: BIT.LY/BWCWDW,Promo,Promo_14
mega sale! get 70% off on all products at myntra. shop now: bit.ly/egtgjk t&c apply.,Promo,Promo_0
Your A/c XX2978 is debited with Rs.43890 on 09-01-26. Info: UPI-Tarak. Bal: Rs.494241,Bank,Bank_2
Rs.187  cashback credited to your Amazon Pay wallet. Use on your next order.,Promo,Promo_21
Pre-approved! Get a Kotak credit card with Rs.407767 limit. Zero joining fee. Apply: bit.ly/lACUiT,Promo,Promo_14
Delhivery: Shipment OD3658785368 reached your city hub. Expected delivery: 04 Jul.,Delivery,Delivery_4
EMI  of Rs.55318 due on 24-01-26 for loan A/c XX9830. Pay now to avoid charges. -BOB,Bank,Bank_4
HDFC Bank: 416995 is ur login OTP. It expires in 15 minutes.,OTP,OTP_6
bob: 472289 is your login otp. it expires in 10 minutes.,OTP,OTP_6
YOUR ONE TIME PASSWORD IS 647584 FOR PHONEPE. PLEASE DO NOT SHARE IT.,OTP,OTP_5
Confirmation code 804511 for HDFC Bank. Keep it private.,OTP,OTP_11
EMI of Rs.54553 due on 10-03-26 for loan A/c XX6916. Pay now to avoid charges. -BOB,Bank,Bank_4
Your BOB debit card XX2746 has been blocked due to suspicious activity. Visit branch or call 1800-XXX to unblock.,Bank,Bank_11
Your A/c XX1584 is debited with INR 13188 on 21-04-26. Info: UPI-Kamya. Bal: INR 285017,Bank,Bank_2
DELHIVERY: SHIPMENT OD4376652535 REACHED YOUR CITY HUB. EXPECTED DELIVERY: 01 JUL.,Delivery,Delivery_4
Missed our shows? Come back to SonyLIV at 50% off for 3 months. Resubscribe: bit.ly/IAMnve,Promo,Promo_19
Salary of Rs.85404 credited to A/c XX4983. Avl Bal: Rs.78217. -HDFC Bank,Bank,Bank_7
OTP-based login was enabled for your A/c XX5273. Call Kotak if this wasn't you.,Bank,Hard_2
Coupon  5514 gives you free delivery on orders above Rs.478. -Zomato,Promo,Hard_1
YOUR KOTAK CODE: 97702,OTP,OTP_8
ALERT: Rs.39242 withdrawn from ATM using card XX9726 on 26-06-26. Bal: Rs.348126. -Axis Bank,Bank,Bank_3
Netflix: 254914 is your login OTP. It expires in 5 minutes. T&C apply,OTP,OTP_6
IRCTC: Special trains added for festive season. Book early & save up to 60%.,Promo,Promo_17
"hey, my new number is 03477052179. save it! meet at 8?",Personal,Hard_4
G-168159 is your Google verification code.,OTP,OTP_12
588144 is your OTP for SBI login. Valid for 30 minutes. Do not share with anyone.,OTP,OTP_0
<#> 220088 is your Ola code. Valid 2 min. hA8sk2Lqp3,OTP,OTP_13
Interest of Rs.14565 credited to your FD A/c XX9167. -Axis Bank,Bank,Bank_9
Your credit card XX3971 statement is ready. Total due: Rs.45103. Min due: Rs.4292. -HDFC Bank -TM,Bank,Bank_5
Exclusive for you! Buy 1 Get 1 FREE at Amazon. Limited period offer. Visit bit.ly/cgeugM,Promo,Promo_3
Rs.88752 debited from A/c XX2944 on 16-01-26 to Triveni Avl Bal: Rs.353441 -HDFC Bank,Bank,Bank_0
Loved ur recent Myntra order? Reorder in 1 tap and get 20% off today.,Promo,Promo_22
G-788242 IS YOUR GOOGLE VERIFICATION CODE.,OTP,OTP_12
IRCTC: Special trains added for festive season. Book early & save up to 50%.,Promo,Promo_17
BOB: 61828 is your login OTP. It expires in 15 minutes.,OTP,OTP_6
Coupon 2993 gives you free delivery on orders above Rs.2065. -BigBasket,Promo,Hard_1
Missed our shows? Come back to Netflix at 50% off for 3 months. Resubscribe: bit.ly/WQlvOR T&C apply,Promo,Promo_19
  Exclusive for you! Buy 1 Get 1 FREE at BigBasket. Limited period offer. Visit bit.ly/OiJVbe,Promo,Promo_3
53839 is your verification code for SBI Never share your OTP,OTP,OTP_3
OTP-based login was enabled for your A/c XX6770. Call ICICI Bank if this wasn't you.,Bank,Hard_2
Cheque no. 828384604872 for Rs.73288 has been cleared from A/c XX1003. -Axis Bank,Bank,Bank_8
Last day! Zomato clearance sale ends tonight. Up to 60% off sitewide.,Promo,Promo_8
cheque no. 572628188286 for rs.44520 has been cleared from a/c xx6832. -bob,Bank,Bank_8
Salary of INR 97167 credited to A/c XX6777. Avl Bal: INR 435795. -ICICI Bank,Bank,Bank_7
PAY RS.1817 ON DELIVERY FOR ORDER OD755342691. -XPRESSBEES,Delivery,Hard_10
OTP for delivery of order OD7355843523 is 3430. Share only with the delivery agent. -XpressBees,Delivery,Delivery_9
Your order OD6295291726 from Swiggy is arriving tomorrow. Keep Rs.4502 ready for COD.,Delivery,Delivery_3
Your Flipkart membership expires soon. Renew now & save 20%: bit.ly/dMFQKw,Promo,Promo_9
You have 3358 reward points expiring on 06 Jul. Redeem on Swiggy.,Promo,Promo_20
Use code 2036 at checkout for 50% off at Amazon!,Promo,Hard_0
Your credit card XX6259 statement is ready. Total due: Rs.22223. Min due: Rs.2082. -Kotak,Bank,Bank_5
Ur one time password is 134456 for Axis Bank. Please do not share it.,OTP,OTP_5
Pre-approved! Get a SBI credit card with Rs.409420 limit. Zero joining fee. Apply: bit.ly/Gdadso,Promo,Promo_14
Loved ur recent Swiggy order? Reorder in 1 tap and get 40% off today.,Promo,Promo_22
Swiggy: Free delivery all weekend! Order your favourites now.,Promo,Promo_13
Your A/c XX5694 is debited with Rs.78454 on 08-05-26. Info: UPI-Hiral. Bal: Rs.472679,Bank,Bank_2
  Your return pickup for order OD9387271919 is scheduled on 04 Jul. Keep the item ready. -BigBasket,Delivery,Delivery_7
Pay INR 4413 on delivery for order OD479245025. -Ekart,Delivery,Hard_10
Your one time password is 60927 for Flipkart. Please do not share it. -TM,OTP,OTP_5
Tap to verify: 116214. This code expires shortly.,OTP,Hard_9
Rs.49148 debited from A/c XX6885 on 03-06-26 to Laban. Avl Bal: Rs.294581. -HDFC Bank,Bank,Bank_0
Last day! Myntra clearance sale ends tonight. Up to 30% off sitewide.,Promo,Promo_8
Your Flipkart membership expires soon. Renew now & save 50%: bit.ly/YLeUKy,Promo,Promo_9
Recharge with Rs.271 & get 40% extra talktime. Offer valid today only!,Promo,Promo_5
cheque no. 573267220020 for rs.14074 has been cleared from a/c xx5270. -sbi,Bank,Bank_8
972887  - use this to sign in. Never share this code with anyone.,OTP,Hard_7
Low  balance alert: A/c XX5946 balance is Rs.467645. Maintain min balance to avoid charges.,Bank,Bank_10
134490 is your otp for icici bank login. valid for 2 minutes. do not share with anyone.,OTP,OTP_0
Last day! Meesho clearance sale ends tonight. Up to 50% off sitewide.,Promo,Promo_8
Zomato: Free delivery all weekend! Order your favourites now.,Promo,Promo_13
Sai  from Delhivery is arriving with your package. Contact: +912546353100,Delivery,Delivery_6
Confirmation code 851673 for Ola. Keep it private.,OTP,OTP_11
Hungry? Get 20% off up to Rs.1397 on your next 3 orders. Code: EAT45. -Zomato,Promo,Promo_12
Your OTP is 775046. Use it to verify your PhonePe account. Expires in 2 min.,OTP,OTP_1
Last day! Meesho clearance sale ends tonight. Up to 30% off sitewide.,Promo,Promo_8
"Hi Vanya, unlock Rs.322 off your first order at Flipkart with code NEW44.",Promo,Promo_7
g-755383 is your google verification code.,OTP,OTP_12
MEGA SALE! Get 10% OFF on all products at BigBasket. Shop now: bit.ly/HJHqcE T&C apply.,Promo,Promo_0
Interest of Rs.61091 credited to your FD A/c XX5887. -HDFC Bank,Bank,Bank_9
interest of rs.74029 credited to your fd a/c xx1996. -bob,Bank,Bank_9
Your Uber code: 4161,OTP,Hard_8
Out for delivery: Your Amazon package OD7759969470 will arrive today by 3 PM -DTDC,Delivery,Delivery_1
out for delivery: your flipkart package od6784569740 will arrive today by 12 pm. -xpressbees,Delivery,Delivery_1
MEGA SALE! Get 60% OFF on all products at Flipkart. Shop now: bit.ly/OXDTNj T&C apply.,Promo,Promo_0
Your Uber code: 1351,OTP,Hard_8
WORK FROM HOME! EARN RS.1619845/MONTH. JOIN: BIT.LY/DNLWEF,Spam,Hard_14
Your Ola code: 972111,OTP,OTP_8
DELIVERY ATTEMPT FAILED FOR ORDER OD4077193767. WE WILL RETRY TOMORROW. -DELHIVERY,Delivery,Delivery_5
Cheque  no. 561924188948 for Rs.34084 has been cleared from A/c XX7229. -HDFC Bank,Bank,Bank_8
Salary  of Rs.7885 credited to A/c XX9890. Avl Bal: Rs.202149. -Kotak,Bank,Bank_7
"Hi Upasna, unlock Rs.1817 off your first order at Amazon with code NEW78",Promo,Promo_7
Amazon: Your cart misses you! Complete purchase now & get 20% off. bit.ly/NEzNxd T&C apply,Promo,Promo_4
EMI  of Rs.18659 due on 25-04-26 for loan A/c XX6672. Pay now to avoid charges. -PNB,Bank,Bank_4
"Bro send me Rs.2997 on gpay, will return by 01 Jul",Personal,Hard_5
461583 is your pnb security code. anyone asking for it is a scammer.,OTP,OTP_9
Your PNB code: 257139,OTP,OTP_8
DEAR CUSTOMER UR AXIS BANK ACCOUNT WILL BE BLOCKED! UPDATE KYC NOW: BIT.LY/TUCBII,Spam,Hard_11
349489 is your verification code for amazon. never share your otp.,OTP,OTP_3
"Never  share your OTP, PIN or CVV. PNB never asks for these. Stay safe.",Bank,Hard_3
UPI payment of Rs.29800 to Praneel successful. UPI Ref: 725141394666. -Axis Bank,Bank,Bank_6
Delivery attempt failed for order OD3659481850. We will retry tomorrow. -XpressBees,Delivery,Delivery_5
Your Zomato order OD9860951003 has been shipped via DTDC. Track: bit.ly/LZJjSg,Delivery,Delivery_0
Items in your order history are back in stock at Flipkart. Prices start Rs.1140.,Promo,Promo_23
445187 - use this to sign in. never share this code with anyone.,OTP,Hard_7
Weekend special at Amazon! Min 60% off on everything. Don't miss out: bit.ly/iCTsLn,Promo,Promo_6
758427 - use this to sign in Never share this code with anyone,OTP,Hard_7
616111 is your verification code for PhonePe. Never share your OTP. STOP to opt out,OTP,OTP_3
957952  - use this to sign in. Never share this code with anyone.,OTP,Hard_7
20474 is ur OTP for SBI login. Valid for 30 minutes. Do not share with anyone.,OTP,OTP_0
Confirmation code 134007 for Uber. Keep it private.,OTP,OTP_11
  Rs.22160 debited from A/c XX3473 on 16-03-26 to Reva. Avl Bal: Rs.150624. -ICICI Bank,Bank,Bank_0
158820 - use this code to sign in to Uber. Never share it with anyone.,OTP,OTP_7
Your A/c XX8347 is debited with Rs.10459 on 28-02-26 Info: UPI-Urvi Bal: Rs.89067,Bank,Bank_2
52899 is your OTP for HDFC Bank login. Valid for 30 minutes. Do not share with anyone.,OTP,OTP_0
Tap to verify: 179963. This code expires shortly.,OTP,Hard_9
"  Never share your OTP, PIN or CVV. BOB never asks for these. Stay safe.",Bank,Hard_3
<#> 74183 is your Swiggy code. Valid 30 min. hA8sk2Lqp3 -TM,OTP,OTP_13
XpressBees: Shipment OD7998316911 reached your city hub. Expected delivery: 01 Jul.,Delivery,Delivery_4
  Your FD of Rs.24749 matures on 08-05-26. Renew or withdraw via netbanking. -ICICI Bank,Bank,Bank_14
Loved  your recent Flipkart order? Reorder in 1 tap and get 80% off today.,Promo,Promo_22
Your  Netflix plan renews on 04 Jul at Rs.1231. Upgrade to 4K for Rs.213/month.,Promo,Promo_18
ALERT: Rs.67117 withdrawn from ATM using card XX7345 on 28-04-26. Bal: Rs.194125. -BOB,Bank,Bank_3
Low balance alert: A/c XX6884 balance is Rs.297126. Maintain min balance to avoid charges. T&C apply,Bank,Bank_10
BlueDart: Shipment OD3783483571 reached your city hub. Expected delivery: 03 Jul. -TM,Delivery,Delivery_4
Beware of fraud calls asking for card details. ICICI Bank officials never ask for PIN or CVV.,Bank,Bank_15
  Beware of fraud calls asking for card details. Axis Bank officials never ask for PIN or CVV.,Bank,Bank_15
"Your BOB health insurance renewal is due 06 Jul. Renew online, save 50% on premium.",Promo,Promo_24
Missed our shows? Come back to SonyLIV at 50% off for 3 months. Resubscribe: bit.ly/mDzewG,Promo,Promo_19
Flight  fares dropped! DEL-PNQ from Rs.1361. Book on ixigo before midnight.,Promo,Promo_16
recharge with rs.1528 & get 80% extra talktime. offer valid today only!,Promo,Promo_5
Congratulations! You won Rs.1593156 in lucky draw. Claim: bit.ly/rrcorM,Spam,Hard_12
KYC update pending for A/c XX8240 Please visit your nearest ICICI Bank branch by 02-04-26 to avoid restrictions,Bank,Bank_12
Your Amazon membership expires soon. Renew now & save 50%: bit.ly/YfBhMs,Promo,Promo_9
Recharge with Rs.526 & get 40% extra talktime. Offer valid today only!,Promo,Promo_5
OTP: 629898 for txn of Rs.10636 at Swiggy Do not share -Axis Bank,OTP,OTP_2
Your one time password is 369302 for PhonePe. Please do not share it.,OTP,OTP_5
Interest of Rs.75416 credited to your FD A/c XX3982. -ICICI Bank -TM,Bank,Bank_9
Your account statement for June is available. Download from the ICICI Bank app.,Bank,Bank_16
"bro send me rs.1044 on gpay, will return by 06 jul",Personal,Hard_5
Coupon 1336 gives you free delivery on orders above Rs.959. -Amazon,Promo,Hard_1
162001 is your OTP for Hotstar login. Valid for 30 minutes. Do not share with anyone.,OTP,OTP_0
"Hi Baljiwan, unlock Rs.827 off your first order at Swiggy with code NEW57.",Promo,Promo_7
  Your ICICI Bank debit card XX2098 has been blocked due to suspicious activity. Visit branch or call 1800-XXX to unblock.,Bank,Bank_11
OTP for delivery of order OD5797360695 is 6979. Share only with the delivery agent. -Ekart,Delivery,Delivery_9
YOUR OTP IS 376769. USE IT TO VERIFY YOUR KOTAK ACCOUNT. EXPIRES IN 30 MIN.,OTP,OTP_1
  Your Zomato membership expires soon. Renew now & save 30%: bit.ly/GayXsQ,Promo,Promo_9
Work from home! Earn Rs.1612639/month. Join: bit.ly/GXpGNu,Spam,Hard_14
YOUR CREDIT CARD XX7495 STATEMENT IS READY. TOTAL DUE: RS.69238. MIN DUE: RS.3123. -HDFC BANK,Bank,Bank_5
ALERT: Rs.45538 withdrawn from ATM using card XX3802 on 21-01-26. Bal: Rs.77289. -ICICI Bank,Bank,Bank_3
60797 is your verification code for Kotak. Never share your OTP.,OTP,OTP_3
Your A/c XX2139 is debited with Rs.19929 on 24-06-26. Info: UPI-Arunima. Bal: Rs.87872,Bank,Bank_2
"Class shifted to room 9056, come fast",Personal,Hard_6
Your Meesho order OD8163943057 has been shipped via BlueDart. Track: bit.ly/frfZFI STOP to opt out,Delivery,Delivery_0
Flight fares dropped! BOM-MAA from Rs.222. Book on ixigo before midnight.,Promo,Promo_16
Out for delivery: Ur Flipkart package OD1741027180 will arrive today by 6 PM. -Delhivery,Delivery,Delivery_1
920613 - use this code to sign in to hdfc bank. never share it with anyone.,OTP,OTP_7
Meesho: Your cart misses you! Complete purchase now & get 70% off. bit.ly/eNNwOf,Promo,Promo_4
WEEKEND SPECIAL AT AMAZON! MIN 10% OFF ON EVERYTHING. DON'T MISS OUT: BIT.LY/LQQIKS,Promo,Promo_6
Ur order OD4238487464 from Meesho is arriving tomorrow. Keep Rs.1529 ready for COD.,Delivery,Delivery_3
Your FD of Rs.66175 matures on 22-03-26. Renew or withdraw via netbanking. -Axis Bank,Bank,Bank_14
681339 - use this code to sign in to Netflix Never share it with anyone,OTP,OTP_7
  Axis Bank: 98636 is your login OTP. It expires in 2 minutes.,OTP,OTP_6
Salary of Rs.44951 credited to A/c XX8780. Avl Bal: Rs.338696. -BOB,Bank,Bank_7
"Ur PNB health insurance renewal is due 03 Jul. Renew online, save 70% on premium.",Promo,Promo_24
WEEKEND SPECIAL AT AMAZON! MIN 30% OFF ON EVERYTHING. DON'T MISS OUT: BIT.LY/GQMFWS,Promo,Promo_6
  Flight fares dropped! DEL-PNQ from Rs.713. Book on MakeMyTrip before midnight.,Promo,Promo_16
convert your icici bank card purchase of rs.508 into easy emis at 0% interest. reply yes.,Promo,Promo_15
Use 480434 to complete your BigBasket registration. Valid till 30 mins. -TM,OTP,OTP_4
Cheque no. 697528072682 for Rs.66690 has been cleared from A/c XX9022. -Axis Bank,Bank,Bank_8
OTP: 983229 for txn of Rs.33274 at Uber. Do not share. -PNB,OTP,OTP_2
UPI payment of Rs.21783 to Samar successful. UPI Ref: 532752859993. -ICICI Bank,Bank,Bank_6
  Beware of fraud calls asking for card details. ICICI Bank officials never ask for PIN or CVV.,Bank,Bank_15
  OTP-based login was enabled for your A/c XX6031. Call HDFC Bank if this wasn't you.,Bank,Hard_2
SWIGGY: FREE DELIVERY ALL WEEKEND! ORDER YOUR FAVOURITES NOW.,Promo,Promo_13
Your  account statement for June is available. Download from the ICICI Bank app.,Bank,Bank_16
ALERT:  Rs.43831 withdrawn from ATM using card XX6322 on 02-06-26. Bal: Rs.311070. -Kotak,Bank,Bank_3
Beware of fraud calls asking for card details ICICI Bank officials never ask for PIN or CVV,Bank,Bank_15
  OTP-based login was enabled for your A/c XX2377. Call Axis Bank if this wasn't you.,Bank,Hard_2
<#> 502863 is your Myntra code. Valid 5 min. hA8sk2Lqp3,OTP,OTP_13
Ekart: Shipment OD2432507327 reached your city hub. Expected delivery: 05 Jul.,Delivery,Delivery_4
Your Netflix code: 176800 STOP to opt out,OTP,OTP_8
ALERT:  Rs.30552 withdrawn from ATM using card XX1517 on 28-06-26. Bal: Rs.281571. -Kotak,Bank,Bank_3
Rachita from Delhivery is arriving with your package. Contact: 06326681744,Delivery,Delivery_6
Pre-approved!  Get a Kotak credit card with Rs.98852 limit. Zero joining fee. Apply: bit.ly/wJtCpV,Promo,Promo_14
Low balance alert: A/c XX6226 balance is INR 128685. Maintain min balance to avoid charges.,Bank,Bank_10
  Exclusive for you! Buy 1 Get 1 FREE at Meesho. Limited period offer. Visit bit.ly/sOwicu,Promo,Promo_3
Delivery attempt failed for order OD8792597960. We will retry tomorrow. -Delhivery,Delivery,Delivery_5
489160 is your Paytm security code. Anyone asking for it is a scammer. STOP to opt out,OTP,OTP_9
"Hi Nitesh, unlock Rs.1619 off ur first order at Flipkart with code NEW70.",Promo,Promo_7
"Hey, my new number is +915658962640. Save it! Meet at tonight? T&C apply",Personal,Hard_4
UPI payment of Rs.29935 to Caleb successful. UPI Ref: 870768607193. -BOB,Bank,Bank_6
Ur Jio pack expires tomorrow. Recharge with Rs.712 for 3GB/day + unlimited calls.,Promo,Promo_10
Missed  our shows? Come back to Hotstar at 50% off for 3 months. Resubscribe: bit.ly/rwmHVH,Promo,Promo_19
"Bro send me Rs.4968 on gpay, will return by 02 Jul",Personal,Hard_5
UPMA FROM DELHIVERY IS ARRIVING WITH YOUR PACKAGE. CONTACT: 05727935299,Delivery,Delivery_6
Flat Rs.1731 cashback on your next order at Meesho. Use code SAVE32. Valid till 06 Jul.,Promo,Promo_2
Use code 5550 at checkout for 10% off at Swiggy! T&C apply,Promo,Hard_0
  Rs.8451 debited from A/c XX7082 on 05-07-26 to Chatresh. Avl Bal: Rs.240619. -ICICI Bank,Bank,Bank_0
Enter 50186 to verify your mobile number for PNB. -TM,OTP,OTP_10
UPI payment of INR 80847 to Jyoti successful. UPI Ref: 489159693083. -Kotak,Bank,Bank_6
OTP for delivery of order OD7528779501 is 5356. Share only with the delivery agent. -Ekart STOP to opt out,Delivery,Delivery_9
  Rs.67229 credited to A/c XX5627 on 30-01-26. Avl Bal: Rs.105335. -HDFC Bank,Bank,Bank_1
"Class shifted to room 2839, come fast",Personal,Hard_6
Your return pickup for order OD4944829262 is scheduled on 03 Jul. Keep the item ready. -Meesho,Delivery,Delivery_7
246321 is your verification code for PhonePe Never share your OTP,OTP,OTP_3
Delivered! Your BigBasket order OD7689672652 was delivered on 01 Jul. Rate your experience: bit.ly/ETKlYh,Delivery,Delivery_2
Delivery attempt failed for order OD8583517896. We will retry tomorrow. -DTDC,Delivery,Delivery_5
Low balance alert: A/c XX7964 balance is Rs.487046. Maintain min balance to avoid charges.,Bank,Bank_10
Ur Flipkart order OD6202308242 has been shipped via Delhivery. Track: bit.ly/ShenrK,Delivery,Delivery_0
out for delivery: your meesho package od4431103680 will arrive today by 9 pm. -bluedart,Delivery,Delivery_1
Salary  of Rs.18086 credited to A/c XX3146. Avl Bal: Rs.498948. -Axis Bank,Bank,Bank_7
Low  balance alert: A/c XX6439 balance is Rs.425693. Maintain min balance to avoid charges.,Bank,Bank_10
"Hi Watika, unlock INR 1920 off your first order at Myntra with code NEW96.",Promo,Promo_7
Pre-approved! Get a ICICI Bank credit card with Rs.353484 limit Zero joining fee Apply: bitly/oyKTIE,Promo,Promo_14
Order  OD6757200069 packed and ready! Expected dispatch by 02 Jul. -Swiggy,Delivery,Delivery_8
RS.1962 CASHBACK CREDITED TO YOUR PHONEPE WALLET. USE ON YOUR NEXT ORDER.,Promo,Promo_21
  Your return pickup for order OD2256478092 is scheduled on 05 Jul. Keep the item ready. -Meesho,Delivery,Delivery_7
OTP:  950683 for txn of Rs.44491 at Swiggy. Do not share. -SBI,OTP,OTP_2
EMI of Rs.84214 due on 22-01-26 for loan A/c XX9785. Pay now to avoid charges. -PNB,Bank,Bank_4
OTP: 395964 for txn of Rs.22900 at Kotak Do not share -HDFC Bank,OTP,OTP_2
Confirmation code 212999 for IRCTC. Keep it private.,OTP,OTP_11
Confirmation code 249939 for Kotak. Keep it private.,OTP,OTP_11
Auto-pay of Rs.43769 to Widisha is scheduled on 14-05-26 from A/c XX8270. Ensure sufficient balance. -TM,Bank,Bank_13
your order od7306519487 from swiggy is arriving tomorrow. keep rs.946 ready for cod.,Delivery,Delivery_3
  KYC update pending for A/c XX2647. Please visit your nearest PNB branch by 11-01-26 to avoid restrictions.,Bank,Bank_12
  Your one time password is 136677 for PNB. Please do not share it.,OTP,OTP_5
Pre-approved! Get a Axis Bank credit card with INR 385426 limit. Zero joining fee. Apply: bit.ly/xfhOJb,Promo,Promo_14
"Hey, my new number is 02504710292 Save it! Meet at tonight?",Personal,Hard_4
  Last day! Amazon clearance sale ends tonight. Up to 20% off sitewide.,Promo,Promo_8
  Use 82067 to complete your BigBasket registration. Valid till 10 mins.,OTP,OTP_4
  490142 - use this to sign in. Never share this code with anyone.,OTP,Hard_7
INR 51492 credited to A/c XX5205 on 15-03-26. Avl Bal: INR 42493. -ICICI Bank,Bank,Bank_1
"Bro  send me Rs.2251 on gpay, will return by 01 Jul",Personal,Hard_5
XpressBees: Shipment OD7992678888 reached your city hub Expected delivery: 03 Jul,Delivery,Delivery_4
334301 is your verification code for Uber. Never share your OTP.,OTP,OTP_3
Exclusive for you! Buy 1 Get 1 FREE at BigBasket. Limited period offer. Visit bit.ly/kKASPQ,Promo,Promo_3
upi payment of rs.53071 to laksh successful. upi ref: 755117394264. -sbi,Bank,Bank_6
159739 - use this code to sign in to Uber. Never share it with anyone.,OTP,OTP_7
amazon big billion days! up to 80% off + extra 10% with pnb cards. hurry!,Promo,Promo_1
mega sale! get 10% off on all products at myntra. shop now: bit.ly/ncfova t&c apply.,Promo,Promo_0
Your Uber code: 8773,OTP,Hard_8
You have 128 reward points expiring on 03 Jul. Redeem on Amazon.,Promo,Promo_20
"HEY, MY NEW NUMBER IS 04242688108. SAVE IT! MEET AT 8?",Personal,Hard_4
23538 - use this code to sign in to Axis Bank. Never share it with anyone.,OTP,OTP_7
Cheque  no. 505335261991 for Rs.80227 has been cleared from A/c XX8679. -ICICI Bank,Bank,Bank_8
Pre-approved! Get a HDFC Bank credit card with Rs.340834 limit. Zero joining fee. Apply: bit.ly/FQWyIx,Promo,Promo_14
Beware of fraud calls asking for card details. SBI officials never ask for PIN or CVV.,Bank,Bank_15
Pay Rs.4456 on delivery for order OD492236625. -XpressBees,Delivery,Hard_10
Your FD of INR 83660 matures on 09-03-26. Renew or withdraw via netbanking. -BOB,Bank,Bank_14
  Swiggy Big Billion Days! Up to 20% off + extra 10% with BOB cards. Hurry!,Promo,Promo_1
Low balance alert: A/c XX2356 balance is Rs.4121. Maintain min balance to avoid charges. STOP to opt out,Bank,Bank_10
Recharge with Rs.613 & get 70% extra talktime. Offer valid today only! -TM,Promo,Promo_5
last day! amazon clearance sale ends tonight. up to 40% off sitewide.,Promo,Promo_8
Myntra: Your cart misses you! Complete purchase now & get 30% off. bit.ly/GXHTME,Promo,Promo_4
RS.69825 CREDITED TO A/C XX1804 ON 28-04-26. AVL BAL: RS.157920. -SBI,Bank,Bank_1
Ur A/c XX3445 is debited with Rs.17982 on 07-03-26. Info: UPI-Falguni. Bal: Rs.266385,Bank,Bank_2
567690 - use this to sign in. Never share this code with anyone.,OTP,Hard_7
Your A/c XX8421 is debited with Rs.89321 on 10-01-26 Info: UPI-Ishwar Bal: Rs.20101,Bank,Bank_2
781475 IS YOUR OLA SECURITY CODE. ANYONE ASKING FOR IT IS A SCAMMER.,OTP,OTP_9
g-725472 is your google verification code.,OTP,OTP_12
  Your order OD6487272792 from Swiggy is arriving tomorrow. Keep Rs.4405 ready for COD.,Delivery,Delivery_3
G-37408 is your Google verification code.,OTP,OTP_12
Last day! Zomato clearance sale ends tonight. Up to 50% off sitewide.,Promo,Promo_8
G-667456 is your Google verification code. -TM,OTP,OTP_12
367137 is your OTP for Zomato login. Valid for 30 minutes. Do not share with anyone.,OTP,OTP_0
  Data exhausted? Get 1.5GB extra with Rs.488 booster pack. Dial *121# or visit app.,Promo,Promo_11
your amazon membership expires soon. renew now & save 30%: bit.ly/lhycxs,Promo,Promo_9
Dear customer ur ICICI Bank account will be blocked! Update KYC now: bit.ly/qQKgSc -TM,Spam,Hard_11
Your Uber code: 5967,OTP,Hard_8
Your Jio pack expires tomorrow. Recharge with Rs.587 for 1.5GB/day + unlimited calls.,Promo,Promo_10
  Your Swiggy order OD8876513988 has been shipped via BlueDart. Track: bit.ly/ajMfdt,Delivery,Delivery_0
Your SIM will be deactivated in 24hrs. Verify Aadhaar: bit.ly/iGQlFO,Spam,Hard_13
Work  from home! Earn Rs.1836318/month. Join: bit.ly/vRnytt,Spam,Hard_14
Your order OD2575384091 from Flipkart is arriving tomorrow Keep Rs.1231 ready for COD,Delivery,Delivery_3
YOUR UBER CODE: 1426,OTP,Hard_8
885110 is your OTP for Myntra login. Valid for 30 minutes. Do not share with anyone.,OTP,OTP_0
delivered! your amazon order od6792387633 was delivered on 03 jul. rate your experience: bit.ly/hayymp,Delivery,Delivery_2
KYC update pending for A/c XX8551. Please visit your nearest Kotak branch by 13-04-26 to avoid restrictions.,Bank,Bank_12
your pnb debit card xx9841 has been blocked due to suspicious activity. visit branch or call 1800-xxx to unblock.,Bank,Bank_11
Flat Rs.1900 cashback on your next order at Myntra. Use code SAVE28. Valid till 02 Jul.,Promo,Promo_2
<#> 28524 is your axis bank code. valid 5 min. ha8sk2lqp3,OTP,OTP_13
chatura from delhivery is arriving with your package. contact: +915652836563,Delivery,Delivery_6
Dear customer ur Kotak account will be blocked! Update KYC now: bit.ly/KODJHG,Spam,Hard_11
Your BigBasket order OD2351446626 has been shipped via Delhivery. Track: bit.ly/NEmeMd,Delivery,Delivery_0
  OTP for delivery of order OD6448865214 is 5230. Share only with the delivery agent. -XpressBees,Delivery,Delivery_9
Cheque no. 831590951584 for Rs.5302 has been cleared from A/c XX6115. -PNB,Bank,Bank_8
YOU HAVE 1029 REWARD POINTS EXPIRING ON 01 JUL. REDEEM ON AMAZON.,Promo,Promo_20
Beware of fraud calls asking for card details. PNB officials never ask for PIN or CVV.,Bank,Bank_15
OUT FOR DELIVERY: YOUR ZOMATO PACKAGE OD5828044099 WILL ARRIVE TODAY BY 9 PM. -DTDC,Delivery,Delivery_1
Weekend  special at Swiggy! Min 70% off on everything. Don't miss out: bit.ly/xCeOMv,Promo,Promo_6
Exclusive for you! Buy 1 Get 1 FREE at BigBasket. Limited period offer. Visit bit.ly/EoccVh,Promo,Promo_3
Your SonyLIV plan renews on 04 Jul at Rs.686. Upgrade to 4K for Rs.594/month. T&C apply,Promo,Promo_18
You have 624 reward points expiring on 01 Jul. Redeem on Myntra.,Promo,Promo_20
Low  balance alert: A/c XX9060 balance is Rs.74273. Maintain min balance to avoid charges.,Bank,Bank_10
Confirmation code 760563 for BigBasket. Keep it private.,OTP,OTP_11
Swiggy: Free delivery all weekend! Order your favourites now.,Promo,Promo_13
  Your account statement for June is available. Download from the SBI app.,Bank,Bank_16
683682  is your verification code for Flipkart. Never share your OTP.,OTP,OTP_3
Low balance alert: A/c XX9013 balance is Rs.31338 Maintain min balance to avoid charges,Bank,Bank_10
MEGA SALE! GET 70% OFF ON ALL PRODUCTS AT AMAZON. SHOP NOW: BIT.LY/JOLETJ T&C APPLY.,Promo,Promo_0
zomato: 350413 is your login otp. it expires in 10 minutes.,OTP,OTP_6
your a/c xx1377 is debited with rs.17767 on 08-06-26. info: upi-anusha. bal: rs.467199,Bank,Bank_2
ALERT: INR 48481 withdrawn from ATM using card XX8514 on 28-04-26. Bal: INR 456361. -BOB,Bank,Bank_3
"Class  shifted to room 3272, come fast",Personal,Hard_6
Coupon 7493 gives you free delivery on orders above Rs.4128. -Zomato,Promo,Hard_1
Delivered! Your Swiggy order OD5923237267 was delivered on 06 Jul. Rate your experience: bit.ly/RXYNJN,Delivery,Delivery_2
Weekend special at Flipkart! Min 40% off on everything. Don't miss out: bit.ly/skrPEL,Promo,Promo_6
Your Myntra order OD7748344338 has been shipped via XpressBees. Track: bit.ly/hdmVsY,Delivery,Delivery_0
Your one time password is 917978 for Zomato Please do not share it,OTP,OTP_5
  Your Swiggy order OD3483081862 has been shipped via XpressBees. Track: bit.ly/gVxlzr,Delivery,Delivery_0
"Ur Kotak health insurance renewal is due 04 Jul. Renew online, save 10% on premium.",Promo,Promo_24
Exclusive for you! Buy 1 Get 1 FREE at Myntra. Limited period offer. Visit bit.ly/eTWGxo,Promo,Promo_3
Ojasvi from XpressBees is arriving with your package. Contact: +919529419831,Delivery,Delivery_6
rs.1816 cashback credited to your paytm wallet. use on your next order.,Promo,Promo_21
Delivery attempt failed for order OD7834532893. We will retry tomorrow. -BlueDart,Delivery,Delivery_5
Recharge with INR 1447 & get 80% extra talktime. Offer valid today only!,Promo,Promo_5
<#> 109944 is your Myntra code Valid 2 min hA8sk2Lqp3,OTP,OTP_13
292329 is your verification code for Axis Bank. Never share your OTP.,OTP,OTP_3
Flat Rs.656 cashback on your next order at Myntra. Use code SAVE67. Valid till 05 Jul. -TM,Promo,Promo_2
Ur Prime Video plan renews on 03 Jul at Rs.1351. Upgrade to 4K for Rs.668/month.,Promo,Promo_18
Dear customer ur SBI account will be blocked! Update KYC now: bit.ly/UhoRgZ,Spam,Hard_11
Your HDFC Bank debit card XX9841 has been blocked due to suspicious activity. Visit branch or call 1800-XXX to unblock. STOP to opt out,Bank,Bank_11
YOUR RETURN PICKUP FOR ORDER OD9214633416 IS SCHEDULED ON 06 JUL. KEEP THE ITEM READY. -MEESHO,Delivery,Delivery_7
"Class shifted to room 7803, come fast T&C apply",Personal,Hard_6
  Your OTP is 550847. Use it to verify your Swiggy account. Expires in 10 min.,OTP,OTP_1
Your  Swiggy membership expires soon. Renew now & save 60%: bit.ly/iPNdGV,Promo,Promo_9
Tap to verify: 995181. This code expires shortly.,OTP,Hard_9
yug from ekart is arriving with your package. contact: 00600182999,Delivery,Delivery_6
Swiggy: Free delivery all weekend! Order your favourites now.,Promo,Promo_13
"Bro send me Rs.3097 on gpay, will return by 04 Jul",Personal,Hard_5
Low balance alert: A/c XX8868 balance is Rs.111655. Maintain min balance to avoid charges.,Bank,Bank_10
Interest of Rs.87104 credited to your FD A/c XX4592. -Axis Bank,Bank,Bank_9
Auto-pay of INR 55378 to Harsh is scheduled on 19-04-26 from A/c XX8257. Ensure sufficient balance.,Bank,Bank_13
Your Uber code: 4012,OTP,Hard_8
KYC UPDATE PENDING FOR A/C XX8980. PLEASE VISIT YOUR NEAREST SBI BRANCH BY 04-06-26 TO AVOID RESTRICTIONS.,Bank,Bank_12
DTDC: SHIPMENT OD3652531981 REACHED YOUR CITY HUB. EXPECTED DELIVERY: 01 JUL.,Delivery,Delivery_4
You have 3377 reward points expiring on 06 Jul. Redeem on Amazon.,Promo,Promo_20
Flipkart Big Billion Days! Up to 80% off + extra 10% with PNB cards. Hurry!,Promo,Promo_1
Your A/c XX7255 is debited with Rs.84956 on 01-07-26 Info: UPI-Pranav Bal: Rs.116991,Bank,Bank_2
items in your order history are back in stock at meesho. prices start rs.1953.,Promo,Promo_23
Your one time password is 200915 for Zomato. Please do not share it.,OTP,OTP_5
Rs.1576 cashback credited to your PhonePe wallet. Use on your next order.,Promo,Promo_21
Use code 1719 at checkout for 25% off at Amazon! T&C apply,Promo,Hard_0
Congratulations! You won Rs.1036235 in lucky draw Claim: bitly/vXRpOF,Spam,Hard_12
Your return pickup for order OD6138434364 is scheduled on 05 Jul. Keep the item ready. -Myntra,Delivery,Delivery_7
MEGA SALE! Get 30% OFF on all products at Flipkart. Shop now: bit.ly/zJzQmP T&C apply.,Promo,Promo_0
Swiggy: Free delivery all weekend! Order your favourites now.,Promo,Promo_13
  Your Amazon code: 781171,OTP,OTP_8
PAY RS.1640 ON DELIVERY FOR ORDER OD312113771. -DELHIVERY,Delivery,Hard_10
130313 - use this code to sign in to Axis Bank. Never share it with anyone. -TM,OTP,OTP_7
your order od7917534110 from flipkart is arriving tomorrow. keep rs.4627 ready for cod.,Delivery,Delivery_3
Auto-pay of Rs.97931 to Aadi is scheduled on 29-05-26 from A/c XX9511. Ensure sufficient balance.,Bank,Bank_13
YOUR MEESHO ORDER OD3166811094 HAS BEEN SHIPPED VIA DELHIVERY. TRACK: BIT.LY/QHGLYP,Delivery,Delivery_0
Rs.94951 credited to A/c XX1147 on 27-04-26 Avl Bal: Rs.442004 -Kotak,Bank,Bank_1
  KYC update pending for A/c XX8407. Please visit your nearest HDFC Bank branch by 28-03-26 to avoid restrictions.,Bank,Bank_12
Congratulations! U won Rs.2278761 in lucky draw. Claim: bit.ly/JXOrEx,Spam,Hard_12
  Weekend special at Swiggy! Min 20% off on everything. Don't miss out: bit.ly/xfkvGt,Promo,Promo_6
irctc: special trains added for festive season. book early & save up to 50%.,Promo,Promo_17
Auto-pay of Rs.50395 to Urmi is scheduled on 08-03-26 from A/c XX4216. Ensure sufficient balance.,Bank,Bank_13
BigBasket Big Billion Days! Up to 70% off + extra 10% with HDFC Bank cards. Hurry!,Promo,Promo_1
"Hey, my new number is +912047260045. Save it! Meet at 8?",Personal,Hard_4
834694  is your OTP for PNB login. Valid for 30 minutes. Do not share with anyone.,OTP,OTP_0
Interest of INR 22233 credited to your FD A/c XX7743. -PNB,Bank,Bank_9
  137325 - use this code to sign in to PNB. Never share it with anyone.,OTP,OTP_7
OTP: 14119 for txn of INR 34130 at Swiggy. Do not share. -HDFC Bank,OTP,OTP_2
Hungry? Get 40% off up to Rs.824 on your next 3 orders. Code: EAT39. -Zomato,Promo,Promo_12
YOUR ZOMATO CODE: 26739,OTP,OTP_8
Interest of Rs.77190 credited to ur FD A/c XX7440. -HDFC Bank,Bank,Bank_9
OTP for delivery of order OD6416910319 is 1875 Share only with the delivery agent -BlueDart,Delivery,Delivery_9
Ur order OD1847891858 from Zomato is arriving tomorrow. Keep Rs.2055 ready for COD.,Delivery,Delivery_3
OTP for delivery of order OD1908127471 is 5003. Share only with the delivery agent. -Ekart,Delivery,Delivery_9
"YOUR PNB HEALTH INSURANCE RENEWAL IS DUE 01 JUL. RENEW ONLINE, SAVE 10% ON PREMIUM.",Promo,Promo_24
"Your  ICICI Bank health insurance renewal is due 06 Jul. Renew online, save 70% on premium.",Promo,Promo_24
G-872240 is your Google verification code.,OTP,OTP_12
KYC update pending for A/c XX6699. Please visit ur nearest SBI branch by 15-03-26 to avoid restrictions.,Bank,Bank_12
Your SIM will be deactivated in 24hrs. Verify Aadhaar: bit.ly/xYXuQC T&C apply,Spam,Hard_13
Tap to verify: 375230. This code expires shortly.,OTP,Hard_9
Your return pickup for order OD6023093122 is scheduled on 01 Jul. Keep the item ready. -Zomato,Delivery,Delivery_7
YOUR OTP IS 317229. USE IT TO VERIFY YOUR AXIS BANK ACCOUNT. EXPIRES IN 15 MIN.,OTP,OTP_1
YOUR ICICI BANK DEBIT CARD XX8220 HAS BEEN BLOCKED DUE TO SUSPICIOUS ACTIVITY. VISIT BRANCH OR CALL 1800-XXX TO UNBLOCK.,Bank,Bank_11
Use 880797 to complete your Ola registration. Valid till 30 mins.,OTP,OTP_4
Flight fares dropped! DEL-MAA from Rs.1835. Book on ixigo before midnight.,Promo,Promo_16
MEGA SALE! Get 80% OFF on all products at Myntra. Shop now: bit.ly/IVpdgA T&C apply.,Promo,Promo_0
Your A/c XX6688 is debited with Rs.18574 on 17-02-26. Info: UPI-Teerth. Bal: Rs.193063,Bank,Bank_2
  Salary of Rs.58785 credited to A/c XX4750. Avl Bal: Rs.164257. -ICICI Bank,Bank,Bank_7
zomato: free delivery all weekend! order your favourites now.,Promo,Promo_13
EMI of Rs.76663 due on 14-01-26 for loan A/c XX1870. Pay now to avoid charges. -BOB,Bank,Bank_4
Weekend special at Swiggy! Min 10% off on everything Don't miss out: bitly/OMpmUY,Promo,Promo_6
Rs.63778 debited from A/c XX2624 on 03-05-26 to Atharv. Avl Bal: Rs.179814. -Axis Bank,Bank,Bank_0
UPI payment of Rs.70154 to Zaitra successful. UPI Ref: 704521790012. -BOB,Bank,Bank_6
Your account statement for June is available. Download from the Kotak app.,Bank,Bank_16
Your BigBasket order OD4312398262 has been shipped via XpressBees. Track: bit.ly/IIgHZB,Delivery,Delivery_0
Your Vi pack expires tomorrow Recharge with Rs.309 for 1.5GB/day + unlimited calls,Promo,Promo_10
"HI SAMUEL, UNLOCK RS.1340 OFF YOUR FIRST ORDER AT AMAZON WITH CODE NEW29.",Promo,Promo_7
Beware of fraud calls asking for card details. HDFC Bank officials never ask for PIN or CVV.,Bank,Bank_15
irctc: special trains added for festive season. book early & save up to 50%.,Promo,Promo_17
DELIVERED! YOUR AMAZON ORDER OD1504229102 WAS DELIVERED ON 02 JUL. RATE YOUR EXPERIENCE: BIT.LY/FSTZSP,Delivery,Delivery_2
Congratulations! You won Rs.1442640 in lucky draw. Claim: bit.ly/eAVWzJ,Spam,Hard_12
ZOMATO: 721909 IS YOUR LOGIN OTP. IT EXPIRES IN 30 MINUTES.,OTP,OTP_6
  Data exhausted? Get 2GB extra with Rs.433 booster pack. Dial *121# or visit app.,Promo,Promo_11
  Use code 7063 at checkout for 10% off at Flipkart!,Promo,Hard_0
815725 is ur OTP for Swiggy login. Valid for 30 minutes. Do not share with anyone.,OTP,OTP_0
Missed our shows? Come back to SonyLIV at 50% off for 3 months. Resubscribe: bit.ly/kUkfDC,Promo,Promo_19
870118 is your OTP for HDFC Bank login. Valid for 5 minutes. Do not share with anyone.,OTP,OTP_0
  800499 is your verification code for PhonePe. Never share your OTP.,OTP,OTP_3
Your OTP is 876081. Use it to verify your SBI account. Expires in 30 min. T&C apply,OTP,OTP_1
Your account statement for July is available. Download from the Axis Bank app.,Bank,Bank_16
"Ur PNB health insurance renewal is due 01 Jul. Renew online, save 20% on premium.",Promo,Promo_24
Your  order OD8266821542 from Zomato is arriving tomorrow. Keep Rs.1390 ready for COD.,Delivery,Delivery_3
You have 4833 reward points expiring on 04 Jul. Redeem on BigBasket.,Promo,Promo_20
Last day! Myntra clearance sale ends tonight. Up to 70% off sitewide.,Promo,Promo_8
"Class shifted to room 9161, come fast",Personal,Hard_6
Your  A/c XX3831 is debited with Rs.48356 on 18-03-26. Info: UPI-Kashish. Bal: Rs.131838,Bank,Bank_2
Work from home! Earn Rs.377832/month. Join: bit.ly/lkCFIC T&C apply,Spam,Hard_14
968771 is your OTP for Myntra login. Valid for 30 minutes. Do not share with anyone.,OTP,OTP_0
Your SBI debit card XX7892 has been blocked due to suspicious activity. Visit branch or call 1800-XXX to unblock.,Bank,Bank_11
Interest of Rs.94759 credited to your FD A/c XX4127. -PNB,Bank,Bank_9
Use code 4382 at checkout for 10% off at Flipkart!,Promo,Hard_0
  UPI payment of Rs.34193 to Sathvik successful. UPI Ref: 325276835737. -HDFC Bank,Bank,Bank_6
"Never share your OTP, PIN or CVV. HDFC Bank never asks for these. Stay safe.",Bank,Hard_3
Delivery attempt failed for order OD2713019484. We will retry tomorrow. -DTDC STOP to opt out,Delivery,Delivery_5
OTP: 309117 for txn of Rs.36230 at Hotstar. Do not share. -SBI,OTP,OTP_2
Out for delivery: Ur Amazon package OD2119729524 will arrive today by 3 PM. -BlueDart,Delivery,Delivery_1
Ur one time password is 490851 for Axis Bank. Please do not share it.,OTP,OTP_5
Your Uber code: 9681,OTP,Hard_8
Your BOB debit card XX7980 has been blocked due to suspicious activity. Visit branch or call 1800-XXX to unblock.,Bank,Bank_11
Loved your recent Myntra order? Reorder in 1 tap and get 40% off today,Promo,Promo_22
Aradhana from XpressBees is arriving with your package. Contact: +914553988110,Delivery,Delivery_6
  Delivered! Your Zomato order OD6833444244 was delivered on 04 Jul. Rate your experience: bit.ly/RAvpcv,Delivery,Delivery_2
Your credit card XX4030 statement is ready. Total due: Rs.44105. Min due: Rs.1614. -Axis Bank -TM,Bank,Bank_5
"Hi Kiaan, unlock Rs.1203 off ur first order at Swiggy with code NEW13.",Promo,Promo_7
  EMI of Rs.64752 due on 16-03-26 for loan A/c XX1376. Pay now to avoid charges. -PNB,Bank,Bank_4
576750  is your verification code for IRCTC. Never share your OTP.,OTP,OTP_3
RS.1098 CASHBACK CREDITED TO YOUR AMAZON PAY WALLET. USE ON YOUR NEXT ORDER.,Promo,Promo_21
Myntra: Your cart misses you! Complete purchase now & get 30% off. bit.ly/tBFvmU,Promo,Promo_4
"Bro send me Rs.4877 on gpay, will return by 03 Jul",Personal,Hard_5
Weekend special at Myntra! Min 80% off on everything Don't miss out: bitly/tBnksR,Promo,Promo_6
Convert your PNB card purchase of Rs.129 into easy EMIs at 0% interest. Reply YES.,Promo,Promo_15
Items in your order history are back in stock at Zomato. Prices start Rs.1985.,Promo,Promo_23
Your Uber code: 6131,OTP,Hard_8
EXCLUSIVE FOR YOU! BUY 1 GET 1 FREE AT FLIPKART. LIMITED PERIOD OFFER. VISIT BIT.LY/IEVGFH,Promo,Promo_3
845521 IS YOUR PNB SECURITY CODE. ANYONE ASKING FOR IT IS A SCAMMER.,OTP,OTP_9
256593 - use this to sign in. Never share this code with anyone.,OTP,Hard_7
<#> 212204 is your Netflix code. Valid 2 min. hA8sk2Lqp3,OTP,OTP_13
Your Netflix code: 789654,OTP,OTP_8
Your Airtel pack expires tomorrow. Recharge with Rs.108 for 3GB/day + unlimited calls.,Promo,Promo_10
102663 - use this to sign in. Never share this code with anyone.,OTP,Hard_7
Weekend special at Zomato! Min 20% off on everything. Don't miss out: bit.ly/YICquv,Promo,Promo_6
Interest  of Rs.56721 credited to your FD A/c XX8794. -PNB,Bank,Bank_9
Your HDFC Bank debit card XX9958 has been blocked due to suspicious activity. Visit branch or call 1800-XXX to unblock.,Bank,Bank_11
OTP for delivery of order OD9157670794 is 7231. Share only with the delivery agent. -DTDC,Delivery,Delivery_9
DTDC: Shipment OD4402808721 reached ur city hub. Expected delivery: 03 Jul.,Delivery,Delivery_4
Flat Rs.174 cashback on your next order at Myntra Use code SAVE72 Valid till 03 Jul,Promo,Promo_2
Your Hotstar plan renews on 03 Jul at Rs.1602. Upgrade to 4K for Rs.627/month.,Promo,Promo_18
"Hey, my new number is 3528452605. Save it! Meet at tonight?",Personal,Hard_4
YOUR A/C XX4278 IS DEBITED WITH RS.23830 ON 07-01-26. INFO: UPI-KALPIT. BAL: RS.201134,Bank,Bank_2
Your  order OD1416312690 from Amazon is arriving tomorrow. Keep Rs.575 ready for COD.,Delivery,Delivery_3
Your return pickup for order OD3489503831 is scheduled on 03 Jul Keep the item ready -Myntra,Delivery,Delivery_7
DTDC: SHIPMENT OD2024795739 REACHED YOUR CITY HUB. EXPECTED DELIVERY: 03 JUL.,Delivery,Delivery_4
Data exhausted? Get 3GB extra with Rs.1760 booster pack. Dial *121# or visit app. -TM,Promo,Promo_11
"  Never share your OTP, PIN or CVV. Kotak never asks for these. Stay safe.",Bank,Hard_3
Flipkart Big Billion Days! Up to 60% off + extra 10% with SBI cards. Hurry!,Promo,Promo_1
Recharge with INR 298 & get 60% extra talktime. Offer valid today only!,Promo,Promo_5
Delivery  attempt failed for order OD3700242143. We will retry tomorrow. -Ekart,Delivery,Delivery_5
  Out for delivery: Your Flipkart package OD4234208368 will arrive today by 12 PM. -DTDC,Delivery,Delivery_1
Your HDFC Bank code: 884602,OTP,OTP_8
Out for delivery: Your Amazon package OD9631240735 will arrive today by 6 PM. -BlueDart,Delivery,Delivery_1
Your OTP is 940692 Use it to verify your Swiggy account Expires in 2 min,OTP,OTP_1
cheque no. 897758304398 for rs.8176 has been cleared from a/c xx8837. -sbi,Bank,Bank_8
Your  credit card XX4620 statement is ready. Total due: Rs.1133. Min due: Rs.1831. -HDFC Bank,Bank,Bank_5
Ur one time password is 724987 for Ola. Please do not share it.,OTP,OTP_5
Delivery attempt failed for order OD7852672670. We will retry tomorrow. -Delhivery,Delivery,Delivery_5
KYC update pending for A/c XX4518. Please visit ur nearest BOB branch by 09-04-26 to avoid restrictions.,Bank,Bank_12
Flat Rs.1653 cashback on your next order at BigBasket. Use code SAVE46. Valid till 02 Jul.,Promo,Promo_2
Work  from home! Earn Rs.1200590/month. Join: bit.ly/mHjqGG,Spam,Hard_14
271800 is your Hotstar security code. Anyone asking for it is a scammer.,OTP,OTP_9
  Your A/c XX3395 is debited with Rs.23125 on 16-04-26. Info: UPI-Girik. Bal: Rs.397398,Bank,Bank_2
Enter 345361 to verify your mobile number for Kotak. -TM,OTP,OTP_10
Cheque no. 764427586632 for Rs.59725 has been cleared from A/c XX5719. -HDFC Bank,Bank,Bank_8
Flight fares dropped! HYD-CCU from Rs.1689. Book on MakeMyTrip before midnight.,Promo,Promo_16
Hungry? Get 10% off up to INR 695 on your next 3 orders. Code: EAT64. -Zomato,Promo,Promo_12
Flat Rs.1935 cashback on your next order at Myntra. Use code SAVE55. Valid till 05 Jul.,Promo,Promo_2
Delivery attempt failed for order OD3613134047. We will retry tomorrow. -DTDC -TM,Delivery,Delivery_5
Your order OD4333260288 from Myntra is arriving tomorrow. Keep Rs.743 ready for COD.,Delivery,Delivery_3
confirmation code 444505 for uber. keep it private.,OTP,OTP_11
Your credit card XX2063 statement is ready. Total due: Rs.3150. Min due: Rs.987. -SBI,Bank,Bank_5
Your order OD6275031477 from Flipkart is arriving tomorrow. Keep Rs.3311 ready for COD.,Delivery,Delivery_3
<#> 600542 is your ICICI Bank code. Valid 2 min. hA8sk2Lqp3,OTP,OTP_13
Your Prime Video plan renews on 06 Jul at Rs.314. Upgrade to 4K for Rs.539/month.,Promo,Promo_18
Loved  your recent Flipkart order? Reorder in 1 tap and get 80% off today.,Promo,Promo_22
Your Kotak code: 364358,OTP,OTP_8
Your Airtel pack expires tomorrow. Recharge with Rs.1452 for 2GB/day + unlimited calls.,Promo,Promo_10
  <#> 451852 is your PNB code. Valid 15 min. hA8sk2Lqp3,OTP,OTP_13
PRE-APPROVED! GET A AXIS BANK CREDIT CARD WITH RS.184748 LIMIT. ZERO JOINING FEE. APPLY: BIT.LY/HKHVOD,Promo,Promo_14
Auto-pay of Rs.38544 to Victor is scheduled on 17-04-26 from A/c XX5076. Ensure sufficient balance.,Bank,Bank_13
YOUR RETURN PICKUP FOR ORDER OD7354213585 IS SCHEDULED ON 03 JUL. KEEP THE ITEM READY. -BIGBASKET,Delivery,Delivery_7
  Delivery attempt failed for order OD7699117806. We will retry tomorrow. -BlueDart,Delivery,Delivery_5
Cheque no. 460734711367 for Rs.16347 has been cleared from A/c XX2808. -PNB,Bank,Bank_8
Your FD of Rs.87417 matures on 18-05-26 Renew or withdraw via netbanking -PNB,Bank,Bank_14
low balance alert: a/c xx2305 balance is rs.104150. maintain min balance to avoid charges.,Bank,Bank_10
BigBasket: Your cart misses you! Complete purchase now & get 20% off. bit.ly/MhjhTr,Promo,Promo_4
  Your credit card XX5709 statement is ready. Total due: Rs.82450. Min due: Rs.2036. -ICICI Bank,Bank,Bank_5
Delivered! Your Zomato order OD2973546827 was delivered on 02 Jul. Rate your experience: bit.ly/vugYvn T&C apply,Delivery,Delivery_2
Cheque no 965647779965 for Rs.70275 has been cleared from A/c XX1090 -Kotak,Bank,Bank_8
Low balance alert: A/c XX6103 balance is Rs.332999. Maintain min balance to avoid charges.,Bank,Bank_10
Your Hotstar plan renews on 01 Jul at Rs.1494. Upgrade to 4K for Rs.624/month.,Promo,Promo_18
YOUR ORDER OD6003706039 FROM AMAZON IS ARRIVING TOMORROW. KEEP RS.3124 READY FOR COD.,Delivery,Delivery_3
Falguni from Ekart is arriving with your package. Contact: +913410940509,Delivery,Delivery_6
"Hi Imaran, unlock Rs.724 off your first order at Amazon with code NEW99",Promo,Promo_7
  You have 3576 reward points expiring on 06 Jul. Redeem on Myntra.,Promo,Promo_20
OTP for delivery of order OD1460974235 is 9316 Share only with the delivery agent -BlueDart,Delivery,Delivery_9
ALERT: Rs.39058 withdrawn from ATM using card XX5780 on 25-03-26. Bal: Rs.379485. -SBI,Bank,Bank_3
<#> 412377 is your Myntra code. Valid 5 min. hA8sk2Lqp3 T&C apply,OTP,OTP_13
110985 is your verification code for GPay. Never share your OTP.,OTP,OTP_3
Loved  your recent Zomato order? Reorder in 1 tap and get 30% off today.,Promo,Promo_22
"Hi Darsh, unlock Rs.372 off your first order at BigBasket with code NEW43.",Promo,Promo_7
Salary of INR 31868 credited to A/c XX6494. Avl Bal: INR 29278. -Axis Bank,Bank,Bank_7
  Tap to verify: 670489. This code expires shortly.,OTP,Hard_9
Ur FD of Rs.68813 matures on 08-02-26. Renew or withdraw via netbanking. -Kotak,Bank,Bank_14
  Low balance alert: A/c XX3633 balance is Rs.395840. Maintain min balance to avoid charges.,Bank,Bank_10
Low balance alert: A/c XX3190 balance is Rs.494044. Maintain min balance to avoid charges.,Bank,Bank_10
<#> 159656 is your HDFC Bank code. Valid 5 min. hA8sk2Lqp3,OTP,OTP_13
Exclusive for you! Buy 1 Get 1 FREE at Meesho. Limited period offer. Visit bit.ly/ZrxNbb STOP to opt out,Promo,Promo_3
Congratulations! You won INR 1003555 in lucky draw. Claim: bit.ly/BgyViH,Spam,Hard_12
SWIGGY: FREE DELIVERY ALL WEEKEND! ORDER YOUR FAVOURITES NOW.,Promo,Promo_13
Your Uber code: 2314,OTP,Hard_8
464591 is your OTP for Amazon login. Valid for 5 minutes. Do not share with anyone.,OTP,OTP_0
Uber: 665234 is your login OTP. It expires in 2 minutes.,OTP,OTP_6
Enter 751037 to verify your mobile number for BOB.,OTP,OTP_10
pre-approved! get a hdfc bank credit card with rs.365915 limit. zero joining fee. apply: bit.ly/cfafoo,Promo,Promo_14
948840  is your Zomato security code. Anyone asking for it is a scammer.,OTP,OTP_9
Your account statement for July is available. Download from the SBI app.,Bank,Bank_16
442009 is your OTP for Zomato login Valid for 2 minutes Do not share with anyone,OTP,OTP_0
YOUR ORDER OD3889766381 FROM MEESHO IS ARRIVING TOMORROW. KEEP RS.1593 READY FOR COD.,Delivery,Delivery_3
Recharge with Rs.1902 & get 60% extra talktime. Offer valid today only!,Promo,Promo_5
EMI  of Rs.569 due on 14-01-26 for loan A/c XX4649. Pay now to avoid charges. -BOB,Bank,Bank_4
confirmation code 223341 for bigbasket. keep it private.,OTP,OTP_11
Zomato: Free delivery all weekend! Order ur favourites now.,Promo,Promo_13
Use 48794 to complete ur Zomato registration. Valid till 5 mins.,OTP,OTP_4
"Bro send me Rs.4450 on gpay, will return by 03 Jul",Personal,Hard_5
Out for delivery: Your Flipkart package OD5929880705 will arrive today by 6 PM. -XpressBees,Delivery,Delivery_1
Low balance alert: A/c XX6811 balance is Rs.76527 Maintain min balance to avoid charges,Bank,Bank_10
OTP-based login was enabled for your A/c XX5255. Call SBI if this wasn't you. STOP to opt out,Bank,Hard_2
KYC update pending for A/c XX1323. Please visit ur nearest Axis Bank branch by 12-01-26 to avoid restrictions.,Bank,Bank_12
Your return pickup for order OD6499436657 is scheduled on 01 Jul. Keep the item ready. -Meesho,Delivery,Delivery_7
Interest of INR 17078 credited to your FD A/c XX5652. -BOB,Bank,Bank_9
OTP: 645828 FOR TXN OF RS.48311 AT IRCTC. DO NOT SHARE. -SBI,OTP,OTP_2
ZOMATO: FREE DELIVERY ALL WEEKEND! ORDER YOUR FAVOURITES NOW.,Promo,Promo_13
21629  is your OTP for Hotstar login. Valid for 30 minutes. Do not share with anyone.,OTP,OTP_0
RS.73753 CREDITED TO A/C XX2157 ON 23-01-26. AVL BAL: RS.469519. -SBI,Bank,Bank_1
Swiggy Big Billion Days! Up to 20% off + extra 10% with HDFC Bank cards. Hurry!,Promo,Promo_1
OTP for delivery of order OD1126525710 is 1614. Share only with the delivery agent. -Delhivery,Delivery,Delivery_9
Pay Rs.1796 on delivery for order OD977252031. -DTDC,Delivery,Hard_10
Interest of Rs.57925 credited to your FD A/c XX6362. -HDFC Bank,Bank,Bank_9
  Enter 899825 to verify your mobile number for PNB.,OTP,OTP_10
Exclusive for you! Buy 1 Get 1 FREE at Amazon. Limited period offer. Visit bit.ly/rwoFEa,Promo,Promo_3
Your Jio pack expires tomorrow. Recharge with Rs.1426 for 1GB/day + unlimited calls.,Promo,Promo_10
477831  is your Ola security code. Anyone asking for it is a scammer.,OTP,OTP_9
"Bro send me Rs.2465 on gpay, will return by 04 Jul",Personal,Hard_5
<#> 71930 is ur Netflix code. Valid 5 min. hA8sk2Lqp3,OTP,OTP_13
"Hey, my new number is +913942394336. Save it! Meet at tonight?",Personal,Hard_4
Delivered! Your Swiggy order OD2014619289 was delivered on 04 Jul. Rate your experience: bit.ly/cqxhNr,Delivery,Delivery_2
Beware of fraud calls asking for card details. ICICI Bank officials never ask for PIN or CVV.,Bank,Bank_15
confirmation code 695571 for uber. keep it private.,OTP,OTP_11
  Coupon 7930 gives you free delivery on orders above Rs.1877. -Myntra,Promo,Hard_1
856608 is your Kotak security code. Anyone asking for it is a scammer.,OTP,OTP_9
your credit card xx1486 statement is ready. total due: rs.86166. min due: rs.841. -icici bank,Bank,Bank_5
OTP: 422927 for txn of INR 18590 at Ola. Do not share. -HDFC Bank,OTP,OTP_2
Pre-approved! Get a HDFC Bank credit card with INR 310185 limit. Zero joining fee. Apply: bit.ly/NYxdvF,Promo,Promo_14
"Class  shifted to room 6596, come fast",Personal,Hard_6
Your Vi pack expires tomorrow. Recharge with INR 1648 for 2GB/day + unlimited calls.,Promo,Promo_10
991909 is your OTP for Meesho login. Valid for 5 minutes. Do not share with anyone.,OTP,OTP_0
pre-approved! get a hdfc bank credit card with rs.221841 limit. zero joining fee. apply: bit.ly/oeceuf,Promo,Promo_14
Beware  of fraud calls asking for card details. Axis Bank officials never ask for PIN or CVV.,Bank,Bank_15
Coupon 4383 gives you free delivery on orders above INR 4785. -Swiggy,Promo,Hard_1
"Class shifted to room 2589, come fast",Personal,Hard_6
Confirmation code 274617 for Swiggy. Keep it private.,OTP,OTP_11
813513 - use this code to sign in to Swiggy. Never share it with anyone.,OTP,OTP_7
Your FD of Rs.60650 matures on 29-01-26. Renew or withdraw via netbanking. -HDFC Bank,Bank,Bank_14
IRCTC: Special trains added for festive season. Book early & save up to 10%.,Promo,Promo_17
G-255030 is your Google verification code.,OTP,OTP_12
Rs.80698 credited to A/c XX3861 on 02-06-26. Avl Bal: Rs.265916. -BOB STOP to opt out,Bank,Bank_1
Your Swiggy order OD5976421474 has been shipped via XpressBees. Track: bit.ly/GMFgnt,Delivery,Delivery_0
loved your recent zomato order? reorder in 1 tap and get 30% off today.,Promo,Promo_22
LOW BALANCE ALERT: A/C XX3572 BALANCE IS RS.164554. MAINTAIN MIN BALANCE TO AVOID CHARGES.,Bank,Bank_10
Delivery attempt failed for order OD2803383599. We will retry tomorrow. -Ekart,Delivery,Delivery_5
BigBasket: Your cart misses you! Complete purchase now & get 80% off. bit.ly/XBQTDO,Promo,Promo_4
Hungry?  Get 20% off up to Rs.1769 on your next 3 orders. Code: EAT67. -Zomato,Promo,Promo_12
<#> 635030 is your bigbasket code. valid 5 min. ha8sk2lqp3,OTP,OTP_13
Enter 255489 to verify your mobile number for Myntra.,OTP,OTP_10
salary of rs.16295 credited to a/c xx8575. avl bal: rs.410466. -icici bank,Bank,Bank_7
ORDER OD9630735317 PACKED AND READY! EXPECTED DISPATCH BY 05 JUL. -SWIGGY,Delivery,Delivery_8
"Hey, my new number is +917342878685. Save it! Meet at noon?",Personal,Hard_4
Your Flipkart order OD1636808809 has been shipped via Ekart. Track: bit.ly/ChWbvB,Delivery,Delivery_0
Rs.3950  credited to A/c XX6562 on 03-06-26. Avl Bal: Rs.92861. -SBI,Bank,Bank_1
"BRO SEND ME RS.1968 ON GPAY, WILL RETURN BY 04 JUL",Personal,Hard_5
Your A/c XX9993 is debited with INR 60644 on 20-05-26. Info: UPI-Harita. Bal: INR 286888,Bank,Bank_2
  796694 - use this to sign in. Never share this code with anyone.,OTP,Hard_7
Your one time password is 87937 for Meesho. Please do not share it.,OTP,OTP_5
953506 is your hotstar security code. anyone asking for it is a scammer.,OTP,OTP_9
Last day! Amazon clearance sale ends tonight. Up to 60% off sitewide.,Promo,Promo_8
Items in your order history are back in stock at Zomato. Prices start INR 922.,Promo,Promo_23
KYC update pending for A/c XX9967. Please visit your nearest ICICI Bank branch by 02-05-26 to avoid restrictions.,Bank,Bank_12
Out for delivery: Your BigBasket package OD2183597929 will arrive today by 12 PM. -DTDC,Delivery,Delivery_1
Auto-pay of Rs.34397 to Yamini is scheduled on 15-03-26 from A/c XX4474. Ensure sufficient balance. T&C apply,Bank,Bank_13
Radha from XpressBees is arriving with your package. Contact: 2230153649,Delivery,Delivery_6
auto-pay of rs.98131 to tara is scheduled on 01-07-26 from a/c xx6153. ensure sufficient balance.,Bank,Bank_13
EMI  of Rs.25380 due on 21-02-26 for loan A/c XX2233. Pay now to avoid charges. -ICICI Bank,Bank,Bank_4
561211 is your GPay security code. Anyone asking for it is a scammer. -TM,OTP,OTP_9
Your Axis Bank debit card XX6999 has been blocked due to suspicious activity. Visit branch or call 1800-XXX to unblock.,Bank,Bank_11
Your FD of Rs.28749 matures on 25-04-26. Renew or withdraw via netbanking. -HDFC Bank,Bank,Bank_14
your one time password is 247985 for uber. please do not share it.,OTP,OTP_5
<#> 567919 is ur BOB code. Valid 2 min. hA8sk2Lqp3,OTP,OTP_13
Out for delivery: Your Swiggy package OD7321187261 will arrive today by 6 PM. -BlueDart,Delivery,Delivery_1
BOB: 202040 is your login OTP. It expires in 10 minutes.,OTP,OTP_6
GPay: 636092 is your login OTP. It expires in 2 minutes.,OTP,OTP_6
  Hungry? Get 20% off up to Rs.514 on your next 3 orders. Code: EAT17. -Zomato,Promo,Promo_12
Loved your recent Flipkart order? Reorder in 1 tap and get 70% off today.,Promo,Promo_22
Convert your Axis Bank card purchase of Rs.1094 into easy EMIs at 0% interest Reply YES,Promo,Promo_15
Salary of Rs.9960 credited to A/c XX9997. Avl Bal: Rs.233898. -ICICI Bank,Bank,Bank_7
  397463 is your Swiggy security code. Anyone asking for it is a scammer.,OTP,OTP_9
mega sale! get 20% off on all products at meesho. shop now: bit.ly/qwsgnx t&c apply.,Promo,Promo_0
"Bro send me Rs.1760 on gpay, will return by 02 Jul",Personal,Hard_5
Confirmation code 72856 for BOB. Keep it private.,OTP,OTP_11
<#> 396131 IS YOUR ZOMATO CODE. VALID 5 MIN. HA8SK2LQP3,OTP,OTP_13
"Ur PNB health insurance renewal is due 04 Jul. Renew online, save 50% on premium.",Promo,Promo_24
<#> 951174 is your Kotak code. Valid 5 min. hA8sk2Lqp3,OTP,OTP_13
Your Hotstar plan renews on 06 Jul at Rs.700. Upgrade to 4K for Rs.408/month.,Promo,Promo_18
  Your Swiggy order OD7091770082 has been shipped via Delhivery. Track: bit.ly/hVkjEm,Delivery,Delivery_0
  Beware of fraud calls asking for card details. SBI officials never ask for PIN or CVV.,Bank,Bank_15
Your one time password is 459006 for Hotstar Please do not share it,OTP,OTP_5
"  Bro send me Rs.4334 on gpay, will return by 06 Jul",Personal,Hard_5
Rs.21439 debited from A/c XX4129 on 09-03-26 to Zinal. Avl Bal: Rs.453508. -HDFC Bank,Bank,Bank_0
Last day! Zomato clearance sale ends tonight. Up to 20% off sitewide.,Promo,Promo_8
Loved your recent Swiggy order? Reorder in 1 tap and get 70% off today,Promo,Promo_22
Rs.1734 cashback credited to your Paytm wallet Use on your next order,Promo,Promo_21
Your BOB debit card XX4550 has been blocked due to suspicious activity. Visit branch or call 1800-XXX to unblock.,Bank,Bank_11
Pre-approved! Get a ICICI Bank credit card with Rs.126487 limit. Zero joining fee. Apply: bit.ly/Samuqf,Promo,Promo_14
Tap to verify: 725409. This code expires shortly.,OTP,Hard_9
Your BigBasket code: 88674,OTP,OTP_8
Beware of fraud calls asking for card details. BOB officials never ask for PIN or CVV.,Bank,Bank_15
Order OD4810456820 packed and ready! Expected dispatch by 06 Jul. -Zomato,Delivery,Delivery_8
  OTP for delivery of order OD5596587311 is 4840. Share only with the delivery agent. -Ekart,Delivery,Delivery_9
  Your A/c XX5134 is debited with Rs.45611 on 19-01-26. Info: UPI-Nandini. Bal: Rs.120435,Bank,Bank_2
Order OD5749279523 packed and ready! Expected dispatch by 06 Jul -BigBasket,Delivery,Delivery_8
"HI JAGVI, UNLOCK RS.1228 OFF YOUR FIRST ORDER AT MYNTRA WITH CODE NEW60.",Promo,Promo_7
Auto-pay  of Rs.32065 to Qarin is scheduled on 27-05-26 from A/c XX2225. Ensure sufficient balance.,Bank,Bank_13
auto-pay of rs.89766 to anthony is scheduled on 28-02-26 from a/c xx1631. ensure sufficient balance.,Bank,Bank_13
Delivered! Your Swiggy order OD4134745869 was delivered on 05 Jul. Rate your experience: bit.ly/EqSYQS,Delivery,Delivery_2
alert: rs.97902 withdrawn from atm using card xx3615 on 06-06-26. bal: rs.473624. -pnb,Bank,Bank_3
use code 4646 at checkout for 10% off at swiggy!,Promo,Hard_0
Items in your order history are back in stock at BigBasket. Prices start Rs.1727.,Promo,Promo_23
YOUR A/C XX4306 IS DEBITED WITH RS.61875 ON 28-03-26. INFO: UPI-URVASHI. BAL: RS.287320,Bank,Bank_2
Enter 63040 to verify ur mobile number for Amazon.,OTP,OTP_10
Cheque no. 283861381359 for Rs.5970 has been cleared from A/c XX7125. -PNB,Bank,Bank_8
Pay Rs.2402 on delivery for order OD407460439. -BlueDart,Delivery,Hard_10
Salary of Rs.19600 credited to A/c XX1057 Avl Bal: Rs.326050 -BOB,Bank,Bank_7
Interest of Rs.67007 credited to your FD A/c XX6707. -Kotak,Bank,Bank_9
Convert your Axis Bank card purchase of Rs.360 into easy EMIs at 0% interest. Reply YES.,Promo,Promo_15
Dear customer ur PNB account will be blocked! Update KYC now: bit.ly/QKTIWv,Spam,Hard_11
otp for delivery of order od4241407699 is 6694. share only with the delivery agent. -bluedart,Delivery,Delivery_9
DELIVERY ATTEMPT FAILED FOR ORDER OD9015403655. WE WILL RETRY TOMORROW. -DTDC,Delivery,Delivery_5
KYC update pending for A/c XX4354. Please visit your nearest Kotak branch by 17-02-26 to avoid restrictions.,Bank,Bank_12
interest of rs.30005 credited to your fd a/c xx6071. -kotak,Bank,Bank_9
501397 - use this to sign in. Never share this code with anyone.,OTP,Hard_7
Your Uber code: 2318,OTP,Hard_8
  Loved your recent Myntra order? Reorder in 1 tap and get 80% off today.,Promo,Promo_22
Recharge with Rs.343 & get 70% extra talktime. Offer valid today only!,Promo,Promo_5
931054 is ur OTP for SBI login. Valid for 5 minutes. Do not share with anyone.,OTP,OTP_0
Flight fares dropped! HYD-LKO from Rs.1007. Book on MakeMyTrip before midnight. -TM,Promo,Promo_16
Your credit card XX6403 statement is ready. Total due: Rs.29872. Min due: Rs.2858. -Axis Bank,Bank,Bank_5
Your account statement for July is available. Download from the Axis Bank app.,Bank,Bank_16
  Your Meesho order OD5724921316 has been shipped via DTDC. Track: bit.ly/QfMCYl,Delivery,Delivery_0
173795 is your OTP for Meesho login Valid for 15 minutes Do not share with anyone,OTP,OTP_0
984711 is your OTP for BigBasket login. Valid for 5 minutes. Do not share with anyone. STOP to opt out,OTP,OTP_0
Auto-pay of Rs.36873 to Dakshesh is scheduled on 18-01-26 from A/c XX9607. Ensure sufficient balance.,Bank,Bank_13
Ur A/c XX2904 is debited with Rs.32504 on 11-03-26. Info: UPI-Ladli. Bal: Rs.402691,Bank,Bank_2
ALERT: Rs.20028 withdrawn from ATM using card XX5955 on 21-05-26. Bal: Rs.363080. -Axis Bank,Bank,Bank_3
CONVERT YOUR PNB CARD PURCHASE OF RS.1178 INTO EASY EMIS AT 0% INTEREST. REPLY YES.,Promo,Promo_15
Zomato: 150025 is your login OTP. It expires in 10 minutes.,OTP,OTP_6
LOVED YOUR RECENT SWIGGY ORDER? REORDER IN 1 TAP AND GET 60% OFF TODAY.,Promo,Promo_22
Delivered! Your Flipkart order OD4207791351 was delivered on 02 Jul. Rate your experience: bit.ly/FeYfEu,Delivery,Delivery_2
Congratulations! You won Rs.1371247 in lucky draw. Claim: bit.ly/NgWzos -TM,Spam,Hard_12
LAST DAY! AMAZON CLEARANCE SALE ENDS TONIGHT. UP TO 30% OFF SITEWIDE.,Promo,Promo_8
rs.84470 debited from a/c xx3194 on 29-06-26 to xiti. avl bal: rs.482702. -bob,Bank,Bank_0
Your SBI debit card XX8754 has been blocked due to suspicious activity. Visit branch or call 1800-XXX to unblock.,Bank,Bank_11
exclusive for you! buy 1 get 1 free at zomato. limited period offer. visit bit.ly/mayffz,Promo,Promo_3
Auto-pay of Rs.45025 to Chaitaly is scheduled on 18-05-26 from A/c XX4477. Ensure sufficient balance.,Bank,Bank_13
"hey, my new number is 00256123813. save it! meet at tonight?",Personal,Hard_4
Your credit card XX8345 statement is ready. Total due: Rs.75306. Min due: Rs.4646. -Kotak,Bank,Bank_5
Your A/c XX1806 is debited with Rs.10027 on 31-01-26. Info: UPI-Azad. Bal: Rs.313500,Bank,Bank_2
Salary of Rs.48678 credited to A/c XX5887. Avl Bal: Rs.222412. -BOB,Bank,Bank_7
  Your account statement for June is available. Download from the BOB app.,Bank,Bank_16
Interest of Rs.24571 credited to your FD A/c XX4347. -HDFC Bank -TM,Bank,Bank_9
KYC update pending for A/c XX4435. Please visit your nearest PNB branch by 27-02-26 to avoid restrictions.,Bank,Bank_12
Delivery attempt failed for order OD3968315414 We will retry tomorrow -Delhivery,Delivery,Delivery_5
Recharge with Rs.390 & get 50% extra talktime Offer valid today only!,Promo,Promo_5
Rs.36981 debited from A/c XX4958 on 07-05-26 to Nirja. Avl Bal: Rs.391200. -PNB,Bank,Bank_0
Low balance alert: A/c XX4117 balance is Rs.49084. Maintain min balance to avoid charges.,Bank,Bank_10
"HI ABDUL, UNLOCK RS.481 OFF YOUR FIRST ORDER AT SWIGGY WITH CODE NEW40.",Promo,Promo_7
Exclusive for you! Buy 1 Get 1 FREE at Flipkart. Limited period offer. Visit bit.ly/EaDxVs,Promo,Promo_3
628698 - use this to sign in. Never share this code with anyone.,OTP,Hard_7
Auto-pay of Rs.63941 to Yashasvi is scheduled on 17-06-26 from A/c XX7816. Ensure sufficient balance.,Bank,Bank_13
Delivered! Your Zomato order OD5837096246 was delivered on 02 Jul. Rate your experience: bit.ly/GkqpRn,Delivery,Delivery_2
Work from home! Earn Rs.2214229/month. Join: bit.ly/BNHiuX,Spam,Hard_14
Your Hotstar plan renews on 04 Jul at Rs.1461. Upgrade to 4K for Rs.843/month.,Promo,Promo_18
YOUR ONE TIME PASSWORD IS 75905 FOR NETFLIX. PLEASE DO NOT SHARE IT.,OTP,OTP_5
Devika from Ekart is arriving with your package. Contact: +916457748951,Delivery,Delivery_6
<#> 830356 is your Meesho code. Valid 30 min. hA8sk2Lqp3,OTP,OTP_13
  Use 198287 to complete your Amazon registration. Valid till 2 mins.,OTP,OTP_4
844980 is your verification code for Kotak. Never share your OTP.,OTP,OTP_3
OTP-based login was enabled for your A/c XX9482. Call BOB if this wasn't you.,Bank,Hard_2
Use code 1165 at checkout for 10% off at Swiggy!,Promo,Hard_0
Low balance alert: A/c XX6302 balance is INR 151701. Maintain min balance to avoid charges.,Bank,Bank_10
605931 is your verification code for Swiggy. Never share your OTP. STOP to opt out,OTP,OTP_3
952605 is your OTP for Flipkart login. Valid for 5 minutes. Do not share with anyone.,OTP,OTP_0
908289 is your OTP for Hotstar login. Valid for 10 minutes. Do not share with anyone.,OTP,OTP_0
G-580676 is your Google verification code.,OTP,OTP_12
Hungry? Get 50% off up to Rs.1633 on your next 3 orders. Code: EAT48. -Swiggy,Promo,Promo_12
Your  credit card XX6512 statement is ready. Total due: Rs.11875. Min due: Rs.4479. -Axis Bank,Bank,Bank_5
your vi pack expires tomorrow. recharge with rs.374 for 3gb/day + unlimited calls.,Promo,Promo_10
465890 - use this to sign in. Never share this code with anyone.,OTP,Hard_7
Pay INR 1448 on delivery for order OD536614934. -Delhivery,Delivery,Hard_10
"Class shifted to room 3512, come fast",Personal,Hard_6
"Hey,  my new number is +912085019036. Save it! Meet at 8?",Personal,Hard_4
Auto-pay of Rs.56456 to Oni is scheduled on 21-01-26 from A/c XX6242. Ensure sufficient balance.,Bank,Bank_13
Use 662731 to complete your ICICI Bank registration. Valid till 15 mins.,OTP,OTP_4
G-783913 IS YOUR GOOGLE VERIFICATION CODE.,OTP,OTP_12
Salary of Rs.68282 credited to A/c XX3556. Avl Bal: Rs.118336. -Kotak,Bank,Bank_7
Your ICICI Bank debit card XX9533 has been blocked due to suspicious activity Visit branch or call 1800-XXX to unblock,Bank,Bank_11
Work from home! Earn Rs.2364074/month. Join: bit.ly/dNXWbJ,Spam,Hard_14
Rs.63015 debited from A/c XX1867 on 07-04-26 to Amara Avl Bal: Rs.180842 -HDFC Bank,Bank,Bank_0
"Class shifted to room 8944, come fast",Personal,Hard_6
724181 is your HDFC Bank security code. Anyone asking for it is a scammer.,OTP,OTP_9
Your return pickup for order OD9132302726 is scheduled on 05 Jul Keep the item ready -Amazon,Delivery,Delivery_7
  Recharge with Rs.1373 & get 80% extra talktime. Offer valid today only!,Promo,Promo_5
Confirmation  code 534674 for HDFC Bank. Keep it private.,OTP,OTP_11
Zomato: Free delivery all weekend! Order your favourites now.,Promo,Promo_13
Swiggy: Free delivery all weekend! Order your favourites now.,Promo,Promo_13
IRCTC: Special trains added for festive season. Book early & save up to 70%.,Promo,Promo_17
OTP for delivery of order OD3715183032 is 5868. Share only with the delivery agent. -Ekart,Delivery,Delivery_9
Your order OD7019907423 from Swiggy is arriving tomorrow. Keep Rs.2169 ready for COD.,Delivery,Delivery_3
Missed our shows? Come back to Netflix at 50% off for 3 months. Resubscribe: bit.ly/bEHjjG,Promo,Promo_19
Loved your recent BigBasket order? Reorder in 1 tap and get 10% off today. T&C apply,Promo,Promo_22
Ur order OD3095619566 from Swiggy is arriving tomorrow. Keep Rs.2015 ready for COD.,Delivery,Delivery_3
Zomato: Your cart misses you! Complete purchase now & get 70% off. bit.ly/FNOFcz,Promo,Promo_4
Your FD of Rs.21578 matures on 03-04-26. Renew or withdraw via netbanking. -ICICI Bank T&C apply,Bank,Bank_14
rs.65814 credited to a/c xx6266 on 27-01-26. avl bal: rs.398616. -bob,Bank,Bank_1
  Your account statement for June is available. Download from the HDFC Bank app.,Bank,Bank_16
Swiggy: Free delivery all weekend! Order your favourites now.,Promo,Promo_13
KYC update pending for A/c XX3230. Please visit ur nearest Axis Bank branch by 01-03-26 to avoid restrictions.,Bank,Bank_12
Cheque no. 304449811513 for Rs.11561 has been cleared from A/c XX1033. -ICICI Bank,Bank,Bank_8
G-823089 is your Google verification code.,OTP,OTP_12
Work from home! Earn Rs.122951/month. Join: bit.ly/cczGxQ T&C apply,Spam,Hard_14
Zomato: Your cart misses you! Complete purchase now & get 70% off. bit.ly/JHLACy,Promo,Promo_4
Delivery attempt failed for order OD9831252212. We will retry tomorrow. -DTDC,Delivery,Delivery_5
Rs.71612 debited from A/c XX5188 on 27-06-26 to Anirudh Avl Bal: Rs.147970 -PNB,Bank,Bank_0
Your credit card XX4417 statement is ready. Total due: Rs.40267. Min due: Rs.807. -PNB,Bank,Bank_5
AMAZON BIG BILLION DAYS! UP TO 60% OFF + EXTRA 10% WITH PNB CARDS. HURRY!,Promo,Promo_1
Beware of fraud calls asking for card details. BOB officials never ask for PIN or CVV.,Bank,Bank_15
otp for delivery of order od3244150104 is 5299. share only with the delivery agent. -dtdc,Delivery,Delivery_9
  Your Uber code: 7235,OTP,Hard_8
Your Airtel pack expires tomorrow. Recharge with Rs.677 for 1.5GB/day + unlimited calls.,Promo,Promo_10
pre-approved! get a bob credit card with rs.157868 limit. zero joining fee. apply: bit.ly/luxusc,Promo,Promo_14
615200 - use this code to sign in to GPay. Never share it with anyone.,OTP,OTP_7
Amazon Big Billion Days! Up to 10% off + extra 10% with HDFC Bank cards. Hurry! T&C apply,Promo,Promo_1
flat rs.1072 cashback on your next order at swiggy. use code save91. valid till 05 jul.,Promo,Promo_2
RS.772 CASHBACK CREDITED TO YOUR PAYTM WALLET. USE ON YOUR NEXT ORDER.,Promo,Promo_21
ALERT: Rs.30906 withdrawn from ATM using card XX9391 on 03-03-26. Bal: Rs.103509. -HDFC Bank,Bank,Bank_3
507473 is your OTP for Kotak login. Valid for 5 minutes. Do not share with anyone.,OTP,OTP_0
ALERT: Rs.72679 withdrawn from ATM using card XX9644 on 22-02-26 Bal: Rs.392534 -SBI,Bank,Bank_3
Your OTP is 411259. Use it to verify your Axis Bank account. Expires in 30 min. T&C apply,OTP,OTP_1
  Cheque no. 777989700428 for Rs.27615 has been cleared from A/c XX5864. -PNB,Bank,Bank_8
Use code 5126 at checkout for 50% off at Flipkart!,Promo,Hard_0
Weekend special at BigBasket! Min 60% off on everything. Don't miss out: bit.ly/TMcBky STOP to opt out,Promo,Promo_6
Swiggy: Your cart misses you! Complete purchase now & get 40% off. bit.ly/kSqKiZ,Promo,Promo_4
MEGA SALE! Get 20% OFF on all products at Swiggy. Shop now: bit.ly/VazdRU T&C apply.,Promo,Promo_0
Your Uber code: 6400,OTP,Hard_8
your return pickup for order od7661492228 is scheduled on 01 jul. keep the item ready. -swiggy,Delivery,Delivery_7
INR 71654 credited to A/c XX7978 on 12-01-26. Avl Bal: INR 274109. -BOB,Bank,Bank_1
"CLASS SHIFTED TO ROOM 7472, COME FAST",Personal,Hard_6
"Never share your OTP, PIN or CVV. BOB never asks for these. Stay safe.",Bank,Hard_3
179957 - use this to sign in. Never share this code with anyone.,OTP,Hard_7
Your credit card XX5268 statement is ready. Total due: Rs.52710. Min due: Rs.4465. -SBI,Bank,Bank_5
546750 - use this to sign in. Never share this code with anyone.,OTP,Hard_7
Your one time password is 162588 for Myntra. Please do not share it.,OTP,OTP_5
OTP:  665271 for txn of Rs.48283 at Kotak. Do not share. -HDFC Bank,OTP,OTP_2
Order OD1852367735 packed and ready! Expected dispatch by 06 Jul. -Amazon T&C apply,Delivery,Delivery_8
Dear customer ur BOB account will be blocked! Update KYC now: bit.ly/cNwqxi,Spam,Hard_11
You have 4162 reward points expiring on 03 Jul. Redeem on BigBasket.,Promo,Promo_20
Convert your ICICI Bank card purchase of Rs.1879 into easy EMIs at 0% interest. Reply YES.,Promo,Promo_15
Delivered! Ur Swiggy order OD2441411631 was delivered on 05 Jul. Rate ur experience: bit.ly/QWeIEa,Delivery,Delivery_2
Sanaya from Ekart is arriving with your package. Contact: +918099575319,Delivery,Delivery_6
UPI payment of INR 31019 to Yoshita successful. UPI Ref: 954562844350. -HDFC Bank,Bank,Bank_6
order od1446082308 packed and ready! expected dispatch by 05 jul. -swiggy,Delivery,Delivery_8
  Convert your Axis Bank card purchase of Rs.1835 into easy EMIs at 0% interest. Reply YES.,Promo,Promo_15
MEGA SALE! Get 40% OFF on all products at Zomato. Shop now: bit.ly/meoueW T&C apply.,Promo,Promo_0
384291 - use this code to sign in to IRCTC Never share it with anyone,OTP,OTP_7
"Hey, my new number is 7419695068. Save it! Meet at noon?",Personal,Hard_4
Delivery attempt failed for order OD2756757636. We will retry tomorrow. -Ekart,Delivery,Delivery_5
Ur BigBasket order OD4305294789 has been shipped via Delhivery. Track: bit.ly/HsTXud,Delivery,Delivery_0
Your  return pickup for order OD3253022057 is scheduled on 06 Jul. Keep the item ready. -Amazon,Delivery,Delivery_7
Jackson from Ekart is arriving with your package. Contact: 07649073552,Delivery,Delivery_6
  Cheque no. 408745908242 for Rs.23184 has been cleared from A/c XX7820. -PNB,Bank,Bank_8
Your Swiggy code: 84971,OTP,OTP_8
Your SIM will be deactivated in 24hrs. Verify Aadhaar: bit.ly/witGMi,Spam,Hard_13
work from home! earn rs.1724091/month. join: bit.ly/jajkhr,Spam,Hard_14
Your order OD7907357846 from Swiggy is arriving tomorrow. Keep Rs.3350 ready for COD. T&C apply,Delivery,Delivery_3
Delivered! Your Zomato order OD5472729712 was delivered on 02 Jul. Rate your experience: bit.ly/PgXxRQ T&C apply,Delivery,Delivery_2
OTP-based login was enabled for your A/c XX2401. Call ICICI Bank if this wasn't you.,Bank,Hard_2
Meesho Big Billion Days! Up to 80% off + extra 10% with PNB cards. Hurry!,Promo,Promo_1
YOUR ORDER OD9926503597 FROM MYNTRA IS ARRIVING TOMORROW. KEEP RS.1697 READY FOR COD.,Delivery,Delivery_3
Tap to verify: 915191. This code expires shortly. -TM,OTP,Hard_9
Low  balance alert: A/c XX6675 balance is Rs.203972. Maintain min balance to avoid charges.,Bank,Bank_10
  Your FD of Rs.99834 matures on 26-01-26. Renew or withdraw via netbanking. -Axis Bank,Bank,Bank_14
Work from home! Earn Rs.914482/month Join: bitly/ixtGfH,Spam,Hard_14
"never share your otp, pin or cvv. axis bank never asks for these. stay safe.",Bank,Hard_3
Beware  of fraud calls asking for card details. BOB officials never ask for PIN or CVV.,Bank,Bank_15
"Class shifted to room 7347, come fast",Personal,Hard_6
Zomato: Free delivery all weekend! Order your favourites now.,Promo,Promo_13
Your credit card XX5077 statement is ready. Total due: Rs.27392. Min due: Rs.1855. -BOB,Bank,Bank_5
Congratulations! You won Rs.1321656 in lucky draw. Claim: bit.ly/JipvJE T&C apply,Spam,Hard_12
Your one time password is 24226 for Kotak. Please do not share it.,OTP,OTP_5
Your FD of Rs.21241 matures on 30-05-26. Renew or withdraw via netbanking. -Kotak -TM,Bank,Bank_14
OTP for delivery of order OD1743676053 is 4170. Share only with the delivery agent. -DTDC,Delivery,Delivery_9
out for delivery: your myntra package od2796830329 will arrive today by 12 pm. -xpressbees,Delivery,Delivery_1
Ur FD of Rs.27546 matures on 06-07-26. Renew or withdraw via netbanking. -Kotak,Bank,Bank_14
FLAT RS.1266 CASHBACK ON YOUR NEXT ORDER AT FLIPKART. USE CODE SAVE21. VALID TILL 06 JUL.,Promo,Promo_2
Cheque no. 258801825650 for Rs.29856 has been cleared from A/c XX8207. -SBI STOP to opt out,Bank,Bank_8
Hotstar: 749997 is your login OTP. It expires in 2 minutes.,OTP,OTP_6
Out for delivery: Your Amazon package OD7166197172 will arrive today by 12 PM -DTDC,Delivery,Delivery_1
  Your SIM will be deactivated in 24hrs. Verify Aadhaar: bit.ly/nePoLT,Spam,Hard_13
  Your Meesho order OD5961452075 has been shipped via BlueDart. Track: bit.ly/BFFsFQ,Delivery,Delivery_0
Your credit card XX7281 statement is ready. Total due: Rs.42370. Min due: Rs.4752. -Axis Bank,Bank,Bank_5
YOUR CREDIT CARD XX5870 STATEMENT IS READY. TOTAL DUE: RS.11967. MIN DUE: RS.3966. -HDFC BANK,Bank,Bank_5
  OTP: 293026 for txn of Rs.41169 at Paytm. Do not share. -Kotak,OTP,OTP_2
KYC update pending for A/c XX1697. Please visit your nearest Axis Bank branch by 08-01-26 to avoid restrictions.,Bank,Bank_12
YOUR SONYLIV PLAN RENEWS ON 05 JUL AT RS.1531. UPGRADE TO 4K FOR RS.437/MONTH.,Promo,Promo_18
Tap  to verify: 992002. This code expires shortly.,OTP,Hard_9
156286  is your verification code for Amazon. Never share your OTP.,OTP,OTP_3
  Beware of fraud calls asking for card details. ICICI Bank officials never ask for PIN or CVV.,Bank,Bank_15
rs.724 cashback credited to your phonepe wallet. use on your next order.,Promo,Promo_21
UPI payment of Rs.17216 to Hardik successful. UPI Ref: 305508595784. -BOB,Bank,Bank_6
Dear customer ur HDFC Bank account will be blocked! Update KYC now: bit.ly/URIMWd,Spam,Hard_11
<#> 832398 IS YOUR ICICI BANK CODE. VALID 10 MIN. HA8SK2LQP3,OTP,OTP_13
Low balance alert: A/c XX8476 balance is Rs.87490 Maintain min balance to avoid charges,Bank,Bank_10
"Class shifted to room 9190, come fast",Personal,Hard_6
246682 - use this to sign in. Never share this code with anyone.,OTP,Hard_7
use 514033 to complete your flipkart registration. valid till 5 mins.,OTP,OTP_4
Weekend special at Swiggy! Min 40% off on everything Don't miss out: bitly/RclXwy,Promo,Promo_6
DTDC: Shipment OD4936184415 reached ur city hub. Expected delivery: 03 Jul.,Delivery,Delivery_4
g-481854 is your google verification code.,OTP,OTP_12
Rs.48773 credited to A/c XX6018 on 07-04-26. Avl Bal: Rs.160678. -SBI,Bank,Bank_1
Your Flipkart membership expires soon. Renew now & save 40%: bit.ly/wXhDpD,Promo,Promo_9
Your one time password is 911756 for BOB. Please do not share it.,OTP,OTP_5
  Hemal from XpressBees is arriving with your package. Contact: 08532103070,Delivery,Delivery_6
Flipkart: Your cart misses you! Complete purchase now & get 60% off. bit.ly/OUaXXX,Promo,Promo_4
Your Zomato order OD3382815647 has been shipped via Delhivery. Track: bit.ly/xxzVPg,Delivery,Delivery_0
Use 990085 to complete your PNB registration. Valid till 15 mins.,OTP,OTP_4
  764988 - use this code to sign in to Zomato. Never share it with anyone.,OTP,OTP_7
  Salary of Rs.9552 credited to A/c XX4806. Avl Bal: Rs.423787. -Kotak,Bank,Bank_7
OTP: 949298 for txn of Rs.2149 at Flipkart. Do not share. -PNB,OTP,OTP_2
INTEREST OF RS.40987 CREDITED TO YOUR FD A/C XX5053. -BOB,Bank,Bank_9
Missed our shows? Come back to Hotstar at 50% off for 3 months. Resubscribe: bit.ly/YjMpIz,Promo,Promo_19
Congratulations! You won Rs.1812126 in lucky draw. Claim: bit.ly/TnrpoH T&C apply,Spam,Hard_12
Your credit card XX7814 statement is ready. Total due: Rs.59668. Min due: Rs.1998. -SBI,Bank,Bank_5
Your credit card XX5552 statement is ready. Total due: Rs.69565. Min due: Rs.2306. -ICICI Bank,Bank,Bank_5
Order OD2497287639 packed and ready! Expected dispatch by 02 Jul. -Swiggy,Delivery,Delivery_8
OTP: 167345 for txn of Rs.36889 at BigBasket. Do not share. -BOB,OTP,OTP_2
275882 is your verification code for Ola. Never share your OTP.,OTP,OTP_3
934255 - USE THIS TO SIGN IN. NEVER SHARE THIS CODE WITH ANYONE.,OTP,Hard_7
Confirmation code 511721 for Axis Bank. Keep it private. STOP to opt out,OTP,OTP_11
G-458128 is your Google verification code.,OTP,OTP_12
OUT FOR DELIVERY: YOUR ZOMATO PACKAGE OD4841842209 WILL ARRIVE TODAY BY 12 PM. -BLUEDART,Delivery,Delivery_1
Your  FD of Rs.48640 matures on 12-04-26. Renew or withdraw via netbanking. -SBI,Bank,Bank_14
"Never share your OTP, PIN or CVV. PNB never asks for these. Stay safe.",Bank,Hard_3
flat rs.814 cashback on your next order at bigbasket. use code save96. valid till 01 jul.,Promo,Promo_2
Use 961068 to complete ur Amazon registration. Valid till 5 mins.,OTP,OTP_4
BEWARE OF FRAUD CALLS ASKING FOR CARD DETAILS. KOTAK OFFICIALS NEVER ASK FOR PIN OR CVV.,Bank,Bank_15
Your credit card XX7170 statement is ready. Total due: Rs.24713. Min due: Rs.4434. -Kotak,Bank,Bank_5
Flight fares dropped! DEL-MAA from Rs.1238. Book on Goibibo before midnight.,Promo,Promo_16
  Your Myntra membership expires soon. Renew now & save 20%: bit.ly/SwsJMN,Promo,Promo_9
your amazon code: 763591,OTP,OTP_8
UPI payment of Rs.76139 to Urvi successful. UPI Ref: 322558338112. -HDFC Bank,Bank,Bank_6
ALERT: Rs.41329 withdrawn from ATM using card XX3001 on 14-01-26. Bal: Rs.117748. -SBI,Bank,Bank_3
OTP for delivery of order OD1529379118 is 6153. Share only with the delivery agent. -DTDC,Delivery,Delivery_9
"Hi Balendra, unlock Rs.295 off your first order at Zomato with code NEW37.",Promo,Promo_7
519427 - use this code to sign in to Zomato. Never share it with anyone. -TM,OTP,OTP_7
YOUR AIRTEL PACK EXPIRES TOMORROW. RECHARGE WITH RS.1114 FOR 1GB/DAY + UNLIMITED CALLS.,Promo,Promo_10
Use 478697 to complete your HDFC Bank registration. Valid till 10 mins.,OTP,OTP_4
Data  exhausted? Get 3GB extra with Rs.1105 booster pack. Dial *121# or visit app.,Promo,Promo_11
Order OD9737856572 packed and ready! Expected dispatch by 04 Jul -Myntra,Delivery,Delivery_8
Loved your recent Flipkart order? Reorder in 1 tap and get 50% off today. -TM,Promo,Promo_22
Your one time password is 346546 for Netflix Please do not share it,OTP,OTP_5
  Tap to verify: 120550. This code expires shortly.,OTP,Hard_9
IRCTC: Special trains added for festive season. Book early & save up to 80%.,Promo,Promo_17
Loved your recent Meesho order? Reorder in 1 tap and get 40% off today.,Promo,Promo_22
use code 3126 at checkout for 25% off at swiggy!,Promo,Hard_0
YOUR SONYLIV PLAN RENEWS ON 03 JUL AT RS.1971. UPGRADE TO 4K FOR RS.498/MONTH.,Promo,Promo_18
Dear customer ur SBI account will be blocked! Update KYC now: bit.ly/waTYMp,Spam,Hard_11
Nitesh  from Delhivery is arriving with your package. Contact: 8670504173,Delivery,Delivery_6
Beware  of fraud calls asking for card details. SBI officials never ask for PIN or CVV.,Bank,Bank_15
Out for delivery: Ur Amazon package OD8581012810 will arrive today by 12 PM. -Ekart,Delivery,Delivery_1
Ur OTP is 842198. Use it to verify ur Axis Bank account. Expires in 10 min.,OTP,OTP_1
Salary of Rs.29823 credited to A/c XX9418. Avl Bal: Rs.412699. -PNB,Bank,Bank_7
Use 35682 to complete your SBI registration. Valid till 15 mins.,OTP,OTP_4
Your GPay code: 588283,OTP,OTP_8
<#> 336102 is your IRCTC code. Valid 10 min. hA8sk2Lqp3,OTP,OTP_13
your order od6579130533 from swiggy is arriving tomorrow. keep rs.981 ready for cod.,Delivery,Delivery_3
Flight fares dropped! BOM-PNQ from Rs.238. Book on ixigo before midnight.,Promo,Promo_16
DELIVERED! YOUR BIGBASKET ORDER OD2939051891 WAS DELIVERED ON 04 JUL. RATE YOUR EXPERIENCE: BIT.LY/CMNBEF,Delivery,Delivery_2
Your order OD6744587436 from Meesho is arriving tomorrow. Keep Rs.725 ready for COD.,Delivery,Delivery_3
Exclusive  for you! Buy 1 Get 1 FREE at Swiggy. Limited period offer. Visit bit.ly/cbddrN,Promo,Promo_3
Use  862544 to complete your PNB registration. Valid till 2 mins.,OTP,OTP_4
CONFIRMATION CODE 437186 FOR FLIPKART. KEEP IT PRIVATE.,OTP,OTP_11
bhavna from delhivery is arriving with your package. contact: 06361327988,Delivery,Delivery_6
CONFIRMATION CODE 98820 FOR ZOMATO. KEEP IT PRIVATE.,OTP,OTP_11
U have 2988 reward points expiring on 02 Jul. Redeem on Zomato.,Promo,Promo_20
Convert ur Axis Bank card purchase of Rs.1951 into easy EMIs at 0% interest. Reply YES.,Promo,Promo_15
Work from home! Earn INR 49686/month. Join: bit.ly/tfBjzL,Spam,Hard_14
442518 - use this code to sign in to Amazon. Never share it with anyone.,OTP,OTP_7
967318 is your otp for sbi login. valid for 5 minutes. do not share with anyone.,OTP,OTP_0
Zomato: Your cart misses you! Complete purchase now & get 30% off. bit.ly/fAaPII,Promo,Promo_4
Enter 331763 to verify your mobile number for PhonePe.,OTP,OTP_10
Work from home! Earn Rs.1076359/month. Join: bit.ly/WlpQFR,Spam,Hard_14
EMI of INR 44823 due on 09-06-26 for loan A/c XX8524. Pay now to avoid charges. -SBI,Bank,Bank_4
XpressBees: Shipment OD4660840470 reached your city hub. Expected delivery: 04 Jul.,Delivery,Delivery_4
  Use 551684 to complete your Flipkart registration. Valid till 5 mins.,OTP,OTP_4
  Rs.77719 debited from A/c XX1290 on 25-03-26 to Omaja. Avl Bal: Rs.473313. -ICICI Bank,Bank,Bank_0
you have 771 reward points expiring on 04 jul. redeem on flipkart.,Promo,Promo_20
Use  code 4626 at checkout for 50% off at Myntra!,Promo,Hard_0
your return pickup for order od4732050854 is scheduled on 04 jul. keep the item ready. -zomato,Delivery,Delivery_7
Flight fares dropped! DEL-CCU from Rs.352. Book on Goibibo before midnight.,Promo,Promo_16
Order OD6113754743 packed and ready! Expected dispatch by 06 Jul -Meesho,Delivery,Delivery_8
MEGA SALE! Get 80% OFF on all products at Flipkart. Shop now: bit.ly/miRekF T&C apply. -TM,Promo,Promo_0
Delivered! Your Swiggy order OD4392140552 was delivered on 02 Jul. Rate your experience: bit.ly/kVtAnv,Delivery,Delivery_2
Recharge with Rs.1481 & get 50% extra talktime. Offer valid today only!,Promo,Promo_5
  Pre-approved! Get a Kotak credit card with Rs.184952 limit. Zero joining fee. Apply: bit.ly/hJYJmJ,Promo,Promo_14
"Hey, my new number is 04079010182. Save it! Meet at 8?",Personal,Hard_4
rs.51621 debited from a/c xx4486 on 02-05-26 to osha. avl bal: rs.60556. -hdfc bank,Bank,Bank_0
Work  from home! Earn Rs.2166567/month. Join: bit.ly/YQKCsS,Spam,Hard_14
DELIVERED! YOUR BIGBASKET ORDER OD3999745249 WAS DELIVERED ON 06 JUL. RATE YOUR EXPERIENCE: BIT.LY/AYBRVV,Delivery,Delivery_2
Enter 772188 to verify your mobile number for HDFC Bank. T&C apply,OTP,OTP_10
  Enter 253515 to verify your mobile number for PhonePe.,OTP,OTP_10
Flight fares dropped! BOM-PNQ from Rs.922 Book on ixigo before midnight,Promo,Promo_16
Umang from BlueDart is arriving with your package. Contact: 07465440568,Delivery,Delivery_6
"Class shifted to room 8163, come fast",Personal,Hard_6
Salary of INR 40950 credited to A/c XX7655. Avl Bal: INR 349754. -Kotak,Bank,Bank_7
Your return pickup for order OD5045525054 is scheduled on 02 Jul Keep the item ready -Flipkart,Delivery,Delivery_7
Work from home! Earn Rs.1118668/month. Join: bit.ly/evlqxA,Spam,Hard_14
Your SIM will be deactivated in 24hrs Verify Aadhaar: bitly/ukfpkm,Spam,Hard_13
379943 - USE THIS CODE TO SIGN IN TO FLIPKART. NEVER SHARE IT WITH ANYONE.,OTP,OTP_7
Exclusive for you! Buy 1 Get 1 FREE at Meesho. Limited period offer. Visit bit.ly/NuZmIu,Promo,Promo_3
"Hey, my new number is 4524095312. Save it! Meet at noon?",Personal,Hard_4
Delivered! Your Swiggy order OD2425611057 was delivered on 04 Jul. Rate your experience: bit.ly/XzhFir,Delivery,Delivery_2
Swiggy: Free delivery all weekend! Order your favourites now.,Promo,Promo_13
Items  in your order history are back in stock at Myntra. Prices start Rs.626.,Promo,Promo_23
Exclusive for you! Buy 1 Get 1 FREE at Amazon. Limited period offer. Visit bit.ly/mTMGwQ,Promo,Promo_3
Low balance alert: A/c XX8520 balance is Rs.315591. Maintain min balance to avoid charges.,Bank,Bank_10
Your Kotak debit card XX5713 has been blocked due to suspicious activity. Visit branch or call 1800-XXX to unblock.,Bank,Bank_11
"Your PNB health insurance renewal is due 05 Jul. Renew online, save 50% on premium.",Promo,Promo_24
your pnb code: 774021,OTP,OTP_8
Rs.485 debited from A/c XX1738 on 29-01-26 to Saumya. Avl Bal: Rs.222199. -ICICI Bank,Bank,Bank_0
OTP: 673311 for txn of INR 19787 at Kotak. Do not share. -Axis Bank,OTP,OTP_2
G-239249 is ur Google verification code.,OTP,OTP_12
"Your BOB health insurance renewal is due 02 Jul Renew online, save 60% on premium",Promo,Promo_24
"Never share your OTP, PIN or CVV. HDFC Bank never asks for these. Stay safe.",Bank,Hard_3
<#> 886407 is your Hotstar code. Valid 15 min. hA8sk2Lqp3,OTP,OTP_13
Flat Rs.288 cashback on your next order at Flipkart. Use code SAVE44. Valid till 03 Jul.,Promo,Promo_2
Pre-approved! Get a BOB credit card with Rs.465339 limit. Zero joining fee. Apply: bit.ly/tzhkXl T&C apply,Promo,Promo_14
  Your Zomato order OD8921997156 has been shipped via XpressBees. Track: bit.ly/JbngWz,Delivery,Delivery_0
"Hi  Edhitha, unlock Rs.522 off your first order at Meesho with code NEW17.",Promo,Promo_7
445029 is your OTP for Kotak login. Valid for 10 minutes. Do not share with anyone.,OTP,OTP_0
UPI payment of Rs.12924 to Robert successful. UPI Ref: 395623388435. -PNB,Bank,Bank_6
  Pre-approved! Get a PNB credit card with Rs.467781 limit. Zero joining fee. Apply: bit.ly/gZxLvm,Promo,Promo_14
Enter 297376 to verify ur mobile number for HDFC Bank.,OTP,OTP_10
Your order OD9016992616 from Amazon is arriving tomorrow. Keep Rs.3533 ready for COD.,Delivery,Delivery_3
Your Swiggy order OD4731952291 has been shipped via Delhivery. Track: bit.ly/GuSzSv,Delivery,Delivery_0
  MEGA SALE! Get 60% OFF on all products at Zomato. Shop now: bit.ly/bVKEYD T&C apply.,Promo,Promo_0
Your credit card XX4888 statement is ready. Total due: Rs.31081. Min due: Rs.2387. -ICICI Bank,Bank,Bank_5
Flat Rs.1091 cashback on your next order at Amazon Use code SAVE36 Valid till 01 Jul,Promo,Promo_2
  Enter 277533 to verify your mobile number for IRCTC.,OTP,OTP_10
  Your HDFC Bank debit card XX4962 has been blocked due to suspicious activity. Visit branch or call 1800-XXX to unblock.,Bank,Bank_11
Your OTP is 184736. Use it to verify your GPay account. Expires in 30 min.,OTP,OTP_1
Your credit card XX6533 statement is ready. Total due: INR 92055. Min due: INR 1788. -ICICI Bank,Bank,Bank_5
Your Ola code: 861150,OTP,OTP_8
Pre-approved! Get a Axis Bank credit card with Rs.272966 limit Zero joining fee Apply: bitly/HjlwMB,Promo,Promo_14
944509 is your Zomato security code. Anyone asking for it is a scammer.,OTP,OTP_9
916728 IS YOUR OTP FOR UBER LOGIN. VALID FOR 10 MINUTES. DO NOT SHARE WITH ANYONE.,OTP,OTP_0
  Delivery attempt failed for order OD6620461748. We will retry tomorrow. -BlueDart,Delivery,Delivery_5
Your one time password is 871769 for BigBasket. Please do not share it.,OTP,OTP_5
Delivered! Your Myntra order OD8206663011 was delivered on 02 Jul. Rate your experience: bit.ly/yfMDji,Delivery,Delivery_2
677558 is your Ola security code. Anyone asking for it is a scammer.,OTP,OTP_9
Ur Zomato order OD6352408583 has been shipped via Delhivery. Track: bit.ly/ErkYhS,Delivery,Delivery_0
Use code 4327 at checkout for 10% off at Myntra!,Promo,Hard_0
RS.78713 CREDITED TO A/C XX5210 ON 07-01-26. AVL BAL: RS.480864. -AXIS BANK,Bank,Bank_1
<#> 296080 is your Paytm code Valid 5 min hA8sk2Lqp3,OTP,OTP_13
Cheque no. 758557725121 for Rs.17291 has been cleared from A/c XX1066. -BOB,Bank,Bank_8
Ur return pickup for order OD4519314950 is scheduled on 01 Jul. Keep the item ready. -Flipkart,Delivery,Delivery_7
Flat Rs.342 cashback on your next order at Amazon Use code SAVE71 Valid till 05 Jul,Promo,Promo_2
UPI payment of Rs.29496 to Amaira successful. UPI Ref: 125622647099. -PNB,Bank,Bank_6
IRCTC: Special trains added for festive season. Book early & save up to 40%.,Promo,Promo_17
"Class shifted to room 2421, come fast",Personal,Hard_6
  Tap to verify: 152928. This code expires shortly.,OTP,Hard_9
Your order OD6879861513 from BigBasket is arriving tomorrow. Keep Rs.3723 ready for COD.,Delivery,Delivery_3
Low balance alert: A/c XX2615 balance is Rs.335500. Maintain min balance to avoid charges.,Bank,Bank_10
Convert your Kotak card purchase of Rs.1874 into easy EMIs at 0% interest Reply YES,Promo,Promo_15
EMI of Rs.66020 due on 17-02-26 for loan A/c XX4836. Pay now to avoid charges. -Kotak,Bank,Bank_4
Ur Kotak code: 33040,OTP,OTP_8
Ur Uber code: 6492,OTP,Hard_8
Kotak: 242478 is your login OTP It expires in 5 minutes,OTP,OTP_6
Your Zomato order OD7630472366 has been shipped via BlueDart Track: bitly/lIPJMW,Delivery,Delivery_0
OTP-based login was enabled for your A/c XX3728. Call ICICI Bank if this wasn't you.,Bank,Hard_2
LOVED YOUR RECENT FLIPKART ORDER? REORDER IN 1 TAP AND GET 80% OFF TODAY.,Promo,Promo_22
Your order OD1239322579 from BigBasket is arriving tomorrow. Keep Rs.2039 ready for COD.,Delivery,Delivery_3
Your order OD3184289473 from Meesho is arriving tomorrow. Keep Rs.1644 ready for COD.,Delivery,Delivery_3
913186 - use this code to sign in to IRCTC. Never share it with anyone.,OTP,OTP_7
"Ur Axis Bank health insurance renewal is due 05 Jul. Renew online, save 80% on premium.",Promo,Promo_24
Your Uber code: 5332,OTP,Hard_8
KYC update pending for A/c XX5054. Please visit your nearest BOB branch by 29-03-26 to avoid restrictions. STOP to opt out,Bank,Bank_12
Your Jio pack expires tomorrow. Recharge with Rs.1258 for 2GB/day + unlimited calls.,Promo,Promo_10
HDFC Bank: 359722 is your login OTP. It expires in 2 minutes.,OTP,OTP_6
Swiggy:  Free delivery all weekend! Order your favourites now.,Promo,Promo_13
  Your FD of Rs.73105 matures on 26-04-26. Renew or withdraw via netbanking. -Kotak,Bank,Bank_14
"Hi Harrison, unlock INR 995 off your first order at Amazon with code NEW50.",Promo,Promo_7
OTP  for delivery of order OD1181982428 is 4242. Share only with the delivery agent. -BlueDart,Delivery,Delivery_9
Auto-pay  of Rs.80479 to Warinder is scheduled on 04-02-26 from A/c XX3911. Ensure sufficient balance.,Bank,Bank_13
"Class shifted to room 3738, come fast",Personal,Hard_6
  UPI payment of Rs.47349 to Zansi successful. UPI Ref: 562011648190. -HDFC Bank,Bank,Bank_6
Recharge with Rs.1050 & get 10% extra talktime. Offer valid today only!,Promo,Promo_5
INTEREST OF RS.93031 CREDITED TO YOUR FD A/C XX8740. -ICICI BANK,Bank,Bank_9
Confirmation code 11684 for Uber Keep it private,OTP,OTP_11
Pay  Rs.1794 on delivery for order OD934080189. -Delhivery,Delivery,Hard_10
959023  - use this code to sign in to Amazon. Never share it with anyone.,OTP,OTP_7
otp: 87753 for txn of rs.28947 at gpay. do not share. -axis bank,OTP,OTP_2
PhonePe: 116888 is ur login OTP. It expires in 30 minutes.,OTP,OTP_6
Exclusive for you! Buy 1 Get 1 FREE at Myntra. Limited period offer. Visit bit.ly/lWTtGh,Promo,Promo_3
YOUR BOB DEBIT CARD XX8762 HAS BEEN BLOCKED DUE TO SUSPICIOUS ACTIVITY. VISIT BRANCH OR CALL 1800-XXX TO UNBLOCK.,Bank,Bank_11
Items in your order history are back in stock at Swiggy. Prices start INR 981.,Promo,Promo_23
rs.33237 debited from a/c xx6668 on 06-04-26 to jeet. avl bal: rs.347818. -kotak,Bank,Bank_0
OTP: 474553 for txn of Rs.23854 at HDFC Bank. Do not share. -PNB,OTP,OTP_2
rs.42123 debited from a/c xx8181 on 27-06-26 to rishi. avl bal: rs.247504. -icici bank,Bank,Bank_0
  Your Flipkart order OD6685314108 has been shipped via XpressBees. Track: bit.ly/aBqIrP,Delivery,Delivery_0
Tap to verify: 916654. This code expires shortly.,OTP,Hard_9
dear customer ur hdfc bank account will be blocked! update kyc now: bit.ly/wybnyv,Spam,Hard_11
Your A/c XX2817 is debited with Rs.23175 on 26-03-26. Info: UPI-Gayathri. Bal: Rs.222519,Bank,Bank_2
"HI CHAKRADHAR, UNLOCK RS.807 OFF YOUR FIRST ORDER AT SWIGGY WITH CODE NEW45.",Promo,Promo_7
Dear customer ur Axis Bank account will be blocked! Update KYC now: bit.ly/EbqMHe,Spam,Hard_11
Items in your order history are back in stock at Amazon. Prices start Rs.950. STOP to opt out,Promo,Promo_23
Last day! Zomato clearance sale ends tonight. Up to 60% off sitewide.,Promo,Promo_8
your pnb debit card xx1340 has been blocked due to suspicious activity. visit branch or call 1800-xxx to unblock.,Bank,Bank_11
Your Flipkart code: 640897,OTP,OTP_8
683602 - use this to sign in Never share this code with anyone,OTP,Hard_7
Rs.754 cashback credited to your PhonePe wallet Use on your next order,Promo,Promo_21
otp: 271203 for txn of rs.23728 at ola. do not share. -hdfc bank,OTP,OTP_2
102760 - USE THIS CODE TO SIGN IN TO ZOMATO. NEVER SHARE IT WITH ANYONE.,OTP,OTP_7
"Hey, my new number is 03662093354. Save it! Meet at noon?",Personal,Hard_4
Your account statement for July is available. Download from the HDFC Bank app.,Bank,Bank_16
Missed our shows? Come back to SonyLIV at 50% off for 3 months. Resubscribe: bit.ly/hFZrjJ,Promo,Promo_19
IRCTC: Special trains added for festive season. Book early & save up to 40%.,Promo,Promo_17
280646 is your OTP for Hotstar login. Valid for 10 minutes. Do not share with anyone.,OTP,OTP_0
Your order OD5934077814 from Meesho is arriving tomorrow. Keep Rs.4668 ready for COD.,Delivery,Delivery_3
  Delivered! Your BigBasket order OD1035318222 was delivered on 02 Jul. Rate your experience: bit.ly/MRiXli,Delivery,Delivery_2
ALERT: Rs.7088 withdrawn from ATM using card XX5888 on 06-06-26. Bal: Rs.337150. -PNB,Bank,Bank_3
  Congratulations! You won Rs.1720394 in lucky draw. Claim: bit.ly/mffNEs,Spam,Hard_12
Cheque no. 175630095094 for Rs.27059 has been cleared from A/c XX1068. -Axis Bank STOP to opt out,Bank,Bank_8
Rs.3039 debited from A/c XX8675 on 25-06-26 to Krishna. Avl Bal: Rs.238382. -PNB T&C apply,Bank,Bank_0
Delivery attempt failed for order OD7627854491. We will retry tomorrow. -DTDC T&C apply,Delivery,Delivery_5
Your one time password is 892166 for Hotstar. Please do not share it.,OTP,OTP_5
You have 871 reward points expiring on 06 Jul. Redeem on BigBasket.,Promo,Promo_20
UPI payment of INR 89822 to Krisha successful. UPI Ref: 681570585712. -Axis Bank,Bank,Bank_6
YOUR SWIGGY ORDER OD2154053079 HAS BEEN SHIPPED VIA EKART. TRACK: BIT.LY/RHVAYO,Delivery,Delivery_0
Last day! Myntra clearance sale ends tonight. Up to 10% off sitewide.,Promo,Promo_8
Low balance alert: A/c XX8734 balance is Rs.209303. Maintain min balance to avoid charges.,Bank,Bank_10
Delivery attempt failed for order OD6455398374. We will retry tomorrow. -Ekart,Delivery,Delivery_5
Flat Rs.567 cashback on your next order at Meesho. Use code SAVE48. Valid till 02 Jul.,Promo,Promo_2
Delivery attempt failed for order OD2316538348. We will retry tomorrow. -Ekart,Delivery,Delivery_5
Your  OTP is 697128. Use it to verify your PNB account. Expires in 30 min.,OTP,OTP_1
Delivered! Your Meesho order OD4231475107 was delivered on 04 Jul. Rate your experience: bit.ly/vgzAAp,Delivery,Delivery_2
Low  balance alert: A/c XX9136 balance is Rs.10675. Maintain min balance to avoid charges.,Bank,Bank_10
  Your one time password is 839369 for Uber. Please do not share it.,OTP,OTP_5
DEAR CUSTOMER UR HDFC BANK ACCOUNT WILL BE BLOCKED! UPDATE KYC NOW: BIT.LY/ILFCBC,Spam,Hard_11
DELIVERY ATTEMPT FAILED FOR ORDER OD1423333483. WE WILL RETRY TOMORROW. -BLUEDART,Delivery,Delivery_5
Out for delivery: Your Zomato package OD6676138910 will arrive today by 6 PM. -Ekart,Delivery,Delivery_1
Your Kotak debit card XX7987 has been blocked due to suspicious activity. Visit branch or call 1800-XXX to unblock.,Bank,Bank_11
Rs.25868 debited from A/c XX4942 on 25-05-26 to Onveer. Avl Bal: Rs.123762. -HDFC Bank T&C apply,Bank,Bank_0
"Class shifted to room 7902, come fast",Personal,Hard_6
  Use code 8912 at checkout for 10% off at Amazon!,Promo,Hard_0
Recharge with Rs.1226 & get 20% extra talktime. Offer valid today only!,Promo,Promo_5
"  Class shifted to room 4258, come fast",Personal,Hard_6
your axis bank code: 292625,OTP,OTP_8
YOUR FD OF RS.25478 MATURES ON 13-04-26. RENEW OR WITHDRAW VIA NETBANKING. -KOTAK,Bank,Bank_14
CONVERT YOUR ICICI BANK CARD PURCHASE OF RS.270 INTO EASY EMIS AT 0% INTEREST. REPLY YES.,Promo,Promo_15
  Hungry? Get 60% off up to Rs.635 on your next 3 orders. Code: EAT53. -Zomato,Promo,Promo_12
Cheque no. 874130077952 for Rs.53245 has been cleared from A/c XX4046. -PNB,Bank,Bank_8
G-400184 is ur Google verification code.,OTP,OTP_12
86172 is your PhonePe security code. Anyone asking for it is a scammer.,OTP,OTP_9
OTP: 479547 for txn of Rs.47093 at GPay. Do not share. -HDFC Bank,OTP,OTP_2
"Hey,  my new number is +919915207743. Save it! Meet at 6pm?",Personal,Hard_4
PAY RS.2596 ON DELIVERY FOR ORDER OD333384666. -DELHIVERY,Delivery,Hard_10
OTP: 40479 for txn of INR 30764 at PNB. Do not share. -Kotak,OTP,OTP_2
"Hey, my new number is +917635634114. Save it! Meet at 8?",Personal,Hard_4
Interest of INR 51583 credited to your FD A/c XX2506. -SBI,Bank,Bank_9
Flat Rs.1784 cashback on ur next order at Amazon. Use code SAVE59. Valid till 01 Jul.,Promo,Promo_2
Warinder from DTDC is arriving with your package. Contact: 5866463072,Delivery,Delivery_6
Delivery attempt failed for order OD4595106467. We will retry tomorrow. -XpressBees,Delivery,Delivery_5
interest of rs.30626 credited to your fd a/c xx4474. -hdfc bank,Bank,Bank_9
work from home! earn rs.768660/month. join: bit.ly/diyznk,Spam,Hard_14
TAP TO VERIFY: 403888. THIS CODE EXPIRES SHORTLY.,OTP,Hard_9
Recharge with Rs.161 & get 10% extra talktime. Offer valid today only! -TM,Promo,Promo_5
Your OTP is 475612. Use it to verify your GPay account. Expires in 2 min. T&C apply,OTP,OTP_1
ALERT: Rs.22768 withdrawn from ATM using card XX1687 on 14-04-26 Bal: Rs.264738 -SBI,Bank,Bank_3
OTP: 347705 for txn of Rs.21800 at BOB. Do not share. -SBI -TM,OTP,OTP_2
Rs.8467 debited from A/c XX9704 on 17-03-26 to Logan. Avl Bal: Rs.328711. -BOB,Bank,Bank_0
Items in your order history are back in stock at BigBasket. Prices start Rs.100. T&C apply,Promo,Promo_23
  570354 - use this code to sign in to PNB. Never share it with anyone.,OTP,OTP_7
Rs.22079 debited from A/c XX9186 on 07-02-26 to Yashica. Avl Bal: Rs.144257. -PNB,Bank,Bank_0
COUPON 2949 GIVES YOU FREE DELIVERY ON ORDERS ABOVE RS.2523. -FLIPKART,Promo,Hard_1
"Bro send me Rs.4438 on gpay, will return by 04 Jul STOP to opt out",Personal,Hard_5
Your PhonePe code: 780299,OTP,OTP_8
IRCTC:  Special trains added for festive season. Book early & save up to 20%.,Promo,Promo_17
Myntra Big Billion Days! Up to 60% off + extra 10% with Kotak cards Hurry!,Promo,Promo_1
INTEREST OF RS.23575 CREDITED TO YOUR FD A/C XX8596. -AXIS BANK,Bank,Bank_9
ALERT: INR 25416 withdrawn from ATM using card XX3195 on 29-01-26. Bal: INR 87441. -BOB,Bank,Bank_3
Out for delivery: Your Zomato package OD6957255760 will arrive today by 9 PM. -Delhivery,Delivery,Delivery_1
Rs.49835 debited from A/c XX7176 on 04-04-26 to Falak. Avl Bal: Rs.34662. -SBI STOP to opt out,Bank,Bank_0
Your OTP is 555802. Use it to verify your Zomato account. Expires in 10 min.,OTP,OTP_1
INR 91223 credited to A/c XX8369 on 16-06-26. Avl Bal: INR 343997. -SBI,Bank,Bank_1
COUPON 9513 GIVES YOU FREE DELIVERY ON ORDERS ABOVE RS.3040. -FLIPKART,Promo,Hard_1
Interest of Rs.46463 credited to ur FD A/c XX5777. -HDFC Bank,Bank,Bank_9
Convert ur HDFC Bank card purchase of Rs.1802 into easy EMIs at 0% interest. Reply YES.,Promo,Promo_15
708444 - USE THIS TO SIGN IN. NEVER SHARE THIS CODE WITH ANYONE.,OTP,Hard_7
ALERT: Rs.29225 withdrawn from ATM using card XX6954 on 23-03-26. Bal: Rs.30965. -Kotak,Bank,Bank_3
308688 is your verification code for Amazon. Never share your OTP.,OTP,OTP_3
Loved your recent Flipkart order? Reorder in 1 tap and get 20% off today.,Promo,Promo_22
  EMI of Rs.54728 due on 27-05-26 for loan A/c XX5021. Pay now to avoid charges. -BOB,Bank,Bank_4
Exclusive for you! Buy 1 Get 1 FREE at Zomato. Limited period offer. Visit bit.ly/MIMiKR,Promo,Promo_3
Ur Uber code: 8944,OTP,Hard_8
"Bro send me Rs.1411 on gpay, will return by 03 Jul",Personal,Hard_5
OTP-based login was enabled for your A/c XX1331. Call SBI if this wasn't you.,Bank,Hard_2
Your return pickup for order OD3546792221 is scheduled on 01 Jul Keep the item ready -Flipkart,Delivery,Delivery_7
  Convert your Kotak card purchase of Rs.228 into easy EMIs at 0% interest. Reply YES.,Promo,Promo_15
your a/c xx9612 is debited with rs.16974 on 04-07-26. info: upi-omaja. bal: rs.168789,Bank,Bank_2
642863 is your OTP for Axis Bank login. Valid for 5 minutes. Do not share with anyone.,OTP,OTP_0
OTP-based  login was enabled for your A/c XX2796. Call BOB if this wasn't you.,Bank,Hard_2
  You have 2581 reward points expiring on 02 Jul. Redeem on BigBasket.,Promo,Promo_20
66373 IS YOUR OTP FOR MYNTRA LOGIN. VALID FOR 5 MINUTES. DO NOT SHARE WITH ANYONE.,OTP,OTP_0
congratulations! you won rs.517968 in lucky draw. claim: bit.ly/phftgn,Spam,Hard_12
355755 is ur BOB security code. Anyone asking for it is a scammer.,OTP,OTP_9
Ur Jio pack expires tomorrow. Recharge with Rs.873 for 1GB/day + unlimited calls.,Promo,Promo_10
KYC update pending for A/c XX5673 Please visit your nearest ICICI Bank branch by 19-05-26 to avoid restrictions,Bank,Bank_12
Rs.4353 credited to A/c XX6786 on 03-06-26. Avl Bal: Rs.475839. -Kotak,Bank,Bank_1
YOUR OTP IS 472741. USE IT TO VERIFY YOUR HOTSTAR ACCOUNT. EXPIRES IN 2 MIN.,OTP,OTP_1
Flat Rs.1745 cashback on your next order at BigBasket. Use code SAVE83. Valid till 03 Jul.,Promo,Promo_2
Your  account statement for June is available. Download from the HDFC Bank app.,Bank,Bank_16
  UPI payment of Rs.59730 to Tarak successful. UPI Ref: 832799012466. -ICICI Bank,Bank,Bank_6
RS.37358 CREDITED TO A/C XX7217 ON 12-05-26. AVL BAL: RS.490118. -BOB,Bank,Bank_1
"Hi Bhavya, unlock Rs.1234 off your first order at Meesho with code NEW91.",Promo,Promo_7
YOUR MYNTRA MEMBERSHIP EXPIRES SOON. RENEW NOW & SAVE 60%: BIT.LY/NPUNOO,Promo,Promo_9
meesho: your cart misses you! complete purchase now & get 80% off. bit.ly/dvddpa,Promo,Promo_4
Use  228356 to complete your PhonePe registration. Valid till 5 mins.,OTP,OTP_4
730498 - use this to sign in. Never share this code with anyone.,OTP,Hard_7
  Rs.32366 credited to A/c XX8343 on 07-01-26. Avl Bal: Rs.115776. -ICICI Bank,Bank,Bank_1
Your  Amazon order OD8458016188 has been shipped via DTDC. Track: bit.ly/cqEgQC,Delivery,Delivery_0
  756261 - use this code to sign in to Myntra. Never share it with anyone.,OTP,OTP_7
hungry? get 60% off up to rs.1832 on your next 3 orders. code: eat67. -zomato,Promo,Promo_12
Your A/c XX4045 is debited with Rs.39592 on 02-06-26 Info: UPI-Manan Bal: Rs.408405,Bank,Bank_2
Last  day! Zomato clearance sale ends tonight. Up to 70% off sitewide.,Promo,Promo_8
<#> 243068 is your PhonePe code. Valid 30 min. hA8sk2Lqp3,OTP,OTP_13
  Beware of fraud calls asking for card details. BOB officials never ask for PIN or CVV.,Bank,Bank_15
Your credit card XX8539 statement is ready. Total due: Rs.51341. Min due: Rs.1205. -HDFC Bank,Bank,Bank_5
Rs.519 cashback credited to your Paytm wallet. Use on your next order.,Promo,Promo_21
  Beware of fraud calls asking for card details. ICICI Bank officials never ask for PIN or CVV.,Bank,Bank_15
Order OD3001316442 packed and ready! Expected dispatch by 05 Jul. -BigBasket,Delivery,Delivery_8
UPI payment of Rs.15589 to Ekaraj successful. UPI Ref: 942906626802. -SBI,Bank,Bank_6
YOUR MYNTRA CODE: 374494,OTP,OTP_8
Your SIM will be deactivated in 24hrs. Verify Aadhaar: bit.ly/MMSGnX,Spam,Hard_13
Missed our shows? Come back to Prime Video at 50% off for 3 months. Resubscribe: bit.ly/ehbiAl,Promo,Promo_19
Items in your order history are back in stock at BigBasket Prices start Rs.1131,Promo,Promo_23
Interest of Rs.89555 credited to your FD A/c XX2516. -HDFC Bank,Bank,Bank_9
Ur Uber code: 1946,OTP,Hard_8
Missed our shows? Come back to SonyLIV at 50% off for 3 months. Resubscribe: bit.ly/VfXdfh,Promo,Promo_19
confirmation code 966066 for myntra. keep it private.,OTP,OTP_11
"Never share your OTP, PIN or CVV. Axis Bank never asks for these. Stay safe.",Bank,Hard_3
Enter 333511 to verify ur mobile number for IRCTC.,OTP,OTP_10
Items in ur order history are back in stock at BigBasket. Prices start Rs.1262.,Promo,Promo_23
"Never share your OTP, PIN or CVV HDFC Bank never asks for these Stay safe",Bank,Hard_3
"  Hey, my new number is +917585540148. Save it! Meet at 6pm?",Personal,Hard_4
Rs.67794 debited from A/c XX7692 on 15-01-26 to Tara. Avl Bal: Rs.354620. -HDFC Bank,Bank,Bank_0
Ur ICICI Bank debit card XX2062 has been blocked due to suspicious activity. Visit branch or call 1800-XXX to unblock.,Bank,Bank_11
G-193460 is your Google verification code.,OTP,OTP_12
Dear customer ur ICICI Bank account will be blocked! Update KYC now: bit.ly/XymHql,Spam,Hard_11
Coupon 3622 gives you free delivery on orders above Rs.1782. -Swiggy -TM,Promo,Hard_1
Your  Uber code: 1263,OTP,Hard_8
Loved your recent Myntra order? Reorder in 1 tap and get 60% off today.,Promo,Promo_22
Paytm: 606565 is your login OTP. It expires in 5 minutes. -TM,OTP,OTP_6
IRCTC: Special trains added for festive season. Book early & save up to 80%. -TM,Promo,Promo_17
ALERT: INR 98511 withdrawn from ATM using card XX7365 on 27-02-26. Bal: INR 155558. -Kotak,Bank,Bank_3
INTEREST OF RS.22231 CREDITED TO YOUR FD A/C XX5195. -SBI,Bank,Bank_9
Your  OTP is 377595. Use it to verify your Paytm account. Expires in 15 min.,OTP,OTP_1
YOUR A/C XX1068 IS DEBITED WITH RS.40180 ON 09-04-26. INFO: UPI-ETA. BAL: RS.460290,Bank,Bank_2
  Your Netflix plan renews on 04 Jul at Rs.776. Upgrade to 4K for Rs.568/month.,Promo,Promo_18
515583 is your Meesho security code Anyone asking for it is a scammer,OTP,OTP_9
Interest  of Rs.58730 credited to your FD A/c XX8371. -ICICI Bank,Bank,Bank_9
Rs.80100 credited to A/c XX2507 on 16-01-26. Avl Bal: Rs.415910. -Axis Bank,Bank,Bank_1
  Your one time password is 21726 for SBI. Please do not share it.,OTP,OTP_5
Order OD4538711892 packed and ready! Expected dispatch by 03 Jul. -Meesho,Delivery,Delivery_8
You have 2165 reward points expiring on 01 Jul. Redeem on Meesho. -TM,Promo,Promo_20
Data exhausted? Get 3GB extra with INR 1124 booster pack. Dial *121# or visit app.,Promo,Promo_11
Ur Zomato membership expires soon. Renew now & save 50%: bit.ly/CRGBFO,Promo,Promo_9
Ur A/c XX4361 is debited with Rs.80235 on 23-02-26. Info: UPI-Brinda. Bal: Rs.360013,Bank,Bank_2
EMI  of Rs.9960 due on 14-01-26 for loan A/c XX5926. Pay now to avoid charges. -ICICI Bank,Bank,Bank_4
947766 is your OTP for Ola login. Valid for 5 minutes. Do not share with anyone.,OTP,OTP_0
YOUR RETURN PICKUP FOR ORDER OD4797109932 IS SCHEDULED ON 02 JUL. KEEP THE ITEM READY. -AMAZON,Delivery,Delivery_7
Use 982958 to complete your IRCTC registration. Valid till 15 mins.,OTP,OTP_4
Your one time password is 289336 for Hotstar. Please do not share it.,OTP,OTP_5
361680  - use this code to sign in to SBI. Never share it with anyone.,OTP,OTP_7
"  Never share your OTP, PIN or CVV. Axis Bank never asks for these. Stay safe.",Bank,Hard_3
Beware of fraud calls asking for card details. Axis Bank officials never ask for PIN or CVV.,Bank,Bank_15
Your SBI debit card XX3711 has been blocked due to suspicious activity. Visit branch or call 1800-XXX to unblock. -TM,Bank,Bank_11
Your order OD5770192029 from Swiggy is arriving tomorrow. Keep Rs.954 ready for COD.,Delivery,Delivery_3
Delivered! Your Meesho order OD2156014412 was delivered on 06 Jul. Rate your experience: bit.ly/DBudGc,Delivery,Delivery_2
MEGA SALE! Get 60% OFF on all products at Flipkart Shop now: bitly/HUVoOl T&C apply,Promo,Promo_0
Ur return pickup for order OD9172521762 is scheduled on 05 Jul. Keep the item ready. -Swiggy,Delivery,Delivery_7
INTEREST OF RS.19268 CREDITED TO YOUR FD A/C XX8986. -PNB,Bank,Bank_9
Myntra Big Billion Days! Up to 50% off + extra 10% with Axis Bank cards. Hurry!,Promo,Promo_1
IRCTC: Special trains added for festive season. Book early & save up to 70%. -TM,Promo,Promo_17
RS.56314 DEBITED FROM A/C XX3605 ON 18-04-26 TO NEHA. AVL BAL: RS.400557. -BOB,Bank,Bank_0
BigBasket: Ur cart misses you! Complete purchase now & get 10% off. bit.ly/JiEwmL,Promo,Promo_4
Your credit card XX8078 statement is ready. Total due: Rs.24648. Min due: Rs.2342. -Kotak,Bank,Bank_5
UPI payment of Rs.78577 to Gabriel successful. UPI Ref: 440679712218. -HDFC Bank,Bank,Bank_6
OTP-based login was enabled for your A/c XX1678. Call PNB if this wasn't you.,Bank,Hard_2
Salary of Rs.55012 credited to A/c XX1883. Avl Bal: Rs.125870. -HDFC Bank,Bank,Bank_7
ALERT: RS.85783 WITHDRAWN FROM ATM USING CARD XX5153 ON 01-05-26. BAL: RS.221558. -ICICI BANK,Bank,Bank_3
YOUR ONE TIME PASSWORD IS 201909 FOR ZOMATO. PLEASE DO NOT SHARE IT.,OTP,OTP_5
Your Airtel pack expires tomorrow Recharge with Rs.1349 for 1.5GB/day + unlimited calls,Promo,Promo_10
Your credit card XX6552 statement is ready. Total due: Rs.59018. Min due: Rs.3341. -ICICI Bank,Bank,Bank_5
Cheque no 924795813259 for Rs.3391 has been cleared from A/c XX6210 -HDFC Bank,Bank,Bank_8
Tanvi from BlueDart is arriving with your package Contact: 3702512524,Delivery,Delivery_6
Confirmation code 228040 for Myntra. Keep it private.,OTP,OTP_11
Interest of Rs.79898 credited to your FD A/c XX4293. -PNB,Bank,Bank_9
  OTP-based login was enabled for your A/c XX9994. Call Axis Bank if this wasn't you.,Bank,Hard_2
Pay Rs.4876 on delivery for order OD510930610. -BlueDart,Delivery,Hard_10
Your return pickup for order OD8539315665 is scheduled on 04 Jul. Keep the item ready. -Flipkart,Delivery,Delivery_7
G-412751 is your Google verification code.,OTP,OTP_12
Your one time password is 533849 for Swiggy. Please do not share it.,OTP,OTP_5
Your credit card XX7106 statement is ready Total due: Rs.78436 Min due: Rs.3387 -Kotak,Bank,Bank_5
Jai from DTDC is arriving with your package. Contact: 05323634287,Delivery,Delivery_6
otp-based login was enabled for your a/c xx8285. call pnb if this wasn't you.,Bank,Hard_2
  Tap to verify: 322755. This code expires shortly.,OTP,Hard_9
322466 is your Kotak security code Anyone asking for it is a scammer,OTP,OTP_9
  Last day! Flipkart clearance sale ends tonight. Up to 70% off sitewide.,Promo,Promo_8
kyc update pending for a/c xx2142. please visit your nearest hdfc bank branch by 08-02-26 to avoid restrictions.,Bank,Bank_12
G-618465 IS YOUR GOOGLE VERIFICATION CODE.,OTP,OTP_12
Pre-approved! Get a BOB credit card with Rs.451755 limit. Zero joining fee. Apply: bit.ly/rBglbB STOP to opt out,Promo,Promo_14
  Your Flipkart order OD9292381919 has been shipped via DTDC. Track: bit.ly/cKWZia,Delivery,Delivery_0
"Class shifted to room 8955, come fast",Personal,Hard_6
  Weekend special at Amazon! Min 40% off on everything. Don't miss out: bit.ly/JGFiwQ,Promo,Promo_6
LOW BALANCE ALERT: A/C XX5165 BALANCE IS RS.354750. MAINTAIN MIN BALANCE TO AVOID CHARGES.,Bank,Bank_10
ALERT: RS.13657 WITHDRAWN FROM ATM USING CARD XX8790 ON 05-07-26. BAL: RS.42179. -ICICI BANK,Bank,Bank_3
items in your order history are back in stock at bigbasket. prices start rs.184.,Promo,Promo_23
561895 - use this code to sign in to Paytm. Never share it with anyone.,OTP,OTP_7
270142 is your OTP for PhonePe login. Valid for 15 minutes. Do not share with anyone.,OTP,OTP_0
EMI of Rs.24700 due on 29-06-26 for loan A/c XX4820. Pay now to avoid charges. -PNB,Bank,Bank_4
  Flipkart Big Billion Days! Up to 50% off + extra 10% with HDFC Bank cards. Hurry!,Promo,Promo_1
Meesho:  Your cart misses you! Complete purchase now & get 70% off. bit.ly/ZSsmMl,Promo,Promo_4
cheque no. 449932630450 for rs.35867 has been cleared from a/c xx5619. -axis bank,Bank,Bank_8
Your return pickup for order OD2767885573 is scheduled on 04 Jul. Keep the item ready. -BigBasket,Delivery,Delivery_7
emi of rs.62460 due on 04-01-26 for loan a/c xx4270. pay now to avoid charges. -bob,Bank,Bank_4
EMI  of Rs.93920 due on 04-06-26 for loan A/c XX6495. Pay now to avoid charges. -HDFC Bank,Bank,Bank_4
EXCLUSIVE FOR YOU! BUY 1 GET 1 FREE AT AMAZON. LIMITED PERIOD OFFER. VISIT BIT.LY/EEOLXQ,Promo,Promo_3
Data exhausted? Get 1GB extra with Rs.1618 booster pack. Dial *121# or visit app.,Promo,Promo_11
weekend special at bigbasket! min 80% off on everything. don't miss out: bit.ly/xbnsnw,Promo,Promo_6
489485 - use this to sign in. Never share this code with anyone.,OTP,Hard_7
Kotak: 331080 is your login OTP. It expires in 30 minutes.,OTP,OTP_6
Ekart: Shipment OD5677734339 reached your city hub. Expected delivery: 04 Jul.,Delivery,Delivery_4
Data exhausted? Get 1.5GB extra with Rs.665 booster pack Dial *121# or visit app,Promo,Promo_11
Anita from DTDC is arriving with your package. Contact: 9411352397,Delivery,Delivery_6
Use  code 5725 at checkout for 50% off at Amazon!,Promo,Hard_0
You have 1185 reward points expiring on 06 Jul Redeem on Amazon,Promo,Promo_20
Your  Axis Bank debit card XX2934 has been blocked due to suspicious activity. Visit branch or call 1800-XXX to unblock.,Bank,Bank_11
Your  A/c XX6275 is debited with Rs.29783 on 28-06-26. Info: UPI-Bhavini. Bal: Rs.255722,Bank,Bank_2
Your PNB debit card XX4241 has been blocked due to suspicious activity. Visit branch or call 1800-XXX to unblock.,Bank,Bank_11
Your  Kotak debit card XX3878 has been blocked due to suspicious activity. Visit branch or call 1800-XXX to unblock.,Bank,Bank_11
Your credit card XX4967 statement is ready. Total due: Rs.98524. Min due: Rs.3818. -HDFC Bank,Bank,Bank_5
Work from home! Earn Rs.1437571/month. Join: bit.ly/fhDwLW,Spam,Hard_14
Cheque no. 272556595110 for Rs.36330 has been cleared from A/c XX2992. -HDFC Bank,Bank,Bank_8
"NEVER SHARE YOUR OTP, PIN OR CVV. SBI NEVER ASKS FOR THESE. STAY SAFE.",Bank,Hard_3
<#> 766363 is your Axis Bank code. Valid 10 min. hA8sk2Lqp3,OTP,OTP_13
Delivery attempt failed for order OD3254782202. We will retry tomorrow. -BlueDart,Delivery,Delivery_5
Tap to verify: 771918. This code expires shortly. T&C apply,OTP,Hard_9
Swiggy Big Billion Days! Up to 60% off + extra 10% with Kotak cards. Hurry!,Promo,Promo_1
Your order OD6155434381 from Amazon is arriving tomorrow. Keep Rs.384 ready for COD. -TM,Delivery,Delivery_3
Weekend special at Zomato! Min 40% off on everything. Don't miss out: bit.ly/ixpHYJ,Promo,Promo_6
Items  in your order history are back in stock at Myntra. Prices start Rs.1134.,Promo,Promo_23
"Never share your OTP, PIN or CVV. SBI never asks for these. Stay safe. -TM",Bank,Hard_3
632083 is your OTP for Flipkart login. Valid for 2 minutes. Do not share with anyone.,OTP,OTP_0
Your one time password is 321050 for Netflix. Please do not share it.,OTP,OTP_5
  Your OTP is 871624. Use it to verify your Amazon account. Expires in 15 min.,OTP,OTP_1
Delivery attempt failed for order OD7227425741. We will retry tomorrow. -Ekart,Delivery,Delivery_5
YOUR CREDIT CARD XX2511 STATEMENT IS READY. TOTAL DUE: RS.21932. MIN DUE: RS.3113. -KOTAK,Bank,Bank_5
Enter 675681 to verify your mobile number for Hotstar.,OTP,OTP_10
Delivered! Your Flipkart order OD2363244556 was delivered on 04 Jul. Rate your experience: bit.ly/CdTikS,Delivery,Delivery_2
916772 is your ICICI Bank security code. Anyone asking for it is a scammer.,OTP,OTP_9
BEWARE OF FRAUD CALLS ASKING FOR CARD DETAILS. PNB OFFICIALS NEVER ASK FOR PIN OR CVV.,Bank,Bank_15
411101  is your verification code for Flipkart. Never share your OTP.,OTP,OTP_3
Missed our shows? Come back to SonyLIV at 50% off for 3 months. Resubscribe: bit.ly/SIUKkM,Promo,Promo_19
  Your order OD5020434594 from Zomato is arriving tomorrow. Keep Rs.4330 ready for COD.,Delivery,Delivery_3
Items  in your order history are back in stock at Amazon. Prices start Rs.1585.,Promo,Promo_23
Your OTP is 410011. Use it to verify your Zomato account. Expires in 10 min.,OTP,OTP_1
Missed our shows? Come back to Prime Video at 50% off for 3 months. Resubscribe: bit.ly/TknoMi,Promo,Promo_19
Missed  our shows? Come back to Hotstar at 50% off for 3 months. Resubscribe: bit.ly/OJVsJP,Promo,Promo_19
Your account statement for August is available. Download from the SBI app.,Bank,Bank_16
Convert your ICICI Bank card purchase of Rs.1613 into easy EMIs at 0% interest. Reply YES.,Promo,Promo_15
Your one time password is 587356 for Axis Bank. Please do not share it.,OTP,OTP_5
Last day! Myntra clearance sale ends tonight. Up to 60% off sitewide.,Promo,Promo_8
Your Flipkart order OD9114690449 has been shipped via Delhivery Track: bitly/khrgch,Delivery,Delivery_0
OTP for delivery of order OD8202849189 is 4416. Share only with the delivery agent. -BlueDart,Delivery,Delivery_9
ALERT: Rs.590 withdrawn from ATM using card XX1107 on 08-06-26. Bal: Rs.88446. -PNB,Bank,Bank_3
415563 IS YOUR VERIFICATION CODE FOR MEESHO. NEVER SHARE YOUR OTP.,OTP,OTP_3
BigBasket: Your cart misses you! Complete purchase now & get 80% off. bit.ly/WLLbsj,Promo,Promo_4
"Hey, my new number is 07269027833. Save it! Meet at noon?",Personal,Hard_4
Your A/c XX4799 is debited with Rs.91751 on 03-07-26 Info: UPI-Lipika Bal: Rs.312769,Bank,Bank_2
  Your SIM will be deactivated in 24hrs. Verify Aadhaar: bit.ly/prYuDd,Spam,Hard_13
Auto-pay of Rs.48633 to Pooja is scheduled on 05-02-26 from A/c XX5745. Ensure sufficient balance.,Bank,Bank_13
Dear customer ur Axis Bank account will be blocked! Update KYC now: bit.ly/MBzeLB STOP to opt out,Spam,Hard_11
UPI payment of Rs.75623 to Laban successful. UPI Ref: 849244203119. -Axis Bank,Bank,Bank_6
127029 is your verification code for Uber. Never share your OTP.,OTP,OTP_3
Salary of Rs.46843 credited to A/c XX3277. Avl Bal: Rs.378425. -SBI,Bank,Bank_7
Ekiya  from Delhivery is arriving with your package. Contact: 02895322301,Delivery,Delivery_6
Use  315112 to complete your Zomato registration. Valid till 10 mins.,OTP,OTP_4
169067  is your Kotak security code. Anyone asking for it is a scammer.,OTP,OTP_9
Your one time password is 223207 for Paytm. Please do not share it. -TM,OTP,OTP_5
Your one time password is 568554 for Myntra. Please do not share it.,OTP,OTP_5
IRCTC: Special trains added for festive season. Book early & save up to 50%.,Promo,Promo_17
  Work from home! Earn Rs.1552602/month. Join: bit.ly/sRgPjB,Spam,Hard_14
Interest of Rs.42156 credited to your FD A/c XX1457. -BOB,Bank,Bank_9
"class shifted to room 7832, come fast",Personal,Hard_6
Rs.40693 credited to A/c XX6535 on 18-06-26. Avl Bal: Rs.277529. -Kotak,Bank,Bank_1
"Ur SBI health insurance renewal is due 02 Jul. Renew online, save 10% on premium.",Promo,Promo_24
KYC update pending for A/c XX1609. Please visit ur nearest Kotak branch by 05-07-26 to avoid restrictions.,Bank,Bank_12
Flat Rs.212 cashback on your next order at BigBasket. Use code SAVE29. Valid till 03 Jul.,Promo,Promo_2
Weekend  special at BigBasket! Min 40% off on everything. Don't miss out: bit.ly/jAgyxC,Promo,Promo_6
Auto-pay of Rs.32006 to Jason is scheduled on 18-02-26 from A/c XX7243 Ensure sufficient balance,Bank,Bank_13
EMI of Rs.28033 due on 30-03-26 for loan A/c XX8994. Pay now to avoid charges. -Kotak,Bank,Bank_4
OTP for delivery of order OD3034764733 is 5144. Share only with the delivery agent. -DTDC -TM,Delivery,Delivery_9
Your return pickup for order OD4520182884 is scheduled on 06 Jul. Keep the item ready. -Flipkart,Delivery,Delivery_7
Weekend special at Meesho! Min 30% off on everything. Don't miss out: bit.ly/wULHsY,Promo,Promo_6
YOUR ONE TIME PASSWORD IS 506922 FOR PHONEPE. PLEASE DO NOT SHARE IT.,OTP,OTP_5
601433 is your OTP for ICICI Bank login. Valid for 30 minutes. Do not share with anyone.,OTP,OTP_0
Hungry? Get 80% off up to Rs.431 on your next 3 orders. Code: EAT88. -Zomato -TM,Promo,Promo_12
Your PNB debit card XX9732 has been blocked due to suspicious activity. Visit branch or call 1800-XXX to unblock.,Bank,Bank_11
ALERT: RS.12989 WITHDRAWN FROM ATM USING CARD XX1886 ON 29-01-26. BAL: RS.210440. -HDFC BANK,Bank,Bank_3
exclusive for you! buy 1 get 1 free at swiggy. limited period offer. visit bit.ly/mylxcn,Promo,Promo_3
Missed our shows? Come back to SonyLIV at 50% off for 3 months. Resubscribe: bit.ly/KNilTP,Promo,Promo_19
Your Uber code: 5226,OTP,Hard_8
mega sale! get 40% off on all products at myntra. shop now: bit.ly/zvdfmp t&c apply.,Promo,Promo_0
Your SIM will be deactivated in 24hrs. Verify Aadhaar: bit.ly/VGlxpV T&C apply,Spam,Hard_13
Your return pickup for order OD7667584970 is scheduled on 01 Jul. Keep the item ready. -Myntra,Delivery,Delivery_7
  ALERT: Rs.62241 withdrawn from ATM using card XX3634 on 30-05-26. Bal: Rs.372928. -BOB,Bank,Bank_3
Myntra Big Billion Days! Up to 60% off + extra 10% with Kotak cards. Hurry!,Promo,Promo_1
MEGA SALE! Get 50% OFF on all products at Meesho. Shop now: bit.ly/UQwcwo T&C apply.,Promo,Promo_0
  Missed our shows? Come back to Prime Video at 50% off for 3 months. Resubscribe: bit.ly/Ewlvlh,Promo,Promo_19
Your Uber code: 3207,OTP,Hard_8
Myntra: Your cart misses you! Complete purchase now & get 20% off bitly/NCDsyv,Promo,Promo_4
Recharge with Rs.402 & get 80% extra talktime. Offer valid today only!,Promo,Promo_5
  Order OD2619676161 packed and ready! Expected dispatch by 06 Jul. -Meesho,Delivery,Delivery_8
Your Vi pack expires tomorrow. Recharge with Rs.611 for 2GB/day + unlimited calls.,Promo,Promo_10
MEGA SALE! Get 20% OFF on all products at Zomato. Shop now: bit.ly/ohePlR T&C apply.,Promo,Promo_0
  Your A/c XX5161 is debited with Rs.84670 on 11-01-26. Info: UPI-Naksh. Bal: Rs.61990,Bank,Bank_2
Your Uber code: 5194,OTP,Hard_8
Your BigBasket order OD6716054831 has been shipped via Ekart. Track: bit.ly/cTtARu,Delivery,Delivery_0
Tap to verify: 429518. This code expires shortly.,OTP,Hard_9
"Class shifted to room 7895, come fast",Personal,Hard_6
YOUR PRIME VIDEO PLAN RENEWS ON 01 JUL AT RS.1773. UPGRADE TO 4K FOR RS.298/MONTH.,Promo,Promo_18
EMI of Rs.52669 due on 03-07-26 for loan A/c XX3905. Pay now to avoid charges. -ICICI Bank,Bank,Bank_4
Rs.70253 debited from A/c XX9711 on 22-04-26 to Balhaar. Avl Bal: Rs.312794. -Axis Bank,Bank,Bank_0
Salary of Rs.3802 credited to A/c XX4725. Avl Bal: Rs.184554. -SBI,Bank,Bank_7
Convert your HDFC Bank card purchase of Rs.858 into easy EMIs at 0% interest. Reply YES.,Promo,Promo_15
Coupon 7270 gives you free delivery on orders above Rs.272. -Zomato,Promo,Hard_1
Convert your SBI card purchase of Rs.507 into easy EMIs at 0% interest. Reply YES.,Promo,Promo_15
Your PNB debit card XX1680 has been blocked due to suspicious activity. Visit branch or call 1800-XXX to unblock.,Bank,Bank_11
OTP: 748917 for txn of Rs.32730 at HDFC Bank. Do not share. -SBI,OTP,OTP_2
"Your Kotak health insurance renewal is due 01 Jul. Renew online, save 60% on premium.",Promo,Promo_24
Confirmation code 21286 for GPay. Keep it private.,OTP,OTP_11
Auto-pay  of Rs.22401 to Mitali is scheduled on 06-07-26 from A/c XX3092. Ensure sufficient balance.,Bank,Bank_13
Enter 736071 to verify your mobile number for Netflix.,OTP,OTP_10
Convert your SBI card purchase of Rs.849 into easy EMIs at 0% interest. Reply YES.,Promo,Promo_15
MEGA SALE! Get 30% OFF on all products at Flipkart. Shop now: bit.ly/ZcreYp T&C apply.,Promo,Promo_0
"Bro send me Rs.3888 on gpay, will return by 02 Jul",Personal,Hard_5
Data exhausted? Get 1GB extra with Rs.1212 booster pack. Dial *121# or visit app.,Promo,Promo_11
Delivered! Ur Meesho order OD9852823056 was delivered on 03 Jul. Rate ur experience: bit.ly/RJtQSt,Delivery,Delivery_2
EMI of Rs.64242 due on 14-04-26 for loan A/c XX2457. Pay now to avoid charges. -PNB T&C apply,Bank,Bank_4
Ur one time password is 70250 for Myntra. Please do not share it.,OTP,OTP_5
HEMA FROM BLUEDART IS ARRIVING WITH YOUR PACKAGE. CONTACT: 04463439984,Delivery,Delivery_6
Tap to verify: 647170. This code expires shortly.,OTP,Hard_9
KYC update pending for A/c XX2130. Please visit ur nearest ICICI Bank branch by 22-06-26 to avoid restrictions.,Bank,Bank_12
Interest of Rs.21654 credited to ur FD A/c XX8284. -BOB,Bank,Bank_9
IRCTC:  Special trains added for festive season. Book early & save up to 50%.,Promo,Promo_17
  Flight fares dropped! BLR-MAA from Rs.89. Book on ixigo before midnight.,Promo,Promo_16
Last day! BigBasket clearance sale ends tonight. Up to 50% off sitewide.,Promo,Promo_8
BEWARE OF FRAUD CALLS ASKING FOR CARD DETAILS. SBI OFFICIALS NEVER ASK FOR PIN OR CVV.,Bank,Bank_15
UPI payment of Rs.81124 to Indira successful. UPI Ref: 406235842344. -BOB,Bank,Bank_6
Exclusive for you! Buy 1 Get 1 FREE at Meesho. Limited period offer. Visit bit.ly/VSSQzt,Promo,Promo_3
Zomato: Free delivery all weekend! Order your favourites now.,Promo,Promo_13
Xiti from Delhivery is arriving with your package. Contact: 7021625298 -TM,Delivery,Delivery_6
Coupon  5400 gives you free delivery on orders above Rs.415. -Flipkart,Promo,Hard_1
You have 3046 reward points expiring on 01 Jul Redeem on BigBasket,Promo,Promo_20
Congratulations!  You won Rs.1185953 in lucky draw. Claim: bit.ly/yxTjGA,Spam,Hard_12
Your OTP is 278879. Use it to verify your PNB account. Expires in 2 min.,OTP,OTP_1
congratulations! you won rs.2242266 in lucky draw. claim: bit.ly/xffvhn,Spam,Hard_12
Your Swiggy membership expires soon. Renew now & save 40%: bit.ly/Volgma,Promo,Promo_9
  Enter 306907 to verify your mobile number for HDFC Bank.,OTP,OTP_10
"Your ICICI Bank health insurance renewal is due 04 Jul. Renew online, save 50% on premium. -TM",Promo,Promo_24
Congratulations! You won Rs.1277575 in lucky draw. Claim: bit.ly/INYbLB,Spam,Hard_12
Your SonyLIV plan renews on 04 Jul at Rs.486. Upgrade to 4K for Rs.536/month.,Promo,Promo_18
"Never share your OTP, PIN or CVV. SBI never asks for these. Stay safe. STOP to opt out",Bank,Hard_3
OTP for delivery of order OD7355719108 is 5944. Share only with the delivery agent. -Ekart,Delivery,Delivery_9
Rs.75283  debited from A/c XX2641 on 02-05-26 to Jyoti. Avl Bal: Rs.21104. -BOB,Bank,Bank_0
OTP: 847543 for txn of Rs.33328 at Flipkart Do not share -SBI,OTP,OTP_2
290820 is your verification code for SBI. Never share your OTP.,OTP,OTP_3
You have 952 reward points expiring on 05 Jul. Redeem on Meesho. STOP to opt out,Promo,Promo_20
Items in your order history are back in stock at Swiggy. Prices start INR 1191.,Promo,Promo_23
Paytm: 161510 is your login OTP. It expires in 30 minutes. -TM,OTP,OTP_6
Out for delivery: Your BigBasket package OD9739606420 will arrive today by 3 PM -Delhivery,Delivery,Delivery_1
Order OD1900574977 packed and ready! Expected dispatch by 04 Jul -Zomato,Delivery,Delivery_8
Your  OTP is 448417. Use it to verify your Swiggy account. Expires in 15 min.,OTP,OTP_1
EMI of Rs.70328 due on 15-03-26 for loan A/c XX4643. Pay now to avoid charges. -ICICI Bank,Bank,Bank_4
Salary of INR 60517 credited to A/c XX6100. Avl Bal: INR 496651. -HDFC Bank,Bank,Bank_7
your credit card xx1313 statement is ready. total due: rs.49344. min due: rs.3631. -pnb,Bank,Bank_5
EMI of Rs.7294 due on 02-07-26 for loan A/c XX4906. Pay now to avoid charges. -HDFC Bank,Bank,Bank_4
Confirmation code 409723 for GPay. Keep it private.,OTP,OTP_11
Convert your BOB card purchase of INR 1423 into easy EMIs at 0% interest. Reply YES.,Promo,Promo_15
  Delivery attempt failed for order OD6108278575. We will retry tomorrow. -Ekart,Delivery,Delivery_5
Use 138971 to complete your Meesho registration. Valid till 10 mins.,OTP,OTP_4
Your Axis Bank code: 47127,OTP,OTP_8
<#> 342335 is your Meesho code. Valid 5 min. hA8sk2Lqp3,OTP,OTP_13
Confirmation code 33009 for HDFC Bank. Keep it private.,OTP,OTP_11
<#> 851280 is your BOB code. Valid 10 min. hA8sk2Lqp3,OTP,OTP_13
KYC update pending for A/c XX7059. Please visit your nearest HDFC Bank branch by 23-06-26 to avoid restrictions.,Bank,Bank_12
RS.64471 CREDITED TO A/C XX3060 ON 26-05-26. AVL BAL: RS.139710. -SBI,Bank,Bank_1
<#> 281319 is your Meesho code. Valid 15 min. hA8sk2Lqp3,OTP,OTP_13
Your BigBasket membership expires soon. Renew now & save 50%: bit.ly/tLOaBJ,Promo,Promo_9
"HEY, MY NEW NUMBER IS 06396959274. SAVE IT! MEET AT NOON?",Personal,Hard_4
SALARY OF RS.41550 CREDITED TO A/C XX3832. AVL BAL: RS.33616. -BOB,Bank,Bank_7
Enter 240799 to verify your mobile number for Zomato.,OTP,OTP_10
YOUR FD OF RS.58639 MATURES ON 01-07-26. RENEW OR WITHDRAW VIA NETBANKING. -SBI,Bank,Bank_14
Your PNB debit card XX3173 has been blocked due to suspicious activity. Visit branch or call 1800-XXX to unblock. -TM,Bank,Bank_11
"  Class shifted to room 4207, come fast",Personal,Hard_6
  120421 - use this code to sign in to PNB. Never share it with anyone.,OTP,OTP_7
Pre-approved!  Get a PNB credit card with Rs.190062 limit. Zero joining fee. Apply: bit.ly/DMSwcA,Promo,Promo_14
convert your kotak card purchase of rs.113 into easy emis at 0% interest. reply yes.,Promo,Promo_15
Swiggy: Free delivery all weekend! Order your favourites now.,Promo,Promo_13
345443 - use this to sign in. Never share this code with anyone.,OTP,Hard_7
ALERT: Rs.18779 withdrawn from ATM using card XX1049 on 12-04-26. Bal: Rs.219583. -PNB,Bank,Bank_3
your hotstar plan renews on 01 jul at rs.899. upgrade to 4k for rs.737/month.,Promo,Promo_18
Your Meesho membership expires soon. Renew now & save 20%: bit.ly/JIVFFI,Promo,Promo_9
Your one time password is 360967 for Meesho. Please do not share it.,OTP,OTP_5
"BRO SEND ME RS.3520 ON GPAY, WILL RETURN BY 04 JUL",Personal,Hard_5
Interest of Rs.26560 credited to your FD A/c XX9499. -HDFC Bank,Bank,Bank_9
Your order OD3045972749 from Amazon is arriving tomorrow. Keep INR 2047 ready for COD.,Delivery,Delivery_3
Enter 798514 to verify your mobile number for PhonePe. STOP to opt out,OTP,OTP_10
Your Airtel pack expires tomorrow. Recharge with Rs.638 for 1.5GB/day + unlimited calls.,Promo,Promo_10
"Never share your OTP, PIN or CVV. Axis Bank never asks for these. Stay safe. -TM",Bank,Hard_3
Your A/c XX9250 is debited with Rs.40720 on 15-04-26. Info: UPI-Avni. Bal: Rs.405182,Bank,Bank_2
EMI of INR 71188 due on 03-02-26 for loan A/c XX4032. Pay now to avoid charges. -ICICI Bank,Bank,Bank_4
UPI PAYMENT OF RS.49558 TO ABHA SUCCESSFUL. UPI REF: 825467908984. -AXIS BANK,Bank,Bank_6
Ur Prime Video plan renews on 03 Jul at Rs.1821. Upgrade to 4K for Rs.426/month.,Promo,Promo_18
otp: 199375 for txn of rs.42489 at hotstar. do not share. -pnb,OTP,OTP_2
Ur Flipkart order OD1841499306 has been shipped via DTDC. Track: bit.ly/RWAFvS,Delivery,Delivery_0
OTP-based login was enabled for your A/c XX8857. Call BOB if this wasn't you.,Bank,Hard_2
385591 - use this code to sign in to PNB. Never share it with anyone.,OTP,OTP_7
423212 IS YOUR VERIFICATION CODE FOR NETFLIX. NEVER SHARE YOUR OTP.,OTP,OTP_3
"Hi Akshay, unlock Rs.65 off your first order at Meesho with code NEW97.",Promo,Promo_7
"Never share your OTP, PIN or CVV. Kotak never asks for these. Stay safe.",Bank,Hard_3
You have 2967 reward points expiring on 01 Jul. Redeem on Swiggy.,Promo,Promo_20
ALERT: Rs.76565 withdrawn from ATM using card XX9370 on 09-01-26. Bal: Rs.94964. -SBI,Bank,Bank_3
  Delivered! Your Zomato order OD3341416775 was delivered on 01 Jul. Rate your experience: bit.ly/NKhnxr,Delivery,Delivery_2
554754 is your BOB security code. Anyone asking for it is a scammer.,OTP,OTP_9
Out for delivery: Your BigBasket package OD3317207525 will arrive today by 3 PM. -BlueDart,Delivery,Delivery_1
599308 - use this code to sign in to Amazon. Never share it with anyone.,OTP,OTP_7
Order  OD7724961090 packed and ready! Expected dispatch by 01 Jul. -Amazon,Delivery,Delivery_8
Your order OD6393086247 from Amazon is arriving tomorrow. Keep Rs.2781 ready for COD.,Delivery,Delivery_3
"Never share your OTP, PIN or CVV. ICICI Bank never asks for these. Stay safe.",Bank,Hard_3
OTP FOR DELIVERY OF ORDER OD6104851412 IS 9316. SHARE ONLY WITH THE DELIVERY AGENT. -BLUEDART,Delivery,Delivery_9
enter 910121 to verify your mobile number for hdfc bank.,OTP,OTP_10
Flight  fares dropped! HYD-MAA from Rs.53. Book on MakeMyTrip before midnight.,Promo,Promo_16
  Myntra Big Billion Days! Up to 30% off + extra 10% with Kotak cards. Hurry!,Promo,Promo_1
Your A/c XX1948 is debited with INR 18532 on 27-04-26. Info: UPI-Qasim. Bal: INR 311897,Bank,Bank_2
IRCTC: SPECIAL TRAINS ADDED FOR FESTIVE SEASON. BOOK EARLY & SAVE UP TO 20%.,Promo,Promo_17
170045 is your Axis Bank security code. Anyone asking for it is a scammer.,OTP,OTP_9
congratulations! you won rs.2479720 in lucky draw. claim: bit.ly/uzehyf,Spam,Hard_12
Dear customer ur HDFC Bank account will be blocked! Update KYC now: bit.ly/MVkeOW STOP to opt out,Spam,Hard_11
your sim will be deactivated in 24hrs. verify aadhaar: bit.ly/cxzfsf,Spam,Hard_13
Your credit card XX4018 statement is ready. Total due: Rs.76121. Min due: Rs.1338. -ICICI Bank,Bank,Bank_5
Confirmation  code 980474 for PhonePe. Keep it private.,OTP,OTP_11
"Never share your OTP, PIN or CVV. ICICI Bank never asks for these. Stay safe.",Bank,Hard_3
OTP: 206774 for txn of Rs.43535 at Swiggy. Do not share. -Kotak,OTP,OTP_2
393079 - use this to sign in Never share this code with anyone,OTP,Hard_7
Your Uber code: 4153,OTP,Hard_8
Dear  customer ur SBI account will be blocked! Update KYC now: bit.ly/NmCSEN,Spam,Hard_11
UPI payment of Rs.58941 to Simon successful. UPI Ref: 663306485262. -HDFC Bank,Bank,Bank_6
"Hey, my new number is 05936576520. Save it! Meet at 8?",Personal,Hard_4
Order OD5922351538 packed and ready! Expected dispatch by 03 Jul. -Swiggy -TM,Delivery,Delivery_8
125122 is your Axis Bank security code. Anyone asking for it is a scammer.,OTP,OTP_9
Recharge with Rs.189 & get 60% extra talktime Offer valid today only!,Promo,Promo_5
Cheque no. 756239848043 for Rs.75605 has been cleared from A/c XX2724. -ICICI Bank,Bank,Bank_8
OTP: 841519 for txn of Rs.37930 at Uber. Do not share. -PNB,OTP,OTP_2
Enter 245150 to verify your mobile number for Amazon.,OTP,OTP_10
pay rs.973 on delivery for order od131577039. -dtdc,Delivery,Hard_10
Your OTP is 645355 Use it to verify your Amazon account Expires in 30 min,OTP,OTP_1
Your Airtel pack expires tomorrow Recharge with Rs.986 for 2GB/day + unlimited calls,Promo,Promo_10
Your Jio pack expires tomorrow. Recharge with Rs.1291 for 1GB/day + unlimited calls.,Promo,Promo_10
order od5556440556 packed and ready! expected dispatch by 04 jul. -meesho,Delivery,Delivery_8
Rs.39372 credited to A/c XX9457 on 10-01-26. Avl Bal: Rs.466923. -PNB,Bank,Bank_1
699814 is your HDFC Bank security code. Anyone asking for it is a scammer.,OTP,OTP_9
Flight fares dropped! BLR-MAA from INR 1525. Book on Goibibo before midnight.,Promo,Promo_16
Your BigBasket order OD8999929647 has been shipped via Delhivery. Track: bit.ly/zTJNUT,Delivery,Delivery_0
"Your  BOB health insurance renewal is due 02 Jul. Renew online, save 10% on premium.",Promo,Promo_24
Your return pickup for order OD3119443487 is scheduled on 01 Jul. Keep the item ready. -Amazon,Delivery,Delivery_7
  ALERT: Rs.36471 withdrawn from ATM using card XX2438 on 07-06-26. Bal: Rs.298557. -PNB,Bank,Bank_3
  Your Axis Bank debit card XX2359 has been blocked due to suspicious activity. Visit branch or call 1800-XXX to unblock.,Bank,Bank_11
Tap to verify: 290938. This code expires shortly.,OTP,Hard_9
319296 is your OTP for Netflix login Valid for 10 minutes Do not share with anyone,OTP,OTP_0
640690 - use this to sign in Never share this code with anyone,OTP,Hard_7
Missed our shows? Come back to SonyLIV at 50% off for 3 months. Resubscribe: bit.ly/kWDKeh -TM,Promo,Promo_19
Your one time password is 274067 for Kotak. Please do not share it.,OTP,OTP_5
Delivered! Your BigBasket order OD8638925632 was delivered on 02 Jul. Rate your experience: bit.ly/DfXiMj,Delivery,Delivery_2
Missed our shows? Come back to SonyLIV at 50% off for 3 months. Resubscribe: bit.ly/GObkoE,Promo,Promo_19
  Out for delivery: Your BigBasket package OD2147924317 will arrive today by 9 PM. -XpressBees,Delivery,Delivery_1
  Nimrat from Ekart is arriving with your package. Contact: 08370332926,Delivery,Delivery_6
354317 is your verification code for ICICI Bank Never share your OTP,OTP,OTP_3
Congratulations! You won Rs.485016 in lucky draw. Claim: bit.ly/QkPyUb,Spam,Hard_12
YOU HAVE 3202 REWARD POINTS EXPIRING ON 01 JUL. REDEEM ON MYNTRA.,Promo,Promo_20
ORDER OD7085927066 PACKED AND READY! EXPECTED DISPATCH BY 01 JUL. -ZOMATO,Delivery,Delivery_8
Your Kotak debit card XX2122 has been blocked due to suspicious activity. Visit branch or call 1800-XXX to unblock.,Bank,Bank_11
DEAR CUSTOMER UR BOB ACCOUNT WILL BE BLOCKED! UPDATE KYC NOW: BIT.LY/RRZRYX,Spam,Hard_11
Barkha from DTDC is arriving with your package. Contact: 03688733493,Delivery,Delivery_6
CHEQUE NO. 167087301424 FOR RS.41247 HAS BEEN CLEARED FROM A/C XX3538. -PNB,Bank,Bank_8
Convert your Axis Bank card purchase of Rs.404 into easy EMIs at 0% interest. Reply YES. -TM,Promo,Promo_15
YOUR ACCOUNT STATEMENT FOR AUGUST IS AVAILABLE. DOWNLOAD FROM THE BOB APP.,Bank,Bank_16
Your return pickup for order OD9422417827 is scheduled on 04 Jul Keep the item ready -Meesho,Delivery,Delivery_7
<#> 124695 is your BOB code Valid 5 min hA8sk2Lqp3,OTP,OTP_13
Order OD7362126638 packed and ready! Expected dispatch by 05 Jul. -Meesho -TM,Delivery,Delivery_8
CONFIRMATION CODE 592987 FOR IRCTC. KEEP IT PRIVATE.,OTP,OTP_11
984087 is your OTP for HDFC Bank login. Valid for 2 minutes. Do not share with anyone. T&C apply,OTP,OTP_0
Last day! Meesho clearance sale ends tonight. Up to 70% off sitewide.,Promo,Promo_8
Your Swiggy membership expires soon. Renew now & save 30%: bit.ly/JMOHUx,Promo,Promo_9
  Work from home! Earn Rs.975346/month. Join: bit.ly/ycIORC,Spam,Hard_14
YOUR A/C XX9562 IS DEBITED WITH RS.16988 ON 26-01-26. INFO: UPI-EDHITHA. BAL: RS.84321,Bank,Bank_2
  Interest of Rs.98589 credited to your FD A/c XX8229. -HDFC Bank,Bank,Bank_9
Rs.63360 credited to A/c XX6787 on 23-02-26. Avl Bal: Rs.380314. -Axis Bank,Bank,Bank_1
your return pickup for order od1640290377 is scheduled on 02 jul. keep the item ready. -flipkart,Delivery,Delivery_7
Convert your SBI card purchase of Rs.1448 into easy EMIs at 0% interest. Reply YES.,Promo,Promo_15
WORK FROM HOME! EARN RS.2313260/MONTH. JOIN: BIT.LY/ULDPHO,Spam,Hard_14
Beware of fraud calls asking for card details. Kotak officials never ask for PIN or CVV.,Bank,Bank_15
"Bro send me Rs.532 on gpay, will return by 06 Jul",Personal,Hard_5
Your Netflix plan renews on 03 Jul at Rs.637. Upgrade to 4K for Rs.773/month.,Promo,Promo_18
Rs.35565 credited to A/c XX7827 on 20-05-26. Avl Bal: Rs.495319. -HDFC Bank,Bank,Bank_1
LOVED YOUR RECENT AMAZON ORDER? REORDER IN 1 TAP AND GET 10% OFF TODAY.,Promo,Promo_22
delivery attempt failed for order od4208634423. we will retry tomorrow. -bluedart,Delivery,Delivery_5
ORDER OD7744419182 PACKED AND READY! EXPECTED DISPATCH BY 05 JUL. -BIGBASKET,Delivery,Delivery_8
<#> 501988 is ur Amazon code. Valid 30 min. hA8sk2Lqp3,OTP,OTP_13
Your order OD4251119842 from Flipkart is arriving tomorrow. Keep Rs.3841 ready for COD.,Delivery,Delivery_3
Flight fares dropped! BOM-LKO from Rs.1192 Book on MakeMyTrip before midnight,Promo,Promo_16
Auto-pay of Rs.58717 to Triya is scheduled on 31-03-26 from A/c XX2641. Ensure sufficient balance.,Bank,Bank_13
UPI payment of Rs.97520 to Agastya successful. UPI Ref: 939116017838. -Kotak,Bank,Bank_6
Convert your PNB card purchase of Rs.1940 into easy EMIs at 0% interest. Reply YES.,Promo,Promo_15
your credit card xx9643 statement is ready. total due: rs.72640. min due: rs.3639. -bob,Bank,Bank_5
Items in your order history are back in stock at Meesho. Prices start Rs.1426.,Promo,Promo_23
Congratulations! You won Rs.771146 in lucky draw. Claim: bit.ly/ADfTwV,Spam,Hard_12
Your Flipkart code: 42396,OTP,OTP_8
Out for delivery: Your Zomato package OD5093297201 will arrive today by 6 PM. -BlueDart,Delivery,Delivery_1
flat rs.1111 cashback on your next order at swiggy. use code save30. valid till 06 jul.,Promo,Promo_2
Interest of Rs.95096 credited to ur FD A/c XX3066. -HDFC Bank,Bank,Bank_9
Beware of fraud calls asking for card details. ICICI Bank officials never ask for PIN or CVV.,Bank,Bank_15
your otp is 532089. use it to verify your sbi account. expires in 10 min.,OTP,OTP_1
  Your Paytm code: 755514,OTP,OTP_8
Your Uber code: 4550,OTP,Hard_8
Your A/c XX8002 is debited with INR 78738 on 23-06-26. Info: UPI-Xiti. Bal: INR 383173,Bank,Bank_2
Enter 757875 to verify your mobile number for SBI,OTP,OTP_10
  Work from home! Earn Rs.1847154/month. Join: bit.ly/vGAfAa,Spam,Hard_14
You have 772 reward points expiring on 02 Jul Redeem on Zomato,Promo,Promo_20
Netflix: 741010 is your login OTP. It expires in 5 minutes.,OTP,OTP_6
Delivered! Ur Swiggy order OD5646956468 was delivered on 06 Jul. Rate ur experience: bit.ly/FGWbWI,Delivery,Delivery_2
your flipkart code: 343860,OTP,OTP_8
Your return pickup for order OD3348737712 is scheduled on 01 Jul Keep the item ready -BigBasket,Delivery,Delivery_7
Your Vi pack expires tomorrow. Recharge with Rs.1182 for 3GB/day + unlimited calls.,Promo,Promo_10
Interest of Rs.82326 credited to your FD A/c XX5031 -BOB,Bank,Bank_9
IRCTC: Special trains added for festive season. Book early & save up to 60%.,Promo,Promo_17
57513 is your Hotstar security code. Anyone asking for it is a scammer.,OTP,OTP_9
UPI payment of Rs.97878 to Aradhana successful. UPI Ref: 625113613106. -HDFC Bank,Bank,Bank_6
ENTER 17079 TO VERIFY YOUR MOBILE NUMBER FOR IRCTC.,OTP,OTP_10
Pay Rs.4640 on delivery for order OD487234464. -DTDC,Delivery,Hard_10
251923 - use this code to sign in to BOB. Never share it with anyone.,OTP,OTP_7
920011 is your Amazon security code. Anyone asking for it is a scammer.,OTP,OTP_9
  Missed our shows? Come back to Hotstar at 50% off for 3 months. Resubscribe: bit.ly/zVxhWU,Promo,Promo_19
  Your Uber code: 239080,OTP,OTP_8
G-327840 is your Google verification code.,OTP,OTP_12
Kotak: 581693 is your login OTP. It expires in 10 minutes.,OTP,OTP_6
hungry? get 30% off up to rs.134 on your next 3 orders. code: eat36. -zomato,Promo,Promo_12
<#> 614357 is your SBI code Valid 2 min hA8sk2Lqp3,OTP,OTP_13
Rs.7573  credited to A/c XX1786 on 16-02-26. Avl Bal: Rs.32845. -Kotak,Bank,Bank_1
"Hi Harsh, unlock Rs.500 off ur first order at Swiggy with code NEW58.",Promo,Promo_7
Zomato: Free delivery all weekend! Order your favourites now.,Promo,Promo_13
Your SIM will be deactivated in 24hrs Verify Aadhaar: bitly/wqEMYo,Spam,Hard_13
Congratulations!  You won Rs.479899 in lucky draw. Claim: bit.ly/Najpmf,Spam,Hard_12
942902 IS YOUR SBI SECURITY CODE. ANYONE ASKING FOR IT IS A SCAMMER.,OTP,OTP_9
Delivery attempt failed for order OD7572697219. We will retry tomorrow. -DTDC,Delivery,Delivery_5
"Class shifted to room 3495, come fast",Personal,Hard_6
825304 is your OTP for Netflix login. Valid for 5 minutes. Do not share with anyone. -TM,OTP,OTP_0
UPI payment of Rs.5140 to William successful. UPI Ref: 700153984411. -PNB,Bank,Bank_6
Akshay from Delhivery is arriving with your package. Contact: 8020606606,Delivery,Delivery_6
78544 is your ICICI Bank security code. Anyone asking for it is a scammer.,OTP,OTP_9
Your OTP is 657916. Use it to verify your IRCTC account. Expires in 15 min.,OTP,OTP_1
Delivered! Your Flipkart order OD4328695220 was delivered on 03 Jul. Rate your experience: bit.ly/rUIKtJ,Delivery,Delivery_2
FLIGHT FARES DROPPED! BOM-LKO FROM RS.1033. BOOK ON MAKEMYTRIP BEFORE MIDNIGHT.,Promo,Promo_16
your uber code: 3344,OTP,Hard_8
Confirmation code 216968 for Hotstar. Keep it private. T&C apply,OTP,OTP_11
418809  - use this to sign in. Never share this code with anyone.,OTP,Hard_7
Dear  customer ur ICICI Bank account will be blocked! Update KYC now: bit.ly/truojR,Spam,Hard_11
Confirmation code 134922 for Uber Keep it private,OTP,OTP_11
"Your HDFC Bank health insurance renewal is due 02 Jul. Renew online, save 50% on premium.",Promo,Promo_24
64902 is your verification code for Flipkart. Never share your OTP.,OTP,OTP_3
"Hi Ayush, unlock Rs.1979 off your first order at Myntra with code NEW82.",Promo,Promo_7
Auto-pay of Rs.52696 to Ridhi is scheduled on 24-03-26 from A/c XX5174. Ensure sufficient balance.,Bank,Bank_13
Recharge with Rs.1601 & get 70% extra talktime. Offer valid today only!,Promo,Promo_5
Your Amazon code: 989959,OTP,OTP_8
You have 4451 reward points expiring on 01 Jul. Redeem on Zomato. T&C apply,Promo,Promo_20
IRCTC: Special trains added for festive season. Book early & save up to 10%.,Promo,Promo_17
COUPON 3206 GIVES YOU FREE DELIVERY ON ORDERS ABOVE RS.955. -SWIGGY,Promo,Hard_1
285830 is your verification code for PhonePe. Never share your OTP. T&C apply,OTP,OTP_3
your otp is 69294. use it to verify your flipkart account. expires in 5 min.,OTP,OTP_1
Your SBI debit card XX8578 has been blocked due to suspicious activity. Visit branch or call 1800-XXX to unblock. -TM,Bank,Bank_11
Dear customer ur BOB account will be blocked! Update KYC now: bit.ly/KZbUAx,Spam,Hard_11
OTP  for delivery of order OD5249206081 is 9716. Share only with the delivery agent. -Delhivery,Delivery,Delivery_9
OTP-based login was enabled for your A/c XX3235. Call ICICI Bank if this wasn't you.,Bank,Hard_2
Your  A/c XX1326 is debited with Rs.30934 on 10-06-26. Info: UPI-Nirja. Bal: Rs.315186,Bank,Bank_2
Order OD2106332685 packed and ready! Expected dispatch by 01 Jul. -BigBasket -TM,Delivery,Delivery_8
Your FD of Rs.57285 matures on 30-05-26 Renew or withdraw via netbanking -Kotak,Bank,Bank_14
OTP: 560815 for txn of Rs.29816 at Ola. Do not share. -Kotak,OTP,OTP_2
Your SIM will be deactivated in 24hrs Verify Aadhaar: bitly/xkMJtQ,Spam,Hard_13
Last day! Flipkart clearance sale ends tonight. Up to 60% off sitewide.,Promo,Promo_8
KYC update pending for A/c XX5949. Please visit your nearest Axis Bank branch by 19-03-26 to avoid restrictions.,Bank,Bank_12
MEESHO BIG BILLION DAYS! UP TO 40% OFF + EXTRA 10% WITH AXIS BANK CARDS. HURRY!,Promo,Promo_1
Your one time password is 156280 for Kotak. Please do not share it.,OTP,OTP_5
Confirmation code 253025 for IRCTC. Keep it private.,OTP,OTP_11
Data exhausted? Get 1GB extra with Rs.1654 booster pack. Dial *121# or visit app.,Promo,Promo_11
Work from home! Earn Rs.687275/month. Join: bit.ly/ylRVEt,Spam,Hard_14
"Hey, my new number is 09309285575. Save it! Meet at 6pm? T&C apply",Personal,Hard_4
KYC update pending for A/c XX9387. Please visit your nearest Kotak branch by 02-06-26 to avoid restrictions.,Bank,Bank_12
Low balance alert: A/c XX2859 balance is INR 81341. Maintain min balance to avoid charges.,Bank,Bank_10
Your order OD8529979437 from Myntra is arriving tomorrow. Keep INR 2714 ready for COD.,Delivery,Delivery_3
Exclusive for you! Buy 1 Get 1 FREE at Myntra. Limited period offer. Visit bit.ly/UzjwfR,Promo,Promo_3
"CLASS SHIFTED TO ROOM 1321, COME FAST",Personal,Hard_6
pre-approved! get a axis bank credit card with rs.447225 limit. zero joining fee. apply: bit.ly/qonjqu,Promo,Promo_14
Beware of fraud calls asking for card details SBI officials never ask for PIN or CVV,Bank,Bank_15
  Items in your order history are back in stock at Swiggy. Prices start Rs.696.,Promo,Promo_23
Jack from DTDC is arriving with your package. Contact: +911426120265,Delivery,Delivery_6
EMI of Rs.45132 due on 11-02-26 for loan A/c XX5494. Pay now to avoid charges. -ICICI Bank STOP to opt out,Bank,Bank_4
Your credit card XX7039 statement is ready. Total due: Rs.99873. Min due: Rs.1373. -ICICI Bank -TM,Bank,Bank_5
swiggy: free delivery all weekend! order your favourites now.,Promo,Promo_13
Items in your order history are back in stock at Myntra. Prices start Rs.1720.,Promo,Promo_23
otp: 688691 for txn of rs.48699 at gpay. do not share. -sbi,OTP,OTP_2
"Class shifted to room 8828, come fast",Personal,Hard_6
  Your SBI debit card XX3117 has been blocked due to suspicious activity. Visit branch or call 1800-XXX to unblock.,Bank,Bank_11
Your return pickup for order OD9374136904 is scheduled on 04 Jul. Keep the item ready. -Swiggy -TM,Delivery,Delivery_7
your fd of rs.54408 matures on 24-06-26. renew or withdraw via netbanking. -kotak,Bank,Bank_14
Delivery attempt failed for order OD1216590763. We will retry tomorrow. -DTDC,Delivery,Delivery_5
You have 1736 reward points expiring on 02 Jul. Redeem on BigBasket.,Promo,Promo_20
Use 187907 to complete your BigBasket registration. Valid till 15 mins.,OTP,OTP_4
Interest of Rs.82195 credited to your FD A/c XX8688. -HDFC Bank STOP to opt out,Bank,Bank_9
"Hey, my new number is 06420184983. Save it! Meet at tonight?",Personal,Hard_4
flight fares dropped! bom-pnq from rs.739. book on goibibo before midnight.,Promo,Promo_16
  Last day! Zomato clearance sale ends tonight. Up to 80% off sitewide.,Promo,Promo_8
Coupon 9887 gives you free delivery on orders above INR 4065. -Amazon,Promo,Hard_1
Your  account statement for August is available. Download from the SBI app.,Bank,Bank_16
you have 418 reward points expiring on 05 jul. redeem on swiggy.,Promo,Promo_20
BigBasket: Your cart misses you! Complete purchase now & get 80% off. bit.ly/XYHRGj,Promo,Promo_4
your vi pack expires tomorrow. recharge with rs.257 for 3gb/day + unlimited calls.,Promo,Promo_10
Ur credit card XX2308 statement is ready. Total due: Rs.3078. Min due: Rs.4233. -HDFC Bank,Bank,Bank_5
Beware of fraud calls asking for card details. HDFC Bank officials never ask for PIN or CVV.,Bank,Bank_15
Your Myntra order OD8426851421 has been shipped via BlueDart. Track: bit.ly/HmESBX,Delivery,Delivery_0
IRCTC: Special trains added for festive season. Book early & save up to 60%.,Promo,Promo_17
ALERT: Rs.38311 withdrawn from ATM using card XX9249 on 28-03-26. Bal: Rs.121258. -Axis Bank,Bank,Bank_3
DELIVERY ATTEMPT FAILED FOR ORDER OD2214387371. WE WILL RETRY TOMORROW. -DTDC,Delivery,Delivery_5
otp: 834142 for txn of rs.37761 at myntra. do not share. -sbi,OTP,OTP_2
Use code 1264 at checkout for 50% off at Myntra!,Promo,Hard_0
<#> 573847 is your Swiggy code. Valid 15 min. hA8sk2Lqp3,OTP,OTP_13
Delhivery: Shipment OD1224252971 reached your city hub. Expected delivery: 03 Jul.,Delivery,Delivery_4
Data exhausted? Get 3GB extra with Rs.623 booster pack Dial *121# or visit app,Promo,Promo_11
Weekend special at Myntra! Min 70% off on everything. Don't miss out: bit.ly/zqaOLO,Promo,Promo_6
Salary of Rs.60561 credited to A/c XX3895. Avl Bal: Rs.184729. -Kotak T&C apply,Bank,Bank_7
Delivered! Your Swiggy order OD5104139002 was delivered on 05 Jul. Rate your experience: bit.ly/OBALZM,Delivery,Delivery_2
Pay Rs.1326 on delivery for order OD803310617. -DTDC,Delivery,Hard_10
Items in your order history are back in stock at Zomato. Prices start Rs.444.,Promo,Promo_23
KYC update pending for A/c XX2146. Please visit your nearest Axis Bank branch by 08-04-26 to avoid restrictions.,Bank,Bank_12
UPI  payment of Rs.67561 to Warhi successful. UPI Ref: 395291309828. -Kotak,Bank,Bank_6
Ekart: Shipment OD2400578458 reached your city hub. Expected delivery: 06 Jul.,Delivery,Delivery_4
Interest of Rs.94611 credited to your FD A/c XX5398. -ICICI Bank,Bank,Bank_9
Auto-pay of INR 89369 to Zaid is scheduled on 10-05-26 from A/c XX1588. Ensure sufficient balance.,Bank,Bank_13
Your Meesho membership expires soon. Renew now & save 20%: bit.ly/bGKzhC,Promo,Promo_9
Pay Rs.1418 on delivery for order OD570264809. -Ekart,Delivery,Hard_10
Your Uber code: 7070,OTP,Hard_8
"Never share your OTP, PIN or CVV. Axis Bank never asks for these. Stay safe.",Bank,Hard_3
Flight fares dropped! HYD-CCU from Rs.1001 Book on MakeMyTrip before midnight,Promo,Promo_16
You  have 4175 reward points expiring on 03 Jul. Redeem on Meesho.,Promo,Promo_20
"Bro send me Rs.3068 on gpay, will return by 03 Jul",Personal,Hard_5
Auto-pay of Rs.77847 to Upadhriti is scheduled on 18-05-26 from A/c XX2894. Ensure sufficient balance.,Bank,Bank_13
Exclusive for you! Buy 1 Get 1 FREE at Flipkart. Limited period offer. Visit bit.ly/agBEdk,Promo,Promo_3
your credit card xx8587 statement is ready. total due: rs.23730. min due: rs.2319. -axis bank,Bank,Bank_5
Last day! Zomato clearance sale ends tonight. Up to 60% off sitewide.,Promo,Promo_8
work from home! earn rs.924352/month. join: bit.ly/myxtkx,Spam,Hard_14
ALERT: INR 23729 withdrawn from ATM using card XX9748 on 14-04-26. Bal: INR 432015. -BOB,Bank,Bank_3
Tap  to verify: 512531. This code expires shortly.,OTP,Hard_9
Your OTP is 769985. Use it to verify your Kotak account. Expires in 15 min. T&C apply,OTP,OTP_1
Beware of fraud calls asking for card details. HDFC Bank officials never ask for PIN or CVV.,Bank,Bank_15
IRCTC: Special trains added for festive season. Book early & save up to 10%.,Promo,Promo_17
  Your Zomato membership expires soon. Renew now & save 40%: bit.ly/rhLUCp,Promo,Promo_9
  Rs.951 cashback credited to your PhonePe wallet. Use on your next order.,Promo,Promo_21
Flight fares dropped! HYD-CCU from INR 1407. Book on Goibibo before midnight.,Promo,Promo_16
Use 530205 to complete your Hotstar registration. Valid till 30 mins.,OTP,OTP_4
Last day! Swiggy clearance sale ends tonight. Up to 80% off sitewide. T&C apply,Promo,Promo_8
  Kotak: 256399 is your login OTP. It expires in 15 minutes.,OTP,OTP_6
OTP: 431510 for txn of INR 17817 at BOB. Do not share. -Kotak,OTP,OTP_2
Items in ur order history are back in stock at Amazon. Prices start Rs.1988.,Promo,Promo_23
G-951065 is your Google verification code,OTP,OTP_12
  Items in your order history are back in stock at Meesho. Prices start Rs.700.,Promo,Promo_23
Loved ur recent Meesho order? Reorder in 1 tap and get 70% off today.,Promo,Promo_22
Last  day! BigBasket clearance sale ends tonight. Up to 30% off sitewide.,Promo,Promo_8
EMI  of Rs.84080 due on 11-05-26 for loan A/c XX8268. Pay now to avoid charges. -ICICI Bank,Bank,Bank_4
MISSED OUR SHOWS? COME BACK TO PRIME VIDEO AT 50% OFF FOR 3 MONTHS. RESUBSCRIBE: BIT.LY/WEINPB,Promo,Promo_19
G-126577 is your Google verification code.,OTP,OTP_12
WORK FROM HOME! EARN RS.770405/MONTH. JOIN: BIT.LY/USPXMI,Spam,Hard_14
You have 118 reward points expiring on 03 Jul. Redeem on Zomato.,Promo,Promo_20
Weekend special at Zomato! Min 30% off on everything. Don't miss out: bit.ly/qdrxaP,Promo,Promo_6
Confirmation code 272759 for Ola. Keep it private.,OTP,OTP_11
Your one time password is 724194 for Ola Please do not share it,OTP,OTP_5
517788 - use this code to sign in to bigbasket. never share it with anyone.,OTP,OTP_7
262055 is your OTP for Netflix login Valid for 2 minutes Do not share with anyone,OTP,OTP_0
UPI payment of Rs.50930 to Ayush successful. UPI Ref: 765943794572. -PNB,Bank,Bank_6
"Your HDFC Bank health insurance renewal is due 06 Jul. Renew online, save 20% on premium.",Promo,Promo_24
ALERT: Rs.66182 withdrawn from ATM using card XX2974 on 10-05-26. Bal: Rs.13927. -Kotak,Bank,Bank_3
delivered! your amazon order od3168331348 was delivered on 06 jul. rate your experience: bit.ly/gwdzei,Delivery,Delivery_2
Rs.38235 debited from A/c XX4938 on 09-01-26 to Yashodhara Avl Bal: Rs.201938 -Kotak,Bank,Bank_0
Rs.1318 cashback credited to ur PhonePe wallet. Use on ur next order.,Promo,Promo_21
Hungry? Get 50% off up to Rs.113 on your next 3 orders. Code: EAT90. -Zomato,Promo,Promo_12
Fiyaz  from Ekart is arriving with your package. Contact: 5876551102,Delivery,Delivery_6
  Rs.1595 cashback credited to your Amazon Pay wallet. Use on your next order.,Promo,Promo_21
Swiggy  Big Billion Days! Up to 50% off + extra 10% with HDFC Bank cards. Hurry!,Promo,Promo_1
"Your BOB health insurance renewal is due 05 Jul. Renew online, save 20% on premium. T&C apply",Promo,Promo_24
  Items in your order history are back in stock at Flipkart. Prices start Rs.351.,Promo,Promo_23
Gautami from Delhivery is arriving with ur package. Contact: 5339069464,Delivery,Delivery_6
Coupon 3743 gives you free delivery on orders above Rs.1924. -Myntra,Promo,Hard_1
ITEMS IN YOUR ORDER HISTORY ARE BACK IN STOCK AT AMAZON. PRICES START RS.1579.,Promo,Promo_23
OTP-based login was enabled for your A/c XX6033. Call HDFC Bank if this wasn't you. -TM,Bank,Hard_2
KYC update pending for A/c XX2009. Please visit your nearest Kotak branch by 01-02-26 to avoid restrictions. STOP to opt out,Bank,Bank_12
G-674833  is your Google verification code.,OTP,OTP_12
Delivery attempt failed for order OD8316542728. We will retry tomorrow. -XpressBees,Delivery,Delivery_5
pre-approved! get a kotak credit card with rs.223035 limit. zero joining fee. apply: bit.ly/ijmiur,Promo,Promo_14
405087  - use this to sign in. Never share this code with anyone.,OTP,Hard_7
  You have 1282 reward points expiring on 01 Jul. Redeem on BigBasket.,Promo,Promo_20
Meesho Big Billion Days! Up to 80% off + extra 10% with PNB cards Hurry!,Promo,Promo_1
  ALERT: Rs.86731 withdrawn from ATM using card XX4364 on 17-04-26. Bal: Rs.326627. -HDFC Bank,Bank,Bank_3
Out for delivery: Your Flipkart package OD7884629465 will arrive today by 6 PM. -Delhivery,Delivery,Delivery_1
566543 is ur OTP for Axis Bank login. Valid for 30 minutes. Do not share with anyone.,OTP,OTP_0
YOUR FLIPKART ORDER OD5988612782 HAS BEEN SHIPPED VIA EKART. TRACK: BIT.LY/GHZFEI,Delivery,Delivery_0
Delivery attempt failed for order OD1834667257. We will retry tomorrow. -Ekart T&C apply,Delivery,Delivery_5
Low balance alert: A/c XX6546 balance is Rs.250938. Maintain min balance to avoid charges.,Bank,Bank_10
Congratulations! You won Rs.203997 in lucky draw. Claim: bit.ly/UimTZC,Spam,Hard_12
Pre-approved! Get a PNB credit card with INR 175117 limit. Zero joining fee. Apply: bit.ly/KQjvvf,Promo,Promo_14
  KYC update pending for A/c XX2741. Please visit your nearest Axis Bank branch by 22-04-26 to avoid restrictions.,Bank,Bank_12
  Your FD of Rs.12068 matures on 22-06-26. Renew or withdraw via netbanking. -ICICI Bank,Bank,Bank_14
G-572967 is your Google verification code.,OTP,OTP_12
Rs.1127 cashback credited to your PhonePe wallet Use on your next order,Promo,Promo_21
Confirmation code 632726 for SBI Keep it private,OTP,OTP_11
Delivered! Your Zomato order OD2814538572 was delivered on 01 Jul. Rate your experience: bit.ly/TeCQYm -TM,Delivery,Delivery_2
Recharge with Rs.1572 & get 40% extra talktime. Offer valid today only!,Promo,Promo_5
Your  Netflix code: 499667,OTP,OTP_8
Flight fares dropped! HYD-CCU from Rs.1773. Book on MakeMyTrip before midnight.,Promo,Promo_16
  Timothy from BlueDart is arriving with your package. Contact: 5288863689,Delivery,Delivery_6
OTP-based login was enabled for your A/c XX1216 Call PNB if this wasn't you,Bank,Hard_2
Last day! Meesho clearance sale ends tonight Up to 50% off sitewide,Promo,Promo_8
"Never share ur OTP, PIN or CVV. Kotak never asks for these. Stay safe.",Bank,Hard_3
  Weekend special at BigBasket! Min 50% off on everything. Don't miss out: bit.ly/FuKjda,Promo,Promo_6
Your Hotstar plan renews on 05 Jul at INR 818. Upgrade to 4K for INR 589/month.,Promo,Promo_18
G-333236 is ur Google verification code.,OTP,OTP_12
Flat Rs.652 cashback on your next order at BigBasket. Use code SAVE86. Valid till 06 Jul.,Promo,Promo_2
Delivered! Your Swiggy order OD4353348182 was delivered on 06 Jul Rate your experience: bitly/MudbNN,Delivery,Delivery_2
Confirmation code 292037 for Netflix. Keep it private. T&C apply,OTP,OTP_11
Convert your SBI card purchase of Rs.726 into easy EMIs at 0% interest. Reply YES.,Promo,Promo_15
  Exclusive for you! Buy 1 Get 1 FREE at Meesho. Limited period offer. Visit bit.ly/DzVfUD,Promo,Promo_3
Your Vi pack expires tomorrow. Recharge with Rs.613 for 3GB/day + unlimited calls. T&C apply,Promo,Promo_10
Out for delivery: Your Myntra package OD6569467226 will arrive today by 12 PM -BlueDart,Delivery,Delivery_1
work from home! earn rs.843308/month. join: bit.ly/vkzymw,Spam,Hard_14
OTP-based login was enabled for your A/c XX2818. Call ICICI Bank if this wasn't you.,Bank,Hard_2
IRCTC: Special trains added for festive season. Book early & save up to 50%.,Promo,Promo_17
  UPI payment of Rs.16271 to Krisha successful. UPI Ref: 297611241261. -SBI,Bank,Bank_6
  Cheque no. 572833623789 for Rs.21398 has been cleared from A/c XX2065. -PNB,Bank,Bank_8
Auto-pay of Rs.48906 to Ekta is scheduled on 17-04-26 from A/c XX5206. Ensure sufficient balance.,Bank,Bank_13
data exhausted? get 1.5gb extra with rs.445 booster pack. dial *121# or visit app.,Promo,Promo_11
"YOUR HDFC BANK HEALTH INSURANCE RENEWAL IS DUE 03 JUL. RENEW ONLINE, SAVE 70% ON PREMIUM.",Promo,Promo_24
out for delivery: your amazon package od4084367554 will arrive today by 9 pm. -delhivery,Delivery,Delivery_1
BigBasket: Your cart misses you! Complete purchase now & get 40% off bitly/bHSReN,Promo,Promo_4
Salary of Rs.21702 credited to A/c XX4832. Avl Bal: Rs.387473. -PNB T&C apply,Bank,Bank_7
Exclusive for you! Buy 1 Get 1 FREE at Swiggy. Limited period offer. Visit bit.ly/zKIpwV,Promo,Promo_3
BigBasket: Your cart misses you! Complete purchase now & get 80% off. bit.ly/sVGOLc STOP to opt out,Promo,Promo_4
Ur Prime Video plan renews on 05 Jul at Rs.551. Upgrade to 4K for Rs.264/month.,Promo,Promo_18
"Hi Aahana, unlock Rs.1113 off ur first order at Zomato with code NEW47.",Promo,Promo_7
Zomato: 316081 is your login OTP. It expires in 2 minutes.,OTP,OTP_6
Exclusive for you! Buy 1 Get 1 FREE at Myntra Limited period offer Visit bitly/QEgDFT,Promo,Promo_3
Your  HDFC Bank code: 771621,OTP,OTP_8
  Your one time password is 729556 for Ola. Please do not share it.,OTP,OTP_5
Flight fares dropped! DEL-CCU from Rs.960 Book on ixigo before midnight,Promo,Promo_16
YOUR HOTSTAR PLAN RENEWS ON 02 JUL AT RS.1015. UPGRADE TO 4K FOR RS.473/MONTH.,Promo,Promo_18
"Hey, my new number is +913446387005. Save it! Meet at noon?",Personal,Hard_4
916427 - USE THIS CODE TO SIGN IN TO IRCTC. NEVER SHARE IT WITH ANYONE.,OTP,OTP_7
OTP: 876278 for txn of Rs.18981 at BOB. Do not share. -Kotak,OTP,OTP_2
"Hi  Fiyaz, unlock Rs.690 off your first order at Amazon with code NEW47.",Promo,Promo_7
"Class  shifted to room 4226, come fast",Personal,Hard_6
confirmation code 908554 for amazon. keep it private.,OTP,OTP_11
Auto-pay of Rs.6078 to Ekantika is scheduled on 30-03-26 from A/c XX1237 Ensure sufficient balance,Bank,Bank_13
Last day! Myntra clearance sale ends tonight. Up to 60% off sitewide.,Promo,Promo_8
Swiggy:  Your cart misses you! Complete purchase now & get 40% off. bit.ly/eFiCJX,Promo,Promo_4
58804 is your OTP for HDFC Bank login. Valid for 30 minutes. Do not share with anyone.,OTP,OTP_0
Your credit card XX7068 statement is ready. Total due: INR 24836. Min due: INR 4857. -ICICI Bank,Bank,Bank_5
OTP-based login was enabled for your A/c XX4245. Call SBI if this wasn't you.,Bank,Hard_2
IRCTC:  Special trains added for festive season. Book early & save up to 60%.,Promo,Promo_17
Tap to verify: 461089. This code expires shortly.,OTP,Hard_9
last day! amazon clearance sale ends tonight. up to 30% off sitewide.,Promo,Promo_8
EMI of Rs.22917 due on 26-03-26 for loan A/c XX4864. Pay now to avoid charges. -PNB,Bank,Bank_4
TAP TO VERIFY: 133647. THIS CODE EXPIRES SHORTLY.,OTP,Hard_9
OTP for delivery of order OD3877955871 is 7858. Share only with the delivery agent. -Delhivery -TM,Delivery,Delivery_9
Salary of Rs.19287 credited to A/c XX8646 Avl Bal: Rs.68161 -Kotak,Bank,Bank_7
182380  is your verification code for Myntra. Never share your OTP.,OTP,OTP_3
G-825035 is your Google verification code.,OTP,OTP_12
otp: 197184 for txn of rs.33711 at axis bank. do not share. -kotak,OTP,OTP_2
Your IRCTC code: 530747,OTP,OTP_8
Your Flipkart membership expires soon Renew now & save 20%: bitly/bznYWR,Promo,Promo_9
  EMI of Rs.4161 due on 12-01-26 for loan A/c XX8724. Pay now to avoid charges. -BOB,Bank,Bank_4
Delivery attempt failed for order OD4295706034. We will retry tomorrow. -DTDC,Delivery,Delivery_5
YOUR HOTSTAR CODE: 61807,OTP,OTP_8
Salary of Rs.78357 credited to A/c XX8297. Avl Bal: Rs.198262. -BOB,Bank,Bank_7
"Class shifted to room 6592, come fast",Personal,Hard_6
Coupon 4563 gives you free delivery on orders above Rs.4925 -Amazon,Promo,Hard_1
EXCLUSIVE FOR YOU! BUY 1 GET 1 FREE AT ZOMATO. LIMITED PERIOD OFFER. VISIT BIT.LY/RQCHJW,Promo,Promo_3
Missed our shows? Come back to SonyLIV at 50% off for 3 months. Resubscribe: bit.ly/rZQiOC,Promo,Promo_19
IRCTC: Special trains added for festive season Book early & save up to 20%,Promo,Promo_17
auto-pay of rs.33064 to upkaar is scheduled on 02-06-26 from a/c xx8742. ensure sufficient balance.,Bank,Bank_13
Flight fares dropped! DEL-LKO from Rs.1117. Book on Goibibo before midnight.,Promo,Promo_16
Flat Rs.874 cashback on your next order at Amazon. Use code SAVE86. Valid till 02 Jul.,Promo,Promo_2
  OTP: 589983 for txn of Rs.23253 at Uber. Do not share. -BOB,OTP,OTP_2
3383 is your zomato security code. anyone asking for it is a scammer.,OTP,OTP_9
MISSED OUR SHOWS? COME BACK TO HOTSTAR AT 50% OFF FOR 3 MONTHS. RESUBSCRIBE: BIT.LY/IRPUBF,Promo,Promo_19
Data exhausted? Get 1.5GB extra with Rs.459 booster pack. Dial *121# or visit app.,Promo,Promo_11
Rs.572 cashback credited to your Paytm wallet Use on your next order,Promo,Promo_21
Ur OTP is 421735. Use it to verify ur Flipkart account. Expires in 15 min.,OTP,OTP_1
Dear customer ur SBI account will be blocked! Update KYC now: bit.ly/mMQZxR,Spam,Hard_11
  Nikita from DTDC is arriving with your package. Contact: 05610181303,Delivery,Delivery_6
  OTP-based login was enabled for your A/c XX7242. Call PNB if this wasn't you.,Bank,Hard_2
Your BOB debit card XX7638 has been blocked due to suspicious activity. Visit branch or call 1800-XXX to unblock.,Bank,Bank_11
Beware of fraud calls asking for card details SBI officials never ask for PIN or CVV,Bank,Bank_15
Your  A/c XX5754 is debited with Rs.18450 on 15-06-26. Info: UPI-Mugdha. Bal: Rs.489719,Bank,Bank_2
"Never  share your OTP, PIN or CVV. Kotak never asks for these. Stay safe.",Bank,Hard_3
Beware of fraud calls asking for card details. PNB officials never ask for PIN or CVV.,Bank,Bank_15
  Zomato: Free delivery all weekend! Order your favourites now.,Promo,Promo_13
HDFC BANK: 501640 IS YOUR LOGIN OTP. IT EXPIRES IN 15 MINUTES.,OTP,OTP_6
"hi samarth, unlock rs.692 off your first order at flipkart with code new14.",Promo,Promo_7
"  Hey, my new number is +917922045402. Save it! Meet at noon?",Personal,Hard_4
YOUR OTP IS 912224. USE IT TO VERIFY YOUR NETFLIX ACCOUNT. EXPIRES IN 2 MIN.,OTP,OTP_1
ALERT: INR 23847 withdrawn from ATM using card XX6516 on 03-06-26. Bal: INR 306340. -BOB,Bank,Bank_3
  Order OD4620033303 packed and ready! Expected dispatch by 06 Jul. -Meesho,Delivery,Delivery_8
TAP TO VERIFY: 433434. THIS CODE EXPIRES SHORTLY.,OTP,Hard_9
G-391969 is your Google verification code.,OTP,OTP_12
Your credit card XX7051 statement is ready Total due: Rs.60101 Min due: Rs.3325 -BOB,Bank,Bank_5
Zomato: Your cart misses you! Complete purchase now & get 70% off. bit.ly/QKWTKq,Promo,Promo_4
485479 is your Uber security code Anyone asking for it is a scammer,OTP,OTP_9
"Your Kotak health insurance renewal is due 01 Jul. Renew online, save 70% on premium.",Promo,Promo_24
Meesho: Your cart misses you! Complete purchase now & get 10% off. bit.ly/TLAohJ,Promo,Promo_4
EMI of Rs.25499 due on 09-03-26 for loan A/c XX6480. Pay now to avoid charges. -Axis Bank T&C apply,Bank,Bank_4
OTP:  44063 for txn of Rs.29722 at Hotstar. Do not share. -PNB,OTP,OTP_2
OTP-based login was enabled for ur A/c XX6411. Call ICICI Bank if this wasn't you.,Bank,Hard_2
Your FD of Rs.97709 matures on 31-01-26. Renew or withdraw via netbanking. -Kotak -TM,Bank,Bank_14
Tap  to verify: 923350. This code expires shortly.,OTP,Hard_9
Zomato: Your cart misses you! Complete purchase now & get 10% off. bit.ly/rYtbsN,Promo,Promo_4
Missed our shows? Come back to Prime Video at 50% off for 3 months. Resubscribe: bit.ly/AjPBAr,Promo,Promo_19
"HEY, MY NEW NUMBER IS 3396701020. SAVE IT! MEET AT 6PM?",Personal,Hard_4
Flat Rs.1527 cashback on your next order at Amazon Use code SAVE68 Valid till 03 Jul,Promo,Promo_2
G-149820 IS YOUR GOOGLE VERIFICATION CODE.,OTP,OTP_12
Your Airtel pack expires tomorrow. Recharge with Rs.922 for 2GB/day + unlimited calls.,Promo,Promo_10
Delivery  attempt failed for order OD6187589488. We will retry tomorrow. -Ekart,Delivery,Delivery_5
U have 728 reward points expiring on 06 Jul. Redeem on Myntra.,Promo,Promo_20
Your return pickup for order OD2560179621 is scheduled on 03 Jul. Keep the item ready. -Flipkart,Delivery,Delivery_7
Pratyush from BlueDart is arriving with your package. Contact: 06530160886 T&C apply,Delivery,Delivery_6
Your credit card XX7623 statement is ready. Total due: Rs.83684. Min due: Rs.3420. -ICICI Bank,Bank,Bank_5
YOUR UBER CODE: 2722,OTP,Hard_8
OUT FOR DELIVERY: YOUR BIGBASKET PACKAGE OD4987508385 WILL ARRIVE TODAY BY 6 PM. -XPRESSBEES,Delivery,Delivery_1
upi payment of rs.61233 to ishwar successful. upi ref: 320975247425. -bob,Bank,Bank_6
Your  SIM will be deactivated in 24hrs. Verify Aadhaar: bit.ly/rATsSg,Spam,Hard_13
Out for delivery: Your Meesho package OD9882826902 will arrive today by 12 PM. -Ekart,Delivery,Delivery_1
Items in your order history are back in stock at Swiggy. Prices start Rs.1210.,Promo,Promo_23
Loved ur recent BigBasket order? Reorder in 1 tap and get 30% off today.,Promo,Promo_22
Delivered! Your Swiggy order OD9079391231 was delivered on 05 Jul. Rate your experience: bit.ly/wFFgvO,Delivery,Delivery_2
Missed our shows? Come back to Netflix at 50% off for 3 months. Resubscribe: bit.ly/DfpSLS STOP to opt out,Promo,Promo_19
Your Kotak debit card XX5623 has been blocked due to suspicious activity. Visit branch or call 1800-XXX to unblock.,Bank,Bank_11
UPI payment of Rs.89276 to Sara successful. UPI Ref: 500377111748. -Axis Bank,Bank,Bank_6
Your  order OD3491515413 from Meesho is arriving tomorrow. Keep Rs.1675 ready for COD.,Delivery,Delivery_3
Delhivery: Shipment OD9286747916 reached your city hub. Expected delivery: 05 Jul. T&C apply,Delivery,Delivery_4
  Pre-approved! Get a PNB credit card with Rs.132414 limit. Zero joining fee. Apply: bit.ly/nMoCUx,Promo,Promo_14
Low balance alert: A/c XX7475 balance is Rs.438900. Maintain min balance to avoid charges.,Bank,Bank_10
KYC update pending for A/c XX9207. Please visit your nearest BOB branch by 20-01-26 to avoid restrictions.,Bank,Bank_12
G-909141 is your Google verification code.,OTP,OTP_12
rs.1891 cashback credited to your amazon pay wallet. use on your next order.,Promo,Promo_21
Loved your recent Amazon order? Reorder in 1 tap and get 10% off today.,Promo,Promo_22
You have 4851 reward points expiring on 03 Jul. Redeem on Myntra.,Promo,Promo_20
  Beware of fraud calls asking for card details. PNB officials never ask for PIN or CVV.,Bank,Bank_15
Rs.64889 credited to A/c XX9616 on 30-05-26 Avl Bal: Rs.485539 -Axis Bank,Bank,Bank_1
Your BigBasket order OD9717216178 has been shipped via Ekart. Track: bit.ly/ixJvKi,Delivery,Delivery_0
Ur SIM will be deactivated in 24hrs. Verify Aadhaar: bit.ly/AXVeGY,Spam,Hard_13
Your  SIM will be deactivated in 24hrs. Verify Aadhaar: bit.ly/nPyaVN,Spam,Hard_13
rs.1828 cashback credited to your amazon pay wallet. use on your next order.,Promo,Promo_21
Hamsini from Delhivery is arriving with your package. Contact: 7716368478,Delivery,Delivery_6
Your Meesho membership expires soon Renew now & save 70%: bitly/APtuaZ,Promo,Promo_9
418819 - use this code to sign in to IRCTC. Never share it with anyone.,OTP,OTP_7
kyc update pending for a/c xx8028. please visit your nearest icici bank branch by 04-06-26 to avoid restrictions.,Bank,Bank_12
Your GPay code: 893964,OTP,OTP_8
Exclusive for you! Buy 1 Get 1 FREE at Amazon. Limited period offer. Visit bit.ly/cCrrUz,Promo,Promo_3
Items in your order history are back in stock at Amazon. Prices start Rs.1168. STOP to opt out,Promo,Promo_23
Enter  888127 to verify your mobile number for PhonePe.,OTP,OTP_10
YOUR OTP IS 639416. USE IT TO VERIFY YOUR PAYTM ACCOUNT. EXPIRES IN 15 MIN.,OTP,OTP_1
<#> 279872 is your Flipkart code. Valid 15 min. hA8sk2Lqp3,OTP,OTP_13
Order OD2868574645 packed and ready! Expected dispatch by 04 Jul. -Swiggy T&C apply,Delivery,Delivery_8
"Bro send me Rs.3005 on gpay, will return by 06 Jul",Personal,Hard_5
"class shifted to room 2881, come fast",Personal,Hard_6
Last  day! BigBasket clearance sale ends tonight. Up to 20% off sitewide.,Promo,Promo_8
Weekend special at Zomato! Min 60% off on everything. Don't miss out: bit.ly/nLnibY,Promo,Promo_6
Recharge  with Rs.1659 & get 20% extra talktime. Offer valid today only!,Promo,Promo_5
Recharge with Rs.1359 & get 20% extra talktime. Offer valid today only!,Promo,Promo_5
  Your OTP is 81274. Use it to verify your Paytm account. Expires in 2 min.,OTP,OTP_1
Ekart: Shipment OD8947982426 reached your city hub. Expected delivery: 04 Jul.,Delivery,Delivery_4
  Salary of Rs.22315 credited to A/c XX6637. Avl Bal: Rs.431448. -HDFC Bank,Bank,Bank_7
757340 - use this code to sign in to IRCTC. Never share it with anyone.,OTP,OTP_7
Rs.76783  credited to A/c XX8715 on 25-05-26. Avl Bal: Rs.263776. -ICICI Bank,Bank,Bank_1
734937  is your verification code for BigBasket. Never share your OTP.,OTP,OTP_3
Salary of Rs.9849 credited to A/c XX2881. Avl Bal: Rs.123671. -ICICI Bank,Bank,Bank_7
  KYC update pending for A/c XX2734. Please visit your nearest SBI branch by 09-03-26 to avoid restrictions.,Bank,Bank_12
665210  is your OTP for Zomato login. Valid for 15 minutes. Do not share with anyone.,OTP,OTP_0
Items in your order history are back in stock at Meesho Prices start Rs.1723,Promo,Promo_23
Exclusive for you! Buy 1 Get 1 FREE at Amazon. Limited period offer. Visit bit.ly/VeQIBj -TM,Promo,Promo_3
G-841298 is your Google verification code.,OTP,OTP_12
Rs.29300 debited from A/c XX8320 on 30-05-26 to Ridhi Avl Bal: Rs.279532 -Kotak,Bank,Bank_0
Coupon 1275 gives you free delivery on orders above Rs.4971. -Swiggy,Promo,Hard_1
CONFIRMATION CODE 238030 FOR UBER. KEEP IT PRIVATE.,OTP,OTP_11
"Bro send me Rs.1961 on gpay, will return by 03 Jul",Personal,Hard_5
LOW BALANCE ALERT: A/C XX8535 BALANCE IS RS.143415. MAINTAIN MIN BALANCE TO AVOID CHARGES.,Bank,Bank_10
Order OD9356044280 packed and ready! Expected dispatch by 05 Jul. -Swiggy,Delivery,Delivery_8
700269 IS YOUR VERIFICATION CODE FOR AMAZON. NEVER SHARE YOUR OTP.,OTP,OTP_3
212997 is your verification code for Amazon. Never share your OTP.,OTP,OTP_3
  Flight fares dropped! BOM-MAA from Rs.869. Book on Goibibo before midnight.,Promo,Promo_16
428150 is your otp for paytm login. valid for 5 minutes. do not share with anyone.,OTP,OTP_0
Rs.16087 credited to A/c XX9819 on 27-05-26. Avl Bal: Rs.192641. -ICICI Bank,Bank,Bank_1
Use 69568 to complete your ICICI Bank registration. Valid till 30 mins.,OTP,OTP_4
Order OD4216880001 packed and ready! Expected dispatch by 04 Jul. -Amazon,Delivery,Delivery_8
Tap to verify: 270530. This code expires shortly.,OTP,Hard_9
G-100073 is your Google verification code.,OTP,OTP_12
Rs.80602  debited from A/c XX4745 on 21-06-26 to Sarthak. Avl Bal: Rs.432921. -Kotak,Bank,Bank_0
Coupon 1116 gives you free delivery on orders above INR 2460. -Swiggy,Promo,Hard_1
Your order OD1191476030 from BigBasket is arriving tomorrow. Keep Rs.4514 ready for COD.,Delivery,Delivery_3
Your OTP is 457090. Use it to verify your IRCTC account. Expires in 2 min.,OTP,OTP_1
Your Myntra order OD5421554797 has been shipped via BlueDart. Track: bit.ly/IjLZcF,Delivery,Delivery_0
"Never share your OTP, PIN or CVV Axis Bank never asks for these Stay safe",Bank,Hard_3
Sanya from Ekart is arriving with your package. Contact: 00260451308,Delivery,Delivery_6
  Swiggy: Your cart misses you! Complete purchase now & get 30% off. bit.ly/NXpIyd,Promo,Promo_4
Your OTP is 258891. Use it to verify your Meesho account. Expires in 10 min.,OTP,OTP_1
265503 is your Amazon security code. Anyone asking for it is a scammer.,OTP,OTP_9
INR 505 cashback credited to your PhonePe wallet. Use on your next order.,Promo,Promo_21
Convert your Axis Bank card purchase of INR 1082 into easy EMIs at 0% interest. Reply YES.,Promo,Promo_15
Flat Rs.551 cashback on ur next order at Flipkart. Use code SAVE24. Valid till 04 Jul.,Promo,Promo_2
Delivered! Your BigBasket order OD2059565011 was delivered on 01 Jul. Rate your experience: bit.ly/lGHIAU,Delivery,Delivery_2
Kai from DTDC is arriving with your package Contact: 4330751180,Delivery,Delivery_6
Your FD of Rs.73791 matures on 16-01-26. Renew or withdraw via netbanking. -Kotak,Bank,Bank_14
KYC UPDATE PENDING FOR A/C XX5940. PLEASE VISIT YOUR NEAREST KOTAK BRANCH BY 17-04-26 TO AVOID RESTRICTIONS.,Bank,Bank_12
Zansi from Delhivery is arriving with your package. Contact: 3375568126,Delivery,Delivery_6
113322 is your OTP for IRCTC login. Valid for 15 minutes. Do not share with anyone.,OTP,OTP_0
Last day! Myntra clearance sale ends tonight. Up to 20% off sitewide.,Promo,Promo_8
Swiggy: Your cart misses you! Complete purchase now & get 10% off. bit.ly/SdqBta,Promo,Promo_4
Flight fares dropped! HYD-MAA from Rs.334. Book on Goibibo before midnight. T&C apply,Promo,Promo_16
DELIVERY ATTEMPT FAILED FOR ORDER OD9052364594. WE WILL RETRY TOMORROW. -DELHIVERY,Delivery,Delivery_5
"CLASS SHIFTED TO ROOM 7100, COME FAST",Personal,Hard_6
  XpressBees: Shipment OD9070869685 reached your city hub. Expected delivery: 04 Jul.,Delivery,Delivery_4
Your Meesho code: 84562,OTP,OTP_8
Beware of fraud calls asking for card details. BOB officials never ask for PIN or CVV.,Bank,Bank_15
  Enter 253016 to verify your mobile number for Swiggy.,OTP,OTP_10
YOUR HDFC BANK DEBIT CARD XX3015 HAS BEEN BLOCKED DUE TO SUSPICIOUS ACTIVITY. VISIT BRANCH OR CALL 1800-XXX TO UNBLOCK.,Bank,Bank_11
Your SBI debit card XX4113 has been blocked due to suspicious activity. Visit branch or call 1800-XXX to unblock.,Bank,Bank_11
IRCTC: Special trains added for festive season. Book early & save up to 50%.,Promo,Promo_17
USE 412261 TO COMPLETE YOUR IRCTC REGISTRATION. VALID TILL 15 MINS.,OTP,OTP_4
OTP: 217133 for txn of INR 13303 at Ola. Do not share. -ICICI Bank,OTP,OTP_2
  UPI payment of Rs.30862 to Nisha successful. UPI Ref: 824780058806. -Kotak,Bank,Bank_6
Delivery attempt failed for order OD6433498978. We will retry tomorrow. -BlueDart,Delivery,Delivery_5
Cheque no. 603823832798 for Rs.37977 has been cleared from A/c XX9793. -Axis Bank,Bank,Bank_8
Coupon 7323 gives you free delivery on orders above Rs.3316. -Flipkart,Promo,Hard_1
MEGA SALE! Get 30% OFF on all products at BigBasket. Shop now: bit.ly/EWWBMO T&C apply.,Promo,Promo_0
beware of fraud calls asking for card details. icici bank officials never ask for pin or cvv.,Bank,Bank_15
  Delivered! Your BigBasket order OD7089613946 was delivered on 01 Jul. Rate your experience: bit.ly/DfRDll,Delivery,Delivery_2
"Never share your OTP, PIN or CVV. Axis Bank never asks for these. Stay safe.",Bank,Hard_3
Your one time password is 416288 for Uber Please do not share it,OTP,OTP_5
  Flight fares dropped! DEL-CCU from Rs.1383. Book on MakeMyTrip before midnight.,Promo,Promo_16
emi of rs.37101 due on 29-01-26 for loan a/c xx1797. pay now to avoid charges. -icici bank,Bank,Bank_4
Weekend special at Zomato! Min 20% off on everything. Don't miss out: bit.ly/xliEmK,Promo,Promo_6
Delhivery: Shipment OD1405287740 reached your city hub Expected delivery: 03 Jul,Delivery,Delivery_4
  UPI payment of Rs.56026 to Ranveer successful. UPI Ref: 253537232241. -Axis Bank,Bank,Bank_6
ALERT: Rs.28005 withdrawn from ATM using card XX5005 on 16-01-26 Bal: Rs.276287 -HDFC Bank,Bank,Bank_3
  Work from home! Earn Rs.1596386/month. Join: bit.ly/dKpwWn,Spam,Hard_14
  Delivery attempt failed for order OD5875169468. We will retry tomorrow. -Ekart,Delivery,Delivery_5
g-415194 is your google verification code.,OTP,OTP_12
Your credit card XX3956 statement is ready. Total due: Rs.72704. Min due: Rs.4180. -Axis Bank -TM,Bank,Bank_5
Your credit card XX4689 statement is ready. Total due: Rs.54586. Min due: Rs.1649. -Kotak,Bank,Bank_5
"Your BOB health insurance renewal is due 06 Jul. Renew online, save 60% on premium.",Promo,Promo_24
Hungry? Get 80% off up to INR 834 on your next 3 orders. Code: EAT87. -Zomato,Promo,Promo_12
"Your Kotak health insurance renewal is due 05 Jul. Renew online, save 30% on premium. -TM",Promo,Promo_24
617125 is your HDFC Bank security code. Anyone asking for it is a scammer.,OTP,OTP_9
KYC update pending for A/c XX1124. Please visit your nearest HDFC Bank branch by 09-01-26 to avoid restrictions. STOP to opt out,Bank,Bank_12
Congratulations! You won Rs.1780537 in lucky draw. Claim: bit.ly/qJypWK -TM,Spam,Hard_12
UPI payment of Rs.85329 to Sachi successful. UPI Ref: 597513374626. -Kotak T&C apply,Bank,Bank_6
Your one time password is 267541 for BigBasket Please do not share it,OTP,OTP_5
Delivery attempt failed for order OD3503540172. We will retry tomorrow. -XpressBees -TM,Delivery,Delivery_5
Last day! Flipkart clearance sale ends tonight. Up to 30% off sitewide.,Promo,Promo_8
Your OTP is 348112. Use it to verify your ICICI Bank account. Expires in 30 min.,OTP,OTP_1
Cheque no 331111504820 for Rs.90223 has been cleared from A/c XX4462 -PNB,Bank,Bank_8
OTP-based login was enabled for your A/c XX7075. Call SBI if this wasn't you.,Bank,Hard_2
  Your account statement for June is available. Download from the HDFC Bank app.,Bank,Bank_16
Your  account statement for July is available. Download from the SBI app.,Bank,Bank_16
  Cheque no. 242006378762 for Rs.75768 has been cleared from A/c XX8173. -BOB,Bank,Bank_8
Interest of Rs.3493 credited to your FD A/c XX3350 -SBI,Bank,Bank_9
Low balance alert: A/c XX9221 balance is Rs.271591. Maintain min balance to avoid charges.,Bank,Bank_10
Your credit card XX6118 statement is ready. Total due: Rs.76281. Min due: Rs.2414. -ICICI Bank,Bank,Bank_5
Delivered! Your Zomato order OD8128135428 was delivered on 04 Jul. Rate your experience: bit.ly/TAdgRG,Delivery,Delivery_2
Order OD9412502663 packed and ready! Expected dispatch by 04 Jul -Flipkart,Delivery,Delivery_8
g-83672 is your google verification code.,OTP,OTP_12
Zomato: Free delivery all weekend! Order your favourites now,Promo,Promo_13
ENTER 148152 TO VERIFY YOUR MOBILE NUMBER FOR BOB.,OTP,OTP_10
OTP for delivery of order OD3328400506 is 8695. Share only with the delivery agent. -BlueDart,Delivery,Delivery_9
Your return pickup for order OD1466840649 is scheduled on 06 Jul. Keep the item ready. -Swiggy STOP to opt out,Delivery,Delivery_7
OTP:  463947 for txn of Rs.35634 at Uber. Do not share. -BOB,OTP,OTP_2
"Bro send me Rs.4681 on gpay, will return by 05 Jul",Personal,Hard_5
Your  SBI code: 587987,OTP,OTP_8
PRE-APPROVED! GET A SBI CREDIT CARD WITH RS.448793 LIMIT. ZERO JOINING FEE. APPLY: BIT.LY/XITJOR,Promo,Promo_14
Out for delivery: Your BigBasket package OD8495465561 will arrive today by 12 PM. -Delhivery,Delivery,Delivery_1
COUPON 9223 GIVES YOU FREE DELIVERY ON ORDERS ABOVE RS.4871. -MYNTRA,Promo,Hard_1
"Class shifted to room 3336, come fast",Personal,Hard_6
  Dear customer ur BOB account will be blocked! Update KYC now: bit.ly/loJyAa,Spam,Hard_11
OTP: 318821 FOR TXN OF RS.46734 AT BOB. DO NOT SHARE. -PNB,OTP,OTP_2
425920 is your OTP for PhonePe login. Valid for 2 minutes. Do not share with anyone.,OTP,OTP_0
Your  OTP is 797280. Use it to verify your GPay account. Expires in 2 min.,OTP,OTP_1
Damini from BlueDart is arriving with your package. Contact: +913281174812,Delivery,Delivery_6
Rs.92470 debited from A/c XX5982 on 02-04-26 to Rayaan. Avl Bal: Rs.292168. -Axis Bank STOP to opt out,Bank,Bank_0
Rs.6755 debited from A/c XX6160 on 12-03-26 to Ojasvi. Avl Bal: Rs.170056. -PNB,Bank,Bank_0
CONGRATULATIONS! YOU WON RS.440777 IN LUCKY DRAW. CLAIM: BIT.LY/EJSOXQ,Spam,Hard_12
UPI PAYMENT OF RS.96357 TO YADAVI SUCCESSFUL. UPI REF: 861277348556. -SBI,Bank,Bank_6
Low balance alert: A/c XX8635 balance is Rs.477672. Maintain min balance to avoid charges.,Bank,Bank_10
Interest of Rs.71631 credited to your FD A/c XX3525. -HDFC Bank,Bank,Bank_9
674619 is your OTP for Axis Bank login. Valid for 10 minutes. Do not share with anyone.,OTP,OTP_0
  OTP-based login was enabled for your A/c XX9365. Call ICICI Bank if this wasn't you.,Bank,Hard_2
Out for delivery: Your Myntra package OD2127854467 will arrive today by 6 PM. -XpressBees,Delivery,Delivery_1
Exclusive for you! Buy 1 Get 1 FREE at Flipkart Limited period offer Visit bitly/VaydLO,Promo,Promo_3
768054 is your Netflix security code. Anyone asking for it is a scammer.,OTP,OTP_9
  XpressBees: Shipment OD7346763610 reached your city hub. Expected delivery: 06 Jul.,Delivery,Delivery_4
ALERT: Rs.9759 withdrawn from ATM using card XX1691 on 07-06-26. Bal: Rs.341198. -Axis Bank,Bank,Bank_3
  Cheque no. 340647443632 for Rs.61459 has been cleared from A/c XX1983. -ICICI Bank,Bank,Bank_8
ALERT: INR 75911 withdrawn from ATM using card XX2005 on 10-01-26. Bal: INR 457735. -ICICI Bank,Bank,Bank_3
FLAT RS.1788 CASHBACK ON YOUR NEXT ORDER AT AMAZON. USE CODE SAVE57. VALID TILL 04 JUL.,Promo,Promo_2
Your GPay code: 337328,OTP,OTP_8
Your Myntra order OD7766091405 has been shipped via XpressBees. Track: bit.ly/YnpvnS,Delivery,Delivery_0
  Out for delivery: Your BigBasket package OD4166409887 will arrive today by 9 PM. -XpressBees,Delivery,Delivery_1
Ekart: Shipment OD7972155316 reached your city hub. Expected delivery: 04 Jul.,Delivery,Delivery_4
OTP  for delivery of order OD6959685353 is 9533. Share only with the delivery agent. -Ekart,Delivery,Delivery_9
Enter 250736 to verify your mobile number for Flipkart.,OTP,OTP_10
UPI PAYMENT OF RS.71107 TO CHAMAN SUCCESSFUL. UPI REF: 153714639064. -BOB,Bank,Bank_6
Your Uber code: 6791,OTP,Hard_8
KYC update pending for A/c XX1641. Please visit your nearest Kotak branch by 31-03-26 to avoid restrictions.,Bank,Bank_12
Beware of fraud calls asking for card details. PNB officials never ask for PIN or CVV.,Bank,Bank_15
<#> 364816 is your Uber code. Valid 5 min. hA8sk2Lqp3,OTP,OTP_13
Out for delivery: Your Swiggy package OD1229696152 will arrive today by 9 PM -Ekart,Delivery,Delivery_1
Dear customer ur ICICI Bank account will be blocked! Update KYC now: bit.ly/iiXqIv,Spam,Hard_11
Your Kotak code: 41305,OTP,OTP_8
ALERT: Rs.61167 withdrawn from ATM using card XX6058 on 24-06-26 Bal: Rs.316448 -ICICI Bank,Bank,Bank_3
Flipkart  Big Billion Days! Up to 80% off + extra 10% with Kotak cards. Hurry!,Promo,Promo_1
Enter  296798 to verify your mobile number for PNB.,OTP,OTP_10
  Enter 981784 to verify your mobile number for PhonePe.,OTP,OTP_10
Convert  your Axis Bank card purchase of Rs.1261 into easy EMIs at 0% interest. Reply YES.,Promo,Promo_15
Convert ur Axis Bank card purchase of Rs.433 into easy EMIs at 0% interest. Reply YES.,Promo,Promo_15
Items in your order history are back in stock at Flipkart. Prices start INR 548.,Promo,Promo_23
Your Zomato order OD4634020568 has been shipped via DTDC. Track: bit.ly/JEYdme,Delivery,Delivery_0
"Your Kotak health insurance renewal is due 04 Jul. Renew online, save 80% on premium.",Promo,Promo_24
Weekend special at Zomato! Min 20% off on everything. Don't miss out: bit.ly/eUDUXy,Promo,Promo_6
MEGA SALE! Get 60% OFF on all products at Meesho. Shop now: bit.ly/PsWIxz T&C apply.,Promo,Promo_0
567897 is ur verification code for Flipkart. Never share ur OTP.,OTP,OTP_3
G-350485 is your Google verification code. T&C apply,OTP,OTP_12
salary of rs.9725 credited to a/c xx9364. avl bal: rs.49234. -bob,Bank,Bank_7
Coupon 3141 gives you free delivery on orders above Rs.3404. -Myntra,Promo,Hard_1
754912 is your verification code for icici bank. never share your otp.,OTP,OTP_3
G-920442 is your Google verification code.,OTP,OTP_12
emi of rs.72365 due on 21-06-26 for loan a/c xx1900. pay now to avoid charges. -pnb,Bank,Bank_4
715854 is ur OTP for BOB login. Valid for 30 minutes. Do not share with anyone.,OTP,OTP_0
YOUR AMAZON ORDER OD5501436106 HAS BEEN SHIPPED VIA DELHIVERY. TRACK: BIT.LY/UVIPLC,Delivery,Delivery_0
Work from home! Earn Rs.732064/month. Join: bit.ly/OfDEYB,Spam,Hard_14
"Hey, my new number is 02620547548. Save it! Meet at noon?",Personal,Hard_4
Out for delivery: Your Swiggy package OD5033727413 will arrive today by 12 PM. -XpressBees,Delivery,Delivery_1
669270 is your verification code for PhonePe. Never share your OTP.,OTP,OTP_3
Auto-pay of Rs.84339 to Yasti is scheduled on 17-06-26 from A/c XX9800. Ensure sufficient balance.,Bank,Bank_13
Ur A/c XX5094 is debited with Rs.83941 on 17-04-26. Info: UPI-Lakshmi. Bal: Rs.50972,Bank,Bank_2
Your Vi pack expires tomorrow Recharge with Rs.1822 for 2GB/day + unlimited calls,Promo,Promo_10
Cheque no. 583959777092 for Rs.58668 has been cleared from A/c XX6428. -Kotak,Bank,Bank_8
Your order OD1473051434 from Amazon is arriving tomorrow. Keep Rs.3869 ready for COD.,Delivery,Delivery_3
Isha from DTDC is arriving with your package Contact: 06701146441,Delivery,Delivery_6
"Class shifted to room 6496, come fast",Personal,Hard_6
PAY RS.3704 ON DELIVERY FOR ORDER OD213173234. -DTDC,Delivery,Hard_10
FLAT RS.422 CASHBACK ON YOUR NEXT ORDER AT BIGBASKET. USE CODE SAVE27. VALID TILL 04 JUL.,Promo,Promo_2
Beware of fraud calls asking for card details. HDFC Bank officials never ask for PIN or CVV.,Bank,Bank_15
KYC update pending for A/c XX4997. Please visit ur nearest PNB branch by 17-03-26 to avoid restrictions.,Bank,Bank_12
Simon from BlueDart is arriving with your package. Contact: 01150737484,Delivery,Delivery_6
<#> 288662 is your BOB code. Valid 5 min. hA8sk2Lqp3,OTP,OTP_13
Swiggy: Your cart misses you! Complete purchase now & get 30% off. bit.ly/BiEcNX,Promo,Promo_4
Recharge with Rs.1932 & get 40% extra talktime. Offer valid today only!,Promo,Promo_5
190626 is your verification code for Hotstar. Never share your OTP.,OTP,OTP_3
Exclusive for you! Buy 1 Get 1 FREE at BigBasket. Limited period offer. Visit bit.ly/uxlkxu,Promo,Promo_3
  Auto-pay of Rs.68414 to Pavani is scheduled on 25-02-26 from A/c XX7015. Ensure sufficient balance.,Bank,Bank_13
loved your recent bigbasket order? reorder in 1 tap and get 30% off today.,Promo,Promo_22
Auto-pay of Rs.11223 to Widisha is scheduled on 10-05-26 from A/c XX2765. Ensure sufficient balance.,Bank,Bank_13
Delivered! Your Amazon order OD3527940788 was delivered on 01 Jul. Rate your experience: bit.ly/ItTxJA,Delivery,Delivery_2
Cheque no. 841115662487 for INR 76617 has been cleared from A/c XX5669. -HDFC Bank,Bank,Bank_8
Recharge with Rs.573 & get 70% extra talktime. Offer valid today only!,Promo,Promo_5
Your one time password is 479074 for PNB. Please do not share it.,OTP,OTP_5
Your A/c XX7536 is debited with Rs.84814 on 21-02-26. Info: UPI-Lekha. Bal: Rs.93014,Bank,Bank_2
OTP for delivery of order OD6535355532 is 9267. Share only with the delivery agent. -BlueDart,Delivery,Delivery_9
Enter 364001 to verify your mobile number for ICICI Bank. -TM,OTP,OTP_10
xpressbees: shipment od1229786248 reached your city hub. expected delivery: 04 jul.,Delivery,Delivery_4
  Salary of Rs.69699 credited to A/c XX8954. Avl Bal: Rs.15675. -Axis Bank,Bank,Bank_7
Data exhausted? Get 3GB extra with Rs.1771 booster pack. Dial *121# or visit app.,Promo,Promo_11
bluedart: shipment od5418630509 reached your city hub. expected delivery: 02 jul.,Delivery,Delivery_4
  Order OD9495469435 packed and ready! Expected dispatch by 01 Jul. -BigBasket,Delivery,Delivery_8
your myntra order od4685989811 has been shipped via dtdc. track: bit.ly/quuvwk,Delivery,Delivery_0
Low balance alert: A/c XX8944 balance is Rs.286576. Maintain min balance to avoid charges. STOP to opt out,Bank,Bank_10
59490 is your verification code for IRCTC. Never share your OTP.,OTP,OTP_3
Order OD2400550949 packed and ready! Expected dispatch by 02 Jul -BigBasket,Delivery,Delivery_8
Low balance alert: A/c XX3593 balance is INR 432982. Maintain min balance to avoid charges.,Bank,Bank_10
You have 2222 reward points expiring on 03 Jul. Redeem on Amazon.,Promo,Promo_20
Loved  your recent Myntra order? Reorder in 1 tap and get 10% off today.,Promo,Promo_22
Your Myntra membership expires soon. Renew now & save 40%: bit.ly/inlJiK STOP to opt out,Promo,Promo_9
You have 570 reward points expiring on 04 Jul. Redeem on Swiggy.,Promo,Promo_20
404256 - use this to sign in. Never share this code with anyone.,OTP,Hard_7
  Your Flipkart order OD7329641227 has been shipped via Delhivery. Track: bit.ly/AOLpZI,Delivery,Delivery_0
Your return pickup for order OD6968022504 is scheduled on 06 Jul. Keep the item ready. -Swiggy,Delivery,Delivery_7
Your Prime Video plan renews on 02 Jul at INR 801. Upgrade to 4K for INR 786/month.,Promo,Promo_18
579751 - use this code to sign in to PhonePe. Never share it with anyone.,OTP,OTP_7
Enter  180742 to verify your mobile number for Hotstar.,OTP,OTP_10
Swiggy Big Billion Days! Up to 60% off + extra 10% with BOB cards. Hurry!,Promo,Promo_1
KYC update pending for A/c XX4636. Please visit your nearest BOB branch by 22-02-26 to avoid restrictions.,Bank,Bank_12
you have 4460 reward points expiring on 02 jul. redeem on swiggy.,Promo,Promo_20
Delivered! Your Flipkart order OD1914119745 was delivered on 06 Jul. Rate your experience: bit.ly/QFCNjr,Delivery,Delivery_2
G-883051 is your Google verification code.,OTP,OTP_12
Low balance alert: A/c XX7164 balance is Rs.437826 Maintain min balance to avoid charges,Bank,Bank_10
Flight fares dropped! BLR-LKO from Rs.1597. Book on Goibibo before midnight.,Promo,Promo_16
Delivery attempt failed for order OD2494585428. We will retry tomorrow. -BlueDart,Delivery,Delivery_5
  Coupon 2749 gives you free delivery on orders above Rs.4821. -Swiggy,Promo,Hard_1
Enter 271183 to verify your mobile number for BigBasket.,OTP,OTP_10
IRCTC: Special trains added for festive season. Book early & save up to 30%.,Promo,Promo_17
Swiggy  Big Billion Days! Up to 40% off + extra 10% with SBI cards. Hurry!,Promo,Promo_1
OTP: 170740 for txn of Rs.3169 at PNB. Do not share. -Kotak,OTP,OTP_2
Your  FD of Rs.30233 matures on 29-04-26. Renew or withdraw via netbanking. -SBI,Bank,Bank_14
delivery attempt failed for order od3360343578. we will retry tomorrow. -bluedart,Delivery,Delivery_5
Low balance alert: A/c XX8319 balance is Rs.456638. Maintain min balance to avoid charges.,Bank,Bank_10
"Your SBI health insurance renewal is due 03 Jul. Renew online, save 80% on premium.",Promo,Promo_24
Mugdha from DTDC is arriving with your package. Contact: 3018337104,Delivery,Delivery_6
KYC update pending for A/c XX7228. Please visit your nearest Kotak branch by 14-04-26 to avoid restrictions.,Bank,Bank_12
Ur return pickup for order OD7494480836 is scheduled on 06 Jul. Keep the item ready. -Flipkart,Delivery,Delivery_7
Use 54387 to complete your Ola registration. Valid till 5 mins.,OTP,OTP_4
Udyati from Delhivery is arriving with your package. Contact: 05732367990,Delivery,Delivery_6
low balance alert: a/c xx9912 balance is rs.91059. maintain min balance to avoid charges.,Bank,Bank_10
Pre-approved! Get a Axis Bank credit card with Rs.208661 limit Zero joining fee Apply: bitly/yvEFZg,Promo,Promo_14
ICICI Bank: 925817 is your login OTP. It expires in 15 minutes.,OTP,OTP_6
EMI of Rs.26624 due on 29-05-26 for loan A/c XX9026. Pay now to avoid charges. -BOB,Bank,Bank_4
Order  OD4680556783 packed and ready! Expected dispatch by 06 Jul. -Myntra,Delivery,Delivery_8
Use code 2447 at checkout for 25% off at Swiggy!,Promo,Hard_0
  Out for delivery: Your Amazon package OD1142175395 will arrive today by 3 PM. -BlueDart,Delivery,Delivery_1
low balance alert: a/c xx2463 balance is rs.373980. maintain min balance to avoid charges.,Bank,Bank_10
248476 is your ola security code. anyone asking for it is a scammer.,OTP,OTP_9
Order OD5357671224 packed and ready! Expected dispatch by 04 Jul. -Meesho,Delivery,Delivery_8
Rs.85696 credited to A/c XX1998 on 08-03-26. Avl Bal: Rs.118829. -HDFC Bank,Bank,Bank_1
Your account statement for July is available. Download from the HDFC Bank app. -TM,Bank,Bank_16
  OTP for delivery of order OD7311304189 is 8191. Share only with the delivery agent. -BlueDart,Delivery,Delivery_9
your swiggy membership expires soon. renew now & save 70%: bit.ly/kphqfb,Promo,Promo_9
Work from home! Earn Rs.2068171/month Join: bitly/NqeLkf,Spam,Hard_14
You have 1259 reward points expiring on 03 Jul. Redeem on Swiggy.,Promo,Promo_20
Tap to verify: 813146. This code expires shortly.,OTP,Hard_9
Delivery attempt failed for order OD7081054431. We will retry tomorrow. -Ekart,Delivery,Delivery_5
Rs.39401 credited to A/c XX1104 on 12-06-26. Avl Bal: Rs.29444. -ICICI Bank,Bank,Bank_1
DELIVERED! YOUR FLIPKART ORDER OD4650795018 WAS DELIVERED ON 04 JUL. RATE YOUR EXPERIENCE: BIT.LY/BIBCVU,Delivery,Delivery_2
cheque no. 697036849499 for rs.58608 has been cleared from a/c xx9512. -bob,Bank,Bank_8
Rs.1309 cashback credited to your Amazon Pay wallet. Use on your next order. -TM,Promo,Promo_21
<#> 139037 is your Ola code. Valid 5 min. hA8sk2Lqp3,OTP,OTP_13
Data exhausted? Get 2GB extra with Rs.986 booster pack. Dial *121# or visit app.,Promo,Promo_11
YOUR SWIGGY MEMBERSHIP EXPIRES SOON. RENEW NOW & SAVE 70%: BIT.LY/ZHLDGV,Promo,Promo_9
"never share your otp, pin or cvv. kotak never asks for these. stay safe.",Bank,Hard_3
"  Hi Sanya, unlock Rs.66 off your first order at Zomato with code NEW87.",Promo,Promo_7
"Hey, my new number is 07205979010. Save it! Meet at noon?",Personal,Hard_4
MEGA  SALE! Get 20% OFF on all products at Meesho. Shop now: bit.ly/BDqmCf T&C apply.,Promo,Promo_0
Loved  your recent Swiggy order? Reorder in 1 tap and get 60% off today.,Promo,Promo_22
Pre-approved! Get a Axis Bank credit card with INR 296675 limit. Zero joining fee. Apply: bit.ly/qlBtjg,Promo,Promo_14
Exclusive for you! Buy 1 Get 1 FREE at Meesho. Limited period offer. Visit bit.ly/igPrpL,Promo,Promo_3
  Order OD2488583035 packed and ready! Expected dispatch by 02 Jul. -Amazon,Delivery,Delivery_8
MEESHO BIG BILLION DAYS! UP TO 30% OFF + EXTRA 10% WITH ICICI BANK CARDS. HURRY!,Promo,Promo_1
Convert your SBI card purchase of Rs.1238 into easy EMIs at 0% interest Reply YES,Promo,Promo_15
Cheque no. 273853554958 for Rs.13198 has been cleared from A/c XX6929. -Axis Bank,Bank,Bank_8
Beware of fraud calls asking for card details. Kotak officials never ask for PIN or CVV.,Bank,Bank_15
Delivery attempt failed for order OD8801164671. We will retry tomorrow. -BlueDart,Delivery,Delivery_5
Pre-approved! Get a Axis Bank credit card with Rs.397664 limit. Zero joining fee. Apply: bit.ly/YvqeHE,Promo,Promo_14
Loved your recent Flipkart order? Reorder in 1 tap and get 20% off today,Promo,Promo_22
Ekart: Shipment OD6774494955 reached your city hub. Expected delivery: 05 Jul.,Delivery,Delivery_4
9751 - USE THIS CODE TO SIGN IN TO PHONEPE. NEVER SHARE IT WITH ANYONE.,OTP,OTP_7
UPI payment of Rs.28492 to Tanvi successful. UPI Ref: 985293116600. -Axis Bank,Bank,Bank_6
Auto-pay of Rs.86696 to Qabil is scheduled on 23-02-26 from A/c XX3949. Ensure sufficient balance.,Bank,Bank_13
USE CODE 4157 AT CHECKOUT FOR 10% OFF AT BIGBASKET!,Promo,Hard_0
Missed our shows? Come back to SonyLIV at 50% off for 3 months. Resubscribe: bit.ly/EAmxKe,Promo,Promo_19
emi of rs.87456 due on 14-06-26 for loan a/c xx4827. pay now to avoid charges. -icici bank,Bank,Bank_4
use 347930 to complete your sbi registration. valid till 30 mins.,OTP,OTP_4
flight fares dropped! del-ccu from rs.582. book on ixigo before midnight.,Promo,Promo_16
"Hi  Nikita, unlock Rs.1764 off your first order at Swiggy with code NEW97.",Promo,Promo_7
Your return pickup for order OD4417429900 is scheduled on 04 Jul. Keep the item ready. -Swiggy,Delivery,Delivery_7
  Use 848145 to complete your Ola registration. Valid till 2 mins.,OTP,OTP_4
IRCTC: SPECIAL TRAINS ADDED FOR FESTIVE SEASON. BOOK EARLY & SAVE UP TO 60%.,Promo,Promo_17
Your Uber code: 9611,OTP,Hard_8
Use code 5262 at checkout for 50% off at Flipkart! -TM,Promo,Hard_0
  Convert your SBI card purchase of Rs.361 into easy EMIs at 0% interest. Reply YES.,Promo,Promo_15
"Hi Charvi, unlock Rs.1123 off your first order at BigBasket with code NEW18. -TM",Promo,Promo_7
Items in your order history are back in stock at Zomato. Prices start INR 1619.,Promo,Promo_23
Use 186463 to complete your Hotstar registration Valid till 10 mins,OTP,OTP_4
Your Meesho membership expires soon Renew now & save 80%: bitly/ayggiu,Promo,Promo_9
Your return pickup for order OD5859393121 is scheduled on 05 Jul. Keep the item ready. -Myntra,Delivery,Delivery_7
Delivered! Your Myntra order OD4651165037 was delivered on 06 Jul. Rate your experience: bit.ly/VpTXZu,Delivery,Delivery_2
Flight  fares dropped! HYD-MAA from Rs.897. Book on ixigo before midnight.,Promo,Promo_16
Your SIM will be deactivated in 24hrs. Verify Aadhaar: bit.ly/sWmKKp -TM,Spam,Hard_13
Your OTP is 677267. Use it to verify your GPay account. Expires in 10 min.,OTP,OTP_1
Loved your recent Flipkart order? Reorder in 1 tap and get 10% off today,Promo,Promo_22
Exclusive for you! Buy 1 Get 1 FREE at Swiggy. Limited period offer. Visit bit.ly/tKXmWd,Promo,Promo_3
Paytm: 478347 is your login OTP It expires in 30 minutes,OTP,OTP_6
Meesho Big Billion Days! Up to 10% off + extra 10% with HDFC Bank cards. Hurry!,Promo,Promo_1
CONFIRMATION CODE 808545 FOR OLA. KEEP IT PRIVATE.,OTP,OTP_11
Your return pickup for order OD8368152059 is scheduled on 06 Jul. Keep the item ready. -Flipkart,Delivery,Delivery_7
Exclusive for you! Buy 1 Get 1 FREE at Amazon. Limited period offer. Visit bit.ly/ODvBfw,Promo,Promo_3
INR 31137 credited to A/c XX1032 on 15-02-26. Avl Bal: INR 227740. -SBI,Bank,Bank_1
your fd of rs.25971 matures on 13-06-26. renew or withdraw via netbanking. -axis bank,Bank,Bank_14
Swiggy Big Billion Days! Up to 70% off + extra 10% with SBI cards Hurry!,Promo,Promo_1
MEGA SALE! Get 20% OFF on all products at Amazon. Shop now: bit.ly/uxRODO T&C apply. T&C apply,Promo,Promo_0
OTP: 102169 for txn of Rs.10999 at Swiggy. Do not share. -BOB,OTP,OTP_2
OTP for delivery of order OD5034744858 is 9964. Share only with the delivery agent. -XpressBees,Delivery,Delivery_9
686289 is your verification code for Swiggy Never share your OTP,OTP,OTP_3
Weekend special at BigBasket! Min 10% off on everything Don't miss out: bitly/riqNIi,Promo,Promo_6
  KYC update pending for A/c XX4382. Please visit your nearest PNB branch by 10-01-26 to avoid restrictions.,Bank,Bank_12
Your Meesho membership expires soon. Renew now & save 50%: bit.ly/vaKITP STOP to opt out,Promo,Promo_9
Beware of fraud calls asking for card details. SBI officials never ask for PIN or CVV.,Bank,Bank_15
Weekend special at Amazon! Min 50% off on everything. Don't miss out: bit.ly/EOBgph,Promo,Promo_6
YOUR ONE TIME PASSWORD IS 730603 FOR MYNTRA. PLEASE DO NOT SHARE IT.,OTP,OTP_5
"Bro send me INR 805 on gpay, will return by 05 Jul",Personal,Hard_5
Enter 471575 to verify your mobile number for PhonePe.,OTP,OTP_10
Your order OD1947879302 from Amazon is arriving tomorrow. Keep Rs.4273 ready for COD.,Delivery,Delivery_3
Netflix:  704047 is your login OTP. It expires in 10 minutes.,OTP,OTP_6
Work from home! Earn Rs.1448917/month Join: bitly/ppbVam,Spam,Hard_14
UPI payment of Rs.63902 to Ikshita successful. UPI Ref: 522826417547. -SBI,Bank,Bank_6
Data exhausted? Get 1GB extra with Rs.265 booster pack. Dial *121# or visit app.,Promo,Promo_11
682321 is your verification code for Hotstar. Never share your OTP.,OTP,OTP_3
OTP for delivery of order OD4872271304 is 5579. Share only with the delivery agent. -BlueDart,Delivery,Delivery_9
Missed our shows? Come back to Netflix at 50% off for 3 months. Resubscribe: bit.ly/sAihSU,Promo,Promo_19
IRCTC: Special trains added for festive season. Book early & save up to 50%.,Promo,Promo_17
<#>  624770 is your ICICI Bank code. Valid 30 min. hA8sk2Lqp3,OTP,OTP_13
Items in your order history are back in stock at Swiggy. Prices start Rs.338.,Promo,Promo_23
Missed our shows? Come back to Hotstar at 50% off for 3 months. Resubscribe: bit.ly/BmkNhU,Promo,Promo_19
Your OTP is 492414. Use it to verify your SBI account. Expires in 30 min. -TM,OTP,OTP_1
801105 - USE THIS CODE TO SIGN IN TO OLA. NEVER SHARE IT WITH ANYONE.,OTP,OTP_7
OTP-BASED LOGIN WAS ENABLED FOR YOUR A/C XX5225. CALL ICICI BANK IF THIS WASN'T YOU.,Bank,Hard_2
Out for delivery: Your Swiggy package OD4148466056 will arrive today by 9 PM. -DTDC,Delivery,Delivery_1
your icici bank debit card xx9311 has been blocked due to suspicious activity. visit branch or call 1800-xxx to unblock.,Bank,Bank_11
YOUR PNB CODE: 233043,OTP,OTP_8
"Class  shifted to room 3881, come fast",Personal,Hard_6
  Your return pickup for order OD2798150626 is scheduled on 01 Jul. Keep the item ready. -Myntra,Delivery,Delivery_7
RS.203 CASHBACK CREDITED TO YOUR PAYTM WALLET. USE ON YOUR NEXT ORDER.,Promo,Promo_21
UPI payment of Rs.61903 to Lakshmi successful. UPI Ref: 204878321295. -Axis Bank,Bank,Bank_6
PhonePe: 130365 is your login OTP. It expires in 30 minutes.,OTP,OTP_6
Enter 484816 to verify your mobile number for GPay.,OTP,OTP_10
Zomato: Your cart misses you! Complete purchase now & get 10% off. bit.ly/dheJEX,Promo,Promo_4
XpressBees: Shipment OD3244562769 reached your city hub. Expected delivery: 02 Jul.,Delivery,Delivery_4
Use code 5437 at checkout for 10% off at BigBasket!,Promo,Hard_0
90717 is ur OTP for Swiggy login. Valid for 2 minutes. Do not share with anyone.,OTP,OTP_0
"Hi Ikshita, unlock INR 581 off your first order at BigBasket with code NEW20.",Promo,Promo_7
Flat  Rs.1468 cashback on your next order at Myntra. Use code SAVE22. Valid till 01 Jul.,Promo,Promo_2
Congratulations! You won Rs.1713495 in lucky draw Claim: bitly/JBKoUF,Spam,Hard_12
Ur return pickup for order OD2936651917 is scheduled on 01 Jul. Keep the item ready. -BigBasket,Delivery,Delivery_7
Congratulations! You won Rs.2084708 in lucky draw. Claim: bit.ly/oGhJSV,Spam,Hard_12
"Never share your OTP, PIN or CVV. HDFC Bank never asks for these. Stay safe.",Bank,Hard_3
Your SonyLIV plan renews on 01 Jul at Rs.992. Upgrade to 4K for Rs.207/month.,Promo,Promo_18
Pre-approved! Get a ICICI Bank credit card with Rs.392058 limit. Zero joining fee. Apply: bit.ly/KoHlUA,Promo,Promo_14
ALERT: Rs.49595 withdrawn from ATM using card XX9552 on 02-04-26. Bal: Rs.68647. -BOB STOP to opt out,Bank,Bank_3
  Your FD of Rs.53744 matures on 18-03-26. Renew or withdraw via netbanking. -Axis Bank,Bank,Bank_14
Exclusive for you! Buy 1 Get 1 FREE at Zomato. Limited period offer. Visit bit.ly/JdvMri,Promo,Promo_3
Use  570473 to complete your Swiggy registration. Valid till 10 mins.,OTP,OTP_4
  Your one time password is 662486 for ICICI Bank. Please do not share it.,OTP,OTP_5
Confirmation  code 804315 for HDFC Bank. Keep it private.,OTP,OTP_11
Amazon Big Billion Days! Up to 10% off + extra 10% with SBI cards Hurry!,Promo,Promo_1
Tap to verify: 429142. This code expires shortly. STOP to opt out,OTP,Hard_9
Interest of Rs.24506 credited to your FD A/c XX7282. -HDFC Bank,Bank,Bank_9
Flipkart: Your cart misses you! Complete purchase now & get 10% off. bit.ly/BBnnrx,Promo,Promo_4
Hungry? Get 20% off up to Rs.593 on your next 3 orders. Code: EAT43. -Zomato T&C apply,Promo,Promo_12
Low balance alert: A/c XX5479 balance is Rs.452669. Maintain min balance to avoid charges.,Bank,Bank_10
Your  return pickup for order OD3967190589 is scheduled on 01 Jul. Keep the item ready. -Meesho,Delivery,Delivery_7
531434 is your verification code for PNB. Never share your OTP.,OTP,OTP_3
  Ekart: Shipment OD6669742598 reached your city hub. Expected delivery: 06 Jul.,Delivery,Delivery_4
871514 is your verification code for Uber. Never share your OTP.,OTP,OTP_3
Rs.569 cashback credited to your Amazon Pay wallet. Use on your next order.,Promo,Promo_21
Ur return pickup for order OD3061113249 is scheduled on 04 Jul. Keep the item ready. -Amazon,Delivery,Delivery_7
Order OD3496533785 packed and ready! Expected dispatch by 06 Jul. -Flipkart,Delivery,Delivery_8
Your OTP is 271219 Use it to verify your Ola account Expires in 30 min,OTP,OTP_1
"Hi Banjeet, unlock Rs.786 off your first order at Amazon with code NEW31.",Promo,Promo_7
HUNGRY? GET 60% OFF UP TO RS.1268 ON YOUR NEXT 3 ORDERS. CODE: EAT24. -ZOMATO,Promo,Promo_12
Your return pickup for order OD8331707812 is scheduled on 04 Jul. Keep the item ready. -Zomato,Delivery,Delivery_7
395690 - use this to sign in. Never share this code with anyone.,OTP,Hard_7
Interest of Rs.6755 credited to your FD A/c XX5832. -Axis Bank,Bank,Bank_9
Order OD8722809337 packed and ready! Expected dispatch by 03 Jul. -Meesho,Delivery,Delivery_8
Rs.455 cashback credited to your Paytm wallet. Use on your next order.,Promo,Promo_21
Zomato: 438019 is your login OTP. It expires in 5 minutes.,OTP,OTP_6
Beware of fraud calls asking for card details. BOB officials never ask for PIN or CVV.,Bank,Bank_15
Interest of Rs.31692 credited to ur FD A/c XX3838. -SBI,Bank,Bank_9
"Never share your OTP, PIN or CVV. HDFC Bank never asks for these. Stay safe. T&C apply",Bank,Hard_3
ALERT: INR 95821 withdrawn from ATM using card XX4436 on 04-05-26. Bal: INR 176550. -BOB,Bank,Bank_3
Ekart: Shipment OD4888254613 reached your city hub Expected delivery: 01 Jul,Delivery,Delivery_4
Delivered! Your Zomato order OD1606335062 was delivered on 06 Jul. Rate your experience: bit.ly/nGKXRM,Delivery,Delivery_2
Pay  Rs.1840 on delivery for order OD167370374. -BlueDart,Delivery,Hard_10
Gaurangi from Delhivery is arriving with your package. Contact: 4088052138,Delivery,Delivery_6
Rs.561 cashback credited to your PhonePe wallet. Use on your next order.,Promo,Promo_21
Congratulations! You won Rs.1809680 in lucky draw. Claim: bit.ly/uKBEcI,Spam,Hard_12
weekend special at meesho! min 40% off on everything. don't miss out: bit.ly/kahrda,Promo,Promo_6
Data exhausted? Get 1.5GB extra with Rs.1451 booster pack. Dial *121# or visit app.,Promo,Promo_11
OTP: 462336 for txn of Rs.16093 at BOB. Do not share. -HDFC Bank,OTP,OTP_2
OTP for delivery of order OD4020017860 is 8621 Share only with the delivery agent -BlueDart,Delivery,Delivery_9
XpressBees: Shipment OD1053053750 reached your city hub. Expected delivery: 04 Jul.,Delivery,Delivery_4
Delivery  attempt failed for order OD3210410166. We will retry tomorrow. -Delhivery,Delivery,Delivery_5
Enter 194475 to verify your mobile number for Swiggy,OTP,OTP_10
  429018 is your Ola security code. Anyone asking for it is a scammer.,OTP,OTP_9
OTP-based login was enabled for ur A/c XX1271. Call PNB if this wasn't you.,Bank,Hard_2
Your Kotak debit card XX5384 has been blocked due to suspicious activity. Visit branch or call 1800-XXX to unblock. -TM,Bank,Bank_11
OTP: 520387 FOR TXN OF RS.6930 AT ICICI BANK. DO NOT SHARE. -KOTAK,OTP,OTP_2
G-150668 is your Google verification code.,OTP,OTP_12
  KYC update pending for A/c XX4794. Please visit your nearest HDFC Bank branch by 04-05-26 to avoid restrictions.,Bank,Bank_12
DELIVERY ATTEMPT FAILED FOR ORDER OD4941739704. WE WILL RETRY TOMORROW. -DTDC,Delivery,Delivery_5
Confirmation  code 102364 for PhonePe. Keep it private.,OTP,OTP_11
your otp is 757053. use it to verify your hdfc bank account. expires in 10 min.,OTP,OTP_1
Ur return pickup for order OD4851062392 is scheduled on 04 Jul. Keep the item ready. -Amazon,Delivery,Delivery_7
Ur Uber code: 2796,OTP,Hard_8
ALERT: Rs.37705 withdrawn from ATM using card XX9716 on 17-03-26. Bal: Rs.289163. -SBI,Bank,Bank_3
"Bro send me INR 1234 on gpay, will return by 04 Jul",Personal,Hard_5
  Interest of Rs.66129 credited to your FD A/c XX7204. -HDFC Bank,Bank,Bank_9
Dear customer ur Axis Bank account will be blocked! Update KYC now: bitly/mKWGiC,Spam,Hard_11
Your  Uber code: 1725,OTP,Hard_8
BlueDart: Shipment OD2755343172 reached your city hub Expected delivery: 03 Jul,Delivery,Delivery_4
salary of rs.33017 credited to a/c xx7517. avl bal: rs.245917. -sbi,Bank,Bank_7
Pre-approved! Get a HDFC Bank credit card with Rs.262307 limit. Zero joining fee. Apply: bit.ly/fFwSIH,Promo,Promo_14
Salary  of Rs.53122 credited to A/c XX1532. Avl Bal: Rs.407928. -HDFC Bank,Bank,Bank_7
Coupon 6200 gives you free delivery on orders above Rs.4507. -Amazon,Promo,Hard_1
BigBasket Big Billion Days! Up to 20% off + extra 10% with ICICI Bank cards. Hurry!,Promo,Promo_1
"  Class shifted to room 9301, come fast",Personal,Hard_6
  Your credit card XX8234 statement is ready. Total due: Rs.28989. Min due: Rs.1914. -Axis Bank,Bank,Bank_5
your fd of rs.4297 matures on 10-02-26. renew or withdraw via netbanking. -axis bank,Bank,Bank_14
Your Swiggy membership expires soon. Renew now & save 50%: bit.ly/lcSgRU,Promo,Promo_9
Cheque no 370249307956 for Rs.53376 has been cleared from A/c XX5137 -BOB,Bank,Bank_8
Delivered!  Your Amazon order OD8293320632 was delivered on 04 Jul. Rate your experience: bit.ly/VvpEHC,Delivery,Delivery_2
Items in your order history are back in stock at Flipkart. Prices start Rs.431.,Promo,Promo_23
"hey, my new number is 08616563328. save it! meet at 8?",Personal,Hard_4
Rs.81848 debited from A/c XX3563 on 28-01-26 to Laban. Avl Bal: Rs.458658. -Axis Bank,Bank,Bank_0
UPI payment of Rs.67775 to Girik successful. UPI Ref: 462634059336. -BOB STOP to opt out,Bank,Bank_6
Loved your recent BigBasket order? Reorder in 1 tap and get 50% off today.,Promo,Promo_22
Confirmation code 617817 for BigBasket Keep it private,OTP,OTP_11
use 328360 to complete your hdfc bank registration. valid till 2 mins.,OTP,OTP_4
Hungry? Get 20% off up to Rs.323 on your next 3 orders. Code: EAT55. -Zomato,Promo,Promo_12
Hungry? Get 30% off up to Rs.125 on your next 3 orders. Code: EAT91. -Swiggy T&C apply,Promo,Promo_12
Your OTP is 521737. Use it to verify your Netflix account. Expires in 30 min.,OTP,OTP_1
UPI payment of Rs.63146 to Gautami successful. UPI Ref: 378417280493. -SBI,Bank,Bank_6
Your SonyLIV plan renews on 04 Jul at INR 1741. Upgrade to 4K for INR 352/month.,Promo,Promo_18
Your order OD4320079443 from Flipkart is arriving tomorrow. Keep Rs.1775 ready for COD.,Delivery,Delivery_3
upi payment of rs.30821 to gunbir successful. upi ref: 735134967445. -hdfc bank,Bank,Bank_6
Pay Rs.557 on delivery for order OD525722301. -Delhivery,Delivery,Hard_10
Interest of Rs.98766 credited to your FD A/c XX4914. -Axis Bank,Bank,Bank_9
Order OD4932134111 packed and ready! Expected dispatch by 04 Jul. -BigBasket,Delivery,Delivery_8
255205 - use this to sign in Never share this code with anyone,OTP,Hard_7
Your A/c XX5903 is debited with Rs.41847 on 25-04-26. Info: UPI-Ekantika. Bal: Rs.138331,Bank,Bank_2
paytm: 741731 is your login otp. it expires in 15 minutes.,OTP,OTP_6
Low balance alert: A/c XX7061 balance is Rs.464995. Maintain min balance to avoid charges.,Bank,Bank_10
UPI  payment of Rs.85715 to Zarna successful. UPI Ref: 246876773836. -ICICI Bank,Bank,Bank_6
Tap to verify: 189259. This code expires shortly.,OTP,Hard_9
<#> 312464 is your Hotstar code. Valid 2 min. hA8sk2Lqp3,OTP,OTP_13
ALERT: INR 1582 withdrawn from ATM using card XX9209 on 17-05-26. Bal: INR 356121. -PNB,Bank,Bank_3
OTP for delivery of order OD2714315439 is 9622. Share only with the delivery agent. -Delhivery,Delivery,Delivery_9
Your credit card XX3748 statement is ready. Total due: Rs.59071. Min due: Rs.2863. -PNB,Bank,Bank_5
Coupon 3123 gives you free delivery on orders above INR 2004. -Meesho,Promo,Hard_1
Use code 5314 at checkout for 10% off at Amazon!,Promo,Hard_0
Cheque no 316261816896 for Rs.54123 has been cleared from A/c XX7731 -BOB,Bank,Bank_8
swiggy: free delivery all weekend! order your favourites now.,Promo,Promo_13
Congratulations! U won Rs.2038130 in lucky draw. Claim: bit.ly/HOmfDE,Spam,Hard_12
Congratulations! You won INR 1890468 in lucky draw. Claim: bit.ly/zBENZc,Spam,Hard_12
otp: 458498 for txn of rs.7806 at phonepe. do not share. -hdfc bank,OTP,OTP_2
UPI payment of INR 99150 to Ladli successful. UPI Ref: 701337658377. -ICICI Bank,Bank,Bank_6
Jonathan  from Delhivery is arriving with your package. Contact: 9499463940,Delivery,Delivery_6
Salary of Rs.58050 credited to A/c XX2405. Avl Bal: Rs.412201. -BOB,Bank,Bank_7
Chanakya from Ekart is arriving with your package. Contact: 08544617604 -TM,Delivery,Delivery_6
Your one time password is 316759 for IRCTC. Please do not share it.,OTP,OTP_5
Out for delivery: Your Zomato package OD1101758775 will arrive today by 3 PM. -BlueDart,Delivery,Delivery_1
MEGA SALE! Get 10% OFF on all products at BigBasket. Shop now: bit.ly/XpfXbN T&C apply.,Promo,Promo_0
Your Vi pack expires tomorrow. Recharge with Rs.1460 for 1GB/day + unlimited calls.,Promo,Promo_10
Your BigBasket order OD4067963562 has been shipped via Delhivery. Track: bit.ly/khauOF,Delivery,Delivery_0
Your one time password is 765938 for Flipkart. Please do not share it. STOP to opt out,OTP,OTP_5
YOUR SIM WILL BE DEACTIVATED IN 24HRS. VERIFY AADHAAR: BIT.LY/AAVIYU,Spam,Hard_13
MEGA SALE! Get 50% OFF on all products at Zomato. Shop now: bit.ly/jVmTOR T&C apply.,Promo,Promo_0
KYC update pending for A/c XX4802. Please visit your nearest HDFC Bank branch by 22-04-26 to avoid restrictions.,Bank,Bank_12
Beware of fraud calls asking for card details. PNB officials never ask for PIN or CVV.,Bank,Bank_15
Zomato: Free delivery all weekend! Order ur favourites now.,Promo,Promo_13
Salary of Rs.62886 credited to A/c XX2844 Avl Bal: Rs.298395 -Kotak,Bank,Bank_7
cheque no. 137491543686 for rs.88663 has been cleared from a/c xx5306. -kotak,Bank,Bank_8
beware of fraud calls asking for card details. bob officials never ask for pin or cvv.,Bank,Bank_15
Delivery attempt failed for order OD4567834952. We will retry tomorrow. -Ekart,Delivery,Delivery_5
  MEGA SALE! Get 80% OFF on all products at Myntra. Shop now: bit.ly/fnribQ T&C apply.,Promo,Promo_0
G-93757 is your Google verification code.,OTP,OTP_12
"Bro send me Rs.3302 on gpay, will return by 01 Jul -TM",Personal,Hard_5
OTP for delivery of order OD2407283475 is 4194 Share only with the delivery agent -DTDC,Delivery,Delivery_9
Your SIM will be deactivated in 24hrs Verify Aadhaar: bitly/yrGPxf,Spam,Hard_13
Use code 5062 at checkout for 50% off at Zomato!,Promo,Hard_0
YOUR AIRTEL PACK EXPIRES TOMORROW. RECHARGE WITH RS.1768 FOR 3GB/DAY + UNLIMITED CALLS.,Promo,Promo_10
Beware of fraud calls asking for card details. ICICI Bank officials never ask for PIN or CVV.,Bank,Bank_15
Enter 938461 to verify your mobile number for GPay.,OTP,OTP_10
Interest of Rs.73138 credited to your FD A/c XX3181. -Axis Bank,Bank,Bank_9
"Class shifted to room 7253, come fast",Personal,Hard_6
Order OD6781906547 packed and ready! Expected dispatch by 03 Jul. -Flipkart,Delivery,Delivery_8
Convert your BOB card purchase of Rs.1061 into easy EMIs at 0% interest. Reply YES.,Promo,Promo_15
Cheque no 333970265946 for Rs.42360 has been cleared from A/c XX4613 -BOB,Bank,Bank_8
last day! amazon clearance sale ends tonight. up to 20% off sitewide.,Promo,Promo_8
Salary of Rs.97000 credited to A/c XX1408. Avl Bal: Rs.18496. -Kotak STOP to opt out,Bank,Bank_7
"Class  shifted to room 5890, come fast",Personal,Hard_6
otp-based login was enabled for your a/c xx1311. call sbi if this wasn't you.,Bank,Hard_2
Hungry? Get 10% off up to Rs.1692 on your next 3 orders. Code: EAT36. -Swiggy,Promo,Promo_12
Use 388667 to complete your ICICI Bank registration. Valid till 30 mins.,OTP,OTP_4
your myntra order od2723156999 has been shipped via xpressbees. track: bit.ly/gzupta,Delivery,Delivery_0
loved your recent bigbasket order? reorder in 1 tap and get 30% off today.,Promo,Promo_22
Your Myntra order OD9063822804 has been shipped via Delhivery. Track: bit.ly/XJWXCk,Delivery,Delivery_0
Delivery attempt failed for order OD8965205260. We will retry tomorrow. -Delhivery T&C apply,Delivery,Delivery_5
Tap  to verify: 517469. This code expires shortly.,OTP,Hard_9
"BRO SEND ME RS.2529 ON GPAY, WILL RETURN BY 03 JUL",Personal,Hard_5
KYC update pending for A/c XX6129. Please visit your nearest HDFC Bank branch by 01-01-26 to avoid restrictions.,Bank,Bank_12
Your A/c XX2405 is debited with Rs.34739 on 16-03-26 Info: UPI-Robert Bal: Rs.28519,Bank,Bank_2
"hey, my new number is +919326885410. save it! meet at noon?",Personal,Hard_4
"Hey, my new number is 4693364716. Save it! Meet at noon?",Personal,Hard_4
BEWARE OF FRAUD CALLS ASKING FOR CARD DETAILS. AXIS BANK OFFICIALS NEVER ASK FOR PIN OR CVV.,Bank,Bank_15
  KYC update pending for A/c XX3143. Please visit your nearest SBI branch by 19-05-26 to avoid restrictions.,Bank,Bank_12
Your SBI debit card XX5515 has been blocked due to suspicious activity. Visit branch or call 1800-XXX to unblock. -TM,Bank,Bank_11
Interest of Rs.67883 credited to your FD A/c XX4314. -SBI,Bank,Bank_9
Your HDFC Bank debit card XX6145 has been blocked due to suspicious activity. Visit branch or call 1800-XXX to unblock. T&C apply,Bank,Bank_11
  G-972313 is your Google verification code.,OTP,OTP_12
"Hey, my new number is +915427367073. Save it! Meet at 6pm?",Personal,Hard_4
Weekend special at Flipkart! Min 10% off on everything. Don't miss out: bit.ly/NQFTaq,Promo,Promo_6
ALERT:  Rs.64895 withdrawn from ATM using card XX9044 on 11-01-26. Bal: Rs.499833. -PNB,Bank,Bank_3
595349 - use this code to sign in to icici bank. never share it with anyone.,OTP,OTP_7
Work from home! Earn Rs.1404189/month. Join: bit.ly/qfXEJo,Spam,Hard_14
9947 IS YOUR FLIPKART SECURITY CODE. ANYONE ASKING FOR IT IS A SCAMMER.,OTP,OTP_9
Order OD9616362884 packed and ready! Expected dispatch by 06 Jul -Swiggy,Delivery,Delivery_8
Your Hotstar plan renews on 01 Jul at Rs.1535 Upgrade to 4K for Rs.615/month,Promo,Promo_18
Use 586502 to complete your Uber registration. Valid till 2 mins.,OTP,OTP_4
Interest  of Rs.73769 credited to your FD A/c XX7389. -BOB,Bank,Bank_9
Items in ur order history are back in stock at Swiggy. Prices start Rs.1479.,Promo,Promo_23
Data exhausted? Get 2GB extra with Rs.205 booster pack. Dial *121# or visit app.,Promo,Promo_11
  OTP for delivery of order OD7532338529 is 5637. Share only with the delivery agent. -XpressBees,Delivery,Delivery_9
<#>  614111 is your Paytm code. Valid 30 min. hA8sk2Lqp3,OTP,OTP_13
Rs.2905 debited from A/c XX7194 on 03-03-26 to Dakshesh. Avl Bal: Rs.368037. -PNB,Bank,Bank_0
Enter 926733 to verify your mobile number for Axis Bank.,OTP,OTP_10
712900  - use this to sign in. Never share this code with anyone.,OTP,Hard_7
49089 is your verification code for Hotstar. Never share your OTP.,OTP,OTP_3
Confirmation code 628863 for BOB. Keep it private.,OTP,OTP_11
"  Class shifted to room 1387, come fast",Personal,Hard_6
Use code 3020 at checkout for 25% off at Meesho!,Promo,Hard_0
642720 - use this to sign in. Never share this code with anyone.,OTP,Hard_7
Your return pickup for order OD5226436772 is scheduled on 06 Jul. Keep the item ready. -Zomato,Delivery,Delivery_7
IRCTC: SPECIAL TRAINS ADDED FOR FESTIVE SEASON. BOOK EARLY & SAVE UP TO 10%.,Promo,Promo_17
Delivery attempt failed for order OD5856845800. We will retry tomorrow. -Ekart,Delivery,Delivery_5
  Your Amazon code: 921660,OTP,OTP_8
Your  OTP is 374884. Use it to verify your PNB account. Expires in 30 min.,OTP,OTP_1
Your Vi pack expires tomorrow. Recharge with Rs.102 for 3GB/day + unlimited calls.,Promo,Promo_10
854994 - use this code to sign in to GPay. Never share it with anyone.,OTP,OTP_7
484883 - use this code to sign in to HDFC Bank. Never share it with anyone.,OTP,OTP_7
OTP: 505515 for txn of Rs.44183 at Myntra. Do not share. -SBI,OTP,OTP_2
"Bro send me Rs.3812 on gpay, will return by 05 Jul",Personal,Hard_5
bigbasket: your cart misses you! complete purchase now & get 80% off. bit.ly/rnpxti,Promo,Promo_4
data exhausted? get 2gb extra with rs.758 booster pack. dial *121# or visit app.,Promo,Promo_11
Zomato: Free delivery all weekend! Order your favourites now.,Promo,Promo_13
768347 - use this to sign in. Never share this code with anyone.,OTP,Hard_7
Low balance alert: A/c XX9820 balance is Rs.438597. Maintain min balance to avoid charges.,Bank,Bank_10
"HI MADHAV, UNLOCK RS.486 OFF YOUR FIRST ORDER AT SWIGGY WITH CODE NEW96.",Promo,Promo_7
Enter 816223 to verify your mobile number for PhonePe.,OTP,OTP_10
Zomato Big Billion Days! Up to 50% off + extra 10% with SBI cards. Hurry!,Promo,Promo_1
Confirmation code 158724 for Meesho Keep it private,OTP,OTP_11
otp for delivery of order od8692956424 is 5591. share only with the delivery agent. -xpressbees,Delivery,Delivery_9
OTP for delivery of order OD7198535432 is 8704. Share only with the delivery agent. -Ekart,Delivery,Delivery_9
Missed our shows? Come back to Prime Video at 50% off for 3 months. Resubscribe: bit.ly/Ilnhoz,Promo,Promo_19
Use 749556 to complete your GPay registration. Valid till 5 mins.,OTP,OTP_4
Missed our shows? Come back to SonyLIV at 50% off for 3 months. Resubscribe: bit.ly/rJRrCy,Promo,Promo_19
Your return pickup for order OD9582341044 is scheduled on 01 Jul. Keep the item ready. -Myntra,Delivery,Delivery_7
216441 is your OTP for Paytm login. Valid for 2 minutes. Do not share with anyone.,OTP,OTP_0
Rs.37058 credited to A/c XX7118 on 28-04-26. Avl Bal: Rs.14102. -BOB STOP to opt out,Bank,Bank_1
Pre-approved! Get a Axis Bank credit card with Rs.465406 limit. Zero joining fee. Apply: bit.ly/ROFtYv,Promo,Promo_14
OTP for delivery of order OD4641306708 is 3058. Share only with the delivery agent. -XpressBees,Delivery,Delivery_9
Confirmation code 479968 for Axis Bank. Keep it private. -TM,OTP,OTP_11
Coupon 8402 gives you free delivery on orders above Rs.3918 -Amazon,Promo,Hard_1
flight fares dropped! bom-ccu from rs.1255. book on ixigo before midnight.,Promo,Promo_16
Tap to verify: 510683. This code expires shortly.,OTP,Hard_9
Rs.64542 credited to A/c XX9588 on 26-05-26. Avl Bal: Rs.39825. -HDFC Bank,Bank,Bank_1
Low  balance alert: A/c XX7473 balance is Rs.453044. Maintain min balance to avoid charges.,Bank,Bank_10
Ur Jio pack expires tomorrow. Recharge with Rs.937 for 1GB/day + unlimited calls.,Promo,Promo_10
Delivery attempt failed for order OD8680446980 We will retry tomorrow -Delhivery,Delivery,Delivery_5
Your OTP is 640484. Use it to verify your Netflix account. Expires in 15 min.,OTP,OTP_1
your otp is 172211. use it to verify your netflix account. expires in 15 min.,OTP,OTP_1
Delivery attempt failed for order OD6292915028. We will retry tomorrow. -BlueDart,Delivery,Delivery_5
Out for delivery: Your Myntra package OD5566457905 will arrive today by 3 PM. -Ekart,Delivery,Delivery_1
BigBasket Big Billion Days! Up to 20% off + extra 10% with PNB cards. Hurry!,Promo,Promo_1
Low balance alert: A/c XX4036 balance is Rs.345558. Maintain min balance to avoid charges.,Bank,Bank_10
tap to verify: 838228. this code expires shortly.,OTP,Hard_9
  Delivery attempt failed for order OD3731520987. We will retry tomorrow. -Ekart,Delivery,Delivery_5
Data exhausted? Get 1.5GB extra with Rs.1708 booster pack. Dial *121# or visit app.,Promo,Promo_11
Your SIM will be deactivated in 24hrs Verify Aadhaar: bitly/qrYRbA,Spam,Hard_13
Loved your recent Flipkart order? Reorder in 1 tap and get 20% off today.,Promo,Promo_22
Beware of fraud calls asking for card details BOB officials never ask for PIN or CVV,Bank,Bank_15
MISSED OUR SHOWS? COME BACK TO SONYLIV AT 50% OFF FOR 3 MONTHS. RESUBSCRIBE: BIT.LY/YDKNXP,Promo,Promo_19
Use 297351 to complete your Hotstar registration. Valid till 10 mins.,OTP,OTP_4
beware of fraud calls asking for card details. sbi officials never ask for pin or cvv.,Bank,Bank_15
235854 is your Zomato security code. Anyone asking for it is a scammer.,OTP,OTP_9
Enter 900826 to verify your mobile number for HDFC Bank,OTP,OTP_10
  Missed our shows? Come back to Prime Video at 50% off for 3 months. Resubscribe: bit.ly/XUxXXm,Promo,Promo_19
Use 450251 to complete your GPay registration. Valid till 5 mins.,OTP,OTP_4
Your  account statement for August is available. Download from the Kotak app.,Bank,Bank_16
Your  SIM will be deactivated in 24hrs. Verify Aadhaar: bit.ly/jIuCkW,Spam,Hard_13
OTP for delivery of order OD9678967264 is 8055. Share only with the delivery agent. -DTDC,Delivery,Delivery_9
Your one time password is 762269 for PNB. Please do not share it.,OTP,OTP_5
  Myntra Big Billion Days! Up to 80% off + extra 10% with Axis Bank cards. Hurry!,Promo,Promo_1
  509489 is your verification code for BigBasket. Never share your OTP.,OTP,OTP_3
"Hey, my new number is 7570852393. Save it! Meet at 6pm?",Personal,Hard_4
"  Hey, my new number is 09153089569. Save it! Meet at tonight?",Personal,Hard_4
Congratulations! You won Rs.318809 in lucky draw. Claim: bit.ly/eAvpuG,Spam,Hard_12
Your SIM will be deactivated in 24hrs Verify Aadhaar: bitly/ulXdcu,Spam,Hard_13
790651 is ur verification code for GPay. Never share ur OTP.,OTP,OTP_3
811828  is your OTP for Myntra login. Valid for 10 minutes. Do not share with anyone.,OTP,OTP_0
G-580033 IS YOUR GOOGLE VERIFICATION CODE.,OTP,OTP_12
Your return pickup for order OD1717352326 is scheduled on 02 Jul. Keep the item ready. -Amazon,Delivery,Delivery_7
Your  A/c XX8010 is debited with Rs.46736 on 12-05-26. Info: UPI-Ira. Bal: Rs.424002,Bank,Bank_2
Loved your recent Myntra order? Reorder in 1 tap and get 10% off today.,Promo,Promo_22
Your SIM will be deactivated in 24hrs. Verify Aadhaar: bit.ly/FxfXWR T&C apply,Spam,Hard_13
"Hey, my new number is 3145764464. Save it! Meet at 8?",Personal,Hard_4
Items in your order history are back in stock at Meesho. Prices start Rs.1229.,Promo,Promo_23
rs.15890 credited to a/c xx1006 on 24-04-26. avl bal: rs.126867. -icici bank,Bank,Bank_1
  Delivery attempt failed for order OD4773054137. We will retry tomorrow. -Ekart,Delivery,Delivery_5
Kai from Ekart is arriving with your package. Contact: 01226014768,Delivery,Delivery_6
735371 is your Hotstar security code. Anyone asking for it is a scammer.,OTP,OTP_9
Your return pickup for order OD7355731223 is scheduled on 01 Jul. Keep the item ready. -Swiggy,Delivery,Delivery_7
Ur return pickup for order OD2451980364 is scheduled on 04 Jul. Keep the item ready. -Swiggy,Delivery,Delivery_7
Your OTP is 984626. Use it to verify your BOB account. Expires in 10 min. T&C apply,OTP,OTP_1
Out for delivery: Your Amazon package OD2195175048 will arrive today by 6 PM. -Ekart,Delivery,Delivery_1
Interest of Rs.6933 credited to your FD A/c XX7532. -SBI,Bank,Bank_9
Rs.88435 credited to A/c XX1436 on 27-04-26. Avl Bal: Rs.226377. -ICICI Bank,Bank,Bank_1
Dear customer ur PNB account will be blocked! Update KYC now: bit.ly/ZkyeAS,Spam,Hard_11
<#>  643256 is your Swiggy code. Valid 30 min. hA8sk2Lqp3,OTP,OTP_13
Rs.409 cashback credited to ur Paytm wallet. Use on ur next order.,Promo,Promo_21
KYC  update pending for A/c XX5127. Please visit your nearest ICICI Bank branch by 28-05-26 to avoid restrictions.,Bank,Bank_12
RECHARGE WITH RS.149 & GET 70% EXTRA TALKTIME. OFFER VALID TODAY ONLY!,Promo,Promo_5
Ur account statement for July is available. Download from the HDFC Bank app.,Bank,Bank_16
Delivered! Your Swiggy order OD8658924839 was delivered on 02 Jul. Rate your experience: bit.ly/MJoZWM T&C apply,Delivery,Delivery_2
EMI of Rs.16169 due on 28-06-26 for loan A/c XX3529. Pay now to avoid charges. -BOB T&C apply,Bank,Bank_4
"NEVER SHARE YOUR OTP, PIN OR CVV. HDFC BANK NEVER ASKS FOR THESE. STAY SAFE.",Bank,Hard_3
Rs.62323 credited to A/c XX4413 on 28-01-26. Avl Bal: Rs.288800. -Axis Bank,Bank,Bank_1
"HI MATTHEW, UNLOCK RS.1119 OFF YOUR FIRST ORDER AT ZOMATO WITH CODE NEW93.",Promo,Promo_7
Your  ICICI Bank debit card XX6689 has been blocked due to suspicious activity. Visit branch or call 1800-XXX to unblock.,Bank,Bank_11
"Hey, my new number is 08840400586. Save it! Meet at 6pm?",Personal,Hard_4
EMI of Rs.17409 due on 25-05-26 for loan A/c XX4754. Pay now to avoid charges. -PNB,Bank,Bank_4
"Never share your OTP, PIN or CVV. HDFC Bank never asks for these. Stay safe.",Bank,Hard_3
Rs.921 cashback credited to your Amazon Pay wallet. Use on your next order.,Promo,Promo_21
Zomato Big Billion Days! Up to 40% off + extra 10% with PNB cards. Hurry!,Promo,Promo_1
Missed our shows? Come back to Netflix at 50% off for 3 months. Resubscribe: bit.ly/ZJmtLp,Promo,Promo_19
Your return pickup for order OD9414784967 is scheduled on 01 Jul. Keep the item ready. -Amazon -TM,Delivery,Delivery_7
Use 620565 to complete your Paytm registration Valid till 15 mins,OTP,OTP_4
  Teerth from XpressBees is arriving with your package. Contact: 3119851080,Delivery,Delivery_6
Pay Rs.3945 on delivery for order OD846194855. -Delhivery,Delivery,Hard_10
You have 1930 reward points expiring on 01 Jul. Redeem on Meesho. -TM,Promo,Promo_20
Myntra: Your cart misses you! Complete purchase now & get 60% off. bit.ly/euBYTa,Promo,Promo_4
  Your Zomato membership expires soon. Renew now & save 60%: bit.ly/OBhMXE,Promo,Promo_9
  UPI payment of Rs.24507 to Fitan successful. UPI Ref: 571695170102. -Kotak,Bank,Bank_6
Delivery  attempt failed for order OD8722731759. We will retry tomorrow. -DTDC,Delivery,Delivery_5
YOUR SWIGGY MEMBERSHIP EXPIRES SOON. RENEW NOW & SAVE 20%: BIT.LY/NPDCBG,Promo,Promo_9
Coupon 2832 gives you free delivery on orders above Rs.1913. -Meesho,Promo,Hard_1
Ekart:  Shipment OD5849068985 reached your city hub. Expected delivery: 06 Jul.,Delivery,Delivery_4
142129 is your verification code for Amazon. Never share your OTP.,OTP,OTP_3
Your return pickup for order OD9707577234 is scheduled on 06 Jul. Keep the item ready. -Myntra -TM,Delivery,Delivery_7
  EMI of Rs.75825 due on 12-04-26 for loan A/c XX8881. Pay now to avoid charges. -PNB,Bank,Bank_4
Use code 5972 at checkout for 25% off at Zomato!,Promo,Hard_0
out for delivery: your zomato package od7417247290 will arrive today by 9 pm. -ekart,Delivery,Delivery_1
"Your HDFC Bank health insurance renewal is due 03 Jul. Renew online, save 70% on premium.",Promo,Promo_24
U have 3864 reward points expiring on 01 Jul. Redeem on Myntra.,Promo,Promo_20
Your one time password is 605277 for Amazon. Please do not share it.,OTP,OTP_5
Pre-approved! Get a SBI credit card with Rs.164649 limit. Zero joining fee. Apply: bit.ly/huyPzo,Promo,Promo_14
UPI payment of Rs.45863 to Anvi successful. UPI Ref: 250624852233. -Kotak,Bank,Bank_6
Zomato Big Billion Days! Up to 30% off + extra 10% with Axis Bank cards. Hurry!,Promo,Promo_1
rs.89649 debited from a/c xx9491 on 04-02-26 to harinakshi. avl bal: rs.456501. -icici bank,Bank,Bank_0
MEGA  SALE! Get 20% OFF on all products at Zomato. Shop now: bit.ly/XmbUjB T&C apply.,Promo,Promo_0
Use code 4699 at checkout for 50% off at Swiggy!,Promo,Hard_0
  KYC update pending for A/c XX9545. Please visit your nearest SBI branch by 02-01-26 to avoid restrictions.,Bank,Bank_12
SBI:  45429 is your login OTP. It expires in 2 minutes.,OTP,OTP_6
575076 is your verification code for axis bank. never share your otp.,OTP,OTP_3
  Cheque no. 920517032369 for Rs.49512 has been cleared from A/c XX2326. -HDFC Bank,Bank,Bank_8
Use 802391 to complete your Swiggy registration. Valid till 30 mins. T&C apply,OTP,OTP_4
570510 is ur verification code for PNB. Never share ur OTP.,OTP,OTP_3
Out for delivery: Your Meesho package OD4816588129 will arrive today by 3 PM. -BlueDart,Delivery,Delivery_1
Data exhausted? Get 1.5GB extra with Rs.1349 booster pack. Dial *121# or visit app.,Promo,Promo_11
ISHA FROM BLUEDART IS ARRIVING WITH YOUR PACKAGE. CONTACT: 1533203190,Delivery,Delivery_6
"Bro send me Rs.4137 on gpay, will return by 03 Jul",Personal,Hard_5
  Pre-approved! Get a Kotak credit card with Rs.193569 limit. Zero joining fee. Apply: bit.ly/KZRyMT,Promo,Promo_14
Kotak: 94406 is your login OTP. It expires in 10 minutes. -TM,OTP,OTP_6
Work from home! Earn Rs.1661174/month. Join: bit.ly/ArvuuW,Spam,Hard_14
Work from home! Earn Rs.556304/month. Join: bit.ly/ZepLYK,Spam,Hard_14
"  Never share your OTP, PIN or CVV. Kotak never asks for these. Stay safe.",Bank,Hard_3
Hungry? Get 70% off up to Rs.1046 on your next 3 orders. Code: EAT43. -Swiggy,Promo,Promo_12
Your A/c XX2596 is debited with Rs.22524 on 07-06-26. Info: UPI-Vaishnavi. Bal: Rs.100264,Bank,Bank_2
Confirmation code 984662 for Netflix. Keep it private.,OTP,OTP_11
your return pickup for order od8089141257 is scheduled on 06 jul. keep the item ready. -bigbasket,Delivery,Delivery_7
Your FD of Rs.35167 matures on 15-04-26. Renew or withdraw via netbanking. -SBI,Bank,Bank_14
MEGA SALE! Get 10% OFF on all products at Swiggy Shop now: bitly/jFiVIN T&C apply,Promo,Promo_0
Beware  of fraud calls asking for card details. Axis Bank officials never ask for PIN or CVV.,Bank,Bank_15
Loved your recent Meesho order? Reorder in 1 tap and get 40% off today.,Promo,Promo_22
301847 - use this code to sign in to HDFC Bank. Never share it with anyone.,OTP,OTP_7
<#> 800939 is your Amazon code. Valid 5 min. hA8sk2Lqp3 T&C apply,OTP,OTP_13
Rs.8123  credited to A/c XX6340 on 29-04-26. Avl Bal: Rs.364134. -SBI,Bank,Bank_1
  Your OTP is 897609. Use it to verify your Flipkart account. Expires in 5 min.,OTP,OTP_1
Work from home! Earn Rs.169619/month. Join: bit.ly/yOkvOR,Spam,Hard_14
data exhausted? get 3gb extra with rs.1880 booster pack. dial *121# or visit app.,Promo,Promo_11
Coupon 7515 gives you free delivery on orders above INR 3337. -Swiggy,Promo,Hard_1
RS.1070 CASHBACK CREDITED TO YOUR PHONEPE WALLET. USE ON YOUR NEXT ORDER.,Promo,Promo_21
Your BOB debit card XX8515 has been blocked due to suspicious activity. Visit branch or call 1800-XXX to unblock.,Bank,Bank_11
Your return pickup for order OD1982872269 is scheduled on 01 Jul. Keep the item ready. -BigBasket,Delivery,Delivery_7
ALERT: INR 70 withdrawn from ATM using card XX7169 on 09-03-26. Bal: INR 350356. -SBI,Bank,Bank_3
Your Netflix plan renews on 01 Jul at Rs.309. Upgrade to 4K for Rs.290/month. T&C apply,Promo,Promo_18
Your SIM will be deactivated in 24hrs Verify Aadhaar: bitly/kKKnNv,Spam,Hard_13
74240 - use this code to sign in to ICICI Bank. Never share it with anyone.,OTP,OTP_7
KYC update pending for A/c XX7810. Please visit your nearest PNB branch by 28-03-26 to avoid restrictions.,Bank,Bank_12
Tap to verify: 966556. This code expires shortly. T&C apply,OTP,Hard_9
Weekend special at Meesho! Min 60% off on everything. Don't miss out: bit.ly/pkzBgs,Promo,Promo_6
Data exhausted? Get 2GB extra with Rs.707 booster pack. Dial *121# or visit app.,Promo,Promo_11
258973 is your verification code for Kotak Never share your OTP,OTP,OTP_3
Your FD of Rs.16155 matures on 06-04-26. Renew or withdraw via netbanking. -Kotak,Bank,Bank_14
866288  is your OTP for Axis Bank login. Valid for 2 minutes. Do not share with anyone.,OTP,OTP_0
Your OTP is 470308. Use it to verify your SBI account. Expires in 15 min. T&C apply,OTP,OTP_1
Your Netflix plan renews on 02 Jul at Rs.93. Upgrade to 4K for Rs.382/month.,Promo,Promo_18
OTP: 961735 for txn of Rs.30344 at Flipkart. Do not share. -HDFC Bank,OTP,OTP_2
Your order OD6705895122 from Swiggy is arriving tomorrow. Keep Rs.3888 ready for COD.,Delivery,Delivery_3
AUTO-PAY OF RS.97171 TO KALPIT IS SCHEDULED ON 09-02-26 FROM A/C XX9767. ENSURE SUFFICIENT BALANCE.,Bank,Bank_13
  Your return pickup for order OD7825785604 is scheduled on 02 Jul. Keep the item ready. -Myntra,Delivery,Delivery_7
316003 is your OTP for Meesho login. Valid for 15 minutes. Do not share with anyone.,OTP,OTP_0
  Low balance alert: A/c XX9770 balance is Rs.460997. Maintain min balance to avoid charges.,Bank,Bank_10
"  Hi Nandini, unlock Rs.715 off your first order at Flipkart with code NEW20.",Promo,Promo_7
Axis  Bank: 33014 is your login OTP. It expires in 15 minutes.,OTP,OTP_6
Weekend special at Myntra! Min 30% off on everything. Don't miss out: bit.ly/XlseYp,Promo,Promo_6
Enter 788639 to verify your mobile number for BOB.,OTP,OTP_10
ENTER 871081 TO VERIFY YOUR MOBILE NUMBER FOR SWIGGY.,OTP,OTP_10
Auto-pay of INR 92955 to Fitan is scheduled on 26-06-26 from A/c XX2611. Ensure sufficient balance.,Bank,Bank_13
Confirmation  code 477068 for Meesho. Keep it private.,OTP,OTP_11
Low balance alert: A/c XX8082 balance is Rs.309934. Maintain min balance to avoid charges.,Bank,Bank_10
Your one time password is 171935 for Kotak. Please do not share it.,OTP,OTP_5
Items in ur order history are back in stock at Myntra. Prices start Rs.1520.,Promo,Promo_23
  Rs.1608 cashback credited to your Paytm wallet. Use on your next order.,Promo,Promo_21
order od3344087252 packed and ready! expected dispatch by 06 jul. -bigbasket,Delivery,Delivery_8
Your Zomato code: 368653,OTP,OTP_8
Delhivery: Shipment OD5909136962 reached your city hub. Expected delivery: 05 Jul.,Delivery,Delivery_4
576498 - use this code to sign in to PhonePe. Never share it with anyone.,OTP,OTP_7
YOUR A/C XX2127 IS DEBITED WITH RS.58833 ON 08-02-26. INFO: UPI-JAGAT. BAL: RS.471204,Bank,Bank_2
Your one time password is 13771 for ICICI Bank. Please do not share it.,OTP,OTP_5
BigBasket: Your cart misses you! Complete purchase now & get 40% off. bit.ly/HWoCVi,Promo,Promo_4
956144 is ur verification code for Netflix. Never share ur OTP.,OTP,OTP_3
<#> 375407 is your Flipkart code. Valid 30 min. hA8sk2Lqp3,OTP,OTP_13
ENTER 329080 TO VERIFY YOUR MOBILE NUMBER FOR MYNTRA.,OTP,OTP_10
Confirmation code 98599 for BOB. Keep it private. T&C apply,OTP,OTP_11
G-15258 is ur Google verification code.,OTP,OTP_12
<#> 655398 is your Hotstar code. Valid 15 min. hA8sk2Lqp3,OTP,OTP_13
Auto-pay of Rs.6210 to Mitesh is scheduled on 08-01-26 from A/c XX1914. Ensure sufficient balance.,Bank,Bank_13
Kotak: 693671 is your login OTP. It expires in 10 minutes. T&C apply,OTP,OTP_6
<#> 153801 IS YOUR IRCTC CODE. VALID 30 MIN. HA8SK2LQP3,OTP,OTP_13
Your Uber code: 6975,OTP,Hard_8
YOUR PNB DEBIT CARD XX8702 HAS BEEN BLOCKED DUE TO SUSPICIOUS ACTIVITY. VISIT BRANCH OR CALL 1800-XXX TO UNBLOCK.,Bank,Bank_11
Low balance alert: A/c XX1461 balance is Rs.126820. Maintain min balance to avoid charges. T&C apply,Bank,Bank_10
"Class shifted to room 9702, come fast",Personal,Hard_6
YOUR ICICI BANK DEBIT CARD XX6967 HAS BEEN BLOCKED DUE TO SUSPICIOUS ACTIVITY. VISIT BRANCH OR CALL 1800-XXX TO UNBLOCK.,Bank,Bank_11
235644 - USE THIS TO SIGN IN. NEVER SHARE THIS CODE WITH ANYONE.,OTP,Hard_7
"Never share your OTP, PIN or CVV. Axis Bank never asks for these. Stay safe.",Bank,Hard_3
MEGA  SALE! Get 30% OFF on all products at Meesho. Shop now: bit.ly/fmHorY T&C apply.,Promo,Promo_0
<#> 797282 is your BigBasket code. Valid 10 min. hA8sk2Lqp3,OTP,OTP_13
291921 is your OTP for PhonePe login. Valid for 5 minutes. Do not share with anyone.,OTP,OTP_0
LAST DAY! ZOMATO CLEARANCE SALE ENDS TONIGHT. UP TO 20% OFF SITEWIDE.,Promo,Promo_8
Your OTP is 719370. Use it to verify your HDFC Bank account. Expires in 15 min.,OTP,OTP_1
Weekend special at BigBasket! Min 50% off on everything Don't miss out: bitly/ZWZvNH,Promo,Promo_6
Auto-pay  of Rs.87396 to Gagan is scheduled on 04-04-26 from A/c XX2784. Ensure sufficient balance.,Bank,Bank_13
YOUR PNB DEBIT CARD XX6803 HAS BEEN BLOCKED DUE TO SUSPICIOUS ACTIVITY. VISIT BRANCH OR CALL 1800-XXX TO UNBLOCK.,Bank,Bank_11
your pnb debit card xx7195 has been blocked due to suspicious activity. visit branch or call 1800-xxx to unblock.,Bank,Bank_11
Loved your recent Flipkart order? Reorder in 1 tap and get 80% off today.,Promo,Promo_22
ALERT: Rs.43890 withdrawn from ATM using card XX1910 on 01-04-26. Bal: Rs.296442. -ICICI Bank,Bank,Bank_3
232913 is your verification code for PNB. Never share your OTP.,OTP,OTP_3
BigBasket:  Your cart misses you! Complete purchase now & get 10% off. bit.ly/DiFayj,Promo,Promo_4
your myntra membership expires soon. renew now & save 80%: bit.ly/ywpucr,Promo,Promo_9
INTEREST OF RS.63978 CREDITED TO YOUR FD A/C XX4427. -PNB,Bank,Bank_9
<#> 288849 is your PNB code. Valid 15 min. hA8sk2Lqp3,OTP,OTP_13
  EMI of Rs.3191 due on 07-03-26 for loan A/c XX2728. Pay now to avoid charges. -Axis Bank,Bank,Bank_4
BlueDart: Shipment OD2537838225 reached your city hub. Expected delivery: 06 Jul.,Delivery,Delivery_4
Flight fares dropped! HYD-MAA from Rs.192 Book on MakeMyTrip before midnight,Promo,Promo_16
Ur BigBasket code: 498938,OTP,OTP_8
Your SBI debit card XX8600 has been blocked due to suspicious activity. Visit branch or call 1800-XXX to unblock.,Bank,Bank_11
Your Axis Bank code: 714373 STOP to opt out,OTP,OTP_8
order od3690193300 packed and ready! expected dispatch by 03 jul. -amazon,Delivery,Delivery_8
KYC update pending for A/c XX3312 Please visit your nearest Axis Bank branch by 19-03-26 to avoid restrictions,Bank,Bank_12
Ur Vi pack expires tomorrow. Recharge with Rs.906 for 3GB/day + unlimited calls.,Promo,Promo_10
Ur Paytm code: 309887,OTP,OTP_8
flight fares dropped! blr-maa from rs.1403. book on ixigo before midnight.,Promo,Promo_16
INR 1706 cashback credited to your PhonePe wallet. Use on your next order.,Promo,Promo_21
Dear customer ur Kotak account will be blocked! Update KYC now: bit.ly/slXBPl,Spam,Hard_11
233953 is your OTP for ICICI Bank login. Valid for 30 minutes. Do not share with anyone.,OTP,OTP_0
"Your PNB health insurance renewal is due 04 Jul. Renew online, save 70% on premium.",Promo,Promo_24
IRCTC: SPECIAL TRAINS ADDED FOR FESTIVE SEASON. BOOK EARLY & SAVE UP TO 50%.,Promo,Promo_17
zomato big billion days! up to 20% off + extra 10% with hdfc bank cards. hurry!,Promo,Promo_1
  XpressBees: Shipment OD3033943275 reached your city hub. Expected delivery: 05 Jul.,Delivery,Delivery_4
Tap to verify: 822194. This code expires shortly.,OTP,Hard_9
OTP:  722261 for txn of Rs.2393 at BOB. Do not share. -ICICI Bank,OTP,OTP_2
your account statement for june is available. download from the bob app.,Bank,Bank_16
Last day! Flipkart clearance sale ends tonight. Up to 40% off sitewide.,Promo,Promo_8
RS.71950 CREDITED TO A/C XX6423 ON 25-06-26. AVL BAL: RS.327910. -ICICI BANK,Bank,Bank_1
Your A/c XX3757 is debited with Rs.37362 on 20-02-26 Info: UPI-Charvi Bal: Rs.67551,Bank,Bank_2
  Hungry? Get 80% off up to Rs.1690 on your next 3 orders. Code: EAT60. -Swiggy,Promo,Promo_12
Work from home! Earn Rs.595102/month. Join: bit.ly/oTKrDf STOP to opt out,Spam,Hard_14
  ALERT: Rs.18757 withdrawn from ATM using card XX2173 on 02-01-26. Bal: Rs.459343. -BOB,Bank,Bank_3
OTP for delivery of order OD4312378235 is 7065. Share only with the delivery agent. -BlueDart,Delivery,Delivery_9
YOUR ONE TIME PASSWORD IS 599973 FOR SBI. PLEASE DO NOT SHARE IT.,OTP,OTP_5
Last day! Myntra clearance sale ends tonight Up to 30% off sitewide,Promo,Promo_8
Confirmation code 82392 for Amazon. Keep it private.,OTP,OTP_11
  848577 is your ICICI Bank security code. Anyone asking for it is a scammer.,OTP,OTP_9
Your Airtel pack expires tomorrow Recharge with Rs.990 for 2GB/day + unlimited calls,Promo,Promo_10
SWIGGY: FREE DELIVERY ALL WEEKEND! ORDER YOUR FAVOURITES NOW.,Promo,Promo_13
TARAK FROM XPRESSBEES IS ARRIVING WITH YOUR PACKAGE. CONTACT: +919501157367,Delivery,Delivery_6
HOTSTAR: 347737 IS YOUR LOGIN OTP. IT EXPIRES IN 2 MINUTES.,OTP,OTP_6
Zomato Big Billion Days! Up to 80% off + extra 10% with ICICI Bank cards. Hurry!,Promo,Promo_1
110094 is ur OTP for Netflix login. Valid for 15 minutes. Do not share with anyone.,OTP,OTP_0
Your one time password is 963045 for Paytm. Please do not share it. T&C apply,OTP,OTP_5
766655 is your Netflix security code. Anyone asking for it is a scammer. STOP to opt out,OTP,OTP_9
Recharge with INR 1951 & get 10% extra talktime. Offer valid today only!,Promo,Promo_5
Order OD5908000675 packed and ready! Expected dispatch by 06 Jul -Zomato,Delivery,Delivery_8
Convert  your Axis Bank card purchase of Rs.88 into easy EMIs at 0% interest. Reply YES.,Promo,Promo_15
Convert your ICICI Bank card purchase of Rs.1271 into easy EMIs at 0% interest. Reply YES.,Promo,Promo_15
Coupon 8099 gives you free delivery on orders above Rs.2700. -Myntra T&C apply,Promo,Hard_1
Your SonyLIV plan renews on 04 Jul at Rs.1773. Upgrade to 4K for Rs.304/month.,Promo,Promo_18
Flat Rs.1631 cashback on your next order at Meesho. Use code SAVE18. Valid till 02 Jul.,Promo,Promo_2
Items in your order history are back in stock at Swiggy Prices start Rs.1516,Promo,Promo_23
Beware of fraud calls asking for card details. SBI officials never ask for PIN or CVV.,Bank,Bank_15
Your A/c XX9303 is debited with Rs.62670 on 05-05-26. Info: UPI-Oscar. Bal: Rs.277074,Bank,Bank_2
"Bro send me Rs.2080 on gpay, will return by 02 Jul",Personal,Hard_5
Use code 1180 at checkout for 25% off at BigBasket! -TM,Promo,Hard_0
Your account statement for August is available. Download from the Axis Bank app.,Bank,Bank_16
Delivery attempt failed for order OD8829724495. We will retry tomorrow. -Delhivery,Delivery,Delivery_5
Your SonyLIV plan renews on 01 Jul at Rs.1693. Upgrade to 4K for Rs.897/month. -TM,Promo,Promo_18
your a/c xx4037 is debited with rs.64550 on 22-02-26. info: upi-darpan. bal: rs.60673,Bank,Bank_2
Your one time password is 751160 for Amazon. Please do not share it.,OTP,OTP_5
BigBasket Big Billion Days! Up to 30% off + extra 10% with BOB cards. Hurry!,Promo,Promo_1
  Your order OD2515863371 from Myntra is arriving tomorrow. Keep Rs.2475 ready for COD.,Delivery,Delivery_3
Your one time password is 334916 for Uber. Please do not share it. STOP to opt out,OTP,OTP_5
  821058 - use this to sign in. Never share this code with anyone.,OTP,Hard_7
Kotak: 811758 is your login OTP. It expires in 30 minutes.,OTP,OTP_6
Missed our shows? Come back to Prime Video at 50% off for 3 months. Resubscribe: bit.ly/eKZUEV,Promo,Promo_19
G-231752 is your Google verification code,OTP,OTP_12
Low balance alert: A/c XX2381 balance is Rs.106624. Maintain min balance to avoid charges.,Bank,Bank_10
Your Zomato order OD7250114470 has been shipped via BlueDart. Track: bit.ly/uEFfAx,Delivery,Delivery_0
259813 is your verification code for Meesho. Never share your OTP.,OTP,OTP_3
Tap to verify: 543290. This code expires shortly.,OTP,Hard_9
Use code 1387 at checkout for 10% off at Swiggy!,Promo,Hard_0
UPI payment of Rs.22833 to Balveer successful. UPI Ref: 481630890797. -SBI STOP to opt out,Bank,Bank_6
OTP: 903535 FOR TXN OF RS.40458 AT BIGBASKET. DO NOT SHARE. -BOB,OTP,OTP_2
"Hey, my new number is +914053886771 Save it! Meet at 6pm?",Personal,Hard_4
Your A/c XX1670 is debited with Rs.44321 on 17-04-26. Info: UPI-Rajeshri. Bal: Rs.492571 STOP to opt out,Bank,Bank_2
  Rs.1706 cashback credited to your Paytm wallet. Use on your next order.,Promo,Promo_21
Delivery  attempt failed for order OD8083015670. We will retry tomorrow. -BlueDart,Delivery,Delivery_5
Order OD1260973486 packed and ready! Expected dispatch by 06 Jul. -Flipkart,Delivery,Delivery_8
  Your BigBasket membership expires soon. Renew now & save 80%: bit.ly/AHRDkW,Promo,Promo_9
Flight fares dropped! HYD-MAA from Rs.1552. Book on ixigo before midnight.,Promo,Promo_16
  Your return pickup for order OD1220200141 is scheduled on 06 Jul. Keep the item ready. -Flipkart,Delivery,Delivery_7
  Your order OD2130360628 from Flipkart is arriving tomorrow. Keep Rs.3318 ready for COD.,Delivery,Delivery_3
OTP for delivery of order OD1871115582 is 2686 Share only with the delivery agent -Delhivery,Delivery,Delivery_9
YOUR CREDIT CARD XX1241 STATEMENT IS READY. TOTAL DUE: RS.1574. MIN DUE: RS.4462. -SBI,Bank,Bank_5
Rs.86100 debited from A/c XX4288 on 15-05-26 to Isaac. Avl Bal: Rs.352850. -PNB,Bank,Bank_0
  Amazon: Your cart misses you! Complete purchase now & get 20% off. bit.ly/ZYxcbj,Promo,Promo_4
"  Hi Lila, unlock Rs.634 off your first order at BigBasket with code NEW69.",Promo,Promo_7
Order  OD2133228761 packed and ready! Expected dispatch by 06 Jul. -Myntra,Delivery,Delivery_8
ALERT: INR 2133 withdrawn from ATM using card XX9658 on 14-05-26. Bal: INR 474579. -HDFC Bank,Bank,Bank_3
Missed our shows? Come back to Netflix at 50% off for 3 months. Resubscribe: bit.ly/mfMGGA,Promo,Promo_19
UPI payment of Rs.14312 to Vasudha successful UPI Ref: 763230250962 -SBI,Bank,Bank_6
Your Uber code: 4675 T&C apply,OTP,Hard_8
Your credit card XX9566 statement is ready. Total due: Rs.91975. Min due: Rs.4248. -ICICI Bank T&C apply,Bank,Bank_5
paytm: 828922 is your login otp. it expires in 30 minutes.,OTP,OTP_6
"Hey, my new number is +919439385930 Save it! Meet at 8?",Personal,Hard_4
Your Myntra order OD4573457908 has been shipped via Ekart. Track: bit.ly/miyPrS -TM,Delivery,Delivery_0
Cheque no 632532338305 for Rs.23881 has been cleared from A/c XX5209 -PNB,Bank,Bank_8
YOUR SIM WILL BE DEACTIVATED IN 24HRS. VERIFY AADHAAR: BIT.LY/LVPFWE,Spam,Hard_13
Your  Prime Video plan renews on 05 Jul at Rs.400. Upgrade to 4K for Rs.950/month.,Promo,Promo_18
Pre-approved! Get a HDFC Bank credit card with Rs.54069 limit Zero joining fee Apply: bitly/jwlrmn,Promo,Promo_14
IRCTC: Special trains added for festive season. Book early & save up to 40%.,Promo,Promo_17
Your return pickup for order OD3119562440 is scheduled on 03 Jul. Keep the item ready. -Myntra,Delivery,Delivery_7
  <#> 779459 is your ICICI Bank code. Valid 2 min. hA8sk2Lqp3,OTP,OTP_13
KYC update pending for A/c XX9566. Please visit your nearest Axis Bank branch by 04-06-26 to avoid restrictions.,Bank,Bank_12
OTP for delivery of order OD6074915157 is 3402. Share only with the delivery agent. -DTDC,Delivery,Delivery_9
Rs.22540 debited from A/c XX6081 on 04-03-26 to Wakeeta. Avl Bal: Rs.59434. -SBI,Bank,Bank_0
Your A/c XX6276 is debited with Rs.6186 on 25-05-26. Info: UPI-Nimrat. Bal: Rs.12663,Bank,Bank_2
  Use 597458 to complete your Netflix registration. Valid till 2 mins.,OTP,OTP_4
Exclusive for you! Buy 1 Get 1 FREE at Myntra. Limited period offer. Visit bit.ly/ATHKHK,Promo,Promo_3
KYC update pending for A/c XX9783. Please visit your nearest ICICI Bank branch by 09-03-26 to avoid restrictions.,Bank,Bank_12
Flight fares dropped! DEL-MAA from Rs.1513. Book on MakeMyTrip before midnight. T&C apply,Promo,Promo_16
OTP for delivery of order OD1022517335 is 5339 Share only with the delivery agent -Ekart,Delivery,Delivery_9
BlueDart: Shipment OD9595786877 reached your city hub. Expected delivery: 04 Jul.,Delivery,Delivery_4
DELIVERED! YOUR FLIPKART ORDER OD7950613212 WAS DELIVERED ON 02 JUL. RATE YOUR EXPERIENCE: BIT.LY/RUSZAK,Delivery,Delivery_2
Your account statement for July is available. Download from the Axis Bank app.,Bank,Bank_16
Your A/c XX3035 is debited with Rs.62206 on 08-03-26. Info: UPI-Omisha. Bal: Rs.175254,Bank,Bank_2
OTP for delivery of order OD5759109783 is 3226. Share only with the delivery agent. -Delhivery,Delivery,Delivery_9
638267 is ur Netflix security code. Anyone asking for it is a scammer.,OTP,OTP_9
Tap to verify: 769684. This code expires shortly.,OTP,Hard_9
Your  order OD6077432807 from Swiggy is arriving tomorrow. Keep Rs.2406 ready for COD.,Delivery,Delivery_3
KYC update pending for A/c XX2894 Please visit your nearest BOB branch by 02-06-26 to avoid restrictions,Bank,Bank_12
  Low balance alert: A/c XX8817 balance is Rs.106181. Maintain min balance to avoid charges.,Bank,Bank_10
Your Zomato order OD6808592934 has been shipped via Delhivery. Track: bit.ly/OGJBeC -TM,Delivery,Delivery_0
Rs.93233 credited to A/c XX7623 on 20-06-26. Avl Bal: Rs.239809. -HDFC Bank STOP to opt out,Bank,Bank_1
Your SonyLIV plan renews on 03 Jul at Rs.928. Upgrade to 4K for Rs.913/month.,Promo,Promo_18
You have 4682 reward points expiring on 03 Jul. Redeem on BigBasket.,Promo,Promo_20
Weekend special at BigBasket! Min 10% off on everything. Don't miss out: bit.ly/kzvmzV T&C apply,Promo,Promo_6
Congratulations! You won Rs.1219790 in lucky draw. Claim: bit.ly/AocfGw,Spam,Hard_12
Your  Jio pack expires tomorrow. Recharge with Rs.1594 for 3GB/day + unlimited calls.,Promo,Promo_10
RS.58225 CREDITED TO A/C XX4248 ON 06-03-26. AVL BAL: RS.246250. -PNB,Bank,Bank_1
EMI of Rs.13866 due on 21-01-26 for loan A/c XX6077. Pay now to avoid charges. -ICICI Bank,Bank,Bank_4
OTP for delivery of order OD2995119532 is 9511. Share only with the delivery agent. -Delhivery,Delivery,Delivery_9
Your Zomato order OD6733454124 has been shipped via Ekart. Track: bit.ly/yqleHL,Delivery,Delivery_0
You have 130 reward points expiring on 03 Jul. Redeem on Meesho.,Promo,Promo_20
Cheque no. 398711270108 for Rs.16553 has been cleared from A/c XX7341. -HDFC Bank,Bank,Bank_8
Pre-approved! Get a HDFC Bank credit card with Rs.346035 limit. Zero joining fee. Apply: bit.ly/slNlcB,Promo,Promo_14
Use 476639 to complete your Flipkart registration. Valid till 5 mins.,OTP,OTP_4
Items in your order history are back in stock at Meesho. Prices start INR 598.,Promo,Promo_23
KYC  update pending for A/c XX7323. Please visit your nearest BOB branch by 23-02-26 to avoid restrictions.,Bank,Bank_12
Confirmation code 110509 for Flipkart Keep it private,OTP,OTP_11
Enter 695076 to verify your mobile number for PhonePe.,OTP,OTP_10
Paytm: 293346 is your login OTP. It expires in 5 minutes.,OTP,OTP_6
OTP: 929569 for txn of Rs.36578 at Axis Bank. Do not share. -Axis Bank,OTP,OTP_2
799606 is your SBI security code. Anyone asking for it is a scammer.,OTP,OTP_9
Salary of Rs.39178 credited to A/c XX5837. Avl Bal: Rs.207615. -Kotak,Bank,Bank_7
Your Myntra membership expires soon. Renew now & save 20%: bit.ly/JMkXEi STOP to opt out,Promo,Promo_9
Ur account statement for July is available. Download from the ICICI Bank app.,Bank,Bank_16
Your order OD9558451403 from Myntra is arriving tomorrow. Keep Rs.4652 ready for COD.,Delivery,Delivery_3
Pay Rs.3120 on delivery for order OD507741207 -DTDC,Delivery,Hard_10
EMI of Rs.16905 due on 03-06-26 for loan A/c XX2289. Pay now to avoid charges. -Axis Bank -TM,Bank,Bank_4
Auto-pay of Rs.48797 to Zayyan is scheduled on 27-03-26 from A/c XX7327. Ensure sufficient balance.,Bank,Bank_13
Enter 870997 to verify your mobile number for Flipkart,OTP,OTP_10
Enter 986980 to verify your mobile number for SBI.,OTP,OTP_10
969970 is your verification code for PhonePe. Never share your OTP.,OTP,OTP_3
  Your Uber code: 2488,OTP,Hard_8
Xalak from XpressBees is arriving with your package. Contact: 5670346386,Delivery,Delivery_6
Hungry?  Get 70% off up to Rs.265 on your next 3 orders. Code: EAT56. -Zomato,Promo,Promo_12
Use code 9962 at checkout for 50% off at Flipkart!,Promo,Hard_0
swiggy: your cart misses you! complete purchase now & get 60% off. bit.ly/zbkwwh,Promo,Promo_4
745636 is ur Myntra security code. Anyone asking for it is a scammer.,OTP,OTP_9
Use 232033 to complete your Paytm registration. Valid till 10 mins. T&C apply,OTP,OTP_4
"NEVER SHARE YOUR OTP, PIN OR CVV. ICICI BANK NEVER ASKS FOR THESE. STAY SAFE.",Bank,Hard_3
  Your Hotstar plan renews on 06 Jul at Rs.648. Upgrade to 4K for Rs.401/month.,Promo,Promo_18
Out for delivery: Your Myntra package OD7022249777 will arrive today by 12 PM. -Delhivery,Delivery,Delivery_1
  Delivery attempt failed for order OD2324861392. We will retry tomorrow. -Ekart,Delivery,Delivery_5
exclusive for you! buy 1 get 1 free at zomato. limited period offer. visit bit.ly/gwxruk,Promo,Promo_3
Rs.195 cashback credited to your Paytm wallet. Use on your next order.,Promo,Promo_21
Your Uber code: 2059,OTP,Hard_8
LOW BALANCE ALERT: A/C XX7298 BALANCE IS RS.99696. MAINTAIN MIN BALANCE TO AVOID CHARGES.,Bank,Bank_10
"Never share ur OTP, PIN or CVV. HDFC Bank never asks for these. Stay safe.",Bank,Hard_3
Loved your recent BigBasket order? Reorder in 1 tap and get 30% off today.,Promo,Promo_22
Exclusive for you! Buy 1 Get 1 FREE at BigBasket. Limited period offer. Visit bit.ly/oJUOmq,Promo,Promo_3
Amazon: 815459 is your login OTP. It expires in 10 minutes.,OTP,OTP_6
Amazon: Your cart misses you! Complete purchase now & get 70% off. bit.ly/srnIpD,Promo,Promo_4
Your A/c XX3687 is debited with Rs.26052 on 19-02-26. Info: UPI-Rachit. Bal: Rs.300150,Bank,Bank_2
Data exhausted? Get 3GB extra with Rs.1624 booster pack. Dial *121# or visit app.,Promo,Promo_11
Exclusive for you! Buy 1 Get 1 FREE at Meesho. Limited period offer. Visit bit.ly/QEXMRZ T&C apply,Promo,Promo_3
Recharge with Rs.1943 & get 80% extra talktime. Offer valid today only!,Promo,Promo_5
Weekend  special at Zomato! Min 40% off on everything. Don't miss out: bit.ly/iZtRwT,Promo,Promo_6
575467 is your Zomato security code. Anyone asking for it is a scammer.,OTP,OTP_9
ekart: shipment od4877258087 reached your city hub. expected delivery: 01 jul.,Delivery,Delivery_4
G-78946 is your Google verification code.,OTP,OTP_12
382925 - use this code to sign in to Zomato. Never share it with anyone.,OTP,OTP_7
Your one time password is 639474 for Flipkart. Please do not share it.,OTP,OTP_5
Exclusive for you! Buy 1 Get 1 FREE at Amazon. Limited period offer. Visit bit.ly/kxyRSL,Promo,Promo_3
Enter 789255 to verify ur mobile number for Paytm.,OTP,OTP_10
RS.94574 CREDITED TO A/C XX1052 ON 28-05-26. AVL BAL: RS.221155. -BOB,Bank,Bank_1
Your ICICI Bank code: 95944 T&C apply,OTP,OTP_8
Ur Jio pack expires tomorrow. Recharge with Rs.395 for 1.5GB/day + unlimited calls.,Promo,Promo_10
  Hungry? Get 20% off up to Rs.797 on your next 3 orders. Code: EAT60. -Zomato,Promo,Promo_12
loved your recent swiggy order? reorder in 1 tap and get 40% off today.,Promo,Promo_22
Your Swiggy order OD2345539397 has been shipped via Delhivery. Track: bit.ly/JLAEVw STOP to opt out,Delivery,Delivery_0
Exclusive for you! Buy 1 Get 1 FREE at BigBasket Limited period offer Visit bitly/owcixL,Promo,Promo_3
Swiggy: Free delivery all weekend! Order ur favourites now.,Promo,Promo_13
  Your return pickup for order OD2218261975 is scheduled on 01 Jul. Keep the item ready. -Myntra,Delivery,Delivery_7
189814 is your OTP for Meesho login. Valid for 10 minutes. Do not share with anyone.,OTP,OTP_0
  UPI payment of Rs.63846 to Ethan successful. UPI Ref: 436553626038. -BOB,Bank,Bank_6
Use code 4822 at checkout for 50% off at Zomato!,Promo,Hard_0
Your SBI code: 884894,OTP,OTP_8
hotstar: 990202 is your login otp. it expires in 5 minutes.,OTP,OTP_6
Interest  of Rs.3703 credited to your FD A/c XX3988. -Axis Bank,Bank,Bank_9
  Beware of fraud calls asking for card details. PNB officials never ask for PIN or CVV.,Bank,Bank_15
Interest of Rs.30706 credited to your FD A/c XX1952 -SBI,Bank,Bank_9
IRCTC: SPECIAL TRAINS ADDED FOR FESTIVE SEASON. BOOK EARLY & SAVE UP TO 40%.,Promo,Promo_17
Your  FD of Rs.12857 matures on 09-04-26. Renew or withdraw via netbanking. -BOB,Bank,Bank_14
  Out for delivery: Your Flipkart package OD8523666062 will arrive today by 6 PM. -BlueDart,Delivery,Delivery_1
Salary of Rs.66652 credited to A/c XX2014. Avl Bal: Rs.63506. -Axis Bank,Bank,Bank_7
Flight fares dropped! HYD-MAA from Rs.1791. Book on MakeMyTrip before midnight.,Promo,Promo_16
Auto-pay of Rs.49080 to Chanchal is scheduled on 30-04-26 from A/c XX4139. Ensure sufficient balance.,Bank,Bank_13
Items in your order history are back in stock at Amazon. Prices start Rs.1490.,Promo,Promo_23
Items in ur order history are back in stock at Zomato. Prices start Rs.1625.,Promo,Promo_23
Flipkart Big Billion Days! Up to 40% off + extra 10% with HDFC Bank cards. Hurry! T&C apply,Promo,Promo_1
Salary of Rs.10246 credited to A/c XX5174. Avl Bal: Rs.253470. -SBI,Bank,Bank_7
G-579697 is your Google verification code,OTP,OTP_12
  Delivered! Your Flipkart order OD9844436727 was delivered on 01 Jul. Rate your experience: bit.ly/EAfyqP,Delivery,Delivery_2
Your Myntra order OD8456186492 has been shipped via DTDC Track: bitly/ceGpYl,Delivery,Delivery_0
"Never share your OTP, PIN or CVV. ICICI Bank never asks for these. Stay safe.",Bank,Hard_3
kyc update pending for a/c xx2093. please visit your nearest icici bank branch by 01-06-26 to avoid restrictions.,Bank,Bank_12
Missed our shows? Come back to SonyLIV at 50% off for 3 months. Resubscribe: bit.ly/fyKjtX,Promo,Promo_19
425303 is your OTP for Myntra login. Valid for 15 minutes. Do not share with anyone.,OTP,OTP_0
Exclusive for you! Buy 1 Get 1 FREE at BigBasket. Limited period offer. Visit bit.ly/ljzOrx,Promo,Promo_3
  Flat Rs.1311 cashback on your next order at Meesho. Use code SAVE38. Valid till 03 Jul.,Promo,Promo_2
your return pickup for order od3531285903 is scheduled on 03 jul. keep the item ready. -bigbasket,Delivery,Delivery_7
Flat  Rs.1373 cashback on your next order at Myntra. Use code SAVE40. Valid till 03 Jul.,Promo,Promo_2
Your OTP is 880862 Use it to verify your Kotak account Expires in 2 min,OTP,OTP_1
DELIVERY ATTEMPT FAILED FOR ORDER OD5394722810. WE WILL RETRY TOMORROW. -EKART,Delivery,Delivery_5
USE CODE 3665 AT CHECKOUT FOR 10% OFF AT MYNTRA!,Promo,Hard_0
Salary of Rs.86934 credited to A/c XX9254. Avl Bal: Rs.290451. -SBI -TM,Bank,Bank_7
  402553 is your verification code for Uber. Never share your OTP.,OTP,OTP_3
cheque no. 563963240629 for rs.47275 has been cleared from a/c xx9716. -bob,Bank,Bank_8
Use code 2232 at checkout for 25% off at Flipkart!,Promo,Hard_0
Exclusive for you! Buy 1 Get 1 FREE at Amazon. Limited period offer. Visit bit.ly/oGlmhB STOP to opt out,Promo,Promo_3
Interest of INR 86134 credited to your FD A/c XX5141. -SBI,Bank,Bank_9
Cheque no. 753754629891 for INR 7625 has been cleared from A/c XX5767. -Axis Bank,Bank,Bank_8
738857 is your verification code for SBI. Never share your OTP.,OTP,OTP_3
Enter 508694 to verify your mobile number for Axis Bank.,OTP,OTP_10
  Delivered! Your BigBasket order OD9227655104 was delivered on 01 Jul. Rate your experience: bit.ly/zhSpDR,Delivery,Delivery_2
your a/c xx4100 is debited with rs.83320 on 26-03-26. info: upi-yadavi. bal: rs.260466,Bank,Bank_2
Your  order OD9548045173 from Flipkart is arriving tomorrow. Keep Rs.1563 ready for COD.,Delivery,Delivery_3
Delivery attempt failed for order OD2428434030. We will retry tomorrow. -DTDC,Delivery,Delivery_5
Out for delivery: Your Zomato package OD2400707223 will arrive today by 6 PM. -BlueDart,Delivery,Delivery_1
<#> 861208 is your Swiggy code. Valid 5 min. hA8sk2Lqp3 T&C apply,OTP,OTP_13
Flight fares dropped! DEL-LKO from Rs.1733. Book on Goibibo before midnight.,Promo,Promo_16
YOUR SIM WILL BE DEACTIVATED IN 24HRS. VERIFY AADHAAR: BIT.LY/AYBOXM,Spam,Hard_13
Work from home! Earn Rs.2310152/month Join: bitly/TzReac,Spam,Hard_14
Your one time password is 512940 for Myntra Please do not share it,OTP,OTP_5
Dear customer ur SBI account will be blocked! Update KYC now: bit.ly/ZMBiqr,Spam,Hard_11
Enter 557207 to verify your mobile number for PhonePe.,OTP,OTP_10
Meesho Big Billion Days! Up to 80% off + extra 10% with SBI cards. Hurry!,Promo,Promo_1
EMI of Rs.60895 due on 05-05-26 for loan A/c XX2364. Pay now to avoid charges. -Kotak,Bank,Bank_4
Myntra: Your cart misses you! Complete purchase now & get 30% off. bit.ly/XcgYSw,Promo,Promo_4
Confirmation code 368965 for Amazon. Keep it private.,OTP,OTP_11
  Hungry? Get 10% off up to Rs.1113 on your next 3 orders. Code: EAT60. -Zomato,Promo,Promo_12
Out for delivery: Ur Flipkart package OD6582215156 will arrive today by 12 PM. -XpressBees,Delivery,Delivery_1
EMI of Rs.96118 due on 23-02-26 for loan A/c XX6346. Pay now to avoid charges. -HDFC Bank,Bank,Bank_4
G-269410 is ur Google verification code.,OTP,OTP_12
Delivery attempt failed for order OD1306793719. We will retry tomorrow. -DTDC,Delivery,Delivery_5
Ishita from BlueDart is arriving with your package. Contact: 00258975458,Delivery,Delivery_6
"Hey, my new number is 09198211426. Save it! Meet at tonight?",Personal,Hard_4
Your BigBasket membership expires soon. Renew now & save 30%: bit.ly/hNjXna,Promo,Promo_9
Your  OTP is 964635. Use it to verify your Kotak account. Expires in 5 min.,OTP,OTP_1
Kabir from DTDC is arriving with ur package. Contact: +910637552174,Delivery,Delivery_6
Enter 589764 to verify ur mobile number for Amazon.,OTP,OTP_10
Cheque no. 728628780156 for Rs.49463 has been cleared from A/c XX1201. -HDFC Bank,Bank,Bank_8
  G-957550 is your Google verification code.,OTP,OTP_12
emi of rs.62561 due on 23-02-26 for loan a/c xx6331. pay now to avoid charges. -axis bank,Bank,Bank_4
Coupon 7446 gives you free delivery on orders above Rs.2747. -Zomato,Promo,Hard_1
Work from home! Earn Rs.979014/month Join: bitly/SrPihW,Spam,Hard_14
ICICI  Bank: 134437 is your login OTP. It expires in 5 minutes.,OTP,OTP_6
Confirmation code 873148 for BOB. Keep it private.,OTP,OTP_11
UPI payment of INR 88478 to Rishi successful. UPI Ref: 574300382467. -HDFC Bank,Bank,Bank_6
EMI of Rs.98244 due on 04-03-26 for loan A/c XX7957. Pay now to avoid charges. -HDFC Bank -TM,Bank,Bank_4
"HI QADIM, UNLOCK RS.542 OFF YOUR FIRST ORDER AT MYNTRA WITH CODE NEW71.",Promo,Promo_7
Amazon: 137361 is your login OTP. It expires in 30 minutes.,OTP,OTP_6
Pay Rs.2487 on delivery for order OD434792419. -XpressBees,Delivery,Hard_10
Cheque no. 342451835243 for Rs.53070 has been cleared from A/c XX1014. -HDFC Bank,Bank,Bank_8
Use 938317 to complete your ICICI Bank registration. Valid till 30 mins.,OTP,OTP_4
Your Meesho membership expires soon. Renew now & save 40%: bit.ly/hERxmk,Promo,Promo_9
OTP-based login was enabled for your A/c XX7039. Call ICICI Bank if this wasn't you.,Bank,Hard_2
Confirmation code 581584 for ICICI Bank. Keep it private.,OTP,OTP_11
data exhausted? get 1gb extra with rs.1904 booster pack. dial *121# or visit app.,Promo,Promo_11
Tap  to verify: 278941. This code expires shortly.,OTP,Hard_9
Delivered! Your Flipkart order OD3010525604 was delivered on 04 Jul. Rate your experience: bit.ly/JDHwTK,Delivery,Delivery_2
Out for delivery: Your Myntra package OD9732736982 will arrive today by 3 PM. -Ekart,Delivery,Delivery_1
You have 2411 reward points expiring on 02 Jul. Redeem on Swiggy.,Promo,Promo_20
Your  order OD8804239054 from Zomato is arriving tomorrow. Keep Rs.3820 ready for COD.,Delivery,Delivery_3
Pre-approved! Get a BOB credit card with Rs.286825 limit. Zero joining fee. Apply: bit.ly/mosnFn,Promo,Promo_14
181423 is your OTP for Kotak login. Valid for 30 minutes. Do not share with anyone.,OTP,OTP_0
  Rs.95699 credited to A/c XX9396 on 05-04-26. Avl Bal: Rs.457164. -Axis Bank,Bank,Bank_1
SALARY OF RS.71815 CREDITED TO A/C XX7777. AVL BAL: RS.340076. -HDFC BANK,Bank,Bank_7
BEWARE OF FRAUD CALLS ASKING FOR CARD DETAILS. AXIS BANK OFFICIALS NEVER ASK FOR PIN OR CVV.,Bank,Bank_15
irctc: special trains added for festive season. book early & save up to 80%.,Promo,Promo_17
  EMI of Rs.79044 due on 10-05-26 for loan A/c XX5411. Pay now to avoid charges. -ICICI Bank,Bank,Bank_4
Your credit card XX1539 statement is ready. Total due: INR 62947. Min due: INR 887. -HDFC Bank,Bank,Bank_5
BlueDart:  Shipment OD7312060471 reached your city hub. Expected delivery: 01 Jul.,Delivery,Delivery_4
Low balance alert: A/c XX8783 balance is Rs.348723. Maintain min balance to avoid charges.,Bank,Bank_10
Beware  of fraud calls asking for card details. Kotak officials never ask for PIN or CVV.,Bank,Bank_15
Auto-pay of INR 30873 to Widisha is scheduled on 03-04-26 from A/c XX1797. Ensure sufficient balance.,Bank,Bank_13
Flight  fares dropped! BLR-PNQ from Rs.1487. Book on ixigo before midnight.,Promo,Promo_16
  414436 is your verification code for Meesho. Never share your OTP.,OTP,OTP_3
Your one time password is 181874 for SBI. Please do not share it.,OTP,OTP_5
DELIVERED! YOUR AMAZON ORDER OD9266279195 WAS DELIVERED ON 01 JUL. RATE YOUR EXPERIENCE: BIT.LY/MHEBHN,Delivery,Delivery_2
  ALERT: Rs.72239 withdrawn from ATM using card XX1942 on 18-02-26. Bal: Rs.233835. -BOB,Bank,Bank_3
Out for delivery: Your Meesho package OD9009297248 will arrive today by 3 PM. -BlueDart,Delivery,Delivery_1
Your Swiggy order OD1892222410 has been shipped via BlueDart. Track: bit.ly/CDCJib,Delivery,Delivery_0
Beware of fraud calls asking for card details Kotak officials never ask for PIN or CVV,Bank,Bank_15
Your  order OD2496010897 from Flipkart is arriving tomorrow. Keep Rs.1235 ready for COD.,Delivery,Delivery_3
Your one time password is 315233 for Kotak. Please do not share it.,OTP,OTP_5
"Bro send me INR 865 on gpay, will return by 03 Jul",Personal,Hard_5
"Bro send me Rs.1029 on gpay, will return by 04 Jul",Personal,Hard_5
Your credit card XX6205 statement is ready. Total due: Rs.92808. Min due: Rs.3430. -HDFC Bank,Bank,Bank_5
KYC update pending for A/c XX8145. Please visit your nearest ICICI Bank branch by 04-07-26 to avoid restrictions.,Bank,Bank_12
Rs.88618 credited to A/c XX4166 on 05-05-26. Avl Bal: Rs.100247. -ICICI Bank,Bank,Bank_1
Flight  fares dropped! BLR-MAA from Rs.307. Book on ixigo before midnight.,Promo,Promo_16
Convert your BOB card purchase of Rs.1589 into easy EMIs at 0% interest. Reply YES.,Promo,Promo_15
Rs.13062 debited from A/c XX6737 on 13-01-26 to Yashasvi. Avl Bal: Rs.160552. -PNB,Bank,Bank_0
INR 71467 credited to A/c XX9143 on 26-05-26. Avl Bal: INR 178110. -BOB,Bank,Bank_1
Your HDFC Bank debit card XX4965 has been blocked due to suspicious activity. Visit branch or call 1800-XXX to unblock.,Bank,Bank_11
Order OD5316158931 packed and ready! Expected dispatch by 01 Jul. -BigBasket,Delivery,Delivery_8
Congratulations! You won Rs.1465250 in lucky draw. Claim: bit.ly/ORscuP,Spam,Hard_12
Hungry? Get 70% off up to Rs.966 on your next 3 orders. Code: EAT14. -Zomato,Promo,Promo_12
  615768 is your OTP for SBI login. Valid for 10 minutes. Do not share with anyone.,OTP,OTP_0
Your return pickup for order OD2673023280 is scheduled on 05 Jul. Keep the item ready. -Flipkart,Delivery,Delivery_7
Missed our shows? Come back to Netflix at 50% off for 3 months. Resubscribe: bit.ly/sjgLjY,Promo,Promo_19
"Bro send me Rs.3686 on gpay, will return by 01 Jul",Personal,Hard_5
Last day! BigBasket clearance sale ends tonight. Up to 80% off sitewide.,Promo,Promo_8
Your order OD3554662287 from BigBasket is arriving tomorrow Keep Rs.2527 ready for COD,Delivery,Delivery_3
ALERT: Rs.1316 withdrawn from ATM using card XX6043 on 25-02-26. Bal: Rs.176794. -SBI,Bank,Bank_3
Low balance alert: A/c XX5976 balance is Rs.84565. Maintain min balance to avoid charges.,Bank,Bank_10
UPI  payment of Rs.83758 to Wahab successful. UPI Ref: 583737261502. -SBI,Bank,Bank_6
UPI payment of INR 52266 to Radhika successful. UPI Ref: 600463206336. -SBI,Bank,Bank_6
Your Swiggy code: 889261,OTP,OTP_8
Weekend special at BigBasket! Min 20% off on everything Don't miss out: bitly/BHVyeo,Promo,Promo_6
OUT FOR DELIVERY: YOUR MEESHO PACKAGE OD7447741222 WILL ARRIVE TODAY BY 9 PM. -DTDC,Delivery,Delivery_1
Order OD7099724301 packed and ready! Expected dispatch by 05 Jul. -Zomato,Delivery,Delivery_8
SALARY OF RS.97960 CREDITED TO A/C XX6801. AVL BAL: RS.167787. -HDFC BANK,Bank,Bank_7
Your FD of Rs.20184 matures on 02-06-26. Renew or withdraw via netbanking. -SBI,Bank,Bank_14
Your OTP is 940261. Use it to verify your Amazon account. Expires in 10 min.,OTP,OTP_1
IRCTC: Special trains added for festive season. Book early & save up to 30%. -TM,Promo,Promo_17
Flipkart Big Billion Days! Up to 60% off + extra 10% with HDFC Bank cards. Hurry!,Promo,Promo_1
Coupon 3046 gives you free delivery on orders above Rs.3447. -Swiggy,Promo,Hard_1
Myntra: Your cart misses you! Complete purchase now & get 20% off. bit.ly/OzIIEM,Promo,Promo_4
You have 2055 reward points expiring on 01 Jul. Redeem on Zomato.,Promo,Promo_20
Interest of INR 64981 credited to your FD A/c XX4062. -SBI,Bank,Bank_9
Flat Rs.1849 cashback on your next order at Amazon. Use code SAVE27. Valid till 05 Jul.,Promo,Promo_2
Raghav from BlueDart is arriving with your package. Contact: 8775430345,Delivery,Delivery_6
Convert your Kotak card purchase of INR 1734 into easy EMIs at 0% interest. Reply YES.,Promo,Promo_15
Hungry? Get 20% off up to Rs.288 on your next 3 orders. Code: EAT90. -Zomato STOP to opt out,Promo,Promo_12
"Class shifted to room 6509, come fast STOP to opt out",Personal,Hard_6
last day! swiggy clearance sale ends tonight. up to 30% off sitewide.,Promo,Promo_8
otp for delivery of order od4204443887 is 4828. share only with the delivery agent. -bluedart,Delivery,Delivery_9
"Hey, my new number is +912512176924. Save it! Meet at 8?",Personal,Hard_4
Items in your order history are back in stock at Flipkart Prices start Rs.909,Promo,Promo_23
<#> 163192 is your PhonePe code. Valid 15 min. hA8sk2Lqp3,OTP,OTP_13
DEAR CUSTOMER UR KOTAK ACCOUNT WILL BE BLOCKED! UPDATE KYC NOW: BIT.LY/RNTVFE,Spam,Hard_11
Your Flipkart membership expires soon. Renew now & save 50%: bit.ly/vgRMXX,Promo,Promo_9
Your one time password is 942951 for Paytm. Please do not share it.,OTP,OTP_5
"Hey, my new number is 9850102355. Save it! Meet at tonight? T&C apply",Personal,Hard_4
  Loved your recent Flipkart order? Reorder in 1 tap and get 70% off today.,Promo,Promo_22
Ur Meesho membership expires soon. Renew now & save 10%: bit.ly/ImYojo,Promo,Promo_9
UPI payment of Rs.77949 to Udarsh successful. UPI Ref: 667193796357. -Axis Bank,Bank,Bank_6
Ekart: Shipment OD1294209125 reached your city hub. Expected delivery: 06 Jul.,Delivery,Delivery_4
  Your Zomato code: 994488,OTP,OTP_8
Your Swiggy order OD5340678971 has been shipped via DTDC. Track: bit.ly/esPPUq,Delivery,Delivery_0
"Hi Jai, unlock INR 629 off your first order at Swiggy with code NEW37.",Promo,Promo_7
  224399 is your verification code for Hotstar. Never share your OTP.,OTP,OTP_3
Dear  customer ur BOB account will be blocked! Update KYC now: bit.ly/LMXHHQ,Spam,Hard_11
<#> 748023 is ur Paytm code. Valid 5 min. hA8sk2Lqp3,OTP,OTP_13
49285 is ur Uber security code. Anyone asking for it is a scammer.,OTP,OTP_9
DTDC: Shipment OD9304450309 reached your city hub. Expected delivery: 05 Jul.,Delivery,Delivery_4
Out for delivery: Your BigBasket package OD8085567804 will arrive today by 12 PM -DTDC,Delivery,Delivery_1
UPI payment of Rs.98827 to Ati successful. UPI Ref: 796042788667. -Axis Bank -TM,Bank,Bank_6
Your Amazon membership expires soon. Renew now & save 80%: bit.ly/KgWnUN -TM,Promo,Promo_9
Ur Myntra order OD2505656268 has been shipped via Delhivery. Track: bit.ly/sBTYSJ,Delivery,Delivery_0
Your account statement for July is available. Download from the HDFC Bank app.,Bank,Bank_16
Items in your order history are back in stock at Flipkart Prices start Rs.1128,Promo,Promo_23
Data exhausted? Get 1.5GB extra with Rs.831 booster pack Dial *121# or visit app,Promo,Promo_11
your prime video plan renews on 06 jul at rs.1674. upgrade to 4k for rs.870/month.,Promo,Promo_18
Order OD2738540759 packed and ready! Expected dispatch by 06 Jul -Zomato,Delivery,Delivery_8
Rs.56183 credited to A/c XX9255 on 01-05-26 Avl Bal: Rs.183010 -Axis Bank,Bank,Bank_1
Zomato: Free delivery all weekend! Order your favourites now. STOP to opt out,Promo,Promo_13
351264  - use this code to sign in to PhonePe. Never share it with anyone.,OTP,OTP_7
903803 is your OTP for Netflix login Valid for 30 minutes Do not share with anyone,OTP,OTP_0
Recharge with INR 1172 & get 40% extra talktime. Offer valid today only!,Promo,Promo_5
Use 695985 to complete your BOB registration. Valid till 5 mins.,OTP,OTP_4
Cheque no. 276647492120 for Rs.68657 has been cleared from A/c XX4665. -BOB,Bank,Bank_8
G-965866  is your Google verification code.,OTP,OTP_12
Pay  Rs.436 on delivery for order OD610264055. -BlueDart,Delivery,Hard_10
Loved your recent Swiggy order? Reorder in 1 tap and get 70% off today.,Promo,Promo_22
"Never share your OTP, PIN or CVV. PNB never asks for these. Stay safe.",Bank,Hard_3
  Low balance alert: A/c XX1073 balance is Rs.27899. Maintain min balance to avoid charges.,Bank,Bank_10
INR 1392 cashback credited to your PhonePe wallet. Use on your next order.,Promo,Promo_21
  OTP-based login was enabled for your A/c XX8640. Call BOB if this wasn't you.,Bank,Hard_2
Coupon 3770 gives you free delivery on orders above Rs.3557. -Meesho,Promo,Hard_1
KYC update pending for A/c XX4393. Please visit ur nearest BOB branch by 30-03-26 to avoid restrictions.,Bank,Bank_12
508900 - USE THIS TO SIGN IN. NEVER SHARE THIS CODE WITH ANYONE.,OTP,Hard_7
"Hey, my new number is 1457209100. Save it! Meet at 6pm?",Personal,Hard_4
OTP FOR DELIVERY OF ORDER OD6661625393 IS 9746. SHARE ONLY WITH THE DELIVERY AGENT. -DELHIVERY,Delivery,Delivery_9
UPI payment of Rs.60615 to Sanya successful UPI Ref: 149437214333 -Kotak,Bank,Bank_6
  Your Jio pack expires tomorrow. Recharge with Rs.1808 for 2GB/day + unlimited calls.,Promo,Promo_10
"Class  shifted to room 8145, come fast",Personal,Hard_6
"Bro send me Rs.1523 on gpay, will return by 01 Jul",Personal,Hard_5
<#> 744635 is your BigBasket code. Valid 2 min. hA8sk2Lqp3,OTP,OTP_13
coupon 1717 gives you free delivery on orders above rs.2703. -flipkart,Promo,Hard_1
Tap to verify: 409693. This code expires shortly.,OTP,Hard_9
"hey, my new number is 06816584072. save it! meet at 8?",Personal,Hard_4
  Last day! Amazon clearance sale ends tonight. Up to 20% off sitewide.,Promo,Promo_8
  Your OTP is 844203. Use it to verify your Flipkart account. Expires in 15 min.,OTP,OTP_1
Swiggy: Free delivery all weekend! Order your favourites now.,Promo,Promo_13
"Your PNB health insurance renewal is due 03 Jul. Renew online, save 10% on premium.",Promo,Promo_24
Cheque no. 740249672882 for Rs.21429 has been cleared from A/c XX3665. -HDFC Bank,Bank,Bank_8
Work from home! Earn Rs.629767/month. Join: bit.ly/EBynUT,Spam,Hard_14
Your Airtel pack expires tomorrow. Recharge with Rs.1138 for 3GB/day + unlimited calls.,Promo,Promo_10
DEAR CUSTOMER UR HDFC BANK ACCOUNT WILL BE BLOCKED! UPDATE KYC NOW: BIT.LY/EDGVFI,Spam,Hard_11
EMI of Rs.45322 due on 23-01-26 for loan A/c XX3386. Pay now to avoid charges. -SBI,Bank,Bank_4
OTP: 758404 FOR TXN OF RS.46802 AT FLIPKART. DO NOT SHARE. -ICICI BANK,OTP,OTP_2
IRCTC: Special trains added for festive season. Book early & save up to 60%.,Promo,Promo_17
  Items in your order history are back in stock at Amazon. Prices start Rs.771.,Promo,Promo_23
  Your OTP is 813891. Use it to verify your IRCTC account. Expires in 15 min.,OTP,OTP_1
  Delhivery: Shipment OD9264032487 reached your city hub. Expected delivery: 02 Jul.,Delivery,Delivery_4
YOUR FLIPKART MEMBERSHIP EXPIRES SOON. RENEW NOW & SAVE 50%: BIT.LY/XKVXXS,Promo,Promo_9
YOUR SIM WILL BE DEACTIVATED IN 24HRS. VERIFY AADHAAR: BIT.LY/RQVRUT,Spam,Hard_13
swiggy: 200397 is your login otp. it expires in 5 minutes.,OTP,OTP_6
Low balance alert: A/c XX6328 balance is Rs.422213. Maintain min balance to avoid charges.,Bank,Bank_10
Confirmation code 914516 for Hotstar. Keep it private.,OTP,OTP_11
Ola: 736887 is your login OTP. It expires in 15 minutes.,OTP,OTP_6
Loved your recent Myntra order? Reorder in 1 tap and get 30% off today,Promo,Promo_22
IRCTC: Special trains added for festive season. Book early & save up to 50%.,Promo,Promo_17
delivery attempt failed for order od4871973848. we will retry tomorrow. -xpressbees,Delivery,Delivery_5
  <#> 923175 is your BOB code. Valid 15 min. hA8sk2Lqp3,OTP,OTP_13
556135 - use this code to sign in to Zomato. Never share it with anyone.,OTP,OTP_7
Your A/c XX1168 is debited with Rs.4496 on 05-03-26. Info: UPI-Suhani. Bal: Rs.329463,Bank,Bank_2
Cheque no. 284864292823 for Rs.91609 has been cleared from A/c XX9909. -Kotak,Bank,Bank_8
your fd of rs.82888 matures on 16-04-26. renew or withdraw via netbanking. -bob,Bank,Bank_14
Confirmation  code 207814 for HDFC Bank. Keep it private.,OTP,OTP_11
Dear customer ur SBI account will be blocked! Update KYC now: bit.ly/umaoOa -TM,Spam,Hard_11
Salary of Rs.36583 credited to A/c XX6272. Avl Bal: Rs.60948. -Kotak,Bank,Bank_7
G-838918 is ur Google verification code.,OTP,OTP_12
confirmation code 642762 for myntra. keep it private.,OTP,OTP_11
Your A/c XX2284 is debited with Rs.27489 on 13-06-26. Info: UPI-Henry. Bal: Rs.121886,Bank,Bank_2
MEGA SALE! Get 70% OFF on all products at Flipkart. Shop now: bit.ly/nHRGUz T&C apply.,Promo,Promo_0
  Rs.625 cashback credited to your PhonePe wallet. Use on your next order.,Promo,Promo_21
LAST DAY! BIGBASKET CLEARANCE SALE ENDS TONIGHT. UP TO 80% OFF SITEWIDE.,Promo,Promo_8
"Bro send me Rs.2700 on gpay, will return by 04 Jul",Personal,Hard_5
Order OD6670318625 packed and ready! Expected dispatch by 04 Jul. -Zomato,Delivery,Delivery_8
  Convert your Kotak card purchase of Rs.955 into easy EMIs at 0% interest. Reply YES.,Promo,Promo_15
Beware of fraud calls asking for card details. Kotak officials never ask for PIN or CVV.,Bank,Bank_15
918243 - use this to sign in. Never share this code with anyone.,OTP,Hard_7
  Meesho Big Billion Days! Up to 30% off + extra 10% with SBI cards. Hurry!,Promo,Promo_1
Delivered!  Your Flipkart order OD2698334659 was delivered on 02 Jul. Rate your experience: bit.ly/XKAakf,Delivery,Delivery_2
991884 is your OTP for ICICI Bank login. Valid for 30 minutes. Do not share with anyone.,OTP,OTP_0
KYC UPDATE PENDING FOR A/C XX9184. PLEASE VISIT YOUR NEAREST AXIS BANK BRANCH BY 05-07-26 TO AVOID RESTRICTIONS.,Bank,Bank_12
Congratulations! You won Rs.1481158 in lucky draw. Claim: bit.ly/wISlFR,Spam,Hard_12
"Class shifted to room 5249, come fast",Personal,Hard_6
"Never share your OTP, PIN or CVV. HDFC Bank never asks for these. Stay safe. STOP to opt out",Bank,Hard_3
260945 is your verification code for Kotak. Never share your OTP.,OTP,OTP_3
Delivered! Your Amazon order OD3617676037 was delivered on 01 Jul. Rate your experience: bit.ly/GEFdYa,Delivery,Delivery_2
  Weekend special at Meesho! Min 40% off on everything. Don't miss out: bit.ly/Diyvrt,Promo,Promo_6
ALERT: Rs.57754 withdrawn from ATM using card XX8247 on 11-06-26. Bal: Rs.173217. -ICICI Bank,Bank,Bank_3
Order OD7210509270 packed and ready! Expected dispatch by 02 Jul. -BigBasket,Delivery,Delivery_8
Missed our shows? Come back to Prime Video at 50% off for 3 months. Resubscribe: bit.ly/wzLokZ,Promo,Promo_19
order od7386922337 packed and ready! expected dispatch by 02 jul. -flipkart,Delivery,Delivery_8
Cheque no. 805308939871 for Rs.25901 has been cleared from A/c XX1552. -Axis Bank,Bank,Bank_8
upi payment of rs.99086 to vasatika successful. upi ref: 690448261537. -pnb,Bank,Bank_6
"Never share your OTP, PIN or CVV. Axis Bank never asks for these. Stay safe.",Bank,Hard_3
ENTER 894272 TO VERIFY YOUR MOBILE NUMBER FOR PHONEPE.,OTP,OTP_10
"Hey, my new number is +918650757717. Save it! Meet at noon?",Personal,Hard_4
Rs.546 cashback credited to your Amazon Pay wallet. Use on your next order.,Promo,Promo_21
Flipkart Big Billion Days! Up to 70% off + extra 10% with HDFC Bank cards. Hurry!,Promo,Promo_1
Your Netflix plan renews on 03 Jul at Rs.950. Upgrade to 4K for Rs.788/month.,Promo,Promo_18
INR 37417 debited from A/c XX9845 on 04-01-26 to Anya. Avl Bal: INR 498817. -PNB,Bank,Bank_0
Tap to verify: 755435. This code expires shortly.,OTP,Hard_9
704219 - use this code to sign in to Flipkart. Never share it with anyone.,OTP,OTP_7
YOUR ACCOUNT STATEMENT FOR AUGUST IS AVAILABLE. DOWNLOAD FROM THE HDFC BANK APP.,Bank,Bank_16
YOUR FD OF RS.25927 MATURES ON 22-02-26. RENEW OR WITHDRAW VIA NETBANKING. -SBI,Bank,Bank_14
IRCTC: Special trains added for festive season. Book early & save up to 10%.,Promo,Promo_17
Interest of Rs.27135 credited to your FD A/c XX8932. -HDFC Bank,Bank,Bank_9
"Your Kotak health insurance renewal is due 05 Jul. Renew online, save 30% on premium.",Promo,Promo_24
EMI OF RS.8426 DUE ON 11-06-26 FOR LOAN A/C XX4323. PAY NOW TO AVOID CHARGES. -AXIS BANK,Bank,Bank_4
Exclusive for you! Buy 1 Get 1 FREE at Flipkart. Limited period offer. Visit bit.ly/fVyRHh,Promo,Promo_3
Amazon: 980779 is your login OTP. It expires in 2 minutes.,OTP,OTP_6
  OTP for delivery of order OD9855337060 is 6001. Share only with the delivery agent. -Ekart,Delivery,Delivery_9
Tap to verify: 723319. This code expires shortly.,OTP,Hard_9
Work from home! Earn Rs.1482444/month. Join: bit.ly/glkTpH,Spam,Hard_14
Hungry? Get 80% off up to Rs.1818 on your next 3 orders Code: EAT33 -Zomato,Promo,Promo_12
  Your Uber code: 9433,OTP,Hard_8
kyc update pending for a/c xx5555. please visit your nearest icici bank branch by 26-01-26 to avoid restrictions.,Bank,Bank_12
Confirmation code 237139 for Kotak. Keep it private.,OTP,OTP_11
Flipkart: 222110 is your login OTP. It expires in 5 minutes.,OTP,OTP_6
missed our shows? come back to hotstar at 50% off for 3 months. resubscribe: bit.ly/wdeovx,Promo,Promo_19
Items  in your order history are back in stock at Flipkart. Prices start Rs.209.,Promo,Promo_23
Out for delivery: Your Amazon package OD9240993754 will arrive today by 6 PM. -DTDC,Delivery,Delivery_1
Rs.292 cashback credited to your Paytm wallet. Use on your next order. STOP to opt out,Promo,Promo_21
Your Uber code: 4721,OTP,Hard_8
Flat Rs.1275 cashback on your next order at Myntra Use code SAVE80 Valid till 05 Jul,Promo,Promo_2
Zomato: Free delivery all weekend! Order your favourites now.,Promo,Promo_13
  Out for delivery: Your Zomato package OD1825881545 will arrive today by 12 PM. -Ekart,Delivery,Delivery_1
IRCTC: Special trains added for festive season. Book early & save up to 30%.,Promo,Promo_17
Cheque no. 833140946055 for Rs.66354 has been cleared from A/c XX4570. -BOB,Bank,Bank_8
19978 - use this code to sign in to ICICI Bank. Never share it with anyone.,OTP,OTP_7
"  Bro send me Rs.2394 on gpay, will return by 01 Jul",Personal,Hard_5
  Beware of fraud calls asking for card details. SBI officials never ask for PIN or CVV.,Bank,Bank_15
Your Myntra order OD5751909018 has been shipped via BlueDart. Track: bit.ly/XaBXVt,Delivery,Delivery_0
Loved your recent Amazon order? Reorder in 1 tap and get 40% off today.,Promo,Promo_22
Your PNB debit card XX6360 has been blocked due to suspicious activity. Visit branch or call 1800-XXX to unblock.,Bank,Bank_11
Kotak: 207158 is your login OTP. It expires in 2 minutes.,OTP,OTP_6
salary of rs.80903 credited to a/c xx2683. avl bal: rs.123232. -pnb,Bank,Bank_7
hungry? get 70% off up to rs.1190 on your next 3 orders. code: eat30. -swiggy,Promo,Promo_12
congratulations! you won rs.230883 in lucky draw. claim: bit.ly/yyvfkx,Spam,Hard_12
Low  balance alert: A/c XX4439 balance is Rs.465127. Maintain min balance to avoid charges.,Bank,Bank_10
Your PNB debit card XX6470 has been blocked due to suspicious activity. Visit branch or call 1800-XXX to unblock.,Bank,Bank_11
your credit card xx3444 statement is ready. total due: rs.59863. min due: rs.810. -sbi,Bank,Bank_5
<#>  286086 is your ICICI Bank code. Valid 30 min. hA8sk2Lqp3,OTP,OTP_13
Enter 273564 to verify your mobile number for Netflix. STOP to opt out,OTP,OTP_10
Confirmation code 893124 for Hotstar. Keep it private.,OTP,OTP_11
Rs.654 cashback credited to your Amazon Pay wallet. Use on your next order.,Promo,Promo_21
Uber:  910185 is your login OTP. It expires in 10 minutes.,OTP,OTP_6
Weekend  special at Myntra! Min 10% off on everything. Don't miss out: bit.ly/okGjuS,Promo,Promo_6
DEAR CUSTOMER UR HDFC BANK ACCOUNT WILL BE BLOCKED! UPDATE KYC NOW: BIT.LY/QZVVJO,Spam,Hard_11
OTP: 23306 FOR TXN OF RS.26492 AT PAYTM. DO NOT SHARE. -SBI,OTP,OTP_2
UPI  payment of Rs.86271 to Baljiwan successful. UPI Ref: 239998475413. -SBI,Bank,Bank_6
Your Jio pack expires tomorrow. Recharge with INR 630 for 1GB/day + unlimited calls.,Promo,Promo_10
Meesho: Your cart misses you! Complete purchase now & get 30% off. bit.ly/Nhbzdd,Promo,Promo_4
Out  for delivery: Your BigBasket package OD8149601997 will arrive today by 9 PM. -Ekart,Delivery,Delivery_1
  Interest of Rs.92652 credited to your FD A/c XX8433. -Axis Bank,Bank,Bank_9
  Your Airtel pack expires tomorrow. Recharge with Rs.1311 for 3GB/day + unlimited calls.,Promo,Promo_10
Swiggy: Your cart misses you! Complete purchase now & get 30% off bitly/bkYVpm,Promo,Promo_4
Confirmation code 740706 for PhonePe. Keep it private.,OTP,OTP_11
Ur one time password is 314300 for BigBasket. Please do not share it.,OTP,OTP_5
Exclusive for you! Buy 1 Get 1 FREE at BigBasket. Limited period offer. Visit bit.ly/cjPvuC,Promo,Promo_3
Your Swiggy membership expires soon Renew now & save 40%: bitly/SbEvZE,Promo,Promo_9
"  Class shifted to room 1768, come fast",Personal,Hard_6
Confirmation  code 890457 for BigBasket. Keep it private.,OTP,OTP_11
Items in your order history are back in stock at Swiggy. Prices start Rs.1819. T&C apply,Promo,Promo_23
KYC  update pending for A/c XX2959. Please visit your nearest ICICI Bank branch by 10-05-26 to avoid restrictions.,Bank,Bank_12
Your A/c XX8889 is debited with Rs.48589 on 27-05-26. Info: UPI-Veer. Bal: Rs.251629,Bank,Bank_2
Your ICICI Bank debit card XX3233 has been blocked due to suspicious activity. Visit branch or call 1800-XXX to unblock.,Bank,Bank_11
Confirmation  code 481456 for BOB. Keep it private.,OTP,OTP_11
Use 620747 to complete your Kotak registration. Valid till 5 mins.,OTP,OTP_4
Your Zomato membership expires soon. Renew now & save 70%: bit.ly/KrePZO,Promo,Promo_9
BEWARE OF FRAUD CALLS ASKING FOR CARD DETAILS. HDFC BANK OFFICIALS NEVER ASK FOR PIN OR CVV.,Bank,Bank_15
Use 324733 to complete your Myntra registration. Valid till 10 mins. STOP to opt out,OTP,OTP_4
Items  in your order history are back in stock at Amazon. Prices start Rs.823.,Promo,Promo_23
data exhausted? get 2gb extra with rs.1831 booster pack. dial *121# or visit app.,Promo,Promo_11
Use 168723 to complete your Myntra registration. Valid till 10 mins.,OTP,OTP_4
Congratulations! U won Rs.1125128 in lucky draw. Claim: bit.ly/hylUWO,Spam,Hard_12
Weekend special at Flipkart! Min 20% off on everything. Don't miss out: bit.ly/CMRdVS,Promo,Promo_6
227238 is your Myntra security code. Anyone asking for it is a scammer.,OTP,OTP_9
Your Meesho membership expires soon. Renew now & save 10%: bit.ly/oREvSU,Promo,Promo_9
"Bro send me Rs.988 on gpay, will return by 04 Jul",Personal,Hard_5
INTEREST OF RS.9952 CREDITED TO YOUR FD A/C XX9823. -SBI,Bank,Bank_9
<#> 633911 is your Netflix code. Valid 5 min. hA8sk2Lqp3,OTP,OTP_13
"Bro send me Rs.1910 on gpay, will return by 02 Jul",Personal,Hard_5
Your  return pickup for order OD7246223280 is scheduled on 02 Jul. Keep the item ready. -Amazon,Delivery,Delivery_7
Work from home! Earn INR 379036/month. Join: bit.ly/xDkDMz,Spam,Hard_14
  <#> 580264 is your GPay code. Valid 2 min. hA8sk2Lqp3,OTP,OTP_13
Use code 9849 at checkout for 50% off at Amazon!,Promo,Hard_0
Congratulations! U won Rs.104086 in lucky draw. Claim: bit.ly/yuFSEc,Spam,Hard_12
Tap to verify: 696504 This code expires shortly,OTP,Hard_9
Your SonyLIV plan renews on 06 Jul at Rs.935. Upgrade to 4K for Rs.262/month.,Promo,Promo_18
Your order OD8350195416 from Amazon is arriving tomorrow. Keep Rs.1507 ready for COD.,Delivery,Delivery_3
  Your order OD5542591471 from Zomato is arriving tomorrow. Keep Rs.4073 ready for COD.,Delivery,Delivery_3
Low balance alert: A/c XX1546 balance is Rs.457335. Maintain min balance to avoid charges.,Bank,Bank_10
your account statement for july is available. download from the bob app.,Bank,Bank_16
Rs.98952 debited from A/c XX8377 on 30-01-26 to Pushti Avl Bal: Rs.70209 -BOB,Bank,Bank_0
YOUR ACCOUNT STATEMENT FOR JUNE IS AVAILABLE. DOWNLOAD FROM THE SBI APP.,Bank,Bank_16
Ur account statement for July is available. Download from the BOB app.,Bank,Bank_16
COUPON 4770 GIVES YOU FREE DELIVERY ON ORDERS ABOVE RS.1896. -MEESHO,Promo,Hard_1
746002 - use this to sign in. Never share this code with anyone.,OTP,Hard_7
Coupon  7429 gives you free delivery on orders above Rs.3911. -Amazon,Promo,Hard_1
309008 is your verification code for bob. never share your otp.,OTP,OTP_3
Use 338866 to complete ur Netflix registration. Valid till 10 mins.,OTP,OTP_4
  Use code 2081 at checkout for 10% off at Zomato!,Promo,Hard_0
Charvi from Ekart is arriving with your package. Contact: +918116671519,Delivery,Delivery_6
Missed our shows? Come back to SonyLIV at 50% off for 3 months. Resubscribe: bit.ly/HANNaP,Promo,Promo_19
Use code 7987 at checkout for 25% off at BigBasket!,Promo,Hard_0
Delivered! Your Myntra order OD6575973288 was delivered on 06 Jul. Rate your experience: bit.ly/XRlAwM,Delivery,Delivery_2
787217 is your verification code for Swiggy. Never share your OTP.,OTP,OTP_3
  Zomato: Free delivery all weekend! Order your favourites now.,Promo,Promo_13
Delivery attempt failed for order OD6687985823. We will retry tomorrow. -Ekart,Delivery,Delivery_5
  Out for delivery: Your BigBasket package OD3906531598 will arrive today by 12 PM. -DTDC,Delivery,Delivery_1
420964 is your verification code for Ola. Never share your OTP.,OTP,OTP_3
92426 is your verification code for Uber Never share your OTP,OTP,OTP_3
Confirmation code 238305 for Myntra. Keep it private.,OTP,OTP_11
Your order OD7632202176 from Meesho is arriving tomorrow. Keep Rs.3747 ready for COD.,Delivery,Delivery_3
Your one time password is 407971 for BigBasket. Please do not share it. -TM,OTP,OTP_5
Cheque no. 747250895349 for Rs.82160 has been cleared from A/c XX1191. -Kotak,Bank,Bank_8
recharge with rs.798 & get 30% extra talktime. offer valid today only!,Promo,Promo_5
Your account statement for August is available. Download from the PNB app.,Bank,Bank_16
Ira from Delhivery is arriving with your package. Contact: 7292175636,Delivery,Delivery_6
"Your HDFC Bank health insurance renewal is due 02 Jul. Renew online, save 40% on premium. T&C apply",Promo,Promo_24
Hungry? Get 40% off up to Rs.451 on your next 3 orders. Code: EAT85. -Zomato,Promo,Promo_12
Congratulations!  You won Rs.531784 in lucky draw. Claim: bit.ly/djgRvR,Spam,Hard_12
Confirmation code 643203 for Netflix. Keep it private.,OTP,OTP_11
EXCLUSIVE FOR YOU! BUY 1 GET 1 FREE AT BIGBASKET. LIMITED PERIOD OFFER. VISIT BIT.LY/VTCERB,Promo,Promo_3
Abhimanyu from XpressBees is arriving with ur package. Contact: 02712210814,Delivery,Delivery_6
Dear customer ur HDFC Bank account will be blocked! Update KYC now: bit.ly/yMISie,Spam,Hard_11
Work from home! Earn Rs.990745/month. Join: bit.ly/YfeFoJ,Spam,Hard_14
Your Airtel pack expires tomorrow. Recharge with Rs.830 for 1.5GB/day + unlimited calls.,Promo,Promo_10
g-758457 is your google verification code.,OTP,OTP_12
IRCTC: SPECIAL TRAINS ADDED FOR FESTIVE SEASON. BOOK EARLY & SAVE UP TO 40%.,Promo,Promo_17
Congratulations! You won Rs.155583 in lucky draw Claim: bitly/XVHzvb,Spam,Hard_12
  Flight fares dropped! HYD-PNQ from Rs.1305. Book on Goibibo before midnight.,Promo,Promo_16
Salary of Rs.33214 credited to A/c XX2419. Avl Bal: Rs.297929. -ICICI Bank T&C apply,Bank,Bank_7
Flight fares dropped! DEL-MAA from Rs.820 Book on ixigo before midnight,Promo,Promo_16
YOUR ORDER OD5621592513 FROM MYNTRA IS ARRIVING TOMORROW. KEEP RS.1012 READY FOR COD.,Delivery,Delivery_3
Your  Netflix code: 744753,OTP,OTP_8
Pay Rs.4377 on delivery for order OD268943285 -Ekart,Delivery,Hard_10
Your  Myntra code: 26266,OTP,OTP_8
Congratulations! You won INR 1120269 in lucky draw. Claim: bit.ly/QZHwau,Spam,Hard_12
rs.77352 debited from a/c xx5965 on 20-01-26 to dayita. avl bal: rs.209279. -hdfc bank,Bank,Bank_0
SWIGGY: FREE DELIVERY ALL WEEKEND! ORDER YOUR FAVOURITES NOW.,Promo,Promo_13
WEEKEND SPECIAL AT AMAZON! MIN 60% OFF ON EVERYTHING. DON'T MISS OUT: BIT.LY/WRFWMO,Promo,Promo_6
Your  one time password is 866536 for Netflix. Please do not share it.,OTP,OTP_5
AUTO-PAY OF RS.32914 TO CHANCHAL IS SCHEDULED ON 27-04-26 FROM A/C XX6147. ENSURE SUFFICIENT BALANCE.,Bank,Bank_13
Your Flipkart membership expires soon. Renew now & save 70%: bit.ly/OXMPBT,Promo,Promo_9
Your OTP is 338554. Use it to verify your Kotak account. Expires in 30 min. T&C apply,OTP,OTP_1
Delivery attempt failed for order OD6285923231. We will retry tomorrow. -Delhivery T&C apply,Delivery,Delivery_5
emi of rs.36726 due on 05-07-26 for loan a/c xx9312. pay now to avoid charges. -hdfc bank,Bank,Bank_4
Rs.5953 debited from A/c XX9520 on 19-04-26 to Wakeeta. Avl Bal: Rs.455745. -Kotak,Bank,Bank_0
G-104977 IS YOUR GOOGLE VERIFICATION CODE.,OTP,OTP_12
Hungry? Get 20% off up to INR 1184 on your next 3 orders. Code: EAT74. -Zomato,Promo,Promo_12
Your  return pickup for order OD7463138688 is scheduled on 01 Jul. Keep the item ready. -Myntra,Delivery,Delivery_7
Pay Rs.4420 on delivery for order OD866064553. -Delhivery T&C apply,Delivery,Hard_10
Confirmation code 919838 for SBI. Keep it private.,OTP,OTP_11
Coupon 2688 gives you free delivery on orders above Rs.1432. -Zomato -TM,Promo,Hard_1
Pay INR 3077 on delivery for order OD265273798. -Ekart,Delivery,Hard_10
Order OD2461642827 packed and ready! Expected dispatch by 06 Jul. -BigBasket,Delivery,Delivery_8
Confirmation code 140156 for Meesho. Keep it private.,OTP,OTP_11
Use 821344 to complete your Flipkart registration. Valid till 30 mins.,OTP,OTP_4
Data exhausted? Get 1GB extra with Rs.491 booster pack. Dial *121# or visit app.,Promo,Promo_11
"Never share your OTP, PIN or CVV. Kotak never asks for these. Stay safe.",Bank,Hard_3
Ur Uber code: 6846,OTP,Hard_8
Weekend special at Zomato! Min 70% off on everything Don't miss out: bitly/ucboKD,Promo,Promo_6
"Hey, my new number is 3380450130. Save it! Meet at 6pm?",Personal,Hard_4
Auto-pay of Rs.13650 to Matthew is scheduled on 13-01-26 from A/c XX1979. Ensure sufficient balance. T&C apply,Bank,Bank_13
CONVERT YOUR SBI CARD PURCHASE OF RS.54 INTO EASY EMIS AT 0% INTEREST. REPLY YES.,Promo,Promo_15
out for delivery: your zomato package od7716581539 will arrive today by 12 pm. -bluedart,Delivery,Delivery_1
your sim will be deactivated in 24hrs. verify aadhaar: bit.ly/aumfnq,Spam,Hard_13
Your BigBasket code: 310322,OTP,OTP_8
INR 63595 credited to A/c XX5689 on 01-04-26. Avl Bal: INR 431773. -BOB,Bank,Bank_1
Pay Rs.1239 on delivery for order OD125001635 -XpressBees,Delivery,Hard_10
Your Swiggy order OD3641198704 has been shipped via Delhivery. Track: bit.ly/aNHyQt,Delivery,Delivery_0
Rs.70533 debited from A/c XX4317 on 06-07-26 to Pranav. Avl Bal: Rs.189093. -SBI,Bank,Bank_0
Your credit card XX4191 statement is ready. Total due: Rs.81857. Min due: Rs.3020. -Axis Bank STOP to opt out,Bank,Bank_5
<#> 333902 is ur Flipkart code. Valid 30 min. hA8sk2Lqp3,OTP,OTP_13
Order OD5776877638 packed and ready! Expected dispatch by 05 Jul -Myntra,Delivery,Delivery_8
Cheque no. 806012436445 for Rs.61897 has been cleared from A/c XX8388. -Axis Bank,Bank,Bank_8
auto-pay of rs.89532 to nathan is scheduled on 14-05-26 from a/c xx3411. ensure sufficient balance.,Bank,Bank_13
Beware of fraud calls asking for card details. BOB officials never ask for PIN or CVV.,Bank,Bank_15
"Never share your OTP, PIN or CVV. PNB never asks for these. Stay safe.",Bank,Hard_3
Pay Rs.253 on delivery for order OD807295743. -Ekart,Delivery,Hard_10
Your Zomato membership expires soon. Renew now & save 80%: bit.ly/huqAvU,Promo,Promo_9
Your return pickup for order OD2820057254 is scheduled on 04 Jul Keep the item ready -Swiggy,Delivery,Delivery_7
  Items in your order history are back in stock at Zomato. Prices start Rs.477.,Promo,Promo_23
Your return pickup for order OD9200256292 is scheduled on 03 Jul. Keep the item ready. -Zomato STOP to opt out,Delivery,Delivery_7
IRCTC:  340537 is your login OTP. It expires in 5 minutes.,OTP,OTP_6
Congratulations! You won Rs.1766225 in lucky draw. Claim: bit.ly/KhBfYY,Spam,Hard_12
G-106113 is your Google verification code,OTP,OTP_12
Ur one time password is 965804 for HDFC Bank. Please do not share it.,OTP,OTP_5
Salary of Rs.29144 credited to A/c XX8503 Avl Bal: Rs.423777 -Kotak,Bank,Bank_7
Auto-pay of INR 4162 to Tara is scheduled on 13-04-26 from A/c XX2618. Ensure sufficient balance.,Bank,Bank_13
472550 - use this to sign in. never share this code with anyone.,OTP,Hard_7
Your  A/c XX1345 is debited with Rs.72927 on 09-03-26. Info: UPI-Omisha. Bal: Rs.486698,Bank,Bank_2
"Class shifted to room 9200, come fast",Personal,Hard_6
INR 4641 debited from A/c XX3768 on 28-01-26 to Sara. Avl Bal: INR 426402. -Kotak,Bank,Bank_0
BEWARE OF FRAUD CALLS ASKING FOR CARD DETAILS. AXIS BANK OFFICIALS NEVER ASK FOR PIN OR CVV.,Bank,Bank_15
Pre-approved! Get a HDFC Bank credit card with Rs.81055 limit. Zero joining fee. Apply: bit.ly/xzrOOj,Promo,Promo_14
Zomato: Free delivery all weekend! Order your favourites now.,Promo,Promo_13
Loved your recent Amazon order? Reorder in 1 tap and get 20% off today.,Promo,Promo_22
  Your Swiggy order OD1296390366 has been shipped via Delhivery. Track: bit.ly/UlimyB,Delivery,Delivery_0
Auto-pay of Rs.29438 to Nicholas is scheduled on 07-06-26 from A/c XX9013. Ensure sufficient balance.,Bank,Bank_13
Your SIM will be deactivated in 24hrs Verify Aadhaar: bitly/OGdcKK,Spam,Hard_13
309513 - use this code to sign in to Flipkart. Never share it with anyone.,OTP,OTP_7
YOUR ICICI BANK DEBIT CARD XX8098 HAS BEEN BLOCKED DUE TO SUSPICIOUS ACTIVITY. VISIT BRANCH OR CALL 1800-XXX TO UNBLOCK.,Bank,Bank_11
972397 - use this code to sign in to Uber. Never share it with anyone.,OTP,OTP_7
YOUR FD OF RS.98059 MATURES ON 02-03-26. RENEW OR WITHDRAW VIA NETBANKING. -KOTAK,Bank,Bank_14
Enter 220602 to verify your mobile number for BOB.,OTP,OTP_10
KYC update pending for A/c XX3205. Please visit your nearest BOB branch by 17-03-26 to avoid restrictions.,Bank,Bank_12
Weekend special at Swiggy! Min 50% off on everything Don't miss out: bitly/pAnlSe,Promo,Promo_6
Weekend special at BigBasket! Min 20% off on everything. Don't miss out: bit.ly/nNzpTH,Promo,Promo_6
Rs.95477 credited to A/c XX5932 on 01-04-26. Avl Bal: Rs.59077. -ICICI Bank,Bank,Bank_1
Tap to verify: 411240. This code expires shortly.,OTP,Hard_9
Low balance alert: A/c XX6722 balance is Rs.328313. Maintain min balance to avoid charges.,Bank,Bank_10
Interest of Rs.92641 credited to your FD A/c XX2228 -SBI,Bank,Bank_9
INR 98429 debited from A/c XX2052 on 01-02-26 to Onkar. Avl Bal: INR 178753. -SBI,Bank,Bank_0
alert: rs.10023 withdrawn from atm using card xx8621 on 20-02-26. bal: rs.65719. -bob,Bank,Bank_3
Dear customer ur Axis Bank account will be blocked! Update KYC now: bit.ly/NiltsI,Spam,Hard_11
Rs.99745 credited to A/c XX5890 on 18-03-26. Avl Bal: Rs.370444. -BOB,Bank,Bank_1
UPI payment of INR 70870 to Arin successful. UPI Ref: 301797113759. -Axis Bank,Bank,Bank_6
Your order OD2397858433 from Zomato is arriving tomorrow Keep Rs.2503 ready for COD,Delivery,Delivery_3
ALERT: Rs.9272 withdrawn from ATM using card XX6351 on 24-02-26. Bal: Rs.277149. -Kotak,Bank,Bank_3
  Missed our shows? Come back to Prime Video at 50% off for 3 months. Resubscribe: bit.ly/MnngWa,Promo,Promo_19
Loved your recent Amazon order? Reorder in 1 tap and get 70% off today.,Promo,Promo_22
Low balance alert: A/c XX9156 balance is Rs.86352. Maintain min balance to avoid charges.,Bank,Bank_10
"bro send me rs.1529 on gpay, will return by 02 jul",Personal,Hard_5
751168 is your verification code for Kotak. Never share your OTP.,OTP,OTP_3
588790  is your verification code for Paytm. Never share your OTP.,OTP,OTP_3
YOUR ONE TIME PASSWORD IS 356054 FOR UBER. PLEASE DO NOT SHARE IT.,OTP,OTP_5
Auto-pay  of Rs.53319 to Krishna is scheduled on 28-04-26 from A/c XX3832. Ensure sufficient balance.,Bank,Bank_13
your irctc code: 336543,OTP,OTP_8
your phonepe code: 64492,OTP,OTP_8
974619 - use this to sign in. Never share this code with anyone.,OTP,Hard_7
"Never share your OTP, PIN or CVV. Kotak never asks for these. Stay safe.",Bank,Hard_3
UPI payment of Rs.24214 to Krish successful. UPI Ref: 201044932192. -Axis Bank,Bank,Bank_6
Weekend special at Flipkart! Min 80% off on everything Don't miss out: bitly/CoBgmy,Promo,Promo_6
Confirmation code 222515 for BigBasket. Keep it private.,OTP,OTP_11
<#> 208465 is your Hotstar code. Valid 2 min. hA8sk2Lqp3,OTP,OTP_13
Use 819105 to complete ur Netflix registration. Valid till 15 mins.,OTP,OTP_4
RS.536 CASHBACK CREDITED TO YOUR PHONEPE WALLET. USE ON YOUR NEXT ORDER.,Promo,Promo_21
MEGA SALE! Get 20% OFF on all products at Amazon. Shop now: bit.ly/VXgXHb T&C apply. STOP to opt out,Promo,Promo_0
MEGA SALE! Get 20% OFF on all products at BigBasket. Shop now: bit.ly/IflhrN T&C apply.,Promo,Promo_0
742076 is your Myntra security code. Anyone asking for it is a scammer.,OTP,OTP_9
Rs.11760 debited from A/c XX3363 on 20-03-26 to Yashvi. Avl Bal: Rs.50230. -ICICI Bank,Bank,Bank_0
Recharge with Rs.138 & get 10% extra talktime. Offer valid today only!,Promo,Promo_5
Your Zomato code: 967937,OTP,OTP_8
Meesho  Big Billion Days! Up to 30% off + extra 10% with PNB cards. Hurry!,Promo,Promo_1
OTP for delivery of order OD8345615822 is 4761. Share only with the delivery agent. -BlueDart T&C apply,Delivery,Delivery_9
  Delivery attempt failed for order OD3780868726. We will retry tomorrow. -XpressBees,Delivery,Delivery_5
PAYTM: 875622 IS YOUR LOGIN OTP. IT EXPIRES IN 2 MINUTES.,OTP,OTP_6
Work  from home! Earn Rs.1303438/month. Join: bit.ly/qblEFZ,Spam,Hard_14
YOUR FD OF RS.50343 MATURES ON 01-04-26. RENEW OR WITHDRAW VIA NETBANKING. -PNB,Bank,Bank_14
676170 - use this code to sign in to BOB. Never share it with anyone.,OTP,OTP_7
OTP for delivery of order OD4206367199 is 6141. Share only with the delivery agent. -XpressBees,Delivery,Delivery_9
Hungry? Get 70% off up to Rs.1186 on your next 3 orders. Code: EAT47. -Swiggy -TM,Promo,Promo_12
Enter 672168 to verify your mobile number for Axis Bank.,OTP,OTP_10
Loved your recent Myntra order? Reorder in 1 tap and get 40% off today.,Promo,Promo_22
OTP-based login was enabled for your A/c XX1601. Call BOB if this wasn't you.,Bank,Hard_2
244626 is your OTP for Zomato login. Valid for 15 minutes. Do not share with anyone.,OTP,OTP_0
Delivery attempt failed for order OD3341506152. We will retry tomorrow. -Ekart,Delivery,Delivery_5
Flat Rs.1458 cashback on ur next order at Swiggy. Use code SAVE18. Valid till 06 Jul.,Promo,Promo_2
257020 - use this code to sign in to Flipkart. Never share it with anyone.,OTP,OTP_7
Weekend special at Myntra! Min 40% off on everything. Don't miss out: bit.ly/yOBaLQ,Promo,Promo_6
Low balance alert: A/c XX9218 balance is Rs.303643. Maintain min balance to avoid charges.,Bank,Bank_10
Interest of INR 52698 credited to your FD A/c XX9240. -PNB,Bank,Bank_9
Out for delivery: Your Zomato package OD2031714244 will arrive today by 9 PM. -XpressBees,Delivery,Delivery_1
YOUR OTP IS 76750. USE IT TO VERIFY YOUR OLA ACCOUNT. EXPIRES IN 15 MIN.,OTP,OTP_1
769381 is your OTP for BigBasket login. Valid for 10 minutes. Do not share with anyone.,OTP,OTP_0
your fd of rs.92585 matures on 19-03-26. renew or withdraw via netbanking. -bob,Bank,Bank_14
  Your OTP is 573562. Use it to verify your PNB account. Expires in 15 min.,OTP,OTP_1
  Your one time password is 155129 for Ola. Please do not share it.,OTP,OTP_5
Pre-approved!  Get a BOB credit card with Rs.80739 limit. Zero joining fee. Apply: bit.ly/NZXJMv,Promo,Promo_14
interest of rs.98080 credited to your fd a/c xx7746. -sbi,Bank,Bank_9
  <#> 522042 is your SBI code. Valid 2 min. hA8sk2Lqp3,OTP,OTP_13
"Your PNB health insurance renewal is due 04 Jul. Renew online, save 60% on premium.",Promo,Promo_24
266590 is your OTP for Netflix login. Valid for 15 minutes. Do not share with anyone.,OTP,OTP_0
Your OTP is 694048. Use it to verify your Hotstar account. Expires in 10 min.,OTP,OTP_1
Auto-pay of Rs.27512 to Xavier is scheduled on 15-03-26 from A/c XX3122. Ensure sufficient balance.,Bank,Bank_13
Dear  customer ur Axis Bank account will be blocked! Update KYC now: bit.ly/qQumNI,Spam,Hard_11
rs.94616 credited to a/c xx1574 on 12-03-26. avl bal: rs.449662. -hdfc bank,Bank,Bank_1
Rs.13433 debited from A/c XX5861 on 02-01-26 to Chakradev Avl Bal: Rs.230860 -PNB,Bank,Bank_0
Low balance alert: A/c XX6797 balance is Rs.65998 Maintain min balance to avoid charges,Bank,Bank_10
  EMI of Rs.32819 due on 17-02-26 for loan A/c XX2632. Pay now to avoid charges. -SBI,Bank,Bank_4
MISSED OUR SHOWS? COME BACK TO PRIME VIDEO AT 50% OFF FOR 3 MONTHS. RESUBSCRIBE: BIT.LY/LDWOPA,Promo,Promo_19
Isaiah from XpressBees is arriving with your package. Contact: +912504602534,Delivery,Delivery_6
Enter 967181 to verify your mobile number for Swiggy.,OTP,OTP_10
Auto-pay of Rs.4844 to Devika is scheduled on 02-04-26 from A/c XX5085. Ensure sufficient balance. -TM,Bank,Bank_13
KYC update pending for A/c XX6739. Please visit ur nearest ICICI Bank branch by 28-06-26 to avoid restrictions.,Bank,Bank_12
  Items in your order history are back in stock at Myntra. Prices start Rs.1115.,Promo,Promo_23
FLIGHT FARES DROPPED! BLR-MAA FROM RS.304. BOOK ON MAKEMYTRIP BEFORE MIDNIGHT.,Promo,Promo_16
Hungry? Get 50% off up to Rs.618 on your next 3 orders. Code: EAT40. -Swiggy,Promo,Promo_12
"NEVER SHARE YOUR OTP, PIN OR CVV. SBI NEVER ASKS FOR THESE. STAY SAFE.",Bank,Hard_3
Your order OD9697420031 from Zomato is arriving tomorrow. Keep Rs.3334 ready for COD.,Delivery,Delivery_3
Your A/c XX8698 is debited with Rs.34190 on 27-06-26. Info: UPI-Girik. Bal: Rs.54183,Bank,Bank_2
304500 is your verification code for BigBasket. Never share your OTP.,OTP,OTP_3
Your Amazon order OD1092001312 has been shipped via DTDC. Track: bit.ly/DhOkfX,Delivery,Delivery_0
Coupon 6229 gives you free delivery on orders above Rs.1977. -Amazon,Promo,Hard_1
Flight fares dropped! BOM-PNQ from INR 1273. Book on ixigo before midnight.,Promo,Promo_16
Zomato: Free delivery all weekend! Order ur favourites now.,Promo,Promo_13
Auto-pay of Rs.29388 to Urishilla is scheduled on 12-03-26 from A/c XX9714. Ensure sufficient balance.,Bank,Bank_13
Use  823534 to complete your HDFC Bank registration. Valid till 2 mins.,OTP,OTP_4
"Hi Mitesh, unlock INR 362 off your first order at BigBasket with code NEW24.",Promo,Promo_7
Your order OD9986696899 from Zomato is arriving tomorrow. Keep INR 1065 ready for COD.,Delivery,Delivery_3
850698 IS YOUR VERIFICATION CODE FOR UBER. NEVER SHARE YOUR OTP.,OTP,OTP_3
DELIVERED! YOUR ZOMATO ORDER OD5466513049 WAS DELIVERED ON 05 JUL. RATE YOUR EXPERIENCE: BIT.LY/YUEKCQ,Delivery,Delivery_2
Cheque no. 724166630832 for Rs.3895 has been cleared from A/c XX3791. -Axis Bank,Bank,Bank_8
OTP for delivery of order OD6799398007 is 4881. Share only with the delivery agent. -Ekart,Delivery,Delivery_9
Your credit card XX4439 statement is ready Total due: Rs.99542 Min due: Rs.1967 -Kotak,Bank,Bank_5
Your OTP is 660766. Use it to verify your Swiggy account. Expires in 30 min.,OTP,OTP_1
Pay INR 1087 on delivery for order OD352375686. -Ekart,Delivery,Hard_10
"Never share your OTP, PIN or CVV. Axis Bank never asks for these. Stay safe.",Bank,Hard_3
907279 is your OTP for Swiggy login. Valid for 15 minutes. Do not share with anyone.,OTP,OTP_0
flipkart: your cart misses you! complete purchase now & get 60% off. bit.ly/bdjxgn,Promo,Promo_4
"Bro send me Rs.3981 on gpay, will return by 02 Jul T&C apply",Personal,Hard_5
470291 is your Kotak security code. Anyone asking for it is a scammer.,OTP,OTP_9
your credit card xx4599 statement is ready. total due: rs.72764. min due: rs.4597. -icici bank,Bank,Bank_5
  Low balance alert: A/c XX2858 balance is Rs.126898. Maintain min balance to avoid charges.,Bank,Bank_10
Your OTP is 131627. Use it to verify your Axis Bank account. Expires in 10 min.,OTP,OTP_1
Your return pickup for order OD4343833505 is scheduled on 06 Jul. Keep the item ready. -Meesho STOP to opt out,Delivery,Delivery_7
  Last day! Amazon clearance sale ends tonight. Up to 20% off sitewide.,Promo,Promo_8
Auto-pay of Rs.88186 to Fitan is scheduled on 21-01-26 from A/c XX7756. Ensure sufficient balance.,Bank,Bank_13
"Bro send me Rs.261 on gpay, will return by 03 Jul",Personal,Hard_5
  Auto-pay of Rs.80279 to Waida is scheduled on 26-05-26 from A/c XX5942. Ensure sufficient balance.,Bank,Bank_13
"Bro send me Rs.3225 on gpay, will return by 05 Jul",Personal,Hard_5
"Class  shifted to room 5401, come fast",Personal,Hard_6
ALERT: RS.77762 WITHDRAWN FROM ATM USING CARD XX5013 ON 09-02-26. BAL: RS.397628. -ICICI BANK,Bank,Bank_3
Auto-pay of Rs.69655 to Benjamin is scheduled on 30-03-26 from A/c XX5232. Ensure sufficient balance.,Bank,Bank_13
  Exclusive for you! Buy 1 Get 1 FREE at BigBasket. Limited period offer. Visit bit.ly/YjBAbH,Promo,Promo_3
  OTP-based login was enabled for your A/c XX8852. Call SBI if this wasn't you.,Bank,Hard_2
OTP for delivery of order OD1047599057 is 5103. Share only with the delivery agent. -DTDC,Delivery,Delivery_9
  Paytm: 831471 is your login OTP. It expires in 2 minutes.,OTP,OTP_6
Order OD2332046898 packed and ready! Expected dispatch by 04 Jul. -Meesho,Delivery,Delivery_8
Delivery attempt failed for order OD1443447101. We will retry tomorrow. -DTDC,Delivery,Delivery_5
Missed our shows? Come back to Hotstar at 50% off for 3 months. Resubscribe: bit.ly/rHxnNA,Promo,Promo_19
"Hey, my new number is +919395884459. Save it! Meet at 8?",Personal,Hard_4
Your SIM will be deactivated in 24hrs. Verify Aadhaar: bit.ly/YdaYCF,Spam,Hard_13
463701 - use this code to sign in to Flipkart Never share it with anyone,OTP,OTP_7
  Hungry? Get 10% off up to Rs.188 on your next 3 orders. Code: EAT45. -Zomato,Promo,Promo_12
Auto-pay  of Rs.87029 to Noah is scheduled on 29-04-26 from A/c XX7392. Ensure sufficient balance.,Bank,Bank_13
Your SIM will be deactivated in 24hrs. Verify Aadhaar: bit.ly/fuUZBr,Spam,Hard_13
FLIPKART: YOUR CART MISSES YOU! COMPLETE PURCHASE NOW & GET 30% OFF. BIT.LY/NCAMBK,Promo,Promo_4
<#> 242261 is your BigBasket code. Valid 5 min. hA8sk2Lqp3,OTP,OTP_13
EMI of Rs.22592 due on 06-04-26 for loan A/c XX4291. Pay now to avoid charges. -BOB,Bank,Bank_4
"Hey, my new number is +918784147848. Save it! Meet at tonight?",Personal,Hard_4
  Out for delivery: Your Myntra package OD5218562760 will arrive today by 9 PM. -Delhivery,Delivery,Delivery_1
Your BOB debit card XX4087 has been blocked due to suspicious activity. Visit branch or call 1800-XXX to unblock.,Bank,Bank_11
Myntra: Your cart misses you! Complete purchase now & get 60% off. bit.ly/MbJEjq,Promo,Promo_4
pay rs.1783 on delivery for order od593838667. -bluedart,Delivery,Hard_10
YOUR MEESHO ORDER OD6777162567 HAS BEEN SHIPPED VIA XPRESSBEES. TRACK: BIT.LY/NXXIEQ,Delivery,Delivery_0
"Your PNB health insurance renewal is due 04 Jul. Renew online, save 40% on premium.",Promo,Promo_24
OTP  for delivery of order OD9575854088 is 5697. Share only with the delivery agent. -DTDC,Delivery,Delivery_9
Rs.1812 cashback credited to ur Paytm wallet. Use on ur next order.,Promo,Promo_21
  Your Myntra membership expires soon. Renew now & save 80%: bit.ly/rIREAi,Promo,Promo_9
Dear customer ur SBI account will be blocked! Update KYC now: bitly/XlqzIl,Spam,Hard_11
ALERT: Rs.3342 withdrawn from ATM using card XX6682 on 24-06-26. Bal: Rs.389423. -BOB,Bank,Bank_3
  Your one time password is 665869 for BigBasket. Please do not share it.,OTP,OTP_5
Rs.47163 debited from A/c XX3381 on 18-02-26 to Bhavani Avl Bal: Rs.495303 -SBI,Bank,Bank_0
Salary of Rs.32446 credited to A/c XX9165. Avl Bal: Rs.29427. -PNB,Bank,Bank_7
977906 is your verification code for bigbasket. never share your otp.,OTP,OTP_3
95308  is your OTP for Amazon login. Valid for 5 minutes. Do not share with anyone.,OTP,OTP_0
  ALERT: Rs.50497 withdrawn from ATM using card XX5459 on 10-02-26. Bal: Rs.31147. -Axis Bank,Bank,Bank_3
"  Class shifted to room 3604, come fast",Personal,Hard_6
536539 is your hotstar security code. anyone asking for it is a scammer.,OTP,OTP_9
Your ICICI Bank debit card XX9887 has been blocked due to suspicious activity. Visit branch or call 1800-XXX to unblock.,Bank,Bank_11
<#> 356263 is your Ola code. Valid 30 min. hA8sk2Lqp3,OTP,OTP_13
mega sale! get 10% off on all products at flipkart. shop now: bit.ly/nftcgx t&c apply.,Promo,Promo_0
Pre-approved! Get a SBI credit card with Rs.429982 limit Zero joining fee Apply: bitly/ISbsoD,Promo,Promo_14
Your GPay code: 193559,OTP,OTP_8
"Your  SBI health insurance renewal is due 03 Jul. Renew online, save 70% on premium.",Promo,Promo_24
Exclusive for you! Buy 1 Get 1 FREE at Swiggy. Limited period offer. Visit bit.ly/emgONJ,Promo,Promo_3
808089 - use this to sign in. never share this code with anyone.,OTP,Hard_7
Ur credit card XX5998 statement is ready. Total due: Rs.14443. Min due: Rs.3098. -ICICI Bank,Bank,Bank_5
"Bro send me Rs.3841 on gpay, will return by 01 Jul",Personal,Hard_5
Flight fares dropped! HYD-PNQ from Rs.1614. Book on ixigo before midnight.,Promo,Promo_16
BLUEDART: SHIPMENT OD9132660331 REACHED YOUR CITY HUB. EXPECTED DELIVERY: 04 JUL.,Delivery,Delivery_4
"NEVER SHARE YOUR OTP, PIN OR CVV. ICICI BANK NEVER ASKS FOR THESE. STAY SAFE.",Bank,Hard_3
Your  credit card XX9364 statement is ready. Total due: Rs.42688. Min due: Rs.4515. -HDFC Bank,Bank,Bank_5
"Class  shifted to room 6320, come fast",Personal,Hard_6
Weekend special at Swiggy! Min 60% off on everything. Don't miss out: bit.ly/eJHLXy T&C apply,Promo,Promo_6
Exclusive for you! Buy 1 Get 1 FREE at Amazon. Limited period offer. Visit bit.ly/odhdAl,Promo,Promo_3
Interest of Rs.93591 credited to ur FD A/c XX3595. -BOB,Bank,Bank_9
  Your order OD6274597679 from Swiggy is arriving tomorrow. Keep Rs.3592 ready for COD.,Delivery,Delivery_3
"Hi Atharv, unlock Rs.811 off your first order at Swiggy with code NEW10.",Promo,Promo_7
Missed our shows? Come back to Hotstar at 50% off for 3 months. Resubscribe: bit.ly/ulzvKv STOP to opt out,Promo,Promo_19
Use code 9837 at checkout for 50% off at Flipkart!,Promo,Hard_0
Your PhonePe code: 695015,OTP,OTP_8
  Low balance alert: A/c XX9838 balance is Rs.456632. Maintain min balance to avoid charges.,Bank,Bank_10
Your A/c XX6442 is debited with Rs.13351 on 24-02-26. Info: UPI-Faris. Bal: Rs.273056,Bank,Bank_2
Ur credit card XX8918 statement is ready. Total due: Rs.31799. Min due: Rs.3207. -Axis Bank,Bank,Bank_5
Your A/c XX5393 is debited with Rs.18649 on 27-04-26. Info: UPI-Omya. Bal: Rs.438299,Bank,Bank_2
Pre-approved! Get a Axis Bank credit card with Rs.431707 limit Zero joining fee Apply: bitly/mGLkYJ,Promo,Promo_14
EMI of INR 77389 due on 03-06-26 for loan A/c XX8890. Pay now to avoid charges. -PNB,Bank,Bank_4
AUTO-PAY OF RS.7169 TO OMAJA IS SCHEDULED ON 10-03-26 FROM A/C XX5319. ENSURE SUFFICIENT BALANCE.,Bank,Bank_13
INR 47968 debited from A/c XX6787 on 29-01-26 to Mugdha. Avl Bal: INR 405545. -SBI,Bank,Bank_0
Rs.4289 debited from A/c XX3815 on 20-02-26 to Daksh. Avl Bal: Rs.102795. -Axis Bank,Bank,Bank_0
Your  IRCTC code: 178559,OTP,OTP_8
Exclusive for you! Buy 1 Get 1 FREE at Swiggy. Limited period offer. Visit bit.ly/XBPezd,Promo,Promo_3
  EMI of Rs.17051 due on 04-05-26 for loan A/c XX9803. Pay now to avoid charges. -Axis Bank,Bank,Bank_4
Cheque no. 430688205946 for INR 35234 has been cleared from A/c XX1317. -ICICI Bank,Bank,Bank_8
Your order OD5907778817 from Myntra is arriving tomorrow. Keep Rs.4738 ready for COD.,Delivery,Delivery_3
  Your OTP is 460510. Use it to verify your Kotak account. Expires in 2 min.,OTP,OTP_1
Your SIM will be deactivated in 24hrs Verify Aadhaar: bitly/HdKXac,Spam,Hard_13
27938 is your HDFC Bank security code Anyone asking for it is a scammer,OTP,OTP_9
Tap to verify: 287284. This code expires shortly.,OTP,Hard_9
Tap to verify: 883134. This code expires shortly.,OTP,Hard_9
hdfc bank: 521150 is your login otp. it expires in 10 minutes.,OTP,OTP_6
Your one time password is 539079 for Swiggy. Please do not share it.,OTP,OTP_5
MEGA SALE! Get 40% OFF on all products at Myntra. Shop now: bit.ly/yoRNOX T&C apply.,Promo,Promo_0
Cheque no. 973238125827 for Rs.10076 has been cleared from A/c XX8154. -HDFC Bank,Bank,Bank_8
OTP  for delivery of order OD1863737694 is 3437. Share only with the delivery agent. -XpressBees,Delivery,Delivery_9
Delivered!  Your Flipkart order OD5418486743 was delivered on 04 Jul. Rate your experience: bit.ly/wVOPRG,Delivery,Delivery_2
Your order OD3552614624 from Flipkart is arriving tomorrow. Keep Rs.4095 ready for COD. -TM,Delivery,Delivery_3
KYC update pending for A/c XX7377. Please visit your nearest ICICI Bank branch by 10-02-26 to avoid restrictions.,Bank,Bank_12
Auto-pay  of Rs.70407 to Maya is scheduled on 07-01-26 from A/c XX9634. Ensure sufficient balance.,Bank,Bank_13
last day! amazon clearance sale ends tonight. up to 40% off sitewide.,Promo,Promo_8
ALERT: INR 90207 withdrawn from ATM using card XX7084 on 01-07-26. Bal: INR 13164. -BOB,Bank,Bank_3
Confirmation code 255316 for BOB. Keep it private.,OTP,OTP_11
CONGRATULATIONS! YOU WON RS.1989650 IN LUCKY DRAW. CLAIM: BIT.LY/CEQDKE,Spam,Hard_12
Your Uber code: 3639,OTP,Hard_8
Ur return pickup for order OD1152549699 is scheduled on 04 Jul. Keep the item ready. -Amazon,Delivery,Delivery_7
Rs.814 cashback credited to your Amazon Pay wallet. Use on your next order. -TM,Promo,Promo_21
Your Airtel pack expires tomorrow. Recharge with Rs.67 for 3GB/day + unlimited calls. STOP to opt out,Promo,Promo_10
"Bro send me Rs.2071 on gpay, will return by 01 Jul",Personal,Hard_5
Your order OD3438893315 from Meesho is arriving tomorrow. Keep INR 4481 ready for COD.,Delivery,Delivery_3
otp for delivery of order od4702453808 is 5845. share only with the delivery agent. -delhivery,Delivery,Delivery_9
you have 3926 reward points expiring on 05 jul. redeem on zomato.,Promo,Promo_20
Your OTP is 670077. Use it to verify your Meesho account. Expires in 15 min.,OTP,OTP_1
EMI of Rs.3943 due on 25-02-26 for loan A/c XX3840. Pay now to avoid charges. -Kotak,Bank,Bank_4
Interest of Rs.25550 credited to your FD A/c XX1148 -Axis Bank,Bank,Bank_9
Dear customer ur SBI account will be blocked! Update KYC now: bit.ly/kuFFaV,Spam,Hard_11
Out for delivery: Ur Flipkart package OD3068175664 will arrive today by 3 PM. -BlueDart,Delivery,Delivery_1
261059 is your verification code for Meesho. Never share your OTP.,OTP,OTP_3
Ur OTP is 41537. Use it to verify ur PNB account. Expires in 15 min.,OTP,OTP_1
UPI  payment of Rs.97726 to Udant successful. UPI Ref: 946344795916. -SBI,Bank,Bank_6
Beware of fraud calls asking for card details. PNB officials never ask for PIN or CVV.,Bank,Bank_15
"Your ICICI Bank health insurance renewal is due 02 Jul. Renew online, save 30% on premium.",Promo,Promo_24
Order OD6066733012 packed and ready! Expected dispatch by 01 Jul. -BigBasket,Delivery,Delivery_8
Your order OD3119948015 from Zomato is arriving tomorrow. Keep Rs.1362 ready for COD. STOP to opt out,Delivery,Delivery_3
Delivery attempt failed for order OD3982347797. We will retry tomorrow. -XpressBees,Delivery,Delivery_5
Ur BigBasket code: 555483,OTP,OTP_8
  Delivery attempt failed for order OD6448738130. We will retry tomorrow. -BlueDart,Delivery,Delivery_5
  Cheque no. 841454541607 for Rs.85170 has been cleared from A/c XX9209. -PNB,Bank,Bank_8
Enter 504439 to verify your mobile number for Kotak.,OTP,OTP_10
Dear customer ur Axis Bank account will be blocked! Update KYC now: bit.ly/bSyWCx,Spam,Hard_11
your otp is 690298. use it to verify your zomato account. expires in 30 min.,OTP,OTP_1
Your  Ola code: 101504,OTP,OTP_8
"Hey, my new number is +918258011178. Save it! Meet at noon? T&C apply",Personal,Hard_4
YOUR FD OF RS.34735 MATURES ON 04-04-26. RENEW OR WITHDRAW VIA NETBANKING. -BOB,Bank,Bank_14
Flipkart: Ur cart misses you! Complete purchase now & get 50% off. bit.ly/ntcobf,Promo,Promo_4
Your one time password is 300196 for IRCTC. Please do not share it.,OTP,OTP_5
Delivery attempt failed for order OD3485272183. We will retry tomorrow. -XpressBees,Delivery,Delivery_5
Your order OD8036907181 from Amazon is arriving tomorrow. Keep INR 3326 ready for COD.,Delivery,Delivery_3
Use code 4972 at checkout for 10% off at Swiggy!,Promo,Hard_0
OTP: 885341 for txn of Rs.23082 at Swiggy. Do not share. -Kotak,OTP,OTP_2
  569526 is your OTP for Amazon login. Valid for 2 minutes. Do not share with anyone.,OTP,OTP_0
155386 is your otp for netflix login. valid for 10 minutes. do not share with anyone.,OTP,OTP_0
Auto-pay of INR 13443 to Oeshi is scheduled on 20-04-26 from A/c XX3662. Ensure sufficient balance.,Bank,Bank_13
EMI of Rs.87820 due on 10-05-26 for loan A/c XX5991. Pay now to avoid charges. -Axis Bank,Bank,Bank_4
Dear customer ur BOB account will be blocked! Update KYC now: bit.ly/fEwloS T&C apply,Spam,Hard_11
Your credit card XX9371 statement is ready. Total due: Rs.38600. Min due: Rs.1328. -HDFC Bank T&C apply,Bank,Bank_5
Hungry? Get 10% off up to Rs.1089 on your next 3 orders. Code: EAT66. -Zomato,Promo,Promo_12
"Bro send me Rs.4426 on gpay, will return by 04 Jul",Personal,Hard_5
Flat  Rs.601 cashback on your next order at Swiggy. Use code SAVE56. Valid till 02 Jul.,Promo,Promo_2
Work  from home! Earn Rs.180513/month. Join: bit.ly/EwlUBQ,Spam,Hard_14
Dear customer ur SBI account will be blocked! Update KYC now: bit.ly/mncgwI,Spam,Hard_11
Dear customer ur BOB account will be blocked! Update KYC now: bit.ly/cpPJmM,Spam,Hard_11
Zomato: Free delivery all weekend! Order ur favourites now.,Promo,Promo_13
Items  in your order history are back in stock at BigBasket. Prices start Rs.1015.,Promo,Promo_23
Your Airtel pack expires tomorrow Recharge with Rs.196 for 1.5GB/day + unlimited calls,Promo,Promo_10
Your credit card XX8316 statement is ready Total due: Rs.51198 Min due: Rs.4786 -HDFC Bank,Bank,Bank_5
Rs.48103 debited from A/c XX3189 on 26-06-26 to Eta. Avl Bal: Rs.331862. -ICICI Bank,Bank,Bank_0
Your Netflix plan renews on 03 Jul at Rs.967. Upgrade to 4K for Rs.297/month.,Promo,Promo_18
Rs.61831 credited to A/c XX1773 on 06-05-26. Avl Bal: Rs.225722. -Axis Bank,Bank,Bank_1
Missed our shows? Come back to Hotstar at 50% off for 3 months. Resubscribe: bit.ly/ePrysW,Promo,Promo_19
Pay Rs.4221 on delivery for order OD173619123. -XpressBees,Delivery,Hard_10
Rs.51933 debited from A/c XX6803 on 03-04-26 to Prisha Avl Bal: Rs.146213 -ICICI Bank,Bank,Bank_0
  Your Amazon order OD2360417781 has been shipped via Ekart. Track: bit.ly/UgzXOF,Delivery,Delivery_0
Flight fares dropped! BOM-LKO from Rs.1110. Book on Goibibo before midnight.,Promo,Promo_16
Zomato: Your cart misses you! Complete purchase now & get 60% off. bit.ly/WcpOdL,Promo,Promo_4
You have 3171 reward points expiring on 04 Jul. Redeem on Swiggy.,Promo,Promo_20
auto-pay of rs.28908 to riya is scheduled on 24-06-26 from a/c xx3704. ensure sufficient balance.,Bank,Bank_13
Work  from home! Earn Rs.636844/month. Join: bit.ly/yJDpCk,Spam,Hard_14
Your  SIM will be deactivated in 24hrs. Verify Aadhaar: bit.ly/WQlkMd,Spam,Hard_13
Pre-approved! Get a SBI credit card with Rs.235808 limit. Zero joining fee. Apply: bit.ly/rfuDYX STOP to opt out,Promo,Promo_14
Your order OD7070105037 from Flipkart is arriving tomorrow. Keep INR 819 ready for COD.,Delivery,Delivery_3
LOW BALANCE ALERT: A/C XX9755 BALANCE IS RS.263567. MAINTAIN MIN BALANCE TO AVOID CHARGES.,Bank,Bank_10
Rs.61413 debited from A/c XX4575 on 21-05-26 to Luke. Avl Bal: Rs.111202. -SBI,Bank,Bank_0
your return pickup for order od1974278273 is scheduled on 06 jul. keep the item ready. -swiggy,Delivery,Delivery_7
Low balance alert: A/c XX4933 balance is Rs.176639. Maintain min balance to avoid charges.,Bank,Bank_10
Use code 1088 at checkout for 25% off at Myntra!,Promo,Hard_0
Tap to verify: 560252. This code expires shortly.,OTP,Hard_9
  KYC update pending for A/c XX7199. Please visit your nearest BOB branch by 17-01-26 to avoid restrictions.,Bank,Bank_12
Cheque no. 720781576302 for Rs.82677 has been cleared from A/c XX8971. -Kotak,Bank,Bank_8
DTDC: Shipment OD2235517423 reached your city hub Expected delivery: 02 Jul,Delivery,Delivery_4
Items in ur order history are back in stock at Amazon. Prices start Rs.367.,Promo,Promo_23
Recharge with INR 150 & get 40% extra talktime. Offer valid today only!,Promo,Promo_5
  Your order OD8276660510 from Swiggy is arriving tomorrow. Keep Rs.1100 ready for COD.,Delivery,Delivery_3
Swiggy: Free delivery all weekend! Order your favourites now.,Promo,Promo_13
Delivery attempt failed for order OD9857729844 We will retry tomorrow -XpressBees,Delivery,Delivery_5
Dear customer ur BOB account will be blocked! Update KYC now: bit.ly/eByldB STOP to opt out,Spam,Hard_11
763946  is your OTP for SBI login. Valid for 10 minutes. Do not share with anyone.,OTP,OTP_0
OTP: 100729 for txn of Rs.7179 at Paytm. Do not share. -BOB,OTP,OTP_2
"  Never share your OTP, PIN or CVV. ICICI Bank never asks for these. Stay safe.",Bank,Hard_3
Order OD2472233887 packed and ready! Expected dispatch by 06 Jul. -Flipkart,Delivery,Delivery_8
Ur Swiggy order OD9739226957 has been shipped via XpressBees. Track: bit.ly/unnHXN,Delivery,Delivery_0
irctc: special trains added for festive season. book early & save up to 30%.,Promo,Promo_17
Exclusive for you! Buy 1 Get 1 FREE at Flipkart. Limited period offer. Visit bit.ly/IGZQLg,Promo,Promo_3
Order OD5656545569 packed and ready! Expected dispatch by 04 Jul. -Myntra,Delivery,Delivery_8
Rs.45530  credited to A/c XX8260 on 16-03-26. Avl Bal: Rs.27366. -ICICI Bank,Bank,Bank_1
Your Uber code: 7021 STOP to opt out,OTP,Hard_8
Hungry? Get 50% off up to Rs.1754 on your next 3 orders. Code: EAT68. -Swiggy,Promo,Promo_12
OTP: 445384 for txn of Rs.10217 at Kotak. Do not share. -BOB,OTP,OTP_2
Your return pickup for order OD2903274927 is scheduled on 03 Jul. Keep the item ready. -Meesho,Delivery,Delivery_7
Your A/c XX6033 is debited with Rs.74442 on 07-01-26. Info: UPI-Pranit. Bal: Rs.365492,Bank,Bank_2
GPay: 186576 is your login OTP. It expires in 30 minutes.,OTP,OTP_6
Dear customer ur ICICI Bank account will be blocked! Update KYC now: bit.ly/FQWKnW,Spam,Hard_11
Last day! BigBasket clearance sale ends tonight Up to 50% off sitewide,Promo,Promo_8
work from home! earn rs.2426755/month. join: bit.ly/fppulm,Spam,Hard_14
Your one time password is 89292 for Amazon. Please do not share it.,OTP,OTP_5
536241 - use this to sign in. Never share this code with anyone.,OTP,Hard_7
Your Myntra code: 831612,OTP,OTP_8
"Bro send me Rs.3122 on gpay, will return by 05 Jul",Personal,Hard_5
Delivery attempt failed for order OD4013511580. We will retry tomorrow. -Ekart,Delivery,Delivery_5
  Your order OD7644589885 from Meesho is arriving tomorrow. Keep Rs.3824 ready for COD.,Delivery,Delivery_3
Your return pickup for order OD8654754120 is scheduled on 02 Jul. Keep the item ready. -Amazon,Delivery,Delivery_7
your fd of rs.25118 matures on 04-03-26. renew or withdraw via netbanking. -pnb,Bank,Bank_14
Your credit card XX1728 statement is ready. Total due: Rs.50600. Min due: Rs.1014. -SBI,Bank,Bank_5
Zomato: Free delivery all weekend! Order your favourites now.,Promo,Promo_13
25806 - use this code to sign in to ICICI Bank. Never share it with anyone.,OTP,OTP_7
YOUR UBER CODE: 3241,OTP,Hard_8
  Recharge with Rs.1726 & get 40% extra talktime. Offer valid today only!,Promo,Promo_5
Your credit card XX4306 statement is ready. Total due: Rs.50029. Min due: Rs.1392. -Axis Bank T&C apply,Bank,Bank_5
"CLASS SHIFTED TO ROOM 8876, COME FAST",Personal,Hard_6
GPay: 614357 is your login OTP. It expires in 30 minutes.,OTP,OTP_6
Your order OD4864466166 from Zomato is arriving tomorrow Keep Rs.2063 ready for COD,Delivery,Delivery_3
Salary of Rs.78202 credited to A/c XX6387. Avl Bal: Rs.207712. -ICICI Bank,Bank,Bank_7
  OTP for delivery of order OD5414215279 is 6933. Share only with the delivery agent. -BlueDart,Delivery,Delivery_9
You have 4360 reward points expiring on 06 Jul. Redeem on Meesho.,Promo,Promo_20
Delivery attempt failed for order OD6043745204. We will retry tomorrow. -Delhivery,Delivery,Delivery_5
delivery attempt failed for order od6941853203. we will retry tomorrow. -ekart,Delivery,Delivery_5
Pay Rs.725 on delivery for order OD961978624. -DTDC,Delivery,Hard_10
Your A/c XX2355 is debited with Rs.41416 on 10-05-26 Info: UPI-Neha Bal: Rs.319083,Bank,Bank_2
Beware of fraud calls asking for card details. PNB officials never ask for PIN or CVV. STOP to opt out,Bank,Bank_15
  Hungry? Get 60% off up to Rs.1837 on your next 3 orders. Code: EAT50. -Zomato,Promo,Promo_12
Pre-approved! Get a Kotak credit card with Rs.408850 limit. Zero joining fee. Apply: bit.ly/LXPnfv,Promo,Promo_14
OTP: 91151 for txn of Rs.42324 at Hotstar. Do not share. -ICICI Bank,OTP,OTP_2
enter 682883 to verify your mobile number for hotstar.,OTP,OTP_10
  Your return pickup for order OD1981543469 is scheduled on 03 Jul. Keep the item ready. -Myntra,Delivery,Delivery_7
"Hey, my new number is 00579280757. Save it! Meet at noon?",Personal,Hard_4
Exclusive for you! Buy 1 Get 1 FREE at Swiggy. Limited period offer. Visit bit.ly/mdFgid,Promo,Promo_3
Work from home! Earn Rs.1175342/month. Join: bit.ly/qOcsqg,Spam,Hard_14
"Your HDFC Bank health insurance renewal is due 05 Jul. Renew online, save 40% on premium. -TM",Promo,Promo_24
Auto-pay of Rs.75038 to Hemang is scheduled on 03-01-26 from A/c XX4512. Ensure sufficient balance.,Bank,Bank_13
Beware of fraud calls asking for card details. ICICI Bank officials never ask for PIN or CVV.,Bank,Bank_15
Tap to verify: 567363 This code expires shortly,OTP,Hard_9
"Hi Yashodhara, unlock Rs.1873 off your first order at Zomato with code NEW47.",Promo,Promo_7
Auto-pay of Rs.42616 to Mekhala is scheduled on 15-04-26 from A/c XX6293 Ensure sufficient balance,Bank,Bank_13
514101  is your verification code for Axis Bank. Never share your OTP.,OTP,OTP_3
ESHANA FROM XPRESSBEES IS ARRIVING WITH YOUR PACKAGE. CONTACT: 05662104785,Delivery,Delivery_6
Use 760408 to complete your Ola registration. Valid till 30 mins.,OTP,OTP_4
Your OTP is 421012. Use it to verify your PhonePe account. Expires in 15 min.,OTP,OTP_1
Use 133333 to complete ur ICICI Bank registration. Valid till 15 mins.,OTP,OTP_4
124121 IS YOUR PHONEPE SECURITY CODE. ANYONE ASKING FOR IT IS A SCAMMER.,OTP,OTP_9
Your Vi pack expires tomorrow. Recharge with Rs.607 for 1.5GB/day + unlimited calls.,Promo,Promo_10
recharge with rs.936 & get 40% extra talktime. offer valid today only!,Promo,Promo_5
Confirmation code 140920 for PhonePe. Keep it private.,OTP,OTP_11
  683928 is your OTP for HDFC Bank login. Valid for 2 minutes. Do not share with anyone.,OTP,OTP_0
482002  is your SBI security code. Anyone asking for it is a scammer.,OTP,OTP_9
Your Jio pack expires tomorrow. Recharge with Rs.1457 for 2GB/day + unlimited calls.,Promo,Promo_10
Use code 8565 at checkout for 25% off at Myntra!,Promo,Hard_0
Your FD of Rs.96883 matures on 07-02-26. Renew or withdraw via netbanking. -HDFC Bank -TM,Bank,Bank_14
Auto-pay of Rs.22379 to Hamsini is scheduled on 16-04-26 from A/c XX3424 Ensure sufficient balance,Bank,Bank_13
Pre-approved! Get a Kotak credit card with Rs.399499 limit. Zero joining fee. Apply: bit.ly/KEhxPC,Promo,Promo_14
Your return pickup for order OD4588914669 is scheduled on 03 Jul Keep the item ready -Myntra,Delivery,Delivery_7
Delivered! Your Myntra order OD9744345291 was delivered on 04 Jul. Rate your experience: bit.ly/AjEvIp,Delivery,Delivery_2
ORDER OD7524990007 PACKED AND READY! EXPECTED DISPATCH BY 01 JUL. -ZOMATO,Delivery,Delivery_8
Your Prime Video plan renews on 01 Jul at Rs.1826. Upgrade to 4K for Rs.509/month.,Promo,Promo_18
Loved your recent BigBasket order? Reorder in 1 tap and get 40% off today. STOP to opt out,Promo,Promo_22
KYC update pending for A/c XX5350. Please visit your nearest Kotak branch by 30-01-26 to avoid restrictions.,Bank,Bank_12
383135 is your OTP for Ola login Valid for 10 minutes Do not share with anyone,OTP,OTP_0
BlueDart: Shipment OD4716736728 reached your city hub. Expected delivery: 01 Jul.,Delivery,Delivery_4
Last day! Zomato clearance sale ends tonight. Up to 30% off sitewide.,Promo,Promo_8
INR 63712 credited to A/c XX9936 on 26-01-26. Avl Bal: INR 486610. -HDFC Bank,Bank,Bank_1
Last day! BigBasket clearance sale ends tonight. Up to 10% off sitewide.,Promo,Promo_8
INR 31897 debited from A/c XX1105 on 06-05-26 to Michael. Avl Bal: INR 410870. -ICICI Bank,Bank,Bank_0
Data exhausted? Get 1.5GB extra with Rs.1305 booster pack. Dial *121# or visit app.,Promo,Promo_11
Exclusive for you! Buy 1 Get 1 FREE at Amazon. Limited period offer. Visit bit.ly/NxdZPH,Promo,Promo_3
258272 is your OTP for SBI login. Valid for 15 minutes. Do not share with anyone. -TM,OTP,OTP_0
BigBasket: 202012 is your login OTP It expires in 10 minutes,OTP,OTP_6
"BRO SEND ME RS.2532 ON GPAY, WILL RETURN BY 04 JUL",Personal,Hard_5
Amazon: Your cart misses you! Complete purchase now & get 80% off. bit.ly/ctbvmm STOP to opt out,Promo,Promo_4
622465 - use this to sign in. Never share this code with anyone.,OTP,Hard_7
Delivered! Ur Meesho order OD1903983930 was delivered on 06 Jul. Rate ur experience: bit.ly/yaEqNx,Delivery,Delivery_2
Use 218582 to complete your Flipkart registration. Valid till 30 mins.,OTP,OTP_4
missed our shows? come back to prime video at 50% off for 3 months. resubscribe: bit.ly/ztysor,Promo,Promo_19
Your account statement for July is available. Download from the ICICI Bank app.,Bank,Bank_16
ZOMATO: FREE DELIVERY ALL WEEKEND! ORDER YOUR FAVOURITES NOW.,Promo,Promo_13
588273 - use this to sign in. Never share this code with anyone.,OTP,Hard_7
OTP: 368140 for txn of Rs.39346 at Kotak. Do not share. -Axis Bank,OTP,OTP_2
MEGA SALE! Get 80% OFF on all products at BigBasket. Shop now: bit.ly/wMQsUO T&C apply.,Promo,Promo_0
Convert your Axis Bank card purchase of Rs.526 into easy EMIs at 0% interest Reply YES,Promo,Promo_15
IRCTC: Special trains added for festive season Book early & save up to 10%,Promo,Promo_17
Your A/c XX8047 is debited with Rs.68877 on 17-05-26. Info: UPI-Liam. Bal: Rs.291565,Bank,Bank_2
missed our shows? come back to sonyliv at 50% off for 3 months. resubscribe: bit.ly/osprfd,Promo,Promo_19
Missed our shows? Come back to Netflix at 50% off for 3 months. Resubscribe: bit.ly/VcQReU,Promo,Promo_19
otp-based login was enabled for your a/c xx9128. call sbi if this wasn't you.,Bank,Hard_2
Your Amazon order OD6805769101 has been shipped via Delhivery. Track: bit.ly/WlRswN T&C apply,Delivery,Delivery_0
use 629269 to complete your bigbasket registration. valid till 2 mins.,OTP,OTP_4
YOUR HDFC BANK DEBIT CARD XX2807 HAS BEEN BLOCKED DUE TO SUSPICIOUS ACTIVITY. VISIT BRANCH OR CALL 1800-XXX TO UNBLOCK.,Bank,Bank_11
Meesho  Big Billion Days! Up to 30% off + extra 10% with Axis Bank cards. Hurry!,Promo,Promo_1
  IRCTC: Special trains added for festive season. Book early & save up to 80%.,Promo,Promo_17
INR 19051 credited to A/c XX6618 on 30-01-26. Avl Bal: INR 410133. -HDFC Bank,Bank,Bank_1
ALERT: RS.25630 WITHDRAWN FROM ATM USING CARD XX4917 ON 19-04-26. BAL: RS.392427. -AXIS BANK,Bank,Bank_3
Rs.93264 credited to A/c XX2090 on 26-03-26 Avl Bal: Rs.126700 -ICICI Bank,Bank,Bank_1
OTP: 374445 for txn of Rs.41340 at BOB. Do not share. -SBI,OTP,OTP_2
PRE-APPROVED! GET A AXIS BANK CREDIT CARD WITH RS.295641 LIMIT. ZERO JOINING FEE. APPLY: BIT.LY/KMSMPA,Promo,Promo_14
Ekart: Shipment OD2826333650 reached your city hub. Expected delivery: 03 Jul.,Delivery,Delivery_4
Zomato: Free delivery all weekend! Order your favourites now.,Promo,Promo_13
Ur SonyLIV plan renews on 01 Jul at Rs.543. Upgrade to 4K for Rs.580/month.,Promo,Promo_18
Ur Uber code: 5819,OTP,Hard_8
Your A/c XX8720 is debited with Rs.71142 on 28-02-26. Info: UPI-Balhaar. Bal: Rs.494211,Bank,Bank_2
SALARY OF RS.60073 CREDITED TO A/C XX5527. AVL BAL: RS.456252. -ICICI BANK,Bank,Bank_7
  DTDC: Shipment OD6230352120 reached your city hub. Expected delivery: 01 Jul.,Delivery,Delivery_4
Your A/c XX1930 is debited with INR 75662 on 17-06-26. Info: UPI-Aarav. Bal: INR 279224,Bank,Bank_2
Your account statement for June is available. Download from the BOB app.,Bank,Bank_16
Interest of INR 13335 credited to your FD A/c XX1873. -Kotak,Bank,Bank_9
"Hey, my new number is 02107027544. Save it! Meet at noon?",Personal,Hard_4
Amazon: Your cart misses you! Complete purchase now & get 70% off. bit.ly/jPqbOU,Promo,Promo_4
EMI of Rs.68863 due on 17-06-26 for loan A/c XX1070. Pay now to avoid charges. -ICICI Bank,Bank,Bank_4
"Class  shifted to room 2396, come fast",Personal,Hard_6
"bro send me rs.2917 on gpay, will return by 02 jul",Personal,Hard_5
660259 IS YOUR BOB SECURITY CODE. ANYONE ASKING FOR IT IS A SCAMMER.,OTP,OTP_9
ITEMS IN YOUR ORDER HISTORY ARE BACK IN STOCK AT MYNTRA. PRICES START RS.400.,Promo,Promo_23
low balance alert: a/c xx2975 balance is rs.373972. maintain min balance to avoid charges.,Bank,Bank_10
YOUR RETURN PICKUP FOR ORDER OD9732628307 IS SCHEDULED ON 06 JUL. KEEP THE ITEM READY. -MEESHO,Delivery,Delivery_7
  Your Uber code: 9790,OTP,Hard_8
Auto-pay of Rs.63764 to Viraj is scheduled on 24-03-26 from A/c XX2260 Ensure sufficient balance,Bank,Bank_13
Work from home! Earn Rs.1709060/month. Join: bit.ly/LLnVrg,Spam,Hard_14
Dear customer ur ICICI Bank account will be blocked! Update KYC now: bit.ly/LVfYeT,Spam,Hard_11
898629 is your verification code for Hotstar. Never share your OTP.,OTP,OTP_3
Flipkart: Ur cart misses you! Complete purchase now & get 10% off. bit.ly/RIMtVe,Promo,Promo_4
Low  balance alert: A/c XX3783 balance is Rs.331027. Maintain min balance to avoid charges.,Bank,Bank_10
Work from home! Earn Rs.490105/month. Join: bit.ly/CtlAzm,Spam,Hard_14
Exclusive for you! Buy 1 Get 1 FREE at Flipkart. Limited period offer. Visit bit.ly/TLsDHG,Promo,Promo_3
YOUR CREDIT CARD XX5731 STATEMENT IS READY. TOTAL DUE: RS.41250. MIN DUE: RS.1672. -AXIS BANK,Bank,Bank_5
Enter 934811 to verify your mobile number for PhonePe.,OTP,OTP_10
<#> 792333 is your Uber code Valid 2 min hA8sk2Lqp3,OTP,OTP_13
Interest  of Rs.21843 credited to your FD A/c XX7213. -SBI,Bank,Bank_9
Pay Rs.4686 on delivery for order OD141833958. -Ekart,Delivery,Hard_10
Abeer from Delhivery is arriving with your package. Contact: 08913223680,Delivery,Delivery_6
DELIVERY ATTEMPT FAILED FOR ORDER OD9616311347. WE WILL RETRY TOMORROW. -DELHIVERY,Delivery,Delivery_5
Dear  customer ur ICICI Bank account will be blocked! Update KYC now: bit.ly/Kctnvt,Spam,Hard_11
Data exhausted? Get 1GB extra with Rs.1932 booster pack. Dial *121# or visit app.,Promo,Promo_11
Ur one time password is 981655 for BOB. Please do not share it.,OTP,OTP_5
Dear customer ur PNB account will be blocked! Update KYC now: bit.ly/YorATd,Spam,Hard_11
944239 is your verification code for Uber. Never share your OTP.,OTP,OTP_3
MEGA SALE! Get 40% OFF on all products at Swiggy. Shop now: bit.ly/GPvRbK T&C apply.,Promo,Promo_0
your airtel pack expires tomorrow. recharge with rs.688 for 1gb/day + unlimited calls.,Promo,Promo_10
YOUR ORDER OD8024892727 FROM MEESHO IS ARRIVING TOMORROW. KEEP RS.3322 READY FOR COD.,Delivery,Delivery_3
<#> 725754 IS YOUR BOB CODE. VALID 2 MIN. HA8SK2LQP3,OTP,OTP_13
KYC update pending for A/c XX9298 Please visit your nearest ICICI Bank branch by 12-01-26 to avoid restrictions,Bank,Bank_12
Your FD of Rs.38599 matures on 26-02-26. Renew or withdraw via netbanking. -PNB,Bank,Bank_14
Exclusive for you! Buy 1 Get 1 FREE at Swiggy. Limited period offer. Visit bit.ly/DbIHOq,Promo,Promo_3
TAP TO VERIFY: 417002. THIS CODE EXPIRES SHORTLY.,OTP,Hard_9
Convert  your Axis Bank card purchase of Rs.394 into easy EMIs at 0% interest. Reply YES.,Promo,Promo_15
Rs.18645 credited to A/c XX8651 on 01-03-26. Avl Bal: Rs.409074. -ICICI Bank,Bank,Bank_1
Delivery attempt failed for order OD3910907572. We will retry tomorrow. -XpressBees,Delivery,Delivery_5
Your one time password is 504948 for GPay Please do not share it,OTP,OTP_5
"Hey, my new number is +913533649520. Save it! Meet at 6pm?",Personal,Hard_4
Missed our shows? Come back to Prime Video at 50% off for 3 months. Resubscribe: bit.ly/tkaDea,Promo,Promo_19
data exhausted? get 3gb extra with rs.1597 booster pack. dial *121# or visit app.,Promo,Promo_11
KYC  update pending for A/c XX7418. Please visit your nearest Axis Bank branch by 04-01-26 to avoid restrictions.,Bank,Bank_12
Data exhausted? Get 3GB extra with Rs.55 booster pack. Dial *121# or visit app.,Promo,Promo_11
"Hey, my new number is 00988912845. Save it! Meet at 8?",Personal,Hard_4
Auto-pay of Rs.92434 to Jai is scheduled on 01-02-26 from A/c XX7624. Ensure sufficient balance.,Bank,Bank_13
Your  Uber code: 1328,OTP,Hard_8
Confirmation code 613908 for Meesho. Keep it private.,OTP,OTP_11
280297 is your Myntra security code. Anyone asking for it is a scammer. -TM,OTP,OTP_9
SALARY OF RS.57804 CREDITED TO A/C XX2259. AVL BAL: RS.482842. -HDFC BANK,Bank,Bank_7
"BRO SEND ME RS.4525 ON GPAY, WILL RETURN BY 02 JUL",Personal,Hard_5
Out for delivery: Your Flipkart package OD9103098174 will arrive today by 3 PM. -DTDC,Delivery,Delivery_1
KYC  update pending for A/c XX7876. Please visit your nearest ICICI Bank branch by 02-02-26 to avoid restrictions.,Bank,Bank_12
Exclusive for you! Buy 1 Get 1 FREE at Swiggy. Limited period offer. Visit bit.ly/VFVPZV,Promo,Promo_3
CONVERT YOUR AXIS BANK CARD PURCHASE OF RS.440 INTO EASY EMIS AT 0% INTEREST. REPLY YES.,Promo,Promo_15
Your Jio pack expires tomorrow. Recharge with INR 983 for 1GB/day + unlimited calls.,Promo,Promo_10
Delivery attempt failed for order OD7101735176. We will retry tomorrow. -Ekart,Delivery,Delivery_5
Beware of fraud calls asking for card details. SBI officials never ask for PIN or CVV. -TM,Bank,Bank_15
Your return pickup for order OD9505790181 is scheduled on 04 Jul Keep the item ready -BigBasket,Delivery,Delivery_7
CHEQUE NO. 670752098858 FOR RS.62214 HAS BEEN CLEARED FROM A/C XX5580. -KOTAK,Bank,Bank_8
your meesho code: 358582,OTP,OTP_8
YOUR BIGBASKET MEMBERSHIP EXPIRES SOON. RENEW NOW & SAVE 50%: BIT.LY/MDYOYY,Promo,Promo_9
"  Class shifted to room 8921, come fast",Personal,Hard_6
Cheque no. 474178279238 for Rs.45734 has been cleared from A/c XX3502. -SBI,Bank,Bank_8
Your HDFC Bank code: 913646,OTP,OTP_8
YOUR OTP IS 645182. USE IT TO VERIFY YOUR OLA ACCOUNT. EXPIRES IN 5 MIN.,OTP,OTP_1
FLAT RS.1627 CASHBACK ON YOUR NEXT ORDER AT MYNTRA. USE CODE SAVE63. VALID TILL 02 JUL.,Promo,Promo_2
"Bro send me Rs.3826 on gpay, will return by 02 Jul",Personal,Hard_5
648255 is your OTP for Kotak login. Valid for 15 minutes. Do not share with anyone.,OTP,OTP_0
879527  is your OTP for BigBasket login. Valid for 15 minutes. Do not share with anyone.,OTP,OTP_0
RS.601 CASHBACK CREDITED TO YOUR PAYTM WALLET. USE ON YOUR NEXT ORDER.,Promo,Promo_21
54258 is your ICICI Bank security code. Anyone asking for it is a scammer.,OTP,OTP_9
BlueDart: Shipment OD5081779611 reached your city hub. Expected delivery: 04 Jul.,Delivery,Delivery_4
Your FD of Rs.89557 matures on 29-06-26. Renew or withdraw via netbanking. -Axis Bank,Bank,Bank_14
Your  HDFC Bank debit card XX3334 has been blocked due to suspicious activity. Visit branch or call 1800-XXX to unblock.,Bank,Bank_11
Auto-pay of INR 28651 to Ladli is scheduled on 09-04-26 from A/c XX7279. Ensure sufficient balance.,Bank,Bank_13
<#> 489745 is your BOB code. Valid 15 min. hA8sk2Lqp3,OTP,OTP_13
Your Vi pack expires tomorrow. Recharge with Rs.1327 for 3GB/day + unlimited calls.,Promo,Promo_10
Your Uber code: 1245,OTP,Hard_8
Confirmation  code 542677 for IRCTC. Keep it private.,OTP,OTP_11
KYC  update pending for A/c XX6308. Please visit your nearest PNB branch by 10-01-26 to avoid restrictions.,Bank,Bank_12
Order  OD1727278831 packed and ready! Expected dispatch by 02 Jul. -Swiggy,Delivery,Delivery_8
"Bro send me Rs.3229 on gpay, will return by 06 Jul",Personal,Hard_5
Enter 711422 to verify your mobile number for Axis Bank.,OTP,OTP_10
Out for delivery: Your Swiggy package OD7478944919 will arrive today by 3 PM. -BlueDart,Delivery,Delivery_1
emi of rs.54429 due on 20-01-26 for loan a/c xx4045. pay now to avoid charges. -bob,Bank,Bank_4
Use code 3215 at checkout for 25% off at Meesho!,Promo,Hard_0
DELIVERED! YOUR MYNTRA ORDER OD6775404540 WAS DELIVERED ON 02 JUL. RATE YOUR EXPERIENCE: BIT.LY/MTQLAR,Delivery,Delivery_2
"Hi Gautam, unlock Rs.321 off ur first order at BigBasket with code NEW83.",Promo,Promo_7
"HI MAHIKA, UNLOCK RS.902 OFF YOUR FIRST ORDER AT AMAZON WITH CODE NEW37.",Promo,Promo_7
YOUR ORDER OD6163091076 FROM SWIGGY IS ARRIVING TOMORROW. KEEP RS.2161 READY FOR COD.,Delivery,Delivery_3
Pre-approved! Get a SBI credit card with Rs.372180 limit. Zero joining fee. Apply: bit.ly/naaSYf,Promo,Promo_14
"Hi Chaman, unlock Rs.954 off your first order at Flipkart with code NEW90.",Promo,Promo_7
OTP:  418405 for txn of Rs.21991 at Myntra. Do not share. -SBI,OTP,OTP_2
Auto-pay  of Rs.3458 to Tejas is scheduled on 07-02-26 from A/c XX9796. Ensure sufficient balance.,Bank,Bank_13
  Confirmation code 503087 for Amazon. Keep it private.,OTP,OTP_11
Enter 427083 to verify your mobile number for ICICI Bank.,OTP,OTP_10
"Class shifted to room 1463, come fast -TM",Personal,Hard_6
"Never share your OTP, PIN or CVV. ICICI Bank never asks for these. Stay safe.",Bank,Hard_3
Loved your recent Myntra order? Reorder in 1 tap and get 20% off today.,Promo,Promo_22
KYC update pending for A/c XX1216 Please visit your nearest ICICI Bank branch by 08-02-26 to avoid restrictions,Bank,Bank_12
rs.82989 credited to a/c xx3422 on 01-04-26. avl bal: rs.484706. -pnb,Bank,Bank_1
OTP-based login was enabled for ur A/c XX6857. Call Axis Bank if this wasn't you.,Bank,Hard_2
674639 is your GPay security code. Anyone asking for it is a scammer.,OTP,OTP_9
685762 - use this to sign in Never share this code with anyone,OTP,Hard_7
"  Hey, my new number is 00456839880. Save it! Meet at noon?",Personal,Hard_4
320646 is your verification code for pnb. never share your otp.,OTP,OTP_3
IRCTC: Special trains added for festive season. Book early & save up to 40%.,Promo,Promo_17
IRCTC: Special trains added for festive season. Book early & save up to 20%. STOP to opt out,Promo,Promo_17
Rs.42245 debited from A/c XX7954 on 17-01-26 to Ethan. Avl Bal: Rs.2498. -PNB,Bank,Bank_0
BOB: 897367 is your login OTP. It expires in 10 minutes.,OTP,OTP_6
OTP-BASED LOGIN WAS ENABLED FOR YOUR A/C XX6963. CALL HDFC BANK IF THIS WASN'T YOU.,Bank,Hard_2
277808 is your Zomato security code. Anyone asking for it is a scammer.,OTP,OTP_9
  Use 126761 to complete your Uber registration. Valid till 15 mins.,OTP,OTP_4
Loved your recent Meesho order? Reorder in 1 tap and get 40% off today.,Promo,Promo_22
"Never share ur OTP, PIN or CVV. Axis Bank never asks for these. Stay safe.",Bank,Hard_3
"Hi Ganga, unlock Rs.1064 off your first order at Swiggy with code NEW71",Promo,Promo_7
  Coupon 9924 gives you free delivery on orders above Rs.3067. -Flipkart,Promo,Hard_1
Congratulations! You won Rs.2393212 in lucky draw. Claim: bit.ly/RZPhlv,Spam,Hard_12
Your A/c XX1744 is debited with INR 91950 on 01-04-26. Info: UPI-Harish. Bal: INR 400157,Bank,Bank_2
enter 150612 to verify your mobile number for meesho.,OTP,OTP_10
Ur order OD3590675940 from Zomato is arriving tomorrow. Keep Rs.447 ready for COD.,Delivery,Delivery_3
Interest of INR 84829 credited to your FD A/c XX5620. -Axis Bank,Bank,Bank_9
  Work from home! Earn Rs.50138/month. Join: bit.ly/Nqskpo,Spam,Hard_14
891653 - use this code to sign in to IRCTC. Never share it with anyone.,OTP,OTP_7
your uber code: 4110,OTP,Hard_8
Your OTP is 897226. Use it to verify your ICICI Bank account. Expires in 10 min.,OTP,OTP_1
Dear customer ur PNB account will be blocked! Update KYC now: bit.ly/YwNMTh,Spam,Hard_11
HUNGRY? GET 70% OFF UP TO RS.258 ON YOUR NEXT 3 ORDERS. CODE: EAT12. -ZOMATO,Promo,Promo_12
OTP for delivery of order OD8720529904 is 9975. Share only with the delivery agent. -Delhivery,Delivery,Delivery_9
you have 802 reward points expiring on 06 jul. redeem on flipkart.,Promo,Promo_20
Tap to verify: 871295 This code expires shortly,OTP,Hard_9
Your  return pickup for order OD1043280858 is scheduled on 02 Jul. Keep the item ready. -Swiggy,Delivery,Delivery_7
"Hi Balendra, unlock Rs.539 off your first order at Myntra with code NEW18.",Promo,Promo_7
Your  order OD8558321573 from Flipkart is arriving tomorrow. Keep Rs.1865 ready for COD.,Delivery,Delivery_3
DATA EXHAUSTED? GET 2GB EXTRA WITH RS.1903 BOOSTER PACK. DIAL *121# OR VISIT APP.,Promo,Promo_11
OTP: 696451 for txn of Rs.25190 at Amazon. Do not share. -BOB,OTP,OTP_2
  32527 is your verification code for ICICI Bank. Never share your OTP.,OTP,OTP_3
Pre-approved! Get a BOB credit card with Rs.430764 limit. Zero joining fee. Apply: bit.ly/bnwhEZ,Promo,Promo_14
Rs.19447 credited to A/c XX9606 on 29-03-26. Avl Bal: Rs.322889. -BOB,Bank,Bank_1
Your Uber code: 1606,OTP,Hard_8
Recharge with Rs.351 & get 40% extra talktime. Offer valid today only!,Promo,Promo_5
Auto-pay of Rs.91260 to Rachana is scheduled on 23-05-26 from A/c XX8133. Ensure sufficient balance.,Bank,Bank_13
Swiggy: Free delivery all weekend! Order your favourites now,Promo,Promo_13
Use 885869 to complete your Swiggy registration. Valid till 15 mins. -TM,OTP,OTP_4
Last day! Flipkart clearance sale ends tonight Up to 30% off sitewide,Promo,Promo_8
Out for delivery: Your Swiggy package OD3923504950 will arrive today by 9 PM. -XpressBees,Delivery,Delivery_1
Your return pickup for order OD7248190083 is scheduled on 02 Jul Keep the item ready -Swiggy,Delivery,Delivery_7
You  have 4063 reward points expiring on 06 Jul. Redeem on Amazon.,Promo,Promo_20
Meesho: Ur cart misses you! Complete purchase now & get 70% off. bit.ly/LSeYvn,Promo,Promo_4
Your one time password is 861515 for BOB. Please do not share it.,OTP,OTP_5
Order OD6331746424 packed and ready! Expected dispatch by 05 Jul. -Meesho,Delivery,Delivery_8
Wyatt from Delhivery is arriving with your package. Contact: 07258830350,Delivery,Delivery_6
Order OD6641803091 packed and ready! Expected dispatch by 04 Jul. -Swiggy,Delivery,Delivery_8
Dear customer ur HDFC Bank account will be blocked! Update KYC now: bit.ly/RvTbcx,Spam,Hard_11
delivery attempt failed for order od8233179121. we will retry tomorrow. -delhivery,Delivery,Delivery_5
  Items in your order history are back in stock at Flipkart. Prices start Rs.740.,Promo,Promo_23
Congratulations! You won Rs.2149696 in lucky draw Claim: bitly/QaRZQr,Spam,Hard_12
Your  PNB code: 819673,OTP,OTP_8
AUTO-PAY OF RS.86940 TO YAMINI IS SCHEDULED ON 05-04-26 FROM A/C XX1769. ENSURE SUFFICIENT BALANCE.,Bank,Bank_13
OTP for delivery of order OD3430310922 is 8181. Share only with the delivery agent. -DTDC,Delivery,Delivery_9
"CLASS SHIFTED TO ROOM 7689, COME FAST",Personal,Hard_6
110526 - use this to sign in. Never share this code with anyone. T&C apply,OTP,Hard_7
BigBasket: Ur cart misses you! Complete purchase now & get 20% off. bit.ly/yzBCbb,Promo,Promo_4
Auto-pay of Rs.16974 to Rajeshri is scheduled on 18-01-26 from A/c XX4084. Ensure sufficient balance.,Bank,Bank_13
Use 746602 to complete your Paytm registration Valid till 5 mins,OTP,OTP_4
<#> 706908 IS YOUR AXIS BANK CODE. VALID 10 MIN. HA8SK2LQP3,OTP,OTP_13
OTP  for delivery of order OD4988637448 is 4869. Share only with the delivery agent. -XpressBees,Delivery,Delivery_9
Beware of fraud calls asking for card details. ICICI Bank officials never ask for PIN or CVV.,Bank,Bank_15
Ur FD of Rs.42639 matures on 06-04-26. Renew or withdraw via netbanking. -Axis Bank,Bank,Bank_14
KYC UPDATE PENDING FOR A/C XX1267. PLEASE VISIT YOUR NEAREST AXIS BANK BRANCH BY 12-01-26 TO AVOID RESTRICTIONS.,Bank,Bank_12
Exclusive for you! Buy 1 Get 1 FREE at Swiggy Limited period offer Visit bitly/ESyGxR,Promo,Promo_3
Recharge  with Rs.825 & get 40% extra talktime. Offer valid today only!,Promo,Promo_5
Out for delivery: Your Meesho package OD7360747649 will arrive today by 6 PM. -Ekart -TM,Delivery,Delivery_1
OTP: 282589 for txn of Rs.43907 at Uber. Do not share. -PNB,OTP,OTP_2
  Rs.77481 credited to A/c XX3544 on 27-02-26. Avl Bal: Rs.37222. -Kotak,Bank,Bank_1
congratulations! you won rs.290719 in lucky draw. claim: bit.ly/vuejuc,Spam,Hard_12
Your OTP is 299559. Use it to verify your Uber account. Expires in 30 min.,OTP,OTP_1
IRCTC: SPECIAL TRAINS ADDED FOR FESTIVE SEASON. BOOK EARLY & SAVE UP TO 20%.,Promo,Promo_17
delivery attempt failed for order od1022110028. we will retry tomorrow. -dtdc,Delivery,Delivery_5
Data exhausted? Get 1.5GB extra with Rs.1294 booster pack. Dial *121# or visit app.,Promo,Promo_11
  Enter 754159 to verify your mobile number for HDFC Bank.,OTP,OTP_10
YOUR OTP IS 701090. USE IT TO VERIFY YOUR ICICI BANK ACCOUNT. EXPIRES IN 30 MIN.,OTP,OTP_1
Zomato  Big Billion Days! Up to 10% off + extra 10% with ICICI Bank cards. Hurry!,Promo,Promo_1
XpressBees: Shipment OD6904302958 reached your city hub. Expected delivery: 06 Jul.,Delivery,Delivery_4
"Hey, my new number is 4272360553. Save it! Meet at tonight?",Personal,Hard_4
DATA EXHAUSTED? GET 1.5GB EXTRA WITH RS.366 BOOSTER PACK. DIAL *121# OR VISIT APP.,Promo,Promo_11
Your A/c XX5834 is debited with Rs.71071 on 08-04-26. Info: UPI-Unni. Bal: Rs.19840,Bank,Bank_2
EMI of Rs.69191 due on 29-01-26 for loan A/c XX3066 Pay now to avoid charges -BOB,Bank,Bank_4
  Your Uber code: 4644,OTP,Hard_8
Flight fares dropped! BLR-CCU from Rs.50. Book on Goibibo before midnight.,Promo,Promo_16
YOUR UBER CODE: 5256,OTP,Hard_8
Ur Meesho code: 692505,OTP,OTP_8
OTP: 795373 for txn of INR 20270 at Ola. Do not share. -HDFC Bank,OTP,OTP_2
Pre-approved! Get a ICICI Bank credit card with Rs.121586 limit. Zero joining fee. Apply: bit.ly/ONGfzi,Promo,Promo_14
Your OTP is 2635. Use it to verify your HDFC Bank account. Expires in 10 min.,OTP,OTP_1
Rs.39410  debited from A/c XX4040 on 12-01-26 to Henry. Avl Bal: Rs.325339. -Axis Bank,Bank,Bank_0
Enter 682953 to verify your mobile number for Amazon.,OTP,OTP_10
Your Myntra code: 392312 STOP to opt out,OTP,OTP_8
Pre-approved! Get a Axis Bank credit card with Rs.256994 limit. Zero joining fee. Apply: bit.ly/OTiMdQ,Promo,Promo_14
Use 413183 to complete your Hotstar registration. Valid till 15 mins.,OTP,OTP_4
Work from home! Earn Rs.1974013/month. Join: bit.ly/ACFzlK T&C apply,Spam,Hard_14
Flight fares dropped! BLR-LKO from Rs.119. Book on Goibibo before midnight.,Promo,Promo_16
Your BOB debit card XX2751 has been blocked due to suspicious activity. Visit branch or call 1800-XXX to unblock.,Bank,Bank_11
flat rs.1524 cashback on your next order at myntra. use code save38. valid till 01 jul.,Promo,Promo_2
  Your Paytm code: 750826,OTP,OTP_8
SWIGGY: YOUR CART MISSES YOU! COMPLETE PURCHASE NOW & GET 40% OFF. BIT.LY/MHAQKV,Promo,Promo_4
Amazon: 518689 is your login OTP. It expires in 30 minutes.,OTP,OTP_6
ORDER OD8841398944 PACKED AND READY! EXPECTED DISPATCH BY 05 JUL. -BIGBASKET,Delivery,Delivery_8
Recharge with Rs.1502 & get 20% extra talktime. Offer valid today only!,Promo,Promo_5
Your Uber code: 6942,OTP,Hard_8
Delivered! Your Flipkart order OD4373964191 was delivered on 06 Jul. Rate your experience: bit.ly/nkLqTy -TM,Delivery,Delivery_2
531335 is your OTP for Paytm login. Valid for 15 minutes. Do not share with anyone.,OTP,OTP_0
Weekend special at Flipkart! Min 20% off on everything. Don't miss out: bit.ly/xVMswJ,Promo,Promo_6
42294 is your verification code for PhonePe. Never share your OTP.,OTP,OTP_3
Reyansh from Ekart is arriving with your package. Contact: 05205256440,Delivery,Delivery_6
BigBasket: Ur cart misses you! Complete purchase now & get 10% off. bit.ly/XvyWJD,Promo,Promo_4
Christopher from Ekart is arriving with your package. Contact: 3332930049,Delivery,Delivery_6
Auto-pay  of Rs.22363 to Teerth is scheduled on 03-01-26 from A/c XX1078. Ensure sufficient balance.,Bank,Bank_13
work from home! earn rs.1898306/month. join: bit.ly/znzlnn,Spam,Hard_14
  EMI of Rs.80808 due on 26-05-26 for loan A/c XX4310. Pay now to avoid charges. -HDFC Bank,Bank,Bank_4
You  have 2168 reward points expiring on 05 Jul. Redeem on BigBasket.,Promo,Promo_20
IRCTC: Special trains added for festive season. Book early & save up to 60%.,Promo,Promo_17
Use  99546 to complete your Netflix registration. Valid till 15 mins.,OTP,OTP_4
Flight fares dropped! DEL-LKO from Rs.868. Book on Goibibo before midnight.,Promo,Promo_16
Your Uber code: 3957,OTP,Hard_8
Hungry? Get 40% off up to Rs.491 on your next 3 orders. Code: EAT16. -Swiggy,Promo,Promo_12
Your A/c XX7573 is debited with Rs.69701 on 08-03-26. Info: UPI-Krisha. Bal: Rs.101161,Bank,Bank_2
UPI payment of Rs.37319 to Triya successful. UPI Ref: 236264171623. -HDFC Bank,Bank,Bank_6
order od4184987230 packed and ready! expected dispatch by 06 jul. -zomato,Delivery,Delivery_8
Flat Rs.1540 cashback on your next order at Swiggy. Use code SAVE10. Valid till 03 Jul.,Promo,Promo_2
USE CODE 4797 AT CHECKOUT FOR 25% OFF AT AMAZON!,Promo,Hard_0
Your account statement for July is available. Download from the ICICI Bank app.,Bank,Bank_16
Flat Rs.281 cashback on your next order at Amazon. Use code SAVE48. Valid till 05 Jul.,Promo,Promo_2
Out for delivery: Your BigBasket package OD7008086072 will arrive today by 3 PM. -BlueDart,Delivery,Delivery_1
Beware of fraud calls asking for card details. HDFC Bank officials never ask for PIN or CVV.,Bank,Bank_15
Your one time password is 117530 for Paytm. Please do not share it.,OTP,OTP_5
Use code 8029 at checkout for 10% off at BigBasket!,Promo,Hard_0
Last day! Myntra clearance sale ends tonight. Up to 60% off sitewide.,Promo,Promo_8
swiggy big billion days! up to 30% off + extra 10% with hdfc bank cards. hurry!,Promo,Promo_1
111257 is your OTP for ICICI Bank login. Valid for 15 minutes. Do not share with anyone. -TM,OTP,OTP_0
Your  OTP is 556275. Use it to verify your Amazon account. Expires in 30 min.,OTP,OTP_1
Rs.97042  debited from A/c XX5320 on 01-01-26 to Darpan. Avl Bal: Rs.172344. -Kotak,Bank,Bank_0
  G-277251 is your Google verification code.,OTP,OTP_12
Pre-approved!  Get a Kotak credit card with Rs.444363 limit. Zero joining fee. Apply: bit.ly/RYCwTO,Promo,Promo_14
172500 is your Flipkart security code. Anyone asking for it is a scammer.,OTP,OTP_9
Your Uber code: 512242,OTP,OTP_8
OTP: 566915 for txn of Rs.46344 at GPay Do not share -Kotak,OTP,OTP_2
Auto-pay of Rs.85011 to Eshana is scheduled on 20-02-26 from A/c XX9055. Ensure sufficient balance.,Bank,Bank_13
Your  OTP is 721921. Use it to verify your Amazon account. Expires in 5 min.,OTP,OTP_1
Sai from BlueDart is arriving with your package Contact: 04110838559,Delivery,Delivery_6
Your  credit card XX5439 statement is ready. Total due: Rs.32741. Min due: Rs.642. -HDFC Bank,Bank,Bank_5
272794 - USE THIS CODE TO SIGN IN TO UBER. NEVER SHARE IT WITH ANYONE.,OTP,OTP_7
Your SBI debit card XX2167 has been blocked due to suspicious activity. Visit branch or call 1800-XXX to unblock.,Bank,Bank_11
  Out for delivery: Your Amazon package OD8266651780 will arrive today by 9 PM. -DTDC,Delivery,Delivery_1
Your SIM will be deactivated in 24hrs. Verify Aadhaar: bit.ly/nKTDPC,Spam,Hard_13
  Pushti from BlueDart is arriving with your package. Contact: 04793042495,Delivery,Delivery_6
YOUR SBI CODE: 322423,OTP,OTP_8
USE CODE 5530 AT CHECKOUT FOR 25% OFF AT FLIPKART!,Promo,Hard_0
Pre-approved!  Get a Kotak credit card with Rs.65842 limit. Zero joining fee. Apply: bit.ly/bTsexn,Promo,Promo_14
758607 - use this code to sign in to Kotak. Never share it with anyone.,OTP,OTP_7
317059 - use this code to sign in to Ola. Never share it with anyone. -TM,OTP,OTP_7
KYC update pending for A/c XX8768. Please visit your nearest SBI branch by 25-05-26 to avoid restrictions.,Bank,Bank_12
778800 is ur verification code for Netflix. Never share ur OTP.,OTP,OTP_3
Your  return pickup for order OD9662885747 is scheduled on 06 Jul. Keep the item ready. -Flipkart,Delivery,Delivery_7
Tap to verify: 515695 This code expires shortly,OTP,Hard_9
Your credit card XX4854 statement is ready. Total due: Rs.4103. Min due: Rs.4183. -BOB,Bank,Bank_5
Congratulations! U won Rs.849551 in lucky draw. Claim: bit.ly/UtCmUe,Spam,Hard_12
Coupon 2568 gives you free delivery on orders above INR 775. -Flipkart,Promo,Hard_1
590679 is your OTP for Myntra login. Valid for 10 minutes. Do not share with anyone.,OTP,OTP_0
Rs.93415 credited to A/c XX6836 on 08-05-26 Avl Bal: Rs.24658 -Kotak,Bank,Bank_1
IRCTC: Special trains added for festive season. Book early & save up to 30%.,Promo,Promo_17
Your Amazon membership expires soon Renew now & save 50%: bitly/yUueXg,Promo,Promo_9
Coupon 3775 gives you free delivery on orders above Rs.4170. -Swiggy,Promo,Hard_1
Enter 398274 to verify your mobile number for BOB.,OTP,OTP_10
your one time password is 933326 for myntra. please do not share it.,OTP,OTP_5
OTP-based login was enabled for your A/c XX2065. Call Kotak if this wasn't you. -TM,Bank,Hard_2
Delivery attempt failed for order OD2760092367. We will retry tomorrow. -BlueDart,Delivery,Delivery_5
Rs.83595 debited from A/c XX7974 on 04-07-26 to Vidhi. Avl Bal: Rs.186082. -SBI STOP to opt out,Bank,Bank_0
MEGA SALE! Get 70% OFF on all products at Amazon. Shop now: bit.ly/JeUfKg T&C apply.,Promo,Promo_0
Salary of Rs.82188 credited to A/c XX2796 Avl Bal: Rs.45775 -ICICI Bank,Bank,Bank_7
Hungry? Get 70% off up to Rs.572 on ur next 3 orders. Code: EAT87. -Swiggy,Promo,Promo_12
Hungry? Get 80% off up to Rs.1196 on ur next 3 orders. Code: EAT14. -Swiggy,Promo,Promo_12
G-646704 is your Google verification code.,OTP,OTP_12
EMI of Rs.54051 due on 25-01-26 for loan A/c XX1482 Pay now to avoid charges -Axis Bank,Bank,Bank_4
Your credit card XX2073 statement is ready. Total due: Rs.76889. Min due: Rs.4421. -HDFC Bank,Bank,Bank_5
upi payment of rs.65402 to sarthak successful. upi ref: 518047272207. -sbi,Bank,Bank_6
Ur account statement for July is available. Download from the HDFC Bank app.,Bank,Bank_16
Swiggy: Free delivery all weekend! Order your favourites now.,Promo,Promo_13
Your A/c XX8870 is debited with Rs.64894 on 21-03-26 Info: UPI-Yashica Bal: Rs.384874,Bank,Bank_2
Amazon: 152169 is your login OTP. It expires in 30 minutes.,OTP,OTP_6
Missed our shows? Come back to Hotstar at 50% off for 3 months. Resubscribe: bit.ly/npCyMM,Promo,Promo_19
Recharge with Rs.738 & get 50% extra talktime. Offer valid today only!,Promo,Promo_5
  Out for delivery: Your Myntra package OD9382951281 will arrive today by 12 PM. -Ekart,Delivery,Delivery_1
Use code 5470 at checkout for 50% off at Amazon!,Promo,Hard_0
Your A/c XX4236 is debited with Rs.68777 on 21-04-26 Info: UPI-Yahvi Bal: Rs.147213,Bank,Bank_2
  278246 is your Myntra security code. Anyone asking for it is a scammer.,OTP,OTP_9
906575 is your verification code for icici bank. never share your otp.,OTP,OTP_3
Last day! Zomato clearance sale ends tonight. Up to 30% off sitewide.,Promo,Promo_8
Congratulations! You won Rs.1594774 in lucky draw Claim: bitly/oqUqsg,Spam,Hard_12
Salary of Rs.23252 credited to A/c XX9389. Avl Bal: Rs.374102. -Axis Bank,Bank,Bank_7
OTP FOR DELIVERY OF ORDER OD2087576608 IS 1023. SHARE ONLY WITH THE DELIVERY AGENT. -DTDC,Delivery,Delivery_9
YOUR A/C XX5666 IS DEBITED WITH RS.86979 ON 03-07-26. INFO: UPI-NIDRA. BAL: RS.320180,Bank,Bank_2
Delivery attempt failed for order OD8727121022. We will retry tomorrow. -Delhivery T&C apply,Delivery,Delivery_5
Missed our shows? Come back to Netflix at 50% off for 3 months Resubscribe: bitly/GWbvLG,Promo,Promo_19
<#> 854064 is your IRCTC code. Valid 2 min. hA8sk2Lqp3,OTP,OTP_13
Your SIM will be deactivated in 24hrs. Verify Aadhaar: bit.ly/QkYGsr,Spam,Hard_13
Rs.83153 credited to A/c XX4672 on 12-05-26. Avl Bal: Rs.98705. -PNB,Bank,Bank_1
cheque no. 416128609818 for rs.41894 has been cleared from a/c xx8833. -sbi,Bank,Bank_8
alert: rs.83977 withdrawn from atm using card xx6462 on 04-03-26. bal: rs.498065. -sbi,Bank,Bank_3
Delivered! Your Zomato order OD8957314874 was delivered on 05 Jul. Rate your experience: bit.ly/wEAcDq,Delivery,Delivery_2
G-952126 is your Google verification code.,OTP,OTP_12
Enter  451236 to verify your mobile number for Kotak.,OTP,OTP_10
OTP: 517735 for txn of INR 14621 at Myntra. Do not share. -SBI,OTP,OTP_2
16308 is your OTP for IRCTC login. Valid for 15 minutes. Do not share with anyone.,OTP,OTP_0
OTP-based  login was enabled for your A/c XX2196. Call SBI if this wasn't you.,Bank,Hard_2
interest of rs.35698 credited to your fd a/c xx5415. -bob,Bank,Bank_9
salary of rs.77748 credited to a/c xx9836. avl bal: rs.121239. -axis bank,Bank,Bank_7
tap to verify: 660975. this code expires shortly.,OTP,Hard_9
auto-pay of rs.97559 to maya is scheduled on 16-06-26 from a/c xx1490. ensure sufficient balance.,Bank,Bank_13
Salary of Rs.57216 credited to A/c XX9121. Avl Bal: Rs.352411. -Kotak,Bank,Bank_7
YOUR SWIGGY MEMBERSHIP EXPIRES SOON. RENEW NOW & SAVE 70%: BIT.LY/ZBBVHX,Promo,Promo_9
Your  Zomato membership expires soon. Renew now & save 60%: bit.ly/uKrnby,Promo,Promo_9
BlueDart: Shipment OD7434181504 reached your city hub. Expected delivery: 06 Jul.,Delivery,Delivery_4
819262 is your hdfc bank security code. anyone asking for it is a scammer.,OTP,OTP_9
Use code 8885 at checkout for 25% off at BigBasket!,Promo,Hard_0
  Loved your recent Zomato order? Reorder in 1 tap and get 70% off today.,Promo,Promo_22
Rs.31881 debited from A/c XX5329 on 23-04-26 to Yahvi. Avl Bal: Rs.345327. -ICICI Bank,Bank,Bank_0
Auto-pay of Rs.58178 to Jagdish is scheduled on 14-03-26 from A/c XX2519 Ensure sufficient balance,Bank,Bank_13
out for delivery: your flipkart package od6738591653 will arrive today by 6 pm. -xpressbees,Delivery,Delivery_1
  Arya from DTDC is arriving with your package. Contact: 9142149358,Delivery,Delivery_6
convert your axis bank card purchase of rs.784 into easy emis at 0% interest. reply yes.,Promo,Promo_15
Your PNB debit card XX8329 has been blocked due to suspicious activity Visit branch or call 1800-XXX to unblock,Bank,Bank_11
Work from home! Earn Rs.1651746/month. Join: bit.ly/QjcTqO,Spam,Hard_14
Recharge  with Rs.461 & get 20% extra talktime. Offer valid today only!,Promo,Promo_5
Your GPay code: 97848,OTP,OTP_8
Ur BigBasket membership expires soon. Renew now & save 30%: bit.ly/OrJsVX,Promo,Promo_9
Your SIM will be deactivated in 24hrs. Verify Aadhaar: bit.ly/dXjXCm,Spam,Hard_13
Confirmation code 225386 for ICICI Bank. Keep it private.,OTP,OTP_11
"Bro send me Rs.3877 on gpay, will return by 04 Jul STOP to opt out",Personal,Hard_5
163397 is your otp for pnb login. valid for 15 minutes. do not share with anyone.,OTP,OTP_0
Your account statement for August is available Download from the HDFC Bank app,Bank,Bank_16
G-791476 is your Google verification code.,OTP,OTP_12
Your BOB code: 78483,OTP,OTP_8
Swiggy Big Billion Days! Up to 70% off + extra 10% with SBI cards. Hurry!,Promo,Promo_1
"Your ICICI Bank health insurance renewal is due 04 Jul. Renew online, save 50% on premium.",Promo,Promo_24
Pay Rs.3370 on delivery for order OD743613764. -XpressBees,Delivery,Hard_10
  Out for delivery: Your Amazon package OD6793861208 will arrive today by 9 PM. -Ekart,Delivery,Delivery_1
475783 - use this code to sign in to Swiggy. Never share it with anyone.,OTP,OTP_7
Cheque no. 826757043925 for Rs.15603 has been cleared from A/c XX6657. -SBI,Bank,Bank_8
Swiggy:  Your cart misses you! Complete purchase now & get 80% off. bit.ly/DXNiLD,Promo,Promo_4
Confirmation code 234557 for SBI. Keep it private.,OTP,OTP_11
Delivered! Your Myntra order OD9487820383 was delivered on 01 Jul. Rate your experience: bit.ly/ZFqNGJ,Delivery,Delivery_2
delivered! your myntra order od6946273050 was delivered on 02 jul. rate your experience: bit.ly/ajrvmq,Delivery,Delivery_2
Out for delivery: Your Flipkart package OD5882640825 will arrive today by 12 PM -Delhivery,Delivery,Delivery_1
Use 983752 to complete your Flipkart registration. Valid till 2 mins.,OTP,OTP_4
Out for delivery: Your Meesho package OD6597308399 will arrive today by 3 PM. -XpressBees,Delivery,Delivery_1
delivered! your meesho order od9668378962 was delivered on 02 jul. rate your experience: bit.ly/bobldg,Delivery,Delivery_2
"Hi Idika, unlock Rs.107 off your first order at Swiggy with code NEW82.",Promo,Promo_7
"  Bro send me Rs.4750 on gpay, will return by 02 Jul",Personal,Hard_5
Congratulations! You won Rs.769244 in lucky draw. Claim: bit.ly/oummSQ,Spam,Hard_12
flat rs.1017 cashback on your next order at bigbasket. use code save76. valid till 03 jul.,Promo,Promo_2
Low balance alert: A/c XX3389 balance is Rs.389900. Maintain min balance to avoid charges.,Bank,Bank_10
EXCLUSIVE FOR YOU! BUY 1 GET 1 FREE AT SWIGGY. LIMITED PERIOD OFFER. VISIT BIT.LY/XKFMCB,Promo,Promo_3
  Order OD3790566857 packed and ready! Expected dispatch by 06 Jul. -Meesho,Delivery,Delivery_8
Your OTP is 458935. Use it to verify your BigBasket account. Expires in 15 min.,OTP,OTP_1
Your Airtel pack expires tomorrow. Recharge with Rs.1770 for 1GB/day + unlimited calls.,Promo,Promo_10
"your icici bank health insurance renewal is due 04 jul. renew online, save 50% on premium.",Promo,Promo_24
irctc: special trains added for festive season. book early & save up to 20%.,Promo,Promo_17
loved your recent zomato order? reorder in 1 tap and get 50% off today.,Promo,Promo_22
Your credit card XX7428 statement is ready. Total due: INR 42981. Min due: INR 3750. -HDFC Bank,Bank,Bank_5
Ur OTP is 215633. Use it to verify ur Netflix account. Expires in 10 min.,OTP,OTP_1
IRCTC: Special trains added for festive season. Book early & save up to 60%.,Promo,Promo_17
  Your Uber code: 1145,OTP,Hard_8
Hungry? Get 70% off up to Rs.485 on your next 3 orders. Code: EAT51. -Swiggy,Promo,Promo_12
EMI of Rs.18761 due on 16-03-26 for loan A/c XX5781. Pay now to avoid charges. -Kotak STOP to opt out,Bank,Bank_4
DATA EXHAUSTED? GET 1.5GB EXTRA WITH RS.486 BOOSTER PACK. DIAL *121# OR VISIT APP.,Promo,Promo_11
  Convert your HDFC Bank card purchase of Rs.1278 into easy EMIs at 0% interest. Reply YES.,Promo,Promo_15
beware of fraud calls asking for card details. hdfc bank officials never ask for pin or cvv.,Bank,Bank_15
Flight fares dropped! BOM-LKO from Rs.93. Book on MakeMyTrip before midnight.,Promo,Promo_16
Delivered! Your Amazon order OD5515690564 was delivered on 04 Jul. Rate your experience: bit.ly/oAkegc,Delivery,Delivery_2
PAY RS.4496 ON DELIVERY FOR ORDER OD173504348. -DTDC,Delivery,Hard_10
972162 - use this code to sign in to Amazon. Never share it with anyone.,OTP,OTP_7
Ur A/c XX4968 is debited with Rs.1994 on 05-06-26. Info: UPI-Jack. Bal: Rs.88016,Bank,Bank_2
872943 is your SBI security code. Anyone asking for it is a scammer.,OTP,OTP_9
311924 - use this code to sign in to myntra. never share it with anyone.,OTP,OTP_7
"Class shifted to room 4556, come fast T&C apply",Personal,Hard_6
YOUR OTP IS 590916. USE IT TO VERIFY YOUR HOTSTAR ACCOUNT. EXPIRES IN 5 MIN.,OTP,OTP_1
  OTP: 900540 for txn of Rs.40039 at ICICI Bank. Do not share. -Axis Bank,OTP,OTP_2
99431 - use this code to sign in to GPay. Never share it with anyone.,OTP,OTP_7
GPay: 830974 is your login OTP. It expires in 15 minutes.,OTP,OTP_6
Use 148160 to complete your Amazon registration Valid till 10 mins,OTP,OTP_4
Congratulations! You won Rs.734202 in lucky draw Claim: bitly/aBEiuW,Spam,Hard_12
Your OTP is 90926 Use it to verify your Flipkart account Expires in 10 min,OTP,OTP_1
out for delivery: your myntra package od9863754471 will arrive today by 9 pm. -bluedart,Delivery,Delivery_1
"Hi Gavin, unlock Rs.246 off ur first order at Amazon with code NEW40.",Promo,Promo_7
Order OD1174609171 packed and ready! Expected dispatch by 03 Jul. -Swiggy,Delivery,Delivery_8
your sim will be deactivated in 24hrs. verify aadhaar: bit.ly/wogshj,Spam,Hard_13
Your BigBasket order OD7134543397 has been shipped via DTDC. Track: bit.ly/LzgDUt,Delivery,Delivery_0
Your ICICI Bank debit card XX6945 has been blocked due to suspicious activity. Visit branch or call 1800-XXX to unblock.,Bank,Bank_11
IRCTC: Special trains added for festive season. Book early & save up to 10%.,Promo,Promo_17
  Enter 612393 to verify your mobile number for Myntra.,OTP,OTP_10
WEEKEND SPECIAL AT MYNTRA! MIN 40% OFF ON EVERYTHING. DON'T MISS OUT: BIT.LY/UKVMBF,Promo,Promo_6
"Hey, my new number is 02810935027. Save it! Meet at 6pm? -TM",Personal,Hard_4
Rs.60292 credited to A/c XX6554 on 02-06-26. Avl Bal: Rs.264742. -Kotak,Bank,Bank_1
Salary of Rs.12028 credited to A/c XX5995. Avl Bal: Rs.228721. -Kotak -TM,Bank,Bank_7
otp: 832124 for txn of rs.6258 at amazon. do not share. -bob,OTP,OTP_2
Low balance alert: A/c XX7272 balance is Rs.34427. Maintain min balance to avoid charges.,Bank,Bank_10
Hungry?  Get 40% off up to Rs.1256 on your next 3 orders. Code: EAT83. -Zomato,Promo,Promo_12
Auto-pay of Rs.93021 to Ayaan is scheduled on 06-05-26 from A/c XX9144. Ensure sufficient balance.,Bank,Bank_13
Work  from home! Earn Rs.1020969/month. Join: bit.ly/nbHobZ,Spam,Hard_14
interest of rs.31604 credited to your fd a/c xx2951. -hdfc bank,Bank,Bank_9
Salary of Rs.13729 credited to A/c XX9437. Avl Bal: Rs.92308. -Axis Bank,Bank,Bank_7
Your  one time password is 136440 for BOB. Please do not share it.,OTP,OTP_5
Your account statement for July is available. Download from the ICICI Bank app.,Bank,Bank_16
Flipkart: 29308 is your login OTP. It expires in 5 minutes.,OTP,OTP_6
  Your SIM will be deactivated in 24hrs. Verify Aadhaar: bit.ly/PqQrDt,Spam,Hard_13
Items in your order history are back in stock at Meesho. Prices start Rs.756.,Promo,Promo_23
700584 - use this code to sign in to PhonePe. Never share it with anyone.,OTP,OTP_7
  DTDC: Shipment OD1565350731 reached your city hub. Expected delivery: 06 Jul.,Delivery,Delivery_4
Salary of Rs.63739 credited to A/c XX9298. Avl Bal: Rs.433799. -BOB,Bank,Bank_7
  OTP for delivery of order OD7218219992 is 6340. Share only with the delivery agent. -BlueDart,Delivery,Delivery_9
Your SIM will be deactivated in 24hrs. Verify Aadhaar: bit.ly/LnCrrA,Spam,Hard_13
YOUR PHONEPE CODE: 133396,OTP,OTP_8
Last day! Zomato clearance sale ends tonight. Up to 10% off sitewide.,Promo,Promo_8
Delivered! Your Amazon order OD1794440227 was delivered on 01 Jul. Rate your experience: bit.ly/mBeRMy,Delivery,Delivery_2
congratulations! you won rs.1399292 in lucky draw. claim: bit.ly/qbvtxk,Spam,Hard_12
KYC update pending for A/c XX5289. Please visit your nearest Axis Bank branch by 23-06-26 to avoid restrictions. STOP to opt out,Bank,Bank_12
ALERT: RS.7789 WITHDRAWN FROM ATM USING CARD XX1027 ON 02-01-26. BAL: RS.34271. -AXIS BANK,Bank,Bank_3
Confirmation code 749099 for Swiggy. Keep it private.,OTP,OTP_11
Congratulations! U won Rs.159249 in lucky draw. Claim: bit.ly/zXceUZ,Spam,Hard_12
Flipkart Big Billion Days! Up to 30% off + extra 10% with BOB cards. Hurry!,Promo,Promo_1
Your A/c XX5807 is debited with Rs.2307 on 08-01-26. Info: UPI-Raghav. Bal: Rs.102753,Bank,Bank_2
Beware of fraud calls asking for card details. BOB officials never ask for PIN or CVV.,Bank,Bank_15
Order OD8635724680 packed and ready! Expected dispatch by 02 Jul. -Amazon T&C apply,Delivery,Delivery_8
Your Netflix plan renews on 01 Jul at INR 193. Upgrade to 4K for INR 946/month.,Promo,Promo_18
YOUR SIM WILL BE DEACTIVATED IN 24HRS. VERIFY AADHAAR: BIT.LY/NQKLKO,Spam,Hard_13
Low balance alert: A/c XX1742 balance is Rs.175125. Maintain min balance to avoid charges.,Bank,Bank_10
Your FD of Rs.68521 matures on 24-05-26. Renew or withdraw via netbanking. -Kotak T&C apply,Bank,Bank_14
Out for delivery: Your BigBasket package OD5517162989 will arrive today by 6 PM -BlueDart,Delivery,Delivery_1
INR 70438 debited from A/c XX6578 on 02-07-26 to Oeshi. Avl Bal: INR 2066. -ICICI Bank,Bank,Bank_0
EMI of Rs.11945 due on 01-06-26 for loan A/c XX6102. Pay now to avoid charges. -Kotak,Bank,Bank_4
alert: rs.60700 withdrawn from atm using card xx4871 on 06-02-26. bal: rs.423383. -sbi,Bank,Bank_3
Delivery attempt failed for order OD2939986677. We will retry tomorrow. -XpressBees,Delivery,Delivery_5
  Weekend special at Zomato! Min 40% off on everything. Don't miss out: bit.ly/oKgNwf,Promo,Promo_6
Delivered! Ur Meesho order OD4678217054 was delivered on 01 Jul. Rate ur experience: bit.ly/SpQiHu,Delivery,Delivery_2
Hungry? Get 70% off up to Rs.1862 on ur next 3 orders. Code: EAT92. -Zomato,Promo,Promo_12
  Delivery attempt failed for order OD7820258279. We will retry tomorrow. -XpressBees,Delivery,Delivery_5
Delivered! Your Amazon order OD2255958377 was delivered on 03 Jul. Rate your experience: bit.ly/wuXemC,Delivery,Delivery_2
EMI of Rs.45838 due on 02-07-26 for loan A/c XX5068 Pay now to avoid charges -SBI,Bank,Bank_4
your otp is 427856. use it to verify your netflix account. expires in 30 min.,OTP,OTP_1
XpressBees: Shipment OD6715122040 reached your city hub Expected delivery: 06 Jul,Delivery,Delivery_4
MEGA SALE! Get 80% OFF on all products at Meesho. Shop now: bit.ly/nwkLkt T&C apply.,Promo,Promo_0
<#> 221461 is your Myntra code. Valid 30 min. hA8sk2Lqp3,OTP,OTP_13
IRCTC: Special trains added for festive season. Book early & save up to 60%.,Promo,Promo_17
pre-approved! get a kotak credit card with rs.212372 limit. zero joining fee. apply: bit.ly/puvoab,Promo,Promo_14
Loved your recent Swiggy order? Reorder in 1 tap and get 10% off today.,Promo,Promo_22
KYC update pending for A/c XX9849. Please visit your nearest PNB branch by 11-02-26 to avoid restrictions.,Bank,Bank_12
"Hi Gauri, unlock Rs.549 off your first order at Zomato with code NEW56.",Promo,Promo_7
Your account statement for June is available. Download from the BOB app.,Bank,Bank_16
  Hungry? Get 80% off up to Rs.1612 on your next 3 orders. Code: EAT58. -Swiggy,Promo,Promo_12
Pay INR 1289 on delivery for order OD150119576. -Ekart,Delivery,Hard_10
Your  Airtel pack expires tomorrow. Recharge with Rs.1281 for 2GB/day + unlimited calls.,Promo,Promo_10
Your one time password is 570923 for Axis Bank. Please do not share it.,OTP,OTP_5
Your order OD3903599217 from Myntra is arriving tomorrow. Keep Rs.4108 ready for COD.,Delivery,Delivery_3
Weekend  special at Flipkart! Min 50% off on everything. Don't miss out: bit.ly/uOGGME,Promo,Promo_6
696062 - USE THIS CODE TO SIGN IN TO ZOMATO. NEVER SHARE IT WITH ANYONE.,OTP,OTP_7
Your FD of Rs.34987 matures on 25-06-26. Renew or withdraw via netbanking. -BOB,Bank,Bank_14
Your credit card XX7257 statement is ready. Total due: Rs.40565. Min due: Rs.879. -ICICI Bank,Bank,Bank_5
<#> 406446 is your Swiggy code Valid 5 min hA8sk2Lqp3,OTP,OTP_13
MISSED OUR SHOWS? COME BACK TO SONYLIV AT 50% OFF FOR 3 MONTHS. RESUBSCRIBE: BIT.LY/BLNKQP,Promo,Promo_19
UPI payment of Rs.21861 to Nandini successful. UPI Ref: 853466351910. -SBI,Bank,Bank_6
Low balance alert: A/c XX8069 balance is Rs.165364. Maintain min balance to avoid charges.,Bank,Bank_10
Exclusive for you! Buy 1 Get 1 FREE at Zomato. Limited period offer. Visit bit.ly/KfOulK,Promo,Promo_3
OTP: 42811 for txn of Rs.26222 at SBI. Do not share. -SBI STOP to opt out,OTP,OTP_2
Items in your order history are back in stock at Meesho. Prices start Rs.1124.,Promo,Promo_23
Exclusive for you! Buy 1 Get 1 FREE at Myntra. Limited period offer. Visit bit.ly/LIuPiV,Promo,Promo_3
Order  OD8061208457 packed and ready! Expected dispatch by 02 Jul. -BigBasket,Delivery,Delivery_8
700754 is your IRCTC security code Anyone asking for it is a scammer,OTP,OTP_9
alert: rs.60668 withdrawn from atm using card xx9099 on 21-06-26. bal: rs.167865. -hdfc bank,Bank,Bank_3
Salary of Rs.75186 credited to A/c XX4045. Avl Bal: Rs.323397. -BOB,Bank,Bank_7
  Use 708232 to complete your Myntra registration. Valid till 15 mins.,OTP,OTP_4
"Bro send me Rs.3868 on gpay, will return by 04 Jul",Personal,Hard_5
Rs.34699 credited to A/c XX7648 on 17-03-26. Avl Bal: Rs.2540. -PNB,Bank,Bank_1
Use code 1621 at checkout for 10% off at Myntra!,Promo,Hard_0
"Never share your OTP, PIN or CVV. SBI never asks for these. Stay safe.",Bank,Hard_3
PRE-APPROVED! GET A ICICI BANK CREDIT CARD WITH RS.282721 LIMIT. ZERO JOINING FEE. APPLY: BIT.LY/XWVZUP,Promo,Promo_14
Your order OD7612508539 from Amazon is arriving tomorrow. Keep Rs.4766 ready for COD. T&C apply,Delivery,Delivery_3
Weekend special at Meesho! Min 10% off on everything. Don't miss out: bit.ly/agzTyY STOP to opt out,Promo,Promo_6
Exclusive  for you! Buy 1 Get 1 FREE at Flipkart. Limited period offer. Visit bit.ly/ZPVGkC,Promo,Promo_3
  Your one time password is 415383 for Netflix. Please do not share it.,OTP,OTP_5
Rs.1998 cashback credited to your Amazon Pay wallet. Use on your next order.,Promo,Promo_21
Use code 9554 at checkout for 25% off at BigBasket!,Promo,Hard_0
  MEGA SALE! Get 60% OFF on all products at Swiggy. Shop now: bit.ly/KBrPUG T&C apply.,Promo,Promo_0
BigBasket Big Billion Days! Up to 80% off + extra 10% with ICICI Bank cards. Hurry!,Promo,Promo_1
Delivered! Your Meesho order OD7743709386 was delivered on 02 Jul. Rate your experience: bit.ly/RzCdwN,Delivery,Delivery_2
Congratulations! You won Rs.402325 in lucky draw. Claim: bit.ly/CxIZyP,Spam,Hard_12
Beware of fraud calls asking for card details. ICICI Bank officials never ask for PIN or CVV.,Bank,Bank_15
ALERT: Rs.28356 withdrawn from ATM using card XX7554 on 17-02-26 Bal: Rs.241354 -Kotak,Bank,Bank_3
  Cheque no. 656476824399 for Rs.52887 has been cleared from A/c XX7746. -Kotak,Bank,Bank_8
OTP: 944797 for txn of Rs.27022 at GPay. Do not share. -Kotak,OTP,OTP_2
otp: 880486 for txn of rs.42001 at axis bank. do not share. -sbi,OTP,OTP_2
Your SonyLIV plan renews on 05 Jul at Rs.623. Upgrade to 4K for Rs.774/month. -TM,Promo,Promo_18
G-365183 is your Google verification code.,OTP,OTP_12
MEGA SALE! Get 10% OFF on all products at Zomato. Shop now: bit.ly/nwxKik T&C apply.,Promo,Promo_0
Flat Rs.891 cashback on your next order at Amazon Use code SAVE54 Valid till 03 Jul,Promo,Promo_2
Flat Rs.1485 cashback on your next order at BigBasket. Use code SAVE98. Valid till 06 Jul.,Promo,Promo_2
OTP for delivery of order OD8671681614 is 3034. Share only with the delivery agent. -Delhivery,Delivery,Delivery_9
Delhivery: Shipment OD3010449247 reached your city hub. Expected delivery: 05 Jul.,Delivery,Delivery_4
"Never share ur OTP, PIN or CVV. HDFC Bank never asks for these. Stay safe.",Bank,Hard_3
Convert your PNB card purchase of INR 737 into easy EMIs at 0% interest. Reply YES.,Promo,Promo_15
Salary of Rs.75453 credited to A/c XX9139. Avl Bal: Rs.383154. -Axis Bank,Bank,Bank_7
<#> 326011 is your Amazon code. Valid 5 min. hA8sk2Lqp3 T&C apply,OTP,OTP_13
"Your Axis Bank health insurance renewal is due 03 Jul. Renew online, save 30% on premium.",Promo,Promo_24
Confirmation code 48871 for IRCTC Keep it private,OTP,OTP_11
Enter 697952 to verify your mobile number for Meesho.,OTP,OTP_10
Use code 8936 at checkout for 25% off at Meesho!,Promo,Hard_0
your account statement for june is available. download from the kotak app.,Bank,Bank_16
Coupon 7038 gives you free delivery on orders above Rs.1729. -Myntra,Promo,Hard_1
Your A/c XX6322 is debited with Rs.74523 on 05-02-26. Info: UPI-Vedant. Bal: Rs.397551 -TM,Bank,Bank_2
Congratulations! You won Rs.2023455 in lucky draw. Claim: bit.ly/cTIqAx,Spam,Hard_12
Out for delivery: Your Flipkart package OD7622855684 will arrive today by 12 PM. -XpressBees,Delivery,Delivery_1
Salary of Rs.42834 credited to A/c XX6817. Avl Bal: Rs.188654. -HDFC Bank T&C apply,Bank,Bank_7
664320  is your OTP for Uber login. Valid for 15 minutes. Do not share with anyone.,OTP,OTP_0
Rs.493  cashback credited to your Amazon Pay wallet. Use on your next order.,Promo,Promo_21
Your Axis Bank debit card XX1138 has been blocked due to suspicious activity Visit branch or call 1800-XXX to unblock,Bank,Bank_11
rs.76635 credited to a/c xx3010 on 26-01-26. avl bal: rs.168858. -pnb,Bank,Bank_1
  Confirmation code 755059 for Swiggy. Keep it private.,OTP,OTP_11
780911 - use this to sign in. never share this code with anyone.,OTP,Hard_7
Delhivery: Shipment OD3173876869 reached your city hub. Expected delivery: 03 Jul.,Delivery,Delivery_4
905613 is your gpay security code. anyone asking for it is a scammer.,OTP,OTP_9
Ur SIM will be deactivated in 24hrs. Verify Aadhaar: bit.ly/eFTzIJ,Spam,Hard_13
Low balance alert: A/c XX5951 balance is Rs.372786. Maintain min balance to avoid charges.,Bank,Bank_10
your a/c xx5460 is debited with rs.9543 on 22-01-26. info: upi-edhitha. bal: rs.267072,Bank,Bank_2
BOB: 223977 is your login OTP. It expires in 10 minutes.,OTP,OTP_6
Rs.982 cashback credited to your Amazon Pay wallet. Use on your next order.,Promo,Promo_21
Rs.88262 credited to A/c XX1624 on 09-03-26. Avl Bal: Rs.132474. -ICICI Bank,Bank,Bank_1
Items in your order history are back in stock at Flipkart. Prices start INR 590.,Promo,Promo_23
Out  for delivery: Your Meesho package OD4043224020 will arrive today by 12 PM. -DTDC,Delivery,Delivery_1
Flat Rs.902 cashback on your next order at Swiggy. Use code SAVE22. Valid till 02 Jul.,Promo,Promo_2
Your account statement for August is available. Download from the SBI app.,Bank,Bank_16
Low balance alert: A/c XX9763 balance is Rs.202083. Maintain min balance to avoid charges.,Bank,Bank_10
Salary  of Rs.75275 credited to A/c XX6546. Avl Bal: Rs.145678. -SBI,Bank,Bank_7
59376 is your verification code for PhonePe. Never share your OTP.,OTP,OTP_3
items in your order history are back in stock at amazon. prices start rs.1174.,Promo,Promo_23
Your SIM will be deactivated in 24hrs Verify Aadhaar: bitly/zikQqb,Spam,Hard_13
"Your PNB health insurance renewal is due 04 Jul. Renew online, save 30% on premium.",Promo,Promo_24
delhivery: shipment od6180779561 reached your city hub. expected delivery: 02 jul.,Delivery,Delivery_4
You have 3658 reward points expiring on 03 Jul. Redeem on Swiggy.,Promo,Promo_20
ALERT: Rs.98718 withdrawn from ATM using card XX6406 on 23-06-26. Bal: Rs.116711. -HDFC Bank,Bank,Bank_3
  714513 - use this code to sign in to PhonePe. Never share it with anyone.,OTP,OTP_7
Delivered! Your Swiggy order OD7576423131 was delivered on 04 Jul. Rate your experience: bit.ly/qZRSHI,Delivery,Delivery_2
Out for delivery: Ur Meesho package OD4484136983 will arrive today by 3 PM. -XpressBees,Delivery,Delivery_1
Out  for delivery: Your Myntra package OD5858033052 will arrive today by 6 PM. -BlueDart,Delivery,Delivery_1
  OTP for delivery of order OD9389488146 is 5630. Share only with the delivery agent. -Ekart,Delivery,Delivery_9
Your Uber code: 8540,OTP,Hard_8
Pre-approved!  Get a PNB credit card with Rs.495946 limit. Zero joining fee. Apply: bit.ly/nkqvXD,Promo,Promo_14
Flat Rs.1750 cashback on ur next order at Flipkart. Use code SAVE78. Valid till 04 Jul.,Promo,Promo_2
Use code 7051 at checkout for 25% off at Meesho!,Promo,Hard_0
OUT FOR DELIVERY: YOUR AMAZON PACKAGE OD3318455895 WILL ARRIVE TODAY BY 12 PM. -EKART,Delivery,Delivery_1
AUTO-PAY OF RS.8089 TO DIVYA IS SCHEDULED ON 13-03-26 FROM A/C XX8600. ENSURE SUFFICIENT BALANCE.,Bank,Bank_13
low balance alert: a/c xx1333 balance is rs.242530. maintain min balance to avoid charges.,Bank,Bank_10
  Confirmation code 36693 for BigBasket. Keep it private.,OTP,OTP_11
pay rs.2910 on delivery for order od984563262. -delhivery,Delivery,Hard_10
Interest of Rs.57013 credited to your FD A/c XX6190 -Axis Bank,Bank,Bank_9
"Hi Agastya, unlock Rs.1443 off your first order at Zomato with code NEW45.",Promo,Promo_7
CONFIRMATION CODE 482109 FOR IRCTC. KEEP IT PRIVATE.,OTP,OTP_11
MAHIKA FROM XPRESSBEES IS ARRIVING WITH YOUR PACKAGE. CONTACT: 04898331232,Delivery,Delivery_6
Rs.1554 cashback credited to your Paytm wallet. Use on your next order.,Promo,Promo_21
Swiggy: Free delivery all weekend! Order your favourites now.,Promo,Promo_13
HUNGRY? GET 70% OFF UP TO RS.52 ON YOUR NEXT 3 ORDERS. CODE: EAT57. -SWIGGY,Promo,Promo_12
Use 20919 to complete your Paytm registration. Valid till 15 mins.,OTP,OTP_4
Meesho: 644128 is your login OTP. It expires in 5 minutes.,OTP,OTP_6
Paytm: 493621 is ur login OTP. It expires in 15 minutes.,OTP,OTP_6
Dear customer ur BOB account will be blocked! Update KYC now: bit.ly/NmbZCP,Spam,Hard_11
Your  one time password is 222618 for Axis Bank. Please do not share it.,OTP,OTP_5
"your sbi health insurance renewal is due 06 jul. renew online, save 40% on premium.",Promo,Promo_24
  Mason from XpressBees is arriving with your package. Contact: 08431066717,Delivery,Delivery_6
Swiggy: Free delivery all weekend! Order your favourites now,Promo,Promo_13
ALERT: Rs.44955 withdrawn from ATM using card XX8080 on 25-06-26. Bal: Rs.347792. -Axis Bank,Bank,Bank_3
  Rs.71459 debited from A/c XX8910 on 10-01-26 to Leena. Avl Bal: Rs.382089. -SBI,Bank,Bank_0
ALERT: Rs.88181 withdrawn from ATM using card XX4260 on 15-02-26. Bal: Rs.33104. -SBI,Bank,Bank_3
Recharge with Rs.1863 & get 40% extra talktime. Offer valid today only!,Promo,Promo_5
942391 is your SBI security code. Anyone asking for it is a scammer. -TM,OTP,OTP_9
YOUR OTP IS 86801. USE IT TO VERIFY YOUR MEESHO ACCOUNT. EXPIRES IN 30 MIN.,OTP,OTP_1
Cheque no. 202158418866 for Rs.97344 has been cleared from A/c XX9422. -Axis Bank,Bank,Bank_8
Your one time password is 949217 for Axis Bank. Please do not share it.,OTP,OTP_5
You have 2775 reward points expiring on 05 Jul. Redeem on Zomato.,Promo,Promo_20
WEEKEND SPECIAL AT BIGBASKET! MIN 20% OFF ON EVERYTHING. DON'T MISS OUT: BIT.LY/YUDHXE,Promo,Promo_6
Congratulations! You won Rs.1209538 in lucky draw. Claim: bit.ly/wMuzfK,Spam,Hard_12
Items  in your order history are back in stock at BigBasket. Prices start Rs.1706.,Promo,Promo_23
Delhivery: Shipment OD8489924898 reached your city hub Expected delivery: 05 Jul,Delivery,Delivery_4
Your Meesho order OD1187723920 has been shipped via BlueDart. Track: bit.ly/rFGfpO -TM,Delivery,Delivery_0
871617 is your verification code for Zomato. Never share your OTP.,OTP,OTP_3
OTP: 760485 for txn of Rs.46559 at Amazon. Do not share. -Axis Bank STOP to opt out,OTP,OTP_2
BigBasket: Your cart misses you! Complete purchase now & get 10% off. bit.ly/zVjclR T&C apply,Promo,Promo_4
Convert your HDFC Bank card purchase of Rs.1064 into easy EMIs at 0% interest. Reply YES. T&C apply,Promo,Promo_15
DATA EXHAUSTED? GET 2GB EXTRA WITH RS.1816 BOOSTER PACK. DIAL *121# OR VISIT APP.,Promo,Promo_11
otp-based login was enabled for your a/c xx6194. call axis bank if this wasn't you.,Bank,Hard_2
your account statement for june is available. download from the pnb app.,Bank,Bank_16
Your Myntra order OD8283028529 has been shipped via DTDC. Track: bit.ly/UeyuOP,Delivery,Delivery_0
Salary  of Rs.11121 credited to A/c XX4444. Avl Bal: Rs.283939. -Axis Bank,Bank,Bank_7
Amazon Big Billion Days! Up to 70% off + extra 10% with BOB cards. Hurry! STOP to opt out,Promo,Promo_1
OTP-based login was enabled for your A/c XX4843. Call HDFC Bank if this wasn't you.,Bank,Hard_2
  Out for delivery: Your Swiggy package OD1884094632 will arrive today by 6 PM. -XpressBees,Delivery,Delivery_1
  BigBasket: Your cart misses you! Complete purchase now & get 40% off. bit.ly/tzZLjV,Promo,Promo_4
18064 is your Uber security code. Anyone asking for it is a scammer.,OTP,OTP_9
AUTO-PAY OF RS.28093 TO BIMALA IS SCHEDULED ON 28-04-26 FROM A/C XX8798. ENSURE SUFFICIENT BALANCE.,Bank,Bank_13
Delhivery: Shipment OD7871347584 reached your city hub. Expected delivery: 05 Jul. T&C apply,Delivery,Delivery_4
Coupon 7738 gives you free delivery on orders above Rs.4612. -Amazon,Promo,Hard_1
Out  for delivery: Your Amazon package OD9304655633 will arrive today by 12 PM. -BlueDart,Delivery,Delivery_1
Exclusive for you! Buy 1 Get 1 FREE at Swiggy. Limited period offer. Visit bit.ly/OIbGbS STOP to opt out,Promo,Promo_3
Tap to verify: 775574. This code expires shortly.,OTP,Hard_9
UPI payment of Rs.74366 to Ishanvi successful. UPI Ref: 554720075719. -PNB,Bank,Bank_6
Data exhausted? Get 2GB extra with INR 1028 booster pack. Dial *121# or visit app.,Promo,Promo_11
Uber: 398720 is your login OTP. It expires in 2 minutes.,OTP,OTP_6
Axis Bank: 889764 is ur login OTP. It expires in 5 minutes.,OTP,OTP_6
Hungry? Get 70% off up to Rs.838 on your next 3 orders. Code: EAT18. -Swiggy,Promo,Promo_12
Use code 6545 at checkout for 10% off at Meesho!,Promo,Hard_0
Rs.95355  credited to A/c XX7124 on 06-04-26. Avl Bal: Rs.426008. -ICICI Bank,Bank,Bank_1
Auto-pay of Rs.3025 to Jhalak is scheduled on 14-01-26 from A/c XX1796 Ensure sufficient balance,Bank,Bank_13
MEGA  SALE! Get 50% OFF on all products at BigBasket. Shop now: bit.ly/pEcKPX T&C apply.,Promo,Promo_0
G-564745 IS YOUR GOOGLE VERIFICATION CODE.,OTP,OTP_12
salary of rs.62387 credited to a/c xx3375. avl bal: rs.401478. -icici bank,Bank,Bank_7
  Items in your order history are back in stock at Zomato. Prices start Rs.1997.,Promo,Promo_23
Meesho Big Billion Days! Up to 10% off + extra 10% with ICICI Bank cards. Hurry!,Promo,Promo_1
UPI payment of Rs.31839 to Ladli successful. UPI Ref: 587283134157. -Kotak,Bank,Bank_6
"Never share your OTP, PIN or CVV. Kotak never asks for these. Stay safe.",Bank,Hard_3
"Hey, my new number is 4438744299. Save it! Meet at noon?",Personal,Hard_4
761995  is your Flipkart security code. Anyone asking for it is a scammer.,OTP,OTP_9
Salary of Rs.63061 credited to A/c XX1611. Avl Bal: Rs.291026. -SBI,Bank,Bank_7
Convert your PNB card purchase of Rs.429 into easy EMIs at 0% interest. Reply YES. STOP to opt out,Promo,Promo_15
TAP TO VERIFY: 917685. THIS CODE EXPIRES SHORTLY.,OTP,Hard_9
Your  return pickup for order OD7255064393 is scheduled on 04 Jul. Keep the item ready. -Zomato,Delivery,Delivery_7
"hey, my new number is +910843209433. save it! meet at 8?",Personal,Hard_4
137056 is ur Zomato security code. Anyone asking for it is a scammer.,OTP,OTP_9
G-840607 is your Google verification code.,OTP,OTP_12
Ur Swiggy order OD9918906754 has been shipped via BlueDart. Track: bit.ly/VNSgoy,Delivery,Delivery_0
"never share your otp, pin or cvv. icici bank never asks for these. stay safe.",Bank,Hard_3
488103 is your verification code for PNB. Never share your OTP.,OTP,OTP_3
OTP for delivery of order OD2076620263 is 1603. Share only with the delivery agent. -BlueDart,Delivery,Delivery_9
  Low balance alert: A/c XX1327 balance is Rs.379977. Maintain min balance to avoid charges.,Bank,Bank_10
Salary of Rs.24294 credited to A/c XX6561 Avl Bal: Rs.219502 -BOB,Bank,Bank_7
RS.1340 CASHBACK CREDITED TO YOUR AMAZON PAY WALLET. USE ON YOUR NEXT ORDER.,Promo,Promo_21
"Hi Kamya, unlock Rs.543 off your first order at Flipkart with code NEW44.",Promo,Promo_7
"Hi Rishi, unlock Rs.480 off your first order at Zomato with code NEW31",Promo,Promo_7
Your Kotak debit card XX2711 has been blocked due to suspicious activity. Visit branch or call 1800-XXX to unblock.,Bank,Bank_11
Order OD9684782769 packed and ready! Expected dispatch by 01 Jul. -Meesho,Delivery,Delivery_8
BlueDart: Shipment OD6784806006 reached your city hub. Expected delivery: 02 Jul. STOP to opt out,Delivery,Delivery_4
ALERT: RS.41662 WITHDRAWN FROM ATM USING CARD XX6928 ON 24-05-26. BAL: RS.55571. -PNB,Bank,Bank_3
delivery attempt failed for order od5598356652. we will retry tomorrow. -delhivery,Delivery,Delivery_5
Your PNB debit card XX1946 has been blocked due to suspicious activity. Visit branch or call 1800-XXX to unblock.,Bank,Bank_11
Your return pickup for order OD7430946380 is scheduled on 04 Jul. Keep the item ready. -Flipkart,Delivery,Delivery_7
"Hi Triya, unlock Rs.1240 off ur first order at Myntra with code NEW13.",Promo,Promo_7
  Work from home! Earn Rs.1411159/month. Join: bit.ly/NGRfgY,Spam,Hard_14
Your return pickup for order OD6429850917 is scheduled on 06 Jul. Keep the item ready. -Myntra,Delivery,Delivery_7
your fd of rs.46496 matures on 07-04-26. renew or withdraw via netbanking. -axis bank,Bank,Bank_14
Pay Rs.2587 on delivery for order OD516250922. -Ekart,Delivery,Hard_10
You have 4636 reward points expiring on 06 Jul. Redeem on Zomato.,Promo,Promo_20
delivered! your bigbasket order od4633099920 was delivered on 04 jul. rate your experience: bit.ly/qemudw,Delivery,Delivery_2
Confirmation code 288877 for Ola. Keep it private.,OTP,OTP_11
OTP for delivery of order OD3791998447 is 2982. Share only with the delivery agent. -Delhivery,Delivery,Delivery_9
Pay Rs.3160 on delivery for order OD501796448. -XpressBees,Delivery,Hard_10
Interest of Rs.4387 credited to your FD A/c XX6462 -PNB,Bank,Bank_9
Your A/c XX2809 is debited with Rs.32760 on 04-01-26. Info: UPI-Azad. Bal: Rs.11901,Bank,Bank_2
"Never  share your OTP, PIN or CVV. SBI never asks for these. Stay safe.",Bank,Hard_3
"Class shifted to room 4369, come fast",Personal,Hard_6
Ekart: Shipment OD1227163218 reached your city hub. Expected delivery: 04 Jul.,Delivery,Delivery_4
OTP: 915424 for txn of Rs.38717 at BOB Do not share -HDFC Bank,OTP,OTP_2
Convert your PNB card purchase of Rs.858 into easy EMIs at 0% interest. Reply YES.,Promo,Promo_15
Your one time password is 565251 for PhonePe. Please do not share it.,OTP,OTP_5
OTP  for delivery of order OD6000987910 is 3049. Share only with the delivery agent. -DTDC,Delivery,Delivery_9
Out for delivery: Your BigBasket package OD6365525899 will arrive today by 9 PM. -Delhivery,Delivery,Delivery_1
  708192 is your OTP for Amazon login. Valid for 2 minutes. Do not share with anyone.,OTP,OTP_0
Cheque no. 598845194082 for Rs.98291 has been cleared from A/c XX6345. -Kotak,Bank,Bank_8
loved your recent bigbasket order? reorder in 1 tap and get 30% off today.,Promo,Promo_22
  Beware of fraud calls asking for card details. PNB officials never ask for PIN or CVV.,Bank,Bank_15
RS.46444 CREDITED TO A/C XX5174 ON 08-01-26. AVL BAL: RS.206593. -AXIS BANK,Bank,Bank_1
Salary of Rs.98267 credited to A/c XX9662. Avl Bal: Rs.284713. -SBI,Bank,Bank_7
Beware of fraud calls asking for card details. ICICI Bank officials never ask for PIN or CVV. T&C apply,Bank,Bank_15
Mohammed from XpressBees is arriving with your package. Contact: 2392341021,Delivery,Delivery_6
Tap to verify: 788121 This code expires shortly,OTP,Hard_9
rs.60249 debited from a/c xx7952 on 04-07-26 to faris. avl bal: rs.372965. -axis bank,Bank,Bank_0
COUPON 7055 GIVES YOU FREE DELIVERY ON ORDERS ABOVE RS.666. -FLIPKART,Promo,Hard_1
  Beware of fraud calls asking for card details. HDFC Bank officials never ask for PIN or CVV.,Bank,Bank_15
  ALERT: Rs.42256 withdrawn from ATM using card XX6735 on 17-03-26. Bal: Rs.374729. -ICICI Bank,Bank,Bank_3
YOUR KOTAK DEBIT CARD XX7849 HAS BEEN BLOCKED DUE TO SUSPICIOUS ACTIVITY. VISIT BRANCH OR CALL 1800-XXX TO UNBLOCK.,Bank,Bank_11
Delivery attempt failed for order OD7227346873 We will retry tomorrow -Delhivery,Delivery,Delivery_5
  Auto-pay of Rs.34175 to Jason is scheduled on 29-06-26 from A/c XX2797. Ensure sufficient balance.,Bank,Bank_13
356921 is your verification code for Ola. Never share your OTP.,OTP,OTP_3
FLIGHT FARES DROPPED! BOM-LKO FROM RS.398. BOOK ON GOIBIBO BEFORE MIDNIGHT.,Promo,Promo_16
"Your ICICI Bank health insurance renewal is due 04 Jul. Renew online, save 60% on premium.",Promo,Promo_24
"  Hi Kabir, unlock Rs.949 off your first order at Zomato with code NEW68.",Promo,Promo_7
Missed our shows? Come back to Netflix at 50% off for 3 months. Resubscribe: bit.ly/BmQlLC,Promo,Promo_19
Coupon  8221 gives you free delivery on orders above Rs.2853. -Amazon,Promo,Hard_1
Enter 885920 to verify your mobile number for Paytm,OTP,OTP_10
Beware of fraud calls asking for card details. Kotak officials never ask for PIN or CVV.,Bank,Bank_15
Work from home! Earn Rs.1900603/month Join: bitly/zfUXTM,Spam,Hard_14
your uber code: 8598,OTP,Hard_8
"Hi  Aachal, unlock Rs.1663 off your first order at Swiggy with code NEW61.",Promo,Promo_7
OTP: 462660 FOR TXN OF RS.47321 AT HDFC BANK. DO NOT SHARE. -ICICI BANK,OTP,OTP_2
210325 is your OTP for Zomato login. Valid for 10 minutes. Do not share with anyone.,OTP,OTP_0
Your order OD3671041325 from Flipkart is arriving tomorrow. Keep Rs.4184 ready for COD.,Delivery,Delivery_3
your a/c xx3940 is debited with rs.90724 on 16-04-26. info: upi-yatin. bal: rs.38067,Bank,Bank_2
Reyansh from XpressBees is arriving with ur package. Contact: 00508683521,Delivery,Delivery_6
Order OD4430894806 packed and ready! Expected dispatch by 03 Jul. -Myntra STOP to opt out,Delivery,Delivery_8
Ur Uber code: 3738,OTP,Hard_8
<#> 156875 is your Paytm code. Valid 30 min. hA8sk2Lqp3 -TM,OTP,OTP_13
BOB: 197361 is your login OTP. It expires in 5 minutes.,OTP,OTP_6
XpressBees: Shipment OD3897487777 reached your city hub. Expected delivery: 02 Jul. STOP to opt out,Delivery,Delivery_4
OTP for delivery of order OD4109591800 is 5360 Share only with the delivery agent -Delhivery,Delivery,Delivery_9
EMI of INR 38814 due on 17-02-26 for loan A/c XX4465. Pay now to avoid charges. -ICICI Bank,Bank,Bank_4
Ur Myntra membership expires soon. Renew now & save 10%: bit.ly/CWIAHR,Promo,Promo_9
beware of fraud calls asking for card details. pnb officials never ask for pin or cvv.,Bank,Bank_15
Rs.42516 debited from A/c XX3554 on 06-05-26 to Mekhala. Avl Bal: Rs.473576. -PNB,Bank,Bank_0
MEGA SALE! Get 30% OFF on all products at Meesho. Shop now: bit.ly/AGkAWG T&C apply.,Promo,Promo_0
UPI payment of Rs.33874 to Samarth successful. UPI Ref: 745720735402. -Axis Bank,Bank,Bank_6
  Rs.63532 debited from A/c XX4436 on 28-02-26 to Baljiwan. Avl Bal: Rs.317358. -Kotak,Bank,Bank_0
ALERT: Rs.97103 withdrawn from ATM using card XX4001 on 17-04-26. Bal: Rs.73354. -SBI,Bank,Bank_3
Loved your recent Zomato order? Reorder in 1 tap and get 80% off today,Promo,Promo_22
Your credit card XX3250 statement is ready. Total due: Rs.3834. Min due: Rs.1657. -BOB,Bank,Bank_5
LOVED YOUR RECENT MEESHO ORDER? REORDER IN 1 TAP AND GET 70% OFF TODAY.,Promo,Promo_22
Low balance alert: A/c XX4417 balance is Rs.196234. Maintain min balance to avoid charges.,Bank,Bank_10
"Your Kotak health insurance renewal is due 05 Jul. Renew online, save 70% on premium.",Promo,Promo_24
kyc update pending for a/c xx1125. please visit your nearest icici bank branch by 08-01-26 to avoid restrictions.,Bank,Bank_12
Confirmation code 241022 for HDFC Bank. Keep it private.,OTP,OTP_11
ALERT: Rs.48714 withdrawn from ATM using card XX7178 on 29-01-26. Bal: Rs.2629. -Kotak T&C apply,Bank,Bank_3
Cheque no. 393553567749 for Rs.30542 has been cleared from A/c XX1699. -HDFC Bank,Bank,Bank_8
Ur Vi pack expires tomorrow. Recharge with Rs.1071 for 3GB/day + unlimited calls.,Promo,Promo_10
Flight fares dropped! HYD-CCU from Rs.1968. Book on Goibibo before midnight.,Promo,Promo_16
Your Myntra order OD7399663452 has been shipped via Delhivery Track: bitly/Erdtjd,Delivery,Delivery_0
Enter 925221 to verify your mobile number for GPay.,OTP,OTP_10
  Interest of Rs.35588 credited to your FD A/c XX3134. -PNB,Bank,Bank_9
G-409087 is your Google verification code.,OTP,OTP_12
your otp is 969465. use it to verify your zomato account. expires in 15 min.,OTP,OTP_1
"Bro send me Rs.2773 on gpay, will return by 01 Jul",Personal,Hard_5
last day! zomato clearance sale ends tonight. up to 70% off sitewide.,Promo,Promo_8
  Missed our shows? Come back to SonyLIV at 50% off for 3 months. Resubscribe: bit.ly/dAhDyY,Promo,Promo_19
Your account statement for June is available Download from the HDFC Bank app,Bank,Bank_16
XpressBees: Shipment OD9745541206 reached your city hub. Expected delivery: 01 Jul.,Delivery,Delivery_4
BEWARE OF FRAUD CALLS ASKING FOR CARD DETAILS. PNB OFFICIALS NEVER ASK FOR PIN OR CVV.,Bank,Bank_15
Swiggy: Free delivery all weekend! Order your favourites now.,Promo,Promo_13
your order od2745823803 from amazon is arriving tomorrow. keep rs.4576 ready for cod.,Delivery,Delivery_3
Flat  Rs.1339 cashback on your next order at BigBasket. Use code SAVE20. Valid till 05 Jul.,Promo,Promo_2
Cheque no. 952579953855 for INR 79609 has been cleared from A/c XX2169. -PNB,Bank,Bank_8
hungry? get 50% off up to rs.563 on your next 3 orders. code: eat94. -zomato,Promo,Promo_12
Exclusive  for you! Buy 1 Get 1 FREE at Swiggy. Limited period offer. Visit bit.ly/niJogM,Promo,Promo_3
Cheque no. 245504703892 for Rs.83456 has been cleared from A/c XX2589. -PNB T&C apply,Bank,Bank_8
SWIGGY: FREE DELIVERY ALL WEEKEND! ORDER YOUR FAVOURITES NOW.,Promo,Promo_13
"Class shifted to room 9361, come fast",Personal,Hard_6
BlueDart: Shipment OD6387452521 reached your city hub. Expected delivery: 03 Jul.,Delivery,Delivery_4
G-497387 is your Google verification code.,OTP,OTP_12
391174 - use this to sign in. Never share this code with anyone.,OTP,Hard_7
Dear customer ur Axis Bank account will be blocked! Update KYC now: bit.ly/YtQpKh,Spam,Hard_11
Cheque no. 254498332117 for Rs.79818 has been cleared from A/c XX4899. -Kotak,Bank,Bank_8
Interest  of Rs.62877 credited to your FD A/c XX5833. -PNB,Bank,Bank_9
EMI of Rs.48655 due on 15-01-26 for loan A/c XX2110. Pay now to avoid charges. -SBI -TM,Bank,Bank_4
BigBasket: 21998 is your login OTP. It expires in 10 minutes.,OTP,OTP_6
Your A/c XX8433 is debited with Rs.42084 on 20-01-26. Info: UPI-Ridhi. Bal: Rs.113838,Bank,Bank_2
your order od6041896737 from flipkart is arriving tomorrow. keep rs.1603 ready for cod.,Delivery,Delivery_3
DTDC: Shipment OD9923607393 reached your city hub. Expected delivery: 03 Jul.,Delivery,Delivery_4
Swiggy: Your cart misses you! Complete purchase now & get 60% off. bit.ly/IuYwEA,Promo,Promo_4
Your  return pickup for order OD3412214313 is scheduled on 05 Jul. Keep the item ready. -Amazon,Delivery,Delivery_7
Items in your order history are back in stock at Amazon. Prices start Rs.1645.,Promo,Promo_23
  <#> 344037 is your Flipkart code. Valid 10 min. hA8sk2Lqp3,OTP,OTP_13
178709 IS YOUR ICICI BANK SECURITY CODE. ANYONE ASKING FOR IT IS A SCAMMER.,OTP,OTP_9
Your Airtel pack expires tomorrow. Recharge with Rs.1500 for 2GB/day + unlimited calls.,Promo,Promo_10
Coupon 8240 gives you free delivery on orders above Rs.1515. -Meesho,Promo,Hard_1
  Beware of fraud calls asking for card details. PNB officials never ask for PIN or CVV.,Bank,Bank_15
Cheque no. 492227254518 for Rs.61159 has been cleared from A/c XX8304. -HDFC Bank,Bank,Bank_8
OTP-BASED LOGIN WAS ENABLED FOR YOUR A/C XX8753. CALL AXIS BANK IF THIS WASN'T YOU.,Bank,Hard_2
117528 is your verification code for Netflix. Never share your OTP.,OTP,OTP_3
Your return pickup for order OD1036175512 is scheduled on 03 Jul. Keep the item ready. -Zomato,Delivery,Delivery_7
EMI of Rs.77732 due on 27-06-26 for loan A/c XX2588. Pay now to avoid charges. -HDFC Bank,Bank,Bank_4
Congratulations! U won Rs.1228210 in lucky draw. Claim: bit.ly/xFtjot,Spam,Hard_12
OTP-based login was enabled for ur A/c XX8017. Call SBI if this wasn't you.,Bank,Hard_2
Your return pickup for order OD1544413381 is scheduled on 05 Jul. Keep the item ready. -Zomato,Delivery,Delivery_7
Your return pickup for order OD1329461770 is scheduled on 02 Jul. Keep the item ready. -BigBasket,Delivery,Delivery_7
Your account statement for July is available Download from the PNB app,Bank,Bank_16
ORDER OD4108098578 PACKED AND READY! EXPECTED DISPATCH BY 01 JUL. -SWIGGY,Delivery,Delivery_8
YOUR ICICI BANK DEBIT CARD XX5495 HAS BEEN BLOCKED DUE TO SUSPICIOUS ACTIVITY. VISIT BRANCH OR CALL 1800-XXX TO UNBLOCK.,Bank,Bank_11
  Delivered! Your Meesho order OD1509541589 was delivered on 06 Jul. Rate your experience: bit.ly/pJaBjs,Delivery,Delivery_2
Rs.5671 debited from A/c XX5693 on 07-04-26 to Lopa Avl Bal: Rs.490952 -BOB,Bank,Bank_0
"Hi  Kabir, unlock Rs.889 off your first order at Flipkart with code NEW28.",Promo,Promo_7
ALERT: Rs.6430 withdrawn from ATM using card XX9816 on 25-02-26. Bal: Rs.428884. -ICICI Bank,Bank,Bank_3
Your order OD9637711688 from Myntra is arriving tomorrow. Keep Rs.4812 ready for COD.,Delivery,Delivery_3
Confirmation code 936676 for Ola. Keep it private.,OTP,OTP_11
Out for delivery: Your Zomato package OD6984442680 will arrive today by 12 PM -BlueDart,Delivery,Delivery_1
MYNTRA BIG BILLION DAYS! UP TO 20% OFF + EXTRA 10% WITH PNB CARDS. HURRY!,Promo,Promo_1
G-422045 IS YOUR GOOGLE VERIFICATION CODE.,OTP,OTP_12
"Your  HDFC Bank health insurance renewal is due 06 Jul. Renew online, save 70% on premium.",Promo,Promo_24
373338 - use this to sign in. Never share this code with anyone.,OTP,Hard_7
475377  - use this to sign in. Never share this code with anyone.,OTP,Hard_7
Your account statement for June is available. Download from the ICICI Bank app.,Bank,Bank_16
Recharge with Rs.1204 & get 80% extra talktime. Offer valid today only!,Promo,Promo_5
OTP for delivery of order OD4717353469 is 5958 Share only with the delivery agent -Delhivery,Delivery,Delivery_9
911146 is your OTP for ICICI Bank login. Valid for 10 minutes. Do not share with anyone.,OTP,OTP_0
dear customer ur sbi account will be blocked! update kyc now: bit.ly/cnlliq,Spam,Hard_11
exclusive for you! buy 1 get 1 free at meesho. limited period offer. visit bit.ly/hwmpnl,Promo,Promo_3
Your Jio pack expires tomorrow. Recharge with Rs.1444 for 3GB/day + unlimited calls.,Promo,Promo_10
delivered! your zomato order od6935694886 was delivered on 04 jul. rate your experience: bit.ly/ffmhnc,Delivery,Delivery_2
Rs.11135 debited from A/c XX4029 on 08-04-26 to Upadhriti. Avl Bal: Rs.435796. -BOB,Bank,Bank_0
Pay Rs.3910 on delivery for order OD994582829. -XpressBees,Delivery,Hard_10
Last day! Swiggy clearance sale ends tonight. Up to 70% off sitewide.,Promo,Promo_8
Loved your recent Swiggy order? Reorder in 1 tap and get 50% off today,Promo,Promo_22
Your  return pickup for order OD9693780024 is scheduled on 06 Jul. Keep the item ready. -Meesho,Delivery,Delivery_7
Your Ola code: 167579 T&C apply,OTP,OTP_8
Your A/c XX4206 is debited with Rs.53060 on 12-05-26. Info: UPI-Charan. Bal: Rs.426443,Bank,Bank_2
Hungry? Get 60% off up to Rs.1986 on your next 3 orders. Code: EAT61. -Zomato,Promo,Promo_12
  Your Uber code: 2648,OTP,Hard_8
579285 - use this to sign in. Never share this code with anyone.,OTP,Hard_7
You have 4345 reward points expiring on 06 Jul. Redeem on Swiggy. T&C apply,Promo,Promo_20
Ur Airtel pack expires tomorrow. Recharge with Rs.215 for 2GB/day + unlimited calls.,Promo,Promo_10
pre-approved! get a hdfc bank credit card with rs.171746 limit. zero joining fee. apply: bit.ly/xlcxwa,Promo,Promo_14
your meesho code: 279244,OTP,OTP_8
Jason from Ekart is arriving with your package. Contact: +913370937496,Delivery,Delivery_6
  Your Axis Bank code: 469705,OTP,OTP_8
Ur Uber code: 3065,OTP,Hard_8
<#> 676190 is your Ola code. Valid 10 min. hA8sk2Lqp3 T&C apply,OTP,OTP_13
Convert  your BOB card purchase of Rs.1447 into easy EMIs at 0% interest. Reply YES.,Promo,Promo_15
YOUR CREDIT CARD XX8157 STATEMENT IS READY. TOTAL DUE: RS.63121. MIN DUE: RS.1946. -AXIS BANK,Bank,Bank_5
OTP-based login was enabled for your A/c XX8628. Call Axis Bank if this wasn't you.,Bank,Hard_2
Your SonyLIV plan renews on 06 Jul at Rs.848. Upgrade to 4K for Rs.401/month.,Promo,Promo_18
BlueDart: Shipment OD6067998577 reached your city hub. Expected delivery: 02 Jul.,Delivery,Delivery_4
ALERT: RS.93242 WITHDRAWN FROM ATM USING CARD XX6728 ON 13-02-26. BAL: RS.454248. -SBI,Bank,Bank_3
g-318512 is your google verification code.,OTP,OTP_12
MEGA SALE! GET 70% OFF ON ALL PRODUCTS AT SWIGGY. SHOP NOW: BIT.LY/HRANWF T&C APPLY.,Promo,Promo_0
Rs.1640  cashback credited to your PhonePe wallet. Use on your next order.,Promo,Promo_21
488732  is your GPay security code. Anyone asking for it is a scammer.,OTP,OTP_9
Swiggy: Free delivery all weekend! Order ur favourites now.,Promo,Promo_13
KYC update pending for A/c XX1537. Please visit your nearest Axis Bank branch by 06-03-26 to avoid restrictions.,Bank,Bank_12
244731 - use this code to sign in to Kotak. Never share it with anyone.,OTP,OTP_7
  G-359165 is your Google verification code.,OTP,OTP_12
Low  balance alert: A/c XX7296 balance is Rs.150179. Maintain min balance to avoid charges.,Bank,Bank_10
EMI of Rs.28211 due on 06-03-26 for loan A/c XX7723. Pay now to avoid charges. -HDFC Bank,Bank,Bank_4
Dear customer ur SBI account will be blocked! Update KYC now: bit.ly/eqpzyW,Spam,Hard_11
ITEMS IN YOUR ORDER HISTORY ARE BACK IN STOCK AT MEESHO. PRICES START RS.1485.,Promo,Promo_23
Your A/c XX9049 is debited with Rs.99315 on 10-03-26. Info: UPI-Madhavi. Bal: Rs.237395 -TM,Bank,Bank_2
Your Amazon code: 362550,OTP,OTP_8
Your Uber code: 9288,OTP,Hard_8
"Hey, my new number is +916919675525. Save it! Meet at 8?",Personal,Hard_4
412609 - use this code to sign in to HDFC Bank Never share it with anyone,OTP,OTP_7
Your OTP is 533197. Use it to verify your Flipkart account. Expires in 10 min.,OTP,OTP_1
Order OD5778931019 packed and ready! Expected dispatch by 04 Jul. -Myntra T&C apply,Delivery,Delivery_8
SALARY OF RS.43645 CREDITED TO A/C XX8585. AVL BAL: RS.3696. -PNB,Bank,Bank_7
  Dakshesh from Delhivery is arriving with your package. Contact: 5442030745,Delivery,Delivery_6
"Class shifted to room 9127, come fast",Personal,Hard_6
your otp is 809968. use it to verify your hdfc bank account. expires in 15 min.,OTP,OTP_1
Your order OD4868023011 from Swiggy is arriving tomorrow. Keep Rs.4481 ready for COD.,Delivery,Delivery_3
work from home! earn rs.1846014/month. join: bit.ly/ujbkui,Spam,Hard_14
ICICI  Bank: 452148 is your login OTP. It expires in 2 minutes.,OTP,OTP_6
Work from home! Earn Rs.510091/month Join: bitly/DViGYs,Spam,Hard_14
your account statement for june is available. download from the axis bank app.,Bank,Bank_16
YOUR JIO PACK EXPIRES TOMORROW. RECHARGE WITH RS.1130 FOR 2GB/DAY + UNLIMITED CALLS.,Promo,Promo_10
"  Bro send me Rs.1083 on gpay, will return by 01 Jul",Personal,Hard_5
Recharge with Rs.1653 & get 60% extra talktime. Offer valid today only!,Promo,Promo_5
  Use 32587 to complete your Amazon registration. Valid till 2 mins.,OTP,OTP_4
confirmation code 617139 for paytm. keep it private.,OTP,OTP_11
Beware of fraud calls asking for card details. SBI officials never ask for PIN or CVV.,Bank,Bank_15
Ur FD of Rs.46778 matures on 22-03-26. Renew or withdraw via netbanking. -Axis Bank,Bank,Bank_14
Confirmation code 224050 for Hotstar. Keep it private.,OTP,OTP_11
  Zomato: Free delivery all weekend! Order your favourites now.,Promo,Promo_13
Your credit card XX6736 statement is ready. Total due: Rs.39606. Min due: Rs.3023. -Kotak,Bank,Bank_5
UPI payment of Rs.60659 to Om successful. UPI Ref: 555256252624. -PNB -TM,Bank,Bank_6
Out for delivery: Your BigBasket package OD7945171535 will arrive today by 6 PM. -BlueDart,Delivery,Delivery_1
Coupon 8043 gives you free delivery on orders above Rs.2512 -Zomato,Promo,Hard_1
Your return pickup for order OD1790633291 is scheduled on 04 Jul. Keep the item ready. -Amazon,Delivery,Delivery_7
Your  A/c XX5296 is debited with Rs.37644 on 31-01-26. Info: UPI-Yashodhara. Bal: Rs.414833,Bank,Bank_2
Your FD of Rs.24362 matures on 11-04-26. Renew or withdraw via netbanking. -PNB,Bank,Bank_14
Your FD of INR 79550 matures on 03-07-26. Renew or withdraw via netbanking. -ICICI Bank,Bank,Bank_14
AUTO-PAY OF RS.87966 TO KAI IS SCHEDULED ON 05-07-26 FROM A/C XX8562. ENSURE SUFFICIENT BALANCE.,Bank,Bank_13
Pay Rs.4841 on delivery for order OD870016718. -BlueDart -TM,Delivery,Hard_10
Weekend special at Amazon! Min 80% off on everything. Don't miss out: bit.ly/ClgpPS,Promo,Promo_6
Delhivery: Shipment OD6857183962 reached your city hub Expected delivery: 06 Jul,Delivery,Delivery_4
201401 - use this code to sign in to Axis Bank. Never share it with anyone.,OTP,OTP_7
Order OD3083717111 packed and ready! Expected dispatch by 03 Jul. -Myntra,Delivery,Delivery_8
emi of rs.1307 due on 18-01-26 for loan a/c xx4477. pay now to avoid charges. -hdfc bank,Bank,Bank_4
Your A/c XX7476 is debited with Rs.18454 on 27-02-26. Info: UPI-Harini. Bal: Rs.368272,Bank,Bank_2
"Your HDFC Bank health insurance renewal is due 01 Jul Renew online, save 30% on premium",Promo,Promo_24
Convert  your HDFC Bank card purchase of Rs.893 into easy EMIs at 0% interest. Reply YES.,Promo,Promo_15
"Ur BOB health insurance renewal is due 05 Jul. Renew online, save 50% on premium.",Promo,Promo_24
Congratulations!  You won Rs.247837 in lucky draw. Claim: bit.ly/gOoijW,Spam,Hard_12
YOU HAVE 1495 REWARD POINTS EXPIRING ON 01 JUL. REDEEM ON ZOMATO.,Promo,Promo_20
Congratulations! You won Rs.759106 in lucky draw Claim: bitly/LOgeol,Spam,Hard_12
Bachittar from BlueDart is arriving with your package. Contact: 05605169287,Delivery,Delivery_6
  Items in your order history are back in stock at Myntra. Prices start Rs.632.,Promo,Promo_23
"Hi Bachittar, unlock Rs.1615 off your first order at Swiggy with code NEW18",Promo,Promo_7
CHEQUE NO. 422048208181 FOR RS.30217 HAS BEEN CLEARED FROM A/C XX9164. -PNB,Bank,Bank_8
Delivered! Your Amazon order OD5503050338 was delivered on 03 Jul. Rate your experience: bit.ly/yqCiUF,Delivery,Delivery_2
Tap to verify: 294905. This code expires shortly.,OTP,Hard_9
Last day! Amazon clearance sale ends tonight. Up to 60% off sitewide. T&C apply,Promo,Promo_8
BlueDart: Shipment OD4640978210 reached your city hub. Expected delivery: 02 Jul.,Delivery,Delivery_4
Missed  our shows? Come back to SonyLIV at 50% off for 3 months. Resubscribe: bit.ly/xqNqvV,Promo,Promo_19
G-72808 is your Google verification code.,OTP,OTP_12
Out for delivery: Your Amazon package OD3190437457 will arrive today by 12 PM -Delhivery,Delivery,Delivery_1
work from home! earn rs.1903209/month. join: bit.ly/cazgtw,Spam,Hard_14
Beware of fraud calls asking for card details. Kotak officials never ask for PIN or CVV.,Bank,Bank_15
  Order OD6212574647 packed and ready! Expected dispatch by 04 Jul. -Swiggy,Delivery,Delivery_8
MEGA SALE! Get 10% OFF on all products at Myntra. Shop now: bit.ly/GBrNDC T&C apply. T&C apply,Promo,Promo_0
Your OTP is 7541. Use it to verify your IRCTC account. Expires in 2 min.,OTP,OTP_1
Your Uber code: 5455,OTP,Hard_8
BigBasket Big Billion Days! Up to 70% off + extra 10% with PNB cards. Hurry!,Promo,Promo_1
g-866439 is your google verification code.,OTP,OTP_12
LOW BALANCE ALERT: A/C XX3677 BALANCE IS RS.68464. MAINTAIN MIN BALANCE TO AVOID CHARGES.,Bank,Bank_10
564500 - use this to sign in. never share this code with anyone.,OTP,Hard_7
Ur order OD8835469784 from Swiggy is arriving tomorrow. Keep Rs.4108 ready for COD.,Delivery,Delivery_3
YOUR ICICI BANK DEBIT CARD XX4672 HAS BEEN BLOCKED DUE TO SUSPICIOUS ACTIVITY. VISIT BRANCH OR CALL 1800-XXX TO UNBLOCK.,Bank,Bank_11
Weekend special at Myntra! Min 20% off on everything. Don't miss out: bit.ly/nczMDO,Promo,Promo_6
"Hey, my new number is +911032130789. Save it! Meet at 6pm?",Personal,Hard_4
Ekart: Shipment OD3837624981 reached your city hub. Expected delivery: 03 Jul.,Delivery,Delivery_4
ORDER OD3242197790 PACKED AND READY! EXPECTED DISPATCH BY 02 JUL. -SWIGGY,Delivery,Delivery_8
Low balance alert: A/c XX7122 balance is INR 431459. Maintain min balance to avoid charges.,Bank,Bank_10
Ur account statement for July is available. Download from the HDFC Bank app.,Bank,Bank_16
Irya from DTDC is arriving with ur package. Contact: 05809795732,Delivery,Delivery_6
Your Swiggy order OD5454741591 has been shipped via DTDC. Track: bit.ly/eatINB -TM,Delivery,Delivery_0
Your OTP is 210459 Use it to verify your Paytm account Expires in 10 min,OTP,OTP_1
OTP for delivery of order OD5677858126 is 7139. Share only with the delivery agent. -DTDC,Delivery,Delivery_9
Weekend  special at Swiggy! Min 20% off on everything. Don't miss out: bit.ly/ceEzyJ,Promo,Promo_6
Auto-pay of Rs.5022 to Ubika is scheduled on 03-05-26 from A/c XX5808 Ensure sufficient balance,Bank,Bank_13
confirmation code 80765 for hotstar. keep it private.,OTP,OTP_11
out for delivery: your bigbasket package od5334667526 will arrive today by 3 pm. -bluedart,Delivery,Delivery_1
Your  Kotak debit card XX9726 has been blocked due to suspicious activity. Visit branch or call 1800-XXX to unblock.,Bank,Bank_11
OTP for delivery of order OD7883004061 is 2558. Share only with the delivery agent. -XpressBees,Delivery,Delivery_9
Enter 959938 to verify your mobile number for BigBasket. STOP to opt out,OTP,OTP_10
Cheque no. 824768090819 for Rs.71357 has been cleared from A/c XX7674. -PNB -TM,Bank,Bank_8
Rs.75620 debited from A/c XX7359 on 11-01-26 to Meghana. Avl Bal: Rs.52346. -PNB,Bank,Bank_0
  Cheque no. 574794190803 for Rs.20331 has been cleared from A/c XX2911. -Kotak,Bank,Bank_8
