text,label
ALERT: RS.95799 WITHDRAWN FROM ATM USING CARD XX2754 ON 22-04-26. BAL: RS.121976. -HDFC BANK,Bank
FLAT RS.1546 CASHBACK ON YOUR NEXT ORDER AT ZOMATO. USE CODE SAVE41. VALID TILL 04 JUL.,Promo
Recharge with Rs.545 & get 10% extra talktime. Offer valid today only!,Promo
Interest  of Rs.21829 credited to your FD A/c XX3400. -SBI,Bank
OTP-based login was enabled for your A/c XX8037. Call SBI if this wasn't you.,Bank
Delivery  attempt failed for order OD3444248648. We will retry tomorrow. -Ekart,Delivery
Flat Rs.1625 cashback on your next order at Meesho. Use code SAVE61. Valid till 02 Jul.,Promo
  Rs.35677 credited to A/c XX8978 on 03-04-26. Avl Bal: Rs.61575. -HDFC Bank,Bank
359736 is your OTP for BigBasket login. Valid for 5 minutes. Do not share with anyone. T&C apply,OTP
Pay Rs.2130 on delivery for order OD243174879. -BlueDart,Delivery
Coupon 7057 gives you free delivery on orders above Rs.3184. -Amazon,Promo
Recharge with Rs.1445 & get 30% extra talktime. Offer valid today only!,Promo
395222 - use this code to sign in to Uber. Never share it with anyone.,OTP
your uber code: 186249,OTP
Your return pickup for order OD6203086891 is scheduled on 01 Jul. Keep the item ready. -Swiggy,Delivery
Your Zomato membership expires soon. Renew now & save 30%: bit.ly/MgqSZQ,Promo
Rs.38012 debited from A/c XX3521 on 15-06-26 to Peter. Avl Bal: Rs.158315. -Kotak,Bank
Your  A/c XX7899 is debited with Rs.98020 on 24-04-26. Info: UPI-Anya. Bal: Rs.30126,Bank
GPay: 97248 is your login OTP. It expires in 10 minutes.,OTP
Rs.16615 credited to A/c XX7674 on 24-04-26 Avl Bal: Rs.114472 -SBI,Bank
Your  one time password is 659604 for Amazon. Please do not share it.,OTP
Flat Rs.510 cashback on your next order at Meesho. Use code SAVE96. Valid till 01 Jul.,Promo
Your  Zomato order OD3185242850 has been shipped via DTDC. Track: bit.ly/VVRJOI,Delivery
Low  balance alert: A/c XX7806 balance is Rs.311456. Maintain min balance to avoid charges.,Bank
CONFIRMATION CODE 147820 FOR FLIPKART. KEEP IT PRIVATE.,OTP
meesho big billion days! up to 50% off + extra 10% with pnb cards. hurry!,Promo
Recharge with Rs.1033 & get 40% extra talktime. Offer valid today only! -TM,Promo
Rs.80289  credited to A/c XX5223 on 01-01-26. Avl Bal: Rs.410987. -SBI,Bank
Your order OD8675970724 from Swiggy is arriving tomorrow. Keep Rs.2005 ready for COD. STOP to opt out,Delivery
Work from home! Earn Rs.2407051/month. Join: bit.ly/xlmkik,Spam
Delivered! Your BigBasket order OD2654236017 was delivered on 01 Jul. Rate your experience: bit.ly/VTsFyT,Delivery
EMI  of Rs.90953 due on 01-02-26 for loan A/c XX6507. Pay now to avoid charges. -ICICI Bank,Bank
Your Flipkart membership expires soon. Renew now & save 60%: bit.ly/WPNJSI -TM,Promo
45590 is your myntra security code. anyone asking for it is a scammer.,OTP
Your SIM will be deactivated in 24hrs. Verify Aadhaar: bit.ly/QbNpyl,Spam
Recharge with Rs.269 & get 80% extra talktime. Offer valid today only!,Promo
Your Amazon membership expires soon. Renew now & save 30%: bit.ly/imDxLZ,Promo
  Delivered! Your Amazon order OD7723186905 was delivered on 03 Jul. Rate your experience: bit.ly/WVFrQs,Delivery
940586 is your OTP for IRCTC login. Valid for 15 minutes. Do not share with anyone.,OTP
Your Meesho order OD6374951965 has been shipped via BlueDart. Track: bit.ly/JXJzze,Delivery
Your order OD5421964205 from Meesho is arriving tomorrow. Keep Rs.2162 ready for COD.,Delivery
YOUR RETURN PICKUP FOR ORDER OD6280791233 IS SCHEDULED ON 04 JUL. KEEP THE ITEM READY. -BIGBASKET,Delivery
EMI of Rs.91740 due on 01-06-26 for loan A/c XX5556. Pay now to avoid charges. -Axis Bank,Bank
YOUR OTP IS 544338. USE IT TO VERIFY YOUR UBER ACCOUNT. EXPIRES IN 15 MIN.,OTP
EMI of Rs.30863 due on 09-02-26 for loan A/c XX5956. Pay now to avoid charges. -Kotak,Bank
690130 is your verification code for GPay. Never share your OTP.,OTP
Bishakha from Delhivery is arriving with your package. Contact: 1873131107,Delivery
YOUR A/C XX2318 IS DEBITED WITH RS.5864 ON 24-03-26. INFO: UPI-AYAAN. BAL: RS.233730,Bank
Naksh from XpressBees is arriving with ur package. Contact: +913985915819,Delivery
Recharge with Rs.135 & get 70% extra talktime. Offer valid today only!,Promo
462079  - use this to sign in. Never share this code with anyone.,OTP
Your credit card XX2961 statement is ready. Total due: Rs.16480. Min due: Rs.4368. -Kotak,Bank
Your  credit card XX8610 statement is ready. Total due: Rs.85916. Min due: Rs.3838. -HDFC Bank,Bank
Recharge with Rs.102 & get 20% extra talktime. Offer valid today only!,Promo
Your SBI code: 15336,OTP
516884 is your verification code for Ola. Never share your OTP.,OTP
736700 IS YOUR AXIS BANK SECURITY CODE. ANYONE ASKING FOR IT IS A SCAMMER.,OTP
Low balance alert: A/c XX8371 balance is Rs.443692. Maintain min balance to avoid charges. -TM,Bank
Your Meesho membership expires soon Renew now & save 50%: bitly/dPoeRx,Promo
380744  - use this code to sign in to IRCTC. Never share it with anyone.,OTP
Your credit card XX6495 statement is ready. Total due: Rs.29166. Min due: Rs.3000. -ICICI Bank,Bank
154163 - use this to sign in. Never share this code with anyone.,OTP
Ekart: Shipment OD3170736477 reached your city hub. Expected delivery: 04 Jul.,Delivery
Cheque no. 442922914446 for Rs.29642 has been cleared from A/c XX2174. -Axis Bank,Bank
Zomato: Your cart misses you! Complete purchase now & get 40% off. bit.ly/ZqDUyM -TM,Promo
YOUR ZOMATO ORDER OD6904238896 HAS BEEN SHIPPED VIA XPRESSBEES. TRACK: BIT.LY/VWPAGB,Delivery
OTP-based login was enabled for your A/c XX2604. Call Kotak if this wasn't you.,Bank
Your Amazon membership expires soon. Renew now & save 60%: bit.ly/GNpeWg,Promo
  Last day! Amazon clearance sale ends tonight. Up to 80% off sitewide.,Promo
Rs.91164 credited to A/c XX9423 on 21-05-26. Avl Bal: Rs.99278. -ICICI Bank,Bank
zomato: your cart misses you! complete purchase now & get 30% off. bit.ly/wotbjr,Promo
Cheque no. 128495521425 for Rs.30775 has been cleared from A/c XX8708. -SBI,Bank
841522 is your verification code for PhonePe. Never share your OTP. -TM,OTP
G-623687  is your Google verification code.,OTP
Last day! Amazon clearance sale ends tonight. Up to 30% off sitewide.,Promo
OTP for delivery of order OD1804275348 is 2532 Share only with the delivery agent -BlueDart,Delivery
Cheque no. 843788858476 for Rs.78013 has been cleared from A/c XX6191. -SBI,Bank
"Class shifted to room 7502, come fast",Personal
G-546923 is your Google verification code. -TM,OTP
Tap to verify: 776753. This code expires shortly.,OTP
"BRO SEND ME RS.1317 ON GPAY, WILL RETURN BY 02 JUL",Personal
Mohammed from XpressBees is arriving with your package Contact: 00373287028,Delivery
your credit card xx9875 statement is ready. total due: rs.26894. min due: rs.600. -axis bank,Bank
561773 is your HDFC Bank security code. Anyone asking for it is a scammer.,OTP
Cheque no. 457407289750 for Rs.99817 has been cleared from A/c XX6227. -Axis Bank,Bank
Your credit card XX1506 statement is ready. Total due: INR 40006. Min due: INR 2748. -Kotak,Bank
"Bro send me INR 1248 on gpay, will return by 01 Jul",Personal
  Exclusive for you! Buy 1 Get 1 FREE at Myntra. Limited period offer. Visit bit.ly/aAxsPH,Promo
<#> 584020 is your Paytm code. Valid 15 min. hA8sk2Lqp3,OTP
OTP for delivery of order OD1888371385 is 7174. Share only with the delivery agent. -DTDC -TM,Delivery
Ira from Delhivery is arriving with ur package. Contact: 08981311745,Delivery
"Hi Faraj, unlock Rs.1710 off your first order at Flipkart with code NEW16.",Promo
Your  BigBasket membership expires soon. Renew now & save 10%: bit.ly/ROHnzo,Promo
169994 is your verification code for Flipkart. Never share your OTP.,OTP
UPI payment of Rs.55660 to Sneha successful. UPI Ref: 760069158841. -Kotak,Bank
ALERT: Rs.9325 withdrawn from ATM using card XX8975 on 16-03-26. Bal: Rs.340939. -SBI,Bank
Your Swiggy code: 766410,OTP
OTP: 931271 for txn of INR 19717 at Paytm. Do not share. -PNB,OTP
115387 is your OTP for Uber login. Valid for 2 minutes. Do not share with anyone.,OTP
Low balance alert: A/c XX3713 balance is Rs.384068. Maintain min balance to avoid charges.,Bank
<#> 188245 is your PhonePe code. Valid 10 min. hA8sk2Lqp3,OTP
141304 is your GPay security code Anyone asking for it is a scammer,OTP
Recharge with Rs.1216 & get 10% extra talktime. Offer valid today only! STOP to opt out,Promo
OTP-based  login was enabled for your A/c XX3662. Call SBI if this wasn't you.,Bank
"Hey,  my new number is 04660299336. Save it! Meet at noon?",Personal
Recharge with Rs.619 & get 40% extra talktime. Offer valid today only!,Promo
OTP for delivery of order OD6866675448 is 9907. Share only with the delivery agent. -Delhivery,Delivery
salary of rs.96533 credited to a/c xx9750. avl bal: rs.430923. -kotak,Bank
Exclusive  for you! Buy 1 Get 1 FREE at Amazon. Limited period offer. Visit bit.ly/iRwJcM,Promo
Ur Swiggy order OD4983774499 has been shipped via DTDC. Track: bit.ly/IccHQw,Delivery
G-888692 is your Google verification code.,OTP
Order OD5281880298 packed and ready! Expected dispatch by 04 Jul. -Zomato,Delivery
Your  Flipkart order OD3310600617 has been shipped via Ekart. Track: bit.ly/ugYwlM,Delivery
  Meesho: 982767 is your login OTP. It expires in 5 minutes.,OTP
your zomato membership expires soon. renew now & save 10%: bit.ly/vmgjws,Promo
EMI of Rs.34269 due on 24-06-26 for loan A/c XX1366. Pay now to avoid charges. -Kotak,Bank
208884 - use this code to sign in to SBI. Never share it with anyone.,OTP
Bhanumati from XpressBees is arriving with your package. Contact: 03203823666,Delivery
431193 is ur OTP for Myntra login. Valid for 15 minutes. Do not share with anyone.,OTP
UPI  payment of Rs.55719 to Mason successful. UPI Ref: 730907243508. -PNB,Bank
RECHARGE WITH RS.1350 & GET 80% EXTRA TALKTIME. OFFER VALID TODAY ONLY!,Promo
Congratulations! You won Rs.24965 in lucky draw Claim: bitly/LWzAUB,Spam
INR 63100 credited to A/c XX4034 on 09-06-26. Avl Bal: INR 445002. -HDFC Bank,Bank
"  Hi Chandani, unlock Rs.90 off your first order at BigBasket with code NEW78.",Promo
YOUR ORDER OD1547786189 FROM ZOMATO IS ARRIVING TOMORROW. KEEP RS.3116 READY FOR COD.,Delivery
ALERT: Rs.47927 withdrawn from ATM using card XX2813 on 31-05-26. Bal: Rs.37401. -Kotak,Bank
Your Meesho membership expires soon. Renew now & save 70%: bit.ly/hsegRS,Promo
Your OTP is 484675 Use it to verify your ICICI Bank account Expires in 2 min,OTP
"bro send me rs.786 on gpay, will return by 02 jul",Personal
EMI of Rs.64163 due on 25-06-26 for loan A/c XX1253. Pay now to avoid charges. -ICICI Bank T&C apply,Bank
"Class shifted to room 4841, come fast",Personal
Ola:  452525 is your login OTP. It expires in 10 minutes.,OTP
your a/c xx8977 is debited with rs.21862 on 10-02-26. info: upi-gaurika. bal: rs.280764,Bank
  790191 is your verification code for Swiggy. Never share your OTP.,OTP
Xiti from Delhivery is arriving with your package. Contact: 8391197110,Delivery
Flat Rs.1031 cashback on your next order at Swiggy. Use code SAVE38. Valid till 04 Jul.,Promo
g-510891 is your google verification code.,OTP
OTP: 928144 FOR TXN OF RS.33556 AT GPAY. DO NOT SHARE. -BOB,OTP
  Exclusive for you! Buy 1 Get 1 FREE at Meesho. Limited period offer. Visit bit.ly/RvAkKv,Promo
Flat Rs.64 cashback on your next order at BigBasket. Use code SAVE60. Valid till 01 Jul.,Promo
Your A/c XX2298 is debited with Rs.70095 on 12-02-26. Info: UPI-Vyanjana. Bal: Rs.247804 -TM,Bank
Myntra Big Billion Days! Up to 60% off + extra 10% with PNB cards. Hurry!,Promo
14058 is your SBI security code. Anyone asking for it is a scammer.,OTP
Use 283869 to complete your PhonePe registration. Valid till 30 mins.,OTP
Your  credit card XX9199 statement is ready. Total due: Rs.22923. Min due: Rs.4381. -SBI,Bank
emi of rs.71507 due on 04-04-26 for loan a/c xx7129. pay now to avoid charges. -icici bank,Bank
547522 - use this code to sign in to Netflix. Never share it with anyone.,OTP
rs.2189 debited from a/c xx8856 on 03-04-26 to gunbir. avl bal: rs.447642. -hdfc bank,Bank
Ekart:  Shipment OD8052976605 reached your city hub. Expected delivery: 01 Jul.,Delivery
OTP: 829851 for txn of Rs.18673 at IRCTC. Do not share. -PNB,OTP
Your  Uber code: 632865,OTP
Zomato: Your cart misses you! Complete purchase now & get 50% off. bit.ly/nFuAyT,Promo
salary of rs.58802 credited to a/c xx9893. avl bal: rs.113690. -bob,Bank
Rs.24009 debited from A/c XX1126 on 24-05-26 to Kala. Avl Bal: Rs.481757. -BOB,Bank
otp: 117625 for txn of rs.23576 at bigbasket. do not share. -bob,OTP
  94917 is your verification code for Myntra. Never share your OTP.,OTP
OTP-based login was enabled for your A/c XX4073. Call Axis Bank if this wasn't you. -TM,Bank
Your one time password is 485536 for ICICI Bank. Please do not share it.,OTP
Delivery attempt failed for order OD1249530867. We will retry tomorrow. -BlueDart,Delivery
ALERT:  Rs.76406 withdrawn from ATM using card XX2726 on 24-06-26. Bal: Rs.6708. -Kotak,Bank
Ola: 440334 is your login OTP. It expires in 30 minutes.,OTP
Cheque no. 762943008636 for Rs.64262 has been cleared from A/c XX9218. -BOB,Bank
OTP for delivery of order OD3718007989 is 1849. Share only with the delivery agent. -Delhivery,Delivery
OTP for delivery of order OD3676416387 is 3723 Share only with the delivery agent -Ekart,Delivery
Salary of Rs.4210 credited to A/c XX7184. Avl Bal: Rs.412675. -PNB,Bank
salary of rs.28396 credited to a/c xx7394. avl bal: rs.427166. -hdfc bank,Bank
XpressBees: Shipment OD5438313871 reached your city hub. Expected delivery: 03 Jul.,Delivery
Delivery attempt failed for order OD8181544584. We will retry tomorrow. -XpressBees,Delivery
Out  for delivery: Your Zomato package OD1096265843 will arrive today by 3 PM. -DTDC,Delivery
bluedart: shipment od5850922542 reached your city hub. expected delivery: 03 jul.,Delivery
your myntra membership expires soon. renew now & save 10%: bit.ly/gkdpxb,Promo
Exclusive  for you! Buy 1 Get 1 FREE at Myntra. Limited period offer. Visit bit.ly/ATkFCS,Promo
Order OD6232532028 packed and ready! Expected dispatch by 01 Jul. -Swiggy,Delivery
Confirmation code 73293 for GPay. Keep it private.,OTP
Interest of Rs.25915 credited to your FD A/c XX2263. -SBI,Bank
OUT FOR DELIVERY: YOUR AMAZON PACKAGE OD2571865787 WILL ARRIVE TODAY BY 3 PM. -XPRESSBEES,Delivery
Your Uber code: 8131,OTP
Ur Uber code: 938997,OTP
895689 - use this code to sign in to Meesho. Never share it with anyone.,OTP
cheque no. 631771836915 for rs.34692 has been cleared from a/c xx3350. -hdfc bank,Bank
"Bro send me Rs.1294 on gpay, will return by 02 Jul -TM",Personal
Confirmation code 642390 for Axis Bank. Keep it private. STOP to opt out,OTP
Ur Myntra order OD8053041936 has been shipped via Ekart. Track: bit.ly/mGJVod,Delivery
Falguni from Ekart is arriving with your package. Contact: +915602618805,Delivery
Swiggy: Your cart misses you! Complete purchase now & get 40% off. bit.ly/JVrDNb,Promo
Rs.41192 credited to A/c XX8449 on 24-05-26. Avl Bal: Rs.163638. -PNB,Bank
OTP for delivery of order OD2470405788 is 8841 Share only with the delivery agent -Delhivery,Delivery
Dear customer ur HDFC Bank account will be blocked! Update KYC now: bit.ly/AVejlU,Spam
  Your credit card XX7869 statement is ready. Total due: Rs.15060. Min due: Rs.1089. -BOB,Bank
EMI of Rs.45993 due on 10-03-26 for loan A/c XX2729. Pay now to avoid charges. -PNB,Bank
EXCLUSIVE FOR YOU! BUY 1 GET 1 FREE AT SWIGGY. LIMITED PERIOD OFFER. VISIT BIT.LY/CLLAQF,Promo
Amazon: Your cart misses you! Complete purchase now & get 20% off. bit.ly/pSpUEy,Promo
  Rs.72242 credited to A/c XX3577 on 24-04-26. Avl Bal: Rs.335281. -PNB,Bank
"Hey, my new number is 1521631148. Save it! Meet at noon?",Personal
interest of rs.61090 credited to your fd a/c xx8366. -bob,Bank
YOUR CREDIT CARD XX7670 STATEMENT IS READY. TOTAL DUE: RS.14094. MIN DUE: RS.4149. -AXIS BANK,Bank
"BRO SEND ME RS.3643 ON GPAY, WILL RETURN BY 01 JUL",Personal
  Delivered! Your Flipkart order OD7300066195 was delivered on 03 Jul. Rate your experience: bit.ly/WZXiHo,Delivery
Weekend special at BigBasket! Min 50% off on everything. Don't miss out: bit.ly/QeYZCN -TM,Promo
Exclusive  for you! Buy 1 Get 1 FREE at Zomato. Limited period offer. Visit bit.ly/JCjVHV,Promo
Cheque no. 433556154362 for Rs.2118 has been cleared from A/c XX6671. -Axis Bank,Bank
Your order OD7145826609 from Swiggy is arriving tomorrow. Keep Rs.2895 ready for COD.,Delivery
Recharge with Rs.1057 & get 30% extra talktime. Offer valid today only!,Promo
814621 IS YOUR VERIFICATION CODE FOR AXIS BANK. NEVER SHARE YOUR OTP.,OTP
Out for delivery: Your Amazon package OD6529943548 will arrive today by 3 PM -DTDC,Delivery
Your A/c XX4238 is debited with Rs.67091 on 23-06-26 Info: UPI-Chandran Bal: Rs.291643,Bank
Your credit card XX8771 statement is ready. Total due: Rs.78178. Min due: Rs.3778. -PNB,Bank
849391  - use this to sign in. Never share this code with anyone.,OTP
MEGA SALE! Get 40% OFF on all products at Amazon. Shop now: bit.ly/NTcQmZ T&C apply.,Promo
Dear customer ur Axis Bank account will be blocked! Update KYC now: bitly/iohiNk,Spam
Exclusive for you! Buy 1 Get 1 FREE at Zomato. Limited period offer. Visit bit.ly/ubAyZr STOP to opt out,Promo
Your OTP is 841066. Use it to verify your IRCTC account. Expires in 2 min.,OTP
YOUR KOTAK CODE: 928515,OTP
Exclusive for you! Buy 1 Get 1 FREE at Flipkart. Limited period offer. Visit bit.ly/PpaFJm,Promo
Salary  of Rs.52955 credited to A/c XX3074. Avl Bal: Rs.184472. -PNB,Bank
Your return pickup for order OD7646634604 is scheduled on 03 Jul. Keep the item ready. -Meesho,Delivery
ALERT: RS.92856 WITHDRAWN FROM ATM USING CARD XX1937 ON 03-03-26. BAL: RS.270827. -BOB,Bank
Your  credit card XX9934 statement is ready. Total due: Rs.24460. Min due: Rs.1728. -Kotak,Bank
MEGA SALE! Get 70% OFF on all products at BigBasket Shop now: bitly/YKcevp T&C apply,Promo
OTP-based login was enabled for your A/c XX7213. Call PNB if this wasn't you.,Bank
Flat Rs.1027 cashback on your next order at Amazon. Use code SAVE28. Valid till 02 Jul.,Promo
Low balance alert: A/c XX6910 balance is Rs.216423. Maintain min balance to avoid charges.,Bank
Your Zomato order OD8025007153 has been shipped via Ekart. Track: bit.ly/jINAmy,Delivery
Order  OD5091986660 packed and ready! Expected dispatch by 04 Jul. -BigBasket,Delivery
Myntra  Big Billion Days! Up to 60% off + extra 10% with HDFC Bank cards. Hurry!,Promo
RS.10086 CREDITED TO A/C XX5676 ON 25-05-26. AVL BAL: RS.456538. -KOTAK,Bank
"Hey, my new number is 2266303283 Save it! Meet at tonight?",Personal
DTDC: Shipment OD2053596136 reached your city hub. Expected delivery: 04 Jul.,Delivery
Use code 3984 at checkout for 10% off at Meesho!,Promo
your hdfc bank code: 60072,OTP
Ur BigBasket order OD9842404335 has been shipped via DTDC. Track: bit.ly/lYtKoE,Delivery
Delivery  attempt failed for order OD8614729902. We will retry tomorrow. -Delhivery,Delivery
Delivered! Your Myntra order OD6707401231 was delivered on 04 Jul. Rate your experience: bit.ly/lPfQtz,Delivery
Dear  customer ur BOB account will be blocked! Update KYC now: bit.ly/Rolxnw,Spam
<#> 227224 is your Paytm code. Valid 15 min. hA8sk2Lqp3,OTP
Your HDFC Bank code: 163416,OTP
Cheque no. 555988786104 for INR 69411 has been cleared from A/c XX3112. -SBI,Bank
UPI payment of Rs.7753 to Priya successful. UPI Ref: 461914489622. -BOB,Bank
Rs.97328 credited to A/c XX2842 on 04-02-26. Avl Bal: Rs.58432. -Axis Bank,Bank
  Congratulations! You won Rs.735241 in lucky draw. Claim: bit.ly/JzdRUs,Spam
Rs.27074 debited from A/c XX1652 on 05-06-26 to Inaya. Avl Bal: Rs.359631. -Kotak,Bank
G-211615 is your Google verification code.,OTP
Delivered! Your Myntra order OD2763373656 was delivered on 03 Jul Rate your experience: bitly/gKANrR,Delivery
otp for delivery of order od1608356372 is 1510. share only with the delivery agent. -xpressbees,Delivery
Recharge with Rs.1939 & get 70% extra talktime. Offer valid today only!,Promo
Cheque no. 452842033866 for Rs.75493 has been cleared from A/c XX3177. -Axis Bank,Bank
"  Hi Neelima, unlock Rs.1997 off your first order at Myntra with code NEW20.",Promo
zomato: your cart misses you! complete purchase now & get 80% off. bit.ly/ycmvlq,Promo
693405 is your ola security code. anyone asking for it is a scammer.,OTP
INTEREST OF RS.85568 CREDITED TO YOUR FD A/C XX1593. -KOTAK,Bank
436370  is your OTP for Amazon login. Valid for 2 minutes. Do not share with anyone.,OTP
"CLASS SHIFTED TO ROOM 9411, COME FAST",Personal
OTP: 590069 for txn of Rs.402 at PhonePe. Do not share. -Axis Bank,OTP
Your Amazon code: 528440 T&C apply,OTP
Use 703094 to complete your SBI registration. Valid till 5 mins.,OTP
Your BigBasket code: 604129,OTP
Confirmation code 599134 for Myntra. Keep it private. -TM,OTP
Vansha  from Delhivery is arriving with your package. Contact: 3168307998,Delivery
alert: rs.26565 withdrawn from atm using card xx2959 on 11-04-26. bal: rs.201063. -icici bank,Bank
rs.27106 debited from a/c xx8760 on 08-05-26 to girik. avl bal: rs.245354. -hdfc bank,Bank
Flat Rs.656 cashback on your next order at Swiggy. Use code SAVE99. Valid till 01 Jul.,Promo
OTP  for delivery of order OD5165224212 is 9395. Share only with the delivery agent. -BlueDart,Delivery
Low balance alert: A/c XX3435 balance is INR 175239. Maintain min balance to avoid charges.,Bank
EMI of Rs.54827 due on 02-01-26 for loan A/c XX8708 Pay now to avoid charges -BOB,Bank
Your  IRCTC code: 518066,OTP
Recharge with Rs.1080 & get 10% extra talktime Offer valid today only!,Promo
G-186977 is your Google verification code.,OTP
Low balance alert: A/c XX2247 balance is Rs.164505. Maintain min balance to avoid charges.,Bank
Use  code 6798 at checkout for 10% off at BigBasket!,Promo
alert: rs.13896 withdrawn from atm using card xx3003 on 27-04-26. bal: rs.52215. -sbi,Bank
EXCLUSIVE FOR YOU! BUY 1 GET 1 FREE AT MEESHO. LIMITED PERIOD OFFER. VISIT BIT.LY/DSIKCE,Promo
Meesho: 906118 is your login OTP. It expires in 5 minutes.,OTP
OTP: 424069 for txn of Rs.10906 at Netflix. Do not share. -Axis Bank,OTP
"CLASS SHIFTED TO ROOM 5524, COME FAST",Personal
USE 953504 TO COMPLETE YOUR GPAY REGISTRATION. VALID TILL 10 MINS.,OTP
Weekend special at Flipkart! Min 70% off on everything Don't miss out: bitly/TxViHX,Promo
Congratulations! You won Rs.2213186 in lucky draw. Claim: bit.ly/ABcaoD T&C apply,Spam
MEGA SALE! GET 80% OFF ON ALL PRODUCTS AT MYNTRA. SHOP NOW: BIT.LY/TQLRPL T&C APPLY.,Promo
your meesho order od6421028562 has been shipped via bluedart. track: bit.ly/gfexqq,Delivery
OTP FOR DELIVERY OF ORDER OD9178618182 IS 2384. SHARE ONLY WITH THE DELIVERY AGENT. -DELHIVERY,Delivery
  Your A/c XX8965 is debited with Rs.6021 on 21-03-26. Info: UPI-Vidhi. Bal: Rs.116854,Bank
Flat Rs.1474 cashback on your next order at Flipkart. Use code SAVE94. Valid till 04 Jul.,Promo
DTDC: Shipment OD7457799194 reached your city hub. Expected delivery: 02 Jul.,Delivery
amazon: 879632 is your login otp. it expires in 2 minutes.,OTP
"Never  share your OTP, PIN or CVV. Kotak never asks for these. Stay safe.",Bank
Your IRCTC code: 754559,OTP
Your Uber code: 1295,OTP
Rs.39605 credited to A/c XX6667 on 18-01-26. Avl Bal: Rs.75540. -HDFC Bank,Bank
Enter 853620 to verify your mobile number for GPay.,OTP
Enter 111574 to verify your mobile number for Swiggy.,OTP
EMI  of Rs.59217 due on 15-06-26 for loan A/c XX3471. Pay now to avoid charges. -BOB,Bank
"CLASS SHIFTED TO ROOM 8885, COME FAST",Personal
Kotak: 98697 is your login OTP. It expires in 2 minutes.,OTP
Work from home! Earn Rs.509906/month. Join: bit.ly/LhYuZE,Spam
Saumya from DTDC is arriving with ur package. Contact: +913153455340,Delivery
Rs.84064  debited from A/c XX1398 on 21-03-26 to Mitesh. Avl Bal: Rs.203284. -Axis Bank,Bank
PhonePe:  35138 is your login OTP. It expires in 15 minutes.,OTP
Meesho: Your cart misses you! Complete purchase now & get 10% off. bit.ly/WbCWwN,Promo
Flat Rs.378 cashback on your next order at Zomato. Use code SAVE94. Valid till 03 Jul.,Promo
Myntra: 967513 is ur login OTP. It expires in 5 minutes.,OTP
Order OD6728329050 packed and ready! Expected dispatch by 04 Jul. -Zomato,Delivery
INTEREST OF RS.8461 CREDITED TO YOUR FD A/C XX9731. -ICICI BANK,Bank
Your Uber code: 1917,OTP
MEGA SALE! Get 10% OFF on all products at Amazon Shop now: bitly/rWJMaw T&C apply,Promo
Your OTP is 439914. Use it to verify your Kotak account. Expires in 5 min.,OTP
alert: rs.90076 withdrawn from atm using card xx5454 on 10-04-26. bal: rs.86326. -sbi,Bank
Last  day! Zomato clearance sale ends tonight. Up to 60% off sitewide.,Promo
Use code 4534 at checkout for 25% off at Myntra!,Promo
Order OD2441682972 packed and ready! Expected dispatch by 04 Jul. -BigBasket,Delivery
Out for delivery: Your Flipkart package OD3750720235 will arrive today by 6 PM. -DTDC,Delivery
your myntra order od3711643645 has been shipped via delhivery. track: bit.ly/qyuxko,Delivery
Salary of Rs.69957 credited to A/c XX6164. Avl Bal: Rs.223586. -HDFC Bank,Bank
<#> 933128 is your Ola code. Valid 10 min. hA8sk2Lqp3,OTP
Out  for delivery: Your Myntra package OD7750308882 will arrive today by 3 PM. -Delhivery,Delivery
"Hi Qabil, unlock Rs.169 off your first order at Amazon with code NEW29. T&C apply",Promo
Salary of Rs.67155 credited to A/c XX9792. Avl Bal: Rs.178513. -HDFC Bank -TM,Bank
rs.21299 credited to a/c xx9384 on 18-01-26. avl bal: rs.4777. -icici bank,Bank
OTP: 609581 for txn of Rs.30033 at Axis Bank. Do not share. -BOB,OTP
Your Myntra order OD1858695283 has been shipped via Ekart. Track: bit.ly/hkBwaq,Delivery
141960 - use this to sign in. Never share this code with anyone.,OTP
Myntra: Your cart misses you! Complete purchase now & get 30% off. bit.ly/mOLVOS STOP to opt out,Promo
Your return pickup for order OD8909175144 is scheduled on 01 Jul. Keep the item ready. -Swiggy,Delivery
your order od7803633633 from zomato is arriving tomorrow. keep rs.2889 ready for cod.,Delivery
Rs.14175 credited to A/c XX8750 on 03-05-26. Avl Bal: Rs.341850. -Kotak,Bank
"Class shifted to room 1324, come fast",Personal
394998 - use this to sign in. Never share this code with anyone.,OTP
Amazon: Your cart misses you! Complete purchase now & get 10% off. bit.ly/gxkhcG T&C apply,Promo
interest of rs.45640 credited to your fd a/c xx9723. -kotak,Bank
Ekart: Shipment OD5685152361 reached your city hub Expected delivery: 04 Jul,Delivery
124187  is your PhonePe security code. Anyone asking for it is a scammer.,OTP
Myntra Big Billion Days! Up to 20% off + extra 10% with BOB cards. Hurry!,Promo
Low balance alert: A/c XX2287 balance is Rs.356543. Maintain min balance to avoid charges.,Bank
Zomato: Your cart misses you! Complete purchase now & get 20% off. bit.ly/UOLSNa,Promo
Coupon 4771 gives you free delivery on orders above Rs.3071. -Flipkart T&C apply,Promo
ICICI Bank: 65981 is your login OTP. It expires in 10 minutes.,OTP
  Confirmation code 28995 for Myntra. Keep it private.,OTP
Recharge with Rs.1395 & get 80% extra talktime Offer valid today only!,Promo
502301 - use this code to sign in to Zomato Never share it with anyone,OTP
EMI of Rs.39599 due on 26-03-26 for loan A/c XX4431. Pay now to avoid charges. -ICICI Bank STOP to opt out,Bank
Use 799544 to complete your SBI registration. Valid till 2 mins.,OTP
your a/c xx8513 is debited with rs.42745 on 11-01-26. info: upi-tara. bal: rs.9785,Bank
Your BigBasket membership expires soon. Renew now & save 40%: bit.ly/LuJrFt -TM,Promo
Use 704948 to complete your Zomato registration. Valid till 30 mins.,OTP
Confirmation code 701986 for Kotak. Keep it private.,OTP
251618 is ur verification code for Swiggy. Never share ur OTP.,OTP
564991 - use this code to sign in to Amazon. Never share it with anyone.,OTP
alert: rs.14115 withdrawn from atm using card xx6729 on 15-06-26. bal: rs.387000. -hdfc bank,Bank
Your Swiggy order OD5724110912 has been shipped via BlueDart Track: bitly/lXPLFn,Delivery
Your credit card XX4867 statement is ready. Total due: Rs.90565. Min due: Rs.2614. -HDFC Bank,Bank
Salary of Rs.2689 credited to A/c XX5373 Avl Bal: Rs.362840 -ICICI Bank,Bank
Delivered! Your Myntra order OD6351803718 was delivered on 04 Jul. Rate your experience: bit.ly/qegXvN,Delivery
742221 - use this code to sign in to Zomato. Never share it with anyone.,OTP
Use  222642 to complete your BOB registration. Valid till 30 mins.,OTP
Your credit card XX2524 statement is ready Total due: Rs.55315 Min due: Rs.1929 -ICICI Bank,Bank
your amazon membership expires soon. renew now & save 80%: bit.ly/rxhqmk,Promo
"Hey, my new number is 0527835575. Save it! Meet at noon?",Personal
  Interest of Rs.67795 credited to your FD A/c XX8110. -ICICI Bank,Bank
Ur A/c XX5276 is debited with Rs.48253 on 01-06-26. Info: UPI-Adweta. Bal: Rs.44734,Bank
Your  GPay code: 240894,OTP
Your one time password is 737276 for BOB. Please do not share it.,OTP
Cheque no. 680185018176 for Rs.57618 has been cleared from A/c XX3320. -SBI,Bank
PAY RS.2969 ON DELIVERY FOR ORDER OD250634435. -EKART,Delivery
"Never  share your OTP, PIN or CVV. BOB never asks for these. Stay safe.",Bank
Flat Rs.1219 cashback on your next order at Zomato. Use code SAVE43. Valid till 01 Jul.,Promo
Cheque no. 189653532045 for Rs.79065 has been cleared from A/c XX6277. -BOB,Bank
  Your OTP is 985223. Use it to verify your Flipkart account. Expires in 30 min.,OTP
Zomato: Your cart misses you! Complete purchase now & get 10% off. bit.ly/xICbtq,Promo
Dear customer ur Kotak account will be blocked! Update KYC now: bit.ly/PfIcGk,Spam
Work from home! Earn Rs.1383080/month. Join: bit.ly/HGKgHF,Spam
ALERT: Rs.42339 withdrawn from ATM using card XX8797 on 16-06-26. Bal: Rs.468663. -SBI,Bank
MEESHO: YOUR CART MISSES YOU! COMPLETE PURCHASE NOW & GET 30% OFF. BIT.LY/KKJVDS,Promo
  Cheque no. 153654763777 for Rs.96978 has been cleared from A/c XX7380. -PNB,Bank
MEGA SALE! Get 50% OFF on all products at Swiggy. Shop now: bit.ly/HOcZoU T&C apply.,Promo
Order OD3622457209 packed and ready! Expected dispatch by 02 Jul. -Swiggy,Delivery
BigBasket:  389746 is your login OTP. It expires in 30 minutes.,OTP
Your credit card XX6036 statement is ready Total due: Rs.17294 Min due: Rs.1458 -SBI,Bank
Your  BigBasket code: 22819,OTP
Cheque no. 864913078765 for Rs.77364 has been cleared from A/c XX4102. -PNB,Bank
Ur Meesho membership expires soon. Renew now & save 40%: bit.ly/eeqPYG,Promo
"  Hi Yagnesh, unlock Rs.729 off your first order at Swiggy with code NEW69.",Promo
654583 IS YOUR UBER SECURITY CODE. ANYONE ASKING FOR IT IS A SCAMMER.,OTP
OTP for delivery of order OD6376406570 is 7505. Share only with the delivery agent. -Delhivery,Delivery
Your SIM will be deactivated in 24hrs. Verify Aadhaar: bit.ly/MfHqep,Spam
"hi alka, unlock rs.50 off your first order at amazon with code new94.",Promo
Your SIM will be deactivated in 24hrs. Verify Aadhaar: bit.ly/DzRSME,Spam
  ALERT: Rs.70917 withdrawn from ATM using card XX1758 on 19-06-26. Bal: Rs.221987. -Axis Bank,Bank
  Recharge with Rs.721 & get 20% extra talktime. Offer valid today only!,Promo
  Tap to verify: 256053. This code expires shortly.,OTP
Coupon 6401 gives you free delivery on orders above Rs.2533. -Zomato,Promo
ALERT:  Rs.53103 withdrawn from ATM using card XX3753 on 27-06-26. Bal: Rs.108612. -BOB,Bank
Exclusive for you! Buy 1 Get 1 FREE at Meesho. Limited period offer. Visit bit.ly/GsqEYa,Promo
Weekend special at Myntra! Min 30% off on everything. Don't miss out: bit.ly/kgipFC STOP to opt out,Promo
"HI URMI, UNLOCK RS.1910 OFF YOUR FIRST ORDER AT FLIPKART WITH CODE NEW18.",Promo
Use code 6047 at checkout for 10% off at Zomato!,Promo
Out for delivery: Your Amazon package OD8845851073 will arrive today by 3 PM. -XpressBees STOP to opt out,Delivery
Use 329014 to complete your BigBasket registration. Valid till 2 mins.,OTP
Out for delivery: Ur Swiggy package OD6259038630 will arrive today by 6 PM. -DTDC,Delivery
Use code 2461 at checkout for 25% off at Meesho!,Promo
EMI of Rs.49303 due on 11-01-26 for loan A/c XX1217. Pay now to avoid charges. -HDFC Bank,Bank
440919 - use this code to sign in to Paytm. Never share it with anyone.,OTP
otp for delivery of order od3878401264 is 5771. share only with the delivery agent. -delhivery,Delivery
Your credit card XX4036 statement is ready. Total due: Rs.40521. Min due: Rs.870. -ICICI Bank,Bank
Low  balance alert: A/c XX9744 balance is Rs.446697. Maintain min balance to avoid charges.,Bank
Your A/c XX3809 is debited with Rs.43654 on 20-03-26. Info: UPI-Bahadurjit. Bal: Rs.176677,Bank
Dear customer ur BOB account will be blocked! Update KYC now: bit.ly/hoRDfX,Spam
"Never share your OTP, PIN or CVV. BOB never asks for these. Stay safe.",Bank
Last day! Swiggy clearance sale ends tonight Up to 20% off sitewide,Promo
EMI of Rs.13654 due on 12-02-26 for loan A/c XX1277. Pay now to avoid charges. -PNB,Bank
Out for delivery: Your Flipkart package OD5159543438 will arrive today by 12 PM. -BlueDart,Delivery
221682 is your Ola security code Anyone asking for it is a scammer,OTP
confirmation code 390076 for axis bank. keep it private.,OTP
Rs.44743 debited from A/c XX2432 on 03-02-26 to Faris. Avl Bal: Rs.20208. -ICICI Bank,Bank
CONFIRMATION CODE 989542 FOR HDFC BANK. KEEP IT PRIVATE.,OTP
URVASHI FROM DELHIVERY IS ARRIVING WITH YOUR PACKAGE. CONTACT: 06935660890,Delivery
rs.98155 credited to a/c xx9924 on 09-02-26. avl bal: rs.181088. -sbi,Bank
Dear customer ur HDFC Bank account will be blocked! Update KYC now: bit.ly/aXsJZQ,Spam
Pay Rs.2283 on delivery for order OD706024362. -XpressBees,Delivery
Cheque no. 674630870902 for Rs.56109 has been cleared from A/c XX6864. -Axis Bank,Bank
"CLASS SHIFTED TO ROOM 4783, COME FAST",Personal
Interest of Rs.71369 credited to your FD A/c XX8621. -PNB,Bank
Confirmation  code 161421 for PhonePe. Keep it private.,OTP
Ur Uber code: 8274,OTP
  Cheque no. 993745690792 for Rs.79092 has been cleared from A/c XX8595. -HDFC Bank,Bank
26723 is your verification code for Hotstar. Never share your OTP.,OTP
Enter 197577 to verify your mobile number for Kotak.,OTP
Last  day! Zomato clearance sale ends tonight. Up to 50% off sitewide.,Promo
Your BigBasket membership expires soon. Renew now & save 60%: bit.ly/SwiRaT,Promo
Rs.97767 credited to A/c XX5624 on 14-03-26 Avl Bal: Rs.262830 -BOB,Bank
Delivery  attempt failed for order OD1625359463. We will retry tomorrow. -XpressBees,Delivery
OTP: 458303 for txn of Rs.14584 at GPay. Do not share. -BOB T&C apply,OTP
Use 517853 to complete your Ola registration. Valid till 10 mins.,OTP
Use 297193 to complete ur ICICI Bank registration. Valid till 5 mins.,OTP
meesho: your cart misses you! complete purchase now & get 40% off. bit.ly/hnoxiv,Promo
Rs.13846 credited to A/c XX1509 on 04-05-26. Avl Bal: Rs.67726. -PNB,Bank
Last day! BigBasket clearance sale ends tonight. Up to 70% off sitewide.,Promo
MEGA SALE! Get 80% OFF on all products at Swiggy. Shop now: bit.ly/xvhAif T&C apply.,Promo
rs.13193 credited to a/c xx5707 on 24-04-26. avl bal: rs.202200. -axis bank,Bank
Salary of INR 1923 credited to A/c XX4866. Avl Bal: INR 305273. -Axis Bank,Bank
Salary of Rs.35514 credited to A/c XX7886. Avl Bal: Rs.123592. -BOB T&C apply,Bank
Zomato: Your cart misses you! Complete purchase now & get 20% off. bit.ly/SHxBRJ,Promo
INR 72900 credited to A/c XX3985 on 15-04-26. Avl Bal: INR 314960. -BOB,Bank
437759  - use this to sign in. Never share this code with anyone.,OTP
Congratulations! You won Rs.1271263 in lucky draw. Claim: bit.ly/QPrPMY,Spam
Your Uber code: 6069 -TM,OTP
G-988758 is your Google verification code.,OTP
Delivered! Your Myntra order OD9911411896 was delivered on 02 Jul Rate your experience: bitly/MmSgxM,Delivery
Use code 7877 at checkout for 50% off at Myntra!,Promo
Interest of Rs.4754 credited to ur FD A/c XX4293. -HDFC Bank,Bank
weekend special at swiggy! min 30% off on everything. don't miss out: bit.ly/xyrviw,Promo
G-928940 is your Google verification code.,OTP
Flipkart  Big Billion Days! Up to 50% off + extra 10% with PNB cards. Hurry!,Promo
EMI of Rs.53478 due on 03-03-26 for loan A/c XX2648. Pay now to avoid charges. -Axis Bank,Bank
ALERT: Rs.49258 withdrawn from ATM using card XX4349 on 10-03-26. Bal: Rs.452398. -HDFC Bank,Bank
EMI of Rs.23985 due on 18-03-26 for loan A/c XX2413. Pay now to avoid charges. -HDFC Bank,Bank
Ur order OD3265045540 from Flipkart is arriving tomorrow. Keep Rs.2347 ready for COD.,Delivery
Order OD6947142337 packed and ready! Expected dispatch by 03 Jul. -BigBasket,Delivery
Congratulations! You won Rs.1736344 in lucky draw. Claim: bit.ly/ZjMHFB,Spam
Work from home! Earn Rs.1604290/month Join: bitly/HSvkTN,Spam
Delivery attempt failed for order OD9597548178. We will retry tomorrow. -DTDC,Delivery
Tap to verify: 823000. This code expires shortly.,OTP
Your A/c XX9758 is debited with INR 86753 on 20-04-26. Info: UPI-Prisha. Bal: INR 103277,Bank
Interest of Rs.55502 credited to your FD A/c XX2799. -PNB,Bank
"Bro send me Rs.284 on gpay, will return by 04 Jul STOP to opt out",Personal
Your return pickup for order OD9387276586 is scheduled on 02 Jul. Keep the item ready. -Meesho,Delivery
your otp is 894421. use it to verify your myntra account. expires in 10 min.,OTP
Low balance alert: A/c XX4294 balance is Rs.266462 Maintain min balance to avoid charges,Bank
G-744302 is your Google verification code.,OTP
g-651753 is your google verification code.,OTP
Tap to verify: 585311. This code expires shortly.,OTP
  OTP-based login was enabled for your A/c XX2128. Call Axis Bank if this wasn't you.,Bank
Your  Flipkart membership expires soon. Renew now & save 30%: bit.ly/bsHyQR,Promo
MEGA SALE! Get 50% OFF on all products at Myntra. Shop now: bit.ly/YLxISU T&C apply.,Promo
Your OTP is 230103. Use it to verify your BigBasket account. Expires in 10 min.,OTP
Rs.61920 credited to A/c XX5644 on 25-06-26. Avl Bal: Rs.149391. -Axis Bank,Bank
Congratulations!  You won Rs.885592 in lucky draw. Claim: bit.ly/GJKguW,Spam
Delivery attempt failed for order OD2647272843. We will retry tomorrow. -Ekart,Delivery
EMI of Rs.74624 due on 23-03-26 for loan A/c XX5034 Pay now to avoid charges -Kotak,Bank
Your one time password is 387887 for GPay. Please do not share it. -TM,OTP
OTP for delivery of order OD8432064035 is 2509. Share only with the delivery agent. -XpressBees,Delivery
"NEVER SHARE YOUR OTP, PIN OR CVV. PNB NEVER ASKS FOR THESE. STAY SAFE.",Bank
  Delivery attempt failed for order OD7459485280. We will retry tomorrow. -XpressBees,Delivery
hotstar: 869173 is your login otp. it expires in 5 minutes.,OTP
Congratulations! You won Rs.2152777 in lucky draw. Claim: bit.ly/LzWcan,Spam
Recharge  with Rs.1562 & get 70% extra talktime. Offer valid today only!,Promo
Your credit card XX9362 statement is ready. Total due: Rs.65552. Min due: Rs.4182. -HDFC Bank,Bank
Your  SIM will be deactivated in 24hrs. Verify Aadhaar: bit.ly/otSIeK,Spam
<#> 199195 is your Hotstar code. Valid 30 min. hA8sk2Lqp3 STOP to opt out,OTP
Your return pickup for order OD4237683981 is scheduled on 01 Jul. Keep the item ready. -BigBasket,Delivery
Use code 8090 at checkout for 50% off at BigBasket!,Promo
Coupon 6190 gives you free delivery on orders above Rs.1830. -Zomato,Promo
Flat Rs.445 cashback on your next order at Myntra Use code SAVE29 Valid till 02 Jul,Promo
  <#> 829379 is your PNB code. Valid 15 min. hA8sk2Lqp3,OTP
dear customer ur sbi account will be blocked! update kyc now: bit.ly/atvkbs,Spam
OTP-based login was enabled for your A/c XX6614 Call PNB if this wasn't you,Bank
Salary  of Rs.74207 credited to A/c XX1169. Avl Bal: Rs.12487. -HDFC Bank,Bank
Confirmation code 268283 for SBI. Keep it private.,OTP
497032  is your Kotak security code. Anyone asking for it is a scammer.,OTP
RS.40677 CREDITED TO A/C XX8346 ON 01-05-26. AVL BAL: RS.157793. -AXIS BANK,Bank
BigBasket Big Billion Days! Up to 50% off + extra 10% with ICICI Bank cards. Hurry!,Promo
Your  Uber code: 2538,OTP
Delivery  attempt failed for order OD7615020214. We will retry tomorrow. -Ekart,Delivery
Weekend  special at Swiggy! Min 20% off on everything. Don't miss out: bit.ly/IVLMKk,Promo
Rs.61643 debited from A/c XX5345 on 16-05-26 to Aditya. Avl Bal: Rs.45116. -Axis Bank,Bank
Your Uber code: 6415 -TM,OTP
OTP: 539430 for txn of Rs.34744 at Netflix. Do not share. -SBI STOP to opt out,OTP
INR 84830 debited from A/c XX6714 on 09-06-26 to Faris. Avl Bal: INR 65776. -ICICI Bank,Bank
  Enter 672130 to verify your mobile number for Netflix.,OTP
COUPON 6643 GIVES YOU FREE DELIVERY ON ORDERS ABOVE RS.3047. -SWIGGY,Promo
Rs.87615 credited to A/c XX4549 on 02-02-26. Avl Bal: Rs.112381. -HDFC Bank,Bank
OTP-BASED LOGIN WAS ENABLED FOR YOUR A/C XX1427. CALL ICICI BANK IF THIS WASN'T YOU.,Bank
561968 - use this code to sign in to IRCTC. Never share it with anyone.,OTP
Exclusive  for you! Buy 1 Get 1 FREE at Zomato. Limited period offer. Visit bit.ly/njEequ,Promo
Delivery attempt failed for order OD7114742592. We will retry tomorrow. -Delhivery,Delivery
Your Axis Bank code: 200127,OTP
otp: 53396 for txn of rs.41327 at ola. do not share. -hdfc bank,OTP
Your order OD9330885766 from Myntra is arriving tomorrow. Keep Rs.3415 ready for COD.,Delivery
<#> 241785 is your Meesho code. Valid 10 min. hA8sk2Lqp3,OTP
MEGA SALE! Get 30% OFF on all products at Myntra. Shop now: bit.ly/Ztjyrr T&C apply.,Promo
  Your A/c XX6003 is debited with Rs.98809 on 23-06-26. Info: UPI-Tanish. Bal: Rs.295042,Bank
UPI PAYMENT OF RS.3668 TO FREDERICK SUCCESSFUL. UPI REF: 878987573094. -BOB,Bank
  Weekend special at Amazon! Min 50% off on everything. Don't miss out: bit.ly/uYlDoP,Promo
EMI of Rs.68559 due on 24-01-26 for loan A/c XX9969. Pay now to avoid charges. -HDFC Bank,Bank
  Interest of Rs.57904 credited to your FD A/c XX7329. -Axis Bank,Bank
Low balance alert: A/c XX6890 balance is Rs.351695. Maintain min balance to avoid charges. -TM,Bank
Myntra: 571782 is your login OTP. It expires in 10 minutes.,OTP
Work from home! Earn Rs.1455839/month. Join: bit.ly/eVeYih,Spam
Your credit card XX4017 statement is ready. Total due: Rs.64613. Min due: Rs.4920. -HDFC Bank,Bank
"hey, my new number is +918779227068. save it! meet at noon?",Personal
Enter 808064 to verify your mobile number for IRCTC,OTP
787561 - use this to sign in Never share this code with anyone,OTP
Work from home! Earn Rs.981120/month. Join: bit.ly/sQaVdJ,Spam
Exclusive for you! Buy 1 Get 1 FREE at Zomato. Limited period offer. Visit bit.ly/LDKghv,Promo
your credit card xx4627 statement is ready. total due: rs.63608. min due: rs.1493. -axis bank,Bank
Your A/c XX4084 is debited with Rs.1932 on 14-01-26. Info: UPI-Tripti. Bal: Rs.70617,Bank
  Flat Rs.558 cashback on your next order at Myntra. Use code SAVE50. Valid till 04 Jul.,Promo
Out for delivery: Your Meesho package OD4653805405 will arrive today by 3 PM. -BlueDart,Delivery
Coupon 2829 gives you free delivery on orders above INR 597. -Swiggy,Promo
OTP: 32729 FOR TXN OF RS.10453 AT IRCTC. DO NOT SHARE. -BOB,OTP
Your one time password is 287260 for Zomato. Please do not share it.,OTP
  MEGA SALE! Get 20% OFF on all products at Swiggy. Shop now: bit.ly/BNJkOA T&C apply.,Promo
Cheque no. 944964741365 for INR 98348 has been cleared from A/c XX4510. -SBI,Bank
Interest of Rs.27784 credited to your FD A/c XX3014. -PNB,Bank
pay rs.2136 on delivery for order od636898612. -bluedart,Delivery
ALERT: Rs.66502 withdrawn from ATM using card XX9988 on 11-06-26. Bal: Rs.59282. -BOB,Bank
Your Myntra membership expires soon. Renew now & save 20%: bit.ly/GokXSx,Promo
Pay Rs.4807 on delivery for order OD744862451 -DTDC,Delivery
"Hey, my new number is 02925232061. Save it! Meet at 6pm?",Personal
Work from home! Earn Rs.256909/month. Join: bit.ly/XIjWqo,Spam
Delivery  attempt failed for order OD2850027071. We will retry tomorrow. -XpressBees,Delivery
Use 209112 to complete your HDFC Bank registration. Valid till 2 mins. T&C apply,OTP
Cheque  no. 119620364990 for Rs.53180 has been cleared from A/c XX4200. -Axis Bank,Bank
Flat Rs.1506 cashback on your next order at Meesho. Use code SAVE44. Valid till 01 Jul. STOP to opt out,Promo
"HI OWEN, UNLOCK RS.278 OFF YOUR FIRST ORDER AT BIGBASKET WITH CODE NEW96.",Promo
Your Hotstar code: 882595,OTP
Low balance alert: A/c XX9919 balance is Rs.234316. Maintain min balance to avoid charges.,Bank
Use 839993 to complete your Flipkart registration. Valid till 2 mins.,OTP
Salary of Rs.68203 credited to A/c XX6609. Avl Bal: Rs.76404. -ICICI Bank,Bank
403191  is your OTP for Netflix login. Valid for 10 minutes. Do not share with anyone.,OTP
FLIPKART: YOUR CART MISSES YOU! COMPLETE PURCHASE NOW & GET 10% OFF. BIT.LY/XQTIYV,Promo
DTDC: Shipment OD5061153371 reached your city hub. Expected delivery: 04 Jul.,Delivery
Your Uber code: 7035,OTP
Ekart: Shipment OD2591303755 reached your city hub. Expected delivery: 02 Jul.,Delivery
Ur Meesho order OD1695186840 has been shipped via DTDC. Track: bit.ly/yIaohl,Delivery
Low balance alert: A/c XX6448 balance is Rs.488415. Maintain min balance to avoid charges.,Bank
Order OD1948889603 packed and ready! Expected dispatch by 03 Jul. -BigBasket,Delivery
Swiggy  Big Billion Days! Up to 60% off + extra 10% with BOB cards. Hurry!,Promo
Weekend special at Flipkart! Min 70% off on everything. Don't miss out: bit.ly/cVTImr,Promo
UPI payment of Rs.78136 to Hredhaan successful. UPI Ref: 462741331345. -SBI,Bank
OTP-based login was enabled for ur A/c XX9393. Call Axis Bank if this wasn't you.,Bank
Salary  of Rs.41346 credited to A/c XX3195. Avl Bal: Rs.10341. -HDFC Bank,Bank
  Enter 186651 to verify your mobile number for ICICI Bank.,OTP
HDFC Bank: 893536 is your login OTP. It expires in 10 minutes.,OTP
886441 - use this to sign in. Never share this code with anyone.,OTP
"Hi Charles, unlock Rs.1565 off your first order at Myntra with code NEW76.",Promo
"Hi Wridesh, unlock Rs.1430 off your first order at Swiggy with code NEW64.",Promo
Low balance alert: A/c XX2274 balance is Rs.481836. Maintain min balance to avoid charges.,Bank
EXCLUSIVE FOR YOU! BUY 1 GET 1 FREE AT MEESHO. LIMITED PERIOD OFFER. VISIT BIT.LY/KOGMBM,Promo
128705 is your verification code for PNB Never share your OTP,OTP
Use 256789 to complete your PhonePe registration. Valid till 5 mins.,OTP
Order  OD2332907804 packed and ready! Expected dispatch by 03 Jul. -Swiggy,Delivery
Rs.79615 debited from A/c XX7974 on 21-04-26 to Anmol. Avl Bal: Rs.89480. -Axis Bank,Bank
Flat Rs.1538 cashback on ur next order at Swiggy. Use code SAVE61. Valid till 02 Jul.,Promo
Your return pickup for order OD4559320654 is scheduled on 03 Jul. Keep the item ready. -BigBasket,Delivery
"Hi Nikita, unlock Rs.943 off your first order at BigBasket with code NEW45",Promo
Zomato Big Billion Days! Up to 40% off + extra 10% with Kotak cards. Hurry!,Promo
Rachana from DTDC is arriving with your package. Contact: 8086538165,Delivery
salary of rs.5107 credited to a/c xx5673. avl bal: rs.457872. -kotak,Bank
  Weekend special at Swiggy! Min 30% off on everything. Don't miss out: bit.ly/NnKmuC,Promo
Out for delivery: Your Flipkart package OD2038247054 will arrive today by 9 PM. -XpressBees,Delivery
Delivery attempt failed for order OD5525145924. We will retry tomorrow. -BlueDart,Delivery
Lopa from DTDC is arriving with ur package. Contact: 01283754798,Delivery
OTP for delivery of order OD8162808177 is 2141. Share only with the delivery agent. -DTDC,Delivery
Use 270148 to complete your Hotstar registration. Valid till 5 mins.,OTP
Rs.86472 debited from A/c XX6853 on 13-01-26 to Siya. Avl Bal: Rs.424607. -ICICI Bank STOP to opt out,Bank
tap to verify: 936120. this code expires shortly.,OTP
Pay Rs.4247 on delivery for order OD518381346. -DTDC STOP to opt out,Delivery
Your credit card XX9432 statement is ready. Total due: Rs.19747. Min due: Rs.2253. -Axis Bank,Bank
990996 - use this code to sign in to PhonePe. Never share it with anyone.,OTP
Your credit card XX3723 statement is ready. Total due: Rs.12725. Min due: Rs.945. -PNB,Bank
Rs.9547 debited from A/c XX1938 on 27-04-26 to Daksha. Avl Bal: Rs.131389. -ICICI Bank STOP to opt out,Bank
"Hi Jasmit, unlock Rs.152 off your first order at Swiggy with code NEW91.",Promo
OTP: 36004 for txn of Rs.7390 at Flipkart. Do not share. -BOB,OTP
  Shaurya from BlueDart is arriving with your package. Contact: 07039863061,Delivery
Use  292999 to complete your Hotstar registration. Valid till 30 mins.,OTP
Salary of INR 14748 credited to A/c XX6696. Avl Bal: INR 492261. -PNB,Bank
ALERT: Rs.49005 withdrawn from ATM using card XX8041 on 19-01-26. Bal: Rs.378236. -Kotak,Bank
Work from home! Earn Rs.811659/month. Join: bit.ly/BttaMY STOP to opt out,Spam
Weekend special at Myntra! Min 80% off on everything. Don't miss out: bit.ly/UZruqB,Promo
Exclusive for you! Buy 1 Get 1 FREE at Myntra. Limited period offer. Visit bit.ly/Fdbqbi -TM,Promo
Your credit card XX7138 statement is ready. Total due: Rs.65748. Min due: Rs.4009. -Axis Bank,Bank
Myntra: Your cart misses you! Complete purchase now & get 20% off. bit.ly/mqLgoj,Promo
G-799417 is your Google verification code.,OTP
  UPI payment of Rs.39723 to George successful. UPI Ref: 179459758208. -PNB,Bank
delivery attempt failed for order od8666671624. we will retry tomorrow. -bluedart,Delivery
UPI payment of Rs.68429 to Chatresh successful. UPI Ref: 940377958603. -Kotak -TM,Bank
Your OTP is 267904. Use it to verify your Uber account. Expires in 15 min.,OTP
OTP for delivery of order OD4724843096 is 2337. Share only with the delivery agent. -DTDC,Delivery
Ekart:  Shipment OD4812017668 reached your city hub. Expected delivery: 02 Jul.,Delivery
OTP: 540554 for txn of Rs.36820 at PhonePe. Do not share. -ICICI Bank,OTP
ALERT: Rs.97292 withdrawn from ATM using card XX5566 on 21-04-26. Bal: Rs.203968. -BOB,Bank
Interest of Rs.87494 credited to your FD A/c XX4375. -SBI,Bank
Delivery attempt failed for order OD7900475084. We will retry tomorrow. -BlueDart,Delivery
Low balance alert: A/c XX9184 balance is Rs.457827. Maintain min balance to avoid charges.,Bank
Work from home! Earn Rs.1519663/month. Join: bit.ly/aWhkRM,Spam
637459 is ur OTP for GPay login. Valid for 30 minutes. Do not share with anyone.,OTP
Delivery  attempt failed for order OD5340393515. We will retry tomorrow. -Delhivery,Delivery
UPI payment of Rs.13694 to Gabriel successful. UPI Ref: 139188921160. -Kotak,Bank
Your return pickup for order OD7534588955 is scheduled on 02 Jul. Keep the item ready. -Zomato,Delivery
YOUR OTP IS 216389. USE IT TO VERIFY YOUR BIGBASKET ACCOUNT. EXPIRES IN 30 MIN.,OTP
delivery attempt failed for order od8261953198. we will retry tomorrow. -delhivery,Delivery
Your  Kotak code: 808966,OTP
Zomato Big Billion Days! Up to 40% off + extra 10% with BOB cards. Hurry!,Promo
OTP for delivery of order OD3685506263 is 1171. Share only with the delivery agent. -Ekart,Delivery
Your one time password is 432804 for IRCTC. Please do not share it.,OTP
BlueDart: Shipment OD3930045478 reached your city hub Expected delivery: 02 Jul,Delivery
Your order OD1308760440 from Zomato is arriving tomorrow. Keep Rs.680 ready for COD.,Delivery
Daniel from BlueDart is arriving with your package. Contact: 09360806253,Delivery
Weekend special at BigBasket! Min 40% off on everything. Don't miss out: bit.ly/yCPdJu,Promo
Meesho Big Billion Days! Up to 40% off + extra 10% with ICICI Bank cards. Hurry!,Promo
Use code 7103 at checkout for 50% off at Zomato!,Promo
Your Swiggy order OD1483158064 has been shipped via BlueDart. Track: bit.ly/AhdWaj,Delivery
G-290091 IS YOUR GOOGLE VERIFICATION CODE.,OTP
207968 - use this to sign in. Never share this code with anyone.,OTP
Your order OD6251037205 from Myntra is arriving tomorrow. Keep Rs.4699 ready for COD.,Delivery
Pay  Rs.4820 on delivery for order OD200311106. -BlueDart,Delivery
Confirmation code 958234 for Myntra. Keep it private.,OTP
Interest of Rs.10853 credited to your FD A/c XX7666. -Axis Bank,Bank
ekart: shipment od1381895976 reached your city hub. expected delivery: 03 jul.,Delivery
your credit card xx8484 statement is ready. total due: rs.21205. min due: rs.4177. -icici bank,Bank
Use code 6764 at checkout for 25% off at Amazon!,Promo
Your Uber code: 4864,OTP
<#> 919601 is your netflix code. valid 30 min. ha8sk2lqp3,OTP
Flat  Rs.897 cashback on your next order at BigBasket. Use code SAVE90. Valid till 02 Jul.,Promo
Meesho: Your cart misses you! Complete purchase now & get 10% off. bit.ly/CCpiqv,Promo
recharge with rs.360 & get 40% extra talktime. offer valid today only!,Promo
Use 230375 to complete your Myntra registration. Valid till 2 mins.,OTP
Interest of Rs.37120 credited to your FD A/c XX8903. -ICICI Bank,Bank
salary of rs.51424 credited to a/c xx5769. avl bal: rs.406623. -pnb,Bank
CONFIRMATION CODE 273800 FOR PAYTM. KEEP IT PRIVATE.,OTP
YOUR BIGBASKET CODE: 326602,OTP
OTP-based  login was enabled for your A/c XX8556. Call Axis Bank if this wasn't you.,Bank
MEGA SALE! GET 10% OFF ON ALL PRODUCTS AT SWIGGY. SHOP NOW: BIT.LY/OGVKYW T&C APPLY.,Promo
Your return pickup for order OD2968623621 is scheduled on 04 Jul. Keep the item ready. -Amazon,Delivery
Pay Rs.747 on delivery for order OD265201569. -XpressBees,Delivery
OTP-based login was enabled for your A/c XX8239. Call HDFC Bank if this wasn't you.,Bank
"Hey, my new number is 9402727985. Save it! Meet at 6pm?",Personal
659649 is ur Amazon security code. Anyone asking for it is a scammer.,OTP
Flat Rs.1453 cashback on your next order at Meesho. Use code SAVE35. Valid till 01 Jul.,Promo
WEEKEND SPECIAL AT BIGBASKET! MIN 30% OFF ON EVERYTHING. DON'T MISS OUT: BIT.LY/JMRYUJ,Promo
  Delivered! Your Meesho order OD7451186776 was delivered on 03 Jul. Rate your experience: bit.ly/tNvinR,Delivery
Dear customer ur SBI account will be blocked! Update KYC now: bitly/jfoOaC,Spam
"Bro send me INR 863 on gpay, will return by 02 Jul",Personal
Delhivery: Shipment OD3627435855 reached your city hub. Expected delivery: 01 Jul.,Delivery
Your Amazon code: 247255,OTP
Tap to verify: 806149. This code expires shortly.,OTP
Your A/c XX1886 is debited with Rs.84962 on 20-03-26. Info: UPI-Lohit. Bal: Rs.239552,Bank
Flipkart  Big Billion Days! Up to 60% off + extra 10% with Kotak cards. Hurry!,Promo
Pay  Rs.412 on delivery for order OD904748040. -Ekart,Delivery
Your A/c XX4667 is debited with Rs.85702 on 28-04-26. Info: UPI-Pahal. Bal: Rs.452273,Bank
Rs.97744 credited to A/c XX2655 on 02-04-26. Avl Bal: Rs.111176. -Axis Bank,Bank
Your SIM will be deactivated in 24hrs. Verify Aadhaar: bit.ly/nVuFhU,Spam
OTP for delivery of order OD5633819361 is 2627. Share only with the delivery agent. -DTDC,Delivery
Your Zomato code: 123962,OTP
172729 is your OTP for PhonePe login. Valid for 15 minutes. Do not share with anyone.,OTP
  Rs.5690 credited to A/c XX7196 on 14-03-26. Avl Bal: Rs.197168. -SBI,Bank
Salary of INR 42075 credited to A/c XX8345. Avl Bal: INR 87433. -HDFC Bank,Bank
  263778 is your verification code for Meesho. Never share your OTP.,OTP
  Coupon 4832 gives you free delivery on orders above Rs.4420. -Amazon,Promo
CONGRATULATIONS! YOU WON RS.828675 IN LUCKY DRAW. CLAIM: BIT.LY/OAMGJN,Spam
Your credit card XX1563 statement is ready. Total due: Rs.31250. Min due: Rs.2628. -Kotak,Bank
NETFLIX: 708800 IS YOUR LOGIN OTP. IT EXPIRES IN 2 MINUTES.,OTP
Your OTP is 137711. Use it to verify your ICICI Bank account. Expires in 30 min.,OTP
Weekend special at Myntra! Min 70% off on everything. Don't miss out: bit.ly/dXdFPw,Promo
532619  is your OTP for Paytm login. Valid for 10 minutes. Do not share with anyone.,OTP
412678  is your OTP for Axis Bank login. Valid for 2 minutes. Do not share with anyone.,OTP
Work from home! Earn Rs.1760344/month. Join: bit.ly/Whchhp STOP to opt out,Spam
DTDC: Shipment OD9720277137 reached your city hub. Expected delivery: 04 Jul.,Delivery
Rs.6891  debited from A/c XX1375 on 11-01-26 to Gunbir. Avl Bal: Rs.234641. -ICICI Bank,Bank
EMI of Rs.6851 due on 03-04-26 for loan A/c XX6145 Pay now to avoid charges -PNB,Bank
Low balance alert: A/c XX4819 balance is Rs.177162. Maintain min balance to avoid charges.,Bank
Salary of Rs.1589 credited to A/c XX1783. Avl Bal: Rs.426982. -HDFC Bank,Bank
Enter 359390 to verify your mobile number for ICICI Bank.,OTP
OTP for delivery of order OD6675889412 is 2960. Share only with the delivery agent. -BlueDart,Delivery
Yug from DTDC is arriving with your package. Contact: 7841824184,Delivery
Your order OD5434867570 from BigBasket is arriving tomorrow. Keep Rs.4285 ready for COD. -TM,Delivery
Flat Rs.446 cashback on your next order at Zomato. Use code SAVE97. Valid till 01 Jul.,Promo
OTP-based login was enabled for ur A/c XX1346. Call BOB if this wasn't you.,Bank
Order OD5298018345 packed and ready! Expected dispatch by 03 Jul -Amazon,Delivery
Low balance alert: A/c XX5854 balance is Rs.150953. Maintain min balance to avoid charges.,Bank
Rs.74960 debited from A/c XX7626 on 16-02-26 to Tanish Avl Bal: Rs.73566 -SBI,Bank
Exclusive for you! Buy 1 Get 1 FREE at Meesho. Limited period offer. Visit bit.ly/CQXCoR,Promo
UPI payment of Rs.74202 to Anay successful. UPI Ref: 574913939738. -PNB STOP to opt out,Bank
Tap to verify: 348669. This code expires shortly.,OTP
"  Hi Liam, unlock Rs.1513 off your first order at BigBasket with code NEW48.",Promo
Your one time password is 399406 for BigBasket. Please do not share it.,OTP
EMI  of Rs.17063 due on 16-03-26 for loan A/c XX9469. Pay now to avoid charges. -BOB,Bank
Your credit card XX1545 statement is ready. Total due: Rs.63909. Min due: Rs.1327. -PNB T&C apply,Bank
511142 is your Paytm security code. Anyone asking for it is a scammer.,OTP
Recharge with Rs.196 & get 20% extra talktime. Offer valid today only!,Promo
otp-based login was enabled for your a/c xx7243. call hdfc bank if this wasn't you.,Bank
"Bro send me Rs.827 on gpay, will return by 04 Jul",Personal
PNB: 218989 is your login OTP It expires in 30 minutes,OTP
MEGA SALE! Get 70% OFF on all products at Flipkart. Shop now: bit.ly/QaKBlO T&C apply.,Promo
OTP: 665210 for txn of Rs.12328 at Myntra. Do not share. -HDFC Bank,OTP
Congratulations! You won Rs.1299744 in lucky draw. Claim: bit.ly/QGmPTY,Spam
Delivered! Your Swiggy order OD4408469163 was delivered on 02 Jul. Rate your experience: bit.ly/AFqDgq -TM,Delivery
Ur A/c XX4800 is debited with Rs.81861 on 12-04-26. Info: UPI-Neha. Bal: Rs.439143,Bank
744618 is your BigBasket security code Anyone asking for it is a scammer,OTP
"Never share your OTP, PIN or CVV ICICI Bank never asks for these Stay safe",Bank
Out for delivery: Your Amazon package OD6312499435 will arrive today by 12 PM. -Delhivery,Delivery
Last day! BigBasket clearance sale ends tonight. Up to 10% off sitewide.,Promo
Enter 440358 to verify your mobile number for Kotak.,OTP
Exclusive  for you! Buy 1 Get 1 FREE at Meesho. Limited period offer. Visit bit.ly/vBNIWh,Promo
Your Uber code: 4352 -TM,OTP
rs.64338 credited to a/c xx8861 on 03-03-26. avl bal: rs.187078. -axis bank,Bank
  Wishi from Ekart is arriving with your package. Contact: +918220411319,Delivery
Last day! Flipkart clearance sale ends tonight. Up to 30% off sitewide.,Promo
G-571128 is your Google verification code.,OTP
Interest  of Rs.81915 credited to your FD A/c XX5383. -Kotak,Bank
  <#> 553731 is your Paytm code. Valid 15 min. hA8sk2Lqp3,OTP
Dear customer ur Axis Bank account will be blocked! Update KYC now: bit.ly/oUZoAc,Spam
54370 is your pnb security code. anyone asking for it is a scammer.,OTP
  Your SIM will be deactivated in 24hrs. Verify Aadhaar: bit.ly/XTaSkF,Spam
Zomato Big Billion Days! Up to 60% off + extra 10% with PNB cards. Hurry!,Promo
Last day! Amazon clearance sale ends tonight. Up to 50% off sitewide.,Promo
Your  A/c XX9081 is debited with Rs.50027 on 19-02-26. Info: UPI-Ekani. Bal: Rs.474911,Bank
rs.85399 credited to a/c xx9976 on 11-02-26. avl bal: rs.459196. -kotak,Bank
Use 514076 to complete your Zomato registration. Valid till 15 mins.,OTP
Your A/c XX3309 is debited with Rs.30937 on 08-03-26. Info: UPI-Harita. Bal: Rs.303593 T&C apply,Bank
  Rs.58096 credited to A/c XX4185 on 24-01-26. Avl Bal: Rs.72392. -HDFC Bank,Bank
UBER: 551406 IS YOUR LOGIN OTP. IT EXPIRES IN 5 MINUTES.,OTP
OTP FOR DELIVERY OF ORDER OD8020883064 IS 6858. SHARE ONLY WITH THE DELIVERY AGENT. -DELHIVERY,Delivery
806004 is your OTP for HDFC Bank login. Valid for 30 minutes. Do not share with anyone.,OTP
ALERT:  Rs.71176 withdrawn from ATM using card XX9571 on 14-05-26. Bal: Rs.98795. -PNB,Bank
OTP-BASED LOGIN WAS ENABLED FOR YOUR A/C XX9564. CALL SBI IF THIS WASN'T YOU.,Bank
Confirmation code 803854 for BOB. Keep it private.,OTP
UPI payment of Rs.34251 to Krish successful. UPI Ref: 849130370200. -PNB,Bank
527762  is your ICICI Bank security code. Anyone asking for it is a scammer.,OTP
Your Myntra order OD6458583934 has been shipped via DTDC. Track: bit.ly/DnQsPC,Delivery
  Zomato: Your cart misses you! Complete purchase now & get 50% off. bit.ly/ZOUwPa,Promo
  Flat Rs.757 cashback on your next order at Swiggy. Use code SAVE24. Valid till 04 Jul.,Promo
OTP: 23834 for txn of Rs.1576 at PNB Do not share -SBI,OTP
Last day! BigBasket clearance sale ends tonight. Up to 60% off sitewide.,Promo
Your one time password is 361185 for Meesho. Please do not share it.,OTP
INTEREST OF RS.44223 CREDITED TO YOUR FD A/C XX6239. -AXIS BANK,Bank
215076 is your Amazon security code. Anyone asking for it is a scammer. T&C apply,OTP
Your A/c XX4529 is debited with Rs.60710 on 27-06-26. Info: UPI-Tristan. Bal: Rs.470396,Bank
203023  is your OTP for Amazon login. Valid for 30 minutes. Do not share with anyone.,OTP
254721 is your paytm security code. anyone asking for it is a scammer.,OTP
ALERT: Rs.98115 withdrawn from ATM using card XX4419 on 19-01-26. Bal: Rs.84555. -PNB,Bank
Your order OD1103182822 from Meesho is arriving tomorrow Keep Rs.2701 ready for COD,Delivery
"Hey, my new number is +911954149613. Save it! Meet at 8?",Personal
Use code 2447 at checkout for 10% off at Flipkart!,Promo
OTP for delivery of order OD9961881203 is 4379. Share only with the delivery agent. -Ekart,Delivery
199411  is your verification code for Hotstar. Never share your OTP.,OTP
Last day! Meesho clearance sale ends tonight. Up to 60% off sitewide.,Promo
"Hi Devika, unlock Rs.1113 off your first order at Swiggy with code NEW39.",Promo
Ur A/c XX7127 is debited with Rs.95215 on 30-01-26. Info: UPI-Wakeeta. Bal: Rs.231570,Bank
"Never share ur OTP, PIN or CVV. Axis Bank never asks for these. Stay safe.",Bank
use code 1595 at checkout for 10% off at myntra!,Promo
congratulations! you won rs.189052 in lucky draw. claim: bit.ly/qvbvmu,Spam
last day! swiggy clearance sale ends tonight. up to 60% off sitewide.,Promo
  Your Zomato membership expires soon. Renew now & save 20%: bit.ly/hXHpxV,Promo
Your  Uber code: 1394,OTP
"Class shifted to room 4801, come fast",Personal
Confirmation code 648480 for Amazon. Keep it private.,OTP
Your return pickup for order OD6137355811 is scheduled on 04 Jul. Keep the item ready. -Meesho,Delivery
794689 - use this to sign in. Never share this code with anyone.,OTP
Out for delivery: Your Swiggy package OD2113267865 will arrive today by 3 PM. -DTDC,Delivery
  Cheque no. 551307705230 for Rs.98585 has been cleared from A/c XX5255. -Kotak,Bank
  Your credit card XX6797 statement is ready. Total due: Rs.58375. Min due: Rs.4900. -PNB,Bank
Interest of Rs.79362 credited to your FD A/c XX8586. -Kotak,Bank
221937 - use this code to sign in to amazon. never share it with anyone.,OTP
Swiggy: 688142 is your login OTP. It expires in 10 minutes.,OTP
Your Zomato order OD8271769588 has been shipped via Ekart. Track: bit.ly/EKQiqu,Delivery
  Your Zomato order OD3035599004 has been shipped via Ekart. Track: bit.ly/oEfrQe,Delivery
Myntra Big Billion Days! Up to 20% off + extra 10% with HDFC Bank cards. Hurry!,Promo
SALARY OF RS.14974 CREDITED TO A/C XX6559. AVL BAL: RS.300777. -SBI,Bank
UPI payment of Rs.77992 to Indrajit successful. UPI Ref: 124636946181. -PNB,Bank
your credit card xx1987 statement is ready. total due: rs.67161. min due: rs.1318. -pnb,Bank
Your credit card XX8340 statement is ready. Total due: Rs.47830. Min due: Rs.3801. -Axis Bank,Bank
weekend special at bigbasket! min 80% off on everything. don't miss out: bit.ly/dfcloi,Promo
otp for delivery of order od4949715332 is 4274. share only with the delivery agent. -ekart,Delivery
MEGA SALE! Get 50% OFF on all products at Zomato. Shop now: bit.ly/kYepVI T&C apply. T&C apply,Promo
ICICI Bank: 91169 is your login OTP It expires in 10 minutes,OTP
Order OD5122710956 packed and ready! Expected dispatch by 01 Jul. -BigBasket,Delivery
Your Myntra order OD4385501634 has been shipped via Delhivery. Track: bit.ly/mqmlXG,Delivery
Coupon 4555 gives you free delivery on orders above Rs.4792. -Amazon,Promo
Rs.18256 debited from A/c XX4309 on 04-05-26 to Sai. Avl Bal: Rs.260708. -BOB,Bank
Order OD5001639786 packed and ready! Expected dispatch by 04 Jul -Flipkart,Delivery
  Cheque no. 110415219754 for Rs.28643 has been cleared from A/c XX3229. -SBI,Bank
Recharge with Rs.1828 & get 10% extra talktime. Offer valid today only!,Promo
Coupon 4519 gives you free delivery on orders above Rs.3749. -Flipkart STOP to opt out,Promo
OTP: 299868 for txn of INR 5771 at SBI. Do not share. -Axis Bank,OTP
YOUR ZOMATO MEMBERSHIP EXPIRES SOON. RENEW NOW & SAVE 70%: BIT.LY/KEDRSE,Promo
G-92097 is your Google verification code.,OTP
Exclusive for you! Buy 1 Get 1 FREE at Flipkart Limited period offer Visit bitly/LBsnEJ,Promo
Your  credit card XX3541 statement is ready. Total due: Rs.76342. Min due: Rs.2352. -HDFC Bank,Bank
  G-54507 is your Google verification code.,OTP
flipkart: 472994 is your login otp. it expires in 2 minutes.,OTP
Work from home! Earn INR 1512540/month. Join: bit.ly/gYqcBG,Spam
weekend special at myntra! min 20% off on everything. don't miss out: bit.ly/bbwarg,Promo
"Hi Chakradhar, unlock INR 1174 off your first order at Meesho with code NEW35.",Promo
Flipkart: Your cart misses you! Complete purchase now & get 20% off. bit.ly/vqLVbn T&C apply,Promo
  860122 is your OTP for Ola login. Valid for 10 minutes. Do not share with anyone.,OTP
OTP for delivery of order OD7335144609 is 4097. Share only with the delivery agent. -Delhivery,Delivery
Last day! Flipkart clearance sale ends tonight. Up to 10% off sitewide.,Promo
Delivery attempt failed for order OD2829026545. We will retry tomorrow. -XpressBees,Delivery
  Your A/c XX6864 is debited with Rs.18111 on 21-01-26. Info: UPI-Pahal. Bal: Rs.23427,Bank
ALERT:  Rs.72186 withdrawn from ATM using card XX6623 on 29-01-26. Bal: Rs.378017. -ICICI Bank,Bank
DELIVERY ATTEMPT FAILED FOR ORDER OD8606110094. WE WILL RETRY TOMORROW. -BLUEDART,Delivery
Your Zomato order OD8372765498 has been shipped via Delhivery Track: bitly/ToJDtm,Delivery
OTP: 323773 for txn of Rs.47386 at Zomato Do not share -SBI,OTP
Weekend special at BigBasket! Min 20% off on everything. Don't miss out: bit.ly/NczvWs,Promo
Weekend  special at BigBasket! Min 40% off on everything. Don't miss out: bit.ly/rJKZBA,Promo
"Class shifted to room 1815, come fast",Personal
Your Myntra code: 154944,OTP
Your BigBasket order OD1218460640 has been shipped via Delhivery Track: bitly/BlunbG,Delivery
Rs.5575 credited to A/c XX7654 on 09-02-26. Avl Bal: Rs.32831. -SBI,Bank
Exclusive for you! Buy 1 Get 1 FREE at BigBasket. Limited period offer. Visit bit.ly/ZPEdfA,Promo
OTP: 270647 for txn of Rs.21621 at ICICI Bank. Do not share. -BOB,OTP
Exclusive  for you! Buy 1 Get 1 FREE at Myntra. Limited period offer. Visit bit.ly/rQQaFC,Promo
"Never share your OTP, PIN or CVV. Kotak never asks for these. Stay safe.",Bank
recharge with rs.1771 & get 20% extra talktime. offer valid today only!,Promo
YOUR CREDIT CARD XX9390 STATEMENT IS READY. TOTAL DUE: RS.14619. MIN DUE: RS.4126. -AXIS BANK,Bank
Ekart: Shipment OD4437025884 reached your city hub. Expected delivery: 04 Jul.,Delivery
Ekart: Shipment OD8222035853 reached your city hub. Expected delivery: 04 Jul.,Delivery
Salary of Rs.90280 credited to A/c XX7799. Avl Bal: Rs.417823. -SBI,Bank
Your return pickup for order OD7517335714 is scheduled on 01 Jul. Keep the item ready. -Myntra,Delivery
793941 is ur OTP for Hotstar login. Valid for 30 minutes. Do not share with anyone.,OTP
enter 838411 to verify your mobile number for zomato.,OTP
Flipkart: Ur cart misses you! Complete purchase now & get 10% off. bit.ly/tZoQtv,Promo
582071 is your verification code for PNB. Never share your OTP.,OTP
"Class shifted to room 9718, come fast",Personal
  Paytm: 723909 is your login OTP. It expires in 10 minutes.,OTP
Low balance alert: A/c XX1042 balance is Rs.13127 Maintain min balance to avoid charges,Bank
OTP-based login was enabled for your A/c XX7329. Call ICICI Bank if this wasn't you.,Bank
upi payment of rs.6552 to meghana successful. upi ref: 996171107721. -bob,Bank
MEGA SALE! Get 50% OFF on all products at Meesho. Shop now: bit.ly/FyUDGx T&C apply.,Promo
Exclusive for you! Buy 1 Get 1 FREE at Flipkart. Limited period offer. Visit bit.ly/iVNOsl,Promo
Your A/c XX7770 is debited with Rs.54489 on 17-05-26. Info: UPI-Onkar. Bal: Rs.115219,Bank
Confirmation code 647670 for Amazon. Keep it private.,OTP
EMI of Rs.24932 due on 18-04-26 for loan A/c XX9001. Pay now to avoid charges. -PNB STOP to opt out,Bank
Weekend special at Swiggy! Min 70% off on everything. Don't miss out: bit.ly/QOmIcz,Promo
Your A/c XX6689 is debited with Rs.16345 on 04-05-26. Info: UPI-Balendra. Bal: Rs.408131,Bank
UPI payment of Rs.40307 to Urvi successful. UPI Ref: 533959908632. -Kotak,Bank
  446705 is your verification code for GPay. Never share your OTP.,OTP
rs.3350 credited to a/c xx7406 on 11-06-26. avl bal: rs.315185. -hdfc bank,Bank
125755 IS YOUR KOTAK SECURITY CODE. ANYONE ASKING FOR IT IS A SCAMMER.,OTP
DTDC: Shipment OD7979196917 reached your city hub. Expected delivery: 02 Jul.,Delivery
ALERT: RS.57951 WITHDRAWN FROM ATM USING CARD XX7059 ON 14-03-26. BAL: RS.159218. -ICICI BANK,Bank
Interest of Rs.35405 credited to your FD A/c XX2509. -Kotak,Bank
Last day! Myntra clearance sale ends tonight. Up to 70% off sitewide.,Promo
Ekart: Shipment OD2748451629 reached your city hub. Expected delivery: 04 Jul.,Delivery
Your return pickup for order OD5883422154 is scheduled on 04 Jul. Keep the item ready. -Flipkart,Delivery
EMI OF RS.80294 DUE ON 10-01-26 FOR LOAN A/C XX2632. PAY NOW TO AVOID CHARGES. -KOTAK,Bank
Low balance alert: A/c XX8988 balance is Rs.378584. Maintain min balance to avoid charges.,Bank
LAST DAY! FLIPKART CLEARANCE SALE ENDS TONIGHT. UP TO 30% OFF SITEWIDE.,Promo
UPI payment of Rs.98173 to Dominic successful UPI Ref: 255763043142 -SBI,Bank
Dear customer ur SBI account will be blocked! Update KYC now: bit.ly/qqdkDJ,Spam
Your return pickup for order OD2161971460 is scheduled on 02 Jul. Keep the item ready. -Zomato T&C apply,Delivery
Last day! BigBasket clearance sale ends tonight. Up to 50% off sitewide.,Promo
"HEY, MY NEW NUMBER IS 04044092787. SAVE IT! MEET AT TONIGHT?",Personal
Rs.66315 debited from A/c XX4000 on 30-06-26 to Daksha. Avl Bal: Rs.218217. -Kotak,Bank
OTP  for delivery of order OD9987592062 is 3027. Share only with the delivery agent. -XpressBees,Delivery
your a/c xx6623 is debited with rs.34204 on 27-06-26. info: upi-timothy. bal: rs.70433,Bank
UPI payment of Rs.29145 to Hemang successful. UPI Ref: 267500303204. -ICICI Bank STOP to opt out,Bank
  G-146103 is your Google verification code.,OTP
Salary of Rs.76956 credited to A/c XX7677. Avl Bal: Rs.420133. -ICICI Bank STOP to opt out,Bank
Coupon 7931 gives you free delivery on orders above Rs.2196. -BigBasket,Promo
OTP for delivery of order OD3706810367 is 5324 Share only with the delivery agent -Delhivery,Delivery
"Class  shifted to room 6038, come fast",Personal
631392 is your OTP for Swiggy login. Valid for 5 minutes. Do not share with anyone.,OTP
recharge with rs.343 & get 70% extra talktime. offer valid today only!,Promo
cheque no. 923056320778 for rs.18503 has been cleared from a/c xx3101. -icici bank,Bank
Use 708751 to complete your Axis Bank registration. Valid till 5 mins.,OTP
OTP: 549973 for txn of Rs.47331 at IRCTC. Do not share. -BOB,OTP
Your return pickup for order OD4898800256 is scheduled on 01 Jul. Keep the item ready. -Swiggy,Delivery
ALERT: Rs.25421 withdrawn from ATM using card XX6725 on 18-02-26. Bal: Rs.243305. -HDFC Bank,Bank
  Pay Rs.4006 on delivery for order OD213960475. -DTDC,Delivery
463214 is your OTP for Uber login. Valid for 2 minutes. Do not share with anyone.,OTP
YOUR SWIGGY ORDER OD1080993520 HAS BEEN SHIPPED VIA DELHIVERY. TRACK: BIT.LY/AANMXN,Delivery
93605 is your verification code for Swiggy. Never share your OTP. -TM,OTP
Your Amazon code: 398902 STOP to opt out,OTP
Congratulations! U won Rs.517421 in lucky draw. Claim: bit.ly/UjRoiw,Spam
Delivered! Ur Flipkart order OD1409990917 was delivered on 04 Jul. Rate ur experience: bit.ly/wroXsW,Delivery
Order  OD7919759485 packed and ready! Expected dispatch by 03 Jul. -Amazon,Delivery
822943 - use this to sign in Never share this code with anyone,OTP
377312 is your verification code for Ola. Never share your OTP.,OTP
YOUR FLIPKART MEMBERSHIP EXPIRES SOON. RENEW NOW & SAVE 60%: BIT.LY/NKVYQK,Promo
Congratulations! You won Rs.221235 in lucky draw Claim: bitly/qVYaiu,Spam
  Delivery attempt failed for order OD2327401106. We will retry tomorrow. -XpressBees,Delivery
UPI payment of Rs.24538 to Tanish successful. UPI Ref: 845344002104. -BOB,Bank
Your OTP is 3031. Use it to verify your Axis Bank account. Expires in 5 min. STOP to opt out,OTP
181257 - use this code to sign in to Flipkart. Never share it with anyone.,OTP
Congratulations! You won Rs.591271 in lucky draw. Claim: bit.ly/TOraTB T&C apply,Spam
Hotstar: 265419 is your login OTP. It expires in 5 minutes.,OTP
Flat Rs.205 cashback on your next order at Amazon. Use code SAVE47. Valid till 04 Jul.,Promo
your uber code: 5254,OTP
Salary of Rs.10077 credited to A/c XX3929. Avl Bal: Rs.354248. -PNB,Bank
<#> 819710 IS YOUR FLIPKART CODE. VALID 5 MIN. HA8SK2LQP3,OTP
Your one time password is 233666 for BigBasket. Please do not share it.,OTP
666411 - use this to sign in. Never share this code with anyone.,OTP
905075  is your verification code for Netflix. Never share your OTP.,OTP
483123 IS YOUR VERIFICATION CODE FOR IRCTC. NEVER SHARE YOUR OTP.,OTP
Work from home! Earn Rs.283813/month. Join: bit.ly/ctQgTg,Spam
Your  one time password is 7148 for Swiggy. Please do not share it.,OTP
Recharge with Rs.1275 & get 40% extra talktime. Offer valid today only!,Promo
DTDC: Shipment OD3908054718 reached your city hub Expected delivery: 02 Jul,Delivery
Ur order OD6683102881 from Flipkart is arriving tomorrow. Keep Rs.3437 ready for COD.,Delivery
<#> 71540 is your Kotak code Valid 2 min hA8sk2Lqp3,OTP
"Bro send me Rs.1468 on gpay, will return by 02 Jul",Personal
"Bro send me Rs.760 on gpay, will return by 02 Jul",Personal
Your SIM will be deactivated in 24hrs Verify Aadhaar: bitly/khntPq,Spam
Pay Rs.2166 on delivery for order OD847658079. -Delhivery,Delivery
Use code 1077 at checkout for 25% off at Myntra!,Promo
191844 IS YOUR OTP FOR UBER LOGIN. VALID FOR 5 MINUTES. DO NOT SHARE WITH ANYONE.,OTP
rs.54034 credited to a/c xx7929 on 15-01-26. avl bal: rs.268593. -kotak,Bank
Rs.98899 credited to A/c XX3712 on 10-03-26. Avl Bal: Rs.419816. -Kotak,Bank
Your  return pickup for order OD6924403443 is scheduled on 02 Jul. Keep the item ready. -Amazon,Delivery
Cheque no. 746177236285 for INR 19541 has been cleared from A/c XX9471. -Axis Bank,Bank
UPI payment of INR 60677 to Bhavika successful. UPI Ref: 658852765476. -PNB,Bank
Interest  of Rs.36028 credited to your FD A/c XX8778. -HDFC Bank,Bank
Tap  to verify: 363695. This code expires shortly.,OTP
zomato big billion days! up to 30% off + extra 10% with axis bank cards. hurry!,Promo
"Hey, my new number is +918381904337. Save it! Meet at 6pm?",Personal
Last day! Zomato clearance sale ends tonight. Up to 80% off sitewide. -TM,Promo
  Enter 538108 to verify your mobile number for Ola.,OTP
Weekend  special at Zomato! Min 40% off on everything. Don't miss out: bit.ly/aISigW,Promo
Delivered! Your Amazon order OD5978043530 was delivered on 02 Jul. Rate your experience: bit.ly/yBekjf T&C apply,Delivery
OTP-based login was enabled for your A/c XX2142 Call PNB if this wasn't you,Bank
Cheque no. 980855401718 for Rs.87185 has been cleared from A/c XX3428. -Axis Bank,Bank
Salary of Rs.39536 credited to A/c XX2801. Avl Bal: Rs.96077. -BOB,Bank
<#> 33751 is your SBI code. Valid 5 min. hA8sk2Lqp3,OTP
MEGA SALE! Get 80% OFF on all products at Meesho. Shop now: bit.ly/QGHrlb T&C apply.,Promo
OTP-based login was enabled for your A/c XX5653 Call Axis Bank if this wasn't you,Bank
Meesho:  Your cart misses you! Complete purchase now & get 80% off. bit.ly/acDEBS,Promo
Interest  of Rs.74364 credited to your FD A/c XX9055. -HDFC Bank,Bank
Your SIM will be deactivated in 24hrs. Verify Aadhaar: bit.ly/tIWGvy,Spam
  UPI payment of Rs.37783 to Madhavi successful. UPI Ref: 407142739884. -ICICI Bank,Bank
Your one time password is 264712 for Uber. Please do not share it.,OTP
your a/c xx2199 is debited with rs.69766 on 09-04-26. info: upi-falguni. bal: rs.111762,Bank
Low balance alert: A/c XX3237 balance is INR 376900. Maintain min balance to avoid charges.,Bank
Exclusive for you! Buy 1 Get 1 FREE at Swiggy Limited period offer Visit bitly/CCbspx,Promo
Pay Rs.1644 on delivery for order OD857026506. -Ekart,Delivery
968155 is ur OTP for Zomato login. Valid for 30 minutes. Do not share with anyone.,OTP
your a/c xx1504 is debited with rs.32629 on 24-06-26. info: upi-girik. bal: rs.491149,Bank
"Bro send me Rs.4985 on gpay, will return by 02 Jul",Personal
630017 is your PhonePe security code. Anyone asking for it is a scammer.,OTP
Use 953851 to complete your Ola registration. Valid till 2 mins.,OTP
Your OTP is 134214 Use it to verify your Kotak account Expires in 15 min,OTP
664037 is your verification code for Paytm. Never share your OTP.,OTP
OTP for delivery of order OD6212420868 is 8119. Share only with the delivery agent. -Delhivery,Delivery
Your order OD9902245191 from Meesho is arriving tomorrow. Keep Rs.399 ready for COD. T&C apply,Delivery
Recharge with Rs.1894 & get 40% extra talktime. Offer valid today only!,Promo
OTP: 37642 for txn of Rs.45911 at ICICI Bank. Do not share. -SBI,OTP
Confirmation code 760322 for Myntra. Keep it private.,OTP
Recharge with INR 575 & get 80% extra talktime. Offer valid today only!,Promo
Congratulations! You won Rs.791031 in lucky draw. Claim: bit.ly/oTrVGG,Spam
DTDC: Shipment OD5210066403 reached your city hub. Expected delivery: 02 Jul.,Delivery
322981 is your Uber security code. Anyone asking for it is a scammer.,OTP
exclusive for you! buy 1 get 1 free at meesho. limited period offer. visit bit.ly/kikhbv,Promo
Your Paytm code: 455258,OTP
MEGA SALE! Get 20% OFF on all products at Flipkart. Shop now: bit.ly/wHisnT T&C apply.,Promo
Rs.37739  credited to A/c XX8547 on 10-06-26. Avl Bal: Rs.263273. -SBI,Bank
  EMI of Rs.92573 due on 27-04-26 for loan A/c XX7852. Pay now to avoid charges. -Axis Bank,Bank
rs.98858 credited to a/c xx1155 on 29-03-26. avl bal: rs.54930. -axis bank,Bank
  Delivered! Your Myntra order OD2652473612 was delivered on 03 Jul. Rate your experience: bit.ly/CoYYvW,Delivery
YOUR UBER CODE: 9776,OTP
PAY RS.1104 ON DELIVERY FOR ORDER OD879026478. -BLUEDART,Delivery
Delivery attempt failed for order OD8098505981. We will retry tomorrow. -Delhivery,Delivery
642559 - use this to sign in. Never share this code with anyone.,OTP
Axis Bank: 865958 is your login OTP. It expires in 5 minutes.,OTP
OTP: 45939 for txn of Rs.26333 at PhonePe. Do not share. -Kotak,OTP
Use 154624 to complete your Myntra registration. Valid till 15 mins.,OTP
Your return pickup for order OD9604205539 is scheduled on 03 Jul. Keep the item ready. -Myntra,Delivery
Order OD7882954489 packed and ready! Expected dispatch by 03 Jul. -Myntra,Delivery
Flat INR 482 cashback on your next order at Amazon. Use code SAVE16. Valid till 03 Jul.,Promo
Your return pickup for order OD4422351793 is scheduled on 03 Jul. Keep the item ready. -Zomato,Delivery
831847 is your Paytm security code. Anyone asking for it is a scammer.,OTP
Your order OD5583353772 from Zomato is arriving tomorrow. Keep Rs.1474 ready for COD.,Delivery
G-696423 is your Google verification code,OTP
Cheque no. 124714431782 for Rs.33580 has been cleared from A/c XX3724. -SBI,Bank
confirmation code 536436 for flipkart. keep it private.,OTP
Delivery attempt failed for order OD9765140902. We will retry tomorrow. -Delhivery,Delivery
Work from home! Earn Rs.1293992/month. Join: bit.ly/rjkcyY,Spam
Confirmation code 542147 for Amazon. Keep it private.,OTP
  Cheque no. 664560427308 for Rs.41302 has been cleared from A/c XX3012. -Axis Bank,Bank
PHONEPE: 685141 IS YOUR LOGIN OTP. IT EXPIRES IN 10 MINUTES.,OTP
Low balance alert: A/c XX6595 balance is Rs.144033. Maintain min balance to avoid charges.,Bank
Irya from DTDC is arriving with your package. Contact: +918349524722,Delivery
Pay  Rs.831 on delivery for order OD995294923. -BlueDart,Delivery
ALERT: Rs.20989 withdrawn from ATM using card XX5211 on 18-01-26. Bal: Rs.227721. -Kotak,Bank
Your Zomato membership expires soon. Renew now & save 30%: bit.ly/TxcgZT,Promo
EMI of Rs.55929 due on 30-06-26 for loan A/c XX1532. Pay now to avoid charges. -ICICI Bank,Bank
Your OTP is 639250. Use it to verify your HDFC Bank account. Expires in 5 min.,OTP
  Your OTP is 275539. Use it to verify your Zomato account. Expires in 10 min.,OTP
Coupon 1028 gives you free delivery on orders above Rs.4469. -Amazon,Promo
MEGA SALE! Get 50% OFF on all products at Meesho. Shop now: bit.ly/FgwXmX T&C apply.,Promo
ALERT: Rs.28616 withdrawn from ATM using card XX2105 on 09-03-26. Bal: Rs.245385. -BOB,Bank
Use 205545 to complete your Zomato registration. Valid till 30 mins.,OTP
<#> 747998 is your PNB code. Valid 2 min. hA8sk2Lqp3,OTP
142573 is ur verification code for Axis Bank. Never share ur OTP.,OTP
Delivered!  Your Zomato order OD7586272362 was delivered on 02 Jul. Rate your experience: bit.ly/OVEYqE,Delivery
recharge with rs.275 & get 20% extra talktime. offer valid today only!,Promo
OTP: 87572 for txn of INR 34004 at BOB. Do not share. -SBI,OTP
"Never share your OTP, PIN or CVV. PNB never asks for these. Stay safe. -TM",Bank
Meesho: Your cart misses you! Complete purchase now & get 50% off. bit.ly/HvHOqa,Promo
ALERT: INR 79639 withdrawn from ATM using card XX7263 on 04-05-26. Bal: INR 194370. -ICICI Bank,Bank
OTP-based login was enabled for your A/c XX4190. Call BOB if this wasn't you.,Bank
  Dear customer ur ICICI Bank account will be blocked! Update KYC now: bit.ly/CHeGrP,Spam
  Your OTP is 462900. Use it to verify your Hotstar account. Expires in 30 min.,OTP
294925 is your HDFC Bank security code. Anyone asking for it is a scammer.,OTP
coupon 3546 gives you free delivery on orders above rs.380. -amazon,Promo
RS.6431 DEBITED FROM A/C XX6918 ON 19-06-26 TO DOMINIC. AVL BAL: RS.391276. -PNB,Bank
"HEY, MY NEW NUMBER IS +916971826751. SAVE IT! MEET AT 6PM?",Personal
your credit card xx4261 statement is ready. total due: rs.44586. min due: rs.3580. -pnb,Bank
<#>  346564 is your Myntra code. Valid 30 min. hA8sk2Lqp3,OTP
YOUR BIGBASKET MEMBERSHIP EXPIRES SOON. RENEW NOW & SAVE 30%: BIT.LY/HGHSEM,Promo
  Order OD8687163686 packed and ready! Expected dispatch by 03 Jul. -BigBasket,Delivery
CHEQUE NO. 429381425477 FOR RS.14383 HAS BEEN CLEARED FROM A/C XX4850. -ICICI BANK,Bank
DTDC:  Shipment OD7243300445 reached your city hub. Expected delivery: 04 Jul.,Delivery
"Hi Zilmil, unlock INR 185 off your first order at BigBasket with code NEW13.",Promo
YOUR MYNTRA ORDER OD6358924016 HAS BEEN SHIPPED VIA EKART. TRACK: BIT.LY/LEYEMS,Delivery
Your return pickup for order OD7244980252 is scheduled on 04 Jul. Keep the item ready. -Swiggy,Delivery
YOUR RETURN PICKUP FOR ORDER OD5629862661 IS SCHEDULED ON 04 JUL. KEEP THE ITEM READY. -SWIGGY,Delivery
EMI of INR 25262 due on 05-06-26 for loan A/c XX9790. Pay now to avoid charges. -SBI,Bank
Exclusive for you! Buy 1 Get 1 FREE at Myntra Limited period offer Visit bitly/UDixQe,Promo
BlueDart: Shipment OD8702759220 reached your city hub. Expected delivery: 04 Jul.,Delivery
Rs.78916 credited to A/c XX9386 on 10-04-26. Avl Bal: Rs.273508. -HDFC Bank,Bank
Myntra Big Billion Days! Up to 40% off + extra 10% with HDFC Bank cards. Hurry! STOP to opt out,Promo
"  Never share your OTP, PIN or CVV. ICICI Bank never asks for these. Stay safe.",Bank
FLAT RS.546 CASHBACK ON YOUR NEXT ORDER AT MYNTRA. USE CODE SAVE64. VALID TILL 04 JUL.,Promo
OTP for delivery of order OD5268677838 is 9662. Share only with the delivery agent. -BlueDart,Delivery
G-868330 is ur Google verification code.,OTP
tap to verify: 701042. this code expires shortly.,OTP
Weekend special at Meesho! Min 60% off on everything Don't miss out: bitly/OmRsHH,Promo
Swiggy Big Billion Days! Up to 20% off + extra 10% with PNB cards. Hurry!,Promo
Flat Rs.882 cashback on your next order at Zomato. Use code SAVE30. Valid till 01 Jul.,Promo
Your A/c XX1929 is debited with Rs.43542 on 23-03-26. Info: UPI-Kala. Bal: Rs.126209,Bank
789229 is your OTP for Myntra login Valid for 10 minutes Do not share with anyone,OTP
MEGA  SALE! Get 80% OFF on all products at Amazon. Shop now: bit.ly/UUxJsI T&C apply.,Promo
Rs.131 debited from A/c XX5253 on 11-03-26 to Aahana. Avl Bal: Rs.25975. -SBI -TM,Bank
Salary of Rs.29100 credited to A/c XX6661. Avl Bal: Rs.177584. -Axis Bank,Bank
Tap to verify: 422700. This code expires shortly.,OTP
ALERT: Rs.1730 withdrawn from ATM using card XX6600 on 14-06-26. Bal: Rs.249856. -ICICI Bank,Bank
Use 878369 to complete your Kotak registration. Valid till 2 mins.,OTP
DTDC: Shipment OD1558208075 reached your city hub. Expected delivery: 01 Jul.,Delivery
HDFC Bank: 432481 is your login OTP. It expires in 5 minutes.,OTP
EMI of INR 68303 due on 10-01-26 for loan A/c XX3728. Pay now to avoid charges. -SBI,Bank
Your Uber code: 4558 -TM,OTP
Your one time password is 759466 for ICICI Bank. Please do not share it. -TM,OTP
14868  is your OTP for SBI login. Valid for 15 minutes. Do not share with anyone.,OTP
Your Zomato code: 137323,OTP
Interest of Rs.32890 credited to ur FD A/c XX7789. -SBI,Bank
UPI payment of Rs.94589 to Victor successful. UPI Ref: 747584781703. -SBI,Bank
confirmation code 419609 for flipkart. keep it private.,OTP
Flipkart  Big Billion Days! Up to 40% off + extra 10% with PNB cards. Hurry!,Promo
Ur Meesho membership expires soon. Renew now & save 50%: bit.ly/JHcQmz,Promo
Work  from home! Earn Rs.848203/month. Join: bit.ly/aCIoXY,Spam
Delivered! Your Amazon order OD1005276761 was delivered on 01 Jul. Rate your experience: bit.ly/PJlhZS,Delivery
ALERT: Rs.83843 withdrawn from ATM using card XX3177 on 24-04-26. Bal: Rs.191670. -HDFC Bank,Bank
RS.98344 DEBITED FROM A/C XX7162 ON 16-06-26 TO TANMAYI. AVL BAL: RS.255737. -KOTAK,Bank
Ur Amazon order OD2607466508 has been shipped via Ekart. Track: bit.ly/NMjdbR,Delivery
congratulations! you won rs.563547 in lucky draw. claim: bit.ly/fjjqxg,Spam
UPI payment of Rs.44412 to Xavier successful UPI Ref: 710186581754 -Axis Bank,Bank
G-52072 is your Google verification code.,OTP
Use 873187 to complete your ICICI Bank registration. Valid till 15 mins.,OTP
Delivered! Your Zomato order OD6308419567 was delivered on 01 Jul. Rate your experience: bit.ly/ExFdyW,Delivery
kotak: 955722 is your login otp. it expires in 15 minutes.,OTP
672799  - use this to sign in. Never share this code with anyone.,OTP
Your Amazon order OD5533714299 has been shipped via BlueDart. Track: bit.ly/uIKBTS -TM,Delivery
CONFIRMATION CODE 772105 FOR IRCTC. KEEP IT PRIVATE.,OTP
Dear customer ur HDFC Bank account will be blocked! Update KYC now: bitly/wxebOd,Spam
OTP: 260840 for txn of Rs.43547 at Flipkart. Do not share. -BOB,OTP
  Your return pickup for order OD2681826562 is scheduled on 02 Jul. Keep the item ready. -Flipkart,Delivery
Rs.12829 debited from A/c XX5400 on 19-01-26 to Varsha. Avl Bal: Rs.262895. -HDFC Bank,Bank
salary of rs.389 credited to a/c xx5194. avl bal: rs.238193. -kotak,Bank
Exclusive for you! Buy 1 Get 1 FREE at Flipkart. Limited period offer. Visit bit.ly/kyeVFT,Promo
Your credit card XX5768 statement is ready. Total due: Rs.67322. Min due: Rs.3661. -ICICI Bank,Bank
Your BigBasket membership expires soon. Renew now & save 20%: bit.ly/tTCuDa,Promo
Zomato: 74940 is your login OTP. It expires in 5 minutes.,OTP
"HI JHALAK, UNLOCK RS.1614 OFF YOUR FIRST ORDER AT MYNTRA WITH CODE NEW32.",Promo
Order OD4296573711 packed and ready! Expected dispatch by 02 Jul -BigBasket,Delivery
Order OD2250772546 packed and ready! Expected dispatch by 04 Jul. -Flipkart,Delivery
Coupon 9722 gives you free delivery on orders above INR 1169. -Flipkart,Promo
interest of rs.38899 credited to your fd a/c xx3365. -axis bank,Bank
DELIVERY ATTEMPT FAILED FOR ORDER OD2477433097. WE WILL RETRY TOMORROW. -XPRESSBEES,Delivery
OTP for delivery of order OD3077406430 is 3506. Share only with the delivery agent. -Delhivery,Delivery
Your Meesho order OD4590912304 has been shipped via XpressBees. Track: bit.ly/wYMMAL,Delivery
Pay Rs.4949 on delivery for order OD876852752. -XpressBees,Delivery
your otp is 920905. use it to verify your flipkart account. expires in 5 min.,OTP
Your credit card XX7648 statement is ready. Total due: Rs.1352. Min due: Rs.4186. -ICICI Bank,Bank
PAYTM: 709904 IS YOUR LOGIN OTP. IT EXPIRES IN 15 MINUTES.,OTP
Delivery attempt failed for order OD9951355097 We will retry tomorrow -DTDC,Delivery
458651 - use this code to sign in to Flipkart. Never share it with anyone. STOP to opt out,OTP
  XpressBees: Shipment OD1469507144 reached your city hub. Expected delivery: 03 Jul.,Delivery
"Hi Jonathan, unlock Rs.1171 off your first order at BigBasket with code NEW15.",Promo
Low balance alert: A/c XX3125 balance is Rs.265439. Maintain min balance to avoid charges.,Bank
GPAY: 124059 IS YOUR LOGIN OTP. IT EXPIRES IN 5 MINUTES.,OTP
OTP for delivery of order OD4387851286 is 7642. Share only with the delivery agent. -BlueDart,Delivery
Jagvi from BlueDart is arriving with your package. Contact: +917819091861,Delivery
<#> 918893 is your Netflix code Valid 15 min hA8sk2Lqp3,OTP
Last day! Zomato clearance sale ends tonight. Up to 40% off sitewide.,Promo
Rs.87642 debited from A/c XX8433 on 10-01-26 to Daksha. Avl Bal: Rs.159014. -Kotak,Bank
462554 - use this code to sign in to ICICI Bank. Never share it with anyone.,OTP
g-956320 is your google verification code.,OTP
  XpressBees: Shipment OD4869202520 reached your city hub. Expected delivery: 02 Jul.,Delivery
Your return pickup for order OD5684921673 is scheduled on 03 Jul. Keep the item ready. -Amazon T&C apply,Delivery
Your  A/c XX3673 is debited with Rs.94749 on 12-02-26. Info: UPI-Raksha. Bal: Rs.137348,Bank
Rs.93856  credited to A/c XX2791 on 19-02-26. Avl Bal: Rs.49088. -SBI,Bank
Delivered! Ur Meesho order OD5083896492 was delivered on 02 Jul. Rate ur experience: bit.ly/aYmXyL,Delivery
Last day! Amazon clearance sale ends tonight. Up to 80% off sitewide.,Promo
  Order OD3414346580 packed and ready! Expected dispatch by 03 Jul. -Flipkart,Delivery
ALERT: Rs.19682 withdrawn from ATM using card XX4517 on 05-05-26 Bal: Rs.123546 -SBI,Bank
Pay Rs.4157 on delivery for order OD762840760. -DTDC,Delivery
Use code 5671 at checkout for 25% off at Flipkart!,Promo
Cheque no. 105917102631 for Rs.36861 has been cleared from A/c XX7875. -ICICI Bank STOP to opt out,Bank
Out for delivery: Your Flipkart package OD2772143104 will arrive today by 6 PM -BlueDart,Delivery
Your  credit card XX5535 statement is ready. Total due: Rs.15374. Min due: Rs.4752. -BOB,Bank
enter 813927 to verify your mobile number for ola.,OTP
Rs.53698 debited from A/c XX7196 on 04-05-26 to Chandran. Avl Bal: Rs.178834. -Axis Bank,Bank
  283907 is your OTP for PNB login. Valid for 5 minutes. Do not share with anyone.,OTP
your uber code: 8223,OTP
123390 - use this code to sign in to BOB. Never share it with anyone.,OTP
Last day! Meesho clearance sale ends tonight. Up to 40% off sitewide.,Promo
  MEGA SALE! Get 10% OFF on all products at BigBasket. Shop now: bit.ly/OlEIoU T&C apply.,Promo
G-524762 is your Google verification code,OTP
Rs.5591 debited from A/c XX9505 on 12-05-26 to Lila. Avl Bal: Rs.11127. -Kotak T&C apply,Bank
Shivani from Ekart is arriving with ur package. Contact: 06397361352,Delivery
OTP-BASED LOGIN WAS ENABLED FOR YOUR A/C XX4625. CALL SBI IF THIS WASN'T YOU.,Bank
Low balance alert: A/c XX7338 balance is Rs.206669. Maintain min balance to avoid charges.,Bank
Rs.90638 credited to A/c XX6670 on 16-04-26. Avl Bal: Rs.483479. -Kotak,Bank
OTP for delivery of order OD9833525618 is 4121. Share only with the delivery agent. -Ekart,Delivery
OTP for delivery of order OD3096119859 is 2038. Share only with the delivery agent. -XpressBees,Delivery
"Hey, my new number is 01001036095. Save it! Meet at 6pm? STOP to opt out",Personal
salary of rs.14614 credited to a/c xx4014. avl bal: rs.170765. -sbi,Bank
<#> 435927 is your PhonePe code. Valid 5 min. hA8sk2Lqp3,OTP
Out for delivery: Your Zomato package OD9543933245 will arrive today by 3 PM. -Ekart,Delivery
Last day! Meesho clearance sale ends tonight. Up to 30% off sitewide.,Promo
Work  from home! Earn Rs.767086/month. Join: bit.ly/babuFC,Spam
Your return pickup for order OD8099071214 is scheduled on 04 Jul. Keep the item ready. -Swiggy,Delivery
Weekend special at Myntra! Min 70% off on everything. Don't miss out: bit.ly/cXzRSD,Promo
DTDC: Shipment OD5327402233 reached your city hub. Expected delivery: 01 Jul.,Delivery
Use 58849 to complete your Kotak registration Valid till 15 mins,OTP
"Hey, my new number is 1962056666. Save it! Meet at 8?",Personal
EMI of Rs.85395 due on 20-04-26 for loan A/c XX4920. Pay now to avoid charges. -HDFC Bank,Bank
Your return pickup for order OD3011526698 is scheduled on 03 Jul Keep the item ready -Swiggy,Delivery
Your SIM will be deactivated in 24hrs. Verify Aadhaar: bit.ly/loLuPH,Spam
Ur Swiggy order OD3884907072 has been shipped via BlueDart. Track: bit.ly/NLLeuU,Delivery
373604 IS YOUR OTP FOR PHONEPE LOGIN. VALID FOR 10 MINUTES. DO NOT SHARE WITH ANYONE.,OTP
Your return pickup for order OD6891670167 is scheduled on 02 Jul Keep the item ready -Myntra,Delivery
IRCTC: 162761 is your login OTP. It expires in 15 minutes.,OTP
213458 is your Flipkart security code. Anyone asking for it is a scammer. -TM,OTP
YOUR OTP IS 53713. USE IT TO VERIFY YOUR GPAY ACCOUNT. EXPIRES IN 10 MIN.,OTP
  Mohini from Delhivery is arriving with your package. Contact: 7274628976,Delivery
LAST DAY! BIGBASKET CLEARANCE SALE ENDS TONIGHT. UP TO 60% OFF SITEWIDE.,Promo
Your order OD9574733262 from Flipkart is arriving tomorrow. Keep Rs.276 ready for COD.,Delivery
Interest of Rs.41444 credited to your FD A/c XX6972. -Kotak,Bank
Cheque  no. 431792609940 for Rs.16722 has been cleared from A/c XX3003. -HDFC Bank,Bank
EMI of Rs.25706 due on 08-05-26 for loan A/c XX3780 Pay now to avoid charges -SBI,Bank
Order OD7347367894 packed and ready! Expected dispatch by 02 Jul. -Flipkart STOP to opt out,Delivery
work from home! earn rs.1144343/month. join: bit.ly/nifoay,Spam
Your order OD4851328752 from Amazon is arriving tomorrow. Keep Rs.3700 ready for COD.,Delivery
Cheque no. 822717657023 for Rs.18686 has been cleared from A/c XX4903. -PNB -TM,Bank
OTP for delivery of order OD1256026328 is 8620. Share only with the delivery agent. -Ekart STOP to opt out,Delivery
Delivery attempt failed for order OD1475443483. We will retry tomorrow. -Delhivery,Delivery
Your credit card XX4961 statement is ready. Total due: Rs.21752. Min due: Rs.965. -PNB,Bank
Pay Rs.2823 on delivery for order OD682688363. -Ekart,Delivery
Enter 638250 to verify your mobile number for PNB.,OTP
Delivered!  Your Swiggy order OD9618663491 was delivered on 01 Jul. Rate your experience: bit.ly/gSNLkh,Delivery
  Salary of Rs.37014 credited to A/c XX4487. Avl Bal: Rs.304146. -HDFC Bank,Bank
XpressBees: Shipment OD8206732289 reached your city hub Expected delivery: 02 Jul,Delivery
UPI payment of Rs.57089 to Qushi successful UPI Ref: 723316994743 -Axis Bank,Bank
ALERT: Rs.28938 withdrawn from ATM using card XX9089 on 09-04-26. Bal: Rs.301085. -SBI,Bank
UPI payment of Rs.15366 to Vedant successful. UPI Ref: 937627067162. -Axis Bank,Bank
Pay Rs.1521 on delivery for order OD965282446. -Ekart,Delivery
Interest of Rs.48940 credited to your FD A/c XX9859. -BOB,Bank
Enter 521680 to verify your mobile number for IRCTC,OTP
ICICI Bank: 652698 is your login OTP. It expires in 5 minutes.,OTP
20385 is your OTP for Hotstar login. Valid for 30 minutes. Do not share with anyone.,OTP
last day! meesho clearance sale ends tonight. up to 70% off sitewide.,Promo
"Hi  Mohini, unlock Rs.1462 off your first order at Amazon with code NEW86.",Promo
EMI of Rs.85827 due on 02-01-26 for loan A/c XX5883. Pay now to avoid charges. -ICICI Bank,Bank
Out for delivery: Your Swiggy package OD7370903420 will arrive today by 6 PM. -XpressBees,Delivery
941451 IS YOUR OTP FOR SWIGGY LOGIN. VALID FOR 5 MINUTES. DO NOT SHARE WITH ANYONE.,OTP
Your return pickup for order OD7800052039 is scheduled on 04 Jul. Keep the item ready. -Swiggy,Delivery
OUT FOR DELIVERY: YOUR SWIGGY PACKAGE OD2438951593 WILL ARRIVE TODAY BY 6 PM. -DELHIVERY,Delivery
  Dear customer ur HDFC Bank account will be blocked! Update KYC now: bit.ly/wpLUVk,Spam
OTP-based login was enabled for your A/c XX2948. Call BOB if this wasn't you.,Bank
Your Amazon membership expires soon. Renew now & save 40%: bit.ly/JPgSRB STOP to opt out,Promo
  G-735855 is your Google verification code.,OTP
Delivered! Ur Myntra order OD1446035745 was delivered on 02 Jul. Rate ur experience: bit.ly/mPWide,Delivery
Your Uber code: 5719,OTP
Exclusive for you! Buy 1 Get 1 FREE at Myntra Limited period offer Visit bitly/UKMGrs,Promo
"  Hey, my new number is 4085464086. Save it! Meet at 8?",Personal
Your Uber code: 7546,OTP
Interest of Rs.71795 credited to ur FD A/c XX1316. -Axis Bank,Bank
Rs.40284 debited from A/c XX8597 on 08-01-26 to Bhavika. Avl Bal: Rs.6651. -Axis Bank,Bank
Your  Meesho order OD8227637465 has been shipped via Delhivery. Track: bit.ly/RSDRiu,Delivery
305391 is your OTP for Myntra login. Valid for 30 minutes. Do not share with anyone.,OTP
Bhavani from DTDC is arriving with your package. Contact: +910066203308,Delivery
Your one time password is 91328 for SBI. Please do not share it.,OTP
EMI of Rs.16613 due on 13-05-26 for loan A/c XX3296. Pay now to avoid charges. -PNB,Bank
115262 is your verification code for SBI. Never share your OTP.,OTP
LAST DAY! ZOMATO CLEARANCE SALE ENDS TONIGHT. UP TO 10% OFF SITEWIDE.,Promo
  Your one time password is 395645 for Paytm. Please do not share it.,OTP
Low balance alert: A/c XX2871 balance is Rs.297742. Maintain min balance to avoid charges.,Bank
  617118 - use this to sign in. Never share this code with anyone.,OTP
Out for delivery: Your Amazon package OD9405902404 will arrive today by 6 PM. -BlueDart,Delivery
YOUR A/C XX1200 IS DEBITED WITH RS.52824 ON 06-03-26. INFO: UPI-DAYITA. BAL: RS.111934,Bank
EMI of Rs.52016 due on 19-04-26 for loan A/c XX8507. Pay now to avoid charges. -ICICI Bank,Bank
G-391960 is your Google verification code. STOP to opt out,OTP
YOUR OTP IS 22998. USE IT TO VERIFY YOUR HOTSTAR ACCOUNT. EXPIRES IN 5 MIN.,OTP
Congratulations! You won INR 1625285 in lucky draw. Claim: bit.ly/MfGoPg,Spam
Coupon 4652 gives you free delivery on orders above Rs.3562. -Amazon,Promo
Delivered! Your Myntra order OD3658033368 was delivered on 02 Jul. Rate your experience: bit.ly/WXzFrR,Delivery
Your BigBasket order OD9037643652 has been shipped via Delhivery. Track: bit.ly/peAIdI,Delivery
Low balance alert: A/c XX3713 balance is Rs.245167. Maintain min balance to avoid charges. T&C apply,Bank
Your return pickup for order OD7610252961 is scheduled on 03 Jul. Keep the item ready. -Flipkart,Delivery
UPI payment of INR 8882 to Rachita successful. UPI Ref: 884087073392. -PNB,Bank
"Never share ur OTP, PIN or CVV. HDFC Bank never asks for these. Stay safe.",Bank
Cheque no. 207682777117 for Rs.23420 has been cleared from A/c XX4470. -HDFC Bank -TM,Bank
g-872860 is your google verification code.,OTP
Pay INR 1756 on delivery for order OD255769426. -Ekart,Delivery
otp for delivery of order od1573890700 is 6404. share only with the delivery agent. -delhivery,Delivery
Gavin from XpressBees is arriving with ur package. Contact: +918726604286,Delivery
Out for delivery: Your Swiggy package OD8290070323 will arrive today by 12 PM -BlueDart,Delivery
Exclusive for you! Buy 1 Get 1 FREE at Meesho. Limited period offer. Visit bit.ly/bccGqf,Promo
"Class shifted to room 4667, come fast",Personal
Work from home! Earn Rs.1237307/month. Join: bit.ly/TkIwka,Spam
Coupon 9727 gives you free delivery on orders above Rs.3097 -Amazon,Promo
416261 is your OTP for PNB login. Valid for 15 minutes. Do not share with anyone. T&C apply,OTP
Vinaya from XpressBees is arriving with your package. Contact: 03768998315,Delivery
OTP for delivery of order OD9596315182 is 1297. Share only with the delivery agent. -Ekart,Delivery
UPI  payment of Rs.58046 to Chatura successful. UPI Ref: 380709954705. -PNB,Bank
"CLASS SHIFTED TO ROOM 2553, COME FAST",Personal
Your one time password is 335164 for HDFC Bank. Please do not share it.,OTP
g-758773 is your google verification code.,OTP
Your one time password is 36120 for Flipkart. Please do not share it.,OTP
Out  for delivery: Your Meesho package OD2164137387 will arrive today by 12 PM. -BlueDart,Delivery
OTP: 678352 FOR TXN OF RS.33182 AT HDFC BANK. DO NOT SHARE. -KOTAK,OTP
OTP: 321469 for txn of Rs.25068 at ICICI Bank. Do not share. -HDFC Bank,OTP
Your BigBasket order OD2250291463 has been shipped via Delhivery. Track: bit.ly/NjOjrh,Delivery
Cheque no. 637318687682 for Rs.22959 has been cleared from A/c XX6310. -Axis Bank,Bank
MEGA SALE! Get 10% OFF on all products at Swiggy. Shop now: bit.ly/fxmykl T&C apply.,Promo
401118  is your verification code for Meesho. Never share your OTP.,OTP
Suhani from Delhivery is arriving with your package. Contact: 7624239880 STOP to opt out,Delivery
your zomato code: 469293,OTP
Low balance alert: A/c XX1286 balance is Rs.226417. Maintain min balance to avoid charges.,Bank
UPI payment of Rs.74079 to Chaaya successful. UPI Ref: 897469966603. -PNB,Bank
USE 170128 TO COMPLETE YOUR ICICI BANK REGISTRATION. VALID TILL 30 MINS.,OTP
DELIVERED! YOUR AMAZON ORDER OD2423604784 WAS DELIVERED ON 02 JUL. RATE YOUR EXPERIENCE: BIT.LY/WBGTKT,Delivery
CONFIRMATION CODE 790651 FOR UBER. KEEP IT PRIVATE.,OTP
Order OD7136642787 packed and ready! Expected dispatch by 03 Jul -Swiggy,Delivery
Enter 797618 to verify your mobile number for Swiggy.,OTP
DTDC: Shipment OD7084480665 reached your city hub. Expected delivery: 03 Jul.,Delivery
your order od2444225810 from zomato is arriving tomorrow. keep rs.2266 ready for cod.,Delivery
Your BigBasket membership expires soon. Renew now & save 10%: bit.ly/gCiWCV,Promo
Confirmation code 79480 for Uber. Keep it private.,OTP
Your order OD6081891401 from Flipkart is arriving tomorrow. Keep Rs.3366 ready for COD.,Delivery
Flat Rs.1953 cashback on your next order at Amazon. Use code SAVE83. Valid till 04 Jul.,Promo
ALERT: Rs.86019 withdrawn from ATM using card XX7209 on 23-06-26. Bal: Rs.484532. -PNB,Bank
Delivery attempt failed for order OD8528862929. We will retry tomorrow. -XpressBees,Delivery
Enter 44807 to verify your mobile number for Zomato.,OTP
Salary of Rs.37289 credited to A/c XX5095. Avl Bal: Rs.60152. -HDFC Bank,Bank
Use  225011 to complete your Flipkart registration. Valid till 2 mins.,OTP
572384 - use this code to sign in to Amazon. Never share it with anyone.,OTP
EMI of Rs.48176 due on 31-03-26 for loan A/c XX2285 Pay now to avoid charges -HDFC Bank,Bank
G-442424 is your Google verification code.,OTP
Your Uber code: 3305,OTP
955887 - use this to sign in Never share this code with anyone,OTP
IRCTC: 309556 is your login OTP. It expires in 30 minutes.,OTP
Out for delivery: Your Myntra package OD1028894469 will arrive today by 9 PM. -Ekart,Delivery
G-40228  is your Google verification code.,OTP
608147 is your verification code for hotstar. never share your otp.,OTP
EMI of Rs.94138 due on 25-01-26 for loan A/c XX8278. Pay now to avoid charges. -ICICI Bank,Bank
Enter 860513 to verify ur mobile number for Paytm.,OTP
rs.46414 credited to a/c xx9626 on 27-05-26. avl bal: rs.455278. -axis bank,Bank
Pay Rs.2532 on delivery for order OD954227129 -BlueDart,Delivery
"Hey, my new number is 06365241112. Save it! Meet at 8?",Personal
Flat Rs.879 cashback on your next order at Myntra Use code SAVE66 Valid till 03 Jul,Promo
  Exclusive for you! Buy 1 Get 1 FREE at BigBasket. Limited period offer. Visit bit.ly/qBdhjH,Promo
Your credit card XX1975 statement is ready. Total due: Rs.14013. Min due: Rs.1647. -HDFC Bank,Bank
Rs.74301 debited from A/c XX7551 on 28-06-26 to Darika. Avl Bal: Rs.222985. -PNB,Bank
Your Uber code: 8911,OTP
Swiggy: Ur cart misses you! Complete purchase now & get 50% off. bit.ly/sieHtO,Promo
"bro send me rs.4699 on gpay, will return by 01 jul",Personal
Ur OTP is 291540. Use it to verify ur BOB account. Expires in 30 min.,OTP
Your Amazon membership expires soon. Renew now & save 70%: bit.ly/nptncD,Promo
Your  credit card XX6838 statement is ready. Total due: Rs.96552. Min due: Rs.4615. -Axis Bank,Bank
<#> 145585 is your BOB code Valid 10 min hA8sk2Lqp3,OTP
Cheque  no. 856395056018 for Rs.76841 has been cleared from A/c XX5490. -Kotak,Bank
Delivery attempt failed for order OD3834115479. We will retry tomorrow. -XpressBees,Delivery
Your credit card XX4248 statement is ready. Total due: Rs.24456. Min due: Rs.2274. -Kotak,Bank
Your A/c XX7714 is debited with Rs.68884 on 16-01-26. Info: UPI-Chameli. Bal: Rs.308632,Bank
Your A/c XX4080 is debited with Rs.24424 on 23-04-26. Info: UPI-Nandini. Bal: Rs.124115,Bank
Exclusive for you! Buy 1 Get 1 FREE at Flipkart. Limited period offer. Visit bit.ly/FmFURQ,Promo
Out for delivery: Your Myntra package OD8363246496 will arrive today by 3 PM. -Ekart,Delivery
Your  A/c XX9246 is debited with Rs.80426 on 09-02-26. Info: UPI-Anmol. Bal: Rs.50370,Bank
delivered! your meesho order od5549720354 was delivered on 02 jul. rate your experience: bit.ly/zcfzrt,Delivery
  Out for delivery: Your Zomato package OD3744693745 will arrive today by 6 PM. -DTDC,Delivery
Your Uber code: 9340,OTP
"Hey, my new number is +912748487817. Save it! Meet at noon? -TM",Personal
Your return pickup for order OD1563853094 is scheduled on 04 Jul. Keep the item ready. -BigBasket,Delivery
Confirmation code 804968 for PNB. Keep it private.,OTP
  Enter 596200 to verify your mobile number for Zomato.,OTP
Zomato:  Your cart misses you! Complete purchase now & get 40% off. bit.ly/JyaRwr,Promo
Weekend special at Amazon! Min 50% off on everything. Don't miss out: bit.ly/cucSLt,Promo
"Hi Samesh, unlock Rs.410 off your first order at Swiggy with code NEW21.",Promo
Your Swiggy order OD5822261791 has been shipped via Delhivery. Track: bit.ly/mdLwXG,Delivery
  Your GPay code: 881468,OTP
Order OD1763702350 packed and ready! Expected dispatch by 01 Jul. -Myntra,Delivery
  Your BOB code: 858231,OTP
848324 is your Kotak security code. Anyone asking for it is a scammer.,OTP
Flat Rs.794 cashback on your next order at BigBasket. Use code SAVE37. Valid till 04 Jul.,Promo
Ur Kotak code: 626263,OTP
  Zomato Big Billion Days! Up to 10% off + extra 10% with BOB cards. Hurry!,Promo
MEGA SALE! Get 40% OFF on all products at Swiggy. Shop now: bit.ly/wHrlmZ T&C apply.,Promo
Rs.87509 credited to A/c XX2816 on 05-06-26. Avl Bal: Rs.469789. -Kotak,Bank
Weekend special at Myntra! Min 30% off on everything. Don't miss out: bit.ly/vIvMTv,Promo
<#> 602971 is your IRCTC code. Valid 15 min. hA8sk2Lqp3,OTP
Your OTP is 969537. Use it to verify your Zomato account. Expires in 30 min.,OTP
  Your Axis Bank code: 358576,OTP
  Tap to verify: 535610. This code expires shortly.,OTP
Delivery attempt failed for order OD6038236308. We will retry tomorrow. -XpressBees,Delivery
Urishilla from Ekart is arriving with your package. Contact: 02245042215,Delivery
OUT FOR DELIVERY: YOUR MEESHO PACKAGE OD9196430210 WILL ARRIVE TODAY BY 12 PM. -XPRESSBEES,Delivery
Your A/c XX9932 is debited with Rs.68552 on 02-05-26. Info: UPI-Yauvani. Bal: Rs.213382,Bank
interest of rs.7531 credited to your fd a/c xx3440. -pnb,Bank
Cheque no. 234953206869 for Rs.37119 has been cleared from A/c XX4426. -Axis Bank,Bank
MEGA SALE! Get 60% OFF on all products at Zomato. Shop now: bit.ly/UGlctK T&C apply. STOP to opt out,Promo
  Aayush from Delhivery is arriving with your package. Contact: +910915757012,Delivery
  Your Zomato order OD1490835956 has been shipped via BlueDart. Track: bit.ly/AhezoZ,Delivery
"Hi Girindra, unlock Rs.1550 off your first order at Zomato with code NEW38. -TM",Promo
Pay Rs.3722 on delivery for order OD760778383. -BlueDart,Delivery
use 484910 to complete your meesho registration. valid till 10 mins.,OTP
Your one time password is 641448 for Hotstar. Please do not share it.,OTP
Flat Rs.733 cashback on your next order at Amazon Use code SAVE31 Valid till 02 Jul,Promo
Your BigBasket order OD8068597047 has been shipped via Ekart. Track: bit.ly/tKrIQe -TM,Delivery
UPI payment of Rs.75286 to Aadhya successful. UPI Ref: 153727529459. -BOB,Bank
  Low balance alert: A/c XX3013 balance is Rs.157717. Maintain min balance to avoid charges.,Bank
Your order OD9817876194 from Swiggy is arriving tomorrow. Keep Rs.3728 ready for COD.,Delivery
Weekend special at Swiggy! Min 10% off on everything. Don't miss out: bit.ly/XtOBgG STOP to opt out,Promo
EMI of Rs.25301 due on 16-01-26 for loan A/c XX7684. Pay now to avoid charges. -BOB,Bank
Flat Rs.706 cashback on ur next order at Zomato. Use code SAVE77. Valid till 01 Jul.,Promo
237946 - use this code to sign in to GPay. Never share it with anyone.,OTP
confirmation code 976796 for hotstar. keep it private.,OTP
"class shifted to room 9882, come fast",Personal
  Weekend special at Zomato! Min 20% off on everything. Don't miss out: bit.ly/xVfXDR,Promo
Your credit card XX7553 statement is ready. Total due: Rs.16673. Min due: Rs.2013. -Kotak STOP to opt out,Bank
OTP: 186918 for txn of INR 3573 at IRCTC. Do not share. -PNB,OTP
Weekend special at Amazon! Min 60% off on everything. Don't miss out: bit.ly/YJalvu,Promo
Salary of Rs.45004 credited to A/c XX1592. Avl Bal: Rs.480798. -HDFC Bank STOP to opt out,Bank
"Class shifted to room 7669, come fast",Personal
438096 IS YOUR VERIFICATION CODE FOR OLA. NEVER SHARE YOUR OTP.,OTP
"Never share your OTP, PIN or CVV. Axis Bank never asks for these. Stay safe.",Bank
  Your one time password is 789879 for BigBasket. Please do not share it.,OTP
Delivered! Your Swiggy order OD8864074254 was delivered on 01 Jul. Rate your experience: bit.ly/KYaqzK,Delivery
Delivery attempt failed for order OD6974725842. We will retry tomorrow. -XpressBees,Delivery
433062 is your verification code for Zomato. Never share your OTP.,OTP
Interest of Rs.91927 credited to your FD A/c XX5120. -SBI,Bank
OTP-based login was enabled for your A/c XX8987. Call PNB if this wasn't you.,Bank
Rs.53050 debited from A/c XX2793 on 11-06-26 to Azad. Avl Bal: Rs.51853. -Kotak,Bank
Flat Rs.782 cashback on your next order at BigBasket. Use code SAVE49. Valid till 01 Jul.,Promo
50261  is your verification code for BOB. Never share your OTP.,OTP
OTP for delivery of order OD5176647247 is 3081. Share only with the delivery agent. -Ekart,Delivery
"Hey, my new number is 06132760063. Save it! Meet at 8?",Personal
Delivered! Your Meesho order OD6004134222 was delivered on 01 Jul. Rate your experience: bit.ly/WuaWiv,Delivery
EMI of Rs.49072 due on 11-04-26 for loan A/c XX4441. Pay now to avoid charges. -SBI T&C apply,Bank
TRIVENI FROM DELHIVERY IS ARRIVING WITH YOUR PACKAGE. CONTACT: +917808717216,Delivery
Your order OD2591595453 from Swiggy is arriving tomorrow. Keep Rs.4518 ready for COD. STOP to opt out,Delivery
Your Amazon membership expires soon Renew now & save 70%: bitly/CIIBVA,Promo
<#> 763703 is your Axis Bank code. Valid 2 min. hA8sk2Lqp3,OTP
  Your Swiggy order OD6189474715 has been shipped via Delhivery. Track: bit.ly/vNaiCa,Delivery
225198 is your OTP for Myntra login. Valid for 15 minutes. Do not share with anyone. T&C apply,OTP
"Hey, my new number is 8826125849. Save it! Meet at tonight?",Personal
G-659861 is ur Google verification code.,OTP
"Bro send me Rs.4967 on gpay, will return by 01 Jul",Personal
ALERT: Rs.88806 withdrawn from ATM using card XX4710 on 25-03-26. Bal: Rs.53894. -Axis Bank,Bank
760306 is your ICICI Bank security code. Anyone asking for it is a scammer.,OTP
Cheque no. 701879935959 for Rs.52634 has been cleared from A/c XX1555. -Axis Bank,Bank
Use 944644 to complete ur BigBasket registration. Valid till 2 mins.,OTP
Your Amazon membership expires soon. Renew now & save 50%: bit.ly/sxnKUP,Promo
Your order OD3660782950 from Flipkart is arriving tomorrow. Keep Rs.509 ready for COD.,Delivery
Your order OD9124264102 from Flipkart is arriving tomorrow. Keep Rs.1490 ready for COD.,Delivery
Salary of Rs.45363 credited to A/c XX4825. Avl Bal: Rs.388827. -SBI,Bank
Tap to verify: 903241 This code expires shortly,OTP
OTP-based login was enabled for your A/c XX1451. Call Kotak if this wasn't you.,Bank
upi payment of rs.68999 to amara successful. upi ref: 279479454902. -hdfc bank,Bank
Rs.89693 debited from A/c XX9612 on 20-02-26 to Rishi. Avl Bal: Rs.186540. -HDFC Bank,Bank
Out  for delivery: Your Amazon package OD2249690597 will arrive today by 9 PM. -DTDC,Delivery
Meesho: Your cart misses you! Complete purchase now & get 60% off. bit.ly/kWQvUn,Promo
Last day! Flipkart clearance sale ends tonight. Up to 70% off sitewide.,Promo
Work from home! Earn INR 1216454/month. Join: bit.ly/HUniYd,Spam
"Class shifted to room 3514, come fast",Personal
Enter 714172 to verify your mobile number for Hotstar.,OTP
642082 is your verification code for Axis Bank. Never share your OTP.,OTP
flipkart: 624320 is your login otp. it expires in 15 minutes.,OTP
Confirmation code 372018 for Hotstar. Keep it private. STOP to opt out,OTP
499396 is your verification code for Kotak. Never share your OTP.,OTP
Weekend special at Myntra! Min 70% off on everything. Don't miss out: bit.ly/pyFcKA,Promo
Low  balance alert: A/c XX1877 balance is Rs.205976. Maintain min balance to avoid charges.,Bank
rs.5272 debited from a/c xx1337 on 03-05-26 to amruta. avl bal: rs.312043. -hdfc bank,Bank
Low balance alert: A/c XX3801 balance is Rs.22149. Maintain min balance to avoid charges.,Bank
"Hi Gaurav, unlock Rs.895 off your first order at Swiggy with code NEW92. T&C apply",Promo
Your credit card XX8309 statement is ready. Total due: Rs.10503. Min due: Rs.3998. -Axis Bank,Bank
Rs.43416 credited to A/c XX4417 on 02-05-26 Avl Bal: Rs.469029 -BOB,Bank
317396 is your verification code for BigBasket Never share your OTP,OTP
EMI  of Rs.67440 due on 01-01-26 for loan A/c XX1175. Pay now to avoid charges. -HDFC Bank,Bank
  8488 - use this code to sign in to IRCTC. Never share it with anyone.,OTP
  Cheque no. 714019618556 for Rs.23029 has been cleared from A/c XX5583. -ICICI Bank,Bank
Meesho: Your cart misses you! Complete purchase now & get 30% off bitly/fAjstD,Promo
Rs.26526 debited from A/c XX3191 on 07-04-26 to Logan. Avl Bal: Rs.72197. -SBI -TM,Bank
Cheque no. 319575758157 for INR 81326 has been cleared from A/c XX3021. -Kotak,Bank
618210 is your OTP for Flipkart login. Valid for 2 minutes. Do not share with anyone.,OTP
"Class shifted to room 2794, come fast",Personal
<#> 460302 is your Meesho code. Valid 15 min. hA8sk2Lqp3,OTP
Flipkart: Your cart misses you! Complete purchase now & get 40% off. bit.ly/yyjZCl,Promo
  Use 310079 to complete your PhonePe registration. Valid till 30 mins.,OTP
Delivery attempt failed for order OD7231784301. We will retry tomorrow. -DTDC,Delivery
Low balance alert: A/c XX7140 balance is Rs.23469. Maintain min balance to avoid charges.,Bank
RS.88478 DEBITED FROM A/C XX7389 ON 25-06-26 TO DAYAMAI. AVL BAL: RS.346904. -AXIS BANK,Bank
Use code 9728 at checkout for 25% off at Myntra!,Promo
Ur one time password is 84406 for PhonePe. Please do not share it.,OTP
Interest  of Rs.46765 credited to your FD A/c XX7908. -Axis Bank,Bank
"Bro send me Rs.3431 on gpay, will return by 04 Jul",Personal
  Order OD7848299359 packed and ready! Expected dispatch by 03 Jul. -Myntra,Delivery
Coupon 8389 gives you free delivery on orders above Rs.1496. -Myntra,Promo
Swiggy Big Billion Days! Up to 30% off + extra 10% with ICICI Bank cards. Hurry!,Promo
Ur order OD4022854756 from Flipkart is arriving tomorrow. Keep Rs.287 ready for COD.,Delivery
  Delivery attempt failed for order OD4140176319. We will retry tomorrow. -DTDC,Delivery
Your return pickup for order OD5709875048 is scheduled on 04 Jul. Keep the item ready. -BigBasket,Delivery
Delivery attempt failed for order OD1299067527. We will retry tomorrow. -Ekart,Delivery
"Bro send me Rs.787 on gpay, will return by 04 Jul",Personal
Your order OD4312040021 from Flipkart is arriving tomorrow. Keep Rs.4080 ready for COD.,Delivery
ekart: shipment od6693085416 reached your city hub. expected delivery: 03 jul.,Delivery
  G-274842 is your Google verification code.,OTP
G-56793 is your Google verification code. STOP to opt out,OTP
Dear customer ur BOB account will be blocked! Update KYC now: bit.ly/CPExwR,Spam
Salary of Rs.83554 credited to A/c XX2924. Avl Bal: Rs.22059. -Axis Bank STOP to opt out,Bank
42966 is your verification code for PhonePe Never share your OTP,OTP
OTP: 775737 for txn of Rs.16458 at Hotstar Do not share -ICICI Bank,OTP
918269 - use this to sign in. Never share this code with anyone.,OTP
Rs.47470 debited from A/c XX9121 on 19-06-26 to Max. Avl Bal: Rs.209869. -HDFC Bank,Bank
"Bro send me Rs.4371 on gpay, will return by 02 Jul",Personal
146764 - use this to sign in. Never share this code with anyone.,OTP
OTP  for delivery of order OD6533590953 is 6680. Share only with the delivery agent. -DTDC,Delivery
Your return pickup for order OD3512081353 is scheduled on 01 Jul. Keep the item ready. -Zomato,Delivery
Zomato Big Billion Days! Up to 70% off + extra 10% with BOB cards. Hurry! T&C apply,Promo
MEGA SALE! Get 40% OFF on all products at Zomato. Shop now: bit.ly/RUqWXb T&C apply.,Promo
Ati from Ekart is arriving with your package. Contact: 06817941668,Delivery
Delivery attempt failed for order OD8784789308. We will retry tomorrow. -DTDC,Delivery
Ekart: Shipment OD9432357277 reached your city hub. Expected delivery: 01 Jul.,Delivery
"Class shifted to room 6039, come fast",Personal
Your OTP is 860727. Use it to verify your IRCTC account. Expires in 30 min.,OTP
  OTP-based login was enabled for your A/c XX2630. Call HDFC Bank if this wasn't you.,Bank
Ojas from DTDC is arriving with your package. Contact: 8757721425,Delivery
Low balance alert: A/c XX2708 balance is Rs.393096. Maintain min balance to avoid charges.,Bank
Your  Swiggy membership expires soon. Renew now & save 40%: bit.ly/sZUMXD,Promo
733113 - use this code to sign in to Amazon. Never share it with anyone.,OTP
210122 is your amazon security code. anyone asking for it is a scammer.,OTP
OTP-based  login was enabled for your A/c XX9425. Call Kotak if this wasn't you.,Bank
Your Zomato code: 924077,OTP
YOUR SIM WILL BE DEACTIVATED IN 24HRS. VERIFY AADHAAR: BIT.LY/TUKRBE,Spam
Your OTP is 834465. Use it to verify your Hotstar account. Expires in 15 min.,OTP
Congratulations! You won Rs.745527 in lucky draw. Claim: bit.ly/VeHpqN,Spam
Order OD8110068981 packed and ready! Expected dispatch by 01 Jul. -BigBasket,Delivery
Recharge with Rs.455 & get 30% extra talktime. Offer valid today only!,Promo
Your SIM will be deactivated in 24hrs. Verify Aadhaar: bit.ly/NGuPke,Spam
"Hi Omkaar, unlock Rs.1696 off your first order at Zomato with code NEW30.",Promo
Tap to verify: 227621. This code expires shortly.,OTP
Order OD9925209313 packed and ready! Expected dispatch by 03 Jul -Swiggy,Delivery
454206 is your OTP for Hotstar login. Valid for 15 minutes. Do not share with anyone. -TM,OTP
UPI payment of Rs.68943 to Bhavika successful. UPI Ref: 540369186500. -SBI,Bank
your meesho membership expires soon. renew now & save 70%: bit.ly/gqbzhf,Promo
MEESHO: YOUR CART MISSES YOU! COMPLETE PURCHASE NOW & GET 20% OFF. BIT.LY/BMIJBT,Promo
Zomato: 865534 is your login OTP. It expires in 30 minutes.,OTP
otp for delivery of order od3791825653 is 3738. share only with the delivery agent. -xpressbees,Delivery
674749 is your otp for meesho login. valid for 30 minutes. do not share with anyone.,OTP
  Order OD8495965840 packed and ready! Expected dispatch by 01 Jul. -Zomato,Delivery
mega sale! get 50% off on all products at myntra. shop now: bit.ly/blnzkc t&c apply.,Promo
Your  A/c XX6660 is debited with Rs.99395 on 08-03-26. Info: UPI-Jagat. Bal: Rs.74811,Bank
your credit card xx8099 statement is ready. total due: rs.93269. min due: rs.3437. -hdfc bank,Bank
  Low balance alert: A/c XX2092 balance is Rs.261272. Maintain min balance to avoid charges.,Bank
  Last day! Meesho clearance sale ends tonight. Up to 80% off sitewide.,Promo
Your  A/c XX7871 is debited with Rs.30353 on 11-06-26. Info: UPI-Suhani. Bal: Rs.452412,Bank
Your A/c XX9191 is debited with INR 69396 on 12-01-26. Info: UPI-Manthan. Bal: INR 137679,Bank
  Rs.93512 debited from A/c XX4623 on 17-04-26 to Dayita. Avl Bal: Rs.313222. -HDFC Bank,Bank
Order OD3944458894 packed and ready! Expected dispatch by 02 Jul. -Zomato,Delivery
  Tap to verify: 917403. This code expires shortly.,OTP
Rs.99182 debited from A/c XX8443 on 23-02-26 to Dayita. Avl Bal: Rs.304224. -HDFC Bank,Bank
Exclusive for you! Buy 1 Get 1 FREE at Swiggy. Limited period offer. Visit bit.ly/iMuNcs,Promo
Salary of Rs.78844 credited to A/c XX6489. Avl Bal: Rs.120635. -Axis Bank,Bank
ekart: shipment od5119181910 reached your city hub. expected delivery: 01 jul.,Delivery
Your SIM will be deactivated in 24hrs. Verify Aadhaar: bit.ly/EpLEQx,Spam
  Meesho: 846388 is your login OTP. It expires in 10 minutes.,OTP
Rs.32678 credited to A/c XX5364 on 17-06-26. Avl Bal: Rs.214055. -Axis Bank,Bank
Upadhriti from Delhivery is arriving with your package. Contact: +912938612704,Delivery
671140 IS YOUR OTP FOR PHONEPE LOGIN. VALID FOR 2 MINUTES. DO NOT SHARE WITH ANYONE.,OTP
39395 is your Hotstar security code. Anyone asking for it is a scammer.,OTP
EMI of Rs.62378 due on 10-05-26 for loan A/c XX3596 Pay now to avoid charges -PNB,Bank
Your Uber code: 8692,OTP
Pay Rs.3539 on delivery for order OD177557325. -Delhivery T&C apply,Delivery
Low balance alert: A/c XX1286 balance is Rs.232164. Maintain min balance to avoid charges.,Bank
Coupon 8832 gives you free delivery on orders above Rs.3068. -BigBasket,Promo
Fariq from Ekart is arriving with your package Contact: 5934855796,Delivery
  Confirmation code 123545 for Axis Bank. Keep it private.,OTP
INR 24140 debited from A/c XX3010 on 04-03-26 to Triya. Avl Bal: INR 250157. -SBI,Bank
your one time password is 151376 for hdfc bank. please do not share it.,OTP
Cheque no. 489503400595 for Rs.90936 has been cleared from A/c XX3117. -PNB,Bank
  Your BigBasket order OD1370257702 has been shipped via XpressBees. Track: bit.ly/vwcrnp,Delivery
Coupon 1979 gives you free delivery on orders above Rs.2504. -Myntra,Promo
SALARY OF RS.74621 CREDITED TO A/C XX8695. AVL BAL: RS.243997. -ICICI BANK,Bank
BIGBASKET: YOUR CART MISSES YOU! COMPLETE PURCHASE NOW & GET 70% OFF. BIT.LY/MNZSMG,Promo
Enter  314323 to verify your mobile number for Flipkart.,OTP
"Never share your OTP, PIN or CVV. Kotak never asks for these. Stay safe.",Bank
RS.93330 CREDITED TO A/C XX4339 ON 29-01-26. AVL BAL: RS.474501. -HDFC BANK,Bank
797177 - use this code to sign in to HDFC Bank. Never share it with anyone.,OTP
Rs.19408  debited from A/c XX8064 on 12-02-26 to Harrison. Avl Bal: Rs.45788. -Kotak,Bank
"Bro send me INR 525 on gpay, will return by 03 Jul",Personal
DTDC: Shipment OD1859866487 reached your city hub. Expected delivery: 03 Jul.,Delivery
Out for delivery: Ur Myntra package OD8082686905 will arrive today by 9 PM. -Ekart,Delivery
Myntra: 819307 is your login OTP. It expires in 5 minutes.,OTP
otp for delivery of order od3318008015 is 8350. share only with the delivery agent. -delhivery,Delivery
OTP: 217730 for txn of Rs.16083 at BigBasket. Do not share. -SBI,OTP
Myntra:  Your cart misses you! Complete purchase now & get 60% off. bit.ly/ukLMLG,Promo
  <#> 843591 is your Paytm code. Valid 2 min. hA8sk2Lqp3,OTP
Confirmation code 175924 for SBI. Keep it private.,OTP
EMI of Rs.79528 due on 28-01-26 for loan A/c XX6401. Pay now to avoid charges. -Axis Bank,Bank
GPay: 303969 is your login OTP It expires in 30 minutes,OTP
Ur Amazon code: 873337,OTP
UPI payment of Rs.89007 to Neha successful. UPI Ref: 707669606306. -ICICI Bank -TM,Bank
Out for delivery: Your BigBasket package OD6562504604 will arrive today by 12 PM. -DTDC,Delivery
OTP for delivery of order OD1712809672 is 1233. Share only with the delivery agent. -DTDC,Delivery
Out for delivery: Your BigBasket package OD6631214322 will arrive today by 12 PM. -DTDC,Delivery
Dear customer ur ICICI Bank account will be blocked! Update KYC now: bit.ly/sBFlAw,Spam
Weekend special at Swiggy! Min 80% off on everything. Don't miss out: bit.ly/dXeAAC,Promo
USE 606955 TO COMPLETE YOUR BOB REGISTRATION. VALID TILL 10 MINS.,OTP
OTP-based login was enabled for your A/c XX1637. Call PNB if this wasn't you.,Bank
"Hi Veer, unlock Rs.1722 off your first order at Swiggy with code NEW53. T&C apply",Promo
Interest of Rs.46826 credited to your FD A/c XX8199. -PNB,Bank
Use 413980 to complete your IRCTC registration. Valid till 10 mins.,OTP
170168 - use this code to sign in to Kotak. Never share it with anyone.,OTP
"Class shifted to room 4226, come fast",Personal
157139 is your verification code for Amazon. Never share your OTP.,OTP
Order OD1707870448 packed and ready! Expected dispatch by 01 Jul. -Amazon,Delivery
Delivery attempt failed for order OD2556681700. We will retry tomorrow. -BlueDart,Delivery
RS.43279 DEBITED FROM A/C XX2998 ON 10-01-26 TO UNNATI. AVL BAL: RS.127302. -AXIS BANK,Bank
773401 - use this code to sign in to Paytm. Never share it with anyone. STOP to opt out,OTP
Pay Rs.384 on delivery for order OD190237113. -BlueDart STOP to opt out,Delivery
your one time password is 984733 for gpay. please do not share it.,OTP
Your return pickup for order OD3071139197 is scheduled on 04 Jul. Keep the item ready. -Swiggy,Delivery
exclusive for you! buy 1 get 1 free at myntra. limited period offer. visit bit.ly/gqsrvg,Promo
Congratulations! You won Rs.2450877 in lucky draw. Claim: bit.ly/StLNpD,Spam
Use 489048 to complete your Kotak registration. Valid till 30 mins.,OTP
Exclusive  for you! Buy 1 Get 1 FREE at Meesho. Limited period offer. Visit bit.ly/nxrGaV,Promo
Enter 385845 to verify your mobile number for Zomato.,OTP
Meesho: Ur cart misses you! Complete purchase now & get 80% off. bit.ly/bqZEUZ,Promo
otp for delivery of order od4575984361 is 2480. share only with the delivery agent. -xpressbees,Delivery
enter 691226 to verify your mobile number for bigbasket.,OTP
Ur SIM will be deactivated in 24hrs. Verify Aadhaar: bit.ly/FknzBF,Spam
UPI PAYMENT OF RS.31307 TO RIA SUCCESSFUL. UPI REF: 823250262019. -KOTAK,Bank
EMI of Rs.86530 due on 26-06-26 for loan A/c XX6234. Pay now to avoid charges. -SBI,Bank
115647 - use this code to sign in to PNB. Never share it with anyone.,OTP
Rs.6202 debited from A/c XX7020 on 05-04-26 to Chandresh. Avl Bal: Rs.403545. -SBI,Bank
Tap to verify: 303693. This code expires shortly.,OTP
Confirmation code 213754 for Ola Keep it private,OTP
OTP  for delivery of order OD7343513718 is 4277. Share only with the delivery agent. -XpressBees,Delivery
OTP-based login was enabled for your A/c XX3522 Call SBI if this wasn't you,Bank
work from home! earn rs.1416861/month. join: bit.ly/rrrahj,Spam
576708 is your OTP for Uber login. Valid for 15 minutes. Do not share with anyone.,OTP
Rs.75683 credited to A/c XX4333 on 10-05-26 Avl Bal: Rs.113212 -Kotak,Bank
USE 916913 TO COMPLETE YOUR OLA REGISTRATION. VALID TILL 5 MINS.,OTP
AMAZON BIG BILLION DAYS! UP TO 20% OFF + EXTRA 10% WITH HDFC BANK CARDS. HURRY!,Promo
INR 4966 credited to A/c XX3072 on 18-05-26. Avl Bal: INR 48926. -ICICI Bank,Bank
"  Never share your OTP, PIN or CVV. ICICI Bank never asks for these. Stay safe.",Bank
OTP-BASED LOGIN WAS ENABLED FOR YOUR A/C XX6392. CALL BOB IF THIS WASN'T YOU.,Bank
Your  one time password is 703553 for Axis Bank. Please do not share it.,OTP
Your Myntra order OD3623221950 has been shipped via Delhivery. Track: bit.ly/rQIyuo,Delivery
Ur A/c XX6954 is debited with Rs.88609 on 09-06-26. Info: UPI-Xalak. Bal: Rs.144476,Bank
  Order OD5643820048 packed and ready! Expected dispatch by 01 Jul. -Meesho,Delivery
Amazon Big Billion Days! Up to 10% off + extra 10% with Axis Bank cards. Hurry!,Promo
YOUR OTP IS 495039. USE IT TO VERIFY YOUR NETFLIX ACCOUNT. EXPIRES IN 5 MIN.,OTP
OTP: 6475 for txn of INR 12702 at PNB. Do not share. -PNB,OTP
  Zomato Big Billion Days! Up to 70% off + extra 10% with Axis Bank cards. Hurry!,Promo
Flat Rs.140 cashback on your next order at Flipkart. Use code SAVE58. Valid till 03 Jul.,Promo
G-791336  is your Google verification code.,OTP
OTP for delivery of order OD5196190782 is 2739. Share only with the delivery agent. -Delhivery,Delivery
your credit card xx6072 statement is ready. total due: rs.66183. min due: rs.1647. -axis bank,Bank
Recharge with INR 1976 & get 20% extra talktime. Offer valid today only!,Promo
MEGA SALE! Get 40% OFF on all products at BigBasket. Shop now: bit.ly/GtSBSH T&C apply.,Promo
"Hey,  my new number is +916709411937. Save it! Meet at 6pm?",Personal
G-464232 is your Google verification code.,OTP
Use 790149 to complete your Uber registration. Valid till 15 mins.,OTP
Order  OD9534587723 packed and ready! Expected dispatch by 01 Jul. -BigBasket,Delivery
770316 - use this code to sign in to Uber. Never share it with anyone.,OTP
  157261 - use this to sign in. Never share this code with anyone.,OTP
Recharge with Rs.901 & get 80% extra talktime. Offer valid today only!,Promo
Your credit card XX7655 statement is ready. Total due: Rs.95768. Min due: Rs.1225. -HDFC Bank,Bank
Your Hotstar code: 206900,OTP
Zomato:  Your cart misses you! Complete purchase now & get 40% off. bit.ly/CkChyU,Promo
Your one time password is 917389 for Ola. Please do not share it.,OTP
MEGA SALE! Get 80% OFF on all products at Amazon. Shop now: bit.ly/DjQApo T&C apply.,Promo
Last day! Amazon clearance sale ends tonight. Up to 80% off sitewide.,Promo
Confirmation code 150473 for SBI. Keep it private.,OTP
ORDER OD1254447537 PACKED AND READY! EXPECTED DISPATCH BY 02 JUL. -FLIPKART,Delivery
Your IRCTC code: 640644,OTP
EMI  of Rs.94914 due on 07-04-26 for loan A/c XX3126. Pay now to avoid charges. -SBI,Bank
Zomato: Your cart misses you! Complete purchase now & get 30% off. bit.ly/NOAmLp,Promo
Your Uber code: 9921,OTP
Delivered! Your Myntra order OD8013101731 was delivered on 04 Jul. Rate your experience: bit.ly/bRFgdo,Delivery
  Your OTP is 760131. Use it to verify your BOB account. Expires in 10 min.,OTP
DELHIVERY: SHIPMENT OD6695817933 REACHED YOUR CITY HUB. EXPECTED DELIVERY: 01 JUL.,Delivery
Enter 374649 to verify your mobile number for BigBasket.,OTP
Order OD7534083378 packed and ready! Expected dispatch by 02 Jul. -Swiggy,Delivery
526200 is your OTP for Axis Bank login. Valid for 5 minutes. Do not share with anyone.,OTP
Your Myntra membership expires soon. Renew now & save 20%: bit.ly/fzktgx,Promo
pay rs.2627 on delivery for order od931420921. -bluedart,Delivery
Your Uber code: 5598,OTP
Low balance alert: A/c XX9459 balance is Rs.385281 Maintain min balance to avoid charges,Bank
Ur OTP is 624984. Use it to verify ur Paytm account. Expires in 10 min.,OTP
RS.40679 DEBITED FROM A/C XX6997 ON 22-01-26 TO URMI. AVL BAL: RS.82580. -PNB,Bank
otp: 781588 for txn of rs.15350 at irctc. do not share. -hdfc bank,OTP
Your A/c XX7920 is debited with Rs.41936 on 04-06-26 Info: UPI-Charvi Bal: Rs.195203,Bank
Use 730298 to complete your Meesho registration. Valid till 30 mins.,OTP
Low balance alert: A/c XX9047 balance is Rs.227797. Maintain min balance to avoid charges.,Bank
last day! zomato clearance sale ends tonight. up to 60% off sitewide.,Promo
"Hey,  my new number is +910451032214. Save it! Meet at tonight?",Personal
Your A/c XX4955 is debited with Rs.38210 on 12-02-26. Info: UPI-Dominic. Bal: Rs.396836,Bank
Flat Rs.306 cashback on your next order at Meesho. Use code SAVE56. Valid till 01 Jul.,Promo
Your  Flipkart membership expires soon. Renew now & save 10%: bit.ly/vjxmed,Promo
"  Hi David, unlock Rs.417 off your first order at Flipkart with code NEW97.",Promo
your otp is 732794. use it to verify your hdfc bank account. expires in 15 min.,OTP
Use 395258 to complete your GPay registration Valid till 10 mins,OTP
159399 is your Kotak security code. Anyone asking for it is a scammer.,OTP
OTP FOR DELIVERY OF ORDER OD9948971873 IS 9327. SHARE ONLY WITH THE DELIVERY AGENT. -DELHIVERY,Delivery
Last day! Swiggy clearance sale ends tonight. Up to 20% off sitewide.,Promo
Your one time password is 309970 for IRCTC. Please do not share it.,OTP
"Bro send me Rs.4351 on gpay, will return by 03 Jul",Personal
364106 - use this code to sign in to Zomato. Never share it with anyone.,OTP
Ur OTP is 715069. Use it to verify ur IRCTC account. Expires in 30 min.,OTP
flat rs.1056 cashback on your next order at flipkart. use code save23. valid till 01 jul.,Promo
"Class shifted to room 7530, come fast",Personal
Ur Zomato code: 582200,OTP
Order OD6934928718 packed and ready! Expected dispatch by 02 Jul. -Meesho,Delivery
595928 is your verification code for Hotstar. Never share your OTP.,OTP
Your return pickup for order OD3560328254 is scheduled on 03 Jul Keep the item ready -Zomato,Delivery
"NEVER SHARE YOUR OTP, PIN OR CVV. ICICI BANK NEVER ASKS FOR THESE. STAY SAFE.",Bank
"Never share your OTP, PIN or CVV. BOB never asks for these. Stay safe. T&C apply",Bank
Delivered! Your Amazon order OD6027505565 was delivered on 04 Jul. Rate your experience: bit.ly/TPPabi,Delivery
Out for delivery: Ur BigBasket package OD6210602899 will arrive today by 3 PM. -Delhivery,Delivery
  Last day! Flipkart clearance sale ends tonight. Up to 50% off sitewide.,Promo
YOUR NETFLIX CODE: 499959,OTP
130129 is ur OTP for ICICI Bank login. Valid for 30 minutes. Do not share with anyone.,OTP
Cheque  no. 696599184734 for Rs.41345 has been cleared from A/c XX3894. -Axis Bank,Bank
Your Swiggy order OD5463759194 has been shipped via BlueDart. Track: bit.ly/sntazq,Delivery
Your order OD7383570058 from Myntra is arriving tomorrow. Keep Rs.2763 ready for COD.,Delivery
Your A/c XX9282 is debited with INR 46978 on 27-01-26. Info: UPI-Edhitha. Bal: INR 426996,Bank
Your SIM will be deactivated in 24hrs Verify Aadhaar: bitly/tCnKgs,Spam
YOUR A/C XX9564 IS DEBITED WITH RS.85729 ON 05-06-26. INFO: UPI-OMKAAR. BAL: RS.25045,Bank
Rs.72995 credited to A/c XX9542 on 23-01-26. Avl Bal: Rs.161073. -BOB,Bank
Your SIM will be deactivated in 24hrs. Verify Aadhaar: bit.ly/RShehv STOP to opt out,Spam
BigBasket Big Billion Days! Up to 70% off + extra 10% with Axis Bank cards Hurry!,Promo
Interest of Rs.72922 credited to your FD A/c XX5349 -ICICI Bank,Bank
956521 is your verification code for SBI. Never share your OTP.,OTP
Your OTP is 538789. Use it to verify your Flipkart account. Expires in 2 min. STOP to opt out,OTP
Low balance alert: A/c XX9937 balance is Rs.468638. Maintain min balance to avoid charges.,Bank
"Class shifted to room 4666, come fast",Personal
YOUR A/C XX7657 IS DEBITED WITH RS.64255 ON 27-06-26. INFO: UPI-ANSH. BAL: RS.413226,Bank
86784 - use this code to sign in to Swiggy Never share it with anyone,OTP
Rs.35069  credited to A/c XX3702 on 18-02-26. Avl Bal: Rs.416525. -SBI,Bank
Use code 2632 at checkout for 50% off at Myntra!,Promo
106029 is your verification code for Swiggy. Never share your OTP.,OTP
Low balance alert: A/c XX9821 balance is Rs.72110. Maintain min balance to avoid charges. -TM,Bank
ALERT: RS.37689 WITHDRAWN FROM ATM USING CARD XX8999 ON 29-05-26. BAL: RS.27422. -PNB,Bank
Myntra Big Billion Days! Up to 10% off + extra 10% with HDFC Bank cards. Hurry!,Promo
Exclusive  for you! Buy 1 Get 1 FREE at Zomato. Limited period offer. Visit bit.ly/fwSmcX,Promo
ALERT: Rs.22820 withdrawn from ATM using card XX2795 on 28-03-26. Bal: Rs.156402. -SBI,Bank
103796 is your verification code for Ola. Never share your OTP.,OTP
799877  is your PhonePe security code. Anyone asking for it is a scammer.,OTP
Exclusive  for you! Buy 1 Get 1 FREE at Swiggy. Limited period offer. Visit bit.ly/awUyxg,Promo
Your GPay code: 684693,OTP
820456 is your OTP for IRCTC login. Valid for 2 minutes. Do not share with anyone.,OTP
29613 is your OTP for PNB login Valid for 5 minutes Do not share with anyone,OTP
  Amazon: Your cart misses you! Complete purchase now & get 80% off. bit.ly/uCgBtk,Promo
  Use 851371 to complete your Axis Bank registration. Valid till 2 mins.,OTP
Enter 536951 to verify your mobile number for IRCTC.,OTP
Meesho: Your cart misses you! Complete purchase now & get 40% off. bit.ly/embPEI,Promo
XpressBees: Shipment OD2732303090 reached your city hub. Expected delivery: 03 Jul. T&C apply,Delivery
  Your A/c XX3150 is debited with Rs.19777 on 03-01-26. Info: UPI-Jason. Bal: Rs.136655,Bank
Delivered!  Your Meesho order OD8330535299 was delivered on 02 Jul. Rate your experience: bit.ly/nnSHAU,Delivery
Cheque no. 242550164911 for Rs.43652 has been cleared from A/c XX7801. -SBI,Bank
"Never share your OTP, PIN or CVV. ICICI Bank never asks for these. Stay safe.",Bank
"Hi Vrishti, unlock Rs.507 off your first order at Myntra with code NEW60.",Promo
ICICI BANK: 285023 IS YOUR LOGIN OTP. IT EXPIRES IN 10 MINUTES.,OTP
  Flipkart: Your cart misses you! Complete purchase now & get 10% off. bit.ly/cuVTtR,Promo
Coupon 1522 gives you free delivery on orders above INR 3942. -Meesho,Promo
swiggy big billion days! up to 10% off + extra 10% with icici bank cards. hurry!,Promo
Delivery attempt failed for order OD3537356489. We will retry tomorrow. -DTDC -TM,Delivery
DTDC: Shipment OD1930766367 reached your city hub. Expected delivery: 04 Jul.,Delivery
49633 is ur Zomato security code. Anyone asking for it is a scammer.,OTP
Confirmation code 785508 for Meesho. Keep it private.,OTP
Your order OD5656715421 from Zomato is arriving tomorrow Keep Rs.1401 ready for COD,Delivery
Your credit card XX1476 statement is ready. Total due: Rs.2741. Min due: Rs.1262. -SBI,Bank
Order OD1766239071 packed and ready! Expected dispatch by 04 Jul. -Meesho,Delivery
XpressBees: Shipment OD4429628430 reached ur city hub. Expected delivery: 03 Jul.,Delivery
Your  Amazon order OD5640242093 has been shipped via Ekart. Track: bit.ly/RZfvni,Delivery
Meesho Big Billion Days! Up to 30% off + extra 10% with HDFC Bank cards. Hurry!,Promo
Enter 297664 to verify your mobile number for BOB.,OTP
803374 - use this to sign in. Never share this code with anyone.,OTP
"Hi Ladli, unlock Rs.588 off your first order at Amazon with code NEW22",Promo
DELIVERED! YOUR ZOMATO ORDER OD2562572580 WAS DELIVERED ON 02 JUL. RATE YOUR EXPERIENCE: BIT.LY/RQOWWD,Delivery
G-27020 is your Google verification code.,OTP
weekend special at zomato! min 70% off on everything. don't miss out: bit.ly/hdkkky,Promo
"Class shifted to room 6990, come fast",Personal
OTP for delivery of order OD5290037802 is 8937. Share only with the delivery agent. -BlueDart,Delivery
258890 - use this code to sign in to BOB. Never share it with anyone.,OTP
Use  204723 to complete your Meesho registration. Valid till 5 mins.,OTP
"Hey, my new number is 1163500381. Save it! Meet at tonight?",Personal
Salary of Rs.75506 credited to A/c XX3302. Avl Bal: Rs.58384. -Axis Bank T&C apply,Bank
Last day! BigBasket clearance sale ends tonight. Up to 10% off sitewide.,Promo
Exclusive for you! Buy 1 Get 1 FREE at Zomato. Limited period offer. Visit bit.ly/IGLeHn,Promo
YOUR SWIGGY ORDER OD2886700913 HAS BEEN SHIPPED VIA EKART. TRACK: BIT.LY/ONGIJD,Delivery
Tap to verify: 854263 This code expires shortly,OTP
576663 IS YOUR VERIFICATION CODE FOR AMAZON. NEVER SHARE YOUR OTP.,OTP
rs.10830 debited from a/c xx4546 on 30-06-26 to hamsini. avl bal: rs.387719. -kotak,Bank
<#> 894264 is your ICICI Bank code. Valid 15 min. hA8sk2Lqp3,OTP
Your SIM will be deactivated in 24hrs. Verify Aadhaar: bit.ly/mSxQtM,Spam
  260920 is your OTP for Kotak login. Valid for 10 minutes. Do not share with anyone.,OTP
"Bro send me INR 3238 on gpay, will return by 01 Jul",Personal
Recharge with Rs.59 & get 40% extra talktime. Offer valid today only!,Promo
Your Flipkart membership expires soon. Renew now & save 70%: bit.ly/dpcfRZ,Promo
your otp is 155303. use it to verify your flipkart account. expires in 5 min.,OTP
BLUEDART: SHIPMENT OD5688343878 REACHED YOUR CITY HUB. EXPECTED DELIVERY: 03 JUL.,Delivery
HDFC  Bank: 927916 is your login OTP. It expires in 30 minutes.,OTP
ALERT: Rs.70071 withdrawn from ATM using card XX6950 on 02-07-26. Bal: Rs.424259. -Kotak,Bank
OTP-based login was enabled for your A/c XX6239. Call SBI if this wasn't you.,Bank
Flat Rs.895 cashback on your next order at Amazon. Use code SAVE34. Valid till 01 Jul. -TM,Promo
  Low balance alert: A/c XX6482 balance is Rs.350117. Maintain min balance to avoid charges.,Bank
Delivered! Your BigBasket order OD1763540416 was delivered on 01 Jul. Rate your experience: bit.ly/eRRzBJ -TM,Delivery
Use  code 5144 at checkout for 25% off at Amazon!,Promo
Flat Rs.616 cashback on your next order at Swiggy. Use code SAVE77. Valid till 02 Jul.,Promo
Interest of Rs.45542 credited to your FD A/c XX6607. -ICICI Bank,Bank
Congratulations! You won Rs.2131342 in lucky draw. Claim: bit.ly/SZSaBt,Spam
Your one time password is 380193 for Paytm. Please do not share it.,OTP
Rs.19340 credited to A/c XX9624 on 07-04-26. Avl Bal: Rs.242148. -HDFC Bank,Bank
INR 10017 debited from A/c XX8362 on 27-01-26 to Gavin. Avl Bal: INR 284456. -Kotak,Bank
Your  A/c XX3103 is debited with Rs.5289 on 18-06-26. Info: UPI-Tanay. Bal: Rs.131101,Bank
  Rs.51521 credited to A/c XX7174 on 03-01-26. Avl Bal: Rs.258081. -SBI,Bank
241998 - use this to sign in. Never share this code with anyone.,OTP
RS.15119 CREDITED TO A/C XX4805 ON 07-03-26. AVL BAL: RS.286483. -SBI,Bank
G-800810 IS YOUR GOOGLE VERIFICATION CODE.,OTP
Delivery attempt failed for order OD9226589647 We will retry tomorrow -DTDC,Delivery
Cheque no. 252983870003 for Rs.97163 has been cleared from A/c XX8816. -PNB,Bank
Your Uber code: 5797,OTP
Weekend special at Flipkart! Min 20% off on everything Don't miss out: bitly/LOiTfA,Promo
  Your SBI code: 307215,OTP
"Hi  Henry, unlock Rs.1424 off your first order at Myntra with code NEW74.",Promo
LOW BALANCE ALERT: A/C XX2790 BALANCE IS RS.354230. MAINTAIN MIN BALANCE TO AVOID CHARGES.,Bank
RS.96330 CREDITED TO A/C XX2875 ON 02-07-26. AVL BAL: RS.290978. -KOTAK,Bank
UPI PAYMENT OF RS.52191 TO PAVANI SUCCESSFUL. UPI REF: 255475918344. -SBI,Bank
"Class shifted to room 7773, come fast",Personal
Use 652794 to complete ur PNB registration. Valid till 5 mins.,OTP
Anita from Ekart is arriving with your package. Contact: +913646377577,Delivery
Your SIM will be deactivated in 24hrs. Verify Aadhaar: bit.ly/fzyxRj,Spam
brijesh from bluedart is arriving with your package. contact: +911171982520,Delivery
EMI  of Rs.45364 due on 09-06-26 for loan A/c XX6899. Pay now to avoid charges. -Axis Bank,Bank
675385 is your OTP for SBI login. Valid for 15 minutes. Do not share with anyone.,OTP
OTP: 856714 for txn of Rs.8096 at GPay. Do not share. -HDFC Bank STOP to opt out,OTP
Aadi from XpressBees is arriving with ur package. Contact: 5284174460,Delivery
Your Swiggy membership expires soon Renew now & save 70%: bitly/AtmoAC,Promo
Flat Rs.1399 cashback on ur next order at Amazon. Use code SAVE11. Valid till 01 Jul.,Promo
USE CODE 1362 AT CHECKOUT FOR 25% OFF AT BIGBASKET!,Promo
Rs.84197 credited to A/c XX1581 on 10-01-26. Avl Bal: Rs.113589. -Axis Bank,Bank
Dear customer ur Kotak account will be blocked! Update KYC now: bitly/peWCvz,Spam
  Rs.72813 credited to A/c XX2191 on 07-03-26. Avl Bal: Rs.300362. -Axis Bank,Bank
CONGRATULATIONS! YOU WON RS.1764546 IN LUCKY DRAW. CLAIM: BIT.LY/EEYUOR,Spam
Salary  of Rs.43365 credited to A/c XX7536. Avl Bal: Rs.138218. -BOB,Bank
Recharge with Rs.274 & get 60% extra talktime. Offer valid today only!,Promo
  Delivery attempt failed for order OD5468700112. We will retry tomorrow. -BlueDart,Delivery
383366 is ur Swiggy security code. Anyone asking for it is a scammer.,OTP
  Rs.53678 debited from A/c XX6547 on 24-05-26 to Chaitaly. Avl Bal: Rs.288019. -BOB,Bank
Chameli from XpressBees is arriving with your package. Contact: +916116732174,Delivery
OTP for delivery of order OD7225238671 is 6824. Share only with the delivery agent. -Ekart,Delivery
Interest of Rs.21620 credited to your FD A/c XX9693. -PNB,Bank
  OTP: 308888 for txn of Rs.7172 at Hotstar. Do not share. -BOB,OTP
Interest of INR 4283 credited to your FD A/c XX3358. -HDFC Bank,Bank
out for delivery: your zomato package od3865012886 will arrive today by 9 pm. -delhivery,Delivery
enter 171258 to verify your mobile number for icici bank.,OTP
OTP-based login was enabled for your A/c XX3980. Call HDFC Bank if this wasn't you.,Bank
  Salary of Rs.75399 credited to A/c XX9153. Avl Bal: Rs.348027. -PNB,Bank
<#> 790364 is your GPay code. Valid 2 min. hA8sk2Lqp3,OTP
Last day! Flipkart clearance sale ends tonight. Up to 40% off sitewide.,Promo
Your Myntra membership expires soon. Renew now & save 20%: bit.ly/UECCYT,Promo
Your A/c XX9030 is debited with INR 6758 on 02-05-26. Info: UPI-Wazir. Bal: INR 247658,Bank
Your credit card XX8440 statement is ready. Total due: Rs.95167. Min due: Rs.1341. -PNB,Bank
Delivery attempt failed for order OD1817556668. We will retry tomorrow. -Delhivery,Delivery
Weekend special at Meesho! Min 70% off on everything. Don't miss out: bit.ly/IUhBmo,Promo
297289 is your hdfc bank security code. anyone asking for it is a scammer.,OTP
Exclusive for you! Buy 1 Get 1 FREE at Meesho. Limited period offer. Visit bit.ly/SjwZXV,Promo
Rs.70015 credited to A/c XX6462 on 17-04-26. Avl Bal: Rs.435896. -Kotak,Bank
Low balance alert: A/c XX6491 balance is Rs.406714. Maintain min balance to avoid charges.,Bank
UPI payment of Rs.35176 to Anya successful. UPI Ref: 462948928241. -HDFC Bank,Bank
Salary of Rs.97952 credited to A/c XX8150 Avl Bal: Rs.406411 -Axis Bank,Bank
"Hey, my new number is 7321574580. Save it! Meet at tonight?",Personal
Ur Myntra order OD2926120036 has been shipped via Delhivery. Track: bit.ly/nmTRek,Delivery
  Zomato Big Billion Days! Up to 30% off + extra 10% with PNB cards. Hurry!,Promo
Work from home! Earn Rs.826585/month. Join: bit.ly/wsgYhI,Spam
Coupon 2993 gives you free delivery on orders above Rs.2775. -Swiggy,Promo
enter 353055 to verify your mobile number for sbi.,OTP
PhonePe: 545285 is your login OTP. It expires in 30 minutes.,OTP
"Hi Omya, unlock Rs.1098 off your first order at Myntra with code NEW66.",Promo
262780 - use this to sign in. Never share this code with anyone.,OTP
Ur A/c XX4552 is debited with Rs.94443 on 17-04-26. Info: UPI-Manthan. Bal: Rs.494149,Bank
Recharge with Rs.782 & get 20% extra talktime. Offer valid today only!,Promo
"Class shifted to room 5358, come fast T&C apply",Personal
G-290068 is your Google verification code.,OTP
Congratulations!  You won Rs.320448 in lucky draw. Claim: bit.ly/PlpZkl,Spam
Your credit card XX2844 statement is ready. Total due: Rs.70497. Min due: Rs.1999. -BOB,Bank
Tap to verify: 315870. This code expires shortly.,OTP
  698556 is your SBI security code. Anyone asking for it is a scammer.,OTP
Interest of Rs.84005 credited to your FD A/c XX6287. -SBI,Bank
Delivery attempt failed for order OD9415700533. We will retry tomorrow. -BlueDart,Delivery
ALERT: Rs.46909 withdrawn from ATM using card XX9217 on 18-04-26 Bal: Rs.302008 -Kotak,Bank
Ur A/c XX2063 is debited with Rs.81946 on 27-03-26. Info: UPI-Brijesh. Bal: Rs.21462,Bank
Amazon: Ur cart misses you! Complete purchase now & get 30% off. bit.ly/KmmknP,Promo
UPI payment of Rs.25292 to Yashawini successful UPI Ref: 772217227960 -SBI,Bank
  Dear customer ur Axis Bank account will be blocked! Update KYC now: bit.ly/YVyQbS,Spam
Flipkart Big Billion Days! Up to 50% off + extra 10% with ICICI Bank cards. Hurry!,Promo
Use 37432 to complete your Hotstar registration. Valid till 15 mins.,OTP
Ur Swiggy code: 422114,OTP
Your one time password is 719353 for IRCTC. Please do not share it.,OTP
Your SIM will be deactivated in 24hrs. Verify Aadhaar: bit.ly/qMLOHj,Spam
upi payment of rs.77761 to kavya successful. upi ref: 473176701424. -kotak,Bank
"Class shifted to room 9702, come fast",Personal
  Tap to verify: 378856. This code expires shortly.,OTP
YOUR OTP IS 422188. USE IT TO VERIFY YOUR OLA ACCOUNT. EXPIRES IN 5 MIN.,OTP
YOUR SIM WILL BE DEACTIVATED IN 24HRS. VERIFY AADHAAR: BIT.LY/TXDABJ,Spam
Delivered!  Your Myntra order OD6955318969 was delivered on 02 Jul. Rate your experience: bit.ly/FTVIdH,Delivery
Your Paytm code: 227732,OTP
Amara from Ekart is arriving with ur package. Contact: 2765113325,Delivery
"BRO SEND ME RS.3583 ON GPAY, WILL RETURN BY 04 JUL",Personal
Delivered! Your Zomato order OD9729365700 was delivered on 02 Jul. Rate your experience: bit.ly/pTFsrK,Delivery
Interest of Rs.53604 credited to your FD A/c XX4594. -Axis Bank,Bank
Ur Uber code: 2141,OTP
Interest of Rs.77727 credited to your FD A/c XX8605 -PNB,Bank
Recharge with Rs.176 & get 20% extra talktime. Offer valid today only!,Promo
127267 is your BigBasket security code Anyone asking for it is a scammer,OTP
Ekart: Shipment OD7878453473 reached your city hub. Expected delivery: 04 Jul.,Delivery
Out for delivery: Your Swiggy package OD3148450601 will arrive today by 6 PM. -Ekart,Delivery
Your  order OD9018262738 from Myntra is arriving tomorrow. Keep Rs.2052 ready for COD.,Delivery
WORK FROM HOME! EARN RS.1216640/MONTH. JOIN: BIT.LY/AARIKY,Spam
Your Myntra code: 746820,OTP
381276 IS YOUR KOTAK SECURITY CODE. ANYONE ASKING FOR IT IS A SCAMMER.,OTP
OTP-based login was enabled for ur A/c XX5750. Call HDFC Bank if this wasn't you.,Bank
  Cheque no. 865611393984 for Rs.42701 has been cleared from A/c XX2113. -ICICI Bank,Bank
MEGA SALE! Get 80% OFF on all products at Meesho. Shop now: bit.ly/aqFcZi T&C apply.,Promo
Rs.71031 debited from A/c XX4063 on 02-01-26 to Charita. Avl Bal: Rs.191141. -HDFC Bank,Bank
Out for delivery: Ur Swiggy package OD3983237927 will arrive today by 12 PM. -BlueDart,Delivery
Recharge with Rs.1435 & get 30% extra talktime. Offer valid today only!,Promo
Order OD7815199474 packed and ready! Expected dispatch by 02 Jul. -Myntra,Delivery
YOUR ORDER OD1284983143 FROM SWIGGY IS ARRIVING TOMORROW. KEEP RS.853 READY FOR COD.,Delivery
Rs.11321 debited from A/c XX8940 on 01-06-26 to Kiaan. Avl Bal: Rs.442032. -PNB,Bank
Your Uber code: 7036,OTP
<#> 880054 is your Uber code. Valid 15 min. hA8sk2Lqp3,OTP
Amazon: Your cart misses you! Complete purchase now & get 80% off. bit.ly/IsLrQP,Promo
Your  A/c XX2567 is debited with Rs.4082 on 24-04-26. Info: UPI-Keya. Bal: Rs.83449,Bank
Rs.5896 debited from A/c XX7266 on 18-06-26 to Ekaraj. Avl Bal: Rs.72096. -HDFC Bank,Bank
Confirmation code 979827 for SBI. Keep it private.,OTP
Pay Rs.4834 on delivery for order OD565507081. -Delhivery,Delivery
XpressBees:  Shipment OD7412640879 reached your city hub. Expected delivery: 04 Jul.,Delivery
Weekend special at Swiggy! Min 20% off on everything. Don't miss out: bit.ly/nuFLlb,Promo
MEGA SALE! Get 20% OFF on all products at Zomato Shop now: bitly/JvXqqj T&C apply,Promo
<#> 315587 is your gpay code. valid 10 min. ha8sk2lqp3,OTP
use 371022 to complete your uber registration. valid till 2 mins.,OTP
  Salary of Rs.61954 credited to A/c XX2483. Avl Bal: Rs.103345. -Axis Bank,Bank
508256 - use this code to sign in to Kotak. Never share it with anyone. T&C apply,OTP
123800 - use this code to sign in to Axis Bank. Never share it with anyone.,OTP
Your order OD2405151570 from Amazon is arriving tomorrow. Keep Rs.594 ready for COD.,Delivery
Your return pickup for order OD7157950945 is scheduled on 03 Jul. Keep the item ready. -Meesho,Delivery
Weekend special at Myntra! Min 10% off on everything. Don't miss out: bit.ly/eyDBzQ T&C apply,Promo
OTP-based login was enabled for your A/c XX2798. Call PNB if this wasn't you.,Bank
Your Swiggy membership expires soon. Renew now & save 20%: bit.ly/OnWzNJ,Promo
  Ola: 741128 is your login OTP. It expires in 10 minutes.,OTP
G-344870 is ur Google verification code.,OTP
Your order OD2120346282 from BigBasket is arriving tomorrow. Keep Rs.4268 ready for COD.,Delivery
Delivery attempt failed for order OD4556119411. We will retry tomorrow. -XpressBees,Delivery
Your Meesho membership expires soon. Renew now & save 70%: bit.ly/PsQShM,Promo
Work from home! Earn Rs.1072988/month. Join: bit.ly/YEvIJt,Spam
510899  - use this to sign in. Never share this code with anyone.,OTP
Use code 3990 at checkout for 10% off at Swiggy!,Promo
<#> 975548 is your GPay code. Valid 15 min. hA8sk2Lqp3,OTP
OTP: 787316 FOR TXN OF RS.10995 AT FLIPKART. DO NOT SHARE. -KOTAK,OTP
Out for delivery: Your Myntra package OD5761495155 will arrive today by 6 PM -Delhivery,Delivery
Delivered! Your BigBasket order OD3155197166 was delivered on 03 Jul. Rate your experience: bit.ly/vhvZin,Delivery
G-416715 is your Google verification code.,OTP
  Your A/c XX9458 is debited with Rs.14753 on 09-01-26. Info: UPI-Chaman. Bal: Rs.371901,Bank
Low balance alert: A/c XX1036 balance is Rs.232614 Maintain min balance to avoid charges,Bank
COUPON 8400 GIVES YOU FREE DELIVERY ON ORDERS ABOVE RS.1382. -MYNTRA,Promo
Rs.65530 debited from A/c XX1126 on 11-02-26 to Wakeeta. Avl Bal: Rs.46565. -Kotak,Bank
your return pickup for order od6706507202 is scheduled on 01 jul. keep the item ready. -zomato,Delivery
Rs.68857 debited from A/c XX8644 on 01-01-26 to Rayaan. Avl Bal: Rs.483167. -HDFC Bank,Bank
"Hey, my new number is 09833896300. Save it! Meet at noon?",Personal
Rs.76318 credited to A/c XX3070 on 13-01-26. Avl Bal: Rs.497107. -PNB,Bank
137982 is your verification code for HDFC Bank Never share your OTP,OTP
Interest of Rs.30384 credited to your FD A/c XX1522. -PNB T&C apply,Bank
Last day! Amazon clearance sale ends tonight. Up to 80% off sitewide. T&C apply,Promo
Out for delivery: Your Swiggy package OD3280560954 will arrive today by 9 PM -Ekart,Delivery
your credit card xx9714 statement is ready. total due: rs.95037. min due: rs.1488. -bob,Bank
EMI OF RS.65663 DUE ON 28-03-26 FOR LOAN A/C XX4867. PAY NOW TO AVOID CHARGES. -HDFC BANK,Bank
Ur one time password is 538886 for IRCTC. Please do not share it.,OTP
DTDC: Shipment OD1271103034 reached your city hub Expected delivery: 04 Jul,Delivery
Flat Rs.689 cashback on your next order at Flipkart. Use code SAVE28. Valid till 01 Jul.,Promo
  Netflix: 675277 is your login OTP. It expires in 30 minutes.,OTP
"Hi Kashish, unlock Rs.738 off your first order at Swiggy with code NEW79. -TM",Promo
Your Uber code: 6584,OTP
Delivered! Your Myntra order OD5768141516 was delivered on 01 Jul. Rate your experience: bit.ly/iKHnou,Delivery
CHEQUE NO. 567328195923 FOR RS.44597 HAS BEEN CLEARED FROM A/C XX2609. -HDFC BANK,Bank
  Your SBI code: 970336,OTP
Coupon 1884 gives you free delivery on orders above Rs.4788. -BigBasket STOP to opt out,Promo
delivery attempt failed for order od4312575300. we will retry tomorrow. -xpressbees,Delivery
  Your Flipkart membership expires soon. Renew now & save 80%: bit.ly/hiaJvz,Promo
Prisha  from DTDC is arriving with your package. Contact: 00299176721,Delivery
your one time password is 451151 for hdfc bank. please do not share it.,OTP
Salary  of Rs.27454 credited to A/c XX1434. Avl Bal: Rs.489486. -PNB,Bank
YOUR ORDER OD3167356889 FROM ZOMATO IS ARRIVING TOMORROW. KEEP RS.2651 READY FOR COD.,Delivery
rayaan from delhivery is arriving with your package. contact: +914705088020,Delivery
Use code 8002 at checkout for 50% off at Zomato!,Promo
"Never share your OTP, PIN or CVV Kotak never asks for these Stay safe",Bank
OTP for delivery of order OD4244565430 is 6227. Share only with the delivery agent. -Delhivery -TM,Delivery
congratulations! you won rs.1076807 in lucky draw. claim: bit.ly/splclo,Spam
Zomato:  Your cart misses you! Complete purchase now & get 40% off. bit.ly/OPsuxU,Promo
BlueDart: Shipment OD6780424693 reached your city hub. Expected delivery: 04 Jul.,Delivery
"Class shifted to room 5065, come fast",Personal
204451 is your OTP for Uber login. Valid for 10 minutes. Do not share with anyone.,OTP
Pay INR 1057 on delivery for order OD182735329. -XpressBees,Delivery
"Class shifted to room 6384, come fast",Personal
Interest of INR 87144 credited to your FD A/c XX7329. -Kotak,Bank
Your order OD4671335764 from Myntra is arriving tomorrow. Keep Rs.597 ready for COD.,Delivery
Your one time password is 899652 for PNB. Please do not share it.,OTP
Use  code 1867 at checkout for 25% off at Flipkart!,Promo
COUPON 8903 GIVES YOU FREE DELIVERY ON ORDERS ABOVE RS.1567. -MYNTRA,Promo
G-79370 is your Google verification code. STOP to opt out,OTP
Your order OD5249282069 from Amazon is arriving tomorrow. Keep Rs.440 ready for COD.,Delivery
"Bro send me INR 4576 on gpay, will return by 03 Jul",Personal
Recharge with Rs.319 & get 50% extra talktime. Offer valid today only!,Promo
Your Swiggy membership expires soon. Renew now & save 80%: bit.ly/ucBXAV,Promo
Delivery attempt failed for order OD9042803594. We will retry tomorrow. -Delhivery T&C apply,Delivery
340482 is your ICICI Bank security code. Anyone asking for it is a scammer.,OTP
Your Hotstar code: 687326,OTP
529386  - use this to sign in. Never share this code with anyone.,OTP
Meesho: Your cart misses you! Complete purchase now & get 80% off. bit.ly/vKnEPx STOP to opt out,Promo
  Meesho Big Billion Days! Up to 70% off + extra 10% with BOB cards. Hurry!,Promo
order od2372866569 packed and ready! expected dispatch by 01 jul. -amazon,Delivery
Cheque no. 371128444975 for Rs.37036 has been cleared from A/c XX6571. -ICICI Bank,Bank
313101 is your verification code for Axis Bank. Never share your OTP.,OTP
  BlueDart: Shipment OD4153866917 reached your city hub. Expected delivery: 03 Jul.,Delivery
G-953799 is your Google verification code,OTP
"CLASS SHIFTED TO ROOM 2266, COME FAST",Personal
ALERT: Rs.32353 withdrawn from ATM using card XX3755 on 13-06-26. Bal: Rs.124675. -HDFC Bank,Bank
Ur order OD1338431020 from Swiggy is arriving tomorrow. Keep Rs.749 ready for COD.,Delivery
514260 IS YOUR OTP FOR OLA LOGIN. VALID FOR 10 MINUTES. DO NOT SHARE WITH ANYONE.,OTP
UPI payment of Rs.59455 to Hemang successful. UPI Ref: 180412463401. -PNB,Bank
197114 is ur Hotstar security code. Anyone asking for it is a scammer.,OTP
"Hi Sneha, unlock Rs.1719 off your first order at Myntra with code NEW18.",Promo
EMI of Rs.19257 due on 18-02-26 for loan A/c XX2881 Pay now to avoid charges -Kotak,Bank
Meesho: 730811 is your login OTP It expires in 15 minutes,OTP
your return pickup for order od9802169918 is scheduled on 03 jul. keep the item ready. -bigbasket,Delivery
<#> 672088 is your Uber code Valid 5 min hA8sk2Lqp3,OTP
Omya from DTDC is arriving with your package. Contact: 0068178646,Delivery
Your order OD4711413540 from Meesho is arriving tomorrow Keep Rs.4469 ready for COD,Delivery
486336 - use this code to sign in to BOB. Never share it with anyone.,OTP
mega sale! get 30% off on all products at zomato. shop now: bit.ly/xximrb t&c apply.,Promo
Coupon 2241 gives you free delivery on orders above Rs.3551. -Meesho,Promo
Enter 239864 to verify your mobile number for ICICI Bank.,OTP
Finn from Delhivery is arriving with your package. Contact: 03231496806,Delivery
EMI of Rs.16575 due on 16-04-26 for loan A/c XX6371. Pay now to avoid charges. -HDFC Bank,Bank
Your  A/c XX6896 is debited with Rs.67040 on 20-04-26. Info: UPI-Zayan. Bal: Rs.346749,Bank
"Class  shifted to room 1274, come fast",Personal
Use code 8346 at checkout for 10% off at Myntra! T&C apply,Promo
your credit card xx3029 statement is ready. total due: rs.32846. min due: rs.2309. -hdfc bank,Bank
your myntra order od6583292971 has been shipped via dtdc. track: bit.ly/dcooly,Delivery
Order OD4545760819 packed and ready! Expected dispatch by 01 Jul. -Meesho,Delivery
Congratulations! You won Rs.1687917 in lucky draw. Claim: bit.ly/CxRdmz,Spam
MEGA SALE! Get 20% OFF on all products at Amazon. Shop now: bit.ly/dACDpX T&C apply.,Promo
Last day! Amazon clearance sale ends tonight. Up to 20% off sitewide. T&C apply,Promo
OTP for delivery of order OD9350390209 is 3784. Share only with the delivery agent. -BlueDart,Delivery
Salary of Rs.44695 credited to A/c XX4702. Avl Bal: Rs.328032. -PNB -TM,Bank
Your  return pickup for order OD1285792537 is scheduled on 03 Jul. Keep the item ready. -Flipkart,Delivery
Rs.75918 debited from A/c XX3475 on 08-03-26 to Indira. Avl Bal: Rs.443003. -HDFC Bank T&C apply,Bank
your uber code: 26411,OTP
Your  OTP is 685231. Use it to verify your Paytm account. Expires in 15 min.,OTP
"hi ekalinga, unlock rs.526 off your first order at flipkart with code new27.",Promo
EMI  of Rs.42980 due on 26-03-26 for loan A/c XX8015. Pay now to avoid charges. -SBI,Bank
Amazon Big Billion Days! Up to 40% off + extra 10% with Kotak cards. Hurry!,Promo
Use 844491 to complete ur ICICI Bank registration. Valid till 10 mins.,OTP
Work from home! Earn Rs.1939341/month. Join: bit.ly/Gsnekg STOP to opt out,Spam
  Rs.7374 credited to A/c XX3503 on 09-01-26. Avl Bal: Rs.160625. -Kotak,Bank
"Hi Zaitra, unlock Rs.1221 off your first order at Flipkart with code NEW79.",Promo
Your return pickup for order OD3446888282 is scheduled on 03 Jul. Keep the item ready. -Myntra,Delivery
Your Flipkart membership expires soon. Renew now & save 30%: bit.ly/OYHNQt,Promo
ALERT: Rs.90737 withdrawn from ATM using card XX9078 on 15-03-26. Bal: Rs.466892. -PNB,Bank
38865 is your OTP for Paytm login. Valid for 30 minutes. Do not share with anyone. T&C apply,OTP
  UPI payment of Rs.62311 to Dayamai successful. UPI Ref: 185586736556. -BOB,Bank
Out for delivery: Your Zomato package OD8637526237 will arrive today by 6 PM. -BlueDart,Delivery
Congratulations! You won INR 92179 in lucky draw. Claim: bit.ly/jjEtbe,Spam
Interest of Rs.44995 credited to ur FD A/c XX1934. -ICICI Bank,Bank
ZARNA FROM BLUEDART IS ARRIVING WITH YOUR PACKAGE. CONTACT: 00385956027,Delivery
Cheque no. 435060219986 for Rs.93868 has been cleared from A/c XX9966. -SBI,Bank
"Bro send me Rs.2818 on gpay, will return by 01 Jul",Personal
G-187694 is your Google verification code,OTP
  Coupon 2137 gives you free delivery on orders above Rs.1835. -Amazon,Promo
"Hi Tristan, unlock Rs.755 off your first order at Swiggy with code NEW34.",Promo
Delivery attempt failed for order OD3235639837. We will retry tomorrow. -XpressBees,Delivery
ALERT: Rs.60390 withdrawn from ATM using card XX5931 on 25-04-26. Bal: Rs.154354. -BOB,Bank
bigbasket: your cart misses you! complete purchase now & get 80% off. bit.ly/jxjywq,Promo
OTP: 670244 for txn of Rs.20350 at Uber. Do not share. -PNB,OTP
SALARY OF RS.18435 CREDITED TO A/C XX8300. AVL BAL: RS.159861. -ICICI BANK,Bank
OTP-based  login was enabled for your A/c XX8461. Call SBI if this wasn't you.,Bank
Cheque no. 117287401779 for Rs.26990 has been cleared from A/c XX4788. -PNB T&C apply,Bank
Use 139192 to complete your GPay registration. Valid till 2 mins.,OTP
<#> 541036 IS YOUR FLIPKART CODE. VALID 2 MIN. HA8SK2LQP3,OTP
881379 - use this to sign in. Never share this code with anyone.,OTP
use 901888 to complete your axis bank registration. valid till 5 mins.,OTP
375543 - use this code to sign in to Uber. Never share it with anyone.,OTP
BlueDart: Shipment OD2494341520 reached your city hub. Expected delivery: 03 Jul.,Delivery
Weekend special at Amazon! Min 80% off on everything. Don't miss out: bit.ly/miAXsH,Promo
Delivery  attempt failed for order OD7179320839. We will retry tomorrow. -XpressBees,Delivery
Your SIM will be deactivated in 24hrs. Verify Aadhaar: bit.ly/yRqzOK,Spam
MEGA  SALE! Get 80% OFF on all products at BigBasket. Shop now: bit.ly/oLZurX T&C apply.,Promo
Your order OD4575390746 from Flipkart is arriving tomorrow. Keep Rs.1429 ready for COD.,Delivery
UPI  payment of Rs.83764 to Reyansh successful. UPI Ref: 129815927238. -SBI,Bank
Flat Rs.592 cashback on your next order at Amazon Use code SAVE21 Valid till 03 Jul,Promo
"Never share your OTP, PIN or CVV. HDFC Bank never asks for these. Stay safe.",Bank
Your order OD5235203771 from Swiggy is arriving tomorrow. Keep Rs.1774 ready for COD. T&C apply,Delivery
EMI of Rs.33731 due on 28-05-26 for loan A/c XX3865. Pay now to avoid charges. -Axis Bank,Bank
<#> 373328 is your Amazon code. Valid 10 min. hA8sk2Lqp3,OTP
"Hi Krishna, unlock INR 1269 off your first order at BigBasket with code NEW35.",Promo
Rs.62723 credited to A/c XX3471 on 05-04-26. Avl Bal: Rs.253373. -PNB,Bank
Cheque no. 334292118308 for Rs.96072 has been cleared from A/c XX9991. -Kotak,Bank
797497 - use this to sign in. Never share this code with anyone.,OTP
Out for delivery: Your Swiggy package OD4438152652 will arrive today by 6 PM -XpressBees,Delivery
upi payment of rs.28291 to ira successful. upi ref: 714673565364. -icici bank,Bank
G-501259 is ur Google verification code.,OTP
Interest of Rs.64133 credited to your FD A/c XX9791. -PNB,Bank
"Never share your OTP, PIN or CVV. ICICI Bank never asks for these. Stay safe.",Bank
Recharge with Rs.1199 & get 20% extra talktime. Offer valid today only!,Promo
Your A/c XX6012 is debited with Rs.62002 on 11-04-26 Info: UPI-Praneel Bal: Rs.301654,Bank
Your Myntra membership expires soon. Renew now & save 40%: bit.ly/uyiegD,Promo
YOUR CREDIT CARD XX8724 STATEMENT IS READY. TOTAL DUE: RS.78280. MIN DUE: RS.2829. -AXIS BANK,Bank
ZOMATO: YOUR CART MISSES YOU! COMPLETE PURCHASE NOW & GET 80% OFF. BIT.LY/NSWSSV,Promo
your credit card xx1425 statement is ready. total due: rs.66969. min due: rs.576. -hdfc bank,Bank
Weekend special at Zomato! Min 40% off on everything. Don't miss out: bit.ly/jigvpP,Promo
UPI payment of Rs.61624 to Amaira successful. UPI Ref: 728466033971. -PNB,Bank
Flipkart: Your cart misses you! Complete purchase now & get 70% off. bit.ly/bujVkv,Promo
WEEKEND SPECIAL AT FLIPKART! MIN 70% OFF ON EVERYTHING. DON'T MISS OUT: BIT.LY/UEFYFS,Promo
Your HDFC Bank code: 810081,OTP
Congratulations! You won Rs.201459 in lucky draw. Claim: bit.ly/wDdrck,Spam
  Coupon 1561 gives you free delivery on orders above Rs.4028. -Amazon,Promo
EMI of Rs.47273 due on 17-01-26 for loan A/c XX5713 Pay now to avoid charges -BOB,Bank
  MEGA SALE! Get 20% OFF on all products at Amazon. Shop now: bit.ly/dyhmwA T&C apply.,Promo
Your Uber code: 4063,OTP
Rs.57673 credited to A/c XX9677 on 01-02-26. Avl Bal: Rs.4201. -Axis Bank,Bank
LOW BALANCE ALERT: A/C XX7545 BALANCE IS RS.217146. MAINTAIN MIN BALANCE TO AVOID CHARGES.,Bank
otp-based login was enabled for your a/c xx3670. call icici bank if this wasn't you.,Bank
Your one time password is 652558 for ICICI Bank. Please do not share it.,OTP
HDFC Bank: 350116 is your login OTP. It expires in 5 minutes.,OTP
  Confirmation code 940642 for Zomato. Keep it private.,OTP
  Your return pickup for order OD1368501756 is scheduled on 01 Jul. Keep the item ready. -Myntra,Delivery
775846 is ur OTP for PhonePe login. Valid for 10 minutes. Do not share with anyone.,OTP
Confirmation code 564711 for Paytm. Keep it private.,OTP
OTP-BASED LOGIN WAS ENABLED FOR YOUR A/C XX1267. CALL ICICI BANK IF THIS WASN'T YOU.,Bank
Your OTP is 185569. Use it to verify your Axis Bank account. Expires in 15 min.,OTP
Ur Meesho membership expires soon. Renew now & save 70%: bit.ly/DMGbGT,Promo
Your Uber code: 2946,OTP
Interest of INR 36901 credited to your FD A/c XX4171. -PNB,Bank
Cheque no. 947089978485 for Rs.69007 has been cleared from A/c XX5744. -Kotak,Bank
Low balance alert: A/c XX2113 balance is Rs.92975. Maintain min balance to avoid charges.,Bank
Your Flipkart membership expires soon. Renew now & save 70%: bit.ly/bXWFqN,Promo
Salary of Rs.29463 credited to A/c XX6058. Avl Bal: Rs.323263. -HDFC Bank,Bank
186065 IS YOUR MEESHO SECURITY CODE. ANYONE ASKING FOR IT IS A SCAMMER.,OTP
your otp is 615548. use it to verify your bob account. expires in 5 min.,OTP
Use 97498 to complete your Myntra registration. Valid till 15 mins.,OTP
UPI  payment of Rs.59091 to Nakul successful. UPI Ref: 820217821924. -BOB,Bank
EMI of Rs.26746 due on 03-02-26 for loan A/c XX6975. Pay now to avoid charges. -PNB,Bank
OTP for delivery of order OD5090129346 is 4284. Share only with the delivery agent. -Delhivery,Delivery
  Your return pickup for order OD6078967801 is scheduled on 02 Jul. Keep the item ready. -Swiggy,Delivery
728705 is ur OTP for PhonePe login. Valid for 15 minutes. Do not share with anyone.,OTP
Pay Rs.1733 on delivery for order OD946908856. -DTDC,Delivery
Your order OD2073947414 from Flipkart is arriving tomorrow. Keep Rs.734 ready for COD.,Delivery
Confirmation code 463277 for PNB Keep it private,OTP
Pay Rs.2713 on delivery for order OD370055976. -BlueDart,Delivery
  Use 602822 to complete your HDFC Bank registration. Valid till 2 mins.,OTP
Salary of INR 89375 credited to A/c XX6640. Avl Bal: INR 88589. -SBI,Bank
Rs.19432 credited to A/c XX7475 on 12-06-26 Avl Bal: Rs.291598 -Kotak,Bank
"Hey, my new number is 4006865074. Save it! Meet at tonight?",Personal
Use 58449 to complete your Netflix registration Valid till 30 mins,OTP
  ALERT: Rs.48533 withdrawn from ATM using card XX3724 on 09-04-26. Bal: Rs.330122. -Kotak,Bank
Weekend special at Zomato! Min 80% off on everything. Don't miss out: bit.ly/eggNfV,Promo
"Bro send me Rs.3384 on gpay, will return by 02 Jul",Personal
ORDER OD9573292609 PACKED AND READY! EXPECTED DISPATCH BY 02 JUL. -FLIPKART,Delivery
ALERT: Rs.56762 withdrawn from ATM using card XX7983 on 08-03-26. Bal: Rs.413295. -SBI,Bank
Flat Rs.336 cashback on your next order at Myntra. Use code SAVE90. Valid till 04 Jul.,Promo
"Class  shifted to room 2136, come fast",Personal
351512  - use this to sign in. Never share this code with anyone.,OTP
Out for delivery: Your Amazon package OD2955062358 will arrive today by 3 PM -Delhivery,Delivery
your credit card xx9041 statement is ready. total due: rs.7692. min due: rs.2683. -bob,Bank
494200 is your OTP for HDFC Bank login. Valid for 2 minutes. Do not share with anyone.,OTP
Rs.37343 debited from A/c XX7877 on 13-04-26 to Madhav. Avl Bal: Rs.74154. -ICICI Bank,Bank
"Never share your OTP, PIN or CVV. ICICI Bank never asks for these. Stay safe.",Bank
ekart: shipment od5304294961 reached your city hub. expected delivery: 02 jul.,Delivery
338982 is your bigbasket security code. anyone asking for it is a scammer.,OTP
Ur credit card XX6476 statement is ready. Total due: Rs.74351. Min due: Rs.1349. -Axis Bank,Bank
Myntra:  264510 is your login OTP. It expires in 5 minutes.,OTP
emi of rs.183 due on 01-05-26 for loan a/c xx4920. pay now to avoid charges. -hdfc bank,Bank
Work from home! Earn Rs.1141455/month. Join: bit.ly/JPCuui -TM,Spam
  Recharge with Rs.1366 & get 10% extra talktime. Offer valid today only!,Promo
Rs.496 credited to A/c XX2558 on 21-01-26. Avl Bal: Rs.102095. -SBI,Bank
DELHIVERY: SHIPMENT OD7930612494 REACHED YOUR CITY HUB. EXPECTED DELIVERY: 01 JUL.,Delivery
XpressBees: Shipment OD1625524023 reached your city hub. Expected delivery: 01 Jul.,Delivery
Work from home! Earn Rs.1256536/month. Join: bit.ly/LxBRou,Spam
Your one time password is 468660 for BigBasket. Please do not share it. -TM,OTP
Weekend special at Amazon! Min 20% off on everything. Don't miss out: bit.ly/qytYVT,Promo
G-670857 is your Google verification code.,OTP
COUPON 6275 GIVES YOU FREE DELIVERY ON ORDERS ABOVE RS.1218. -ZOMATO,Promo
Out for delivery: Your Myntra package OD6590566972 will arrive today by 3 PM. -BlueDart,Delivery
BALHAAR FROM EKART IS ARRIVING WITH YOUR PACKAGE. CONTACT: 03760956865,Delivery
Enter 135144 to verify your mobile number for BigBasket.,OTP
Delivered! Ur Zomato order OD3279902578 was delivered on 04 Jul. Rate ur experience: bit.ly/VXrxwi,Delivery
EMI of Rs.40206 due on 26-02-26 for loan A/c XX2098. Pay now to avoid charges. -Kotak,Bank
  826051 - use this code to sign in to PNB. Never share it with anyone.,OTP
MEGA SALE! Get 30% OFF on all products at Meesho. Shop now: bit.ly/RkcYDw T&C apply.,Promo
Your  credit card XX9989 statement is ready. Total due: Rs.6929. Min due: Rs.1351. -HDFC Bank,Bank
Your order OD4274147587 from Zomato is arriving tomorrow. Keep Rs.1850 ready for COD.,Delivery
Harshil from BlueDart is arriving with your package. Contact: 1517299582,Delivery
ALERT: RS.69498 WITHDRAWN FROM ATM USING CARD XX4648 ON 10-03-26. BAL: RS.281854. -HDFC BANK,Bank
Zomato: Your cart misses you! Complete purchase now & get 10% off bitly/zGrOnC,Promo
Congratulations! You won INR 986639 in lucky draw. Claim: bit.ly/boZLju,Spam
work from home! earn rs.1696658/month. join: bit.ly/lxlnko,Spam
Axis Bank: 358048 is your login OTP. It expires in 15 minutes.,OTP
"HEY, MY NEW NUMBER IS 08698184179. SAVE IT! MEET AT TONIGHT?",Personal
EMI of Rs.26748 due on 16-03-26 for loan A/c XX6927. Pay now to avoid charges. -Axis Bank,Bank
707605 - use this to sign in. Never share this code with anyone.,OTP
Your  one time password is 117749 for Flipkart. Please do not share it.,OTP
Meesho: Your cart misses you! Complete purchase now & get 40% off. bit.ly/psuWjR,Promo
CONFIRMATION CODE 561334 FOR KOTAK. KEEP IT PRIVATE.,OTP
843878 - use this code to sign in to GPay. Never share it with anyone.,OTP
"Hey, my new number is 07768247788. Save it! Meet at 8?",Personal
Cheque no. 839953037123 for INR 71328 has been cleared from A/c XX2690. -PNB,Bank
Your Netflix code: 273754,OTP
EMI OF RS.94421 DUE ON 13-05-26 FOR LOAN A/C XX7874. PAY NOW TO AVOID CHARGES. -HDFC BANK,Bank
ALERT: Rs.77088 withdrawn from ATM using card XX2040 on 02-07-26 Bal: Rs.433916 -SBI,Bank
Cheque no. 820923513188 for Rs.22937 has been cleared from A/c XX8952. -PNB,Bank
Your Swiggy membership expires soon Renew now & save 50%: bitly/zkkUYm,Promo
343036 IS YOUR VERIFICATION CODE FOR KOTAK. NEVER SHARE YOUR OTP.,OTP
Your OTP is 8883. Use it to verify your Ola account. Expires in 15 min.,OTP
WEEKEND SPECIAL AT AMAZON! MIN 20% OFF ON EVERYTHING. DON'T MISS OUT: BIT.LY/CHZREK,Promo
Libni from XpressBees is arriving with your package. Contact: 0889469715,Delivery
Low  balance alert: A/c XX6115 balance is Rs.227860. Maintain min balance to avoid charges.,Bank
Low  balance alert: A/c XX3769 balance is Rs.335526. Maintain min balance to avoid charges.,Bank
"Hey, my new number is 08378805882. Save it! Meet at noon?",Personal
Cheque no 507105502300 for Rs.14595 has been cleared from A/c XX7404 -PNB,Bank
Your order OD6391259168 from Flipkart is arriving tomorrow. Keep Rs.3264 ready for COD.,Delivery
Weekend special at Meesho! Min 10% off on everything. Don't miss out: bit.ly/PzKGwt,Promo
639581 - use this to sign in. Never share this code with anyone.,OTP
Zomato: Your cart misses you! Complete purchase now & get 40% off. bit.ly/XpSBIN,Promo
Dear customer ur ICICI Bank account will be blocked! Update KYC now: bit.ly/osrfbJ,Spam
Your Uber code: 3282,OTP
upi payment of rs.16717 to gautami successful. upi ref: 157059134704. -hdfc bank,Bank
Salary  of Rs.89205 credited to A/c XX8114. Avl Bal: Rs.35960. -HDFC Bank,Bank
Rs.57254 debited from A/c XX2942 on 16-04-26 to Patrick. Avl Bal: Rs.66673. -Axis Bank,Bank
"Hey, my new number is +913378934517 Save it! Meet at tonight?",Personal
  MEGA SALE! Get 80% OFF on all products at Amazon. Shop now: bit.ly/AgnrzH T&C apply.,Promo
G-432145 is your Google verification code. T&C apply,OTP
Delivered! Your Meesho order OD3412253586 was delivered on 01 Jul. Rate your experience: bit.ly/jwofzo,Delivery
  Your credit card XX8972 statement is ready. Total due: Rs.51037. Min due: Rs.1012. -HDFC Bank,Bank
Your A/c XX3980 is debited with Rs.51870 on 10-03-26. Info: UPI-Vincent. Bal: Rs.247290,Bank
Pay  Rs.2918 on delivery for order OD356042976. -Delhivery,Delivery
"Hi Jhalak, unlock Rs.630 off your first order at Zomato with code NEW53.",Promo
ALERT: INR 57817 withdrawn from ATM using card XX6898 on 06-04-26. Bal: INR 125015. -PNB,Bank
816728 - USE THIS TO SIGN IN. NEVER SHARE THIS CODE WITH ANYONE.,OTP
Salary of INR 44457 credited to A/c XX1402. Avl Bal: INR 358170. -PNB,Bank
  Enter 435783 to verify your mobile number for Kotak.,OTP
"Hey, my new number is 2536817343. Save it! Meet at 6pm?",Personal
BigBasket: Your cart misses you! Complete purchase now & get 40% off. bit.ly/Yprckv,Promo
959403 - use this code to sign in to Axis Bank. Never share it with anyone.,OTP
"Never share your OTP, PIN or CVV. ICICI Bank never asks for these. Stay safe.",Bank
Tap to verify: 173107. This code expires shortly.,OTP
salary of rs.69358 credited to a/c xx8223. avl bal: rs.315946. -axis bank,Bank
697873  is your verification code for Uber. Never share your OTP.,OTP
INR 52149 credited to A/c XX6899 on 08-03-26. Avl Bal: INR 247545. -HDFC Bank,Bank
ALERT: INR 22381 withdrawn from ATM using card XX3634 on 25-01-26. Bal: INR 13955. -BOB,Bank
94992 is your verification code for Hotstar. Never share your OTP.,OTP
Your SIM will be deactivated in 24hrs. Verify Aadhaar: bit.ly/wjgEaO,Spam
Salary of Rs.63390 credited to A/c XX2474. Avl Bal: Rs.400649. -ICICI Bank,Bank
Your  A/c XX8167 is debited with Rs.64326 on 06-03-26. Info: UPI-Yashasvi. Bal: Rs.222765,Bank
Your one time password is 15937 for Axis Bank. Please do not share it.,OTP
Work from home! Earn Rs.550492/month. Join: bit.ly/eYFrwJ,Spam
RS.99522 CREDITED TO A/C XX2371 ON 27-01-26. AVL BAL: RS.46563. -AXIS BANK,Bank
Your order OD4326982515 from Flipkart is arriving tomorrow. Keep Rs.4981 ready for COD.,Delivery
  Pay Rs.2505 on delivery for order OD320415094. -XpressBees,Delivery
  Work from home! Earn Rs.697496/month. Join: bit.ly/EpqrwD,Spam
  Your order OD1539150669 from Swiggy is arriving tomorrow. Keep Rs.1924 ready for COD.,Delivery
Exclusive  for you! Buy 1 Get 1 FREE at Zomato. Limited period offer. Visit bit.ly/HNoAnn,Promo
<#> 374560 is ur Uber code. Valid 30 min. hA8sk2Lqp3,OTP
"Never share your OTP, PIN or CVV. Kotak never asks for these. Stay safe.",Bank
Delivery attempt failed for order OD7742562028. We will retry tomorrow. -Delhivery,Delivery
Cheque no. 813580164434 for Rs.29888 has been cleared from A/c XX7196. -Axis Bank,Bank
49156 is your verification code for Uber. Never share your OTP.,OTP
Recharge with Rs.178 & get 80% extra talktime. Offer valid today only!,Promo
Flipkart Big Billion Days! Up to 60% off + extra 10% with Kotak cards. Hurry!,Promo
  Congratulations! You won Rs.1323892 in lucky draw. Claim: bit.ly/WyikDr,Spam
Tap to verify: 798281. This code expires shortly.,OTP
Last day! Swiggy clearance sale ends tonight. Up to 80% off sitewide.,Promo
Out  for delivery: Your Meesho package OD7525589865 will arrive today by 9 PM. -Ekart,Delivery
Your Flipkart code: 918610 -TM,OTP
Your one time password is 387141 for PNB. Please do not share it.,OTP
672084 IS YOUR OTP FOR HOTSTAR LOGIN. VALID FOR 2 MINUTES. DO NOT SHARE WITH ANYONE.,OTP
EMI  of Rs.17184 due on 27-03-26 for loan A/c XX3226. Pay now to avoid charges. -SBI,Bank
  Flat Rs.957 cashback on your next order at Meesho. Use code SAVE80. Valid till 02 Jul.,Promo
Delivered! Your BigBasket order OD7232260069 was delivered on 04 Jul Rate your experience: bitly/EyZmPG,Delivery
YOUR MEESHO MEMBERSHIP EXPIRES SOON. RENEW NOW & SAVE 80%: BIT.LY/WBYSDU,Promo
INR 2499 debited from A/c XX9696 on 07-05-26 to Yashvi. Avl Bal: INR 474604. -SBI,Bank
Cheque no. 411763760693 for Rs.97094 has been cleared from A/c XX7815. -ICICI Bank,Bank
Tap to verify: 202645 This code expires shortly,OTP
UPI payment of Rs.30459 to Niharika successful. UPI Ref: 707220863948. -ICICI Bank,Bank
"  Class shifted to room 4741, come fast",Personal
Use 370420 to complete your GPay registration. Valid till 15 mins. -TM,OTP
your order od3662386041 from flipkart is arriving tomorrow. keep rs.583 ready for cod.,Delivery
  Pay Rs.3483 on delivery for order OD387442884. -DTDC,Delivery
Delivery attempt failed for order OD5259930837. We will retry tomorrow. -DTDC,Delivery
Amara  from BlueDart is arriving with your package. Contact: 05706954172,Delivery
Coupon 1349 gives you free delivery on orders above Rs.3944 -Flipkart,Promo
Low balance alert: A/c XX6075 balance is Rs.402303 Maintain min balance to avoid charges,Bank
low balance alert: a/c xx6968 balance is rs.318967. maintain min balance to avoid charges.,Bank
ENTER 266567 TO VERIFY YOUR MOBILE NUMBER FOR PHONEPE.,OTP
  Use code 8553 at checkout for 25% off at BigBasket!,Promo
low balance alert: a/c xx8297 balance is rs.169087. maintain min balance to avoid charges.,Bank
Cheque no 115286994463 for Rs.47660 has been cleared from A/c XX3002 -Kotak,Bank
Congratulations! You won Rs.1412641 in lucky draw. Claim: bit.ly/gacjMS,Spam
Delivery attempt failed for order OD7251245504 We will retry tomorrow -XpressBees,Delivery
<#> 64406 is your Uber code. Valid 15 min. hA8sk2Lqp3,OTP
BigBasket Big Billion Days! Up to 10% off + extra 10% with BOB cards. Hurry!,Promo
coupon 3011 gives you free delivery on orders above rs.902. -amazon,Promo
LAST DAY! ZOMATO CLEARANCE SALE ENDS TONIGHT. UP TO 30% OFF SITEWIDE.,Promo
Flat Rs.1001 cashback on your next order at Flipkart. Use code SAVE60. Valid till 04 Jul.,Promo
UPI  payment of Rs.3450 to Yasti successful. UPI Ref: 850208920869. -Kotak,Bank
low balance alert: a/c xx8570 balance is rs.5092. maintain min balance to avoid charges.,Bank
Rs.48541 credited to A/c XX4026 on 31-01-26. Avl Bal: Rs.188432. -SBI,Bank
Your  one time password is 5464 for Amazon. Please do not share it.,OTP
Exclusive for you! Buy 1 Get 1 FREE at Amazon. Limited period offer. Visit bit.ly/IbsNtp,Promo
OTP for delivery of order OD4930888729 is 9145. Share only with the delivery agent. -BlueDart,Delivery
Your Zomato order OD6046290301 has been shipped via XpressBees. Track: bit.ly/PekOsx,Delivery
Low  balance alert: A/c XX5969 balance is Rs.494117. Maintain min balance to avoid charges.,Bank
"Never share your OTP, PIN or CVV. HDFC Bank never asks for these. Stay safe.",Bank
"Bro send me Rs.1465 on gpay, will return by 03 Jul",Personal
  Axis Bank: 992667 is your login OTP. It expires in 15 minutes.,OTP
Your OTP is 798150. Use it to verify your Axis Bank account. Expires in 15 min.,OTP
YOUR FLIPKART MEMBERSHIP EXPIRES SOON. RENEW NOW & SAVE 50%: BIT.LY/CJTOGV,Promo
622777 is your verification code for IRCTC. Never share your OTP.,OTP
Rs.69820 debited from A/c XX7413 on 27-01-26 to Raksha. Avl Bal: Rs.388401. -Kotak,Bank
Your A/c XX3159 is debited with Rs.10672 on 02-02-26. Info: UPI-Bachittar. Bal: Rs.398243,Bank
Weekend special at Swiggy! Min 50% off on everything. Don't miss out: bit.ly/kinUQn,Promo
"bro send me rs.3211 on gpay, will return by 03 jul",Personal
EMI of Rs.62981 due on 05-01-26 for loan A/c XX2116. Pay now to avoid charges. -HDFC Bank,Bank
<#>  554497 is your BOB code. Valid 5 min. hA8sk2Lqp3,OTP
Exclusive  for you! Buy 1 Get 1 FREE at BigBasket. Limited period offer. Visit bit.ly/BUJTrL,Promo
Use 700376 to complete your Swiggy registration. Valid till 15 mins.,OTP
DEAR CUSTOMER UR HDFC BANK ACCOUNT WILL BE BLOCKED! UPDATE KYC NOW: BIT.LY/DAOZAV,Spam
  Rs.6574 debited from A/c XX8028 on 17-06-26 to Balendra. Avl Bal: Rs.194189. -Kotak,Bank
Tap to verify: 101622. This code expires shortly.,OTP
  Dear customer ur ICICI Bank account will be blocked! Update KYC now: bit.ly/FpFTgU,Spam
Your OTP is 65490 Use it to verify your Swiggy account Expires in 2 min,OTP
Ur OTP is 161218. Use it to verify ur Swiggy account. Expires in 10 min.,OTP
Your Myntra membership expires soon. Renew now & save 30%: bit.ly/jEDiKz,Promo
Your SIM will be deactivated in 24hrs. Verify Aadhaar: bit.ly/zpdKXD,Spam
Out for delivery: Your Meesho package OD6651850815 will arrive today by 12 PM. -DTDC,Delivery
OTP for delivery of order OD8102900599 is 8847. Share only with the delivery agent. -XpressBees,Delivery
"Bro send me Rs.1809 on gpay, will return by 04 Jul",Personal
INTEREST OF RS.93857 CREDITED TO YOUR FD A/C XX7491. -ICICI BANK,Bank
MEGA SALE! GET 80% OFF ON ALL PRODUCTS AT BIGBASKET. SHOP NOW: BIT.LY/TXOEDE T&C APPLY.,Promo
Rs.92930 debited from A/c XX2961 on 17-01-26 to Vaishnavi. Avl Bal: Rs.48839. -HDFC Bank T&C apply,Bank
  Your OTP is 931615. Use it to verify your Hotstar account. Expires in 15 min.,OTP
Coupon 5442 gives you free delivery on orders above Rs.1271. -Swiggy,Promo
Out for delivery: Ur Myntra package OD1761834668 will arrive today by 3 PM. -BlueDart,Delivery
Delivery  attempt failed for order OD3892263052. We will retry tomorrow. -BlueDart,Delivery
  Myntra: Your cart misses you! Complete purchase now & get 50% off. bit.ly/jpqTQu,Promo
Your A/c XX4896 is debited with INR 11050 on 02-01-26. Info: UPI-Onveer. Bal: INR 414829,Bank
Cheque  no. 163631989013 for Rs.64204 has been cleared from A/c XX5999. -HDFC Bank,Bank
G-637574  is your Google verification code.,OTP
"BRO SEND ME RS.2774 ON GPAY, WILL RETURN BY 02 JUL",Personal
Rs.58785 debited from A/c XX9693 on 14-04-26 to Thomas. Avl Bal: Rs.293021. -ICICI Bank,Bank
Tap to verify: 465403. This code expires shortly.,OTP
  Your Uber code: 5754,OTP
OTP-based login was enabled for your A/c XX8522. Call Axis Bank if this wasn't you. STOP to opt out,Bank
"never share your otp, pin or cvv. sbi never asks for these. stay safe.",Bank
CONFIRMATION CODE 179249 FOR AXIS BANK. KEEP IT PRIVATE.,OTP
xpressbees: shipment od1106499483 reached your city hub. expected delivery: 02 jul.,Delivery
Your OTP is 614462. Use it to verify your Ola account. Expires in 2 min.,OTP
Interest of Rs.95321 credited to your FD A/c XX2090. -HDFC Bank -TM,Bank
delivery attempt failed for order od8199791614. we will retry tomorrow. -ekart,Delivery
RECHARGE WITH RS.1041 & GET 70% EXTRA TALKTIME. OFFER VALID TODAY ONLY!,Promo
Salary of Rs.15755 credited to A/c XX6688. Avl Bal: Rs.163323. -Axis Bank,Bank
Your A/c XX3626 is debited with Rs.73333 on 23-04-26. Info: UPI-Lekha. Bal: Rs.369748,Bank
"Class  shifted to room 3297, come fast",Personal
Out for delivery: Your Swiggy package OD8950306272 will arrive today by 9 PM. -DTDC,Delivery
  464150 is your BigBasket security code. Anyone asking for it is a scammer.,OTP
OTP: 505756 for txn of Rs.29611 at BOB. Do not share. -PNB,OTP
Low balance alert: A/c XX4842 balance is Rs.238788 Maintain min balance to avoid charges,Bank
Delivered! Ur Meesho order OD8931203674 was delivered on 03 Jul. Rate ur experience: bit.ly/ODQBbZ,Delivery
g-11414 is your google verification code.,OTP
Your order OD7900269521 from Meesho is arriving tomorrow. Keep Rs.1409 ready for COD.,Delivery
Your one time password is 789568 for PhonePe. Please do not share it. T&C apply,OTP
OTP-based  login was enabled for your A/c XX9632. Call HDFC Bank if this wasn't you.,Bank
Your credit card XX1484 statement is ready. Total due: Rs.90346. Min due: Rs.3736. -Kotak STOP to opt out,Bank
Delivered! Your BigBasket order OD4759469312 was delivered on 04 Jul. Rate your experience: bit.ly/QqlcjR,Delivery
Your OTP is 924382 Use it to verify your BigBasket account Expires in 10 min,OTP
Congratulations! You won Rs.1917820 in lucky draw. Claim: bit.ly/CBKcqe,Spam
"HI AARAV, UNLOCK RS.677 OFF YOUR FIRST ORDER AT AMAZON WITH CODE NEW42.",Promo
OTP-based login was enabled for your A/c XX3169. Call ICICI Bank if this wasn't you.,Bank
Rs.531 debited from A/c XX8582 on 18-05-26 to Manya. Avl Bal: Rs.498132. -Axis Bank,Bank
"Hi Chasmum, unlock Rs.1021 off your first order at Amazon with code NEW20.",Promo
Your  Flipkart code: 448303,OTP
<#> 507399 is your Netflix code. Valid 30 min. hA8sk2Lqp3,OTP
Dear customer ur ICICI Bank account will be blocked! Update KYC now: bit.ly/nHYbCi -TM,Spam
OTP FOR DELIVERY OF ORDER OD2771673998 IS 1581. SHARE ONLY WITH THE DELIVERY AGENT. -XPRESSBEES,Delivery
flipkart: your cart misses you! complete purchase now & get 70% off. bit.ly/jfutce,Promo
Use code 6953 at checkout for 10% off at Swiggy!,Promo
Salary of Rs.87805 credited to A/c XX6478 Avl Bal: Rs.397400 -SBI,Bank
Flat Rs.648 cashback on your next order at Meesho. Use code SAVE34. Valid till 02 Jul.,Promo
MEGA SALE! Get 10% OFF on all products at Zomato. Shop now: bit.ly/Iuwdcz T&C apply.,Promo
MEGA SALE! Get 70% OFF on all products at Amazon. Shop now: bit.ly/uBlCSt T&C apply.,Promo
Salary of Rs.31966 credited to A/c XX6752. Avl Bal: Rs.323900. -HDFC Bank,Bank
"CLASS SHIFTED TO ROOM 6489, COME FAST",Personal
Interest of Rs.53464 credited to your FD A/c XX3043. -HDFC Bank -TM,Bank
  Recharge with Rs.1282 & get 50% extra talktime. Offer valid today only!,Promo
"Class shifted to room 7640, come fast",Personal
YOUR AMAZON ORDER OD7138197858 HAS BEEN SHIPPED VIA DTDC. TRACK: BIT.LY/TNUOEF,Delivery
Weekend special at Swiggy! Min 30% off on everything. Don't miss out: bit.ly/VctQct,Promo
Your PNB code: 974075,OTP
Exclusive  for you! Buy 1 Get 1 FREE at Amazon. Limited period offer. Visit bit.ly/gwaZHk,Promo
Interest of Rs.33062 credited to ur FD A/c XX8157. -SBI,Bank
  180013 - use this to sign in. Never share this code with anyone.,OTP
UPI PAYMENT OF RS.69409 TO RISHI SUCCESSFUL. UPI REF: 114287475079. -HDFC BANK,Bank
Cheque no. 568732677748 for Rs.74382 has been cleared from A/c XX5639. -SBI,Bank
  Your OTP is 698465. Use it to verify your Zomato account. Expires in 5 min.,OTP
Your A/c XX7163 is debited with Rs.1274 on 26-01-26. Info: UPI-Kritika. Bal: Rs.190290,Bank
OTP: 775699 for txn of Rs.6794 at Swiggy. Do not share. -SBI,OTP
Confirmation  code 650525 for Kotak. Keep it private.,OTP
Coupon  6813 gives you free delivery on orders above Rs.1993. -Flipkart,Promo
571894 - use this code to sign in to Ola. Never share it with anyone.,OTP
YOUR OTP IS 407879. USE IT TO VERIFY YOUR BIGBASKET ACCOUNT. EXPIRES IN 5 MIN.,OTP
OTP for delivery of order OD7212452552 is 1868 Share only with the delivery agent -DTDC,Delivery
Exclusive  for you! Buy 1 Get 1 FREE at Swiggy. Limited period offer. Visit bit.ly/pOGOFX,Promo
OTP: 939593 for txn of Rs.3331 at Ola. Do not share. -Axis Bank,OTP
Interest  of Rs.39185 credited to your FD A/c XX2084. -SBI,Bank
OTP-based login was enabled for your A/c XX1025. Call HDFC Bank if this wasn't you.,Bank
Your one time password is 18716 for Axis Bank. Please do not share it.,OTP
Interest of Rs.64643 credited to your FD A/c XX3862 -HDFC Bank,Bank
  Your BigBasket order OD5697133590 has been shipped via Ekart. Track: bit.ly/FpQlZn,Delivery
Yagnesh from Ekart is arriving with your package. Contact: +913446641110,Delivery
"Hey, my new number is +918044346165. Save it! Meet at 8?",Personal
Last day! Zomato clearance sale ends tonight Up to 20% off sitewide,Promo
<#>  78670 is your Flipkart code. Valid 5 min. hA8sk2Lqp3,OTP
143040 is your OTP for Paytm login. Valid for 15 minutes. Do not share with anyone.,OTP
Salary of Rs.50714 credited to A/c XX7473. Avl Bal: Rs.19118. -Axis Bank,Bank
RS.82718 CREDITED TO A/C XX3851 ON 12-01-26. AVL BAL: RS.36189. -PNB,Bank
Swiggy Big Billion Days! Up to 50% off + extra 10% with PNB cards Hurry!,Promo
"Hey, my new number is 5368737739. Save it! Meet at noon?",Personal
"HEY, MY NEW NUMBER IS 04129445581. SAVE IT! MEET AT 6PM?",Personal
G-781339  is your Google verification code.,OTP
  EMI of Rs.63158 due on 24-01-26 for loan A/c XX9221. Pay now to avoid charges. -HDFC Bank,Bank
use 874245 to complete your bigbasket registration. valid till 15 mins.,OTP
Coupon 8112 gives you free delivery on orders above Rs.3630. -Swiggy,Promo
pay rs.1235 on delivery for order od829847416. -delhivery,Delivery
Your SIM will be deactivated in 24hrs. Verify Aadhaar: bit.ly/OyCmiu,Spam
Last day! BigBasket clearance sale ends tonight. Up to 20% off sitewide.,Promo
744297 is your OTP for Flipkart login. Valid for 10 minutes. Do not share with anyone.,OTP
Low  balance alert: A/c XX9333 balance is Rs.285590. Maintain min balance to avoid charges.,Bank
695683 - use this to sign in Never share this code with anyone,OTP
Your  OTP is 105385. Use it to verify your Amazon account. Expires in 10 min.,OTP
Confirmation code 862226 for Zomato. Keep it private.,OTP
Flat Rs.770 cashback on ur next order at BigBasket. Use code SAVE36. Valid till 01 Jul.,Promo
G-47826 is your Google verification code.,OTP
  Confirmation code 482592 for Paytm. Keep it private.,OTP
Delivery attempt failed for order OD7167288372. We will retry tomorrow. -XpressBees,Delivery
Salary of Rs.52401 credited to A/c XX6904 Avl Bal: Rs.296467 -HDFC Bank,Bank
Last day! Meesho clearance sale ends tonight Up to 10% off sitewide,Promo
DEAR CUSTOMER UR AXIS BANK ACCOUNT WILL BE BLOCKED! UPDATE KYC NOW: BIT.LY/RHBWPL,Spam
Exclusive for you! Buy 1 Get 1 FREE at Amazon Limited period offer Visit bitly/xfWulv,Promo
Your BigBasket membership expires soon. Renew now & save 50%: bit.ly/lGVfbr,Promo
  Delivery attempt failed for order OD7324937805. We will retry tomorrow. -BlueDart,Delivery
Your  order OD9949366798 from Zomato is arriving tomorrow. Keep Rs.1487 ready for COD.,Delivery
your credit card xx8880 statement is ready. total due: rs.82620. min due: rs.2666. -sbi,Bank
Dear customer ur SBI account will be blocked! Update KYC now: bit.ly/flzJnj,Spam
ALERT: Rs.88715 withdrawn from ATM using card XX8579 on 23-01-26. Bal: Rs.87847. -HDFC Bank,Bank
Interest of Rs.72287 credited to your FD A/c XX9395. -HDFC Bank,Bank
myntra: 475653 is your login otp. it expires in 5 minutes.,OTP
Low balance alert: A/c XX1128 balance is Rs.378724. Maintain min balance to avoid charges.,Bank
  OTP for delivery of order OD7125703784 is 1979. Share only with the delivery agent. -Ekart,Delivery
Interest of Rs.60414 credited to your FD A/c XX2406. -SBI,Bank
Delivered! Your Flipkart order OD7571302645 was delivered on 01 Jul. Rate your experience: bit.ly/irnENB,Delivery
"Class shifted to room 2900, come fast",Personal
"Never  share your OTP, PIN or CVV. HDFC Bank never asks for these. Stay safe.",Bank
order od2751206839 packed and ready! expected dispatch by 04 jul. -bigbasket,Delivery
528738  is your BigBasket security code. Anyone asking for it is a scammer.,OTP
your otp is 409286. use it to verify your meesho account. expires in 5 min.,OTP
67491 IS YOUR OTP FOR PAYTM LOGIN. VALID FOR 15 MINUTES. DO NOT SHARE WITH ANYONE.,OTP
Delivered! Ur Amazon order OD8364254269 was delivered on 03 Jul. Rate ur experience: bit.ly/CbRNYn,Delivery
YOUR A/C XX2068 IS DEBITED WITH RS.38161 ON 31-05-26. INFO: UPI-EDHITHA. BAL: RS.146068,Bank
Last day! Meesho clearance sale ends tonight. Up to 50% off sitewide. T&C apply,Promo
Use 87129 to complete your ICICI Bank registration. Valid till 30 mins.,OTP
Exclusive for you! Buy 1 Get 1 FREE at BigBasket. Limited period offer. Visit bit.ly/bnUfJZ,Promo
Use 8962 to complete your Netflix registration. Valid till 15 mins.,OTP
YOUR OTP IS 524545. USE IT TO VERIFY YOUR UBER ACCOUNT. EXPIRES IN 30 MIN.,OTP
  Congratulations! You won Rs.1281297 in lucky draw. Claim: bit.ly/swWGDI,Spam
Interest  of Rs.31679 credited to your FD A/c XX9541. -PNB,Bank
  Delivery attempt failed for order OD2578059871. We will retry tomorrow. -BlueDart,Delivery
Myntra Big Billion Days! Up to 10% off + extra 10% with SBI cards. Hurry! STOP to opt out,Promo
Recharge with Rs.968 & get 70% extra talktime. Offer valid today only!,Promo
Rs.83689  credited to A/c XX8890 on 06-01-26. Avl Bal: Rs.282189. -Kotak,Bank
enter 350391 to verify your mobile number for kotak.,OTP
ola: 787050 is your login otp. it expires in 2 minutes.,OTP
Rs.33057 debited from A/c XX3203 on 03-07-26 to Rachit. Avl Bal: Rs.301426. -PNB,Bank
Your one time password is 733829 for Ola. Please do not share it. T&C apply,OTP
Tap to verify: 556812. This code expires shortly.,OTP
<#> 500812 is your Kotak code. Valid 2 min. hA8sk2Lqp3,OTP
Your return pickup for order OD4938547303 is scheduled on 02 Jul. Keep the item ready. -Amazon,Delivery
INR 28891 credited to A/c XX4579 on 03-07-26. Avl Bal: INR 297441. -PNB,Bank
Interest of Rs.58231 credited to your FD A/c XX2679 -SBI,Bank
OTP for delivery of order OD2715950764 is 6632. Share only with the delivery agent. -XpressBees,Delivery
Your Amazon membership expires soon. Renew now & save 20%: bit.ly/CQMXfH,Promo
Delivery attempt failed for order OD2418493295. We will retry tomorrow. -XpressBees T&C apply,Delivery
Recharge with Rs.911 & get 70% extra talktime. Offer valid today only!,Promo
Your BigBasket membership expires soon. Renew now & save 50%: bit.ly/gutnbQ,Promo
Delivered! Your Amazon order OD5566558105 was delivered on 03 Jul. Rate your experience: bit.ly/twvvoh -TM,Delivery
Ur return pickup for order OD3675376722 is scheduled on 03 Jul. Keep the item ready. -Swiggy,Delivery
OTP:  106731 for txn of Rs.27883 at PNB. Do not share. -PNB,OTP
Your Uber code: 844051,OTP
Flat Rs.1187 cashback on your next order at Amazon. Use code SAVE68. Valid till 02 Jul.,Promo
Dear customer ur ICICI Bank account will be blocked! Update KYC now: bit.ly/xPRnvP,Spam
Rs.80111 debited from A/c XX7446 on 22-06-26 to Zashil. Avl Bal: Rs.465979. -HDFC Bank,Bank
Your A/c XX2656 is debited with Rs.28684 on 09-01-26. Info: UPI-Wridesh. Bal: Rs.150959,Bank
Delivered! Your Amazon order OD6581109079 was delivered on 04 Jul. Rate your experience: bit.ly/jeBGoU,Delivery
Interest of Rs.63875 credited to your FD A/c XX8558. -Kotak,Bank
  Tara from DTDC is arriving with your package. Contact: 08544535374,Delivery
Exclusive for you! Buy 1 Get 1 FREE at Swiggy. Limited period offer. Visit bit.ly/QQzUBy,Promo
EMI of Rs.4979 due on 13-04-26 for loan A/c XX3145. Pay now to avoid charges. -Kotak,Bank
Dear customer ur Kotak account will be blocked! Update KYC now: bit.ly/UFvjgs,Spam
Exclusive for you! Buy 1 Get 1 FREE at Swiggy. Limited period offer. Visit bit.ly/ixgPdt,Promo
Your one time password is 281749 for Kotak Please do not share it,OTP
"  Class shifted to room 7482, come fast",Personal
Rs.10853 debited from A/c XX4315 on 09-04-26 to Abeer. Avl Bal: Rs.384450. -Kotak,Bank
LAST DAY! BIGBASKET CLEARANCE SALE ENDS TONIGHT. UP TO 40% OFF SITEWIDE.,Promo
Salary of Rs.35780 credited to A/c XX3632. Avl Bal: Rs.182712. -PNB,Bank
Your Meesho membership expires soon. Renew now & save 60%: bit.ly/NdoSRE,Promo
Use 731850 to complete your Uber registration. Valid till 10 mins.,OTP
Flipkart: 678800 is your login OTP. It expires in 10 minutes.,OTP
INR 45214 debited from A/c XX2133 on 26-05-26 to Ikbal. Avl Bal: INR 231859. -PNB,Bank
Rs.98702  debited from A/c XX3139 on 30-03-26 to Gautam. Avl Bal: Rs.45246. -ICICI Bank,Bank
"hi barkha, unlock rs.235 off your first order at amazon with code new46.",Promo
Flipkart: Your cart misses you! Complete purchase now & get 50% off. bit.ly/bBGfYD STOP to opt out,Promo
817801  - use this to sign in. Never share this code with anyone.,OTP
Confirmation code 336900 for ICICI Bank. Keep it private.,OTP
Amazon Big Billion Days! Up to 70% off + extra 10% with PNB cards. Hurry!,Promo
Your Uber code: 4114,OTP
374133 is your Uber security code. Anyone asking for it is a scammer.,OTP
731778 is your OTP for Meesho login. Valid for 2 minutes. Do not share with anyone.,OTP
Interest of Rs.61372 credited to your FD A/c XX9284 -Axis Bank,Bank
Enter 941753 to verify your mobile number for Amazon.,OTP
109775 is your Uber security code. Anyone asking for it is a scammer.,OTP
<#> 922630 is your Zomato code. Valid 5 min. hA8sk2Lqp3,OTP
Rs.71242 debited from A/c XX5382 on 22-01-26 to Idika. Avl Bal: Rs.261779. -SBI,Bank
Interest of Rs.12228 credited to your FD A/c XX6793. -SBI,Bank
Enter 19008 to verify your mobile number for BigBasket.,OTP
amazon: 221965 is your login otp. it expires in 30 minutes.,OTP
EMI of Rs.61797 due on 26-04-26 for loan A/c XX2195. Pay now to avoid charges. -BOB,Bank
your one time password is 631953 for kotak. please do not share it.,OTP
Flipkart:  Your cart misses you! Complete purchase now & get 70% off. bit.ly/UzMpUi,Promo
Your return pickup for order OD7817283214 is scheduled on 04 Jul. Keep the item ready. -Swiggy,Delivery
Rs.6075 credited to A/c XX1889 on 27-06-26. Avl Bal: Rs.249018. -HDFC Bank,Bank
COUPON 2682 GIVES YOU FREE DELIVERY ON ORDERS ABOVE RS.2014. -MEESHO,Promo
Low balance alert: A/c XX4279 balance is Rs.214539. Maintain min balance to avoid charges.,Bank
OTP for delivery of order OD4072474412 is 8446. Share only with the delivery agent. -DTDC,Delivery
17316 - use this code to sign in to pnb. never share it with anyone.,OTP
480753 - use this code to sign in to Netflix. Never share it with anyone.,OTP
EMI of Rs.90529 due on 06-06-26 for loan A/c XX8196. Pay now to avoid charges. -SBI,Bank
364326 - use this to sign in. Never share this code with anyone.,OTP
Salary of Rs.29103 credited to A/c XX9641. Avl Bal: Rs.10122. -PNB,Bank
your sim will be deactivated in 24hrs. verify aadhaar: bit.ly/rzewnc,Spam
IRCTC: 315156 is your login OTP. It expires in 2 minutes.,OTP
Order OD5256877754 packed and ready! Expected dispatch by 04 Jul. -BigBasket,Delivery
Recharge  with Rs.1671 & get 70% extra talktime. Offer valid today only!,Promo
UPI payment of Rs.71196 to Ishanvi successful. UPI Ref: 723142003341. -Axis Bank,Bank
Your SIM will be deactivated in 24hrs. Verify Aadhaar: bit.ly/eZetIg,Spam
725805 is your verification code for Ola. Never share your OTP.,OTP
Confirmation code 218358 for Swiggy. Keep it private.,OTP
delivered! your swiggy order od6492055932 was delivered on 02 jul. rate your experience: bit.ly/wnfgtm,Delivery
"Never share your OTP, PIN or CVV. BOB never asks for these. Stay safe.",Bank
<#> 77449 is your myntra code. valid 2 min. ha8sk2lqp3,OTP
Dear customer ur Kotak account will be blocked! Update KYC now: bitly/xzYRUy,Spam
XpressBees: Shipment OD8065194821 reached your city hub. Expected delivery: 04 Jul.,Delivery
Zomato Big Billion Days! Up to 10% off + extra 10% with SBI cards. Hurry!,Promo
Exclusive for you! Buy 1 Get 1 FREE at Amazon Limited period offer Visit bitly/llkxIB,Promo
  Your order OD2204190246 from BigBasket is arriving tomorrow. Keep Rs.4332 ready for COD.,Delivery
Last day! BigBasket clearance sale ends tonight. Up to 10% off sitewide.,Promo
476925 is your OTP for HDFC Bank login Valid for 5 minutes Do not share with anyone,OTP
"Hi Charvi, unlock Rs.1525 off your first order at Amazon with code NEW80.",Promo
your otp is 428826. use it to verify your amazon account. expires in 10 min.,OTP
"  Hey, my new number is 08469809242. Save it! Meet at 8?",Personal
UPI payment of Rs.57645 to Anmol successful. UPI Ref: 499062349193. -Axis Bank,Bank
Exclusive for you! Buy 1 Get 1 FREE at BigBasket Limited period offer Visit bitly/jyTeVs,Promo
UPI payment of Rs.88632 to Ishani successful UPI Ref: 541974196706 -Kotak,Bank
Your A/c XX2174 is debited with Rs.18318 on 25-02-26 Info: UPI-Ridhi Bal: Rs.53592,Bank
Your A/c XX6428 is debited with Rs.58294 on 08-05-26. Info: UPI-Chandran. Bal: Rs.394261,Bank
Your  Uber code: 8234,OTP
Your return pickup for order OD1179115014 is scheduled on 03 Jul. Keep the item ready. -Zomato,Delivery
BIGBASKET: YOUR CART MISSES YOU! COMPLETE PURCHASE NOW & GET 20% OFF. BIT.LY/AWEHTP,Promo
Delhivery: Shipment OD2543846376 reached your city hub. Expected delivery: 04 Jul.,Delivery
Dear customer ur HDFC Bank account will be blocked! Update KYC now: bit.ly/LoMomJ -TM,Spam
Cheque no. 833555157193 for INR 48737 has been cleared from A/c XX3645. -ICICI Bank,Bank
Meesho: Your cart misses you! Complete purchase now & get 40% off. bit.ly/qugMlQ,Promo
OTP: 89965 for txn of Rs.35300 at ICICI Bank. Do not share. -HDFC Bank,OTP
"Hey, my new number is +913626136852. Save it! Meet at noon?",Personal
Your one time password is 880954 for SBI. Please do not share it.,OTP
BlueDart:  Shipment OD5887950063 reached your city hub. Expected delivery: 03 Jul.,Delivery
"Never  share your OTP, PIN or CVV. SBI never asks for these. Stay safe.",Bank
Your return pickup for order OD9506500745 is scheduled on 01 Jul. Keep the item ready. -Zomato,Delivery
836951 is your SBI security code. Anyone asking for it is a scammer.,OTP
YOUR MYNTRA MEMBERSHIP EXPIRES SOON. RENEW NOW & SAVE 70%: BIT.LY/OOYVVA,Promo
Use code 5846 at checkout for 50% off at Zomato! STOP to opt out,Promo
Your credit card XX2419 statement is ready Total due: Rs.58404 Min due: Rs.3805 -Axis Bank,Bank
  Use code 2267 at checkout for 25% off at Flipkart!,Promo
  UPI payment of Rs.5121 to Nitesh successful. UPI Ref: 126545160666. -Axis Bank,Bank
"hi chaitanya, unlock rs.1983 off your first order at swiggy with code new53.",Promo
CHEQUE NO. 745696477996 FOR RS.605 HAS BEEN CLEARED FROM A/C XX1459. -HDFC BANK,Bank
INTEREST OF RS.68319 CREDITED TO YOUR FD A/C XX3327. -PNB,Bank
Coupon 6179 gives you free delivery on orders above Rs.3201. -Flipkart,Promo
Salary of Rs.25057 credited to A/c XX4885. Avl Bal: Rs.399963. -SBI,Bank
MEGA  SALE! Get 70% OFF on all products at Myntra. Shop now: bit.ly/pcoBtB T&C apply.,Promo
"Hi Chandran, unlock Rs.1203 off your first order at BigBasket with code NEW13. T&C apply",Promo
Exclusive for you! Buy 1 Get 1 FREE at Swiggy. Limited period offer. Visit bit.ly/PLYHEj STOP to opt out,Promo
Order  OD3792015331 packed and ready! Expected dispatch by 03 Jul. -Flipkart,Delivery
1513 is your OTP for Swiggy login. Valid for 2 minutes. Do not share with anyone. STOP to opt out,OTP
Your OTP is 873964. Use it to verify your Zomato account. Expires in 15 min.,OTP
  Your Swiggy code: 147783,OTP
  Your credit card XX5304 statement is ready. Total due: Rs.3311. Min due: Rs.1608. -Kotak,Bank
DTDC: Shipment OD3927131911 reached ur city hub. Expected delivery: 03 Jul.,Delivery
<#> 570812 is your GPay code. Valid 5 min. hA8sk2Lqp3,OTP
ALERT: Rs.62258 withdrawn from ATM using card XX2406 on 30-06-26. Bal: Rs.277855. -HDFC Bank,Bank
"  Class shifted to room 6971, come fast",Personal
Pay Rs.1470 on delivery for order OD361635204. -BlueDart,Delivery
354018 is your OTP for Uber login. Valid for 30 minutes. Do not share with anyone.,OTP
Your order OD7845304138 from Swiggy is arriving tomorrow. Keep Rs.4634 ready for COD. T&C apply,Delivery
EMI of Rs.44196 due on 21-06-26 for loan A/c XX4931. Pay now to avoid charges. -PNB,Bank
G-655609  is your Google verification code.,OTP
congratulations! you won rs.1830509 in lucky draw. claim: bit.ly/orztzw,Spam
  <#> 845814 is your HDFC Bank code. Valid 5 min. hA8sk2Lqp3,OTP
963634 - use this code to sign in to PhonePe. Never share it with anyone. STOP to opt out,OTP
Flat Rs.1856 cashback on your next order at Swiggy Use code SAVE65 Valid till 01 Jul,Promo
YOUR RETURN PICKUP FOR ORDER OD5953781367 IS SCHEDULED ON 04 JUL. KEEP THE ITEM READY. -MYNTRA,Delivery
"bro send me rs.2839 on gpay, will return by 01 jul",Personal
Rs.66435 debited from A/c XX5532 on 30-04-26 to Simon. Avl Bal: Rs.124833. -Kotak,Bank
Exclusive for you! Buy 1 Get 1 FREE at Zomato. Limited period offer. Visit bit.ly/uCHAgo,Promo
EMI OF RS.90035 DUE ON 24-05-26 FOR LOAN A/C XX8025. PAY NOW TO AVOID CHARGES. -SBI,Bank
ALERT:  Rs.50512 withdrawn from ATM using card XX4672 on 01-05-26. Bal: Rs.436065. -Kotak,Bank
weekend special at zomato! min 20% off on everything. don't miss out: bit.ly/djemhq,Promo
299236 is your verification code for Swiggy Never share your OTP,OTP
Your OTP is 20789. Use it to verify your Swiggy account. Expires in 5 min.,OTP
Order OD8895362323 packed and ready! Expected dispatch by 01 Jul. -Swiggy,Delivery
Your Uber code: 5230,OTP
Cheque no. 963156379908 for Rs.37409 has been cleared from A/c XX4643. -Kotak,Bank
Vasatika from DTDC is arriving with your package Contact: 6788593430,Delivery
Your Amazon membership expires soon. Renew now & save 20%: bit.ly/LoBmRX,Promo
WEEKEND SPECIAL AT AMAZON! MIN 80% OFF ON EVERYTHING. DON'T MISS OUT: BIT.LY/GSIAOL,Promo
Order OD8741732734 packed and ready! Expected dispatch by 03 Jul. -Flipkart,Delivery
"HI AARUSH, UNLOCK RS.196 OFF YOUR FIRST ORDER AT MYNTRA WITH CODE NEW68.",Promo
Your  return pickup for order OD5755033220 is scheduled on 04 Jul. Keep the item ready. -BigBasket,Delivery
FLIPKART BIG BILLION DAYS! UP TO 80% OFF + EXTRA 10% WITH SBI CARDS. HURRY!,Promo
  Order OD5215693530 packed and ready! Expected dispatch by 02 Jul. -Zomato,Delivery
Myntra Big Billion Days! Up to 40% off + extra 10% with SBI cards. Hurry! -TM,Promo
Salary of Rs.65619 credited to A/c XX1745. Avl Bal: Rs.447395. -PNB,Bank
Your  one time password is 689085 for Ola. Please do not share it.,OTP
  238753 - use this to sign in. Never share this code with anyone.,OTP
Your credit card XX1234 statement is ready. Total due: INR 32082. Min due: INR 2763. -Axis Bank,Bank
Your SIM will be deactivated in 24hrs Verify Aadhaar: bitly/voTmoE,Spam
Out for delivery: Your Swiggy package OD2957676486 will arrive today by 12 PM -DTDC,Delivery
Confirmation code 750253 for Kotak. Keep it private.,OTP
Enter  391151 to verify your mobile number for Hotstar.,OTP
WEEKEND SPECIAL AT FLIPKART! MIN 70% OFF ON EVERYTHING. DON'T MISS OUT: BIT.LY/XXIPPH,Promo
Your order OD4795485328 from Flipkart is arriving tomorrow. Keep Rs.1345 ready for COD.,Delivery
Salary of Rs.54166 credited to A/c XX2222. Avl Bal: Rs.418850. -Axis Bank,Bank
YOUR AMAZON MEMBERSHIP EXPIRES SOON. RENEW NOW & SAVE 70%: BIT.LY/WURNDB,Promo
"  Hi Jalsa, unlock Rs.1865 off your first order at BigBasket with code NEW41.",Promo
MEGA SALE! Get 10% OFF on all products at Meesho. Shop now: bit.ly/sZMcAC T&C apply.,Promo
ALERT: Rs.70080 withdrawn from ATM using card XX7365 on 23-04-26. Bal: Rs.467993. -ICICI Bank,Bank
<#> 99151 is your IRCTC code Valid 30 min hA8sk2Lqp3,OTP
Rs.91239 debited from A/c XX8920 on 18-01-26 to Michael. Avl Bal: Rs.445309. -PNB,Bank
Your order OD6540375309 from Zomato is arriving tomorrow Keep Rs.3532 ready for COD,Delivery
zomato big billion days! up to 60% off + extra 10% with bob cards. hurry!,Promo
Use  174725 to complete your Swiggy registration. Valid till 5 mins.,OTP
Flat Rs.274 cashback on your next order at Swiggy. Use code SAVE89. Valid till 01 Jul.,Promo
Bachittar from BlueDart is arriving with your package. Contact: +918789285766,Delivery
your a/c xx3385 is debited with rs.43999 on 21-02-26. info: upi-anika. bal: rs.329772,Bank
"Class shifted to room 3794, come fast -TM",Personal
YOUR ONE TIME PASSWORD IS 453214 FOR UBER. PLEASE DO NOT SHARE IT.,OTP
Your SIM will be deactivated in 24hrs Verify Aadhaar: bitly/dRXhjw,Spam
  Your OTP is 689439. Use it to verify your Meesho account. Expires in 30 min.,OTP
Your credit card XX3359 statement is ready. Total due: Rs.81672. Min due: Rs.1903. -ICICI Bank,Bank
545674 is your OTP for PNB login Valid for 30 minutes Do not share with anyone,OTP
OTP: 632890 for txn of Rs.28886 at Flipkart. Do not share. -ICICI Bank STOP to opt out,OTP
  Zomato: Your cart misses you! Complete purchase now & get 30% off. bit.ly/avnTSR,Promo
<#> 215521 is ur Myntra code. Valid 2 min. hA8sk2Lqp3,OTP
Your  ICICI Bank code: 537738,OTP
  Your order OD6710783490 from BigBasket is arriving tomorrow. Keep Rs.4730 ready for COD.,Delivery
XpressBees: Shipment OD1469378873 reached your city hub. Expected delivery: 02 Jul. STOP to opt out,Delivery
566844  - use this code to sign in to BigBasket. Never share it with anyone.,OTP
"Hi Harrison, unlock Rs.1819 off your first order at Amazon with code NEW89. STOP to opt out",Promo
dtdc: shipment od4893738117 reached your city hub. expected delivery: 03 jul.,Delivery
438317 - use this to sign in. Never share this code with anyone.,OTP
Low balance alert: A/c XX5043 balance is Rs.100637. Maintain min balance to avoid charges.,Bank
Order OD4660953920 packed and ready! Expected dispatch by 04 Jul. -Amazon,Delivery
RS.65564 DEBITED FROM A/C XX7727 ON 27-06-26 TO HREDHAAN. AVL BAL: RS.390612. -SBI,Bank
OTP for delivery of order OD3011752971 is 6315 Share only with the delivery agent -BlueDart,Delivery
Your Uber code: 5195,OTP
ALERT: RS.27785 WITHDRAWN FROM ATM USING CARD XX6894 ON 21-03-26. BAL: RS.138540. -SBI,Bank
211036 is your verification code for Meesho. Never share your OTP.,OTP
YOUR PAYTM CODE: 419185,OTP
Cheque no. 526458416661 for INR 31640 has been cleared from A/c XX9319. -PNB,Bank
Your return pickup for order OD5858309684 is scheduled on 03 Jul. Keep the item ready. -Flipkart,Delivery
"never share your otp, pin or cvv. icici bank never asks for these. stay safe.",Bank
<#> 609359 is your GPay code Valid 15 min hA8sk2Lqp3,OTP
Rs.79254 credited to A/c XX2286 on 08-02-26. Avl Bal: Rs.11959. -SBI,Bank
  Wriddhish from Ekart is arriving with your package. Contact: +913558657915,Delivery
"class shifted to room 1278, come fast",Personal
OTP-based login was enabled for ur A/c XX4429. Call PNB if this wasn't you.,Bank
exclusive for you! buy 1 get 1 free at zomato. limited period offer. visit bit.ly/ladqjw,Promo
Delivery attempt failed for order OD1154274531. We will retry tomorrow. -Delhivery,Delivery
Out for delivery: Your Zomato package OD6391403220 will arrive today by 12 PM. -XpressBees,Delivery
Use code 1554 at checkout for 50% off at BigBasket!,Promo
OTP-based login was enabled for your A/c XX1035. Call HDFC Bank if this wasn't you.,Bank
your credit card xx4210 statement is ready. total due: rs.58403. min due: rs.3453. -hdfc bank,Bank
Flipkart  Big Billion Days! Up to 50% off + extra 10% with BOB cards. Hurry!,Promo
Delivery attempt failed for order OD6869326597. We will retry tomorrow. -Delhivery,Delivery
Delhivery: Shipment OD2700050300 reached your city hub. Expected delivery: 04 Jul.,Delivery
Your credit card XX1339 statement is ready Total due: Rs.57324 Min due: Rs.2705 -Axis Bank,Bank
<#> 163827 is your icici bank code. valid 15 min. ha8sk2lqp3,OTP
Your credit card XX1363 statement is ready. Total due: Rs.18822. Min due: Rs.3640. -HDFC Bank,Bank
flat rs.1276 cashback on your next order at amazon. use code save89. valid till 01 jul.,Promo
<#> 67956 is your Axis Bank code. Valid 5 min. hA8sk2Lqp3 STOP to opt out,OTP
"Bro send me Rs.4152 on gpay, will return by 02 Jul",Personal
Exclusive for you! Buy 1 Get 1 FREE at Myntra. Limited period offer. Visit bit.ly/SywQcE,Promo
202992 is your Uber security code. Anyone asking for it is a scammer.,OTP
FLAT RS.881 CASHBACK ON YOUR NEXT ORDER AT SWIGGY. USE CODE SAVE66. VALID TILL 03 JUL.,Promo
Your Amazon membership expires soon. Renew now & save 70%: bit.ly/pRPVQP,Promo
PNB: 852566 is your login OTP. It expires in 30 minutes.,OTP
UPI payment of Rs.43448 to Chakrika successful. UPI Ref: 861478733364. -PNB,Bank
  ALERT: Rs.59489 withdrawn from ATM using card XX8323 on 01-05-26. Bal: Rs.158301. -ICICI Bank,Bank
373533 is your verification code for sbi. never share your otp.,OTP
  Your SIM will be deactivated in 24hrs. Verify Aadhaar: bit.ly/hmtemi,Spam
"Hi Alka, unlock Rs.1593 off your first order at Zomato with code NEW40. T&C apply",Promo
OTP: 68964 for txn of Rs.39702 at Myntra. Do not share. -PNB,OTP
"Bro send me Rs.842 on gpay, will return by 02 Jul",Personal
EXCLUSIVE FOR YOU! BUY 1 GET 1 FREE AT SWIGGY. LIMITED PERIOD OFFER. VISIT BIT.LY/BQCKVL,Promo
Your order OD6133418305 from Meesho is arriving tomorrow. Keep INR 4660 ready for COD.,Delivery
OUT FOR DELIVERY: YOUR ZOMATO PACKAGE OD4426624912 WILL ARRIVE TODAY BY 12 PM. -BLUEDART,Delivery
BigBasket Big Billion Days! Up to 20% off + extra 10% with HDFC Bank cards. Hurry!,Promo
COUPON 1117 GIVES YOU FREE DELIVERY ON ORDERS ABOVE RS.1279. -SWIGGY,Promo
OTP  for delivery of order OD3905669643 is 8079. Share only with the delivery agent. -Ekart,Delivery
PAY RS.2977 ON DELIVERY FOR ORDER OD807493883. -XPRESSBEES,Delivery
GPay: 491682 is your login OTP. It expires in 30 minutes. T&C apply,OTP
Out for delivery: Your Myntra package OD5548898878 will arrive today by 3 PM. -XpressBees,Delivery
  Use code 9914 at checkout for 25% off at Swiggy!,Promo
"Class shifted to room 4909, come fast",Personal
Delivered! Your Amazon order OD7598414912 was delivered on 02 Jul. Rate your experience: bit.ly/njqkXq,Delivery
ALERT: Rs.46597 withdrawn from ATM using card XX6442 on 11-01-26. Bal: Rs.333564. -PNB,Bank
salary of rs.30264 credited to a/c xx3968. avl bal: rs.444461. -hdfc bank,Bank
Low balance alert: A/c XX6938 balance is Rs.378322. Maintain min balance to avoid charges.,Bank
tap to verify: 934355. this code expires shortly.,OTP
681761 - use this code to sign in to GPay. Never share it with anyone.,OTP
Your Zomato code: 317584,OTP
Your  BigBasket membership expires soon. Renew now & save 50%: bit.ly/UhiPXO,Promo
Work from home! Earn Rs.1124696/month Join: bitly/SHEwMN,Spam
Dear customer ur SBI account will be blocked! Update KYC now: bit.ly/xmNLnh,Spam
Tap to verify: 445197. This code expires shortly.,OTP
Last day! Swiggy clearance sale ends tonight. Up to 20% off sitewide.,Promo
Use code 1491 at checkout for 10% off at Meesho!,Promo
EMI of Rs.22367 due on 16-02-26 for loan A/c XX1629 Pay now to avoid charges -Kotak,Bank
confirmation code 20262 for paytm. keep it private.,OTP
781560 - use this to sign in. Never share this code with anyone.,OTP
OTP: 831372 for txn of Rs.10783 at BigBasket. Do not share. -SBI -TM,OTP
Low balance alert: A/c XX1485 balance is Rs.186840. Maintain min balance to avoid charges. T&C apply,Bank
Your A/c XX3400 is debited with Rs.9035 on 02-01-26. Info: UPI-Daksha. Bal: Rs.41371,Bank
"HEY, MY NEW NUMBER IS +919806984921. SAVE IT! MEET AT 8?",Personal
UPI payment of Rs.2203 to Shivani successful. UPI Ref: 380704361004. -Kotak,Bank
Exclusive for you! Buy 1 Get 1 FREE at Swiggy. Limited period offer. Visit bit.ly/gZmQwO,Promo
exclusive for you! buy 1 get 1 free at myntra. limited period offer. visit bit.ly/eaxneb,Promo
rs.65296 debited from a/c xx5955 on 01-06-26 to yasti. avl bal: rs.88301. -kotak,Bank
Your order OD7434659565 from BigBasket is arriving tomorrow Keep Rs.1778 ready for COD,Delivery
IRCTC: 267337 is your login OTP. It expires in 10 minutes.,OTP
Delivered! Your Flipkart order OD2629236347 was delivered on 03 Jul. Rate your experience: bit.ly/cbrtuI,Delivery
your a/c xx1756 is debited with rs.57377 on 20-03-26. info: upi-upasna. bal: rs.340866,Bank
Order OD2465941650 packed and ready! Expected dispatch by 02 Jul -Amazon,Delivery
Your A/c XX1989 is debited with INR 325 on 21-06-26. Info: UPI-Caleb. Bal: INR 495156,Bank
Cheque no. 233976390884 for Rs.30863 has been cleared from A/c XX8865. -PNB,Bank
Ur OTP is 836003. Use it to verify ur SBI account. Expires in 15 min.,OTP
Rs.61028 debited from A/c XX4998 on 05-05-26 to Lila Avl Bal: Rs.415170 -BOB,Bank
Use code 8296 at checkout for 10% off at Amazon!,Promo
your zomato code: 490651,OTP
ALERT: RS.57014 WITHDRAWN FROM ATM USING CARD XX9684 ON 24-06-26. BAL: RS.207336. -SBI,Bank
Ekart: Shipment OD4060075567 reached ur city hub. Expected delivery: 01 Jul.,Delivery
ALERT:  Rs.82026 withdrawn from ATM using card XX5702 on 06-01-26. Bal: Rs.395229. -BOB,Bank
your bigbasket order od6672518843 has been shipped via xpressbees. track: bit.ly/puzxod,Delivery
EMI of Rs.52734 due on 27-02-26 for loan A/c XX1188. Pay now to avoid charges. -Kotak,Bank
ALERT: Rs.57133 withdrawn from ATM using card XX4648 on 08-05-26. Bal: Rs.195127. -Kotak,Bank
"Never share your OTP, PIN or CVV. BOB never asks for these. Stay safe.",Bank
BigBasket Big Billion Days! Up to 60% off + extra 10% with ICICI Bank cards. Hurry!,Promo
"Hi Pooja, unlock INR 1693 off your first order at Zomato with code NEW43.",Promo
Work from home! Earn Rs.2154439/month. Join: bit.ly/NNmqMz,Spam
OTP-based login was enabled for your A/c XX9129. Call Axis Bank if this wasn't you.,Bank
  Rs.43802 debited from A/c XX9102 on 15-03-26 to Oliver. Avl Bal: Rs.125366. -PNB,Bank
OTP for delivery of order OD4961385853 is 8531 Share only with the delivery agent -DTDC,Delivery
Your Ola code: 122250,OTP
your uber code: 8341,OTP
rs.78018 credited to a/c xx6397 on 21-03-26. avl bal: rs.227386. -kotak,Bank
Tap  to verify: 784584. This code expires shortly.,OTP
Your Swiggy order OD6629332576 has been shipped via BlueDart. Track: bit.ly/GtFEHe,Delivery
Flat Rs.968 cashback on your next order at Amazon. Use code SAVE86. Valid till 02 Jul.,Promo
Cheque no. 969062796608 for INR 57957 has been cleared from A/c XX1378. -Axis Bank,Bank
enter 826863 to verify your mobile number for meesho.,OTP
Last day! Myntra clearance sale ends tonight. Up to 80% off sitewide. -TM,Promo
Rs.33753 debited from A/c XX2943 on 08-04-26 to Zayyan Avl Bal: Rs.143841 -PNB,Bank
Pay Rs.3229 on delivery for order OD109760186. -Delhivery,Delivery
"Never share your OTP, PIN or CVV. PNB never asks for these. Stay safe. -TM",Bank
Recharge with Rs.1318 & get 30% extra talktime. Offer valid today only!,Promo
OTP for delivery of order OD9558431984 is 8650. Share only with the delivery agent. -Ekart,Delivery
Coupon 5735 gives you free delivery on orders above Rs.353. -Amazon,Promo
Your  OTP is 452217. Use it to verify your BigBasket account. Expires in 10 min.,OTP
"Hi  Niharika, unlock Rs.1401 off your first order at Amazon with code NEW81.",Promo
Your GPay code: 417098,OTP
Flat Rs.325 cashback on your next order at Flipkart. Use code SAVE31. Valid till 03 Jul.,Promo
Interest  of Rs.61632 credited to your FD A/c XX3272. -Axis Bank,Bank
  G-572467 is your Google verification code.,OTP
Your order OD9044190654 from BigBasket is arriving tomorrow. Keep Rs.3725 ready for COD.,Delivery
<#> 243373 is your Flipkart code. Valid 5 min. hA8sk2Lqp3,OTP
  Out for delivery: Your Flipkart package OD1078462553 will arrive today by 6 PM. -XpressBees,Delivery
Ur one time password is 647880 for Paytm. Please do not share it.,OTP
Myntra: Ur cart misses you! Complete purchase now & get 10% off. bit.ly/vOsbMK,Promo
539862  is your verification code for Kotak. Never share your OTP.,OTP
6622  is your Swiggy security code. Anyone asking for it is a scammer.,OTP
269645 is ur verification code for ICICI Bank. Never share ur OTP.,OTP
UPI payment of Rs.52472 to Naksh successful. UPI Ref: 442064856499. -HDFC Bank,Bank
"HI JAGVI, UNLOCK RS.1167 OFF YOUR FIRST ORDER AT AMAZON WITH CODE NEW55.",Promo
XpressBees:  Shipment OD9887650131 reached your city hub. Expected delivery: 01 Jul.,Delivery
Interest of Rs.26538 credited to your FD A/c XX3495. -PNB,Bank
Dear  customer ur Axis Bank account will be blocked! Update KYC now: bit.ly/YFOiVQ,Spam
Delivery attempt failed for order OD5515482072. We will retry tomorrow. -XpressBees,Delivery
Ur one time password is 901757 for IRCTC. Please do not share it.,OTP
Out for delivery: Your Zomato package OD8760592203 will arrive today by 6 PM. -Ekart,Delivery
OTP: 739045 for txn of INR 40657 at Paytm. Do not share. -Axis Bank,OTP
Recharge with Rs.1015 & get 10% extra talktime Offer valid today only!,Promo
  Your Uber code: 7901,OTP
Recharge  with Rs.1611 & get 20% extra talktime. Offer valid today only!,Promo
Use 666533 to complete your ICICI Bank registration Valid till 5 mins,OTP
your credit card xx4654 statement is ready. total due: rs.49315. min due: rs.2596. -icici bank,Bank
  G-804987 is your Google verification code.,OTP
121866 - use this to sign in. Never share this code with anyone.,OTP
Flipkart Big Billion Days! Up to 80% off + extra 10% with SBI cards. Hurry!,Promo
  Interest of Rs.85799 credited to your FD A/c XX2325. -Kotak,Bank
Work from home! Earn Rs.1433642/month. Join: bit.ly/uVXoyL,Spam
XpressBees: Shipment OD1934248319 reached your city hub. Expected delivery: 04 Jul.,Delivery
Your Amazon order OD3501715375 has been shipped via Delhivery. Track: bit.ly/JGONot,Delivery
Salary of Rs.32889 credited to A/c XX3458. Avl Bal: Rs.378170. -PNB,Bank
Use  code 3304 at checkout for 25% off at Meesho!,Promo
425742 is your Paytm security code Anyone asking for it is a scammer,OTP
Your one time password is 508491 for Netflix Please do not share it,OTP
Last  day! Zomato clearance sale ends tonight. Up to 50% off sitewide.,Promo
Confirmation  code 702168 for Kotak. Keep it private.,OTP
Your  Amazon membership expires soon. Renew now & save 30%: bit.ly/ufumVA,Promo
"Class shifted to room 5857, come fast",Personal
OTP: 95532 FOR TXN OF RS.17941 AT IRCTC. DO NOT SHARE. -PNB,OTP
low balance alert: a/c xx3121 balance is rs.317900. maintain min balance to avoid charges.,Bank
SBI: 489464 IS YOUR LOGIN OTP. IT EXPIRES IN 5 MINUTES.,OTP
<#> 887681 is ur Myntra code. Valid 5 min. hA8sk2Lqp3,OTP
OTP for delivery of order OD5831039347 is 3741. Share only with the delivery agent. -Ekart,Delivery
last day! myntra clearance sale ends tonight. up to 70% off sitewide.,Promo
39004  is your verification code for Meesho. Never share your OTP.,OTP
UPI  payment of Rs.38957 to Forum successful. UPI Ref: 106990029994. -HDFC Bank,Bank
  ALERT: Rs.7665 withdrawn from ATM using card XX5163 on 18-05-26. Bal: Rs.191177. -PNB,Bank
Weekend special at Swiggy! Min 70% off on everything. Don't miss out: bit.ly/kOtLms,Promo
Salary of Rs.89796 credited to A/c XX5325. Avl Bal: Rs.444440. -PNB,Bank
Use code 7918 at checkout for 50% off at Amazon!,Promo
Work from home! Earn Rs.2075153/month. Join: bit.ly/tttNKR,Spam
Your  BigBasket order OD1741516265 has been shipped via Delhivery. Track: bit.ly/zWPhBA,Delivery
100541 is your otp for zomato login. valid for 15 minutes. do not share with anyone.,OTP
677725 - use this code to sign in to hotstar. never share it with anyone.,OTP
Your Uber code: 2187,OTP
MEGA SALE! Get 40% OFF on all products at Zomato. Shop now: bit.ly/cXDZAF T&C apply.,Promo
Your order OD3443488567 from Meesho is arriving tomorrow. Keep Rs.3569 ready for COD.,Delivery
Flipkart  Big Billion Days! Up to 10% off + extra 10% with SBI cards. Hurry!,Promo
Exclusive for you! Buy 1 Get 1 FREE at BigBasket. Limited period offer. Visit bit.ly/hvKQpG,Promo
MEGA SALE! Get 10% OFF on all products at Flipkart Shop now: bitly/hgmJBG T&C apply,Promo
YOUR OTP IS 813595. USE IT TO VERIFY YOUR MYNTRA ACCOUNT. EXPIRES IN 15 MIN.,OTP
  Flat Rs.924 cashback on your next order at Amazon. Use code SAVE99. Valid till 02 Jul.,Promo
exclusive for you! buy 1 get 1 free at myntra. limited period offer. visit bit.ly/jjfdxb,Promo
Weekend special at Meesho! Min 10% off on everything. Don't miss out: bit.ly/beaFYB,Promo
"Hi Jatin, unlock Rs.1200 off your first order at Amazon with code NEW87",Promo
  Congratulations! You won Rs.1981474 in lucky draw. Claim: bit.ly/nVPats,Spam
Your A/c XX4390 is debited with Rs.42369 on 11-05-26. Info: UPI-Finn. Bal: Rs.209234 -TM,Bank
Enter 853260 to verify your mobile number for SBI.,OTP
Rs.28278 credited to A/c XX4333 on 26-01-26. Avl Bal: Rs.318863. -SBI,Bank
49922 is your Kotak security code Anyone asking for it is a scammer,OTP
Ria from DTDC is arriving with your package Contact: 5430156653,Delivery
RECHARGE WITH RS.683 & GET 50% EXTRA TALKTIME. OFFER VALID TODAY ONLY!,Promo
<#> 903166 is your Swiggy code. Valid 15 min. hA8sk2Lqp3,OTP
Delivery attempt failed for order OD6080143657. We will retry tomorrow. -BlueDart,Delivery
G-457708 IS YOUR GOOGLE VERIFICATION CODE.,OTP
Confirmation  code 272993 for GPay. Keep it private.,OTP
263195 - use this to sign in. Never share this code with anyone.,OTP
  OTP: 145775 for txn of Rs.5091 at ICICI Bank. Do not share. -Axis Bank,OTP
Pay INR 4323 on delivery for order OD656531037. -Ekart,Delivery
pay rs.1937 on delivery for order od932175998. -xpressbees,Delivery
Your A/c XX2683 is debited with Rs.23484 on 10-04-26 Info: UPI-Zinal Bal: Rs.180859,Bank
OTP for delivery of order OD6219038084 is 6676. Share only with the delivery agent. -BlueDart,Delivery
Use code 2101 at checkout for 10% off at Zomato!,Promo
delhivery: shipment od6439565976 reached your city hub. expected delivery: 02 jul.,Delivery
"Hey, my new number is 1225952133. Save it! Meet at noon?",Personal
  625731 is your Flipkart security code. Anyone asking for it is a scammer.,OTP
Order OD9310627269 packed and ready! Expected dispatch by 04 Jul. -Meesho,Delivery
  Salary of Rs.87798 credited to A/c XX5168. Avl Bal: Rs.271018. -Axis Bank,Bank
Delivered! Your BigBasket order OD5851565498 was delivered on 01 Jul. Rate your experience: bit.ly/MoCXzn,Delivery
Order OD2999175891 packed and ready! Expected dispatch by 04 Jul -Flipkart,Delivery
  Salary of Rs.32819 credited to A/c XX8039. Avl Bal: Rs.290136. -BOB,Bank
OTP for delivery of order OD8522460721 is 9809. Share only with the delivery agent. -BlueDart,Delivery
Cheque no. 864976360730 for Rs.81082 has been cleared from A/c XX4764. -BOB,Bank
Weekend special at Swiggy! Min 50% off on everything Don't miss out: bitly/WDEHLd,Promo
Tap to verify: 623687. This code expires shortly.,OTP
low balance alert: a/c xx5017 balance is rs.399970. maintain min balance to avoid charges.,Bank
flipkart big billion days! up to 10% off + extra 10% with sbi cards. hurry!,Promo
Order OD6072799955 packed and ready! Expected dispatch by 03 Jul. -Flipkart -TM,Delivery
salary of rs.20871 credited to a/c xx3400. avl bal: rs.5753. -axis bank,Bank
Salary of Rs.33416 credited to A/c XX6892. Avl Bal: Rs.327217. -SBI,Bank
GPay: 627982 is your login OTP. It expires in 10 minutes.,OTP
"Bro send me Rs.2550 on gpay, will return by 03 Jul",Personal
"  Hi Abdul, unlock Rs.1521 off your first order at Swiggy with code NEW57.",Promo
Last day! BigBasket clearance sale ends tonight. Up to 10% off sitewide.,Promo
Salary  of Rs.23997 credited to A/c XX8105. Avl Bal: Rs.83433. -ICICI Bank,Bank
401910 - use this code to sign in to Uber. Never share it with anyone.,OTP
flat rs.1667 cashback on your next order at myntra. use code save18. valid till 02 jul.,Promo
UPI payment of Rs.2731 to Viraj successful. UPI Ref: 663531024349. -SBI T&C apply,Bank
Interest of Rs.50825 credited to your FD A/c XX4761. -Axis Bank,Bank
Exclusive for you! Buy 1 Get 1 FREE at BigBasket. Limited period offer. Visit bit.ly/wgePDe,Promo
Exclusive for you! Buy 1 Get 1 FREE at Myntra. Limited period offer. Visit bit.ly/mTKbsa,Promo
Coupon 5125 gives you free delivery on orders above Rs.1957. -Myntra,Promo
"hi chakradev, unlock rs.653 off your first order at myntra with code new30.",Promo
UPI payment of Rs.68477 to Bhanumati successful UPI Ref: 409276479022 -Axis Bank,Bank
Your OTP is 952393. Use it to verify your GPay account. Expires in 2 min. T&C apply,OTP
Rs.69408 credited to A/c XX8384 on 29-03-26. Avl Bal: Rs.230494. -HDFC Bank,Bank
delivered! your flipkart order od7676908742 was delivered on 01 jul. rate your experience: bit.ly/mutezx,Delivery
Your one time password is 52242 for Amazon. Please do not share it.,OTP
  Cheque no. 991780939900 for Rs.76064 has been cleared from A/c XX6003. -HDFC Bank,Bank
Rs.11721  debited from A/c XX9955 on 31-01-26 to Raksha. Avl Bal: Rs.86362. -HDFC Bank,Bank
Your A/c XX6059 is debited with Rs.70977 on 24-02-26. Info: UPI-Pahal. Bal: Rs.44386 -TM,Bank
Ur one time password is 131633 for Ola. Please do not share it.,OTP
Recharge with Rs.798 & get 80% extra talktime. Offer valid today only!,Promo
Ur one time password is 754006 for SBI. Please do not share it.,OTP
SALARY OF RS.27638 CREDITED TO A/C XX4643. AVL BAL: RS.88927. -SBI,Bank
Your order OD6403515070 from Zomato is arriving tomorrow. Keep Rs.2575 ready for COD.,Delivery
COUPON 5044 GIVES YOU FREE DELIVERY ON ORDERS ABOVE RS.1314. -MYNTRA,Promo
OTP-based login was enabled for your A/c XX3849. Call HDFC Bank if this wasn't you.,Bank
Ekart: Shipment OD9189340163 reached your city hub Expected delivery: 04 Jul,Delivery
Use 879832 to complete your BigBasket registration Valid till 5 mins,OTP
RS.93083 CREDITED TO A/C XX1400 ON 09-02-26. AVL BAL: RS.203064. -SBI,Bank
UPI payment of Rs.38087 to Rajata successful. UPI Ref: 239013743480. -SBI,Bank
818532 is ur Meesho security code. Anyone asking for it is a scammer.,OTP
Order OD7294056246 packed and ready! Expected dispatch by 02 Jul. -Myntra,Delivery
Your Myntra order OD3240790078 has been shipped via DTDC. Track: bit.ly/IJFShh,Delivery
RS.48281 DEBITED FROM A/C XX2335 ON 21-03-26 TO LIPIKA. AVL BAL: RS.35279. -ICICI BANK,Bank
CONFIRMATION CODE 361014 FOR HDFC BANK. KEEP IT PRIVATE.,OTP
Ur Uber code: 6159,OTP
UPI PAYMENT OF RS.75803 TO ANVI SUCCESSFUL. UPI REF: 159599754395. -PNB,Bank
ZOMATO: YOUR CART MISSES YOU! COMPLETE PURCHASE NOW & GET 50% OFF. BIT.LY/BPHRGC,Promo
Your Meesho membership expires soon. Renew now & save 10%: bit.ly/qKKURM,Promo
  EMI of Rs.86660 due on 27-03-26 for loan A/c XX4031. Pay now to avoid charges. -HDFC Bank,Bank
ALERT: Rs.62363 withdrawn from ATM using card XX4095 on 30-03-26. Bal: Rs.262666. -Axis Bank,Bank
RS.60017 DEBITED FROM A/C XX2633 ON 28-04-26 TO MASON. AVL BAL: RS.220137. -HDFC BANK,Bank
Recharge with Rs.1453 & get 70% extra talktime. Offer valid today only! T&C apply,Promo
Your BigBasket code: 16092,OTP
"Hi Vasatika, unlock INR 1056 off your first order at Myntra with code NEW35.",Promo
636679 is your verification code for Ola. Never share your OTP.,OTP
Salary of Rs.62300 credited to A/c XX3092. Avl Bal: Rs.218329. -BOB,Bank
Flat Rs.1756 cashback on your next order at Flipkart. Use code SAVE39. Valid till 03 Jul. STOP to opt out,Promo
Your Amazon membership expires soon Renew now & save 70%: bitly/kidUHs,Promo
  OTP-based login was enabled for your A/c XX9280. Call PNB if this wasn't you.,Bank
"Class shifted to room 4542, come fast",Personal
your one time password is 609046 for hdfc bank. please do not share it.,OTP
  Pay Rs.2572 on delivery for order OD602175501. -XpressBees,Delivery
Your order OD1981064404 from Meesho is arriving tomorrow. Keep Rs.3540 ready for COD. -TM,Delivery
LOW BALANCE ALERT: A/C XX1703 BALANCE IS RS.298038. MAINTAIN MIN BALANCE TO AVOID CHARGES.,Bank
G-271367 is your Google verification code.,OTP
Your A/c XX8446 is debited with Rs.88392 on 01-06-26. Info: UPI-Aarush. Bal: Rs.321565,Bank
Rs.25007 credited to A/c XX1161 on 12-02-26. Avl Bal: Rs.342950. -BOB,Bank
ALERT:  Rs.79563 withdrawn from ATM using card XX5577 on 04-06-26. Bal: Rs.401021. -HDFC Bank,Bank
Salary of INR 70084 credited to A/c XX6464. Avl Bal: INR 419297. -BOB,Bank
Low balance alert: A/c XX7254 balance is Rs.465189. Maintain min balance to avoid charges.,Bank
LAST DAY! BIGBASKET CLEARANCE SALE ENDS TONIGHT. UP TO 80% OFF SITEWIDE.,Promo
Low balance alert: A/c XX8494 balance is INR 64835. Maintain min balance to avoid charges.,Bank
<#> 575045 is your PhonePe code. Valid 2 min. hA8sk2Lqp3,OTP
638323 - use this code to sign in to ICICI Bank. Never share it with anyone. T&C apply,OTP
Recharge with Rs.653 & get 50% extra talktime. Offer valid today only!,Promo
Dear  customer ur BOB account will be blocked! Update KYC now: bit.ly/DRzCty,Spam
578428 is your OTP for BOB login. Valid for 2 minutes. Do not share with anyone.,OTP
out for delivery: your myntra package od1139251164 will arrive today by 6 pm. -delhivery,Delivery
468152 is your Swiggy security code Anyone asking for it is a scammer,OTP
CONFIRMATION CODE 328233 FOR PAYTM. KEEP IT PRIVATE.,OTP
<#> 21367 is your IRCTC code Valid 2 min hA8sk2Lqp3,OTP
Rs.92038 debited from A/c XX4563 on 13-05-26 to Sachi. Avl Bal: Rs.79127. -HDFC Bank,Bank
PAY RS.2716 ON DELIVERY FOR ORDER OD650838140. -BLUEDART,Delivery
RS.49057 DEBITED FROM A/C XX9301 ON 29-06-26 TO IJAYA. AVL BAL: RS.114816. -BOB,Bank
Last day! Meesho clearance sale ends tonight. Up to 60% off sitewide.,Promo
ALERT: Rs.52839 withdrawn from ATM using card XX3267 on 05-03-26 Bal: Rs.377005 -ICICI Bank,Bank
Salary of Rs.64072 credited to A/c XX3209. Avl Bal: Rs.216153. -ICICI Bank,Bank
Zomato Big Billion Days! Up to 30% off + extra 10% with BOB cards. Hurry!,Promo
rs.94257 credited to a/c xx6451 on 11-01-26. avl bal: rs.460934. -hdfc bank,Bank
rs.77521 credited to a/c xx5791 on 12-04-26. avl bal: rs.485405. -sbi,Bank
Your return pickup for order OD7924453439 is scheduled on 03 Jul. Keep the item ready. -Swiggy,Delivery
  Delivered! Your Myntra order OD2342398550 was delivered on 03 Jul. Rate your experience: bit.ly/FIIrkg,Delivery
"Class shifted to room 4118, come fast",Personal
Pay Rs.3489 on delivery for order OD320540156. -DTDC,Delivery
rs.68667 credited to a/c xx3618 on 11-03-26. avl bal: rs.251548. -axis bank,Bank
Delivered! Your Flipkart order OD3450317762 was delivered on 02 Jul. Rate your experience: bit.ly/dYDrvI,Delivery
cheque no. 608757312383 for rs.96799 has been cleared from a/c xx9980. -axis bank,Bank
"Hey, my new number is +914699562864. Save it! Meet at 8?",Personal
963341  is your OTP for Zomato login. Valid for 10 minutes. Do not share with anyone.,OTP
Weekend special at Amazon! Min 50% off on everything. Don't miss out: bit.ly/FNdrBP,Promo
979491 - use this code to sign in to Swiggy Never share it with anyone,OTP
Last day! Meesho clearance sale ends tonight. Up to 20% off sitewide.,Promo
your a/c xx2395 is debited with rs.26242 on 02-02-26. info: upi-veer. bal: rs.46525,Bank
Exclusive for you! Buy 1 Get 1 FREE at Flipkart. Limited period offer. Visit bit.ly/oNmAHB,Promo
Salary of Rs.89862 credited to A/c XX5668. Avl Bal: Rs.414288. -Axis Bank,Bank
Ur Amazon order OD2296505419 has been shipped via Delhivery. Track: bit.ly/Cgrlvk,Delivery
"Bro send me Rs.360 on gpay, will return by 03 Jul",Personal
  Cheque no. 454488840201 for Rs.96568 has been cleared from A/c XX5700. -BOB,Bank
Wridesh from BlueDart is arriving with your package. Contact: 6148038907,Delivery
Out for delivery: Your Swiggy package OD6603282850 will arrive today by 3 PM. -Ekart,Delivery
"HI RADHA, UNLOCK RS.141 OFF YOUR FIRST ORDER AT MYNTRA WITH CODE NEW58.",Promo
<#> 634160 is your Amazon code. Valid 5 min. hA8sk2Lqp3 STOP to opt out,OTP
UPI payment of Rs.59068 to Unnati successful. UPI Ref: 347821868933. -Kotak,Bank
IRCTC: 487368 is your login OTP. It expires in 10 minutes.,OTP
469331 - USE THIS CODE TO SIGN IN TO OLA. NEVER SHARE IT WITH ANYONE.,OTP
Delivered! Your Flipkart order OD9154813878 was delivered on 04 Jul. Rate your experience: bit.ly/SAyYAV,Delivery
Low balance alert: A/c XX5206 balance is Rs.263910. Maintain min balance to avoid charges.,Bank
Your one time password is 133671 for PhonePe. Please do not share it.,OTP
  Your credit card XX7250 statement is ready. Total due: Rs.80858. Min due: Rs.4231. -BOB,Bank
UPI payment of Rs.56473 to Anvi successful. UPI Ref: 526065460722. -SBI,Bank
Order OD1152664348 packed and ready! Expected dispatch by 04 Jul. -Zomato,Delivery
Low balance alert: A/c XX6831 balance is INR 399361. Maintain min balance to avoid charges.,Bank
Interest of INR 46954 credited to your FD A/c XX9493. -BOB,Bank
Your credit card XX2991 statement is ready. Total due: Rs.73686. Min due: Rs.4957. -BOB,Bank
Amazon Big Billion Days! Up to 70% off + extra 10% with Axis Bank cards. Hurry!,Promo
"Class shifted to room 8660, come fast",Personal
BigBasket: Your cart misses you! Complete purchase now & get 20% off. bit.ly/WlMapW,Promo
RECHARGE WITH RS.1230 & GET 30% EXTRA TALKTIME. OFFER VALID TODAY ONLY!,Promo
FLIPKART BIG BILLION DAYS! UP TO 30% OFF + EXTRA 10% WITH PNB CARDS. HURRY!,Promo
Your return pickup for order OD5857940731 is scheduled on 03 Jul. Keep the item ready. -Meesho,Delivery
Order OD7774811355 packed and ready! Expected dispatch by 04 Jul. -Zomato,Delivery
Your  Uber code: 2884,OTP
DTDC: Shipment OD1077310019 reached your city hub. Expected delivery: 01 Jul.,Delivery
Your Myntra membership expires soon. Renew now & save 70%: bit.ly/ZmYDat,Promo
YOUR UBER CODE: 1695,OTP
Interest of Rs.34714 credited to your FD A/c XX9020 -HDFC Bank,Bank
ALERT: Rs.68295 withdrawn from ATM using card XX3126 on 02-06-26. Bal: Rs.441750. -BOB,Bank
  Salary of Rs.79979 credited to A/c XX9329. Avl Bal: Rs.419800. -BOB,Bank
  Your A/c XX4164 is debited with Rs.16678 on 18-01-26. Info: UPI-Damyanti. Bal: Rs.283350,Bank
ALERT: Rs.27656 withdrawn from ATM using card XX2358 on 16-03-26. Bal: Rs.464047. -ICICI Bank -TM,Bank
Delivery attempt failed for order OD3523126336. We will retry tomorrow. -XpressBees,Delivery
<#> 17044 is your Uber code. Valid 15 min. hA8sk2Lqp3,OTP
Delivered! Your Amazon order OD5070981747 was delivered on 02 Jul. Rate your experience: bit.ly/PJixkE,Delivery
  Pay Rs.4674 on delivery for order OD993368052. -BlueDart,Delivery
Delivered!  Your Amazon order OD8274828335 was delivered on 01 Jul. Rate your experience: bit.ly/VOAvzp,Delivery
YOUR MYNTRA CODE: 24651,OTP
Ur OTP is 755058. Use it to verify ur Zomato account. Expires in 30 min.,OTP
Salary of Rs.99467 credited to A/c XX1894. Avl Bal: Rs.252103. -Axis Bank,Bank
Your GPay code: 400515 -TM,OTP
Congratulations! You won Rs.629045 in lucky draw. Claim: bit.ly/tBBIkE,Spam
Your credit card XX4659 statement is ready. Total due: INR 57962. Min due: INR 4727. -SBI,Bank
your uber code: 4991,OTP
Your  OTP is 727617. Use it to verify your IRCTC account. Expires in 15 min.,OTP
349560 - use this code to sign in to Zomato. Never share it with anyone.,OTP
Congratulations! You won Rs.76889 in lucky draw. Claim: bit.ly/ECguZH,Spam
YOUR BIGBASKET MEMBERSHIP EXPIRES SOON. RENEW NOW & SAVE 50%: BIT.LY/UGAXUR,Promo
  Exclusive for you! Buy 1 Get 1 FREE at Myntra. Limited period offer. Visit bit.ly/CjhJLQ,Promo
Your return pickup for order OD3846847590 is scheduled on 04 Jul. Keep the item ready. -Myntra,Delivery
  Rs.13830 debited from A/c XX2902 on 29-06-26 to Daksha. Avl Bal: Rs.136629. -Kotak,Bank
"Never share your OTP, PIN or CVV. ICICI Bank never asks for these. Stay safe.",Bank
Your Flipkart membership expires soon. Renew now & save 20%: bit.ly/FtctON,Promo
DELIVERED! YOUR BIGBASKET ORDER OD5577482556 WAS DELIVERED ON 04 JUL. RATE YOUR EXPERIENCE: BIT.LY/NOBVID,Delivery
EMI of Rs.69080 due on 29-06-26 for loan A/c XX9436. Pay now to avoid charges. -HDFC Bank,Bank
Delivery attempt failed for order OD3411660339. We will retry tomorrow. -Delhivery,Delivery
Swiggy:  Your cart misses you! Complete purchase now & get 50% off. bit.ly/GAtfdD,Promo
Your ICICI Bank code: 1584,OTP
Order OD8548392662 packed and ready! Expected dispatch by 02 Jul. -Flipkart,Delivery
Use code 5245 at checkout for 25% off at Flipkart!,Promo
GPay: 900858 is your login OTP. It expires in 5 minutes.,OTP
506837 - use this to sign in. Never share this code with anyone.,OTP
Rs.72581 debited from A/c XX1890 on 23-03-26 to Vasudha. Avl Bal: Rs.335897. -PNB,Bank
your credit card xx3997 statement is ready. total due: rs.38158. min due: rs.738. -hdfc bank,Bank
  Low balance alert: A/c XX2947 balance is Rs.429724. Maintain min balance to avoid charges.,Bank
Weekend special at Swiggy! Min 80% off on everything. Don't miss out: bit.ly/kwBpsC,Promo
Delivered!  Your Zomato order OD3621937196 was delivered on 03 Jul. Rate your experience: bit.ly/ICrvJM,Delivery
Confirmation code 49913 for Myntra. Keep it private.,OTP
your sim will be deactivated in 24hrs. verify aadhaar: bit.ly/euuqrf,Spam
"Hi Hitesh, unlock Rs.782 off your first order at Myntra with code NEW20",Promo
Confirmation  code 158725 for SBI. Keep it private.,OTP
  Coupon 5550 gives you free delivery on orders above Rs.2459. -Amazon,Promo
Work  from home! Earn Rs.1879343/month. Join: bit.ly/fZVboZ,Spam
YOUR GPAY CODE: 642985,OTP
DTDC: Shipment OD6329658519 reached your city hub Expected delivery: 04 Jul,Delivery
Your A/c XX9840 is debited with Rs.54584 on 05-06-26. Info: UPI-Krisha. Bal: Rs.166852 -TM,Bank
BlueDart: Shipment OD1999586915 reached ur city hub. Expected delivery: 04 Jul.,Delivery
Your credit card XX2239 statement is ready Total due: Rs.55878 Min due: Rs.2004 -SBI,Bank
Rs.30730 debited from A/c XX7908 on 26-04-26 to Girish. Avl Bal: Rs.454381. -PNB,Bank
Your return pickup for order OD9956237880 is scheduled on 03 Jul. Keep the item ready. -Flipkart,Delivery
  Your Meesho membership expires soon. Renew now & save 40%: bit.ly/YMEaqI,Promo
"Hi Deepa, unlock Rs.827 off ur first order at Myntra with code NEW64.",Promo
  Your one time password is 187496 for Meesho. Please do not share it.,OTP
rs.15107 debited from a/c xx4989 on 15-02-26 to bakhshi. avl bal: rs.208789. -axis bank,Bank
YOUR ORDER OD1214306086 FROM BIGBASKET IS ARRIVING TOMORROW. KEEP RS.2366 READY FOR COD.,Delivery
  Exclusive for you! Buy 1 Get 1 FREE at BigBasket. Limited period offer. Visit bit.ly/YgLPmb,Promo
OTP for delivery of order OD8719102101 is 9304. Share only with the delivery agent. -DTDC,Delivery
  OTP for delivery of order OD2549033398 is 9059. Share only with the delivery agent. -Delhivery,Delivery
Recharge with Rs.1807 & get 30% extra talktime. Offer valid today only!,Promo
Your Myntra membership expires soon. Renew now & save 80%: bit.ly/RgKWcs STOP to opt out,Promo
"Never share your OTP, PIN or CVV. ICICI Bank never asks for these. Stay safe.",Bank
Cheque no. 265032354408 for INR 42255 has been cleared from A/c XX3728. -HDFC Bank,Bank
Interest of Rs.69298 credited to your FD A/c XX6682. -ICICI Bank,Bank
"Hey, my new number is +918081031830. Save it! Meet at 6pm?",Personal
EMI of Rs.81120 due on 17-03-26 for loan A/c XX3517 Pay now to avoid charges -SBI,Bank
  ALERT: Rs.88003 withdrawn from ATM using card XX9609 on 01-04-26. Bal: Rs.31255. -BOB,Bank
Flat  Rs.1942 cashback on your next order at BigBasket. Use code SAVE70. Valid till 04 Jul.,Promo
  Recharge with Rs.363 & get 70% extra talktime. Offer valid today only!,Promo
OTP: 219535 for txn of Rs.1464 at BigBasket. Do not share. -HDFC Bank STOP to opt out,OTP
FLAT RS.1406 CASHBACK ON YOUR NEXT ORDER AT MYNTRA. USE CODE SAVE10. VALID TILL 03 JUL.,Promo
UPI payment of Rs.35458 to Gaurika successful UPI Ref: 409965654030 -ICICI Bank,Bank
270614 is your ICICI Bank security code. Anyone asking for it is a scammer.,OTP
Your A/c XX9738 is debited with INR 27234 on 29-05-26. Info: UPI-Harish. Bal: INR 350687,Bank
Your  Zomato order OD4696796207 has been shipped via Ekart. Track: bit.ly/hxuVWd,Delivery
779974 - use this to sign in. Never share this code with anyone.,OTP
Weekend special at Swiggy! Min 80% off on everything. Don't miss out: bit.ly/yqZMWO,Promo
928563 - USE THIS CODE TO SIGN IN TO ICICI BANK. NEVER SHARE IT WITH ANYONE.,OTP
<#> 543546 is your Flipkart code. Valid 10 min. hA8sk2Lqp3,OTP
"Class shifted to room 7275, come fast",Personal
Coupon 5581 gives you free delivery on orders above Rs.2212 -Meesho,Promo
ICICI Bank: 984177 is your login OTP. It expires in 2 minutes.,OTP
782711 is your verification code for Zomato. Never share your OTP.,OTP
OTP: 321675 for txn of INR 3746 at Axis Bank. Do not share. -HDFC Bank,OTP
Cheque no. 395432623005 for Rs.84188 has been cleared from A/c XX3428. -HDFC Bank STOP to opt out,Bank
  Your Meesho order OD6812721150 has been shipped via XpressBees. Track: bit.ly/AYzTro,Delivery
your zomato membership expires soon. renew now & save 10%: bit.ly/btubcz,Promo
otp-based login was enabled for your a/c xx2486. call bob if this wasn't you.,Bank
Exclusive for you! Buy 1 Get 1 FREE at Meesho. Limited period offer. Visit bit.ly/FMyEQb,Promo
GPay: 857747 is your login OTP. It expires in 30 minutes.,OTP
Weekend  special at Zomato! Min 80% off on everything. Don't miss out: bit.ly/EYqgvL,Promo
MEGA SALE! GET 30% OFF ON ALL PRODUCTS AT MYNTRA. SHOP NOW: BIT.LY/BGRPLG T&C APPLY.,Promo
G-497300 IS YOUR GOOGLE VERIFICATION CODE.,OTP
Order  OD1786616377 packed and ready! Expected dispatch by 02 Jul. -Flipkart,Delivery
OTP: 653928 for txn of Rs.44620 at HDFC Bank Do not share -PNB,OTP
"Bro send me Rs.2253 on gpay, will return by 01 Jul",Personal
  Your SIM will be deactivated in 24hrs. Verify Aadhaar: bit.ly/MekLVh,Spam
410965 is your verification code for Kotak. Never share your OTP. T&C apply,OTP
"HI FREDERICK, UNLOCK RS.1182 OFF YOUR FIRST ORDER AT SWIGGY WITH CODE NEW71.",Promo
UPI payment of Rs.10614 to Wyatt successful. UPI Ref: 123833206582. -HDFC Bank,Bank
Rs.97964 debited from A/c XX2788 on 27-06-26 to Garima. Avl Bal: Rs.336772. -Axis Bank,Bank
  <#> 392770 is your Hotstar code. Valid 15 min. hA8sk2Lqp3,OTP
Confirmation code 124536 for Zomato. Keep it private.,OTP
"  Hey, my new number is +915810570666. Save it! Meet at 6pm?",Personal
Tap to verify: 428229. This code expires shortly.,OTP
  OTP for delivery of order OD8404518238 is 9045. Share only with the delivery agent. -DTDC,Delivery
Last day! Zomato clearance sale ends tonight. Up to 30% off sitewide. -TM,Promo
  617637 is your OTP for Amazon login. Valid for 10 minutes. Do not share with anyone.,OTP
Work from home! Earn Rs.674725/month Join: bitly/OboLqP,Spam
Interest of Rs.9634 credited to your FD A/c XX3567. -HDFC Bank -TM,Bank
otp: 167198 for txn of rs.18124 at sbi. do not share. -sbi,OTP
Your BigBasket code: 138679,OTP
OTP: 130870 for txn of Rs.27412 at BOB. Do not share. -HDFC Bank,OTP
Enter 354469 to verify your mobile number for SBI.,OTP
Cheque no. 951294243305 for INR 22737 has been cleared from A/c XX5579. -Axis Bank,Bank
enter 309757 to verify your mobile number for swiggy.,OTP
Pay INR 3014 on delivery for order OD231443294. -BlueDart,Delivery
Interest of Rs.51351 credited to ur FD A/c XX9973. -PNB,Bank
  Low balance alert: A/c XX8852 balance is Rs.46805. Maintain min balance to avoid charges.,Bank
552621 - use this to sign in. Never share this code with anyone.,OTP
Exclusive for you! Buy 1 Get 1 FREE at Myntra. Limited period offer. Visit bit.ly/ujkxNP,Promo
Delivered!  Your Myntra order OD3643203400 was delivered on 03 Jul. Rate your experience: bit.ly/QtdxIi,Delivery
386487 is your verification code for Axis Bank. Never share your OTP.,OTP
Congratulations! You won Rs.1566004 in lucky draw. Claim: bit.ly/lnBIJW,Spam
MEGA SALE! Get 30% OFF on all products at Meesho. Shop now: bit.ly/rZkbJy T&C apply.,Promo
Low balance alert: A/c XX6594 balance is Rs.482097. Maintain min balance to avoid charges. STOP to opt out,Bank
Delivery attempt failed for order OD2740775219. We will retry tomorrow. -Ekart,Delivery
Your return pickup for order OD1870561174 is scheduled on 02 Jul. Keep the item ready. -Swiggy,Delivery
Delivered! Your Myntra order OD2560353855 was delivered on 02 Jul. Rate your experience: bit.ly/cTVAnW,Delivery
MEGA SALE! Get 10% OFF on all products at Swiggy. Shop now: bit.ly/mHctAH T&C apply.,Promo
"Bro send me Rs.1388 on gpay, will return by 03 Jul",Personal
Swiggy: Your cart misses you! Complete purchase now & get 70% off. bit.ly/biqpvs,Promo
Pay Rs.1928 on delivery for order OD851356264. -Ekart,Delivery
  Order OD8249439998 packed and ready! Expected dispatch by 02 Jul. -Myntra,Delivery
Rs.13384 credited to A/c XX7533 on 26-04-26. Avl Bal: Rs.298985. -Axis Bank,Bank
upi payment of rs.42834 to viraj successful. upi ref: 126165564401. -hdfc bank,Bank
  Uber: 903270 is your login OTP. It expires in 10 minutes.,OTP
Your order OD3203538584 from Flipkart is arriving tomorrow. Keep Rs.1199 ready for COD.,Delivery
meesho: your cart misses you! complete purchase now & get 80% off. bit.ly/kxmryt,Promo
ALERT: Rs.51149 withdrawn from ATM using card XX2680 on 20-02-26. Bal: Rs.439467. -BOB,Bank
your one time password is 940983 for myntra. please do not share it.,OTP
Your credit card XX3732 statement is ready. Total due: Rs.43215. Min due: Rs.646. -BOB,Bank
swiggy: your cart misses you! complete purchase now & get 30% off. bit.ly/bhqlrx,Promo
ORDER OD5861173728 PACKED AND READY! EXPECTED DISPATCH BY 01 JUL. -ZOMATO,Delivery
Your  Meesho membership expires soon. Renew now & save 60%: bit.ly/MPBoDp,Promo
327325 is your Kotak security code. Anyone asking for it is a scammer.,OTP
YOUR NETFLIX CODE: 181993,OTP
Your GPay code: 670782 T&C apply,OTP
Interest of Rs.4490 credited to your FD A/c XX9996. -HDFC Bank,Bank
Tanvi from Ekart is arriving with your package. Contact: +918028622046,Delivery
Weekend  special at Myntra! Min 10% off on everything. Don't miss out: bit.ly/VRXjXC,Promo
upi payment of rs.83410 to charles successful. upi ref: 782241908728. -sbi,Bank
RS.36575 DEBITED FROM A/C XX2184 ON 14-04-26 TO WIDISHA. AVL BAL: RS.240070. -BOB,Bank
Your Amazon membership expires soon. Renew now & save 10%: bit.ly/KKKQJw,Promo
"Never share your OTP, PIN or CVV Axis Bank never asks for these Stay safe",Bank
854099 - use this code to sign in to Flipkart. Never share it with anyone.,OTP
Salary of INR 23928 credited to A/c XX6148. Avl Bal: INR 205899. -ICICI Bank,Bank
USE CODE 8153 AT CHECKOUT FOR 50% OFF AT AMAZON!,Promo
Out for delivery: Your Amazon package OD1558208825 will arrive today by 6 PM. -BlueDart,Delivery
ENTER 661215 TO VERIFY YOUR MOBILE NUMBER FOR AXIS BANK.,OTP
YOUR A/C XX4904 IS DEBITED WITH RS.69139 ON 15-05-26. INFO: UPI-OVIYA. BAL: RS.89922,Bank
Interest of Rs.29327 credited to your FD A/c XX3143 -PNB,Bank
EMI of Rs.18688 due on 08-01-26 for loan A/c XX2637. Pay now to avoid charges. -SBI,Bank
Amazon Big Billion Days! Up to 80% off + extra 10% with SBI cards. Hurry!,Promo
your return pickup for order od7151243493 is scheduled on 02 jul. keep the item ready. -zomato,Delivery
Your BOB code: 153819,OTP
INR 27996 credited to A/c XX9132 on 02-05-26. Avl Bal: INR 164179. -Axis Bank,Bank
"Class shifted to room 3940, come fast",Personal
ALERT: Rs.24338 withdrawn from ATM using card XX1145 on 13-01-26. Bal: Rs.134863. -SBI,Bank
  Dear customer ur Axis Bank account will be blocked! Update KYC now: bit.ly/xeeNgC,Spam
Recharge with Rs.1428 & get 40% extra talktime. Offer valid today only!,Promo
otp: 203700 for txn of rs.19935 at irctc. do not share. -bob,OTP
  Dear customer ur Axis Bank account will be blocked! Update KYC now: bit.ly/hyjBBy,Spam
Out  for delivery: Your Myntra package OD2640451389 will arrive today by 12 PM. -Ekart,Delivery
Your credit card XX8617 statement is ready. Total due: Rs.7824. Min due: Rs.4591. -BOB,Bank
YOUR FLIPKART ORDER OD7826235208 HAS BEEN SHIPPED VIA DELHIVERY. TRACK: BIT.LY/KQIZKH,Delivery
Your A/c XX6611 is debited with Rs.83415 on 04-07-26. Info: UPI-Jeet. Bal: Rs.381455,Bank
Use code 1900 at checkout for 25% off at Zomato!,Promo
MEGA SALE! Get 70% OFF on all products at Flipkart. Shop now: bit.ly/DbQsiu T&C apply.,Promo
Zomato Big Billion Days! Up to 10% off + extra 10% with Axis Bank cards. Hurry!,Promo
Your one time password is 28281 for GPay. Please do not share it.,OTP
  Cheque no. 160306369603 for Rs.30422 has been cleared from A/c XX4650. -PNB,Bank
myntra: your cart misses you! complete purchase now & get 80% off. bit.ly/whseii,Promo
Salary of Rs.27644 credited to A/c XX1660. Avl Bal: Rs.273849. -Axis Bank,Bank
  771349 - use this code to sign in to BigBasket. Never share it with anyone.,OTP
Low balance alert: A/c XX8716 balance is Rs.449474. Maintain min balance to avoid charges.,Bank
Your Uber code: 9424,OTP
  Interest of Rs.89953 credited to your FD A/c XX1247. -HDFC Bank,Bank
Low  balance alert: A/c XX2853 balance is Rs.205667. Maintain min balance to avoid charges.,Bank
  Meesho: 565974 is your login OTP. It expires in 2 minutes.,OTP
843465 is your OTP for SBI login. Valid for 5 minutes. Do not share with anyone.,OTP
Interest of Rs.34597 credited to your FD A/c XX2383. -SBI,Bank
"Class  shifted to room 7719, come fast",Personal
Weekend special at BigBasket! Min 70% off on everything. Don't miss out: bit.ly/ZNubuW,Promo
Coupon 1010 gives you free delivery on orders above Rs.4206. -Zomato,Promo
YOUR OTP IS 325070. USE IT TO VERIFY YOUR UBER ACCOUNT. EXPIRES IN 15 MIN.,OTP
OTP: 903259 for txn of Rs.38700 at GPay. Do not share. -ICICI Bank,OTP
Zomato Big Billion Days! Up to 20% off + extra 10% with Axis Bank cards. Hurry! STOP to opt out,Promo
Your Amazon order OD3893048351 has been shipped via XpressBees. Track: bit.ly/lYxReL,Delivery
  Weekend special at Amazon! Min 70% off on everything. Don't miss out: bit.ly/cAyHYI,Promo
Flat Rs.1281 cashback on ur next order at Meesho. Use code SAVE79. Valid till 03 Jul.,Promo
925211 is your verification code for hdfc bank. never share your otp.,OTP
900966 - use this code to sign in to Zomato. Never share it with anyone.,OTP
  Your one time password is 614288 for Zomato. Please do not share it.,OTP
Use 989309 to complete your Kotak registration. Valid till 15 mins.,OTP
order od3980659674 packed and ready! expected dispatch by 01 jul. -myntra,Delivery
Low balance alert: A/c XX5710 balance is Rs.119260. Maintain min balance to avoid charges.,Bank
Recharge with Rs.1223 & get 30% extra talktime. Offer valid today only!,Promo
Low balance alert: A/c XX9787 balance is INR 486715. Maintain min balance to avoid charges.,Bank
  Last day! Swiggy clearance sale ends tonight. Up to 80% off sitewide.,Promo
Out for delivery: Ur Meesho package OD8724142118 will arrive today by 9 PM. -XpressBees,Delivery
BigBasket Big Billion Days! Up to 10% off + extra 10% with ICICI Bank cards. Hurry!,Promo
BigBasket Big Billion Days! Up to 20% off + extra 10% with HDFC Bank cards. Hurry!,Promo
Your Paytm code: 256114,OTP
Pay INR 1122 on delivery for order OD173906349. -Ekart,Delivery
MEGA SALE! Get 70% OFF on all products at BigBasket. Shop now: bit.ly/sSymeu T&C apply.,Promo
Order OD9047630949 packed and ready! Expected dispatch by 04 Jul. -BigBasket,Delivery
Rs.35524 debited from A/c XX9103 on 19-03-26 to Chatura. Avl Bal: Rs.215438. -HDFC Bank,Bank
Rs.14533 credited to A/c XX5950 on 31-05-26. Avl Bal: Rs.308612. -HDFC Bank,Bank
Work from home! Earn Rs.1705941/month. Join: bit.ly/OetBmx,Spam
YOUR ORDER OD9933990926 FROM FLIPKART IS ARRIVING TOMORROW. KEEP RS.1777 READY FOR COD.,Delivery
Ekart: Shipment OD2053487677 reached ur city hub. Expected delivery: 01 Jul.,Delivery
Delivered! Your Flipkart order OD9307769148 was delivered on 01 Jul. Rate your experience: bit.ly/TeJwZh,Delivery
Flat Rs.1920 cashback on your next order at Amazon. Use code SAVE85. Valid till 02 Jul.,Promo
Swiggy: 388701 is your login OTP. It expires in 5 minutes.,OTP
Last day! BigBasket clearance sale ends tonight. Up to 60% off sitewide.,Promo
57806 IS YOUR ZOMATO SECURITY CODE. ANYONE ASKING FOR IT IS A SCAMMER.,OTP
Salary of Rs.59597 credited to A/c XX9582. Avl Bal: Rs.180447. -BOB,Bank
OTP FOR DELIVERY OF ORDER OD9561679454 IS 4983. SHARE ONLY WITH THE DELIVERY AGENT. -DTDC,Delivery
  Interest of Rs.88486 credited to your FD A/c XX8212. -SBI,Bank
Your  order OD1246046605 from Zomato is arriving tomorrow. Keep Rs.1406 ready for COD.,Delivery
Gopal from XpressBees is arriving with your package. Contact: 6435955317,Delivery
last day! flipkart clearance sale ends tonight. up to 20% off sitewide.,Promo
Recharge with Rs.1764 & get 70% extra talktime. Offer valid today only!,Promo
Your Meesho code: 454289,OTP
Weekend special at BigBasket! Min 30% off on everything Don't miss out: bitly/zjojEe,Promo
897514  is your BOB security code. Anyone asking for it is a scammer.,OTP
Your credit card XX6699 statement is ready. Total due: INR 69389. Min due: INR 1341. -HDFC Bank,Bank
Zomato: 182106 is your login OTP. It expires in 15 minutes.,OTP
Ur credit card XX5898 statement is ready. Total due: Rs.85457. Min due: Rs.3030. -BOB,Bank
UPI payment of Rs.95720 to Urmi successful. UPI Ref: 593430954235. -SBI,Bank
Low balance alert: A/c XX6267 balance is Rs.46565. Maintain min balance to avoid charges.,Bank
Exclusive  for you! Buy 1 Get 1 FREE at Myntra. Limited period offer. Visit bit.ly/RdkByC,Promo
Oviya from Ekart is arriving with your package. Contact: +917525833953,Delivery
LOW BALANCE ALERT: A/C XX7092 BALANCE IS RS.25779. MAINTAIN MIN BALANCE TO AVOID CHARGES.,Bank
Your one time password is 40324 for Paytm. Please do not share it.,OTP
G-634851 is your Google verification code.,OTP
Use 236288 to complete your PhonePe registration. Valid till 2 mins.,OTP
OTP for delivery of order OD8647763884 is 6203. Share only with the delivery agent. -DTDC,Delivery
"Hey, my new number is 08881750891. Save it! Meet at tonight?",Personal
Exclusive for you! Buy 1 Get 1 FREE at Swiggy. Limited period offer. Visit bit.ly/cDrGXg,Promo
Your one time password is 984884 for ICICI Bank Please do not share it,OTP
MEGA SALE! Get 30% OFF on all products at Flipkart. Shop now: bit.ly/oPjkDV T&C apply.,Promo
"Class shifted to room 2229, come fast",Personal
ALERT: Rs.86702 withdrawn from ATM using card XX5434 on 13-05-26 Bal: Rs.45728 -ICICI Bank,Bank
Your Swiggy membership expires soon. Renew now & save 70%: bit.ly/xrrTne,Promo
leena from bluedart is arriving with your package. contact: 5083622643,Delivery
  894812 - use this to sign in. Never share this code with anyone.,OTP
Coupon 4615 gives you free delivery on orders above Rs.4345. -Flipkart,Promo
UPI payment of Rs.91025 to Yoshita successful. UPI Ref: 686516882467. -PNB,Bank
Cheque no. 456936512464 for Rs.66371 has been cleared from A/c XX1296. -SBI T&C apply,Bank
  G-515056 is your Google verification code.,OTP
Your SIM will be deactivated in 24hrs. Verify Aadhaar: bit.ly/Fnkiso,Spam
Your Uber code: 3081,OTP
Out for delivery: Ur BigBasket package OD8675520323 will arrive today by 12 PM. -Delhivery,Delivery
Rs.62920 debited from A/c XX9368 on 26-02-26 to Dalaja. Avl Bal: Rs.370564. -PNB -TM,Bank
407775 is your verification code for Amazon. Never share your OTP.,OTP
Salary of Rs.72991 credited to A/c XX9557 Avl Bal: Rs.43528 -HDFC Bank,Bank
Salary of Rs.24743 credited to A/c XX1790. Avl Bal: Rs.413579. -BOB,Bank
OTP: 560533 for txn of Rs.48425 at Flipkart Do not share -HDFC Bank,OTP
  Confirmation code 547655 for Kotak. Keep it private.,OTP
Cheque no. 760345400685 for Rs.10903 has been cleared from A/c XX4879. -Kotak,Bank
Your order OD7375935400 from Myntra is arriving tomorrow. Keep Rs.4359 ready for COD.,Delivery
307201 is your verification code for sbi. never share your otp.,OTP
Last day! Zomato clearance sale ends tonight. Up to 40% off sitewide.,Promo
Flat Rs.570 cashback on your next order at Zomato. Use code SAVE40. Valid till 04 Jul. -TM,Promo
"Hey, my new number is +910565358607. Save it! Meet at 8?",Personal
Rs.12529 credited to A/c XX2319 on 20-06-26. Avl Bal: Rs.197038. -BOB,Bank
XpressBees: Shipment OD4170464818 reached your city hub. Expected delivery: 01 Jul.,Delivery
OTP for delivery of order OD1455094870 is 3596. Share only with the delivery agent. -XpressBees,Delivery
Your one time password is 475876 for Paytm. Please do not share it.,OTP
last day! bigbasket clearance sale ends tonight. up to 60% off sitewide.,Promo
Your order OD7158873687 from Amazon is arriving tomorrow Keep Rs.1454 ready for COD,Delivery
Rs.12775 credited to A/c XX1639 on 28-01-26. Avl Bal: Rs.251872. -PNB,Bank
Meesho: Your cart misses you! Complete purchase now & get 10% off. bit.ly/ozasdH,Promo
Your A/c XX3040 is debited with Rs.69653 on 20-02-26. Info: UPI-Amruta. Bal: Rs.435326,Bank
469544 is your Axis Bank security code. Anyone asking for it is a scammer.,OTP
Enter 943242 to verify your mobile number for Meesho.,OTP
last day! zomato clearance sale ends tonight. up to 80% off sitewide.,Promo
Low balance alert: A/c XX1052 balance is Rs.10182. Maintain min balance to avoid charges.,Bank
Rs.40367 credited to A/c XX7808 on 25-06-26. Avl Bal: Rs.150435. -ICICI Bank,Bank
"hey, my new number is 8414048569. save it! meet at noon?",Personal
Last  day! Myntra clearance sale ends tonight. Up to 70% off sitewide.,Promo
Delivered! Your Meesho order OD8119026840 was delivered on 04 Jul. Rate your experience: bit.ly/qTvPLB,Delivery
Congratulations!  You won Rs.568370 in lucky draw. Claim: bit.ly/liRTUX,Spam
Out for delivery: Your Flipkart package OD7453732281 will arrive today by 3 PM. -Delhivery,Delivery
Interest of Rs.6632 credited to ur FD A/c XX1013. -ICICI Bank,Bank
Ur return pickup for order OD6456828274 is scheduled on 02 Jul. Keep the item ready. -BigBasket,Delivery
"Never share your OTP, PIN or CVV. HDFC Bank never asks for these. Stay safe.",Bank
Enter 214503 to verify your mobile number for SBI.,OTP
Pay Rs.525 on delivery for order OD280371093. -BlueDart,Delivery
Tap to verify: 925613. This code expires shortly.,OTP
Use 937786 to complete your Uber registration. Valid till 30 mins.,OTP
"Hi Ekani, unlock Rs.1003 off your first order at Amazon with code NEW97. -TM",Promo
Salary of Rs.26567 credited to A/c XX3477. Avl Bal: Rs.262509. -SBI,Bank
918294 - use this to sign in. Never share this code with anyone.,OTP
Recharge with Rs.1922 & get 10% extra talktime. Offer valid today only!,Promo
Your A/c XX2666 is debited with Rs.30518 on 13-03-26. Info: UPI-Jeet. Bal: Rs.324723,Bank
MEGA SALE! Get 70% OFF on all products at Zomato. Shop now: bit.ly/fzJKJZ T&C apply.,Promo
Dear customer ur Axis Bank account will be blocked! Update KYC now: bit.ly/FGbymR,Spam
Ur IRCTC code: 346276,OTP
icici bank: 203817 is your login otp. it expires in 10 minutes.,OTP
YOUR OTP IS 273925. USE IT TO VERIFY YOUR HOTSTAR ACCOUNT. EXPIRES IN 15 MIN.,OTP
Pay Rs.2299 on delivery for order OD984610419. -DTDC,Delivery
Enter 783700 to verify your mobile number for Myntra.,OTP
congratulations! you won rs.1204884 in lucky draw. claim: bit.ly/iiochy,Spam
low balance alert: a/c xx1176 balance is rs.140216. maintain min balance to avoid charges.,Bank
Your return pickup for order OD2293182146 is scheduled on 01 Jul. Keep the item ready. -Amazon,Delivery
GPay: 870335 is your login OTP. It expires in 2 minutes.,OTP
Enter 52443 to verify your mobile number for HDFC Bank.,OTP
MEGA SALE! Get 50% OFF on all products at BigBasket. Shop now: bit.ly/rFumma T&C apply.,Promo
Weekend special at Myntra! Min 10% off on everything. Don't miss out: bit.ly/RCGmRo,Promo
Harrison from Delhivery is arriving with your package. Contact: 04360192151,Delivery
OTP-based login was enabled for your A/c XX2684. Call Axis Bank if this wasn't you.,Bank
Work from home! Earn Rs.2170088/month. Join: bit.ly/hqETtg,Spam
Zomato: 46668 is your login OTP. It expires in 5 minutes. STOP to opt out,OTP
"Bro  send me Rs.4378 on gpay, will return by 02 Jul",Personal
Out for delivery: Your BigBasket package OD2775714785 will arrive today by 9 PM. -DTDC,Delivery
Out for delivery: Your Flipkart package OD7727809577 will arrive today by 9 PM. -Ekart,Delivery
Tap to verify: 411405. This code expires shortly.,OTP
Your BigBasket order OD6152954596 has been shipped via XpressBees. Track: bit.ly/oRybcM,Delivery
Exclusive for you! Buy 1 Get 1 FREE at Meesho. Limited period offer. Visit bit.ly/nbtenk,Promo
ALERT: Rs.55843 withdrawn from ATM using card XX4304 on 13-04-26. Bal: Rs.375948. -HDFC Bank,Bank
Swiggy: 429950 is ur login OTP. It expires in 15 minutes.,OTP
  Out for delivery: Your Meesho package OD3434754615 will arrive today by 12 PM. -Ekart,Delivery
Flipkart: 87545 is ur login OTP. It expires in 2 minutes.,OTP
"Bro send me INR 4058 on gpay, will return by 04 Jul",Personal
Adya from DTDC is arriving with your package. Contact: 03729429470 STOP to opt out,Delivery
MEESHO: 902720 IS YOUR LOGIN OTP. IT EXPIRES IN 5 MINUTES.,OTP
Salary of Rs.34629 credited to A/c XX1941. Avl Bal: Rs.187024. -HDFC Bank,Bank
Delivered! Your Meesho order OD3327360816 was delivered on 02 Jul. Rate your experience: bit.ly/kOYeDh,Delivery
Delivery attempt failed for order OD1561319209. We will retry tomorrow. -Ekart,Delivery
Faras from Delhivery is arriving with your package Contact: 5048805361,Delivery
Recharge with Rs.790 & get 80% extra talktime. Offer valid today only!,Promo
Order OD9639302648 packed and ready! Expected dispatch by 03 Jul. -Meesho,Delivery
  501696 is your verification code for Paytm. Never share your OTP.,OTP
Myntra Big Billion Days! Up to 30% off + extra 10% with ICICI Bank cards. Hurry!,Promo
g-730753 is your google verification code.,OTP
LAST DAY! FLIPKART CLEARANCE SALE ENDS TONIGHT. UP TO 20% OFF SITEWIDE.,Promo
920834 is your OTP for BigBasket login. Valid for 30 minutes. Do not share with anyone.,OTP
  Your one time password is 33898 for PNB. Please do not share it.,OTP
Your return pickup for order OD9415416649 is scheduled on 03 Jul. Keep the item ready. -BigBasket,Delivery
YOUR ONE TIME PASSWORD IS 294080 FOR PAYTM. PLEASE DO NOT SHARE IT.,OTP
  Cheque no. 831574204999 for Rs.49432 has been cleared from A/c XX6826. -PNB,Bank
"Hi Anirudh, unlock Rs.1504 off your first order at Amazon with code NEW75",Promo
Your order OD8146870323 from BigBasket is arriving tomorrow. Keep Rs.3754 ready for COD.,Delivery
YOUR A/C XX7286 IS DEBITED WITH RS.30984 ON 18-02-26. INFO: UPI-FALAK. BAL: RS.180588,Bank
Lakshit from DTDC is arriving with your package. Contact: 07291541219 -TM,Delivery
OTP: 93909 for txn of Rs.27015 at Kotak. Do not share. -Axis Bank,OTP
ZOMATO BIG BILLION DAYS! UP TO 30% OFF + EXTRA 10% WITH PNB CARDS. HURRY!,Promo
Dear customer ur Axis Bank account will be blocked! Update KYC now: bit.ly/XQRuOc,Spam
Low balance alert: A/c XX1008 balance is Rs.70275. Maintain min balance to avoid charges.,Bank
your a/c xx2812 is debited with rs.49863 on 29-04-26. info: upi-ekani. bal: rs.100420,Bank
532001 - USE THIS TO SIGN IN. NEVER SHARE THIS CODE WITH ANYONE.,OTP
Enter 563054 to verify your mobile number for Meesho.,OTP
Use 966715 to complete ur IRCTC registration. Valid till 5 mins.,OTP
459049 - use this code to sign in to Paytm. Never share it with anyone.,OTP
  Your BigBasket order OD4019114282 has been shipped via Ekart. Track: bit.ly/VGyPFW,Delivery
"Hi Oliver, unlock INR 406 off your first order at Zomato with code NEW76.",Promo
XpressBees: Shipment OD4929385495 reached your city hub. Expected delivery: 02 Jul.,Delivery
MEGA SALE! Get 40% OFF on all products at Myntra. Shop now: bit.ly/aaebLO T&C apply.,Promo
BlueDart: Shipment OD9249481066 reached your city hub. Expected delivery: 04 Jul.,Delivery
RS.69056 CREDITED TO A/C XX5585 ON 25-05-26. AVL BAL: RS.487358. -PNB,Bank
"Never share ur OTP, PIN or CVV. SBI never asks for these. Stay safe.",Bank
ALERT: RS.49252 WITHDRAWN FROM ATM USING CARD XX2893 ON 06-05-26. BAL: RS.416728. -SBI,Bank
Congratulations! You won Rs.1866279 in lucky draw. Claim: bit.ly/tfGypY T&C apply,Spam
G-108867 is your Google verification code.,OTP
LOW BALANCE ALERT: A/C XX8645 BALANCE IS RS.308292. MAINTAIN MIN BALANCE TO AVOID CHARGES.,Bank
your bigbasket membership expires soon. renew now & save 20%: bit.ly/vcxdve,Promo
412591 is your Meesho security code. Anyone asking for it is a scammer.,OTP
Cheque no. 424326612098 for Rs.88115 has been cleared from A/c XX4764. -Axis Bank,Bank
Delivery attempt failed for order OD6700743211. We will retry tomorrow. -Ekart STOP to opt out,Delivery
Order OD7530104885 packed and ready! Expected dispatch by 04 Jul -Flipkart,Delivery
"Hey, my new number is +916062738105. Save it! Meet at 6pm?",Personal
Delivery attempt failed for order OD4795848392. We will retry tomorrow. -XpressBees,Delivery
Myntra Big Billion Days! Up to 30% off + extra 10% with PNB cards. Hurry!,Promo
Delivered! Your Myntra order OD1722386331 was delivered on 01 Jul Rate your experience: bitly/INkRSf,Delivery
EMI of Rs.87768 due on 15-02-26 for loan A/c XX8335 Pay now to avoid charges -BOB,Bank
BOB: 958475 is your login OTP. It expires in 15 minutes.,OTP
Myntra Big Billion Days! Up to 40% off + extra 10% with HDFC Bank cards. Hurry!,Promo
Ur Swiggy order OD7816007009 has been shipped via Delhivery. Track: bit.ly/EjBcLE,Delivery
  <#> 832368 is your Swiggy code. Valid 10 min. hA8sk2Lqp3,OTP
Pay Rs.1988 on delivery for order OD287018446 -BlueDart,Delivery
OTP: 441431 for txn of Rs.13669 at Kotak. Do not share. -Kotak,OTP
Exclusive for you! Buy 1 Get 1 FREE at BigBasket. Limited period offer. Visit bit.ly/opDKBa,Promo
  ALERT: Rs.20774 withdrawn from ATM using card XX9264 on 17-02-26. Bal: Rs.141486. -Kotak,Bank
352961 - use this code to sign in to Netflix Never share it with anyone,OTP
46997 IS YOUR VERIFICATION CODE FOR NETFLIX. NEVER SHARE YOUR OTP.,OTP
Weekend special at Swiggy! Min 40% off on everything. Don't miss out: bit.ly/iwpcFi,Promo
  Cheque no. 902536641184 for Rs.62972 has been cleared from A/c XX8282. -BOB,Bank
Interest of Rs.85968 credited to your FD A/c XX4567. -PNB T&C apply,Bank
Use 492759 to complete your Ola registration. Valid till 10 mins. STOP to opt out,OTP
Gunbir from Delhivery is arriving with your package. Contact: 6282345675,Delivery
Confirmation code 577440 for Ola. Keep it private.,OTP
FLAT RS.1909 CASHBACK ON YOUR NEXT ORDER AT MEESHO. USE CODE SAVE68. VALID TILL 03 JUL.,Promo
Your BigBasket order OD6057909497 has been shipped via XpressBees. Track: bit.ly/qQIzKH,Delivery
Your Myntra code: 554064,OTP
Your one time password is 243434 for IRCTC Please do not share it,OTP
Your credit card XX7230 statement is ready. Total due: Rs.63787. Min due: Rs.2099. -Axis Bank,Bank
977036 is your Myntra security code. Anyone asking for it is a scammer.,OTP
Order OD8763661363 packed and ready! Expected dispatch by 01 Jul. -Amazon,Delivery
  Your OTP is 977986. Use it to verify your Amazon account. Expires in 2 min.,OTP
Your order OD8844308274 from Meesho is arriving tomorrow. Keep Rs.4289 ready for COD. -TM,Delivery
Exclusive for you! Buy 1 Get 1 FREE at Amazon. Limited period offer. Visit bit.ly/BhLNTZ,Promo
"Hey, my new number is +912124468953. Save it! Meet at 6pm? T&C apply",Personal
<#> 185636 is your Amazon code. Valid 2 min. hA8sk2Lqp3,OTP
Your Uber code: 3568 STOP to opt out,OTP
408832 is ur OTP for Netflix login. Valid for 2 minutes. Do not share with anyone.,OTP
cheque no. 277676980609 for rs.20780 has been cleared from a/c xx6524. -sbi,Bank
Flipkart: Your cart misses you! Complete purchase now & get 30% off. bit.ly/aSSbuT,Promo
YOUR MEESHO CODE: 690143,OTP
"Never share your OTP, PIN or CVV. BOB never asks for these. Stay safe.",Bank
Your BigBasket code: 816260,OTP
Your  Uber code: 7864,OTP
  Pay Rs.2301 on delivery for order OD982552290. -Delhivery,Delivery
Delivered! Your BigBasket order OD1617430538 was delivered on 04 Jul. Rate your experience: bit.ly/HIkDji,Delivery
Flat Rs.61 cashback on your next order at BigBasket. Use code SAVE51. Valid till 04 Jul.,Promo
YOUR MEESHO ORDER OD6212500723 HAS BEEN SHIPPED VIA BLUEDART. TRACK: BIT.LY/WFYAZU,Delivery
<#> 245086 is your HDFC Bank code. Valid 15 min. hA8sk2Lqp3,OTP
  Rs.79580 credited to A/c XX4734 on 23-03-26. Avl Bal: Rs.8770. -PNB,Bank
Last day! Flipkart clearance sale ends tonight. Up to 10% off sitewide.,Promo
enter 583593 to verify your mobile number for icici bank.,OTP
Your BigBasket order OD5887179680 has been shipped via BlueDart. Track: bit.ly/bqnjKa,Delivery
Flat Rs.951 cashback on your next order at Flipkart. Use code SAVE92. Valid till 02 Jul. T&C apply,Promo
Weekend special at Swiggy! Min 40% off on everything. Don't miss out: bit.ly/TouPJs,Promo
Cheque no. 515668445451 for Rs.84559 has been cleared from A/c XX2886. -BOB,Bank
G-777832 is your Google verification code.,OTP
dear customer ur bob account will be blocked! update kyc now: bit.ly/nqsbnt,Spam
Your OTP is 626847. Use it to verify your Uber account. Expires in 15 min.,OTP
  Congratulations! You won Rs.1214141 in lucky draw. Claim: bit.ly/PEdQvU,Spam
60516 is your verification code for HDFC Bank Never share your OTP,OTP
MYNTRA: YOUR CART MISSES YOU! COMPLETE PURCHASE NOW & GET 60% OFF. BIT.LY/ZAUESI,Promo
504521 - use this to sign in. Never share this code with anyone.,OTP
Order OD2096613373 packed and ready! Expected dispatch by 03 Jul. -BigBasket,Delivery
Rs.92111  credited to A/c XX7995 on 07-05-26. Avl Bal: Rs.105001. -BOB,Bank
OTP for delivery of order OD4533826859 is 6833. Share only with the delivery agent. -Ekart,Delivery
Flat Rs.1909 cashback on ur next order at BigBasket. Use code SAVE44. Valid till 02 Jul.,Promo
salary of rs.81864 credited to a/c xx3885. avl bal: rs.23837. -kotak,Bank
Last day! Swiggy clearance sale ends tonight. Up to 80% off sitewide.,Promo
OTP: 903365 for txn of Rs.33170 at Myntra. Do not share. -ICICI Bank,OTP
YOUR AMAZON ORDER OD2039224661 HAS BEEN SHIPPED VIA DELHIVERY. TRACK: BIT.LY/GZGUVY,Delivery
Out for delivery: Your Zomato package OD1152743131 will arrive today by 12 PM. -Delhivery,Delivery
otp: 328493 for txn of rs.15088 at icici bank. do not share. -hdfc bank,OTP
last day! myntra clearance sale ends tonight. up to 20% off sitewide.,Promo
SALARY OF RS.20238 CREDITED TO A/C XX1667. AVL BAL: RS.206353. -BOB,Bank
487060 IS YOUR UBER SECURITY CODE. ANYONE ASKING FOR IT IS A SCAMMER.,OTP
Your Meesho membership expires soon. Renew now & save 80%: bit.ly/MITKBZ,Promo
"CLASS SHIFTED TO ROOM 4458, COME FAST",Personal
Work from home! Earn Rs.1694305/month. Join: bit.ly/OBhlfO STOP to opt out,Spam
Coupon 2533 gives you free delivery on orders above Rs.644. -Amazon,Promo
Salary of Rs.58894 credited to A/c XX7694. Avl Bal: Rs.204793. -Kotak,Bank
Interest  of Rs.17867 credited to your FD A/c XX4821. -Kotak,Bank
MEGA  SALE! Get 50% OFF on all products at Meesho. Shop now: bit.ly/PACaCf T&C apply.,Promo
XPRESSBEES: SHIPMENT OD5510646681 REACHED YOUR CITY HUB. EXPECTED DELIVERY: 02 JUL.,Delivery
Your Uber code: 7222,OTP
Ur BigBasket order OD1649892214 has been shipped via Delhivery. Track: bit.ly/fpuQko,Delivery
Confirmation code 150898 for Uber. Keep it private.,OTP
Your A/c XX4063 is debited with Rs.68839 on 22-06-26. Info: UPI-Onkar. Bal: Rs.325222,Bank
Delivery attempt failed for order OD9962461131. We will retry tomorrow. -Delhivery,Delivery
  507306 - use this code to sign in to GPay. Never share it with anyone.,OTP
803341  is your OTP for SBI login. Valid for 15 minutes. Do not share with anyone.,OTP
241225 - use this to sign in. never share this code with anyone.,OTP
OTP:  741072 for txn of Rs.35999 at Hotstar. Do not share. -ICICI Bank,OTP
OTP: 549122 for txn of Rs.28261 at GPay. Do not share. -SBI,OTP
"HEY, MY NEW NUMBER IS 9453593305. SAVE IT! MEET AT 8?",Personal
Delivered! Your Swiggy order OD1418991778 was delivered on 03 Jul. Rate your experience: bit.ly/RhdoQf T&C apply,Delivery
OTP: 95460 for txn of Rs.20173 at PNB. Do not share. -Kotak,OTP
141375 is your otp for swiggy login. valid for 10 minutes. do not share with anyone.,OTP
EMI of Rs.77461 due on 21-03-26 for loan A/c XX1812. Pay now to avoid charges. -SBI,Bank
Meesho Big Billion Days! Up to 60% off + extra 10% with HDFC Bank cards. Hurry!,Promo
Tap to verify: 969522. This code expires shortly.,OTP
Rs.32446 credited to A/c XX3079 on 02-06-26. Avl Bal: Rs.169953. -HDFC Bank,Bank
  Exclusive for you! Buy 1 Get 1 FREE at Zomato. Limited period offer. Visit bit.ly/lwmJwA,Promo
Your A/c XX5703 is debited with Rs.94228 on 07-05-26. Info: UPI-Mahika. Bal: Rs.125883,Bank
Cheque  no. 815028628248 for Rs.59670 has been cleared from A/c XX5841. -BOB,Bank
alert: rs.81340 withdrawn from atm using card xx6468 on 13-01-26. bal: rs.81554. -kotak,Bank
Rs.10517 debited from A/c XX7767 on 20-05-26 to Rachit Avl Bal: Rs.72863 -PNB,Bank
YOUR OTP IS 696359. USE IT TO VERIFY YOUR ICICI BANK ACCOUNT. EXPIRES IN 10 MIN.,OTP
Confirmation code 993378 for Kotak. Keep it private.,OTP
BigBasket Big Billion Days! Up to 30% off + extra 10% with BOB cards. Hurry!,Promo
Your A/c XX7898 is debited with Rs.81347 on 05-06-26. Info: UPI-Onkar. Bal: Rs.413665,Bank
"Class shifted to room 9496, come fast -TM",Personal
Delivery  attempt failed for order OD6372048772. We will retry tomorrow. -DTDC,Delivery
Cheque no. 461835969844 for INR 9705 has been cleared from A/c XX8149. -HDFC Bank,Bank
Confirmation code 641880 for Meesho. Keep it private.,OTP
Your  one time password is 143501 for Ola. Please do not share it.,OTP
281884 is your verification code for Kotak Never share your OTP,OTP
EMI  of Rs.30000 due on 24-02-26 for loan A/c XX8276. Pay now to avoid charges. -ICICI Bank,Bank
DTDC: Shipment OD3695357678 reached your city hub Expected delivery: 02 Jul,Delivery
Use 870067 to complete your Flipkart registration. Valid till 30 mins.,OTP
Coupon 5382 gives you free delivery on orders above Rs.3953. -Flipkart,Promo
Cheque no. 915021366684 for Rs.16236 has been cleared from A/c XX4609. -ICICI Bank,Bank
334934 - use this code to sign in to Zomato Never share it with anyone,OTP
Congratulations! You won Rs.1539494 in lucky draw. Claim: bit.ly/BDoSAK -TM,Spam
ALERT: Rs.1695 withdrawn from ATM using card XX5008 on 26-01-26. Bal: Rs.180158. -PNB,Bank
EMI  of Rs.27033 due on 24-03-26 for loan A/c XX3951. Pay now to avoid charges. -Axis Bank,Bank
recharge with rs.251 & get 80% extra talktime. offer valid today only!,Promo
OTP-BASED LOGIN WAS ENABLED FOR YOUR A/C XX5861. CALL BOB IF THIS WASN'T YOU.,Bank
Pay  Rs.2566 on delivery for order OD179142189. -BlueDart,Delivery
  Gaurang from XpressBees is arriving with your package. Contact: +914593250501,Delivery
EMI OF RS.50405 DUE ON 04-05-26 FOR LOAN A/C XX6830. PAY NOW TO AVOID CHARGES. -AXIS BANK,Bank
  Confirmation code 120327 for Amazon. Keep it private.,OTP
Interest of Rs.5703 credited to your FD A/c XX1249. -HDFC Bank,Bank
flipkart big billion days! up to 80% off + extra 10% with bob cards. hurry!,Promo
<#> 299546 is your BigBasket code. Valid 10 min. hA8sk2Lqp3,OTP
Work from home! Earn Rs.615457/month. Join: bit.ly/irfdbQ,Spam
Your A/c XX7783 is debited with Rs.5356 on 19-01-26. Info: UPI-Falguni. Bal: Rs.164041,Bank
UPI payment of INR 96902 to Baghyawati successful. UPI Ref: 469797611948. -ICICI Bank,Bank
work from home! earn rs.604899/month. join: bit.ly/hxpbgv,Spam
Rs.12695 credited to A/c XX8928 on 09-02-26. Avl Bal: Rs.485285. -PNB,Bank
Your credit card XX8303 statement is ready. Total due: Rs.62890. Min due: Rs.4535. -ICICI Bank,Bank
Xavier from Ekart is arriving with your package. Contact: 00380611591,Delivery
"Never share your OTP, PIN or CVV. ICICI Bank never asks for these. Stay safe.",Bank
Recharge  with Rs.1678 & get 80% extra talktime. Offer valid today only!,Promo
your a/c xx2436 is debited with rs.61851 on 15-01-26. info: upi-ojasvi. bal: rs.381357,Bank
Weekend special at Myntra! Min 30% off on everything. Don't miss out: bit.ly/GeJiEb,Promo
Interest of INR 7247 credited to your FD A/c XX6408. -Axis Bank,Bank
BLUEDART: SHIPMENT OD7143716815 REACHED YOUR CITY HUB. EXPECTED DELIVERY: 02 JUL.,Delivery
G-99189 is your Google verification code. STOP to opt out,OTP
MYNTRA BIG BILLION DAYS! UP TO 20% OFF + EXTRA 10% WITH PNB CARDS. HURRY!,Promo
Delivery attempt failed for order OD8521835536 We will retry tomorrow -Ekart,Delivery
Delivery attempt failed for order OD7933744848. We will retry tomorrow. -DTDC -TM,Delivery
Ekart: Shipment OD1546386683 reached your city hub. Expected delivery: 02 Jul.,Delivery
BigBasket: 876635 is your login OTP. It expires in 15 minutes.,OTP
Confirmation code 559319 for Swiggy. Keep it private.,OTP
your otp is 737422. use it to verify your irctc account. expires in 2 min.,OTP
amazon: your cart misses you! complete purchase now & get 80% off. bit.ly/ohkowx,Promo
673899 is your verification code for Netflix. Never share your OTP.,OTP
Flat Rs.1133 cashback on ur next order at Myntra. Use code SAVE37. Valid till 03 Jul.,Promo
UPI payment of Rs.38052 to Hema successful. UPI Ref: 379605864881. -PNB,Bank
Meesho: Your cart misses you! Complete purchase now & get 30% off. bit.ly/sBLATN,Promo
Shravya from BlueDart is arriving with ur package. Contact: 2216228382,Delivery
Enter  51927 to verify your mobile number for BigBasket.,OTP
Your  one time password is 216618 for HDFC Bank. Please do not share it.,OTP
Alexander from BlueDart is arriving with your package. Contact: 02346321446,Delivery
Use code 5430 at checkout for 10% off at BigBasket!,Promo
Exclusive for you! Buy 1 Get 1 FREE at Zomato. Limited period offer. Visit bit.ly/DggoXC,Promo
RS.56464 CREDITED TO A/C XX2550 ON 25-03-26. AVL BAL: RS.80258. -HDFC BANK,Bank
"Hi Manthan, unlock Rs.1742 off your first order at Flipkart with code NEW84. STOP to opt out",Promo
MEGA SALE! Get 70% OFF on all products at Zomato. Shop now: bit.ly/VpXvLg T&C apply.,Promo
ZOMATO: YOUR CART MISSES YOU! COMPLETE PURCHASE NOW & GET 50% OFF. BIT.LY/MZKRMH,Promo
Flat  Rs.295 cashback on your next order at Myntra. Use code SAVE56. Valid till 02 Jul.,Promo
MYNTRA: YOUR CART MISSES YOU! COMPLETE PURCHASE NOW & GET 30% OFF. BIT.LY/YVXABG,Promo
Congratulations! You won Rs.27004 in lucky draw. Claim: bit.ly/rZyXOd,Spam
Coupon 1441 gives you free delivery on orders above Rs.3228. -Amazon,Promo
  UPI payment of Rs.66278 to Suhani successful. UPI Ref: 503721468788. -Kotak,Bank
Your SIM will be deactivated in 24hrs. Verify Aadhaar: bit.ly/AffzAD T&C apply,Spam
Recharge with Rs.382 & get 50% extra talktime Offer valid today only!,Promo
Your SIM will be deactivated in 24hrs. Verify Aadhaar: bit.ly/IRqoGo,Spam
Cheque no. 337199524068 for Rs.34252 has been cleared from A/c XX3592. -BOB,Bank
YOUR ONE TIME PASSWORD IS 583458 FOR FLIPKART. PLEASE DO NOT SHARE IT.,OTP
your order od6856977336 from bigbasket is arriving tomorrow. keep rs.1752 ready for cod.,Delivery
Enter 81031 to verify your mobile number for BOB.,OTP
  710100 - use this code to sign in to Ola. Never share it with anyone.,OTP
Your order OD9768829842 from Swiggy is arriving tomorrow. Keep Rs.2905 ready for COD. T&C apply,Delivery
OTP: 96056 for txn of Rs.17086 at Zomato. Do not share. -PNB,OTP
Matthew from XpressBees is arriving with your package. Contact: 00933117294,Delivery
emi of rs.64935 due on 08-01-26 for loan a/c xx9697. pay now to avoid charges. -axis bank,Bank
rs.71167 credited to a/c xx7555 on 03-02-26. avl bal: rs.372673. -kotak,Bank
105147 is your verification code for IRCTC. Never share your OTP.,OTP
Work from home! Earn Rs.2201359/month. Join: bit.ly/cTIacz,Spam
  Delivered! Your BigBasket order OD9984910205 was delivered on 01 Jul. Rate your experience: bit.ly/iMmXCc,Delivery
Dear customer ur ICICI Bank account will be blocked! Update KYC now: bit.ly/TFXquf,Spam
Enter 514228 to verify your mobile number for ICICI Bank.,OTP
  Your A/c XX6457 is debited with Rs.95917 on 09-06-26. Info: UPI-Idika. Bal: Rs.141969,Bank
Order OD7505707265 packed and ready! Expected dispatch by 03 Jul. -Zomato,Delivery
BOB:  690763 is your login OTP. It expires in 5 minutes.,OTP
"Class shifted to room 5979, come fast T&C apply",Personal
Ikbal from DTDC is arriving with your package. Contact: 4314087262,Delivery
Order OD8225804023 packed and ready! Expected dispatch by 03 Jul. -Meesho,Delivery
ALERT: Rs.47198 withdrawn from ATM using card XX2481 on 18-05-26. Bal: Rs.294699. -PNB,Bank
Delivered! Your Myntra order OD6500070909 was delivered on 03 Jul. Rate your experience: bit.ly/wkxTrG,Delivery
812550 is ur OTP for BigBasket login. Valid for 10 minutes. Do not share with anyone.,OTP
  Rs.2393 debited from A/c XX3576 on 14-05-26 to Pahal. Avl Bal: Rs.64927. -ICICI Bank,Bank
Flat INR 129 cashback on your next order at Amazon. Use code SAVE98. Valid till 02 Jul.,Promo
Your BigBasket membership expires soon Renew now & save 40%: bitly/jSXtcb,Promo
"Hi Triveni, unlock Rs.1680 off your first order at Meesho with code NEW88",Promo
use code 2092 at checkout for 25% off at bigbasket!,Promo
Cheque no. 424327554405 for INR 56371 has been cleared from A/c XX5032. -SBI,Bank
Low balance alert: A/c XX1722 balance is Rs.249962 Maintain min balance to avoid charges,Bank
5581 is your verification code for Meesho. Never share your OTP.,OTP
Last day! Flipkart clearance sale ends tonight. Up to 60% off sitewide.,Promo
OTP-based login was enabled for your A/c XX7991. Call HDFC Bank if this wasn't you.,Bank
  G-743650 is your Google verification code.,OTP
  Low balance alert: A/c XX1680 balance is Rs.79610. Maintain min balance to avoid charges.,Bank
  Your order OD2820602527 from Swiggy is arriving tomorrow. Keep Rs.4668 ready for COD.,Delivery
Your order OD7826796841 from Zomato is arriving tomorrow. Keep Rs.2831 ready for COD.,Delivery
Your A/c XX1375 is debited with INR 82168 on 20-01-26. Info: UPI-Ryan. Bal: INR 338187,Bank
824406 - use this to sign in. Never share this code with anyone.,OTP
OTP for delivery of order OD4888386829 is 9827. Share only with the delivery agent. -Ekart,Delivery
Recharge with Rs.144 & get 20% extra talktime. Offer valid today only!,Promo
WEEKEND SPECIAL AT SWIGGY! MIN 50% OFF ON EVERYTHING. DON'T MISS OUT: BIT.LY/GHMBKQ,Promo
206578 IS YOUR PNB SECURITY CODE. ANYONE ASKING FOR IT IS A SCAMMER.,OTP
930643  is your OTP for HDFC Bank login. Valid for 10 minutes. Do not share with anyone.,OTP
Tap to verify: 545220. This code expires shortly.,OTP
Your return pickup for order OD2591283956 is scheduled on 02 Jul. Keep the item ready. -Swiggy,Delivery
613777 is ur OTP for GPay login. Valid for 2 minutes. Do not share with anyone.,OTP
Your Zomato order OD2875479298 has been shipped via Delhivery Track: bitly/KyevpE,Delivery
"Hi Wakeeta, unlock Rs.303 off your first order at Amazon with code NEW84.",Promo
Low balance alert: A/c XX9525 balance is Rs.474882. Maintain min balance to avoid charges.,Bank
Out for delivery: Your Myntra package OD9281433362 will arrive today by 6 PM -BlueDart,Delivery
Confirmation code 972200 for Amazon. Keep it private.,OTP
Ur A/c XX9398 is debited with Rs.6319 on 06-05-26. Info: UPI-Lavanya. Bal: Rs.341822,Bank
Flipkart: Your cart misses you! Complete purchase now & get 50% off. bit.ly/eCvSFQ,Promo
Confirmation code 923882 for GPay. Keep it private. -TM,OTP
"Class  shifted to room 5998, come fast",Personal
Your  Meesho membership expires soon. Renew now & save 30%: bit.ly/QMFwEW,Promo
Last day! Amazon clearance sale ends tonight. Up to 40% off sitewide.,Promo
Interest of INR 59330 credited to your FD A/c XX7941. -BOB,Bank
Your Zomato membership expires soon. Renew now & save 20%: bit.ly/ADLJxj,Promo
Ur Zomato order OD5350042861 has been shipped via DTDC. Track: bit.ly/aEhXme,Delivery
ALERT: Rs.24443 withdrawn from ATM using card XX6042 on 20-06-26. Bal: Rs.404813. -ICICI Bank,Bank
  Interest of Rs.79825 credited to your FD A/c XX2732. -PNB,Bank
Delivery attempt failed for order OD8565560483. We will retry tomorrow. -XpressBees,Delivery
"Hi Neel, unlock Rs.1272 off your first order at BigBasket with code NEW37.",Promo
"Hi Gopal, unlock INR 1314 off your first order at Zomato with code NEW78.",Promo
EMI of INR 9019 due on 10-02-26 for loan A/c XX1297. Pay now to avoid charges. -PNB,Bank
"CLASS SHIFTED TO ROOM 9323, COME FAST",Personal
Amara from DTDC is arriving with your package. Contact: 1625291202,Delivery
IRCTC: 721753 is your login OTP. It expires in 10 minutes.,OTP
OTP  for delivery of order OD6247275131 is 2703. Share only with the delivery agent. -DTDC,Delivery
Dear customer ur Kotak account will be blocked! Update KYC now: bit.ly/IGhJAN,Spam
Cheque no. 714603381577 for Rs.437 has been cleared from A/c XX3559. -PNB,Bank
Your one time password is 750734 for GPay. Please do not share it.,OTP
upi payment of rs.25962 to maanav successful. upi ref: 179028478927. -sbi,Bank
OTP for delivery of order OD4390842031 is 3479 Share only with the delivery agent -Ekart,Delivery
Out for delivery: Your Flipkart package OD2809143722 will arrive today by 6 PM. -Delhivery,Delivery
Interest of Rs.39615 credited to ur FD A/c XX6521. -HDFC Bank,Bank
"bro send me rs.1652 on gpay, will return by 03 jul",Personal
Cheque no. 224062048723 for Rs.28794 has been cleared from A/c XX4217. -BOB,Bank
amazon: 841849 is your login otp. it expires in 10 minutes.,OTP
G-504104 is your Google verification code.,OTP
596975 is ur verification code for Netflix. Never share ur OTP.,OTP
Recharge with Rs.2000 & get 10% extra talktime. Offer valid today only!,Promo
  OTP for delivery of order OD6780430882 is 4713. Share only with the delivery agent. -Delhivery,Delivery
Ur A/c XX7914 is debited with Rs.49799 on 14-04-26. Info: UPI-Baghyawati. Bal: Rs.430285,Bank
Delhivery: Shipment OD7560825484 reached your city hub. Expected delivery: 02 Jul. -TM,Delivery
rs.99271 credited to a/c xx3528 on 19-03-26. avl bal: rs.209519. -hdfc bank,Bank
OTP FOR DELIVERY OF ORDER OD5510099281 IS 6321. SHARE ONLY WITH THE DELIVERY AGENT. -DTDC,Delivery
Low balance alert: A/c XX7347 balance is Rs.469272. Maintain min balance to avoid charges.,Bank
MEGA SALE! Get 40% OFF on all products at Swiggy. Shop now: bit.ly/mHRwXw T&C apply.,Promo
Flipkart: Your cart misses you! Complete purchase now & get 70% off bitly/lZmmVB,Promo
ALERT: Rs.59139 withdrawn from ATM using card XX3334 on 09-04-26 Bal: Rs.254739 -SBI,Bank
Your Meesho membership expires soon. Renew now & save 10%: bit.ly/DoHgDl,Promo
"never share your otp, pin or cvv. axis bank never asks for these. stay safe.",Bank
EMI OF RS.27915 DUE ON 21-03-26 FOR LOAN A/C XX5664. PAY NOW TO AVOID CHARGES. -KOTAK,Bank
WORK FROM HOME! EARN RS.1961112/MONTH. JOIN: BIT.LY/ITUCTT,Spam
Flat Rs.321 cashback on ur next order at Flipkart. Use code SAVE80. Valid till 04 Jul.,Promo
<#> 565224 IS YOUR PHONEPE CODE. VALID 15 MIN. HA8SK2LQP3,OTP
MEGA SALE! Get 40% OFF on all products at Meesho. Shop now: bit.ly/hoTtCv T&C apply.,Promo
INR 29992 debited from A/c XX8289 on 07-06-26 to Girik. Avl Bal: INR 305334. -SBI,Bank
Your SIM will be deactivated in 24hrs. Verify Aadhaar: bit.ly/lGEgfS,Spam
  Order OD4570123734 packed and ready! Expected dispatch by 04 Jul. -Swiggy,Delivery
Rs.51390 credited to A/c XX9388 on 19-03-26. Avl Bal: Rs.470246. -ICICI Bank,Bank
Your Amazon membership expires soon. Renew now & save 40%: bit.ly/DTjBdk,Promo
Your Uber code: 8565,OTP
last day! swiggy clearance sale ends tonight. up to 80% off sitewide.,Promo
OUT FOR DELIVERY: YOUR MEESHO PACKAGE OD9506336878 WILL ARRIVE TODAY BY 9 PM. -DELHIVERY,Delivery
ALERT: Rs.41280 withdrawn from ATM using card XX3445 on 28-01-26. Bal: Rs.280780. -Kotak,Bank
  Dear customer ur Axis Bank account will be blocked! Update KYC now: bit.ly/ZJjhZl,Spam
98069 is your otp for hotstar login. valid for 5 minutes. do not share with anyone.,OTP
Cheque  no. 865333789688 for Rs.28474 has been cleared from A/c XX7059. -Kotak,Bank
Myntra: Your cart misses you! Complete purchase now & get 80% off bitly/BUjVqc,Promo
Out for delivery: Your Myntra package OD9558710940 will arrive today by 6 PM. -BlueDart,Delivery
Use 534894 to complete your ICICI Bank registration. Valid till 30 mins.,OTP
Your  credit card XX3924 statement is ready. Total due: Rs.82823. Min due: Rs.3953. -Axis Bank,Bank
685102 is your Axis Bank security code Anyone asking for it is a scammer,OTP
Your one time password is 384098 for Hotstar. Please do not share it.,OTP
OTP-based login was enabled for your A/c XX6697 Call HDFC Bank if this wasn't you,Bank
Order  OD7660314833 packed and ready! Expected dispatch by 01 Jul. -Flipkart,Delivery
Exclusive  for you! Buy 1 Get 1 FREE at Amazon. Limited period offer. Visit bit.ly/kUPCkI,Promo
"Bro send me Rs.1361 on gpay, will return by 01 Jul",Personal
Ur order OD5110910316 from Swiggy is arriving tomorrow. Keep Rs.4658 ready for COD.,Delivery
YOUR OTP IS 238880. USE IT TO VERIFY YOUR AXIS BANK ACCOUNT. EXPIRES IN 10 MIN.,OTP
Congratulations! You won Rs.96957 in lucky draw. Claim: bit.ly/nrJleq T&C apply,Spam
Salary of INR 85057 credited to A/c XX1576. Avl Bal: INR 234148. -HDFC Bank,Bank
out for delivery: your flipkart package od8404521300 will arrive today by 3 pm. -dtdc,Delivery
Salary of Rs.73552 credited to A/c XX8731. Avl Bal: Rs.98971. -BOB,Bank
734355 is your OTP for GPay login. Valid for 30 minutes. Do not share with anyone.,OTP
Your A/c XX5135 is debited with INR 94655 on 04-02-26. Info: UPI-Baljiwan. Bal: INR 451519,Bank
"Bro send me Rs.3567 on gpay, will return by 04 Jul",Personal
<#> 25248 is your Paytm code Valid 5 min hA8sk2Lqp3,OTP
"Class  shifted to room 2044, come fast",Personal
Rs.77372 debited from A/c XX9092 on 27-05-26 to Ishaan. Avl Bal: Rs.263436. -SBI,Bank
  Use 414975 to complete your PNB registration. Valid till 30 mins.,OTP
Work from home! Earn Rs.861636/month. Join: bit.ly/aKyDCw,Spam
930668 is your verification code for IRCTC. Never share your OTP. T&C apply,OTP
Rs.14311 credited to A/c XX8618 on 02-04-26. Avl Bal: Rs.408844. -ICICI Bank,Bank
Zomato: Your cart misses you! Complete purchase now & get 60% off. bit.ly/oJahSg,Promo
Rs.95924  credited to A/c XX3719 on 24-01-26. Avl Bal: Rs.85853. -ICICI Bank,Bank
Your one time password is 208197 for Amazon. Please do not share it.,OTP
EXCLUSIVE FOR YOU! BUY 1 GET 1 FREE AT BIGBASKET. LIMITED PERIOD OFFER. VISIT BIT.LY/YONUGT,Promo
rs.39847 credited to a/c xx4175 on 04-03-26. avl bal: rs.26056. -hdfc bank,Bank
Dear  customer ur Kotak account will be blocked! Update KYC now: bit.ly/qRzOxu,Spam
Exclusive for you! Buy 1 Get 1 FREE at BigBasket. Limited period offer. Visit bit.ly/dknqeF,Promo
361606 is your verification code for IRCTC. Never share your OTP.,OTP
Your BigBasket membership expires soon. Renew now & save 30%: bit.ly/qaKcSe -TM,Promo
Your SIM will be deactivated in 24hrs. Verify Aadhaar: bit.ly/qDWJJO,Spam
Recharge with Rs.1785 & get 20% extra talktime. Offer valid today only!,Promo
INTEREST OF RS.18200 CREDITED TO YOUR FD A/C XX3765. -SBI,Bank
634584 is your myntra security code. anyone asking for it is a scammer.,OTP
"  Bro send me Rs.4640 on gpay, will return by 03 Jul",Personal
Use code 5331 at checkout for 10% off at Myntra!,Promo
"Class shifted to room 4711, come fast",Personal
Delivery attempt failed for order OD7235120187. We will retry tomorrow. -BlueDart,Delivery
  Your credit card XX2065 statement is ready. Total due: Rs.70041. Min due: Rs.3421. -PNB,Bank
YOUR RETURN PICKUP FOR ORDER OD2081510004 IS SCHEDULED ON 04 JUL. KEEP THE ITEM READY. -AMAZON,Delivery
Last day! Myntra clearance sale ends tonight. Up to 50% off sitewide.,Promo
MEGA SALE! Get 80% OFF on all products at Myntra. Shop now: bit.ly/CUJPkA T&C apply.,Promo
Myntra: Your cart misses you! Complete purchase now & get 80% off. bit.ly/upPBqh,Promo
"Bro send me Rs.1532 on gpay, will return by 02 Jul",Personal
Tap to verify: 728134. This code expires shortly.,OTP
"bro send me rs.4846 on gpay, will return by 03 jul",Personal
Your return pickup for order OD1295390106 is scheduled on 01 Jul. Keep the item ready. -Swiggy,Delivery
Recharge with Rs.1285 & get 40% extra talktime. Offer valid today only! STOP to opt out,Promo
INR 5472 credited to A/c XX9297 on 24-05-26. Avl Bal: INR 285715. -ICICI Bank,Bank
Ur Uber code: 5625,OTP
Your  return pickup for order OD6642745999 is scheduled on 02 Jul. Keep the item ready. -Meesho,Delivery
"Hey, my new number is 05940497315. Save it! Meet at 6pm?",Personal
UPI payment of Rs.93004 to Gaurav successful. UPI Ref: 711311735356. -PNB STOP to opt out,Bank
170628 is your verification code for Kotak. Never share your OTP.,OTP
OTP for delivery of order OD2720112679 is 1915. Share only with the delivery agent. -Ekart,Delivery
Confirmation code 113507 for Flipkart. Keep it private.,OTP
Enter  870740 to verify your mobile number for HDFC Bank.,OTP
  Cheque no. 647946213861 for Rs.94473 has been cleared from A/c XX6847. -SBI,Bank
EMI of Rs.74039 due on 10-05-26 for loan A/c XX8616 Pay now to avoid charges -SBI,Bank
  Zarna from DTDC is arriving with your package. Contact: 0642460241,Delivery
"Hi Nikita, unlock Rs.1996 off your first order at Myntra with code NEW85.",Promo
ALERT: RS.33402 WITHDRAWN FROM ATM USING CARD XX4214 ON 04-03-26. BAL: RS.80471. -SBI,Bank
Your A/c XX9499 is debited with Rs.89618 on 17-05-26 Info: UPI-Raagini Bal: Rs.431327,Bank
684288 is your otp for hotstar login. valid for 5 minutes. do not share with anyone.,OTP
Delivery  attempt failed for order OD2242583304. We will retry tomorrow. -Ekart,Delivery
EMI of Rs.6248 due on 08-02-26 for loan A/c XX9198. Pay now to avoid charges. -ICICI Bank,Bank
UPI payment of Rs.53984 to Vivaan successful. UPI Ref: 914213090599. -ICICI Bank,Bank
Ekart: Shipment OD9770368553 reached your city hub. Expected delivery: 02 Jul.,Delivery
Flat Rs.1450 cashback on ur next order at Zomato. Use code SAVE93. Valid till 03 Jul.,Promo
EMI of Rs.39562 due on 19-02-26 for loan A/c XX5070. Pay now to avoid charges. -PNB T&C apply,Bank
  Myntra: 663842 is your login OTP. It expires in 15 minutes.,OTP
117802 - use this code to sign in to PNB. Never share it with anyone.,OTP
  256453 - use this to sign in. Never share this code with anyone.,OTP
Delivered! Your Swiggy order OD5568155640 was delivered on 03 Jul. Rate your experience: bit.ly/mYBkqH,Delivery
Your SIM will be deactivated in 24hrs. Verify Aadhaar: bit.ly/epEAcf,Spam
  Order OD4925764414 packed and ready! Expected dispatch by 04 Jul. -BigBasket,Delivery
Your SIM will be deactivated in 24hrs. Verify Aadhaar: bit.ly/eLBIhp,Spam
Interest of Rs.80521 credited to your FD A/c XX7251. -ICICI Bank,Bank
G-43969 is your Google verification code.,OTP
unni from bluedart is arriving with your package. contact: +914612963457,Delivery
Hotstar: 490364 is ur login OTP. It expires in 2 minutes.,OTP
Pay INR 3087 on delivery for order OD171245100. -BlueDart,Delivery
order od4726582543 packed and ready! expected dispatch by 03 jul. -bigbasket,Delivery
Use 400492 to complete your GPay registration. Valid till 15 mins. T&C apply,OTP
Out for delivery: Your Zomato package OD2256328914 will arrive today by 12 PM -BlueDart,Delivery
GPay: 103278 is ur login OTP. It expires in 2 minutes.,OTP
Your PNB code: 560047 -TM,OTP
  810579 is your verification code for SBI. Never share your OTP.,OTP
RS.3790 CREDITED TO A/C XX5146 ON 08-05-26. AVL BAL: RS.397154. -AXIS BANK,Bank
Ur Flipkart membership expires soon. Renew now & save 20%: bit.ly/ctZCVR,Promo
Delivery attempt failed for order OD5610634977. We will retry tomorrow. -BlueDart,Delivery
upi payment of rs.98923 to sanya successful. upi ref: 807005918937. -hdfc bank,Bank
Delivered! Your Meesho order OD6507414593 was delivered on 01 Jul. Rate your experience: bit.ly/bWWSzo T&C apply,Delivery
Coupon 1636 gives you free delivery on orders above Rs.3174. -Meesho,Promo
AMAZON BIG BILLION DAYS! UP TO 50% OFF + EXTRA 10% WITH ICICI BANK CARDS. HURRY!,Promo
647191  - use this code to sign in to IRCTC. Never share it with anyone.,OTP
<#> 870599 is ur Flipkart code. Valid 15 min. hA8sk2Lqp3,OTP
"Bro send me Rs.3788 on gpay, will return by 01 Jul",Personal
Your  Meesho order OD3217950457 has been shipped via BlueDart. Track: bit.ly/lbHQqS,Delivery
EMI OF RS.28525 DUE ON 16-06-26 FOR LOAN A/C XX7517. PAY NOW TO AVOID CHARGES. -AXIS BANK,Bank
Congratulations! You won Rs.1509879 in lucky draw. Claim: bit.ly/XTwnzv STOP to opt out,Spam
Coupon 1937 gives you free delivery on orders above INR 2735. -Meesho,Promo
Charles from DTDC is arriving with ur package. Contact: +910759661658,Delivery
Work from home! Earn Rs.1602479/month Join: bitly/JsCzEz,Spam
"never share your otp, pin or cvv. bob never asks for these. stay safe.",Bank
527854 is your OTP for Swiggy login. Valid for 5 minutes. Do not share with anyone.,OTP
"  Class shifted to room 6702, come fast",Personal
Your Amazon order OD4177590491 has been shipped via Ekart. Track: bit.ly/cDfixS,Delivery
Recharge with INR 1036 & get 60% extra talktime. Offer valid today only!,Promo
Cheque no. 855836594183 for Rs.62116 has been cleared from A/c XX3737. -ICICI Bank,Bank
Last day! Swiggy clearance sale ends tonight. Up to 60% off sitewide.,Promo
Recharge with Rs.400 & get 30% extra talktime Offer valid today only!,Promo
Out for delivery: Ur Myntra package OD4377883463 will arrive today by 6 PM. -DTDC,Delivery
Out for delivery: Your BigBasket package OD4187684140 will arrive today by 6 PM -DTDC,Delivery
Meesho Big Billion Days! Up to 40% off + extra 10% with SBI cards. Hurry!,Promo
OTP for delivery of order OD6933802321 is 5769. Share only with the delivery agent. -DTDC STOP to opt out,Delivery
Salary of Rs.87748 credited to A/c XX4057. Avl Bal: Rs.241384. -Axis Bank,Bank
924837 is your BigBasket security code. Anyone asking for it is a scammer.,OTP
Dear customer ur PNB account will be blocked! Update KYC now: bitly/pMTKLT,Spam
cheque no. 439873544005 for rs.98410 has been cleared from a/c xx8860. -axis bank,Bank
Weekend special at Meesho! Min 60% off on everything. Don't miss out: bit.ly/dZgSyx,Promo
"Never share your OTP, PIN or CVV. Kotak never asks for these. Stay safe.",Bank
Zomato: Your cart misses you! Complete purchase now & get 20% off bitly/FwSJgn,Promo
G-391528 is ur Google verification code.,OTP
Recharge with INR 452 & get 60% extra talktime. Offer valid today only!,Promo
EMI of Rs.33145 due on 06-05-26 for loan A/c XX2052 Pay now to avoid charges -HDFC Bank,Bank
Your credit card XX5988 statement is ready Total due: Rs.16163 Min due: Rs.3621 -HDFC Bank,Bank
32530 is ur Meesho security code. Anyone asking for it is a scammer.,OTP
Pay  Rs.2631 on delivery for order OD676433060. -DTDC,Delivery
DTDC: Shipment OD4715132380 reached your city hub. Expected delivery: 01 Jul.,Delivery
Out for delivery: Your Swiggy package OD3851755250 will arrive today by 6 PM. -DTDC,Delivery
YOUR OTP IS 58291. USE IT TO VERIFY YOUR PNB ACCOUNT. EXPIRES IN 30 MIN.,OTP
Salary  of Rs.54059 credited to A/c XX9153. Avl Bal: Rs.184763. -BOB,Bank
"Class shifted to room 7058, come fast",Personal
emi of rs.40987 due on 30-03-26 for loan a/c xx4355. pay now to avoid charges. -hdfc bank,Bank
recharge with rs.303 & get 10% extra talktime. offer valid today only!,Promo
Low balance alert: A/c XX3484 balance is Rs.25870. Maintain min balance to avoid charges.,Bank
Interest  of Rs.4088 credited to your FD A/c XX6426. -SBI,Bank
Your order OD7077569814 from Zomato is arriving tomorrow. Keep Rs.4697 ready for COD.,Delivery
confirmation code 411164 for zomato. keep it private.,OTP
  OTP-based login was enabled for your A/c XX5254. Call HDFC Bank if this wasn't you.,Bank
"Class  shifted to room 3929, come fast",Personal
G-896941 is your Google verification code,OTP
BIGBASKET: 248198 IS YOUR LOGIN OTP. IT EXPIRES IN 30 MINUTES.,OTP
Your Myntra order OD3920923394 has been shipped via Delhivery Track: bitly/RPTZUe,Delivery
Weekend special at Zomato! Min 30% off on everything Don't miss out: bitly/NyhxRs,Promo
Exclusive for you! Buy 1 Get 1 FREE at Meesho. Limited period offer. Visit bit.ly/nOzCTz,Promo
Recharge with Rs.1376 & get 40% extra talktime. Offer valid today only! STOP to opt out,Promo
Your return pickup for order OD8808300095 is scheduled on 01 Jul. Keep the item ready. -Meesho,Delivery
Your ICICI Bank code: 462322 -TM,OTP
OTP: 132065 for txn of Rs.6789 at ICICI Bank. Do not share. -ICICI Bank,OTP
CONFIRMATION CODE 984713 FOR NETFLIX. KEEP IT PRIVATE.,OTP
Your Axis Bank code: 19197,OTP
YOUR UBER CODE: 3360,OTP
Enter 356269 to verify ur mobile number for Axis Bank.,OTP
Your Swiggy order OD8005423808 has been shipped via Ekart Track: bitly/OckSby,Delivery
Your  order OD3537422250 from Swiggy is arriving tomorrow. Keep Rs.2011 ready for COD.,Delivery
Recharge with Rs.609 & get 10% extra talktime. Offer valid today only!,Promo
Confirmation code 983232 for HDFC Bank. Keep it private.,OTP
Order OD9492849165 packed and ready! Expected dispatch by 03 Jul. -Myntra,Delivery
Order OD2435688033 packed and ready! Expected dispatch by 02 Jul. -Zomato,Delivery
Out for delivery: Ur Flipkart package OD2287107291 will arrive today by 6 PM. -Delhivery,Delivery
Your Myntra code: 222564,OTP
502919 is your HDFC Bank security code Anyone asking for it is a scammer,OTP
your icici bank code: 66136,OTP
Rs.40059 debited from A/c XX7320 on 22-01-26 to Anirudh Avl Bal: Rs.463380 -BOB,Bank
Interest of Rs.18884 credited to your FD A/c XX4846. -Axis Bank,Bank
  Your A/c XX2336 is debited with Rs.84781 on 03-06-26. Info: UPI-Yamini. Bal: Rs.488128,Bank
Salary of Rs.49147 credited to A/c XX9126. Avl Bal: Rs.337121. -PNB,Bank
MEGA SALE! GET 10% OFF ON ALL PRODUCTS AT BIGBASKET. SHOP NOW: BIT.LY/QKRWDM T&C APPLY.,Promo
Salary of Rs.39098 credited to A/c XX5537. Avl Bal: Rs.377843. -Axis Bank,Bank
Work from home! Earn Rs.150783/month. Join: bit.ly/FkiQPZ,Spam
G-643728 IS YOUR GOOGLE VERIFICATION CODE.,OTP
Enter 768421 to verify your mobile number for Uber.,OTP
"Bro send me Rs.3380 on gpay, will return by 04 Jul",Personal
exclusive for you! buy 1 get 1 free at flipkart. limited period offer. visit bit.ly/jmgmtk,Promo
Use 888997 to complete your Axis Bank registration. Valid till 15 mins.,OTP
Salary of Rs.72694 credited to A/c XX3119. Avl Bal: Rs.300723. -ICICI Bank,Bank
Your Meesho membership expires soon. Renew now & save 70%: bit.ly/IUwiXo,Promo
"Hey, my new number is +912590024715. Save it! Meet at 8?",Personal
ALERT: Rs.83334 withdrawn from ATM using card XX7222 on 30-05-26. Bal: Rs.390522. -Axis Bank,Bank
Coupon  4838 gives you free delivery on orders above Rs.3629. -Amazon,Promo
"NEVER SHARE YOUR OTP, PIN OR CVV. KOTAK NEVER ASKS FOR THESE. STAY SAFE.",Bank
"Never share your OTP, PIN or CVV. BOB never asks for these. Stay safe.",Bank
Exclusive for you! Buy 1 Get 1 FREE at Swiggy. Limited period offer. Visit bit.ly/xemWCP T&C apply,Promo
Delivered! Your Meesho order OD3909187311 was delivered on 04 Jul. Rate your experience: bit.ly/LKTwOa,Delivery
Weekend special at Amazon! Min 10% off on everything. Don't miss out: bit.ly/RPHtYE,Promo
Interest of Rs.6111 credited to ur FD A/c XX7952. -HDFC Bank,Bank
Low balance alert: A/c XX7464 balance is Rs.10191. Maintain min balance to avoid charges.,Bank
your sim will be deactivated in 24hrs. verify aadhaar: bit.ly/thlcrq,Spam
COUPON 2211 GIVES YOU FREE DELIVERY ON ORDERS ABOVE RS.500. -BIGBASKET,Promo
Salary  of Rs.1157 credited to A/c XX1836. Avl Bal: Rs.42526. -PNB,Bank
Delivery attempt failed for order OD4171250003. We will retry tomorrow. -Delhivery,Delivery
Your  Uber code: 3925,OTP
bigbasket big billion days! up to 30% off + extra 10% with axis bank cards. hurry!,Promo
MEGA  SALE! Get 80% OFF on all products at Swiggy. Shop now: bit.ly/vPVXDK T&C apply.,Promo
842282 - use this to sign in. Never share this code with anyone.,OTP
Low balance alert: A/c XX9251 balance is Rs.376154. Maintain min balance to avoid charges.,Bank
OTP FOR DELIVERY OF ORDER OD2129171604 IS 4683. SHARE ONLY WITH THE DELIVERY AGENT. -EKART,Delivery
Rs.29916 credited to A/c XX2128 on 11-03-26. Avl Bal: Rs.241839. -HDFC Bank,Bank
UPI payment of Rs.29114 to Andrew successful. UPI Ref: 953717539833. -PNB,Bank
otp for delivery of order od3681657826 is 8442. share only with the delivery agent. -bluedart,Delivery
Exclusive for you! Buy 1 Get 1 FREE at Zomato. Limited period offer. Visit bit.ly/aEUZiv,Promo
Your Uber code: 6212,OTP
Your return pickup for order OD7763165365 is scheduled on 04 Jul. Keep the item ready. -Amazon,Delivery
Flat Rs.725 cashback on your next order at Swiggy. Use code SAVE28. Valid till 01 Jul.,Promo
Salary of Rs.71359 credited to A/c XX4835. Avl Bal: Rs.162050. -SBI,Bank
Your OTP is 488394. Use it to verify your Paytm account. Expires in 5 min.,OTP
  Your one time password is 658583 for BOB. Please do not share it.,OTP
"Class shifted to room 9492, come fast T&C apply",Personal
INR 80108 debited from A/c XX5326 on 27-04-26 to Harsh. Avl Bal: INR 256012. -ICICI Bank,Bank
Interest of INR 49726 credited to your FD A/c XX2783. -PNB,Bank
RS.30977 DEBITED FROM A/C XX7669 ON 05-01-26 TO NATHANIEL. AVL BAL: RS.9684. -AXIS BANK,Bank
EMI of Rs.61658 due on 01-04-26 for loan A/c XX4152. Pay now to avoid charges. -SBI STOP to opt out,Bank
Out for delivery: Your Meesho package OD9555130250 will arrive today by 6 PM. -BlueDart,Delivery
mega sale! get 10% off on all products at amazon. shop now: bit.ly/mzhpcg t&c apply.,Promo
Use 318623 to complete your Axis Bank registration. Valid till 30 mins.,OTP
Last day! Zomato clearance sale ends tonight. Up to 50% off sitewide.,Promo
Amazon Big Billion Days! Up to 70% off + extra 10% with SBI cards. Hurry!,Promo
  Delivered! Your BigBasket order OD6918982374 was delivered on 01 Jul. Rate your experience: bit.ly/jGJqHW,Delivery
OTP for delivery of order OD1429129490 is 1345 Share only with the delivery agent -BlueDart,Delivery
Tap to verify: 874900. This code expires shortly.,OTP
OTP for delivery of order OD4623298590 is 8377. Share only with the delivery agent. -XpressBees,Delivery
Your return pickup for order OD1202872365 is scheduled on 02 Jul. Keep the item ready. -Zomato,Delivery
Your one time password is 198154 for BigBasket. Please do not share it.,OTP
Your one time password is 146161 for Meesho. Please do not share it. T&C apply,OTP
DEAR CUSTOMER UR ICICI BANK ACCOUNT WILL BE BLOCKED! UPDATE KYC NOW: BIT.LY/GUOSHO,Spam
67530 is ur OTP for ICICI Bank login. Valid for 10 minutes. Do not share with anyone.,OTP
  Salary of Rs.57790 credited to A/c XX6512. Avl Bal: Rs.13917. -Axis Bank,Bank
Flat Rs.192 cashback on your next order at Zomato. Use code SAVE15. Valid till 02 Jul.,Promo
Your A/c XX9950 is debited with Rs.1992 on 06-03-26. Info: UPI-Jagat. Bal: Rs.15030,Bank
Your  OTP is 881959. Use it to verify your Axis Bank account. Expires in 5 min.,OTP
Your Amazon membership expires soon. Renew now & save 10%: bit.ly/iikjKO,Promo
Arjun from XpressBees is arriving with your package. Contact: +916118097136 STOP to opt out,Delivery
"Hey, my new number is 02044050044. Save it! Meet at noon?",Personal
"  Class shifted to room 1510, come fast",Personal
LAST DAY! MEESHO CLEARANCE SALE ENDS TONIGHT. UP TO 20% OFF SITEWIDE.,Promo
BigBasket: Your cart misses you! Complete purchase now & get 10% off. bit.ly/jCIwfI,Promo
Recharge with Rs.1710 & get 60% extra talktime. Offer valid today only! -TM,Promo
Rs.75613 debited from A/c XX1292 on 04-03-26 to Gavin. Avl Bal: Rs.62443. -BOB,Bank
  Salary of Rs.62478 credited to A/c XX9081. Avl Bal: Rs.441521. -ICICI Bank,Bank
"Never share your OTP, PIN or CVV. HDFC Bank never asks for these. Stay safe.",Bank
Cheque no. 299461414164 for Rs.51289 has been cleared from A/c XX1983. -PNB,Bank
243481 is your OTP for BOB login. Valid for 10 minutes. Do not share with anyone.,OTP
MEGA SALE! Get 60% OFF on all products at Zomato. Shop now: bit.ly/QrPlXe T&C apply.,Promo
Rs.74874 debited from A/c XX2246 on 28-03-26 to Vidhi. Avl Bal: Rs.449338. -Kotak,Bank
Myntra Big Billion Days! Up to 50% off + extra 10% with Axis Bank cards. Hurry! T&C apply,Promo
  942892 - use this code to sign in to Axis Bank. Never share it with anyone.,OTP
  Your credit card XX7146 statement is ready. Total due: Rs.34190. Min due: Rs.4793. -PNB,Bank
Pay  Rs.346 on delivery for order OD621412762. -DTDC,Delivery
Use  2905 to complete your Netflix registration. Valid till 5 mins.,OTP
Your IRCTC code: 454341,OTP
Flat Rs.1037 cashback on your next order at Amazon. Use code SAVE25. Valid till 04 Jul.,Promo
Order  OD1603070238 packed and ready! Expected dispatch by 01 Jul. -Swiggy,Delivery
DTDC: Shipment OD9885971075 reached your city hub. Expected delivery: 04 Jul.,Delivery
Use 886106 to complete your SBI registration. Valid till 30 mins.,OTP
"Hi Rachita, unlock Rs.474 off your first order at Zomato with code NEW39. T&C apply",Promo
1462 is ur verification code for Netflix. Never share ur OTP.,OTP
Order OD6635078668 packed and ready! Expected dispatch by 04 Jul. -Flipkart,Delivery
Arin from XpressBees is arriving with your package. Contact: 3863767009 T&C apply,Delivery
Rs.1540 debited from A/c XX3189 on 06-06-26 to Yadavi. Avl Bal: Rs.283846. -SBI -TM,Bank
  Delivered! Your Zomato order OD6791906723 was delivered on 02 Jul. Rate your experience: bit.ly/RtyGJq,Delivery
Rs.78469 debited from A/c XX4478 on 08-01-26 to Bhavna. Avl Bal: Rs.102177. -Kotak,Bank
Kotak: 583531 is your login OTP. It expires in 2 minutes.,OTP
Your order OD7660929352 from Flipkart is arriving tomorrow Keep Rs.3353 ready for COD,Delivery
680514 is your OTP for PhonePe login. Valid for 30 minutes. Do not share with anyone.,OTP
G-88436 IS YOUR GOOGLE VERIFICATION CODE.,OTP
882402 - USE THIS CODE TO SIGN IN TO NETFLIX. NEVER SHARE IT WITH ANYONE.,OTP
Rs.81327 debited from A/c XX7631 on 31-01-26 to Ekani. Avl Bal: Rs.408051. -Kotak,Bank
562636 - USE THIS CODE TO SIGN IN TO MEESHO. NEVER SHARE IT WITH ANYONE.,OTP
your a/c xx4666 is debited with rs.7427 on 27-01-26. info: upi-amruta. bal: rs.382268,Bank
  OTP-based login was enabled for your A/c XX3621. Call HDFC Bank if this wasn't you.,Bank
Weekend special at Meesho! Min 80% off on everything. Don't miss out: bit.ly/OBrzrH,Promo
Congratulations! You won Rs.1633272 in lucky draw Claim: bitly/ACsHYK,Spam
alert: rs.53456 withdrawn from atm using card xx1306 on 12-03-26. bal: rs.494975. -kotak,Bank
Ur credit card XX4387 statement is ready. Total due: Rs.13905. Min due: Rs.4683. -Axis Bank,Bank
"CLASS SHIFTED TO ROOM 6603, COME FAST",Personal
use 578250 to complete your bob registration. valid till 15 mins.,OTP
your one time password is 829970 for pnb. please do not share it.,OTP
"Bro send me INR 485 on gpay, will return by 02 Jul",Personal
Swiggy Big Billion Days! Up to 60% off + extra 10% with BOB cards. Hurry!,Promo
Flipkart: 704373 is your login OTP. It expires in 15 minutes.,OTP
interest of rs.90530 credited to your fd a/c xx4265. -icici bank,Bank
  Your Uber code: 3755,OTP
UPI payment of Rs.69124 to Sanaya successful. UPI Ref: 833431033786. -Axis Bank,Bank
183726 - USE THIS TO SIGN IN. NEVER SHARE THIS CODE WITH ANYONE.,OTP
Your SIM will be deactivated in 24hrs. Verify Aadhaar: bit.ly/dZkbfj,Spam
Enter 825569 to verify your mobile number for Paytm.,OTP
Your Uber code: 9677,OTP
OTP: 639618 for txn of Rs.49615 at Amazon. Do not share. -ICICI Bank,OTP
"Hi Brijesh, unlock Rs.450 off your first order at Myntra with code NEW24.",Promo
"HEY, MY NEW NUMBER IS 06301917724. SAVE IT! MEET AT 6PM?",Personal
Delivery  attempt failed for order OD3198630920. We will retry tomorrow. -Ekart,Delivery
Confirmation code 985882 for Ola. Keep it private.,OTP
"Hey, my new number is 1953824913 Save it! Meet at 8?",Personal
Recharge with Rs.505 & get 50% extra talktime. Offer valid today only!,Promo
775314 is your OTP for Meesho login. Valid for 10 minutes. Do not share with anyone.,OTP
"Never share your OTP, PIN or CVV. SBI never asks for these. Stay safe.",Bank
174984 IS YOUR OTP FOR PHONEPE LOGIN. VALID FOR 15 MINUTES. DO NOT SHARE WITH ANYONE.,OTP
Interest of Rs.82044 credited to your FD A/c XX7798. -Kotak STOP to opt out,Bank
Flat Rs.1072 cashback on your next order at Zomato. Use code SAVE91. Valid till 04 Jul.,Promo
OTP: 462310 for txn of Rs.17748 at HDFC Bank. Do not share. -ICICI Bank,OTP
DTDC: Shipment OD7575265636 reached your city hub. Expected delivery: 03 Jul.,Delivery
Swiggy: Your cart misses you! Complete purchase now & get 50% off bitly/BRoYrV,Promo
Salary  of Rs.42065 credited to A/c XX7556. Avl Bal: Rs.17111. -Axis Bank,Bank
Cheque no 822434583753 for Rs.36078 has been cleared from A/c XX8791 -HDFC Bank,Bank
EMI of Rs.48281 due on 01-04-26 for loan A/c XX5986. Pay now to avoid charges. -SBI,Bank
DELIVERED! YOUR AMAZON ORDER OD6622741102 WAS DELIVERED ON 01 JUL. RATE YOUR EXPERIENCE: BIT.LY/LDDNQB,Delivery
  Swiggy: Your cart misses you! Complete purchase now & get 50% off. bit.ly/ZPROZc,Promo
Rs.43276 debited from A/c XX8309 on 18-05-26 to Gopal. Avl Bal: Rs.21994. -HDFC Bank,Bank
Dear customer ur ICICI Bank account will be blocked! Update KYC now: bit.ly/MEMeXI,Spam
"Class shifted to room 5395, come fast",Personal
"Bro send me Rs.4780 on gpay, will return by 01 Jul",Personal
"never share your otp, pin or cvv. pnb never asks for these. stay safe.",Bank
OTP FOR DELIVERY OF ORDER OD4470845559 IS 2326. SHARE ONLY WITH THE DELIVERY AGENT. -XPRESSBEES,Delivery
Delivered! Your Meesho order OD1522533632 was delivered on 02 Jul. Rate your experience: bit.ly/IsZUza,Delivery
"HEY, MY NEW NUMBER IS +912045037121. SAVE IT! MEET AT 6PM?",Personal
Rs.75604 credited to A/c XX9021 on 16-04-26 Avl Bal: Rs.353647 -SBI,Bank
Exclusive for you! Buy 1 Get 1 FREE at Myntra. Limited period offer. Visit bit.ly/xHkBTh,Promo
Rs.3375 credited to A/c XX9221 on 16-05-26. Avl Bal: Rs.47313. -ICICI Bank T&C apply,Bank
emi of rs.92954 due on 20-05-26 for loan a/c xx6793. pay now to avoid charges. -kotak,Bank
Your credit card XX7105 statement is ready. Total due: Rs.38467. Min due: Rs.1226. -SBI,Bank
MEGA SALE! GET 80% OFF ON ALL PRODUCTS AT ZOMATO. SHOP NOW: BIT.LY/SBOKEQ T&C APPLY.,Promo
Ur order OD2954375032 from BigBasket is arriving tomorrow. Keep Rs.4873 ready for COD.,Delivery
Cheque no. 576518599601 for Rs.86338 has been cleared from A/c XX9189. -PNB -TM,Bank
Out for delivery: Your Flipkart package OD1514781170 will arrive today by 3 PM -Delhivery,Delivery
  Your A/c XX6727 is debited with Rs.12857 on 26-03-26. Info: UPI-Januja. Bal: Rs.479703,Bank
Use 170223 to complete ur Uber registration. Valid till 15 mins.,OTP
LOW BALANCE ALERT: A/C XX7999 BALANCE IS RS.323180. MAINTAIN MIN BALANCE TO AVOID CHARGES.,Bank
Out  for delivery: Your Amazon package OD3057831753 will arrive today by 3 PM. -Ekart,Delivery
Low  balance alert: A/c XX6741 balance is Rs.98865. Maintain min balance to avoid charges.,Bank
Tap to verify: 386135 This code expires shortly,OTP
  Use 499892 to complete your IRCTC registration. Valid till 10 mins.,OTP
Exclusive for you! Buy 1 Get 1 FREE at Myntra. Limited period offer. Visit bit.ly/aGCmNE,Promo
Your Uber code: 6789,OTP
Interest of Rs.12185 credited to your FD A/c XX8018. -HDFC Bank,Bank
Your return pickup for order OD9722629384 is scheduled on 02 Jul. Keep the item ready. -Amazon,Delivery
OTP: 190461 for txn of Rs.41015 at Uber. Do not share. -PNB T&C apply,OTP
"Bro send me Rs.2070 on gpay, will return by 03 Jul",Personal
618292 - use this to sign in. Never share this code with anyone.,OTP
Your one time password is 592696 for Amazon Please do not share it,OTP
g-853607 is your google verification code.,OTP
UPI  payment of Rs.11861 to Ojas successful. UPI Ref: 454991760421. -HDFC Bank,Bank
Confirmation code 370144 for SBI. Keep it private.,OTP
Salary of Rs.19267 credited to A/c XX8294. Avl Bal: Rs.451884. -PNB,Bank
Low balance alert: A/c XX9080 balance is INR 377389. Maintain min balance to avoid charges.,Bank
Ur Meesho order OD7913670798 has been shipped via DTDC. Track: bit.ly/iVZdcm,Delivery
Enter  968770 to verify your mobile number for Swiggy.,OTP
OTP: 236189 for txn of Rs.26977 at Myntra. Do not share. -SBI,OTP
Recharge with Rs.1278 & get 10% extra talktime. Offer valid today only! STOP to opt out,Promo
Enter 332475 to verify your mobile number for Amazon.,OTP
G-494062 is your Google verification code.,OTP
Weekend  special at Amazon! Min 60% off on everything. Don't miss out: bit.ly/IbfIYV,Promo
Your Uber code: 7248,OTP
Salary of Rs.47103 credited to A/c XX3634 Avl Bal: Rs.477288 -PNB,Bank
756283 - use this code to sign in to PhonePe. Never share it with anyone.,OTP
Tap to verify: 106565. This code expires shortly.,OTP
YOUR UBER CODE: 9594,OTP
  Rs.80785 credited to A/c XX1167 on 12-06-26. Avl Bal: Rs.321852. -BOB,Bank
"BRO SEND ME RS.3494 ON GPAY, WILL RETURN BY 02 JUL",Personal
Tap to verify: 672520. This code expires shortly.,OTP
Delivery attempt failed for order OD3112503148. We will retry tomorrow. -Delhivery,Delivery
OTP-based login was enabled for your A/c XX3726. Call BOB if this wasn't you.,Bank
Your return pickup for order OD9100676175 is scheduled on 01 Jul. Keep the item ready. -Zomato,Delivery
"Hi Praneel, unlock Rs.1585 off your first order at Amazon with code NEW22.",Promo
Rs.2039  debited from A/c XX5815 on 03-05-26 to Barkha. Avl Bal: Rs.151705. -PNB,Bank
G-148407 is your Google verification code.,OTP
your otp is 62418. use it to verify your bigbasket account. expires in 2 min.,OTP
922763 - use this to sign in. never share this code with anyone.,OTP
Your A/c XX6571 is debited with INR 37150 on 01-03-26. Info: UPI-Benjamin. Bal: INR 40579,Bank
  Exclusive for you! Buy 1 Get 1 FREE at Zomato. Limited period offer. Visit bit.ly/LXUeOL,Promo
341733 is your verification code for BOB. Never share your OTP.,OTP
  Weekend special at Amazon! Min 20% off on everything. Don't miss out: bit.ly/IxzAaP,Promo
Weekend special at Amazon! Min 10% off on everything. Don't miss out: bit.ly/cikcpd,Promo
Enter 327885 to verify your mobile number for BigBasket. T&C apply,OTP
Confirmation  code 51951 for Uber. Keep it private.,OTP
ALERT: Rs.7374 withdrawn from ATM using card XX4251 on 22-01-26. Bal: Rs.462340. -PNB,Bank
"NEVER SHARE YOUR OTP, PIN OR CVV. HDFC BANK NEVER ASKS FOR THESE. STAY SAFE.",Bank
CHEQUE NO. 192091979462 FOR RS.95111 HAS BEEN CLEARED FROM A/C XX5423. -PNB,Bank
Swiggy: Ur cart misses you! Complete purchase now & get 60% off. bit.ly/MGQmsU,Promo
  <#> 553827 is your Uber code. Valid 10 min. hA8sk2Lqp3,OTP
Your Uber code: 4920 -TM,OTP
COUPON 5558 GIVES YOU FREE DELIVERY ON ORDERS ABOVE RS.1209. -AMAZON,Promo
G-495284 is your Google verification code,OTP
Exclusive for you! Buy 1 Get 1 FREE at Meesho Limited period offer Visit bitly/uaTWFA,Promo
Low balance alert: A/c XX6876 balance is Rs.257789. Maintain min balance to avoid charges. STOP to opt out,Bank
  Amazon Big Billion Days! Up to 10% off + extra 10% with Axis Bank cards. Hurry!,Promo
"Never  share your OTP, PIN or CVV. BOB never asks for these. Stay safe.",Bank
Delhivery:  Shipment OD8798331357 reached your city hub. Expected delivery: 02 Jul.,Delivery
475689  is your verification code for ICICI Bank. Never share your OTP.,OTP
Cheque no. 388677378542 for Rs.23599 has been cleared from A/c XX3877. -Kotak,Bank
YOUR ORDER OD7378741627 FROM MYNTRA IS ARRIVING TOMORROW. KEEP RS.4668 READY FOR COD.,Delivery
364196 is your OTP for Uber login. Valid for 15 minutes. Do not share with anyone.,OTP
OTP-based login was enabled for your A/c XX1886 Call Axis Bank if this wasn't you,Bank
"CLASS SHIFTED TO ROOM 7728, COME FAST",Personal
Confirmation code 290295 for ICICI Bank Keep it private,OTP
Use code 4670 at checkout for 50% off at Zomato! -TM,Promo
Your OTP is 112140. Use it to verify your GPay account. Expires in 2 min.,OTP
Weekend special at BigBasket! Min 50% off on everything. Don't miss out: bit.ly/LqzNoK,Promo
Your Paytm code: 444328 STOP to opt out,OTP
veda from ekart is arriving with your package. contact: 7729383976,Delivery
OTP-based login was enabled for your A/c XX8773. Call HDFC Bank if this wasn't you.,Bank
Low balance alert: A/c XX9811 balance is Rs.447203. Maintain min balance to avoid charges.,Bank
UPI PAYMENT OF RS.75538 TO SAMESH SUCCESSFUL. UPI REF: 916202239786. -SBI,Bank
247221 is your verification code for Ola. Never share your OTP. STOP to opt out,OTP
Salary of Rs.51805 credited to A/c XX2214. Avl Bal: Rs.112588. -BOB,Bank
Delivery attempt failed for order OD3358329575. We will retry tomorrow. -Ekart,Delivery
"Hi  Warhi, unlock Rs.620 off your first order at Amazon with code NEW81.",Promo
Order OD2139837521 packed and ready! Expected dispatch by 02 Jul. -Myntra,Delivery
Your A/c XX6079 is debited with Rs.26888 on 15-04-26. Info: UPI-Nachiket. Bal: Rs.152880,Bank
Your Meesho code: 815224,OTP
845481 is your verification code for ICICI Bank. Never share your OTP.,OTP
Ur Myntra order OD3732862810 has been shipped via Delhivery. Track: bit.ly/rjcDrh,Delivery
upi payment of rs.50271 to ekantika successful. upi ref: 362347523447. -sbi,Bank
710923 - use this code to sign in to Myntra. Never share it with anyone.,OTP
Delhivery: Shipment OD6121579386 reached your city hub. Expected delivery: 03 Jul. STOP to opt out,Delivery
Your Myntra code: 97725,OTP
Ur credit card XX1022 statement is ready. Total due: Rs.56128. Min due: Rs.4766. -PNB,Bank
RS.9246 DEBITED FROM A/C XX2245 ON 29-05-26 TO RAKSHA. AVL BAL: RS.224155. -SBI,Bank
G-402701 is your Google verification code.,OTP
OTP for delivery of order OD2588981255 is 4393. Share only with the delivery agent. -BlueDart,Delivery
your order od8434539945 from flipkart is arriving tomorrow. keep rs.3230 ready for cod.,Delivery
Low balance alert: A/c XX9602 balance is INR 347365. Maintain min balance to avoid charges.,Bank
Flat Rs.163 cashback on your next order at Zomato. Use code SAVE80. Valid till 04 Jul.,Promo
UPI payment of Rs.72732 to Tamanna successful. UPI Ref: 856223300972. -Kotak,Bank
Rs.81884 debited from A/c XX5586 on 07-04-26 to Andrew Avl Bal: Rs.136491 -BOB,Bank
INR 13594 credited to A/c XX4062 on 14-05-26. Avl Bal: INR 419960. -Kotak,Bank
  954566 is your verification code for SBI. Never share your OTP.,OTP
Exclusive  for you! Buy 1 Get 1 FREE at Zomato. Limited period offer. Visit bit.ly/lZTpeT,Promo
Your SIM will be deactivated in 24hrs. Verify Aadhaar: bit.ly/UTYlfN,Spam
Your one time password is 487191 for Axis Bank. Please do not share it.,OTP
"Hey,  my new number is 00361050518. Save it! Meet at noon?",Personal
Order OD7694991526 packed and ready! Expected dispatch by 02 Jul. -BigBasket,Delivery
OTP: 950648 for txn of Rs.37078 at ICICI Bank Do not share -SBI,OTP
COUPON 1120 GIVES YOU FREE DELIVERY ON ORDERS ABOVE RS.3810. -AMAZON,Promo
out for delivery: your flipkart package od1724831775 will arrive today by 6 pm. -delhivery,Delivery
MEGA SALE! Get 40% OFF on all products at Zomato. Shop now: bit.ly/zhTTzq T&C apply.,Promo
G-706680 is ur Google verification code.,OTP
Enter 63500 to verify ur mobile number for PhonePe.,OTP
Your A/c XX9229 is debited with Rs.33580 on 04-06-26. Info: UPI-Omisha. Bal: Rs.434223,Bank
Confirmation code 459528 for Myntra. Keep it private.,OTP
<#> 203108 is your amazon code. valid 10 min. ha8sk2lqp3,OTP
"HEY, MY NEW NUMBER IS +911349460587. SAVE IT! MEET AT NOON?",Personal
944429  is your GPay security code. Anyone asking for it is a scammer.,OTP
Interest of Rs.94715 credited to your FD A/c XX9374. -ICICI Bank,Bank
your uber code: 6403,OTP
low balance alert: a/c xx6897 balance is rs.143548. maintain min balance to avoid charges.,Bank
Delivery attempt failed for order OD9142583853. We will retry tomorrow. -BlueDart,Delivery
Salary of Rs.58612 credited to A/c XX9341 Avl Bal: Rs.268404 -BOB,Bank
  535267 is your verification code for PhonePe. Never share your OTP.,OTP
INTEREST OF RS.74911 CREDITED TO YOUR FD A/C XX9894. -HDFC BANK,Bank
ALERT: Rs.4153 withdrawn from ATM using card XX1848 on 15-04-26. Bal: Rs.125833. -PNB,Bank
"Hey, my new number is 00463239601. Save it! Meet at 8?",Personal
OTP: 840772 for txn of Rs.14820 at Paytm. Do not share. -PNB,OTP
Weekend special at Zomato! Min 50% off on everything. Don't miss out: bit.ly/kSCuEr,Promo
Use 876430 to complete your Myntra registration Valid till 30 mins,OTP
OTP: 788969 for txn of Rs.30221 at GPay Do not share -ICICI Bank,OTP
Your credit card XX2587 statement is ready. Total due: Rs.80507. Min due: Rs.1449. -HDFC Bank,Bank
Hotstar: 913948 is your login OTP. It expires in 2 minutes.,OTP
"Hi Mekhala, unlock INR 468 off your first order at Zomato with code NEW80.",Promo
G-578912 IS YOUR GOOGLE VERIFICATION CODE.,OTP
Rs.69396  credited to A/c XX9622 on 16-05-26. Avl Bal: Rs.367014. -HDFC Bank,Bank
  Rs.71167 debited from A/c XX6610 on 27-02-26 to Warinder. Avl Bal: Rs.413984. -PNB,Bank
LOW BALANCE ALERT: A/C XX5477 BALANCE IS RS.120086. MAINTAIN MIN BALANCE TO AVOID CHARGES.,Bank
668835 is your PhonePe security code. Anyone asking for it is a scammer.,OTP
Use code 5053 at checkout for 50% off at Meesho!,Promo
Coupon 3248 gives you free delivery on orders above INR 3680. -Flipkart,Promo
Zomato Big Billion Days! Up to 50% off + extra 10% with PNB cards. Hurry!,Promo
Omaja from XpressBees is arriving with your package. Contact: 7130238374,Delivery
588837 - use this code to sign in to BOB. Never share it with anyone.,OTP
G-6857 is your Google verification code.,OTP
EMI of Rs.27109 due on 24-02-26 for loan A/c XX5872 Pay now to avoid charges -BOB,Bank
  Your Uber code: 7889,OTP
Confirmation code 481797 for GPay. Keep it private.,OTP
RECHARGE WITH RS.929 & GET 30% EXTRA TALKTIME. OFFER VALID TODAY ONLY!,Promo
Low balance alert: A/c XX5214 balance is Rs.481763. Maintain min balance to avoid charges.,Bank
OTP-based login was enabled for your A/c XX9262. Call Axis Bank if this wasn't you.,Bank
Interest of Rs.49532 credited to your FD A/c XX2569. -BOB,Bank
Rs.47008 debited from A/c XX6804 on 27-03-26 to Garima. Avl Bal: Rs.374738. -Axis Bank,Bank
<#> 273491 is your amazon code. valid 30 min. ha8sk2lqp3,OTP
MEGA  SALE! Get 60% OFF on all products at Amazon. Shop now: bit.ly/FYZJnt T&C apply.,Promo
Weekend  special at Swiggy! Min 40% off on everything. Don't miss out: bit.ly/BLiodx,Promo
YOUR MEESHO MEMBERSHIP EXPIRES SOON. RENEW NOW & SAVE 50%: BIT.LY/KICYKS,Promo
Rs.9365 credited to A/c XX3249 on 22-05-26. Avl Bal: Rs.30475. -Kotak,Bank
Flat Rs.1624 cashback on your next order at Zomato. Use code SAVE67. Valid till 01 Jul.,Promo
G-121261 is your Google verification code.,OTP
"Class shifted to room 9654, come fast T&C apply",Personal
Cheque no. 345028464707 for Rs.96259 has been cleared from A/c XX6200. -ICICI Bank,Bank
"Never share your OTP, PIN or CVV. PNB never asks for these. Stay safe.",Bank
575321 is your OTP for HDFC Bank login. Valid for 30 minutes. Do not share with anyone.,OTP
"Hi Rajata, unlock Rs.720 off your first order at Flipkart with code NEW27",Promo
"Bro send me Rs.2930 on gpay, will return by 02 Jul",Personal
Congratulations!  You won Rs.1897301 in lucky draw. Claim: bit.ly/BKakOu,Spam
MEGA SALE! Get 60% OFF on all products at Myntra. Shop now: bit.ly/mRAxTC T&C apply.,Promo
UPI payment of Rs.35780 to Deepa successful UPI Ref: 350270773171 -ICICI Bank,Bank
Salary of Rs.76115 credited to A/c XX2990. Avl Bal: Rs.160100. -HDFC Bank,Bank
516111  is your Paytm security code. Anyone asking for it is a scammer.,OTP
399486 - use this to sign in. Never share this code with anyone.,OTP
"Bro send me Rs.388 on gpay, will return by 01 Jul",Personal
OTP for delivery of order OD8876541569 is 5688. Share only with the delivery agent. -Ekart,Delivery
Darpan from BlueDart is arriving with your package. Contact: +912460267996,Delivery
"Never share your OTP, PIN or CVV. BOB never asks for these. Stay safe.",Bank
OTP for delivery of order OD4063325090 is 1189. Share only with the delivery agent. -DTDC,Delivery
Your Uber code: 1769,OTP
567497 - use this code to sign in to kotak. never share it with anyone.,OTP
delivery attempt failed for order od2663490689. we will retry tomorrow. -bluedart,Delivery
interest of rs.48948 credited to your fd a/c xx3696. -kotak,Bank
UPI payment of Rs.6437 to Ikbal successful UPI Ref: 342219039782 -Axis Bank,Bank
"Hey,  my new number is 03984000945. Save it! Meet at tonight?",Personal
OTP for delivery of order OD6809037898 is 2452. Share only with the delivery agent. -BlueDart,Delivery
Pay Rs.1409 on delivery for order OD860769043. -BlueDart,Delivery
Delivered! Your Zomato order OD5210820170 was delivered on 01 Jul. Rate your experience: bit.ly/lbBrbA,Delivery
Delivered! Your Flipkart order OD8878547623 was delivered on 01 Jul. Rate your experience: bit.ly/HsgnlE,Delivery
Your  return pickup for order OD1390606519 is scheduled on 01 Jul. Keep the item ready. -Swiggy,Delivery
Waida  from XpressBees is arriving with your package. Contact: 3886385755,Delivery
Exclusive for you! Buy 1 Get 1 FREE at Amazon. Limited period offer. Visit bit.ly/ctOXRR,Promo
Rs.62831 credited to A/c XX3006 on 21-03-26. Avl Bal: Rs.229105. -BOB,Bank
407677 is your OTP for Kotak login Valid for 15 minutes Do not share with anyone,OTP
rs.18119 credited to a/c xx4752 on 27-02-26. avl bal: rs.20441. -hdfc bank,Bank
Low balance alert: A/c XX2592 balance is Rs.230913. Maintain min balance to avoid charges.,Bank
513157 - use this code to sign in to HDFC Bank Never share it with anyone,OTP
ALERT: Rs.45982 withdrawn from ATM using card XX3464 on 14-02-26. Bal: Rs.210754. -SBI,Bank
Vasatika from Delhivery is arriving with ur package. Contact: 0954282685,Delivery
Your Myntra code: 872858,OTP
696009 is your Meesho security code. Anyone asking for it is a scammer. STOP to opt out,OTP
"Hi Janaki, unlock INR 713 off your first order at BigBasket with code NEW82.",Promo
ICICI Bank: 955855 is your login OTP. It expires in 30 minutes.,OTP
Rs.41858 credited to A/c XX6651 on 05-02-26. Avl Bal: Rs.355884. -HDFC Bank,Bank
Your Uber code: 9058,OTP
UPI payment of Rs.84977 to Sathvik successful. UPI Ref: 220393279551. -BOB,Bank
Enter 418158 to verify your mobile number for Kotak.,OTP
"Never share your OTP, PIN or CVV. Axis Bank never asks for these. Stay safe.",Bank
UPI payment of Rs.59888 to Azaan successful. UPI Ref: 901092886011. -PNB,Bank
otp-based login was enabled for your a/c xx6089. call icici bank if this wasn't you.,Bank
LOW BALANCE ALERT: A/C XX8274 BALANCE IS RS.484840. MAINTAIN MIN BALANCE TO AVOID CHARGES.,Bank
Your one time password is 79912 for Amazon. Please do not share it.,OTP
Work  from home! Earn Rs.51668/month. Join: bit.ly/LZCWDH,Spam
cheque no. 332580473837 for rs.4858 has been cleared from a/c xx8500. -pnb,Bank
MEGA SALE! Get 40% OFF on all products at Swiggy. Shop now: bit.ly/ATHCbz T&C apply.,Promo
EMI of Rs.37499 due on 30-06-26 for loan A/c XX8853. Pay now to avoid charges. -BOB,Bank
Ur Amazon code: 739932,OTP
Zomato: Your cart misses you! Complete purchase now & get 30% off. bit.ly/dVaqHf,Promo
Flipkart: Your cart misses you! Complete purchase now & get 40% off. bit.ly/QFSylp,Promo
Tap to verify: 734168 This code expires shortly,OTP
Cheque no. 449440986738 for Rs.75985 has been cleared from A/c XX9193. -BOB,Bank
  Low balance alert: A/c XX2641 balance is Rs.217070. Maintain min balance to avoid charges.,Bank
Confirmation code 874718 for Netflix. Keep it private.,OTP
370728 is your Uber security code. Anyone asking for it is a scammer.,OTP
Rs.32534 credited to A/c XX5253 on 24-04-26. Avl Bal: Rs.197569. -Kotak,Bank
OTP: 914071 for txn of Rs.29751 at Uber. Do not share. -ICICI Bank,OTP
Ur A/c XX1183 is debited with Rs.47262 on 27-05-26. Info: UPI-Eta. Bal: Rs.304471,Bank
ALERT: Rs.1507 withdrawn from ATM using card XX7661 on 20-06-26. Bal: Rs.341623. -HDFC Bank T&C apply,Bank
Pay  Rs.3469 on delivery for order OD216332665. -DTDC,Delivery
LOW BALANCE ALERT: A/C XX4326 BALANCE IS RS.346727. MAINTAIN MIN BALANCE TO AVOID CHARGES.,Bank
your one time password is 205147 for ola. please do not share it.,OTP
OTP-based login was enabled for ur A/c XX8870. Call Kotak if this wasn't you.,Bank
965082 - use this code to sign in to Ola Never share it with anyone,OTP
Use 526473 to complete your Zomato registration. Valid till 5 mins.,OTP
"Class shifted to room 3513, come fast",Personal
Your  Flipkart order OD6843777641 has been shipped via Ekart. Track: bit.ly/qBNHmk,Delivery
OTP: 680325 for txn of Rs.27655 at IRCTC. Do not share. -BOB,OTP
Enter 626754 to verify your mobile number for Meesho.,OTP
UPI PAYMENT OF RS.26110 TO JHALAK SUCCESSFUL. UPI REF: 232400984467. -SBI,Bank
880627 is your OTP for IRCTC login Valid for 10 minutes Do not share with anyone,OTP
Rs.20100 debited from A/c XX5575 on 07-06-26 to Nachiket. Avl Bal: Rs.441549. -ICICI Bank,Bank
UPI payment of Rs.17761 to Nachiket successful. UPI Ref: 978189136325. -SBI,Bank
Your SIM will be deactivated in 24hrs. Verify Aadhaar: bit.ly/ueKTlF,Spam
Ur order OD3852442263 from Myntra is arriving tomorrow. Keep Rs.4952 ready for COD.,Delivery
G-815503 is your Google verification code.,OTP
bluedart: shipment od7086571441 reached your city hub. expected delivery: 02 jul.,Delivery
Order OD2109536955 packed and ready! Expected dispatch by 03 Jul -Meesho,Delivery
Congratulations! You won Rs.527530 in lucky draw. Claim: bit.ly/ePUDmr,Spam
"  Hi Jackson, unlock Rs.1658 off your first order at Amazon with code NEW43.",Promo
Flat Rs.1558 cashback on your next order at Flipkart. Use code SAVE46. Valid till 03 Jul.,Promo
Weekend special at Flipkart! Min 30% off on everything. Don't miss out: bit.ly/JPRjtX,Promo
"Hi  Omkaar, unlock Rs.1061 off your first order at BigBasket with code NEW96.",Promo
Rs.21173 credited to A/c XX8902 on 15-06-26. Avl Bal: Rs.360370. -SBI T&C apply,Bank
OTP-based login was enabled for your A/c XX5730. Call Axis Bank if this wasn't you.,Bank
575393 is your ICICI Bank security code. Anyone asking for it is a scammer. T&C apply,OTP
Swiggy Big Billion Days! Up to 40% off + extra 10% with Axis Bank cards Hurry!,Promo
Use 734104 to complete your Axis Bank registration. Valid till 30 mins. -TM,OTP
Dear customer ur HDFC Bank account will be blocked! Update KYC now: bit.ly/VnoNHt,Spam
Swiggy:  Your cart misses you! Complete purchase now & get 10% off. bit.ly/vqoOyf,Promo
264501 is your OTP for Hotstar login. Valid for 5 minutes. Do not share with anyone.,OTP
Ur Uber code: 5218,OTP
OTP-based  login was enabled for your A/c XX9240. Call Axis Bank if this wasn't you.,Bank
EMI  of Rs.20626 due on 09-04-26 for loan A/c XX7729. Pay now to avoid charges. -ICICI Bank,Bank
Your Amazon order OD2833228142 has been shipped via Ekart. Track: bit.ly/ZIPmTJ,Delivery
Your return pickup for order OD8067551655 is scheduled on 03 Jul. Keep the item ready. -Zomato,Delivery
Last day! Flipkart clearance sale ends tonight. Up to 40% off sitewide.,Promo
DELIVERED! YOUR ZOMATO ORDER OD5171549406 WAS DELIVERED ON 01 JUL. RATE YOUR EXPERIENCE: BIT.LY/BVJEXA,Delivery
Your order OD6607476218 from Swiggy is arriving tomorrow. Keep Rs.4593 ready for COD.,Delivery
Work from home! Earn Rs.2051775/month. Join: bit.ly/XjYluN,Spam
UPI payment of Rs.34220 to Omaja successful. UPI Ref: 168537591136. -ICICI Bank,Bank
Cheque no. 542646332495 for Rs.78642 has been cleared from A/c XX5236. -BOB,Bank
Use 841861 to complete your BigBasket registration. Valid till 2 mins.,OTP
Rs.349 credited to A/c XX7334 on 05-06-26. Avl Bal: Rs.279504. -Kotak,Bank
OUT FOR DELIVERY: YOUR MYNTRA PACKAGE OD2318307792 WILL ARRIVE TODAY BY 12 PM. -DTDC,Delivery
471406 - use this code to sign in to axis bank. never share it with anyone.,OTP
ALERT: Rs.98284 withdrawn from ATM using card XX3328 on 11-02-26. Bal: Rs.193802. -ICICI Bank,Bank
YOUR CREDIT CARD XX9709 STATEMENT IS READY. TOTAL DUE: RS.24389. MIN DUE: RS.2688. -SBI,Bank
Last  day! Zomato clearance sale ends tonight. Up to 10% off sitewide.,Promo
Cheque no. 471459553711 for Rs.81653 has been cleared from A/c XX1243. -SBI,Bank
COUPON 4722 GIVES YOU FREE DELIVERY ON ORDERS ABOVE RS.1427. -ZOMATO,Promo
<#>  993142 is your IRCTC code. Valid 15 min. hA8sk2Lqp3,OTP
SALARY OF RS.27805 CREDITED TO A/C XX9299. AVL BAL: RS.366383. -HDFC BANK,Bank
ALERT: RS.71997 WITHDRAWN FROM ATM USING CARD XX7619 ON 21-05-26. BAL: RS.351120. -HDFC BANK,Bank
order od5945262811 packed and ready! expected dispatch by 02 jul. -amazon,Delivery
587574 is your verification code for PNB. Never share your OTP.,OTP
"Class shifted to room 8046, come fast",Personal
Salary of Rs.43364 credited to A/c XX2869. Avl Bal: Rs.221656. -BOB,Bank
ALERT: Rs.24366 withdrawn from ATM using card XX4401 on 08-03-26 Bal: Rs.207881 -BOB,Bank
OTP: 685422 for txn of Rs.43456 at Ola. Do not share. -ICICI Bank,OTP
EMI of Rs.4604 due on 24-05-26 for loan A/c XX4091. Pay now to avoid charges. -Axis Bank,Bank
Coupon 4395 gives you free delivery on orders above Rs.2101. -Flipkart,Promo
Enter 638333 to verify your mobile number for ICICI Bank,OTP
Your one time password is 436906 for Flipkart. Please do not share it.,OTP
Your one time password is 1519 for Flipkart. Please do not share it.,OTP
Your Swiggy order OD4132107417 has been shipped via XpressBees. Track: bit.ly/XlufWs,Delivery
work from home! earn rs.111206/month. join: bit.ly/zmgdlb,Spam
your sim will be deactivated in 24hrs. verify aadhaar: bit.ly/gnhext,Spam
out for delivery: your amazon package od1157643446 will arrive today by 3 pm. -ekart,Delivery
Interest  of Rs.900 credited to your FD A/c XX5642. -ICICI Bank,Bank
"Hi Tanish, unlock Rs.1022 off your first order at Amazon with code NEW68.",Promo
  ALERT: Rs.692 withdrawn from ATM using card XX2051 on 06-03-26. Bal: Rs.85627. -HDFC Bank,Bank
meesho: 783043 is your login otp. it expires in 2 minutes.,OTP
Interest of Rs.52238 credited to your FD A/c XX3698. -BOB,Bank
  Congratulations! You won Rs.1708078 in lucky draw. Claim: bit.ly/ZDVquy,Spam
alert: rs.8540 withdrawn from atm using card xx4380 on 20-03-26. bal: rs.279672. -pnb,Bank
<#> 227078 is your Kotak code. Valid 2 min. hA8sk2Lqp3,OTP
YOUR ORDER OD5757078073 FROM SWIGGY IS ARRIVING TOMORROW. KEEP RS.4178 READY FOR COD.,Delivery
Low balance alert: A/c XX4970 balance is Rs.36872. Maintain min balance to avoid charges.,Bank
coupon 1813 gives you free delivery on orders above rs.454. -bigbasket,Promo
  Delivery attempt failed for order OD1534459602. We will retry tomorrow. -XpressBees,Delivery
Work from home! Earn Rs.1260073/month. Join: bit.ly/fqCney T&C apply,Spam
Rs.3346 debited from A/c XX8401 on 04-01-26 to Yashawini. Avl Bal: Rs.492235. -Axis Bank,Bank
Weekend special at Swiggy! Min 60% off on everything. Don't miss out: bit.ly/hgjVnk,Promo
PAY RS.1857 ON DELIVERY FOR ORDER OD254145185. -XPRESSBEES,Delivery
142942 is your verification code for ICICI Bank Never share your OTP,OTP
"Hi Daniel, unlock Rs.1378 off your first order at Myntra with code NEW63.",Promo
  Weekend special at Swiggy! Min 20% off on everything. Don't miss out: bit.ly/LhUEQj,Promo
Rs.74758 debited from A/c XX6321 on 26-06-26 to Mugdha. Avl Bal: Rs.103715. -HDFC Bank,Bank
<#> 837142 is your HDFC Bank code. Valid 15 min. hA8sk2Lqp3,OTP
"Bro send me Rs.4033 on gpay, will return by 03 Jul",Personal
  300972 - use this code to sign in to PNB. Never share it with anyone.,OTP
Your  Flipkart order OD5380408155 has been shipped via BlueDart. Track: bit.ly/aFqNHq,Delivery
Ur one time password is 160911 for BigBasket. Please do not share it.,OTP
Rs.69257 debited from A/c XX1532 on 08-06-26 to Ira. Avl Bal: Rs.345919. -ICICI Bank,Bank
Your Flipkart membership expires soon Renew now & save 30%: bitly/Pgnuyk,Promo
Confirmation code 368073 for Netflix. Keep it private.,OTP
Delivery attempt failed for order OD7184627959. We will retry tomorrow. -DTDC,Delivery
Interest of INR 10596 credited to your FD A/c XX1616. -BOB,Bank
MEGA SALE! Get 70% OFF on all products at Flipkart Shop now: bitly/RKNlcr T&C apply,Promo
BlueDart: Shipment OD7276612565 reached your city hub. Expected delivery: 02 Jul.,Delivery
  OTP for delivery of order OD5742016629 is 9845. Share only with the delivery agent. -Ekart,Delivery
G-918304 is your Google verification code,OTP
UPI payment of Rs.97256 to Urvi successful. UPI Ref: 423563123953. -Axis Bank,Bank
MEGA SALE! Get 30% OFF on all products at Swiggy Shop now: bitly/xITPtK T&C apply,Promo
Your credit card XX6572 statement is ready. Total due: Rs.73313. Min due: Rs.533. -HDFC Bank STOP to opt out,Bank
<#> 993470 IS YOUR BOB CODE. VALID 30 MIN. HA8SK2LQP3,OTP
Your Uber code: 6718,OTP
Exclusive  for you! Buy 1 Get 1 FREE at Zomato. Limited period offer. Visit bit.ly/EdukjG,Promo
UPI payment of Rs.33050 to Tara successful UPI Ref: 827451325804 -PNB,Bank
Swiggy:  Your cart misses you! Complete purchase now & get 40% off. bit.ly/GVtwRs,Promo
BigBasket Big Billion Days! Up to 50% off + extra 10% with ICICI Bank cards. Hurry!,Promo
  Confirmation code 190956 for HDFC Bank. Keep it private.,OTP
dear customer ur kotak account will be blocked! update kyc now: bit.ly/cwrdmh,Spam
  Rs.37676 credited to A/c XX9002 on 27-03-26. Avl Bal: Rs.93207. -SBI,Bank
otp for delivery of order od4099707604 is 5231. share only with the delivery agent. -delhivery,Delivery
10424 is your Meesho security code. Anyone asking for it is a scammer.,OTP
Flat Rs.1820 cashback on ur next order at Amazon. Use code SAVE18. Valid till 02 Jul.,Promo
MEGA  SALE! Get 70% OFF on all products at Swiggy. Shop now: bit.ly/jaDZTY T&C apply.,Promo
Your order OD4569610501 from Flipkart is arriving tomorrow. Keep Rs.1078 ready for COD.,Delivery
"Hi  Pavani, unlock Rs.593 off your first order at Flipkart with code NEW46.",Promo
rs.47080 credited to a/c xx9218 on 17-05-26. avl bal: rs.300414. -hdfc bank,Bank
  679883 - use this code to sign in to Ola. Never share it with anyone.,OTP
Delivery attempt failed for order OD4228900423. We will retry tomorrow. -BlueDart,Delivery
Confirmation code 298989 for Ola. Keep it private.,OTP
Confirmation code 352558 for BigBasket Keep it private,OTP
DEAR CUSTOMER UR BOB ACCOUNT WILL BE BLOCKED! UPDATE KYC NOW: BIT.LY/CGYMRC,Spam
interest of rs.23153 credited to your fd a/c xx9402. -pnb,Bank
"never share your otp, pin or cvv. axis bank never asks for these. stay safe.",Bank
Out for delivery: Your Myntra package OD9854433496 will arrive today by 6 PM. -XpressBees,Delivery
cheque no. 442895029430 for rs.43703 has been cleared from a/c xx7223. -kotak,Bank
your myntra membership expires soon. renew now & save 50%: bit.ly/dmhuwp,Promo
Your Amazon membership expires soon. Renew now & save 60%: bit.ly/wVEPUP,Promo
Delivered! Your Myntra order OD4480217155 was delivered on 04 Jul. Rate your experience: bit.ly/JRfYXy,Delivery
  Swiggy: Your cart misses you! Complete purchase now & get 30% off. bit.ly/ybKxyX,Promo
Coupon 7357 gives you free delivery on orders above Rs.931. -Amazon,Promo
EMI of Rs.25953 due on 08-05-26 for loan A/c XX3535. Pay now to avoid charges. -HDFC Bank,Bank
Delivery attempt failed for order OD9462204603. We will retry tomorrow. -Ekart,Delivery
OTP: 216086 for txn of Rs.16879 at Flipkart. Do not share. -HDFC Bank,OTP
Recharge with Rs.1903 & get 10% extra talktime. Offer valid today only!,Promo
Interest of Rs.72748 credited to your FD A/c XX8950. -Kotak T&C apply,Bank
787062 - use this code to sign in to PhonePe Never share it with anyone,OTP
Zomato: Your cart misses you! Complete purchase now & get 70% off. bit.ly/VhdSzM,Promo
665012 is your Flipkart security code. Anyone asking for it is a scammer. -TM,OTP
MEGA SALE! GET 50% OFF ON ALL PRODUCTS AT AMAZON. SHOP NOW: BIT.LY/PVBIMN T&C APPLY.,Promo
<#> 193936 is your SBI code. Valid 5 min. hA8sk2Lqp3,OTP
Your Swiggy order OD7326925446 has been shipped via Ekart. Track: bit.ly/fStSjz,Delivery
Your IRCTC code: 934247,OTP
WEEKEND SPECIAL AT MYNTRA! MIN 80% OFF ON EVERYTHING. DON'T MISS OUT: BIT.LY/EVICMI,Promo
Riya from Ekart is arriving with your package. Contact: 2769669582,Delivery
Coupon 2597 gives you free delivery on orders above Rs.4183. -Flipkart STOP to opt out,Promo
Delivery attempt failed for order OD2715451521. We will retry tomorrow. -DTDC,Delivery
Your return pickup for order OD1957961699 is scheduled on 01 Jul. Keep the item ready. -Zomato,Delivery
  OTP for delivery of order OD7587583742 is 5307. Share only with the delivery agent. -XpressBees,Delivery
Salary  of Rs.64553 credited to A/c XX7595. Avl Bal: Rs.448499. -PNB,Bank
225239 - use this to sign in. Never share this code with anyone.,OTP
Delivery attempt failed for order OD1597506775. We will retry tomorrow. -Delhivery,Delivery
Delivery attempt failed for order OD4202786904. We will retry tomorrow. -DTDC,Delivery
Out for delivery: Your Swiggy package OD1414386703 will arrive today by 9 PM. -DTDC,Delivery
Tap to verify: 966519. This code expires shortly.,OTP
congratulations! you won rs.1511791 in lucky draw. claim: bit.ly/qnuonk,Spam
Recharge with Rs.222 & get 40% extra talktime Offer valid today only!,Promo
Pay Rs.4111 on delivery for order OD613570312. -XpressBees,Delivery
OUT FOR DELIVERY: YOUR MYNTRA PACKAGE OD9854250027 WILL ARRIVE TODAY BY 6 PM. -XPRESSBEES,Delivery
Last day! Amazon clearance sale ends tonight. Up to 10% off sitewide.,Promo
your a/c xx7321 is debited with rs.54529 on 19-03-26. info: upi-oliver. bal: rs.52418,Bank
Weekend special at Amazon! Min 20% off on everything. Don't miss out: bit.ly/FXaqrV,Promo
Delivery attempt failed for order OD3889570799. We will retry tomorrow. -DTDC,Delivery
YOUR ONE TIME PASSWORD IS 683153 FOR PHONEPE. PLEASE DO NOT SHARE IT.,OTP
MEGA SALE! Get 70% OFF on all products at Zomato. Shop now: bit.ly/VGAXwU T&C apply.,Promo
Exclusive for you! Buy 1 Get 1 FREE at Flipkart. Limited period offer. Visit bit.ly/TImPzL,Promo
Congratulations! U won Rs.1846960 in lucky draw. Claim: bit.ly/TxeBJE,Spam
LOW BALANCE ALERT: A/C XX9693 BALANCE IS RS.151936. MAINTAIN MIN BALANCE TO AVOID CHARGES.,Bank
  Exclusive for you! Buy 1 Get 1 FREE at Meesho. Limited period offer. Visit bit.ly/tLubWE,Promo
Tap to verify: 402443. This code expires shortly.,OTP
Swiggy: Your cart misses you! Complete purchase now & get 40% off bitly/OLOIAZ,Promo
your myntra membership expires soon. renew now & save 50%: bit.ly/abxbwt,Promo
MEGA SALE! GET 50% OFF ON ALL PRODUCTS AT MYNTRA. SHOP NOW: BIT.LY/BDPLAQ T&C APPLY.,Promo
  Dear customer ur Kotak account will be blocked! Update KYC now: bit.ly/RDtraD,Spam
Salary of Rs.39250 credited to A/c XX7683. Avl Bal: Rs.354951. -HDFC Bank,Bank
Cheque no. 862582038823 for INR 67747 has been cleared from A/c XX4818. -SBI,Bank
YOUR A/C XX5419 IS DEBITED WITH RS.47107 ON 20-05-26. INFO: UPI-UPMA. BAL: RS.218394,Bank
Recharge with Rs.292 & get 70% extra talktime. Offer valid today only! STOP to opt out,Promo
OTP-based login was enabled for your A/c XX7719. Call BOB if this wasn't you.,Bank
Rs.19869 debited from A/c XX8272 on 09-05-26 to Yochana. Avl Bal: Rs.443192. -BOB,Bank
MEGA SALE! Get 30% OFF on all products at Zomato. Shop now: bit.ly/sZmnSf T&C apply. T&C apply,Promo
Delivered! Your Myntra order OD3473364258 was delivered on 01 Jul. Rate your experience: bit.ly/OdYLrM,Delivery
<#> 901129 is your ICICI Bank code. Valid 30 min. hA8sk2Lqp3,OTP
340260 is your otp for bigbasket login. valid for 15 minutes. do not share with anyone.,OTP
YOUR ONE TIME PASSWORD IS 642885 FOR BIGBASKET. PLEASE DO NOT SHARE IT.,OTP
EMI of Rs.7620 due on 19-02-26 for loan A/c XX1241 Pay now to avoid charges -HDFC Bank,Bank
your one time password is 43052 for netflix. please do not share it.,OTP
Coupon 6165 gives you free delivery on orders above Rs.436. -BigBasket -TM,Promo
BigBasket: Your cart misses you! Complete purchase now & get 50% off. bit.ly/RUbDyr,Promo
Coupon  1612 gives you free delivery on orders above Rs.1689. -Zomato,Promo
Order OD4806578145 packed and ready! Expected dispatch by 01 Jul. -Flipkart,Delivery
your zomato order od5709272572 has been shipped via delhivery. track: bit.ly/ytzgic,Delivery
Meesho: Your cart misses you! Complete purchase now & get 20% off. bit.ly/yUhSLi,Promo
Rs.93246 credited to A/c XX9572 on 15-04-26. Avl Bal: Rs.478813. -SBI,Bank
Last day! Swiggy clearance sale ends tonight. Up to 20% off sitewide.,Promo
MEGA SALE! Get 80% OFF on all products at Amazon. Shop now: bit.ly/uCVBdE T&C apply.,Promo
898449 is your verification code for BigBasket. Never share your OTP.,OTP
Flipkart Big Billion Days! Up to 20% off + extra 10% with PNB cards. Hurry!,Promo
  Ola: 502870 is your login OTP. It expires in 30 minutes.,OTP
ALERT: Rs.16037 withdrawn from ATM using card XX8424 on 25-02-26. Bal: Rs.480444. -Axis Bank -TM,Bank
Dear customer ur ICICI Bank account will be blocked! Update KYC now: bitly/zqQipL,Spam
Order OD2596708068 packed and ready! Expected dispatch by 02 Jul. -Zomato,Delivery
  Work from home! Earn Rs.174951/month. Join: bit.ly/fbwKQC,Spam
XpressBees: Shipment OD9095899621 reached your city hub. Expected delivery: 01 Jul.,Delivery
763209 is your Netflix security code. Anyone asking for it is a scammer.,OTP
Your one time password is 882294 for GPay. Please do not share it.,OTP
Order OD4820621638 packed and ready! Expected dispatch by 03 Jul. -BigBasket,Delivery
your zomato order od4978107749 has been shipped via delhivery. track: bit.ly/cinfrv,Delivery
Exclusive for you! Buy 1 Get 1 FREE at Flipkart. Limited period offer. Visit bit.ly/jIYLDF STOP to opt out,Promo
Rs.68178 debited from A/c XX3761 on 24-06-26 to Omaja. Avl Bal: Rs.478332. -Axis Bank,Bank
<#> 532764 is your Ola code. Valid 15 min. hA8sk2Lqp3,OTP
Coupon 2592 gives you free delivery on orders above INR 4075. -Myntra,Promo
Confirmation code 157787 for GPay. Keep it private.,OTP
Your  Flipkart order OD5620514371 has been shipped via DTDC. Track: bit.ly/itcIpY,Delivery
Pay Rs.365 on delivery for order OD210534374. -DTDC,Delivery
OTP: 366271 for txn of Rs.11149 at Paytm. Do not share. -PNB T&C apply,OTP
Your Ola code: 201774,OTP
Your return pickup for order OD6720551304 is scheduled on 01 Jul. Keep the item ready. -Amazon,Delivery
"Class shifted to room 8559, come fast",Personal
RS.93180 DEBITED FROM A/C XX3872 ON 09-01-26 TO KALA. AVL BAL: RS.90217. -PNB,Bank
Ur OTP is 293945. Use it to verify ur Zomato account. Expires in 15 min.,OTP
Rs.62718 debited from A/c XX9549 on 01-05-26 to Wriddhish. Avl Bal: Rs.458768. -SBI,Bank
Your one time password is 884764 for Paytm. Please do not share it.,OTP
  ALERT: Rs.94438 withdrawn from ATM using card XX2676 on 30-06-26. Bal: Rs.298404. -Axis Bank,Bank
  Tap to verify: 996197. This code expires shortly.,OTP
Rs.56776 credited to A/c XX1782 on 21-02-26. Avl Bal: Rs.88768. -Kotak STOP to opt out,Bank
886439 IS YOUR OTP FOR ZOMATO LOGIN. VALID FOR 10 MINUTES. DO NOT SHARE WITH ANYONE.,OTP
YOUR OTP IS 80818. USE IT TO VERIFY YOUR ZOMATO ACCOUNT. EXPIRES IN 10 MIN.,OTP
DTDC: SHIPMENT OD5685636458 REACHED YOUR CITY HUB. EXPECTED DELIVERY: 02 JUL.,Delivery
Out  for delivery: Your Swiggy package OD7940564279 will arrive today by 12 PM. -Ekart,Delivery
Your one time password is 966295 for ICICI Bank. Please do not share it.,OTP
  <#> 213287 is your Axis Bank code. Valid 30 min. hA8sk2Lqp3,OTP
  Dear customer ur ICICI Bank account will be blocked! Update KYC now: bit.ly/SOdNQm,Spam
Jeremiah from DTDC is arriving with your package Contact: 2450364165,Delivery
Your Swiggy membership expires soon. Renew now & save 40%: bit.ly/vCfpyd,Promo
Use 307258 to complete your SBI registration. Valid till 2 mins.,OTP
Your A/c XX3110 is debited with Rs.20372 on 28-06-26. Info: UPI-Chasmum. Bal: Rs.487785,Bank
OTP-based login was enabled for your A/c XX2168. Call PNB if this wasn't you.,Bank
Flipkart: 510959 is your login OTP. It expires in 5 minutes. T&C apply,OTP
low balance alert: a/c xx6032 balance is rs.195810. maintain min balance to avoid charges.,Bank
ALERT:  Rs.11655 withdrawn from ATM using card XX4793 on 09-01-26. Bal: Rs.389221. -PNB,Bank
Interest  of Rs.77576 credited to your FD A/c XX3152. -HDFC Bank,Bank
G-25480 is ur Google verification code.,OTP
73208 is your OTP for GPay login. Valid for 2 minutes. Do not share with anyone. -TM,OTP
UPI payment of INR 74833 to Elijah successful. UPI Ref: 605132561441. -Axis Bank,Bank
Delivery attempt failed for order OD2292526692. We will retry tomorrow. -Delhivery,Delivery
your zomato order od9567607544 has been shipped via ekart. track: bit.ly/cruwrb,Delivery
UPI payment of Rs.24894 to Ayaan successful. UPI Ref: 657072638603. -Kotak,Bank
Ur A/c XX3737 is debited with Rs.6450 on 07-02-26. Info: UPI-Damini. Bal: Rs.357483,Bank
Rs.12751 debited from A/c XX5319 on 21-06-26 to Samaksh Avl Bal: Rs.250965 -Kotak,Bank
"BRO SEND ME RS.1548 ON GPAY, WILL RETURN BY 04 JUL",Personal
332236 is your OTP for Kotak login. Valid for 30 minutes. Do not share with anyone.,OTP
Your  credit card XX7568 statement is ready. Total due: Rs.75416. Min due: Rs.2840. -PNB,Bank
WORK FROM HOME! EARN RS.2312274/MONTH. JOIN: BIT.LY/YHPINU,Spam
UPI payment of Rs.83378 to Amaira successful. UPI Ref: 273615696649. -Kotak STOP to opt out,Bank
YOUR BIGBASKET MEMBERSHIP EXPIRES SOON. RENEW NOW & SAVE 50%: BIT.LY/TWYYWC,Promo
Your SIM will be deactivated in 24hrs. Verify Aadhaar: bit.ly/TTXwUI,Spam
OTP for delivery of order OD6784070659 is 3299. Share only with the delivery agent. -BlueDart,Delivery
Congratulations! You won Rs.903547 in lucky draw. Claim: bit.ly/VyHANk,Spam
<#>  579085 is your IRCTC code. Valid 30 min. hA8sk2Lqp3,OTP
  Last day! Amazon clearance sale ends tonight. Up to 60% off sitewide.,Promo
Rs.56299 credited to A/c XX4740 on 15-03-26. Avl Bal: Rs.65943. -PNB,Bank
Salary of Rs.83109 credited to A/c XX7523. Avl Bal: Rs.104716. -PNB T&C apply,Bank
Delivered! Your Amazon order OD2200641276 was delivered on 03 Jul. Rate your experience: bit.ly/HyZDnL,Delivery
out for delivery: your zomato package od6979716015 will arrive today by 3 pm. -ekart,Delivery
Your OTP is 755873. Use it to verify your Hotstar account. Expires in 2 min.,OTP
OTP FOR DELIVERY OF ORDER OD4216377707 IS 3418. SHARE ONLY WITH THE DELIVERY AGENT. -DELHIVERY,Delivery
Ola: 867584 is your login OTP. It expires in 5 minutes.,OTP
Tap to verify: 102261. This code expires shortly.,OTP
Delivered! Your Meesho order OD6296351199 was delivered on 02 Jul. Rate your experience: bit.ly/bbjkml,Delivery
Exclusive for you! Buy 1 Get 1 FREE at Flipkart. Limited period offer. Visit bit.ly/RDQVeB,Promo
Your A/c XX1494 is debited with Rs.29645 on 11-01-26. Info: UPI-Pahal. Bal: Rs.75509 -TM,Bank
DTDC: Shipment OD3493415395 reached your city hub. Expected delivery: 01 Jul.,Delivery
Salary of Rs.28437 credited to A/c XX1356. Avl Bal: Rs.268270. -SBI,Bank
<#> 126357 is your Zomato code. Valid 2 min. hA8sk2Lqp3 -TM,OTP
Low balance alert: A/c XX2482 balance is INR 10478. Maintain min balance to avoid charges.,Bank
Your order OD3302998762 from Myntra is arriving tomorrow. Keep INR 3342 ready for COD.,Delivery
"Bro send me Rs.2766 on gpay, will return by 01 Jul T&C apply",Personal
246754 - use this to sign in Never share this code with anyone,OTP
"Hi Madhavi, unlock Rs.610 off your first order at Zomato with code NEW81.",Promo
Recharge with Rs.415 & get 40% extra talktime. Offer valid today only!,Promo
650327  - use this code to sign in to Hotstar. Never share it with anyone.,OTP
818069  is your Flipkart security code. Anyone asking for it is a scammer.,OTP
  Tap to verify: 826932. This code expires shortly.,OTP
Salary of Rs.79893 credited to A/c XX6266 Avl Bal: Rs.161866 -Axis Bank,Bank
  Congratulations! You won Rs.1169812 in lucky draw. Claim: bit.ly/RnJVWa,Spam
low balance alert: a/c xx5841 balance is rs.287012. maintain min balance to avoid charges.,Bank
KALA FROM EKART IS ARRIVING WITH YOUR PACKAGE. CONTACT: 02968744257,Delivery
  Weekend special at Swiggy! Min 30% off on everything. Don't miss out: bit.ly/DBUHHo,Promo
Your  Meesho membership expires soon. Renew now & save 20%: bit.ly/PYicKK,Promo
643255 is your OTP for GPay login. Valid for 15 minutes. Do not share with anyone.,OTP
Your OTP is 813340 Use it to verify your Paytm account Expires in 30 min,OTP
767304 - use this to sign in. Never share this code with anyone. -TM,OTP
HDFC BANK: 364239 IS YOUR LOGIN OTP. IT EXPIRES IN 5 MINUTES.,OTP
  Recharge with Rs.530 & get 70% extra talktime. Offer valid today only!,Promo
Your A/c XX6696 is debited with Rs.60278 on 08-03-26. Info: UPI-Vasatika. Bal: Rs.320872,Bank
  Out for delivery: Your Swiggy package OD5629752708 will arrive today by 9 PM. -Delhivery,Delivery
890091 - use this to sign in. Never share this code with anyone.,OTP
  Cheque no. 307550219299 for Rs.63290 has been cleared from A/c XX3713. -HDFC Bank,Bank
  941029 - use this code to sign in to Netflix. Never share it with anyone.,OTP
ENTER 700354 TO VERIFY YOUR MOBILE NUMBER FOR GPAY.,OTP
  Interest of Rs.65626 credited to your FD A/c XX7242. -Kotak,Bank
CONFIRMATION CODE 454652 FOR PHONEPE. KEEP IT PRIVATE.,OTP
Ekart: Shipment OD2696501583 reached your city hub. Expected delivery: 02 Jul. STOP to opt out,Delivery
Your Uber code: 3334,OTP
257309  is your Amazon security code. Anyone asking for it is a scammer.,OTP
your a/c xx9659 is debited with rs.64612 on 04-01-26. info: upi-yutika. bal: rs.396362,Bank
MEGA SALE! Get 70% OFF on all products at Myntra. Shop now: bit.ly/GixYRp T&C apply. T&C apply,Promo
your order od2493229550 from bigbasket is arriving tomorrow. keep rs.488 ready for cod.,Delivery
  Ola: 389838 is your login OTP. It expires in 10 minutes.,OTP
Low balance alert: A/c XX1460 balance is Rs.32172. Maintain min balance to avoid charges. STOP to opt out,Bank
Recharge with Rs.1643 & get 50% extra talktime. Offer valid today only!,Promo
use 221115 to complete your zomato registration. valid till 5 mins.,OTP
Your  OTP is 269116. Use it to verify your Amazon account. Expires in 2 min.,OTP
ALERT:  Rs.19552 withdrawn from ATM using card XX8416 on 13-06-26. Bal: Rs.322796. -ICICI Bank,Bank
Your Uber code: 4554,OTP
Your OTP is 236461. Use it to verify your Myntra account. Expires in 2 min.,OTP
UPI payment of Rs.95411 to Jacob successful. UPI Ref: 207997034031. -PNB,Bank
DELIVERED! YOUR AMAZON ORDER OD6717326223 WAS DELIVERED ON 03 JUL. RATE YOUR EXPERIENCE: BIT.LY/FLPWHO,Delivery
BigBasket: Your cart misses you! Complete purchase now & get 60% off. bit.ly/RhPgID,Promo
Your  OTP is 716383. Use it to verify your Hotstar account. Expires in 2 min.,OTP
362393 is your verification code for Netflix Never share your OTP,OTP
Cheque no. 498424034942 for Rs.29873 has been cleared from A/c XX4941. -Axis Bank,Bank
G-652199 is your Google verification code.,OTP
  Your SIM will be deactivated in 24hrs. Verify Aadhaar: bit.ly/jDORxT,Spam
Flat Rs.437 cashback on your next order at Meesho. Use code SAVE20. Valid till 04 Jul.,Promo
479880 is your OTP for Flipkart login. Valid for 10 minutes. Do not share with anyone.,OTP
630998 is your IRCTC security code. Anyone asking for it is a scammer. -TM,OTP
INR 84097 credited to A/c XX1548 on 25-02-26. Avl Bal: INR 336320. -PNB,Bank
Weekend special at Amazon! Min 50% off on everything. Don't miss out: bit.ly/UMFowm,Promo
  <#> 11942 is your Swiggy code. Valid 30 min. hA8sk2Lqp3,OTP
964612 IS YOUR OTP FOR AXIS BANK LOGIN. VALID FOR 15 MINUTES. DO NOT SHARE WITH ANYONE.,OTP
EMI of INR 67571 due on 31-03-26 for loan A/c XX9737. Pay now to avoid charges. -HDFC Bank,Bank
Coupon 4461 gives you free delivery on orders above Rs.3711. -Swiggy,Promo
Last day! Meesho clearance sale ends tonight. Up to 20% off sitewide. -TM,Promo
EXCLUSIVE FOR YOU! BUY 1 GET 1 FREE AT ZOMATO. LIMITED PERIOD OFFER. VISIT BIT.LY/MZWVZM,Promo
Tap to verify: 370373. This code expires shortly.,OTP
coupon 9666 gives you free delivery on orders above rs.4528. -amazon,Promo
OTP: 284777 for txn of Rs.23331 at Myntra. Do not share. -PNB,OTP
MEGA SALE! Get 60% OFF on all products at Flipkart. Shop now: bit.ly/uFHUMJ T&C apply.,Promo
your order od4463293973 from amazon is arriving tomorrow. keep rs.835 ready for cod.,Delivery
Weekend special at Meesho! Min 50% off on everything. Don't miss out: bit.ly/VkwBDB,Promo
"hi radhika, unlock rs.482 off your first order at bigbasket with code new16.",Promo
Dear customer ur BOB account will be blocked! Update KYC now: bit.ly/cropIn,Spam
  <#> 775437 is your Swiggy code. Valid 10 min. hA8sk2Lqp3,OTP
BIGBASKET: 193091 IS YOUR LOGIN OTP. IT EXPIRES IN 15 MINUTES.,OTP
BlueDart: Shipment OD8016089975 reached your city hub. Expected delivery: 02 Jul. STOP to opt out,Delivery
dear customer ur pnb account will be blocked! update kyc now: bit.ly/mgevor,Spam
Exclusive for you! Buy 1 Get 1 FREE at BigBasket Limited period offer Visit bitly/zbSpHA,Promo
OTP for delivery of order OD1477969470 is 5540. Share only with the delivery agent. -XpressBees,Delivery
"  Hi Chavvi, unlock Rs.1821 off your first order at Amazon with code NEW76.",Promo
  Your Meesho code: 748831,OTP
Exclusive for you! Buy 1 Get 1 FREE at Amazon. Limited period offer. Visit bit.ly/YCkIcs,Promo
Delivery attempt failed for order OD1284190887. We will retry tomorrow. -Delhivery,Delivery
Your credit card XX4038 statement is ready. Total due: INR 79320. Min due: INR 1932. -Axis Bank,Bank
Interest of Rs.15435 credited to your FD A/c XX3361. -PNB,Bank
Confirmation code 474720 for ICICI Bank. Keep it private.,OTP
Flat Rs.1905 cashback on your next order at Swiggy Use code SAVE71 Valid till 04 Jul,Promo
Your OTP is 291635 Use it to verify your Paytm account Expires in 30 min,OTP
Ur OTP is 146716. Use it to verify ur Flipkart account. Expires in 30 min.,OTP
Your return pickup for order OD3637495452 is scheduled on 02 Jul. Keep the item ready. -Zomato,Delivery
salary of rs.63703 credited to a/c xx4369. avl bal: rs.348442. -sbi,Bank
Your order OD7556575246 from Amazon is arriving tomorrow. Keep Rs.4535 ready for COD.,Delivery
"Hi Samaksh, unlock Rs.1982 off your first order at Swiggy with code NEW13.",Promo
OTP-based login was enabled for ur A/c XX3811. Call PNB if this wasn't you.,Bank
Ur A/c XX6453 is debited with Rs.76971 on 16-02-26. Info: UPI-Ranveer. Bal: Rs.262905,Bank
Exclusive  for you! Buy 1 Get 1 FREE at Meesho. Limited period offer. Visit bit.ly/IYvPTY,Promo
545702 is ur OTP for Flipkart login. Valid for 5 minutes. Do not share with anyone.,OTP
Flat Rs.576 cashback on your next order at Zomato. Use code SAVE91. Valid till 03 Jul.,Promo
527146 - use this to sign in. Never share this code with anyone.,OTP
Order OD2631514444 packed and ready! Expected dispatch by 03 Jul. -BigBasket,Delivery
Interest of Rs.63148 credited to your FD A/c XX3316. -PNB,Bank
Out for delivery: Ur Meesho package OD7993219727 will arrive today by 6 PM. -BlueDart,Delivery
YOUR RETURN PICKUP FOR ORDER OD9891392841 IS SCHEDULED ON 04 JUL. KEEP THE ITEM READY. -FLIPKART,Delivery
Your BigBasket order OD1925322999 has been shipped via Ekart Track: bitly/xudLzv,Delivery
Rs.50908 credited to A/c XX1502 on 23-01-26. Avl Bal: Rs.125011. -BOB,Bank
Your OTP is 854491. Use it to verify your GPay account. Expires in 2 min.,OTP
Om from BlueDart is arriving with your package. Contact: +912054670573,Delivery
Rs.31581 credited to A/c XX8085 on 10-04-26. Avl Bal: Rs.379519. -ICICI Bank,Bank
Use code 1203 at checkout for 25% off at Swiggy!,Promo
  Your Swiggy membership expires soon. Renew now & save 20%: bit.ly/hVLvgE,Promo
Flat Rs.246 cashback on your next order at BigBasket. Use code SAVE41. Valid till 02 Jul.,Promo
Ur Flipkart membership expires soon. Renew now & save 50%: bit.ly/ZoVXcR,Promo
  Use 479166 to complete your ICICI Bank registration. Valid till 2 mins.,OTP
Myntra Big Billion Days! Up to 20% off + extra 10% with Axis Bank cards. Hurry!,Promo
Congratulations!  You won Rs.202416 in lucky draw. Claim: bit.ly/TagySA,Spam
Your OTP is 780782 Use it to verify your Paytm account Expires in 5 min,OTP
OTP-based login was enabled for your A/c XX2338. Call HDFC Bank if this wasn't you.,Bank
  ALERT: Rs.59116 withdrawn from ATM using card XX8394 on 02-05-26. Bal: Rs.315872. -Kotak,Bank
816772 - use this to sign in. Never share this code with anyone.,OTP
908995 - use this to sign in. Never share this code with anyone.,OTP
Your A/c XX9927 is debited with INR 13868 on 03-06-26. Info: UPI-Jackson. Bal: INR 433149,Bank
Enter 100406 to verify ur mobile number for Zomato.,OTP
Paytm: 750813 is your login OTP It expires in 10 minutes,OTP
725596 - use this to sign in. Never share this code with anyone.,OTP
Order OD4621045654 packed and ready! Expected dispatch by 01 Jul. -Meesho T&C apply,Delivery
UPI payment of Rs.75272 to Kamya successful UPI Ref: 520169185835 -BOB,Bank
  Your A/c XX1356 is debited with Rs.95272 on 22-05-26. Info: UPI-Hemal. Bal: Rs.427793,Bank
Your order OD9702979805 from Meesho is arriving tomorrow. Keep Rs.1960 ready for COD.,Delivery
Enter 846648 to verify your mobile number for Ola.,OTP
666152 - use this code to sign in to Axis Bank. Never share it with anyone. T&C apply,OTP
Tap  to verify: 310128. This code expires shortly.,OTP
Use 513382 to complete your Kotak registration Valid till 10 mins,OTP
Swiggy: Your cart misses you! Complete purchase now & get 80% off. bit.ly/OgKOhp,Promo
  Your Flipkart order OD8754039537 has been shipped via DTDC. Track: bit.ly/nlqyLZ,Delivery
  OTP for delivery of order OD3313778313 is 2675. Share only with the delivery agent. -BlueDart,Delivery
Out for delivery: Your Meesho package OD7808832191 will arrive today by 3 PM. -DTDC,Delivery
Enter 683366 to verify your mobile number for Ola.,OTP
Order OD2615920379 packed and ready! Expected dispatch by 02 Jul. -Meesho,Delivery
  Cheque no. 648263381312 for Rs.88822 has been cleared from A/c XX7125. -PNB,Bank
Interest of Rs.15857 credited to your FD A/c XX6518. -ICICI Bank,Bank
ALERT: RS.80736 WITHDRAWN FROM ATM USING CARD XX7520 ON 21-02-26. BAL: RS.473522. -AXIS BANK,Bank
Your one time password is 37298 for PNB. Please do not share it.,OTP
UPI payment of Rs.69822 to Tamanna successful. UPI Ref: 738180070470. -Axis Bank,Bank
  Your SIM will be deactivated in 24hrs. Verify Aadhaar: bit.ly/AeFgdp,Spam
upi payment of rs.62718 to yoshita successful. upi ref: 786247176215. -axis bank,Bank
Delivery attempt failed for order OD9054343015. We will retry tomorrow. -Delhivery,Delivery
congratulations! you won rs.1272639 in lucky draw. claim: bit.ly/ijxpol,Spam
Last day! Meesho clearance sale ends tonight. Up to 70% off sitewide. -TM,Promo
Out for delivery: Your Swiggy package OD7638144474 will arrive today by 3 PM. -Ekart,Delivery
Ur credit card XX3576 statement is ready. Total due: Rs.7414. Min due: Rs.1170. -Axis Bank,Bank
838716 is your verification code for Hotstar. Never share your OTP.,OTP
"Hey,  my new number is 8932227982. Save it! Meet at 8?",Personal
last day! zomato clearance sale ends tonight. up to 20% off sitewide.,Promo
Weekend  special at BigBasket! Min 60% off on everything. Don't miss out: bit.ly/uAatSZ,Promo
Your Myntra membership expires soon Renew now & save 10%: bitly/fnkiTe,Promo
ekart: shipment od3302685717 reached your city hub. expected delivery: 01 jul.,Delivery
XpressBees: Shipment OD2645392777 reached your city hub. Expected delivery: 02 Jul.,Delivery
Rs.71111 credited to A/c XX8823 on 13-06-26. Avl Bal: Rs.414247. -BOB,Bank
Uber: 905938 is your login OTP. It expires in 2 minutes. -TM,OTP
"Bro send me Rs.4162 on gpay, will return by 02 Jul",Personal
Rs.26359 credited to A/c XX7172 on 11-03-26. Avl Bal: Rs.461029. -BOB STOP to opt out,Bank
  Delhivery: Shipment OD5785826279 reached your city hub. Expected delivery: 03 Jul.,Delivery
UPI payment of Rs.39211 to Zashil successful. UPI Ref: 226237399991. -HDFC Bank,Bank
339869 is your OTP for Flipkart login. Valid for 5 minutes. Do not share with anyone. -TM,OTP
"HEY, MY NEW NUMBER IS +918554117768. SAVE IT! MEET AT TONIGHT?",Personal
Cheque no. 811791381132 for Rs.79336 has been cleared from A/c XX5473. -Axis Bank,Bank
Your A/c XX4359 is debited with Rs.56404 on 22-06-26. Info: UPI-Arjun. Bal: Rs.451124 T&C apply,Bank
ALERT: INR 35561 withdrawn from ATM using card XX5772 on 28-06-26. Bal: INR 122686. -Kotak,Bank
Pay INR 2756 on delivery for order OD886513910. -BlueDart,Delivery
Interest  of Rs.15784 credited to your FD A/c XX6810. -Kotak,Bank
Order OD8749082482 packed and ready! Expected dispatch by 01 Jul. -Myntra,Delivery
  Dear customer ur PNB account will be blocked! Update KYC now: bit.ly/IjuJDQ,Spam
480518 is your otp for amazon login. valid for 2 minutes. do not share with anyone.,OTP
537134 is your OTP for Kotak login. Valid for 5 minutes. Do not share with anyone.,OTP
Dear customer ur Kotak account will be blocked! Update KYC now: bit.ly/oXxvdm,Spam
INR 42468 credited to A/c XX6728 on 15-05-26. Avl Bal: INR 280255. -HDFC Bank,Bank
Rs.43817 debited from A/c XX7611 on 03-03-26 to Nathan. Avl Bal: Rs.17262. -HDFC Bank,Bank
Salary of Rs.32932 credited to A/c XX4959. Avl Bal: Rs.363399. -HDFC Bank,Bank
Last day! Zomato clearance sale ends tonight. Up to 80% off sitewide.,Promo
Delivery attempt failed for order OD6810164314 We will retry tomorrow -Delhivery,Delivery
Enter 73786 to verify your mobile number for Myntra.,OTP
Your Meesho order OD4171157700 has been shipped via XpressBees Track: bitly/rhXIqY,Delivery
Delivered! Your Myntra order OD2572855250 was delivered on 01 Jul. Rate your experience: bit.ly/UvGnlP,Delivery
DEAR CUSTOMER UR BOB ACCOUNT WILL BE BLOCKED! UPDATE KYC NOW: BIT.LY/TPJSHA,Spam
Delhivery: Shipment OD1770373877 reached your city hub. Expected delivery: 01 Jul.,Delivery
Use code 8558 at checkout for 25% off at Amazon!,Promo
Low balance alert: A/c XX2160 balance is Rs.420701 Maintain min balance to avoid charges,Bank
  Exclusive for you! Buy 1 Get 1 FREE at Amazon. Limited period offer. Visit bit.ly/LetiKr,Promo
Your order OD7229087550 from Myntra is arriving tomorrow. Keep INR 2384 ready for COD.,Delivery
Out for delivery: Your Flipkart package OD3056951865 will arrive today by 12 PM. -Ekart,Delivery
267008 is your uber security code. anyone asking for it is a scammer.,OTP
  Recharge with Rs.1877 & get 70% extra talktime. Offer valid today only!,Promo
your return pickup for order od1602294975 is scheduled on 03 jul. keep the item ready. -amazon,Delivery
"Never  share your OTP, PIN or CVV. SBI never asks for these. Stay safe.",Bank
upi payment of rs.64757 to hemal successful. upi ref: 859015550277. -pnb,Bank
Your Myntra order OD2725559863 has been shipped via BlueDart. Track: bit.ly/WaqvMt,Delivery
BigBasket Big Billion Days! Up to 20% off + extra 10% with PNB cards Hurry!,Promo
  Flat Rs.296 cashback on your next order at Myntra. Use code SAVE41. Valid till 04 Jul.,Promo
849117 is your verification code for meesho. never share your otp.,OTP
Your return pickup for order OD2518812897 is scheduled on 03 Jul. Keep the item ready. -BigBasket,Delivery
Ur Swiggy order OD4895506026 has been shipped via Ekart. Track: bit.ly/WfGNzQ,Delivery
enter 278078 to verify your mobile number for sbi.,OTP
Use code 3289 at checkout for 10% off at Zomato!,Promo
OTP: 362640 for txn of Rs.10177 at Amazon. Do not share. -Axis Bank,OTP
UPI PAYMENT OF RS.22149 TO SAI SUCCESSFUL. UPI REF: 648202031451. -ICICI BANK,Bank
ALERT: Rs.28105 withdrawn from ATM using card XX6284 on 05-01-26. Bal: Rs.95456. -HDFC Bank,Bank
YOUR SWIGGY MEMBERSHIP EXPIRES SOON. RENEW NOW & SAVE 60%: BIT.LY/ESNUDG,Promo
OTP: 859020 for txn of Rs.12965 at Kotak. Do not share. -SBI STOP to opt out,OTP
Your OTP is 816241. Use it to verify your Myntra account. Expires in 2 min.,OTP
  Ekart: Shipment OD2835270749 reached your city hub. Expected delivery: 02 Jul.,Delivery
337321 IS YOUR VERIFICATION CODE FOR UBER. NEVER SHARE YOUR OTP.,OTP
"HI SANAYA, UNLOCK RS.1822 OFF YOUR FIRST ORDER AT SWIGGY WITH CODE NEW49.",Promo
481671 - use this to sign in. Never share this code with anyone.,OTP
EMI of Rs.64345 due on 29-06-26 for loan A/c XX6597. Pay now to avoid charges. -PNB,Bank
USE 978308 TO COMPLETE YOUR KOTAK REGISTRATION. VALID TILL 5 MINS.,OTP
Tap to verify: 207089. This code expires shortly.,OTP
"  Hi Jeet, unlock Rs.1159 off your first order at Zomato with code NEW32.",Promo
OTP-based login was enabled for your A/c XX9178. Call Axis Bank if this wasn't you.,Bank
"Hey, my new number is 02389886084 Save it! Meet at 6pm?",Personal
Rs.84985 debited from A/c XX7810 on 21-03-26 to Sudiksha Avl Bal: Rs.283995 -Kotak,Bank
Warda from DTDC is arriving with your package. Contact: 5845897449 T&C apply,Delivery
"Class shifted to room 3262, come fast",Personal
EMI of INR 4914 due on 03-03-26 for loan A/c XX2018. Pay now to avoid charges. -SBI,Bank
<#> 792746 is your Myntra code. Valid 10 min. hA8sk2Lqp3 -TM,OTP
G-323784 is ur Google verification code.,OTP
589105 is your ola security code. anyone asking for it is a scammer.,OTP
Your OTP is 8818. Use it to verify your Meesho account. Expires in 10 min.,OTP
last day! bigbasket clearance sale ends tonight. up to 40% off sitewide.,Promo
Aishani from BlueDart is arriving with your package Contact: +913549740994,Delivery
Enter 640398 to verify your mobile number for Zomato.,OTP
<#> 346829 is your Zomato code. Valid 30 min. hA8sk2Lqp3,OTP
Rs.91581 debited from A/c XX9733 on 30-06-26 to Maanav Avl Bal: Rs.258218 -HDFC Bank,Bank
"Bro send me Rs.4010 on gpay, will return by 01 Jul T&C apply",Personal
470642 is ur verification code for Amazon. Never share ur OTP.,OTP
Radhika from Ekart is arriving with ur package. Contact: 04916047112,Delivery
MEGA SALE! GET 50% OFF ON ALL PRODUCTS AT AMAZON. SHOP NOW: BIT.LY/NHWEEW T&C APPLY.,Promo
Delivered! Your Swiggy order OD9758510020 was delivered on 03 Jul. Rate your experience: bit.ly/wquMIY,Delivery
351684 - use this to sign in. Never share this code with anyone.,OTP
300812 is ur verification code for Ola. Never share ur OTP.,OTP
Your IRCTC code: 190615,OTP
EMI of Rs.98876 due on 11-02-26 for loan A/c XX8160. Pay now to avoid charges. -BOB,Bank
Ur return pickup for order OD6263251484 is scheduled on 04 Jul. Keep the item ready. -Meesho,Delivery
Order OD8792010661 packed and ready! Expected dispatch by 01 Jul. -Flipkart STOP to opt out,Delivery
  OTP for delivery of order OD3661969822 is 6876. Share only with the delivery agent. -Ekart,Delivery
Delivered!  Your Meesho order OD6448086316 was delivered on 03 Jul. Rate your experience: bit.ly/MOUipQ,Delivery
RS.55129 DEBITED FROM A/C XX2336 ON 28-06-26 TO WRIDESH. AVL BAL: RS.366483. -PNB,Bank
604319 - USE THIS TO SIGN IN. NEVER SHARE THIS CODE WITH ANYONE.,OTP
Work from home! Earn Rs.290042/month Join: bitly/aINKfm,Spam
EMI OF RS.69004 DUE ON 28-01-26 FOR LOAN A/C XX6963. PAY NOW TO AVOID CHARGES. -ICICI BANK,Bank
Amazon: 945874 is your login OTP. It expires in 2 minutes.,OTP
Ur ICICI Bank code: 314767,OTP
Flipkart: Your cart misses you! Complete purchase now & get 50% off. bit.ly/iVtkDs,Promo
Out for delivery: Ur Amazon package OD8599901224 will arrive today by 3 PM. -BlueDart,Delivery
Cheque no. 383141291490 for INR 6319 has been cleared from A/c XX4974. -HDFC Bank,Bank
Last day! Zomato clearance sale ends tonight. Up to 20% off sitewide.,Promo
Your one time password is 329585 for BOB. Please do not share it.,OTP
YOUR A/C XX3298 IS DEBITED WITH RS.37874 ON 15-01-26. INFO: UPI-LAKSHIT. BAL: RS.96316,Bank
"CLASS SHIFTED TO ROOM 7686, COME FAST",Personal
Delivery attempt failed for order OD5290483468. We will retry tomorrow. -BlueDart,Delivery
Your  return pickup for order OD9070229838 is scheduled on 01 Jul. Keep the item ready. -Flipkart,Delivery
127482 - use this code to sign in to PhonePe. Never share it with anyone.,OTP
Your credit card XX8699 statement is ready. Total due: Rs.14123. Min due: Rs.1989. -PNB,Bank
  Delivery attempt failed for order OD5177286913. We will retry tomorrow. -XpressBees,Delivery
Last  day! Swiggy clearance sale ends tonight. Up to 60% off sitewide.,Promo
Weekend special at Swiggy! Min 70% off on everything. Don't miss out: bit.ly/ruoipd,Promo
267829 is your verification code for BigBasket. Never share your OTP.,OTP
Your return pickup for order OD2521794860 is scheduled on 01 Jul. Keep the item ready. -Meesho,Delivery
Exclusive for you! Buy 1 Get 1 FREE at Zomato. Limited period offer. Visit bit.ly/yEMmVP,Promo
EMI of Rs.12690 due on 18-04-26 for loan A/c XX8222. Pay now to avoid charges. -Axis Bank,Bank
work from home! earn rs.1370981/month. join: bit.ly/fwwlrb,Spam
Use code 7656 at checkout for 50% off at Myntra! -TM,Promo
Use code 5072 at checkout for 25% off at BigBasket!,Promo
Rs.59446 debited from A/c XX7384 on 22-05-26 to Eesha. Avl Bal: Rs.159729. -HDFC Bank,Bank
Flat Rs.991 cashback on your next order at Flipkart. Use code SAVE46. Valid till 04 Jul.,Promo
Your one time password is 314570 for Ola. Please do not share it.,OTP
  Order OD5652856192 packed and ready! Expected dispatch by 04 Jul. -Zomato,Delivery
Coupon 6624 gives you free delivery on orders above Rs.2926. -Swiggy T&C apply,Promo
Mason from DTDC is arriving with ur package. Contact: 4411398417,Delivery
888238 is your Zomato security code. Anyone asking for it is a scammer.,OTP
932557 is your verification code for Ola. Never share your OTP.,OTP
612562 - use this to sign in. Never share this code with anyone.,OTP
Rs.38717 debited from A/c XX8430 on 15-05-26 to Nidra. Avl Bal: Rs.417115. -Kotak,Bank
"Bro send me Rs.4170 on gpay, will return by 03 Jul",Personal
Cheque no 372210497728 for Rs.96311 has been cleared from A/c XX9844 -SBI,Bank
your credit card xx7048 statement is ready. total due: rs.72184. min due: rs.1381. -bob,Bank
EMI  of Rs.29363 due on 03-07-26 for loan A/c XX3247. Pay now to avoid charges. -ICICI Bank,Bank
Flat Rs.565 cashback on your next order at Swiggy. Use code SAVE28. Valid till 03 Jul.,Promo
241766 is your Swiggy security code. Anyone asking for it is a scammer. T&C apply,OTP
WORK FROM HOME! EARN RS.1109758/MONTH. JOIN: BIT.LY/VRWTGJ,Spam
Salary of Rs.70697 credited to A/c XX3277. Avl Bal: Rs.79412. -SBI,Bank
Weekend special at Amazon! Min 10% off on everything. Don't miss out: bit.ly/mZaYyi,Promo
ALERT: Rs.61709 withdrawn from ATM using card XX5362 on 08-04-26 Bal: Rs.368057 -Kotak,Bank
Ur return pickup for order OD7432981349 is scheduled on 01 Jul. Keep the item ready. -Zomato,Delivery
Your Flipkart membership expires soon. Renew now & save 20%: bit.ly/RItBaR,Promo
OTP  for delivery of order OD1889131633 is 5167. Share only with the delivery agent. -DTDC,Delivery
zomato: your cart misses you! complete purchase now & get 10% off. bit.ly/bctsdy,Promo
OTP-based  login was enabled for your A/c XX4370. Call BOB if this wasn't you.,Bank
order od2744323106 packed and ready! expected dispatch by 01 jul. -meesho,Delivery
Your one time password is 5188 for Paytm. Please do not share it.,OTP
Your BigBasket order OD3097915736 has been shipped via XpressBees. Track: bit.ly/UoIGMz,Delivery
  Interest of Rs.87302 credited to your FD A/c XX7885. -Axis Bank,Bank
  Your OTP is 811198. Use it to verify your Flipkart account. Expires in 10 min.,OTP
"  Never share your OTP, PIN or CVV. BOB never asks for these. Stay safe.",Bank
CONFIRMATION CODE 605464 FOR GPAY. KEEP IT PRIVATE.,OTP
OTP:  466261 for txn of Rs.5760 at Axis Bank. Do not share. -BOB,OTP
Dear customer ur HDFC Bank account will be blocked! Update KYC now: bit.ly/FIMVkW,Spam
ALERT: Rs.44544 withdrawn from ATM using card XX1869 on 28-03-26. Bal: Rs.266650. -Kotak,Bank
EXCLUSIVE FOR YOU! BUY 1 GET 1 FREE AT MEESHO. LIMITED PERIOD OFFER. VISIT BIT.LY/UNZIYS,Promo
Last day! Flipkart clearance sale ends tonight. Up to 30% off sitewide.,Promo
YOUR CREDIT CARD XX3994 STATEMENT IS READY. TOTAL DUE: RS.6658. MIN DUE: RS.2299. -SBI,Bank
Ur Ola code: 561665,OTP
Work from home! Earn Rs.1638937/month. Join: bit.ly/wBdJkM -TM,Spam
INR 18327 credited to A/c XX4185 on 30-04-26. Avl Bal: INR 26740. -Axis Bank,Bank
Delivered! Your Flipkart order OD8623538115 was delivered on 01 Jul. Rate your experience: bit.ly/jcKxij,Delivery
Your Paytm code: 452841,OTP
Weekend special at Swiggy! Min 70% off on everything. Don't miss out: bit.ly/LkyYGY,Promo
302443  is your Amazon security code. Anyone asking for it is a scammer.,OTP
ALERT: Rs.33097 withdrawn from ATM using card XX4470 on 11-03-26. Bal: Rs.63811. -Kotak,Bank
Your A/c XX4294 is debited with Rs.92772 on 29-01-26. Info: UPI-Dominic. Bal: Rs.46658,Bank
Work from home! Earn Rs.1380996/month. Join: bit.ly/XCPSSJ,Spam
"Hi Charan, unlock Rs.1915 off your first order at Myntra with code NEW21.",Promo
Sathvik from Delhivery is arriving with your package. Contact: 4839204719,Delivery
Coupon 5714 gives you free delivery on orders above Rs.471. -Flipkart,Promo
Your Amazon order OD1911299526 has been shipped via XpressBees. Track: bit.ly/OpGmMS,Delivery
117230 is your verification code for Ola. Never share your OTP.,OTP
Yagnesh from Ekart is arriving with your package. Contact: +911575455222,Delivery
Delivered! Your Swiggy order OD7104286942 was delivered on 04 Jul. Rate your experience: bit.ly/ewcmdJ,Delivery
MEGA SALE! Get 20% OFF on all products at Swiggy. Shop now: bit.ly/FkGwiO T&C apply.,Promo
MEGA SALE! Get 10% OFF on all products at Swiggy. Shop now: bit.ly/ZAhJDf T&C apply.,Promo
MEGA SALE! Get 60% OFF on all products at Meesho. Shop now: bit.ly/Hwxure T&C apply.,Promo
Your BigBasket membership expires soon Renew now & save 40%: bitly/ougmKS,Promo
UPI payment of Rs.20190 to Anusha successful. UPI Ref: 890124953065. -SBI,Bank
  OTP-based login was enabled for your A/c XX1379. Call SBI if this wasn't you.,Bank
Your  credit card XX5697 statement is ready. Total due: Rs.81342. Min due: Rs.553. -Kotak,Bank
FLAT RS.751 CASHBACK ON YOUR NEXT ORDER AT ZOMATO. USE CODE SAVE37. VALID TILL 04 JUL.,Promo
OTP for delivery of order OD6702415435 is 1825 Share only with the delivery agent -Delhivery,Delivery
42843  is your Swiggy security code. Anyone asking for it is a scammer.,OTP
517236 - use this to sign in. Never share this code with anyone.,OTP
Out for delivery: Your BigBasket package OD4281242563 will arrive today by 3 PM. -XpressBees,Delivery
Last day! Flipkart clearance sale ends tonight. Up to 10% off sitewide.,Promo
MEGA SALE! Get 40% OFF on all products at Amazon Shop now: bitly/XEzZrg T&C apply,Promo
"hey, my new number is 06539540138. save it! meet at tonight?",Personal
OUT FOR DELIVERY: YOUR MYNTRA PACKAGE OD7739902379 WILL ARRIVE TODAY BY 12 PM. -DTDC,Delivery
Dear customer ur PNB account will be blocked! Update KYC now: bit.ly/eKpVqb,Spam
delivered! your swiggy order od1723104272 was delivered on 01 jul. rate your experience: bit.ly/ahykap,Delivery
Confirmation code 688957 for Amazon. Keep it private.,OTP
178292 is your Meesho security code. Anyone asking for it is a scammer.,OTP
Low balance alert: A/c XX3203 balance is Rs.32633. Maintain min balance to avoid charges.,Bank
<#> 107285 is your Swiggy code Valid 15 min hA8sk2Lqp3,OTP
Low balance alert: A/c XX6436 balance is Rs.303099. Maintain min balance to avoid charges. -TM,Bank
Ur BigBasket code: 928811,OTP
Recharge  with Rs.795 & get 70% extra talktime. Offer valid today only!,Promo
ALERT: Rs.66004 withdrawn from ATM using card XX6189 on 10-05-26. Bal: Rs.169177. -PNB,Bank
749698 is ur verification code for Axis Bank. Never share ur OTP.,OTP
Your return pickup for order OD7015700091 is scheduled on 01 Jul. Keep the item ready. -Amazon,Delivery
OTP-based login was enabled for your A/c XX6865. Call ICICI Bank if this wasn't you.,Bank
Ayaan from XpressBees is arriving with ur package. Contact: +916191960017,Delivery
ALERT: Rs.87285 withdrawn from ATM using card XX4006 on 22-03-26 Bal: Rs.419650 -Kotak,Bank
Enter 669577 to verify ur mobile number for BOB.,OTP
cheque no. 823201779402 for rs.66957 has been cleared from a/c xx2628. -bob,Bank
Interest of Rs.8521 credited to your FD A/c XX8664. -PNB,Bank
Your SIM will be deactivated in 24hrs Verify Aadhaar: bitly/rAmOCE,Spam
Rs.62450 debited from A/c XX2508 on 09-06-26 to Ucchal. Avl Bal: Rs.95235. -SBI,Bank
76294 is your Meesho security code. Anyone asking for it is a scammer.,OTP
Salary of Rs.69088 credited to A/c XX4599. Avl Bal: Rs.488933. -Axis Bank,Bank
Coupon 9090 gives you free delivery on orders above INR 4997. -Amazon,Promo
Last day! Zomato clearance sale ends tonight. Up to 50% off sitewide. -TM,Promo
OTP: 1444 for txn of Rs.3450 at BigBasket. Do not share. -HDFC Bank,OTP
Recharge  with Rs.951 & get 40% extra talktime. Offer valid today only!,Promo
OTP: 24064 for txn of INR 28022 at Swiggy. Do not share. -PNB,OTP
578464 is your verification code for SBI. Never share your OTP.,OTP
Coupon 5588 gives you free delivery on orders above Rs.4584. -BigBasket,Promo
Ola: 493913 is your login OTP. It expires in 30 minutes. T&C apply,OTP
Ur OTP is 886459. Use it to verify ur Myntra account. Expires in 5 min.,OTP
Weekend special at BigBasket! Min 30% off on everything. Don't miss out: bit.ly/zYLOCK,Promo
exclusive for you! buy 1 get 1 free at amazon. limited period offer. visit bit.ly/mdgnnn,Promo
Out for delivery: Ur Zomato package OD8749489416 will arrive today by 12 PM. -Ekart,Delivery
Ur HDFC Bank code: 844731,OTP
OTP for delivery of order OD4363559783 is 1454 Share only with the delivery agent -DTDC,Delivery
Dear customer ur PNB account will be blocked! Update KYC now: bit.ly/LxwicM,Spam
AVI FROM EKART IS ARRIVING WITH YOUR PACKAGE. CONTACT: +917525093915,Delivery
RS.52147 DEBITED FROM A/C XX1379 ON 12-06-26 TO CHARAN. AVL BAL: RS.275166. -KOTAK,Bank
Delivered! Your BigBasket order OD7256769067 was delivered on 01 Jul. Rate your experience: bit.ly/UXxzwQ,Delivery
Exclusive for you! Buy 1 Get 1 FREE at Meesho. Limited period offer. Visit bit.ly/pzIUgI,Promo
  Exclusive for you! Buy 1 Get 1 FREE at Flipkart. Limited period offer. Visit bit.ly/UPLKbX,Promo
pay rs.4613 on delivery for order od447280220. -bluedart,Delivery
Low balance alert: A/c XX3864 balance is Rs.54875. Maintain min balance to avoid charges.,Bank
Exclusive for you! Buy 1 Get 1 FREE at Amazon. Limited period offer. Visit bit.ly/wROLtT,Promo
  Your BigBasket membership expires soon. Renew now & save 50%: bit.ly/QwcdAR,Promo
your zomato membership expires soon. renew now & save 80%: bit.ly/dvmmxm,Promo
  Congratulations! You won Rs.1769342 in lucky draw. Claim: bit.ly/UZKukz,Spam
coupon 9849 gives you free delivery on orders above rs.3131. -flipkart,Promo
Out for delivery: Your Zomato package OD4673897310 will arrive today by 3 PM. -Delhivery -TM,Delivery
"Hey, my new number is 6765992870 Save it! Meet at noon?",Personal
Order  OD7142370289 packed and ready! Expected dispatch by 04 Jul. -Myntra,Delivery
Your return pickup for order OD7903393637 is scheduled on 02 Jul. Keep the item ready. -Amazon,Delivery
Low balance alert: A/c XX5591 balance is Rs.417490. Maintain min balance to avoid charges.,Bank
CONFIRMATION CODE 565171 FOR UBER. KEEP IT PRIVATE.,OTP
meesho: your cart misses you! complete purchase now & get 10% off. bit.ly/axvkbq,Promo
bluedart: shipment od1302134690 reached your city hub. expected delivery: 01 jul.,Delivery
INTEREST OF RS.75109 CREDITED TO YOUR FD A/C XX5296. -HDFC BANK,Bank
Interest of Rs.27307 credited to your FD A/c XX3608 -Kotak,Bank
MEGA SALE! Get 30% OFF on all products at Zomato. Shop now: bit.ly/RssCdA T&C apply.,Promo
  Rs.16562 debited from A/c XX3656 on 30-03-26 to Chakradhar. Avl Bal: Rs.247389. -SBI,Bank
Tap to verify: 833087. This code expires shortly.,OTP
Your Zomato membership expires soon. Renew now & save 70%: bit.ly/EyNmif,Promo
EMI of Rs.13959 due on 11-02-26 for loan A/c XX9125. Pay now to avoid charges. -HDFC Bank,Bank
salary of rs.79402 credited to a/c xx6676. avl bal: rs.215495. -kotak,Bank
Rs.82460 debited from A/c XX2790 on 23-01-26 to Vrishti. Avl Bal: Rs.19665. -Kotak STOP to opt out,Bank
DTDC: Shipment OD1167329920 reached your city hub. Expected delivery: 03 Jul.,Delivery
"hey, my new number is +911834614195. save it! meet at noon?",Personal
Order OD8977037230 packed and ready! Expected dispatch by 04 Jul. -Flipkart,Delivery
Cheque no. 228428562655 for Rs.42228 has been cleared from A/c XX6244. -Kotak,Bank
Low balance alert: A/c XX6883 balance is INR 486051. Maintain min balance to avoid charges.,Bank
  UPI payment of Rs.39081 to Odika successful. UPI Ref: 226691401028. -Axis Bank,Bank
Use 188953 to complete your Amazon registration Valid till 15 mins,OTP
MEGA SALE! Get 20% OFF on all products at Myntra. Shop now: bit.ly/YLAAZM T&C apply. T&C apply,Promo
OTP-based  login was enabled for your A/c XX5233. Call Kotak if this wasn't you.,Bank
387343 - use this code to sign in to BOB. Never share it with anyone.,OTP
Rs.6574 debited from A/c XX7785 on 30-03-26 to Anusha. Avl Bal: Rs.327343. -ICICI Bank -TM,Bank
<#> 781806 is your Myntra code. Valid 30 min. hA8sk2Lqp3,OTP
BigBasket Big Billion Days! Up to 40% off + extra 10% with HDFC Bank cards. Hurry!,Promo
Rs.14853 debited from A/c XX6820 on 09-02-26 to Ekta Avl Bal: Rs.352561 -HDFC Bank,Bank
<#>  794926 is your BOB code. Valid 5 min. hA8sk2Lqp3,OTP
work from home! earn rs.1350445/month. join: bit.ly/dslfrz,Spam
"Hey,  my new number is 3106643248. Save it! Meet at tonight?",Personal
YOUR ONE TIME PASSWORD IS 604563 FOR ZOMATO. PLEASE DO NOT SHARE IT.,OTP
920298 is ur GPay security code. Anyone asking for it is a scammer.,OTP
Order OD5450207901 packed and ready! Expected dispatch by 01 Jul. -Meesho,Delivery
CONFIRMATION CODE 133043 FOR HOTSTAR. KEEP IT PRIVATE.,OTP
  Your order OD5796835494 from BigBasket is arriving tomorrow. Keep Rs.4447 ready for COD.,Delivery
pay rs.3924 on delivery for order od114090539. -dtdc,Delivery
Ur credit card XX5681 statement is ready. Total due: Rs.19852. Min due: Rs.3890. -PNB,Bank
Order OD3248800318 packed and ready! Expected dispatch by 03 Jul. -Flipkart,Delivery
Low balance alert: A/c XX1326 balance is INR 137975. Maintain min balance to avoid charges.,Bank
  Your SIM will be deactivated in 24hrs. Verify Aadhaar: bit.ly/iRWcQG,Spam
YOUR UBER CODE: 1038,OTP
Rs.46669 debited from A/c XX7895 on 04-06-26 to Vincent. Avl Bal: Rs.135137. -PNB,Bank
Your credit card XX9750 statement is ready. Total due: Rs.24729. Min due: Rs.560. -ICICI Bank,Bank
ALERT: Rs.73339 withdrawn from ATM using card XX1985 on 02-02-26. Bal: Rs.484107. -Axis Bank,Bank
Your one time password is 644001 for Swiggy. Please do not share it.,OTP
  Interest of Rs.70782 credited to your FD A/c XX3402. -ICICI Bank,Bank
alert: rs.4695 withdrawn from atm using card xx7258 on 13-04-26. bal: rs.282037. -icici bank,Bank
Use 617782 to complete your Uber registration. Valid till 2 mins.,OTP
ALERT: Rs.90831 withdrawn from ATM using card XX9549 on 09-04-26. Bal: Rs.222591. -PNB,Bank
Interest of Rs.51483 credited to your FD A/c XX6955. -PNB STOP to opt out,Bank
"Never share ur OTP, PIN or CVV. SBI never asks for these. Stay safe.",Bank
salary of rs.90220 credited to a/c xx4851. avl bal: rs.186870. -hdfc bank,Bank
EMI OF RS.29569 DUE ON 13-04-26 FOR LOAN A/C XX7992. PAY NOW TO AVOID CHARGES. -ICICI BANK,Bank
"Hi Hitesh, unlock Rs.1916 off ur first order at Amazon with code NEW36.",Promo
EMI of Rs.94047 due on 25-02-26 for loan A/c XX1501. Pay now to avoid charges. -SBI,Bank
27565 - use this code to sign in to Netflix Never share it with anyone,OTP
Order OD6894586780 packed and ready! Expected dispatch by 02 Jul. -Flipkart,Delivery
RECHARGE WITH RS.67 & GET 80% EXTRA TALKTIME. OFFER VALID TODAY ONLY!,Promo
Flat  Rs.1504 cashback on your next order at Meesho. Use code SAVE63. Valid till 01 Jul.,Promo
360181 is your OTP for HDFC Bank login. Valid for 15 minutes. Do not share with anyone. STOP to opt out,OTP
Your OTP is 504520 Use it to verify your ICICI Bank account Expires in 10 min,OTP
Your return pickup for order OD8389330808 is scheduled on 03 Jul. Keep the item ready. -Meesho,Delivery
Delivery attempt failed for order OD8886927453. We will retry tomorrow. -Ekart,Delivery
Ridhi from Ekart is arriving with your package. Contact: +913309159704,Delivery
Your Amazon order OD4469351211 has been shipped via XpressBees. Track: bit.ly/rtvNEz,Delivery
BIGBASKET: 581854 IS YOUR LOGIN OTP. IT EXPIRES IN 30 MINUTES.,OTP
Rs.78214 credited to A/c XX5301 on 13-05-26 Avl Bal: Rs.487362 -PNB,Bank
662745 is your Flipkart security code. Anyone asking for it is a scammer.,OTP
OTP: 136497 for txn of Rs.21510 at IRCTC. Do not share. -ICICI Bank,OTP
WEEKEND SPECIAL AT SWIGGY! MIN 30% OFF ON EVERYTHING. DON'T MISS OUT: BIT.LY/KIVTCL,Promo
"Hey,  my new number is 1509639144. Save it! Meet at 8?",Personal
Out for delivery: Your Myntra package OD5929770156 will arrive today by 9 PM. -DTDC,Delivery
Your order OD7049473657 from Swiggy is arriving tomorrow. Keep INR 757 ready for COD.,Delivery
"Hi Zayan, unlock Rs.390 off your first order at Flipkart with code NEW14.",Promo
OTP for delivery of order OD9185861668 is 3058. Share only with the delivery agent. -DTDC,Delivery
803601 is your verification code for Kotak. Never share your OTP.,OTP
Coupon 6403 gives you free delivery on orders above Rs.2779 -Amazon,Promo
MEGA SALE! GET 50% OFF ON ALL PRODUCTS AT BIGBASKET. SHOP NOW: BIT.LY/UZKTUS T&C APPLY.,Promo
OTP: 350124 for txn of Rs.22413 at HDFC Bank. Do not share. -Axis Bank,OTP
Your Swiggy order OD8250980949 has been shipped via Delhivery. Track: bit.ly/DzDmDA,Delivery
"  Class shifted to room 2224, come fast",Personal
"Hi Yasti, unlock INR 489 off your first order at Amazon with code NEW71.",Promo
BigBasket  Big Billion Days! Up to 10% off + extra 10% with ICICI Bank cards. Hurry!,Promo
BlueDart:  Shipment OD3731326908 reached your city hub. Expected delivery: 04 Jul.,Delivery
DELHIVERY: SHIPMENT OD4603861363 REACHED YOUR CITY HUB. EXPECTED DELIVERY: 03 JUL.,Delivery
Your A/c XX1079 is debited with Rs.67820 on 09-06-26. Info: UPI-Mason. Bal: Rs.468066 T&C apply,Bank
Tap to verify: 508917 This code expires shortly,OTP
"Hey, my new number is 00566129477. Save it! Meet at 6pm?",Personal
upi payment of rs.76073 to devika successful. upi ref: 197316558441. -sbi,Bank
Order OD8730455932 packed and ready! Expected dispatch by 04 Jul. -Amazon -TM,Delivery
Your one time password is 863812 for IRCTC. Please do not share it.,OTP
  Dear customer ur ICICI Bank account will be blocked! Update KYC now: bit.ly/bQyChv,Spam
Confirmation code 627654 for Uber. Keep it private.,OTP
Order OD4000904345 packed and ready! Expected dispatch by 03 Jul. -Zomato,Delivery
Your  Flipkart order OD7296771848 has been shipped via Ekart. Track: bit.ly/vuchqr,Delivery
Out for delivery: Your Meesho package OD2443048285 will arrive today by 12 PM. -DTDC,Delivery
CONFIRMATION CODE 69952 FOR IRCTC. KEEP IT PRIVATE.,OTP
Your one time password is 212260 for Meesho. Please do not share it.,OTP
Use 397419 to complete your Swiggy registration Valid till 15 mins,OTP
<#> 527216 is your Axis Bank code. Valid 5 min. hA8sk2Lqp3,OTP
mega sale! get 60% off on all products at amazon. shop now: bit.ly/chlzkg t&c apply.,Promo
G-546177 is your Google verification code.,OTP
upi payment of rs.1302 to krisha successful. upi ref: 717689695251. -icici bank,Bank
EMI OF RS.14192 DUE ON 03-05-26 FOR LOAN A/C XX7268. PAY NOW TO AVOID CHARGES. -KOTAK,Bank
enter 500673 to verify your mobile number for uber.,OTP
Interest of Rs.51102 credited to your FD A/c XX4086. -SBI,Bank
Interest of Rs.31350 credited to your FD A/c XX9113. -PNB,Bank
UPI  payment of Rs.6293 to Chakrika successful. UPI Ref: 529046251512. -HDFC Bank,Bank
"Bro send me Rs.4027 on gpay, will return by 04 Jul",Personal
Your return pickup for order OD5894288237 is scheduled on 02 Jul Keep the item ready -BigBasket,Delivery
Your return pickup for order OD5491385433 is scheduled on 02 Jul. Keep the item ready. -BigBasket T&C apply,Delivery
FLIPKART: YOUR CART MISSES YOU! COMPLETE PURCHASE NOW & GET 70% OFF. BIT.LY/QCVYIU,Promo
Yashodhara from Ekart is arriving with your package. Contact: 1550071166,Delivery
OTP: 536584 for txn of Rs.46034 at PhonePe Do not share -HDFC Bank,OTP
Use 807265 to complete your Uber registration. Valid till 15 mins.,OTP
Confirmation  code 424679 for Amazon. Keep it private.,OTP
Weekend special at BigBasket! Min 20% off on everything Don't miss out: bitly/cADhCS,Promo
Confirmation code 702517 for Meesho. Keep it private.,OTP
INR 28784 debited from A/c XX4764 on 21-01-26 to Onveer. Avl Bal: INR 458290. -Kotak,Bank
Recharge with Rs.1684 & get 60% extra talktime. Offer valid today only!,Promo
rs.61451 debited from a/c xx8253 on 06-02-26 to udant. avl bal: rs.347720. -pnb,Bank
MEGA SALE! GET 50% OFF ON ALL PRODUCTS AT FLIPKART. SHOP NOW: BIT.LY/OBOQXF T&C APPLY.,Promo
Your return pickup for order OD7940468708 is scheduled on 04 Jul Keep the item ready -Meesho,Delivery
  Exclusive for you! Buy 1 Get 1 FREE at Flipkart. Limited period offer. Visit bit.ly/QEXRip,Promo
Interest of Rs.62817 credited to your FD A/c XX1441. -PNB,Bank
Work from home! Earn Rs.1140817/month. Join: bit.ly/RKcAid T&C apply,Spam
Low balance alert: A/c XX4999 balance is Rs.108296. Maintain min balance to avoid charges.,Bank
Rs.89619 credited to A/c XX7441 on 01-04-26. Avl Bal: Rs.316330. -Axis Bank,Bank
salary of rs.81863 credited to a/c xx2298. avl bal: rs.390266. -icici bank,Bank
flat rs.1053 cashback on your next order at myntra. use code save64. valid till 01 jul.,Promo
MEGA SALE! Get 10% OFF on all products at Flipkart Shop now: bitly/pDlTkc T&C apply,Promo
XpressBees: Shipment OD1178427258 reached your city hub Expected delivery: 01 Jul,Delivery
Low balance alert: A/c XX7786 balance is Rs.14623. Maintain min balance to avoid charges. -TM,Bank
<#>  52422 is your Myntra code. Valid 30 min. hA8sk2Lqp3,OTP
your meesho membership expires soon. renew now & save 80%: bit.ly/denncg,Promo
Use 864254 to complete your Meesho registration. Valid till 2 mins.,OTP
Your SIM will be deactivated in 24hrs. Verify Aadhaar: bit.ly/EcWdai,Spam
"Hi Idika, unlock Rs.1936 off ur first order at BigBasket with code NEW32.",Promo
Your A/c XX1417 is debited with Rs.3806 on 28-02-26 Info: UPI-Krisha Bal: Rs.88846,Bank
Exclusive for you! Buy 1 Get 1 FREE at Flipkart. Limited period offer. Visit bit.ly/iQFzHa T&C apply,Promo
  Your one time password is 309032 for PNB. Please do not share it.,OTP
Your order OD3993941240 from Flipkart is arriving tomorrow. Keep INR 1024 ready for COD.,Delivery
OTP-based login was enabled for your A/c XX4702. Call Kotak if this wasn't you.,Bank
RS.59686 DEBITED FROM A/C XX5834 ON 18-02-26 TO VINAYA. AVL BAL: RS.120136. -HDFC BANK,Bank
  Confirmation code 273468 for HDFC Bank. Keep it private.,OTP
Low balance alert: A/c XX2596 balance is Rs.325544. Maintain min balance to avoid charges.,Bank
Rs.24568 debited from A/c XX2048 on 06-03-26 to Oni. Avl Bal: Rs.166110. -SBI,Bank
  Coupon 2586 gives you free delivery on orders above Rs.968. -Amazon,Promo
Axis Bank: 217119 is ur login OTP. It expires in 10 minutes.,OTP
confirmation code 1692 for irctc. keep it private.,OTP
Recharge with INR 703 & get 80% extra talktime. Offer valid today only!,Promo
USE CODE 7661 AT CHECKOUT FOR 10% OFF AT ZOMATO!,Promo
your myntra order od1575953901 has been shipped via bluedart. track: bit.ly/mwalum,Delivery
<#> 742944 is your Hotstar code. Valid 2 min. hA8sk2Lqp3,OTP
255494 - use this to sign in. Never share this code with anyone.,OTP
"Hi Krish, unlock INR 188 off your first order at Swiggy with code NEW16.",Promo
"Never share your OTP, PIN or CVV. PNB never asks for these. Stay safe.",Bank
"Class shifted to room 2278, come fast",Personal
Cheque  no. 273912089012 for Rs.66985 has been cleared from A/c XX1005. -ICICI Bank,Bank
<#> 543737 is your Meesho code. Valid 5 min. hA8sk2Lqp3,OTP
Low balance alert: A/c XX5755 balance is Rs.163644. Maintain min balance to avoid charges.,Bank
Exclusive for you! Buy 1 Get 1 FREE at Meesho. Limited period offer. Visit bit.ly/CIjngT,Promo
ALERT: Rs.96288 withdrawn from ATM using card XX3754 on 11-02-26 Bal: Rs.444109 -ICICI Bank,Bank
908332  - use this to sign in. Never share this code with anyone.,OTP
Your return pickup for order OD4667592520 is scheduled on 04 Jul Keep the item ready -Zomato,Delivery
confirmation code 999188 for netflix. keep it private.,OTP
Low balance alert: A/c XX8530 balance is Rs.378573. Maintain min balance to avoid charges.,Bank
YOUR MYNTRA ORDER OD3796199499 HAS BEEN SHIPPED VIA XPRESSBEES. TRACK: BIT.LY/BIBSMT,Delivery
Cheque  no. 650785929966 for Rs.52069 has been cleared from A/c XX7635. -PNB,Bank
Use 998112 to complete ur Swiggy registration. Valid till 10 mins.,OTP
873328 - use this to sign in. never share this code with anyone.,OTP
  UPI payment of Rs.53409 to Tanay successful. UPI Ref: 268997767188. -SBI,Bank
Order OD8637410751 packed and ready! Expected dispatch by 02 Jul. -Amazon,Delivery
Enter 172238 to verify your mobile number for Meesho.,OTP
Your order OD8548342506 from Myntra is arriving tomorrow. Keep Rs.727 ready for COD. STOP to opt out,Delivery
your credit card xx8810 statement is ready. total due: rs.96491. min due: rs.4443. -icici bank,Bank
use 34738 to complete your amazon registration. valid till 2 mins.,OTP
Congratulations! You won Rs.220932 in lucky draw. Claim: bit.ly/liVTQQ,Spam
25237 is your PNB security code Anyone asking for it is a scammer,OTP
Delivery attempt failed for order OD8297732721. We will retry tomorrow. -BlueDart STOP to opt out,Delivery
Upkaar from DTDC is arriving with your package Contact: +911288025425,Delivery
Coupon 2614 gives you free delivery on orders above Rs.4483. -Meesho T&C apply,Promo
G-53585 IS YOUR GOOGLE VERIFICATION CODE.,OTP
Tap to verify: 430402. This code expires shortly.,OTP
  Exclusive for you! Buy 1 Get 1 FREE at Meesho. Limited period offer. Visit bit.ly/kogVgr,Promo
Your Uber code: 8724,OTP
Rs.72639 debited from A/c XX2002 on 05-03-26 to Gabriel Avl Bal: Rs.342527 -ICICI Bank,Bank
Order OD1803558683 packed and ready! Expected dispatch by 03 Jul. -Meesho,Delivery
Exclusive for you! Buy 1 Get 1 FREE at Meesho. Limited period offer. Visit bit.ly/oLDYZQ,Promo
870804 - use this to sign in. Never share this code with anyone.,OTP
Weekend special at Flipkart! Min 40% off on everything. Don't miss out: bit.ly/iIKHKh,Promo
Use code 8335 at checkout for 50% off at Amazon!,Promo
Cheque no. 937898048182 for Rs.49580 has been cleared from A/c XX9083. -PNB,Bank
Last day! Flipkart clearance sale ends tonight. Up to 50% off sitewide.,Promo
  Your Ola code: 219814,OTP
XpressBees:  Shipment OD6006902797 reached your city hub. Expected delivery: 02 Jul.,Delivery
ALERT: Rs.31677 withdrawn from ATM using card XX1893 on 05-04-26. Bal: Rs.495678. -BOB,Bank
Rs.59676 credited to A/c XX4163 on 22-03-26. Avl Bal: Rs.462612. -HDFC Bank,Bank
Delhivery: Shipment OD5502933572 reached your city hub. Expected delivery: 03 Jul.,Delivery
BIGBASKET: YOUR CART MISSES YOU! COMPLETE PURCHASE NOW & GET 60% OFF. BIT.LY/OYQPKI,Promo
Delivery attempt failed for order OD2921257486. We will retry tomorrow. -Ekart -TM,Delivery
683684 is your OTP for Kotak login. Valid for 5 minutes. Do not share with anyone.,OTP
Your one time password is 388406 for Meesho. Please do not share it.,OTP
Use code 7046 at checkout for 25% off at BigBasket!,Promo
NIDHI FROM XPRESSBEES IS ARRIVING WITH YOUR PACKAGE. CONTACT: 05573163826,Delivery
<#> 806300 is your Axis Bank code. Valid 5 min. hA8sk2Lqp3,OTP
MEGA  SALE! Get 20% OFF on all products at Amazon. Shop now: bit.ly/offDao T&C apply.,Promo
out for delivery: your meesho package od5946496041 will arrive today by 3 pm. -bluedart,Delivery
Lohit from Ekart is arriving with your package. Contact: +914745409662,Delivery
Dear customer ur HDFC Bank account will be blocked! Update KYC now: bit.ly/pKrNex,Spam
Use code 5409 at checkout for 50% off at Zomato!,Promo
Confirmation code 586862 for PNB. Keep it private.,OTP
Your SIM will be deactivated in 24hrs. Verify Aadhaar: bit.ly/barIOS,Spam
Meesho:  Your cart misses you! Complete purchase now & get 80% off. bit.ly/kkfiZH,Promo
Delivered! Your Flipkart order OD2888719767 was delivered on 02 Jul. Rate your experience: bit.ly/Dxnjvb,Delivery
  Zomato: Your cart misses you! Complete purchase now & get 40% off. bit.ly/mHNeTf,Promo
Enter 232720 to verify your mobile number for SBI,OTP
789696 is your verification code for HDFC Bank Never share your OTP,OTP
Rs.50203 debited from A/c XX7990 on 07-06-26 to Caleb Avl Bal: Rs.417455 -SBI,Bank
ORDER OD1594210145 PACKED AND READY! EXPECTED DISPATCH BY 01 JUL. -SWIGGY,Delivery
Meesho Big Billion Days! Up to 60% off + extra 10% with ICICI Bank cards Hurry!,Promo
ALERT: Rs.16796 withdrawn from ATM using card XX4821 on 25-04-26 Bal: Rs.280810 -Axis Bank,Bank
  Recharge with Rs.1204 & get 80% extra talktime. Offer valid today only!,Promo
G-246033 is your Google verification code,OTP
EMI of Rs.29852 due on 09-04-26 for loan A/c XX3225. Pay now to avoid charges. -BOB,Bank
Your  OTP is 194171. Use it to verify your Ola account. Expires in 15 min.,OTP
Delivered! Your Amazon order OD9491348567 was delivered on 04 Jul. Rate your experience: bit.ly/wSHTFY,Delivery
Your  order OD2226075984 from Swiggy is arriving tomorrow. Keep Rs.3711 ready for COD.,Delivery
<#> 184913 is your BOB code Valid 5 min hA8sk2Lqp3,OTP
ALERT: Rs.46231 withdrawn from ATM using card XX7284 on 23-01-26. Bal: Rs.146506. -SBI T&C apply,Bank
912799 is your OTP for Hotstar login. Valid for 2 minutes. Do not share with anyone.,OTP
Meesho Big Billion Days! Up to 10% off + extra 10% with PNB cards. Hurry!,Promo
Interest of INR 56686 credited to your FD A/c XX9997. -ICICI Bank,Bank
swiggy: your cart misses you! complete purchase now & get 70% off. bit.ly/qjswgr,Promo
Low balance alert: A/c XX4010 balance is Rs.389620 Maintain min balance to avoid charges,Bank
Congratulations! You won Rs.223823 in lucky draw. Claim: bit.ly/UWRVpb,Spam
emi of rs.55168 due on 22-02-26 for loan a/c xx5001. pay now to avoid charges. -bob,Bank
MEGA SALE! Get 70% OFF on all products at Zomato. Shop now: bit.ly/juFWQp T&C apply.,Promo
Use code 5197 at checkout for 25% off at Flipkart!,Promo
Your Meesho membership expires soon. Renew now & save 60%: bit.ly/PoHYtl,Promo
Your credit card XX8506 statement is ready. Total due: Rs.31715. Min due: Rs.2329. -Kotak,Bank
Your one time password is 357927 for IRCTC. Please do not share it.,OTP
324576  is your verification code for Axis Bank. Never share your OTP.,OTP
OTP: 435188 FOR TXN OF RS.6635 AT BOB. DO NOT SHARE. -ICICI BANK,OTP
Weekend  special at Amazon! Min 30% off on everything. Don't miss out: bit.ly/bPQxVh,Promo
178934 is your OTP for Netflix login. Valid for 30 minutes. Do not share with anyone.,OTP
Interest of INR 18222 credited to your FD A/c XX6807. -HDFC Bank,Bank
confirmation code 729079 for zomato. keep it private.,OTP
flat rs.470 cashback on your next order at zomato. use code save40. valid till 04 jul.,Promo
"BRO SEND ME RS.967 ON GPAY, WILL RETURN BY 03 JUL",Personal
Weekend  special at Amazon! Min 20% off on everything. Don't miss out: bit.ly/ozDkXv,Promo
OTP FOR DELIVERY OF ORDER OD4056771813 IS 1912. SHARE ONLY WITH THE DELIVERY AGENT. -BLUEDART,Delivery
"Class shifted to room 9338, come fast",Personal
Delivered! Your Myntra order OD7009324185 was delivered on 01 Jul. Rate your experience: bit.ly/fPGVsB,Delivery
  UPI payment of Rs.78037 to Indali successful. UPI Ref: 643142400726. -SBI,Bank
weekend special at meesho! min 10% off on everything. don't miss out: bit.ly/dmjfgj,Promo
exclusive for you! buy 1 get 1 free at bigbasket. limited period offer. visit bit.ly/unzskj,Promo
"Class shifted to room 3642, come fast",Personal
Your order OD3045381322 from Flipkart is arriving tomorrow Keep Rs.220 ready for COD,Delivery
  XpressBees: Shipment OD4695976035 reached your city hub. Expected delivery: 02 Jul.,Delivery
667877 - use this to sign in. Never share this code with anyone.,OTP
441486  is your verification code for Meesho. Never share your OTP.,OTP
Delhivery: Shipment OD6975348847 reached your city hub. Expected delivery: 02 Jul.,Delivery
"Class shifted to room 9273, come fast",Personal
Ur Uber code: 2437,OTP
Delhivery: Shipment OD5700628524 reached your city hub Expected delivery: 04 Jul,Delivery
MEGA  SALE! Get 20% OFF on all products at Myntra. Shop now: bit.ly/GZsiKj T&C apply.,Promo
Enter  312077 to verify your mobile number for BOB.,OTP
Your BigBasket order OD6165517851 has been shipped via XpressBees Track: bitly/nhkRVY,Delivery
Low balance alert: A/c XX1127 balance is Rs.72517. Maintain min balance to avoid charges.,Bank
Cheque  no. 610548379167 for Rs.78888 has been cleared from A/c XX7308. -SBI,Bank
"Hey, my new number is 09842282883. Save it! Meet at 8?",Personal
Delivery attempt failed for order OD6346428278. We will retry tomorrow. -BlueDart,Delivery
"Never share your OTP, PIN or CVV. HDFC Bank never asks for these. Stay safe.",Bank
WEEKEND SPECIAL AT BIGBASKET! MIN 20% OFF ON EVERYTHING. DON'T MISS OUT: BIT.LY/SHOPZP,Promo
Delivered! Your BigBasket order OD1091478186 was delivered on 01 Jul. Rate your experience: bit.ly/TAhylq,Delivery
  Work from home! Earn Rs.639959/month. Join: bit.ly/llKKje,Spam
your a/c xx1916 is debited with rs.74454 on 01-01-26. info: upi-amruta. bal: rs.219924,Bank
Delivery attempt failed for order OD1025077012 We will retry tomorrow -Delhivery,Delivery
ALERT: RS.69969 WITHDRAWN FROM ATM USING CARD XX3563 ON 17-06-26. BAL: RS.496159. -KOTAK,Bank
Rs.37924 debited from A/c XX8276 on 26-03-26 to Chandani. Avl Bal: Rs.116297. -Kotak,Bank
Use 481364 to complete your GPay registration. Valid till 5 mins.,OTP
your a/c xx4867 is debited with rs.42124 on 23-04-26. info: upi-rayaan. bal: rs.354124,Bank
  Flat Rs.1923 cashback on your next order at Zomato. Use code SAVE64. Valid till 04 Jul.,Promo
  995096 is your OTP for Flipkart login. Valid for 15 minutes. Do not share with anyone.,OTP
953198 is your OTP for Meesho login. Valid for 2 minutes. Do not share with anyone.,OTP
Interest of Rs.64631 credited to your FD A/c XX9663 -Axis Bank,Bank
  Rs.43961 credited to A/c XX2297 on 08-05-26. Avl Bal: Rs.163281. -BOB,Bank
interest of rs.9471 credited to your fd a/c xx8424. -icici bank,Bank
Recharge with Rs.1762 & get 60% extra talktime. Offer valid today only!,Promo
DTDC: Shipment OD5014513271 reached your city hub Expected delivery: 03 Jul,Delivery
Your SIM will be deactivated in 24hrs. Verify Aadhaar: bit.ly/qyShnJ T&C apply,Spam
ZOMATO BIG BILLION DAYS! UP TO 50% OFF + EXTRA 10% WITH PNB CARDS. HURRY!,Promo
Salary of Rs.41055 credited to A/c XX8023 Avl Bal: Rs.108649 -ICICI Bank,Bank
Out for delivery: Your Swiggy package OD4482333305 will arrive today by 12 PM. -XpressBees,Delivery
Weekend special at Meesho! Min 60% off on everything. Don't miss out: bit.ly/rvgJIt,Promo
37409 is ur Uber security code. Anyone asking for it is a scammer.,OTP
Your one time password is 466679 for Uber. Please do not share it.,OTP
144592 is your verification code for Zomato. Never share your OTP.,OTP
OTP for delivery of order OD6413087561 is 4174 Share only with the delivery agent -DTDC,Delivery
Meesho Big Billion Days! Up to 30% off + extra 10% with Kotak cards. Hurry!,Promo
563270 is your verification code for Zomato. Never share your OTP.,OTP
Coupon 6218 gives you free delivery on orders above Rs.2575. -Flipkart,Promo
Recharge with INR 552 & get 30% extra talktime. Offer valid today only!,Promo
OTP:  536059 for txn of Rs.40198 at Uber. Do not share. -Axis Bank,OTP
Out for delivery: Your Zomato package OD1954818844 will arrive today by 6 PM. -DTDC,Delivery
"Never share your OTP, PIN or CVV Kotak never asks for these Stay safe",Bank
  Delivery attempt failed for order OD9373691221. We will retry tomorrow. -Ekart,Delivery
  Your ICICI Bank code: 250972,OTP
Your SIM will be deactivated in 24hrs. Verify Aadhaar: bit.ly/XBKERh,Spam
Dear customer ur Axis Bank account will be blocked! Update KYC now: bit.ly/hvSpjH,Spam
OTP:  427704 for txn of Rs.21667 at Myntra. Do not share. -BOB,OTP
Interest of Rs.82135 credited to your FD A/c XX2031 -Kotak,Bank
OTP-based login was enabled for your A/c XX2952. Call BOB if this wasn't you.,Bank
Your credit card XX6086 statement is ready. Total due: INR 19480. Min due: INR 2490. -PNB,Bank
YOUR CREDIT CARD XX2463 STATEMENT IS READY. TOTAL DUE: RS.92958. MIN DUE: RS.2952. -SBI,Bank
Use  code 5604 at checkout for 25% off at Meesho!,Promo
Cheque no. 880333738567 for Rs.77419 has been cleared from A/c XX3615. -HDFC Bank,Bank
  Rs.23757 debited from A/c XX8954 on 03-07-26 to Tripti. Avl Bal: Rs.12016. -Axis Bank,Bank
Delivered!  Your Myntra order OD3267429391 was delivered on 02 Jul. Rate your experience: bit.ly/YBSeqC,Delivery
EXCLUSIVE FOR YOU! BUY 1 GET 1 FREE AT SWIGGY. LIMITED PERIOD OFFER. VISIT BIT.LY/OBRHWL,Promo
Jeremiah from Delhivery is arriving with your package. Contact: 04364871890,Delivery
"HEY, MY NEW NUMBER IS +912033874452. SAVE IT! MEET AT 6PM?",Personal
Your BigBasket order OD6727764296 has been shipped via Ekart. Track: bit.ly/YPgYnE,Delivery
Your  Uber code: 4703,OTP
"Hi Varenya, unlock Rs.879 off ur first order at BigBasket with code NEW11.",Promo
Hotstar: 202536 is your login OTP. It expires in 15 minutes.,OTP
Your A/c XX9811 is debited with Rs.63414 on 25-02-26. Info: UPI-Farhan. Bal: Rs.470202,Bank
"  Hey, my new number is +911682689982. Save it! Meet at 6pm?",Personal
Exclusive for you! Buy 1 Get 1 FREE at Amazon Limited period offer Visit bitly/VAheKa,Promo
Your order OD2302846222 from Meesho is arriving tomorrow. Keep Rs.4637 ready for COD.,Delivery
ORDER OD5968706083 PACKED AND READY! EXPECTED DISPATCH BY 03 JUL. -AMAZON,Delivery
"Hey, my new number is +915092554044. Save it! Meet at tonight?",Personal
YOUR MYNTRA CODE: 742034,OTP
Enter 887156 to verify your mobile number for Ola.,OTP
Use code 5957 at checkout for 50% off at Amazon!,Promo
  Tap to verify: 980905. This code expires shortly.,OTP
Confirmation code 792956 for Kotak. Keep it private.,OTP
Your A/c XX5039 is debited with Rs.45677 on 04-04-26. Info: UPI-Meghana. Bal: Rs.250618,Bank
Ur Zomato order OD7918104942 has been shipped via Ekart. Track: bit.ly/OiediZ,Delivery
137491 - use this to sign in. Never share this code with anyone.,OTP
your uber code: 9801,OTP
low balance alert: a/c xx8641 balance is rs.157236. maintain min balance to avoid charges.,Bank
alert: rs.60947 withdrawn from atm using card xx9774 on 28-01-26. bal: rs.204200. -sbi,Bank
OTP  for delivery of order OD1688519115 is 2261. Share only with the delivery agent. -DTDC,Delivery
43469  - use this code to sign in to HDFC Bank. Never share it with anyone.,OTP
Weekend  special at Flipkart! Min 60% off on everything. Don't miss out: bit.ly/eTIROz,Promo
flat rs.1020 cashback on your next order at meesho. use code save57. valid till 04 jul.,Promo
Imaran from DTDC is arriving with your package. Contact: 2096189411,Delivery
your bigbasket membership expires soon. renew now & save 20%: bit.ly/calunw,Promo
  Flat Rs.609 cashback on your next order at Meesho. Use code SAVE83. Valid till 04 Jul.,Promo
Swiggy: Your cart misses you! Complete purchase now & get 20% off bitly/huctZy,Promo
Use 579217 to complete your GPay registration. Valid till 30 mins.,OTP
Pay Rs.2317 on delivery for order OD364874214. -XpressBees,Delivery
  Flat Rs.1791 cashback on your next order at Swiggy. Use code SAVE64. Valid till 04 Jul.,Promo
Enter 758223 to verify your mobile number for ICICI Bank.,OTP
332763 - use this to sign in. Never share this code with anyone.,OTP
  120909 is your Zomato security code. Anyone asking for it is a scammer.,OTP
Your Myntra membership expires soon. Renew now & save 60%: bit.ly/BjUTwS,Promo
EMI of Rs.73222 due on 13-06-26 for loan A/c XX9434. Pay now to avoid charges. -PNB,Bank
MEGA SALE! Get 60% OFF on all products at Myntra. Shop now: bit.ly/eAyekD T&C apply.,Promo
  G-741990 is your Google verification code.,OTP
Rs.94582 credited to A/c XX4806 on 22-04-26. Avl Bal: Rs.271456. -ICICI Bank,Bank
OTP for delivery of order OD5991790879 is 2574. Share only with the delivery agent. -DTDC,Delivery
OTP for delivery of order OD4039476087 is 6793. Share only with the delivery agent. -Delhivery,Delivery
ENTER 629738 TO VERIFY YOUR MOBILE NUMBER FOR BOB.,OTP
MEGA SALE! Get 10% OFF on all products at Swiggy Shop now: bitly/fvskZk T&C apply,Promo
Your SIM will be deactivated in 24hrs. Verify Aadhaar: bit.ly/Yiazgq -TM,Spam
ALERT:  Rs.640 withdrawn from ATM using card XX8342 on 22-01-26. Bal: Rs.26711. -Kotak,Bank
Your return pickup for order OD7614389467 is scheduled on 02 Jul. Keep the item ready. -Flipkart,Delivery
246053 is your Zomato security code. Anyone asking for it is a scammer.,OTP
Your Swiggy membership expires soon. Renew now & save 80%: bit.ly/hvWUTC,Promo
Your BigBasket order OD8517740499 has been shipped via Delhivery Track: bitly/weJppQ,Delivery
pay rs.732 on delivery for order od827760114. -delhivery,Delivery
222511 - use this code to sign in to Flipkart. Never share it with anyone.,OTP
last day! zomato clearance sale ends tonight. up to 80% off sitewide.,Promo
Weekend special at Amazon! Min 20% off on everything. Don't miss out: bit.ly/JRqrYR,Promo
Recharge with Rs.708 & get 40% extra talktime. Offer valid today only!,Promo
MEGA SALE! GET 80% OFF ON ALL PRODUCTS AT MYNTRA. SHOP NOW: BIT.LY/EXDMCM T&C APPLY.,Promo
  Congratulations! You won Rs.2360268 in lucky draw. Claim: bit.ly/IUKQxU,Spam
Your OTP is 626357 Use it to verify your Uber account Expires in 2 min,OTP
Your return pickup for order OD3897012129 is scheduled on 03 Jul. Keep the item ready. -Flipkart -TM,Delivery
357086 is your verification code for BOB. Never share your OTP. STOP to opt out,OTP
INR 55628 debited from A/c XX4205 on 02-05-26 to Yashoda. Avl Bal: INR 231434. -PNB,Bank
Salary of Rs.69733 credited to A/c XX7428. Avl Bal: Rs.292486. -PNB,Bank
664428  is your Axis Bank security code. Anyone asking for it is a scammer.,OTP
Low balance alert: A/c XX8399 balance is Rs.158014. Maintain min balance to avoid charges.,Bank
Salary of INR 38117 credited to A/c XX1515. Avl Bal: INR 354018. -Kotak,Bank
<#> 533327 is your meesho code. valid 5 min. ha8sk2lqp3,OTP
YOUR ORDER OD2766503746 FROM SWIGGY IS ARRIVING TOMORROW. KEEP RS.4185 READY FOR COD.,Delivery
Your SIM will be deactivated in 24hrs. Verify Aadhaar: bit.ly/rjmIlR,Spam
Interest of Rs.88909 credited to your FD A/c XX5791. -Axis Bank STOP to opt out,Bank
Ekart: Shipment OD2642575698 reached your city hub Expected delivery: 02 Jul,Delivery
Cheque no 130962344933 for Rs.54720 has been cleared from A/c XX6126 -Kotak,Bank
emi of rs.16919 due on 24-05-26 for loan a/c xx2795. pay now to avoid charges. -kotak,Bank
  Your A/c XX8252 is debited with Rs.37843 on 19-05-26. Info: UPI-Panini. Bal: Rs.321011,Bank
Your Uber code: 6255,OTP
UPI PAYMENT OF RS.77939 TO VEDHIKA SUCCESSFUL. UPI REF: 625385187143. -KOTAK,Bank
Exclusive for you! Buy 1 Get 1 FREE at Flipkart. Limited period offer. Visit bit.ly/Cnfscn STOP to opt out,Promo
OTP-based login was enabled for your A/c XX3370. Call PNB if this wasn't you.,Bank
  Your order OD8005146851 from Swiggy is arriving tomorrow. Keep Rs.2110 ready for COD.,Delivery
"HEY, MY NEW NUMBER IS 04774957721. SAVE IT! MEET AT 6PM?",Personal
otp-based login was enabled for your a/c xx1868. call hdfc bank if this wasn't you.,Bank
  HDFC Bank: 259972 is your login OTP. It expires in 30 minutes.,OTP
Interest of Rs.90303 credited to ur FD A/c XX5393. -BOB,Bank
mega sale! get 10% off on all products at zomato. shop now: bit.ly/syhvzc t&c apply.,Promo
  Low balance alert: A/c XX7043 balance is Rs.457849. Maintain min balance to avoid charges.,Bank
Low  balance alert: A/c XX8736 balance is Rs.325884. Maintain min balance to avoid charges.,Bank
Order OD2436188553 packed and ready! Expected dispatch by 02 Jul. -Myntra,Delivery
DELIVERED! YOUR BIGBASKET ORDER OD8617990061 WAS DELIVERED ON 01 JUL. RATE YOUR EXPERIENCE: BIT.LY/YPABBW,Delivery
Rs.69953 credited to A/c XX7340 on 03-02-26 Avl Bal: Rs.490318 -HDFC Bank,Bank
Your one time password is 328658 for Myntra. Please do not share it. T&C apply,OTP
Zomato Big Billion Days! Up to 10% off + extra 10% with SBI cards. Hurry!,Promo
  G-793808 is your Google verification code.,OTP
UPI payment of Rs.48101 to Varsha successful. UPI Ref: 830079131351. -BOB,Bank
OTP: 52995 for txn of INR 49460 at Myntra. Do not share. -Axis Bank,OTP
Flat Rs.1976 cashback on your next order at Swiggy. Use code SAVE76. Valid till 04 Jul.,Promo
Your Ola code: 610170,OTP
"Bro  send me Rs.2918 on gpay, will return by 04 Jul",Personal
YOUR SWIGGY ORDER OD6044847850 HAS BEEN SHIPPED VIA XPRESSBEES. TRACK: BIT.LY/OGRDON,Delivery
Weekend special at Amazon! Min 20% off on everything. Don't miss out: bit.ly/hNeKHa,Promo
Your  Meesho order OD6852208627 has been shipped via BlueDart. Track: bit.ly/nEUFsq,Delivery
your sim will be deactivated in 24hrs. verify aadhaar: bit.ly/uukhht,Spam
Delivery attempt failed for order OD4416814397. We will retry tomorrow. -Ekart -TM,Delivery
delivered! your flipkart order od2810572925 was delivered on 04 jul. rate your experience: bit.ly/wkjofr,Delivery
MEGA SALE! Get 20% OFF on all products at Myntra. Shop now: bit.ly/vVNYsF T&C apply.,Promo
Your return pickup for order OD1265019673 is scheduled on 01 Jul. Keep the item ready. -Myntra,Delivery
  Weekend special at Myntra! Min 30% off on everything. Don't miss out: bit.ly/InEMSL,Promo
Use code 4024 at checkout for 25% off at Myntra!,Promo
Exclusive for you! Buy 1 Get 1 FREE at Zomato. Limited period offer. Visit bit.ly/PfKFUS,Promo
UPI payment of Rs.47146 to Noah successful. UPI Ref: 630233045045. -SBI,Bank
Your Amazon order OD7822397156 has been shipped via Ekart Track: bitly/ioFWKl,Delivery
"Hey, my new number is 7607999754. Save it! Meet at noon?",Personal
Recharge with Rs.1420 & get 10% extra talktime. Offer valid today only! T&C apply,Promo
Weekend special at Meesho! Min 30% off on everything. Don't miss out: bit.ly/FrIqvu,Promo
EMI of Rs.73525 due on 29-03-26 for loan A/c XX8704. Pay now to avoid charges. -Kotak,Bank
Your return pickup for order OD7857973803 is scheduled on 02 Jul. Keep the item ready. -Swiggy,Delivery
Flat Rs.291 cashback on your next order at Amazon. Use code SAVE72. Valid till 03 Jul.,Promo
Work from home! Earn Rs.1571460/month. Join: bit.ly/Gdverk T&C apply,Spam
BigBasket: Your cart misses you! Complete purchase now & get 30% off. bit.ly/hrkjQD,Promo
Pay Rs.4663 on delivery for order OD171449954. -Delhivery,Delivery
Swiggy: Your cart misses you! Complete purchase now & get 70% off bitly/viNCPB,Promo
INR 61730 credited to A/c XX9511 on 21-02-26. Avl Bal: INR 462293. -Axis Bank,Bank
delivery attempt failed for order od7990099835. we will retry tomorrow. -ekart,Delivery
Delivered! Your Swiggy order OD6720519536 was delivered on 03 Jul. Rate your experience: bit.ly/TQyteg,Delivery
  Zomato: Your cart misses you! Complete purchase now & get 40% off. bit.ly/aOxjQJ,Promo
Low balance alert: A/c XX4113 balance is Rs.226674. Maintain min balance to avoid charges.,Bank
EMI of Rs.55057 due on 02-01-26 for loan A/c XX2621 Pay now to avoid charges -SBI,Bank
Confirmation code 364842 for Swiggy. Keep it private.,OTP
Amazon Big Billion Days! Up to 50% off + extra 10% with HDFC Bank cards. Hurry!,Promo
Your Myntra code: 344765,OTP
xpressbees: shipment od1311003806 reached your city hub. expected delivery: 03 jul.,Delivery
Exclusive for you! Buy 1 Get 1 FREE at Zomato. Limited period offer. Visit bit.ly/hgPWJL,Promo
exclusive for you! buy 1 get 1 free at zomato. limited period offer. visit bit.ly/ujujzt,Promo
Congratulations! You won Rs.838888 in lucky draw. Claim: bit.ly/nrOrjZ,Spam
UPI payment of Rs.92405 to Bachittar successful. UPI Ref: 195801211030. -Kotak,Bank
Your Zomato membership expires soon. Renew now & save 20%: bit.ly/CMvzKc,Promo
Your return pickup for order OD3839102555 is scheduled on 04 Jul. Keep the item ready. -Meesho,Delivery
UPI payment of Rs.48199 to Chatresh successful. UPI Ref: 868991963853. -Kotak,Bank
XpressBees: Shipment OD9699109770 reached your city hub. Expected delivery: 04 Jul.,Delivery
"Hi Anya, unlock Rs.712 off your first order at BigBasket with code NEW37.",Promo
  Myntra: Your cart misses you! Complete purchase now & get 50% off. bit.ly/pXvpZG,Promo
Your order OD4251588700 from Meesho is arriving tomorrow. Keep Rs.1662 ready for COD.,Delivery
Out for delivery: Ur Myntra package OD2454589935 will arrive today by 3 PM. -Delhivery,Delivery
Your order OD7984008918 from Zomato is arriving tomorrow. Keep Rs.4051 ready for COD.,Delivery
Low balance alert: A/c XX1810 balance is Rs.281908. Maintain min balance to avoid charges.,Bank
Flipkart: 932790 is your login OTP. It expires in 5 minutes.,OTP
Use  code 2426 at checkout for 10% off at Flipkart!,Promo
RS.52816 DEBITED FROM A/C XX7209 ON 11-04-26 TO DAKSH. AVL BAL: RS.134114. -AXIS BANK,Bank
941568 - use this code to sign in to Netflix. Never share it with anyone.,OTP
mega sale! get 30% off on all products at swiggy. shop now: bit.ly/oaclzm t&c apply.,Promo
Salary of Rs.58557 credited to A/c XX4575. Avl Bal: Rs.84661. -Axis Bank,Bank
Coupon 1160 gives you free delivery on orders above Rs.339. -Zomato STOP to opt out,Promo
  Low balance alert: A/c XX5727 balance is Rs.283700. Maintain min balance to avoid charges.,Bank
"Never  share your OTP, PIN or CVV. BOB never asks for these. Stay safe.",Bank
"Class shifted to room 4089, come fast",Personal
XpressBees:  Shipment OD6903697190 reached your city hub. Expected delivery: 04 Jul.,Delivery
Delivered! Your Flipkart order OD3578619536 was delivered on 03 Jul Rate your experience: bitly/qgUQhB,Delivery
Recharge with Rs.1746 & get 50% extra talktime. Offer valid today only!,Promo
Order OD4199261035 packed and ready! Expected dispatch by 03 Jul. -Amazon STOP to opt out,Delivery
Your return pickup for order OD3078635037 is scheduled on 02 Jul. Keep the item ready. -Myntra,Delivery
Dear customer ur BOB account will be blocked! Update KYC now: bit.ly/BlXejz,Spam
Low balance alert: A/c XX1272 balance is Rs.159137. Maintain min balance to avoid charges.,Bank
Coupon 5167 gives you free delivery on orders above Rs.1596. -Swiggy,Promo
Low balance alert: A/c XX4619 balance is Rs.161608. Maintain min balance to avoid charges.,Bank
Rs.54493 debited from A/c XX7932 on 16-03-26 to Nandini Avl Bal: Rs.448787 -SBI,Bank
Forum from DTDC is arriving with your package. Contact: 01698702194,Delivery
Delivered!  Your Amazon order OD4929946106 was delivered on 04 Jul. Rate your experience: bit.ly/fRjTOO,Delivery
700976 - use this code to sign in to IRCTC. Never share it with anyone.,OTP
"  Hi Keya, unlock Rs.1024 off your first order at Zomato with code NEW96.",Promo
Interest of Rs.36875 credited to your FD A/c XX3736. -BOB,Bank
"Hey, my new number is 4704551092. Save it! Meet at tonight?",Personal
Salary of Rs.31013 credited to A/c XX2031 Avl Bal: Rs.311206 -BOB,Bank
OTP: 332762 for txn of Rs.39435 at PNB. Do not share. -ICICI Bank,OTP
your myntra membership expires soon. renew now & save 60%: bit.ly/lfdfqo,Promo
Your Uber code: 7079,OTP
Delhivery: Shipment OD3659670655 reached your city hub. Expected delivery: 03 Jul.,Delivery
OTP:  187124 for txn of Rs.7233 at HDFC Bank. Do not share. -SBI,OTP
Rs.30657 credited to A/c XX4504 on 20-05-26. Avl Bal: Rs.99094. -Kotak,Bank
Salary of Rs.9321 credited to A/c XX9581. Avl Bal: Rs.246039. -HDFC Bank,Bank
Your Myntra membership expires soon. Renew now & save 20%: bit.ly/dvLoGe,Promo
maanav from xpressbees is arriving with your package. contact: 4093511620,Delivery
608117 - use this code to sign in to PhonePe. Never share it with anyone.,OTP
"Hi Vedhika, unlock Rs.491 off your first order at Flipkart with code NEW19.",Promo
amazon big billion days! up to 70% off + extra 10% with axis bank cards. hurry!,Promo
404332 - use this to sign in. Never share this code with anyone.,OTP
Your OTP is 469138. Use it to verify your Amazon account. Expires in 30 min.,OTP
Pay Rs.4485 on delivery for order OD867764077. -DTDC,Delivery
G-282876 is your Google verification code.,OTP
Your order OD7327333729 from Zomato is arriving tomorrow. Keep Rs.3618 ready for COD.,Delivery
Cheque no. 139333807557 for Rs.95369 has been cleared from A/c XX3532. -ICICI Bank,Bank
MEGA SALE! Get 40% OFF on all products at Meesho. Shop now: bit.ly/KXjAlL T&C apply.,Promo
Your SIM will be deactivated in 24hrs. Verify Aadhaar: bit.ly/tFDQdA,Spam
BlueDart: Shipment OD3190436435 reached your city hub Expected delivery: 03 Jul,Delivery
Recharge with Rs.1510 & get 30% extra talktime Offer valid today only!,Promo
EMI of Rs.84582 due on 07-01-26 for loan A/c XX6847 Pay now to avoid charges -Axis Bank,Bank
LOW BALANCE ALERT: A/C XX3119 BALANCE IS RS.490521. MAINTAIN MIN BALANCE TO AVOID CHARGES.,Bank
  Low balance alert: A/c XX2659 balance is Rs.54411. Maintain min balance to avoid charges.,Bank
USE 678772 TO COMPLETE YOUR OLA REGISTRATION. VALID TILL 15 MINS.,OTP
Your return pickup for order OD2321918918 is scheduled on 01 Jul. Keep the item ready. -Swiggy STOP to opt out,Delivery
EMI of Rs.55020 due on 23-02-26 for loan A/c XX4513. Pay now to avoid charges. -PNB -TM,Bank
217203  - use this to sign in. Never share this code with anyone.,OTP
Recharge with Rs.641 & get 20% extra talktime. Offer valid today only!,Promo
mega sale! get 30% off on all products at flipkart. shop now: bit.ly/nfsagx t&c apply.,Promo
Weekend special at Zomato! Min 50% off on everything. Don't miss out: bit.ly/gOCVLK,Promo
OTP-based login was enabled for your A/c XX6262. Call BOB if this wasn't you.,Bank
Dear customer ur PNB account will be blocked! Update KYC now: bit.ly/fMFHvf,Spam
Interest  of Rs.66318 credited to your FD A/c XX1737. -Kotak,Bank
  Salary of Rs.91137 credited to A/c XX6140. Avl Bal: Rs.254757. -SBI,Bank
Your return pickup for order OD3840782993 is scheduled on 04 Jul. Keep the item ready. -BigBasket,Delivery
Your  GPay code: 748007,OTP
Delivered! Your Flipkart order OD2158390650 was delivered on 04 Jul. Rate your experience: bit.ly/DZBaLY STOP to opt out,Delivery
  BigBasket: Your cart misses you! Complete purchase now & get 40% off. bit.ly/ManVrb,Promo
MEGA SALE! Get 20% OFF on all products at Meesho Shop now: bitly/mBlzzM T&C apply,Promo
weekend special at zomato! min 10% off on everything. don't miss out: bit.ly/adxoes,Promo
alert: rs.19040 withdrawn from atm using card xx6411 on 16-05-26. bal: rs.41140. -hdfc bank,Bank
G-613746  is your Google verification code.,OTP
Weekend special at Myntra! Min 20% off on everything. Don't miss out: bit.ly/YFhQIG,Promo
meesho: your cart misses you! complete purchase now & get 70% off. bit.ly/bebjbx,Promo
Flat Rs.204 cashback on your next order at Swiggy. Use code SAVE80. Valid till 04 Jul.,Promo
  Your SIM will be deactivated in 24hrs. Verify Aadhaar: bit.ly/uuEuzx,Spam
Your one time password is 701233 for Axis Bank. Please do not share it.,OTP
G-324449 is your Google verification code.,OTP
Low balance alert: A/c XX6508 balance is Rs.364085. Maintain min balance to avoid charges.,Bank
"hi kala, unlock rs.747 off your first order at amazon with code new30.",Promo
Flat Rs.838 cashback on your next order at Zomato. Use code SAVE64. Valid till 04 Jul.,Promo
EMI of Rs.99260 due on 16-05-26 for loan A/c XX4792. Pay now to avoid charges. -SBI,Bank
OTP: 6414 FOR TXN OF RS.13498 AT SWIGGY. DO NOT SHARE. -KOTAK,OTP
G-193412 is your Google verification code.,OTP
G-50852 is your Google verification code. -TM,OTP
Cheque no. 767161789152 for Rs.37724 has been cleared from A/c XX6041. -BOB T&C apply,Bank
OTP  for delivery of order OD9536530735 is 2529. Share only with the delivery agent. -Ekart,Delivery
Delivered! Your Amazon order OD3993279704 was delivered on 03 Jul. Rate your experience: bit.ly/mHZjlT,Delivery
Salary of INR 40157 credited to A/c XX6525. Avl Bal: INR 262528. -PNB,Bank
Your Hotstar code: 633302,OTP
Cheque no. 322173144389 for Rs.276 has been cleared from A/c XX5970. -BOB,Bank
ALERT: Rs.65165 withdrawn from ATM using card XX3635 on 25-04-26. Bal: Rs.245430. -Kotak,Bank
BigBasket Big Billion Days! Up to 10% off + extra 10% with Axis Bank cards Hurry!,Promo
268483 is your verification code for Netflix Never share your OTP,OTP
"Bro send me Rs.637 on gpay, will return by 04 Jul",Personal
SWIGGY BIG BILLION DAYS! UP TO 10% OFF + EXTRA 10% WITH AXIS BANK CARDS. HURRY!,Promo
OTP-based login was enabled for your A/c XX7381. Call ICICI Bank if this wasn't you.,Bank
  Confirmation code 918682 for Amazon. Keep it private.,OTP
Your  Zomato membership expires soon. Renew now & save 40%: bit.ly/HVmiSE,Promo
708499 is ur HDFC Bank security code. Anyone asking for it is a scammer.,OTP
Your BigBasket membership expires soon. Renew now & save 50%: bit.ly/PZFfiM,Promo
UPI payment of Rs.40147 to George successful. UPI Ref: 154271215107. -Kotak,Bank
congratulations! you won rs.314827 in lucky draw. claim: bit.ly/dbdlyp,Spam
Your  return pickup for order OD3352992337 is scheduled on 02 Jul. Keep the item ready. -Meesho,Delivery
Your SIM will be deactivated in 24hrs. Verify Aadhaar: bit.ly/qmUdXc,Spam
INR 81538 debited from A/c XX9937 on 09-06-26 to Zayan. Avl Bal: INR 24876. -HDFC Bank,Bank
Flat Rs.1020 cashback on your next order at BigBasket. Use code SAVE41. Valid till 04 Jul.,Promo
"Hi Ekantika, unlock Rs.1945 off your first order at Zomato with code NEW24.",Promo
G-574266 is your Google verification code.,OTP
Delivery attempt failed for order OD5834650304. We will retry tomorrow. -Delhivery STOP to opt out,Delivery
Coupon 2113 gives you free delivery on orders above Rs.4961. -BigBasket,Promo
Your one time password is 844602 for PNB. Please do not share it.,OTP
Your  Amazon order OD9664078240 has been shipped via XpressBees. Track: bit.ly/elkmnG,Delivery
OTP: 95361 for txn of Rs.39145 at SBI. Do not share. -Axis Bank,OTP
Amazon Big Billion Days! Up to 10% off + extra 10% with ICICI Bank cards. Hurry!,Promo
LOW BALANCE ALERT: A/C XX8178 BALANCE IS RS.393139. MAINTAIN MIN BALANCE TO AVOID CHARGES.,Bank
G-148381 is your Google verification code. STOP to opt out,OTP
Interest of Rs.80693 credited to your FD A/c XX6221. -ICICI Bank,Bank
  Your credit card XX1231 statement is ready. Total due: Rs.45685. Min due: Rs.2913. -Kotak,Bank
Use code 5049 at checkout for 10% off at Meesho! -TM,Promo
Dear customer ur Kotak account will be blocked! Update KYC now: bit.ly/MENkkr,Spam
TAP TO VERIFY: 967733. THIS CODE EXPIRES SHORTLY.,OTP
coupon 8346 gives you free delivery on orders above rs.3837. -meesho,Promo
  Zomato: 365934 is your login OTP. It expires in 2 minutes.,OTP
"Hey, my new number is +915032853941. Save it! Meet at tonight?",Personal
Your BigBasket code: 83541,OTP
MEGA SALE! GET 50% OFF ON ALL PRODUCTS AT ZOMATO. SHOP NOW: BIT.LY/AJIERG T&C APPLY.,Promo
Use 82586 to complete your Meesho registration. Valid till 10 mins.,OTP
Weekend special at Zomato! Min 80% off on everything. Don't miss out: bit.ly/VAENti,Promo
UPI payment of Rs.10257 to Abha successful UPI Ref: 734548818884 -PNB,Bank
Exclusive for you! Buy 1 Get 1 FREE at Swiggy. Limited period offer. Visit bit.ly/IiHYNj,Promo
  UPI payment of Rs.49696 to Sachi successful. UPI Ref: 346173540209. -SBI,Bank
Pay Rs.4525 on delivery for order OD660975638. -XpressBees,Delivery
Last day! Zomato clearance sale ends tonight Up to 70% off sitewide,Promo
  Delivery attempt failed for order OD8391500965. We will retry tomorrow. -Ekart,Delivery
379111 - use this to sign in. Never share this code with anyone. T&C apply,OTP
  Your HDFC Bank code: 580861,OTP
Exclusive for you! Buy 1 Get 1 FREE at Flipkart. Limited period offer. Visit bit.ly/gVjMmy T&C apply,Promo
Enter 525038 to verify your mobile number for Kotak.,OTP
Pay  Rs.2223 on delivery for order OD685832108. -BlueDart,Delivery
Exclusive  for you! Buy 1 Get 1 FREE at Meesho. Limited period offer. Visit bit.ly/iLxLcU,Promo
  Delivery attempt failed for order OD5066908492. We will retry tomorrow. -Delhivery,Delivery
xpressbees: shipment od6408170203 reached your city hub. expected delivery: 03 jul.,Delivery
YOUR SIM WILL BE DEACTIVATED IN 24HRS. VERIFY AADHAAR: BIT.LY/EWCUVT,Spam
Exclusive for you! Buy 1 Get 1 FREE at Amazon. Limited period offer. Visit bit.ly/IaDMHI,Promo
OTP for delivery of order OD5327115293 is 2437. Share only with the delivery agent. -Delhivery,Delivery
G-340650 is your Google verification code.,OTP
your one time password is 5243 for meesho. please do not share it.,OTP
Low balance alert: A/c XX1325 balance is Rs.113536 Maintain min balance to avoid charges,Bank
"Never share your OTP, PIN or CVV ICICI Bank never asks for these Stay safe",Bank
OTP for delivery of order OD1814739922 is 7196. Share only with the delivery agent. -BlueDart,Delivery
"Hi Tanay, unlock INR 1008 off your first order at Meesho with code NEW59.",Promo
162582 is your verification code for Uber. Never share your OTP.,OTP
ALERT:  Rs.87901 withdrawn from ATM using card XX8968 on 21-03-26. Bal: Rs.152851. -PNB,Bank
OTP: 118929 FOR TXN OF RS.22757 AT UBER. DO NOT SHARE. -SBI,OTP
MEGA SALE! Get 70% OFF on all products at Myntra. Shop now: bit.ly/plFKaD T&C apply. T&C apply,Promo
561391 is your OTP for PhonePe login. Valid for 2 minutes. Do not share with anyone.,OTP
Your return pickup for order OD7814184915 is scheduled on 03 Jul. Keep the item ready. -BigBasket,Delivery
OTP for delivery of order OD2750274530 is 7708. Share only with the delivery agent. -DTDC,Delivery
"Bro send me Rs.3519 on gpay, will return by 03 Jul",Personal
Low balance alert: A/c XX7863 balance is Rs.205564. Maintain min balance to avoid charges.,Bank
Your credit card XX2122 statement is ready. Total due: INR 64757. Min due: INR 1788. -SBI,Bank
Delivered! Your Meesho order OD1231839412 was delivered on 02 Jul. Rate your experience: bit.ly/kamCjE T&C apply,Delivery
"Hey, my new number is 05488607899 Save it! Meet at 8?",Personal
  ALERT: Rs.1959 withdrawn from ATM using card XX4403 on 01-07-26. Bal: Rs.298240. -Axis Bank,Bank
Your  OTP is 256634. Use it to verify your Axis Bank account. Expires in 5 min.,OTP
Your return pickup for order OD3028886419 is scheduled on 02 Jul. Keep the item ready. -Meesho,Delivery
Your Meesho code: 829132,OTP
Rs.65661 debited from A/c XX8566 on 03-05-26 to Jyoti Avl Bal: Rs.61946 -HDFC Bank,Bank
out for delivery: your myntra package od4793744410 will arrive today by 3 pm. -delhivery,Delivery
Your Amazon membership expires soon. Renew now & save 10%: bit.ly/Wtunax STOP to opt out,Promo
"Bro send me Rs.3766 on gpay, will return by 01 Jul",Personal
<#> 571084 is your GPay code. Valid 2 min. hA8sk2Lqp3,OTP
  Rs.44200 credited to A/c XX8013 on 18-05-26. Avl Bal: Rs.419330. -HDFC Bank,Bank
Rs.12094  debited from A/c XX9007 on 01-05-26 to Aadi. Avl Bal: Rs.22605. -Axis Bank,Bank
"Bro send me Rs.360 on gpay, will return by 04 Jul",Personal
  OTP for delivery of order OD5586018343 is 9883. Share only with the delivery agent. -Delhivery,Delivery
order od1762373258 packed and ready! expected dispatch by 01 jul. -flipkart,Delivery
Cheque  no. 581311693670 for Rs.41289 has been cleared from A/c XX2364. -PNB,Bank
MEGA SALE! Get 50% OFF on all products at Swiggy. Shop now: bit.ly/xQqkvG T&C apply.,Promo
YOUR SIM WILL BE DEACTIVATED IN 24HRS. VERIFY AADHAAR: BIT.LY/NIZKQZ,Spam
Enter 199348 to verify your mobile number for Netflix.,OTP
Salary of Rs.10581 credited to A/c XX8064. Avl Bal: Rs.292204. -Axis Bank,Bank
Low balance alert: A/c XX1066 balance is Rs.119882. Maintain min balance to avoid charges.,Bank
OTP for delivery of order OD9187933969 is 1230 Share only with the delivery agent -Delhivery,Delivery
alert: rs.86616 withdrawn from atm using card xx8622 on 10-01-26. bal: rs.443377. -hdfc bank,Bank
Out for delivery: Your Myntra package OD2444071996 will arrive today by 9 PM. -BlueDart,Delivery
Salary of Rs.20752 credited to A/c XX5984. Avl Bal: Rs.433278. -HDFC Bank,Bank
"never share your otp, pin or cvv. bob never asks for these. stay safe.",Bank
Your  credit card XX4953 statement is ready. Total due: Rs.85401. Min due: Rs.2879. -BOB,Bank
weekend special at swiggy! min 20% off on everything. don't miss out: bit.ly/hfvkrl,Promo
your otp is 900607. use it to verify your amazon account. expires in 15 min.,OTP
  961990 - use this code to sign in to SBI. Never share it with anyone.,OTP
  Congratulations! You won Rs.1810703 in lucky draw. Claim: bit.ly/uvythG,Spam
Out for delivery: Your Swiggy package OD7326367666 will arrive today by 12 PM. -Delhivery T&C apply,Delivery
Your OTP is 675722 Use it to verify your Meesho account Expires in 10 min,OTP
  Delivered! Your Amazon order OD4970989038 was delivered on 04 Jul. Rate your experience: bit.ly/HUgTnV,Delivery
Pay Rs.4971 on delivery for order OD530923550 -Ekart,Delivery
Your BigBasket order OD2691557274 has been shipped via XpressBees. Track: bit.ly/UoBMNy -TM,Delivery
<#> 352834 is your SBI code. Valid 30 min. hA8sk2Lqp3,OTP
Dear customer ur BOB account will be blocked! Update KYC now: bit.ly/hgvyly,Spam
EMI of Rs.35136 due on 20-02-26 for loan A/c XX7763. Pay now to avoid charges. -SBI,Bank
delivered! your myntra order od3512920944 was delivered on 03 jul. rate your experience: bit.ly/hswdye,Delivery
SALARY OF RS.7292 CREDITED TO A/C XX1380. AVL BAL: RS.430659. -AXIS BANK,Bank
Congratulations! You won Rs.2160455 in lucky draw. Claim: bit.ly/ZsdTsj STOP to opt out,Spam
Girindra from XpressBees is arriving with your package. Contact: 01348639483,Delivery
Myntra: Your cart misses you! Complete purchase now & get 10% off. bit.ly/hZxTwe -TM,Promo
Work from home! Earn Rs.889272/month. Join: bit.ly/lixOIr T&C apply,Spam
EMI of Rs.56816 due on 28-02-26 for loan A/c XX1744. Pay now to avoid charges. -Axis Bank -TM,Bank
  Your A/c XX3292 is debited with Rs.77084 on 26-04-26. Info: UPI-Vedant. Bal: Rs.68912,Bank
Use 907678 to complete your Kotak registration. Valid till 30 mins.,OTP
MEGA SALE! Get 60% OFF on all products at Flipkart. Shop now: bit.ly/uLgajv T&C apply.,Promo
"Hi Avi, unlock Rs.1188 off your first order at Meesho with code NEW81. T&C apply",Promo
your one time password is 592196 for hotstar. please do not share it.,OTP
<#> 52621 is your Kotak code. Valid 15 min. hA8sk2Lqp3,OTP
YOUR RETURN PICKUP FOR ORDER OD5247517150 IS SCHEDULED ON 03 JUL. KEEP THE ITEM READY. -SWIGGY,Delivery
908562 - use this to sign in. Never share this code with anyone.,OTP
ENTER 117352 TO VERIFY YOUR MOBILE NUMBER FOR PAYTM.,OTP
DTDC: Shipment OD3940395468 reached your city hub. Expected delivery: 03 Jul.,Delivery
429299 - USE THIS CODE TO SIGN IN TO BOB. NEVER SHARE IT WITH ANYONE.,OTP
Weekend special at Myntra! Min 20% off on everything Don't miss out: bitly/RFZQpy,Promo
Use 284402 to complete your HDFC Bank registration. Valid till 2 mins.,OTP
BigBasket: Your cart misses you! Complete purchase now & get 80% off. bit.ly/gItUED,Promo
Salary of Rs.74849 credited to A/c XX5845. Avl Bal: Rs.200296. -SBI,Bank
<#> 206899 is your Axis Bank code. Valid 15 min. hA8sk2Lqp3,OTP
MEGA  SALE! Get 80% OFF on all products at Myntra. Shop now: bit.ly/kIihQg T&C apply.,Promo
<#> 581620 is your zomato code. valid 5 min. ha8sk2lqp3,OTP
G-100924 is your Google verification code,OTP
  Osha from BlueDart is arriving with your package. Contact: 07151479508,Delivery
coupon 1000 gives you free delivery on orders above rs.2575. -myntra,Promo
OTP-based  login was enabled for your A/c XX8427. Call Kotak if this wasn't you.,Bank
Cheque no. 896727714527 for INR 37072 has been cleared from A/c XX4038. -SBI,Bank
Weekend special at Swiggy! Min 60% off on everything Don't miss out: bitly/zwRjhj,Promo
Coupon 2633 gives you free delivery on orders above Rs.3870. -Zomato,Promo
Use 109788 to complete your BOB registration. Valid till 2 mins.,OTP
  <#> 788834 is your BigBasket code. Valid 10 min. hA8sk2Lqp3,OTP
UPI payment of Rs.71785 to Yashodhara successful. UPI Ref: 899891591637. -Axis Bank,Bank
Cheque no. 536714231519 for Rs.10363 has been cleared from A/c XX7776. -Axis Bank,Bank
Your Amazon membership expires soon. Renew now & save 10%: bit.ly/FuxaWs,Promo
Rs.7010 debited from A/c XX9109 on 25-06-26 to Arya. Avl Bal: Rs.354808. -HDFC Bank,Bank
"Hi  Unni, unlock Rs.1799 off your first order at Swiggy with code NEW63.",Promo
Use  code 5003 at checkout for 50% off at Meesho!,Promo
Confirmation code 773166 for Kotak. Keep it private.,OTP
Order OD7428862070 packed and ready! Expected dispatch by 03 Jul -Myntra,Delivery
GPay: 188659 is your login OTP It expires in 15 minutes,OTP
  Your Uber code: 8684,OTP
your bob code: 428589,OTP
ALERT: Rs.83980 withdrawn from ATM using card XX5360 on 02-03-26. Bal: Rs.231989. -Axis Bank,Bank
Cheque no. 188371166663 for Rs.65798 has been cleared from A/c XX1789. -Axis Bank STOP to opt out,Bank
rs.63573 credited to a/c xx1604 on 19-02-26. avl bal: rs.456331. -icici bank,Bank
G-787727 is your Google verification code.,OTP
Zomato Big Billion Days! Up to 50% off + extra 10% with BOB cards. Hurry!,Promo
Rs.39858 debited from A/c XX3757 on 07-06-26 to Nicholas. Avl Bal: Rs.330954. -ICICI Bank,Bank
Salary of Rs.62615 credited to A/c XX3979. Avl Bal: Rs.271039. -Axis Bank,Bank
Flat Rs.814 cashback on your next order at Myntra. Use code SAVE26. Valid till 03 Jul.,Promo
UPI  payment of Rs.73015 to Faqid successful. UPI Ref: 821140792435. -SBI,Bank
Confirmation code 744746 for PNB. Keep it private.,OTP
Rs.17066 debited from A/c XX4129 on 02-04-26 to Warda Avl Bal: Rs.270692 -BOB,Bank
interest of rs.70811 credited to your fd a/c xx7114. -kotak,Bank
Pay Rs.1024 on delivery for order OD176684368. -Ekart -TM,Delivery
Zomato Big Billion Days! Up to 30% off + extra 10% with SBI cards. Hurry!,Promo
MEGA SALE! Get 30% OFF on all products at Swiggy. Shop now: bit.ly/yZqnDW T&C apply.,Promo
Your Axis Bank code: 224767,OTP
Rs.7115 debited from A/c XX4211 on 11-01-26 to Bina. Avl Bal: Rs.478712. -PNB,Bank
  Flat Rs.1025 cashback on your next order at BigBasket. Use code SAVE87. Valid till 04 Jul.,Promo
Tap to verify: 685213. This code expires shortly.,OTP
Dear customer ur ICICI Bank account will be blocked! Update KYC now: bit.ly/kQbtJU -TM,Spam
USE 806192 TO COMPLETE YOUR ZOMATO REGISTRATION. VALID TILL 2 MINS.,OTP
"Hi Wyatt, unlock Rs.335 off your first order at Myntra with code NEW85.",Promo
INR 26959 credited to A/c XX8096 on 21-05-26. Avl Bal: INR 34150. -HDFC Bank,Bank
Exclusive for you! Buy 1 Get 1 FREE at Meesho. Limited period offer. Visit bit.ly/LmPDUC,Promo
Delivery attempt failed for order OD2506687344. We will retry tomorrow. -XpressBees,Delivery
Flat Rs.862 cashback on your next order at Swiggy. Use code SAVE54. Valid till 03 Jul.,Promo
Congratulations! You won INR 2284255 in lucky draw. Claim: bit.ly/INcvec,Spam
Meesho Big Billion Days! Up to 50% off + extra 10% with SBI cards. Hurry!,Promo
Your PNB code: 403112,OTP
Qushi from Ekart is arriving with your package Contact: +919154090699,Delivery
OTP for delivery of order OD9404856694 is 6348. Share only with the delivery agent. -DTDC,Delivery
WORK FROM HOME! EARN RS.126383/MONTH. JOIN: BIT.LY/SUPXTK,Spam
Dear customer ur Axis Bank account will be blocked! Update KYC now: bit.ly/ivxOTn,Spam
Last day! Swiggy clearance sale ends tonight. Up to 30% off sitewide. STOP to opt out,Promo
Out for delivery: Your BigBasket package OD4056262198 will arrive today by 9 PM. -XpressBees,Delivery
Cheque no. 710596310443 for Rs.68579 has been cleared from A/c XX8167. -Axis Bank,Bank
EMI of Rs.98788 due on 15-05-26 for loan A/c XX6445. Pay now to avoid charges. -BOB,Bank
your otp is 617048. use it to verify your flipkart account. expires in 2 min.,OTP
Ur OTP is 699005. Use it to verify ur Amazon account. Expires in 10 min.,OTP
Yug from Ekart is arriving with your package. Contact: 4594579789,Delivery
ALERT:  Rs.70657 withdrawn from ATM using card XX2759 on 08-05-26. Bal: Rs.293626. -Kotak,Bank
Recharge with INR 414 & get 80% extra talktime. Offer valid today only!,Promo
Congratulations!  You won Rs.1006156 in lucky draw. Claim: bit.ly/LAfMkp,Spam
LAST DAY! MEESHO CLEARANCE SALE ENDS TONIGHT. UP TO 70% OFF SITEWIDE.,Promo
RS.23785 DEBITED FROM A/C XX6250 ON 27-03-26 TO DEVANSH. AVL BAL: RS.490199. -ICICI BANK,Bank
Order  OD9338238489 packed and ready! Expected dispatch by 04 Jul. -Meesho,Delivery
"Never share your OTP, PIN or CVV. SBI never asks for these. Stay safe. T&C apply",Bank
32474 - use this code to sign in to SBI. Never share it with anyone.,OTP
Work from home! Earn Rs.2046511/month. Join: bit.ly/yRCjoR,Spam
Salary of Rs.46674 credited to A/c XX1641. Avl Bal: Rs.7246. -Axis Bank,Bank
Interest of INR 90133 credited to your FD A/c XX7385. -ICICI Bank,Bank
Your one time password is 869529 for ICICI Bank. Please do not share it.,OTP
297487 is your Hotstar security code Anyone asking for it is a scammer,OTP
ALERT: Rs.55920 withdrawn from ATM using card XX5979 on 22-01-26. Bal: Rs.13556. -Axis Bank,Bank
Order OD9194583659 packed and ready! Expected dispatch by 01 Jul. -Meesho,Delivery
Rs.68939 credited to A/c XX2088 on 18-04-26. Avl Bal: Rs.184126. -ICICI Bank -TM,Bank
UPI PAYMENT OF RS.61074 TO SAMARTH SUCCESSFUL. UPI REF: 929762508018. -ICICI BANK,Bank
OTP-based login was enabled for your A/c XX4775 Call BOB if this wasn't you,Bank
Out for delivery: Your Zomato package OD5455078663 will arrive today by 12 PM. -XpressBees,Delivery
Ur Uber code: 8994,OTP
Ur SIM will be deactivated in 24hrs. Verify Aadhaar: bit.ly/VwWpYz,Spam
Coupon 2319 gives you free delivery on orders above Rs.1317 -Flipkart,Promo
CONFIRMATION CODE 318146 FOR AXIS BANK. KEEP IT PRIVATE.,OTP
MEGA SALE! GET 70% OFF ON ALL PRODUCTS AT ZOMATO. SHOP NOW: BIT.LY/NOEWKS T&C APPLY.,Promo
Amazon Big Billion Days! Up to 40% off + extra 10% with BOB cards. Hurry!,Promo
  OTP for delivery of order OD5801432405 is 2987. Share only with the delivery agent. -XpressBees,Delivery
  UPI payment of Rs.12433 to Amol successful. UPI Ref: 771045079848. -Kotak,Bank
Work from home! Earn Rs.1885845/month. Join: bit.ly/vyzIXr,Spam
"Hey, my new number is +912933316885. Save it! Meet at tonight?",Personal
60059 is your verification code for GPay. Never share your OTP.,OTP
Recharge with Rs.403 & get 80% extra talktime. Offer valid today only!,Promo
  423803 is your verification code for BOB. Never share your OTP.,OTP
Use 360426 to complete ur Paytm registration. Valid till 15 mins.,OTP
Your  Amazon order OD2845196582 has been shipped via XpressBees. Track: bit.ly/GjgTMN,Delivery
938716 - use this to sign in Never share this code with anyone,OTP
Your order OD5743688353 from Flipkart is arriving tomorrow. Keep Rs.415 ready for COD.,Delivery
Meesho: Your cart misses you! Complete purchase now & get 50% off. bit.ly/hBZQhp,Promo
Your Flipkart membership expires soon. Renew now & save 80%: bit.ly/YYMOWL,Promo
Out for delivery: Your Amazon package OD8274810927 will arrive today by 3 PM. -DTDC STOP to opt out,Delivery
Your credit card XX1533 statement is ready. Total due: Rs.93468. Min due: Rs.1270. -Axis Bank,Bank
your return pickup for order od1381043037 is scheduled on 02 jul. keep the item ready. -amazon,Delivery
"Hey, my new number is 7335028186. Save it! Meet at tonight?",Personal
EMI of Rs.6767 due on 07-06-26 for loan A/c XX4610. Pay now to avoid charges. -Axis Bank,Bank
SBI: 224654 is your login OTP. It expires in 5 minutes.,OTP
OTP-based login was enabled for your A/c XX3650. Call Kotak if this wasn't you.,Bank
Interest of Rs.65442 credited to your FD A/c XX6417. -BOB,Bank
Meesho Big Billion Days! Up to 60% off + extra 10% with Kotak cards. Hurry!,Promo
Dear customer ur Axis Bank account will be blocked! Update KYC now: bit.ly/MVDAhA,Spam
YOUR OTP IS 159683. USE IT TO VERIFY YOUR SBI ACCOUNT. EXPIRES IN 15 MIN.,OTP
ENTER 849244 TO VERIFY YOUR MOBILE NUMBER FOR FLIPKART.,OTP
Cheque no. 484814718483 for INR 70510 has been cleared from A/c XX3142. -Kotak,Bank
Exclusive  for you! Buy 1 Get 1 FREE at BigBasket. Limited period offer. Visit bit.ly/jSkyrm,Promo
Your  order OD2538440747 from Meesho is arriving tomorrow. Keep Rs.3431 ready for COD.,Delivery
Your A/c XX1783 is debited with Rs.78490 on 06-05-26. Info: UPI-Ayushman. Bal: Rs.492808,Bank
Use code 1479 at checkout for 25% off at Zomato!,Promo
tap to verify: 418568. this code expires shortly.,OTP
Delivered! Your Swiggy order OD3340350084 was delivered on 01 Jul Rate your experience: bitly/gfJKoU,Delivery
Tap to verify: 541646. This code expires shortly.,OTP
  Your PNB code: 692016,OTP
Your Meesho membership expires soon. Renew now & save 80%: bit.ly/IOMPpC,Promo
Your  A/c XX9578 is debited with Rs.44384 on 22-01-26. Info: UPI-Aachal. Bal: Rs.291169,Bank
Low balance alert: A/c XX6082 balance is Rs.104468. Maintain min balance to avoid charges.,Bank
  Your return pickup for order OD1814281781 is scheduled on 04 Jul. Keep the item ready. -Myntra,Delivery
"class shifted to room 5520, come fast",Personal
<#> 881201 is your SBI code. Valid 10 min. hA8sk2Lqp3,OTP
Delivery attempt failed for order OD1703559948. We will retry tomorrow. -XpressBees,Delivery
DELIVERY ATTEMPT FAILED FOR ORDER OD6632288438. WE WILL RETRY TOMORROW. -BLUEDART,Delivery
783628 - use this to sign in. Never share this code with anyone.,OTP
304062 is ur PNB security code. Anyone asking for it is a scammer.,OTP
Interest of Rs.52831 credited to your FD A/c XX2401. -ICICI Bank,Bank
"Hey, my new number is +916121331701. Save it! Meet at tonight?",Personal
INTEREST OF RS.9448 CREDITED TO YOUR FD A/C XX8803. -SBI,Bank
"Hey, my new number is 06107362826. Save it! Meet at 6pm?",Personal
946167 is your OTP for SBI login. Valid for 15 minutes. Do not share with anyone.,OTP
Order OD9020907424 packed and ready! Expected dispatch by 03 Jul. -BigBasket,Delivery
"Hi Azaan, unlock Rs.1466 off your first order at Meesho with code NEW53.",Promo
978567 is your Axis Bank security code. Anyone asking for it is a scammer. -TM,OTP
Your  return pickup for order OD1082816051 is scheduled on 03 Jul. Keep the item ready. -Swiggy,Delivery
673334 is your OTP for ICICI Bank login. Valid for 15 minutes. Do not share with anyone.,OTP
  Netflix: 934896 is your login OTP. It expires in 10 minutes.,OTP
YOUR RETURN PICKUP FOR ORDER OD1192331459 IS SCHEDULED ON 03 JUL. KEEP THE ITEM READY. -ZOMATO,Delivery
Your Meesho membership expires soon. Renew now & save 70%: bit.ly/OSHXXH,Promo
MEGA SALE! Get 20% OFF on all products at Swiggy. Shop now: bit.ly/cGLUxl T&C apply.,Promo
BigBasket Big Billion Days! Up to 10% off + extra 10% with Axis Bank cards. Hurry!,Promo
562413 is your Axis Bank security code. Anyone asking for it is a scammer.,OTP
Confirmation code 180369 for HDFC Bank. Keep it private. T&C apply,OTP
OTP: 994475 for txn of Rs.39652 at Amazon. Do not share. -HDFC Bank -TM,OTP
Ur return pickup for order OD6338581395 is scheduled on 04 Jul. Keep the item ready. -Myntra,Delivery
"Class  shifted to room 4845, come fast",Personal
Your SIM will be deactivated in 24hrs. Verify Aadhaar: bit.ly/UwNcKO,Spam
Your credit card XX8293 statement is ready Total due: Rs.68992 Min due: Rs.1926 -SBI,Bank
Confirmation code 104504 for SBI. Keep it private.,OTP
"  Bro send me Rs.745 on gpay, will return by 04 Jul",Personal
Flat Rs.437 cashback on your next order at Myntra Use code SAVE34 Valid till 01 Jul,Promo
ALERT: Rs.27696 withdrawn from ATM using card XX2403 on 20-06-26. Bal: Rs.141103. -SBI,Bank
"Hi William, unlock Rs.1999 off your first order at Zomato with code NEW11.",Promo
Exclusive for you! Buy 1 Get 1 FREE at BigBasket. Limited period offer. Visit bit.ly/mdsfsq,Promo
your one time password is 848358 for flipkart. please do not share it.,OTP
Delivered! Ur Meesho order OD7807667566 was delivered on 04 Jul. Rate ur experience: bit.ly/kzqzDH,Delivery
Out  for delivery: Your BigBasket package OD5738535780 will arrive today by 9 PM. -DTDC,Delivery
"HEY, MY NEW NUMBER IS 05753531207. SAVE IT! MEET AT TONIGHT?",Personal
YOUR ONE TIME PASSWORD IS 934976 FOR ZOMATO. PLEASE DO NOT SHARE IT.,OTP
759154 is your OTP for Netflix login Valid for 10 minutes Do not share with anyone,OTP
Delivery attempt failed for order OD6357070511. We will retry tomorrow. -BlueDart,Delivery
"Hi Alka, unlock Rs.799 off your first order at Meesho with code NEW34.",Promo
g-113659 is your google verification code.,OTP
Your return pickup for order OD2891530390 is scheduled on 04 Jul Keep the item ready -Zomato,Delivery
Confirmation code 515197 for Swiggy. Keep it private.,OTP
Your order OD9822914156 from Zomato is arriving tomorrow Keep Rs.4480 ready for COD,Delivery
Dear customer ur ICICI Bank account will be blocked! Update KYC now: bit.ly/ZOyuBS,Spam
Exclusive for you! Buy 1 Get 1 FREE at Meesho. Limited period offer. Visit bit.ly/QFHAiw,Promo
Your Hotstar code: 776813,OTP
Exclusive  for you! Buy 1 Get 1 FREE at Amazon. Limited period offer. Visit bit.ly/LAzGOP,Promo
CHEQUE NO. 941973921916 FOR RS.26263 HAS BEEN CLEARED FROM A/C XX5125. -ICICI BANK,Bank
  Recharge with Rs.159 & get 60% extra talktime. Offer valid today only!,Promo
Interest of Rs.31477 credited to ur FD A/c XX1577. -PNB,Bank
Exclusive for you! Buy 1 Get 1 FREE at Myntra. Limited period offer. Visit bit.ly/qxSKLy,Promo
Confirmation code 362854 for PNB. Keep it private.,OTP
Your OTP is 445696. Use it to verify your Flipkart account. Expires in 30 min.,OTP
your return pickup for order od3291975791 is scheduled on 01 jul. keep the item ready. -amazon,Delivery
Rs.15976 credited to A/c XX8070 on 25-01-26 Avl Bal: Rs.277792 -BOB,Bank
Your one time password is 802041 for Myntra. Please do not share it. STOP to opt out,OTP
Low balance alert: A/c XX2290 balance is Rs.440553. Maintain min balance to avoid charges. STOP to opt out,Bank
1526 IS YOUR OTP FOR OLA LOGIN. VALID FOR 2 MINUTES. DO NOT SHARE WITH ANYONE.,OTP
Rs.52531 debited from A/c XX8837 on 09-02-26 to Onkar. Avl Bal: Rs.97305. -Axis Bank,Bank
ALERT: Rs.31073 withdrawn from ATM using card XX2152 on 16-03-26. Bal: Rs.375130. -ICICI Bank,Bank
Rs.91153 credited to A/c XX3814 on 12-03-26. Avl Bal: Rs.343457. -ICICI Bank,Bank
Amazon: Your cart misses you! Complete purchase now & get 50% off. bit.ly/jHTaRc,Promo
Confirmation code 243074 for Hotstar. Keep it private.,OTP
<#> 335305 is ur Uber code. Valid 10 min. hA8sk2Lqp3,OTP
Delivered! Your Flipkart order OD2869896837 was delivered on 01 Jul Rate your experience: bitly/JtIkSz,Delivery
USE 741869 TO COMPLETE YOUR HOTSTAR REGISTRATION. VALID TILL 5 MINS.,OTP
UPI PAYMENT OF RS.25081 TO HARINI SUCCESSFUL. UPI REF: 935830393247. -HDFC BANK,Bank
Your A/c XX6443 is debited with Rs.32153 on 04-05-26. Info: UPI-Alka. Bal: Rs.249475,Bank
G-642902 is ur Google verification code.,OTP
EMI of Rs.80715 due on 16-06-26 for loan A/c XX8940. Pay now to avoid charges. -PNB,Bank
Exclusive for you! Buy 1 Get 1 FREE at Flipkart. Limited period offer. Visit bit.ly/wwyzyd,Promo
Your OTP is 891167. Use it to verify your PhonePe account. Expires in 15 min.,OTP
Interest of Rs.89719 credited to your FD A/c XX3102. -HDFC Bank T&C apply,Bank
Cheque no. 733582778418 for Rs.83817 has been cleared from A/c XX2614. -SBI,Bank
Low balance alert: A/c XX5675 balance is Rs.436678. Maintain min balance to avoid charges.,Bank
Zomato:  Your cart misses you! Complete purchase now & get 50% off. bit.ly/KbiDNn,Promo
648910 - use this to sign in. Never share this code with anyone.,OTP
Salary of Rs.9347 credited to A/c XX6168. Avl Bal: Rs.141680. -PNB,Bank
pay rs.3799 on delivery for order od873449756. -bluedart,Delivery
Delivered! Your Swiggy order OD2395974181 was delivered on 01 Jul. Rate your experience: bit.ly/pQELcb,Delivery
Order  OD2478821571 packed and ready! Expected dispatch by 04 Jul. -Meesho,Delivery
OTP:  96696 for txn of Rs.26167 at Paytm. Do not share. -Axis Bank,OTP
Amazon: Your cart misses you! Complete purchase now & get 70% off. bit.ly/OlfjIJ,Promo
UPI payment of Rs.33528 to Rudra successful UPI Ref: 750197496209 -ICICI Bank,Bank
"Hi Vaishnavi, unlock Rs.849 off your first order at Myntra with code NEW17. T&C apply",Promo
YOUR ORDER OD3806105867 FROM ZOMATO IS ARRIVING TOMORROW. KEEP RS.866 READY FOR COD.,Delivery
Cheque no. 370351231478 for Rs.62889 has been cleared from A/c XX4001. -BOB STOP to opt out,Bank
UPI payment of Rs.15058 to Sathvik successful. UPI Ref: 615448053058. -HDFC Bank,Bank
G-166492  is your Google verification code.,OTP
Weekend special at Flipkart! Min 10% off on everything. Don't miss out: bit.ly/xMvTuM,Promo
Recharge with Rs.759 & get 70% extra talktime. Offer valid today only!,Promo
Your credit card XX6072 statement is ready. Total due: Rs.19249. Min due: Rs.2536. -ICICI Bank,Bank
Use 315282 to complete ur SBI registration. Valid till 30 mins.,OTP
Low balance alert: A/c XX4400 balance is Rs.395430. Maintain min balance to avoid charges.,Bank
Your OTP is 97935. Use it to verify your Swiggy account. Expires in 5 min.,OTP
Your BigBasket code: 652126,OTP
Your Uber code: 4710,OTP
  Your GPay code: 990645,OTP
Amazon:  325100 is your login OTP. It expires in 15 minutes.,OTP
Your return pickup for order OD9469989736 is scheduled on 03 Jul. Keep the item ready. -Myntra,Delivery
Your IRCTC code: 574650,OTP
  Your order OD2969853257 from BigBasket is arriving tomorrow. Keep Rs.3942 ready for COD.,Delivery
Rs.42484  debited from A/c XX1588 on 03-01-26 to Amol. Avl Bal: Rs.379412. -SBI,Bank
Rs.60702 credited to A/c XX5643 on 03-01-26 Avl Bal: Rs.256911 -BOB,Bank
Use code 7862 at checkout for 10% off at Swiggy!,Promo
<#> 49902 is your BigBasket code. Valid 2 min. hA8sk2Lqp3,OTP
Congratulations! You won Rs.308264 in lucky draw. Claim: bit.ly/LbSDNL,Spam
Your Amazon order OD2041367154 has been shipped via DTDC Track: bitly/XFexCK,Delivery
Your return pickup for order OD1062194186 is scheduled on 03 Jul. Keep the item ready. -Swiggy STOP to opt out,Delivery
143635 is your Paytm security code. Anyone asking for it is a scammer.,OTP
Rs.62900 credited to A/c XX7453 on 26-04-26. Avl Bal: Rs.4253. -ICICI Bank,Bank
YOUR ORDER OD6136874822 FROM BIGBASKET IS ARRIVING TOMORROW. KEEP RS.2158 READY FOR COD.,Delivery
"  Hi Ishwar, unlock Rs.149 off your first order at Flipkart with code NEW71.",Promo
Delivered! Your Flipkart order OD8751579783 was delivered on 02 Jul. Rate your experience: bit.ly/yVnehT,Delivery
845870 IS YOUR VERIFICATION CODE FOR UBER. NEVER SHARE YOUR OTP.,OTP
Rs.36713 credited to A/c XX4159 on 01-07-26. Avl Bal: Rs.434267. -PNB,Bank
Exclusive for you! Buy 1 Get 1 FREE at Flipkart. Limited period offer. Visit bit.ly/ZEpFSP,Promo
YOUR RETURN PICKUP FOR ORDER OD9734686873 IS SCHEDULED ON 03 JUL. KEEP THE ITEM READY. -FLIPKART,Delivery
"  Bro send me Rs.2394 on gpay, will return by 01 Jul",Personal
138641 is your verification code for Ola. Never share your OTP.,OTP
Flipkart Big Billion Days! Up to 20% off + extra 10% with PNB cards. Hurry!,Promo
Your one time password is 515605 for Netflix. Please do not share it. STOP to opt out,OTP
Enter 964562 to verify your mobile number for Paytm.,OTP
Your credit card XX8723 statement is ready Total due: Rs.45511 Min due: Rs.4564 -HDFC Bank,Bank
Myntra Big Billion Days! Up to 40% off + extra 10% with ICICI Bank cards. Hurry!,Promo
ALERT: Rs.57244 withdrawn from ATM using card XX2106 on 03-07-26. Bal: Rs.479869. -Kotak,Bank
Your Uber code: 4131 -TM,OTP
"Hi Dayita, unlock Rs.1207 off your first order at BigBasket with code NEW26.",Promo
Out for delivery: Your Flipkart package OD3623777778 will arrive today by 3 PM. -XpressBees,Delivery
UPI payment of Rs.71597 to Pooja successful. UPI Ref: 266519353100. -PNB,Bank
Last day! Meesho clearance sale ends tonight. Up to 40% off sitewide.,Promo
Your BigBasket membership expires soon Renew now & save 70%: bitly/sEgStt,Promo
  Your A/c XX6254 is debited with Rs.84122 on 23-04-26. Info: UPI-Suhani. Bal: Rs.241909,Bank
Exclusive for you! Buy 1 Get 1 FREE at BigBasket. Limited period offer. Visit bit.ly/wwutHD,Promo
  DTDC: Shipment OD5431525159 reached your city hub. Expected delivery: 03 Jul.,Delivery
"Hey, my new number is 04895048089 Save it! Meet at noon?",Personal
Congratulations! You won Rs.442946 in lucky draw Claim: bitly/HgGzvj,Spam
Delivered! Your Meesho order OD8266482824 was delivered on 04 Jul. Rate your experience: bit.ly/MCEmLi,Delivery
Cheque no 563729211781 for Rs.54793 has been cleared from A/c XX4323 -SBI,Bank
"Hey, my new number is +910753706744. Save it! Meet at 6pm?",Personal
GPay: 840102 is your login OTP. It expires in 10 minutes.,OTP
IRCTC: 71061 is your login OTP It expires in 10 minutes,OTP
Out  for delivery: Your Meesho package OD8693176462 will arrive today by 12 PM. -XpressBees,Delivery
161053 - USE THIS TO SIGN IN. NEVER SHARE THIS CODE WITH ANYONE.,OTP
Confirmation code 695248 for Zomato Keep it private,OTP
EMI  of Rs.66095 due on 01-07-26 for loan A/c XX5402. Pay now to avoid charges. -BOB,Bank
interest of rs.1346 credited to your fd a/c xx2735. -icici bank,Bank
Tap to verify: 370028. This code expires shortly. -TM,OTP
Your A/c XX6109 is debited with INR 84053 on 26-01-26. Info: UPI-Eiravati. Bal: INR 186886,Bank
Your credit card XX5616 statement is ready. Total due: Rs.81937. Min due: Rs.2125. -PNB,Bank
YOUR ZOMATO ORDER OD9721043823 HAS BEEN SHIPPED VIA BLUEDART. TRACK: BIT.LY/TEKGGL,Delivery
Recharge with Rs.698 & get 70% extra talktime. Offer valid today only!,Promo
Out for delivery: Your Flipkart package OD4649423198 will arrive today by 6 PM. -DTDC,Delivery
Delivery attempt failed for order OD8626085079. We will retry tomorrow. -DTDC,Delivery
Your SIM will be deactivated in 24hrs. Verify Aadhaar: bit.ly/KcQrqU,Spam
Ur SIM will be deactivated in 24hrs. Verify Aadhaar: bit.ly/xoNXoQ,Spam
Confirmation code 274664 for PhonePe. Keep it private.,OTP
Rs.66688 credited to A/c XX5623 on 07-03-26. Avl Bal: Rs.486847. -SBI,Bank
OTP for delivery of order OD6056133307 is 6016. Share only with the delivery agent. -Ekart,Delivery
rs.7907 credited to a/c xx9879 on 17-03-26. avl bal: rs.67438. -hdfc bank,Bank
<#> 949747 is your PhonePe code. Valid 30 min. hA8sk2Lqp3,OTP
675659 - use this to sign in. Never share this code with anyone.,OTP
RS.4774 CREDITED TO A/C XX8877 ON 30-03-26. AVL BAL: RS.70447. -ICICI BANK,Bank
Enter 73982 to verify your mobile number for Netflix.,OTP
Your Uber code: 3106,OTP
Order OD3643016504 packed and ready! Expected dispatch by 04 Jul. -BigBasket,Delivery
Use 348359 to complete your Uber registration. Valid till 5 mins.,OTP
Pay Rs.4901 on delivery for order OD998434912. -Ekart,Delivery
Interest of INR 17958 credited to your FD A/c XX8764. -BOB,Bank
423284 - use this code to sign in to HDFC Bank. Never share it with anyone.,OTP
Your Uber code: 1143,OTP
INAYA FROM XPRESSBEES IS ARRIVING WITH YOUR PACKAGE. CONTACT: 08457476442,Delivery
"  Never share your OTP, PIN or CVV. Kotak never asks for these. Stay safe.",Bank
Tap to verify: 648197. This code expires shortly.,OTP
Salary of Rs.65688 credited to A/c XX3974. Avl Bal: Rs.271711. -ICICI Bank,Bank
RECHARGE WITH RS.1839 & GET 30% EXTRA TALKTIME. OFFER VALID TODAY ONLY!,Promo
Congratulations! You won Rs.54689 in lucky draw. Claim: bit.ly/VMeWjj,Spam
  MEGA SALE! Get 60% OFF on all products at BigBasket. Shop now: bit.ly/OifJcf T&C apply.,Promo
PNB:  558564 is your login OTP. It expires in 15 minutes.,OTP
Order OD6635904527 packed and ready! Expected dispatch by 02 Jul -Zomato,Delivery
Work from home! Earn Rs.2377277/month. Join: bit.ly/vAsvhg,Spam
Cheque no 231747464566 for Rs.64011 has been cleared from A/c XX9141 -Kotak,Bank
Pay Rs.3856 on delivery for order OD246399654. -XpressBees,Delivery
Order OD2616132097 packed and ready! Expected dispatch by 01 Jul. -Meesho,Delivery
Your  Myntra membership expires soon. Renew now & save 40%: bit.ly/GjmSnu,Promo
Dear customer ur SBI account will be blocked! Update KYC now: bit.ly/QGNMGv,Spam
"HEY, MY NEW NUMBER IS +910944411677. SAVE IT! MEET AT NOON?",Personal
Exclusive for you! Buy 1 Get 1 FREE at Swiggy. Limited period offer. Visit bit.ly/BvZWNi,Promo
  Exclusive for you! Buy 1 Get 1 FREE at Flipkart. Limited period offer. Visit bit.ly/gWgtSe,Promo
  Your A/c XX6846 is debited with Rs.81634 on 15-06-26. Info: UPI-Ekbal. Bal: Rs.408543,Bank
Rs.2483  debited from A/c XX9466 on 21-01-26 to Pallavi. Avl Bal: Rs.180568. -PNB,Bank
612484 is your verification code for Netflix. Never share your OTP.,OTP
G-706577 is your Google verification code.,OTP
99555 is your verification code for Zomato Never share your OTP,OTP
Low balance alert: A/c XX2489 balance is Rs.282259 Maintain min balance to avoid charges,Bank
  Use code 3226 at checkout for 50% off at Amazon!,Promo
ALERT: Rs.13301 withdrawn from ATM using card XX5614 on 19-03-26. Bal: Rs.261777. -ICICI Bank,Bank
  871668 - use this to sign in. Never share this code with anyone.,OTP
Tap to verify: 441667. This code expires shortly.,OTP
Enter 421831 to verify your mobile number for Ola.,OTP
Your return pickup for order OD6130812018 is scheduled on 04 Jul. Keep the item ready. -Amazon,Delivery
Rs.61731 debited from A/c XX2450 on 15-06-26 to Radha. Avl Bal: Rs.459308. -Kotak,Bank
"Never share ur OTP, PIN or CVV. BOB never asks for these. Stay safe.",Bank
Use 564008 to complete your Flipkart registration. Valid till 15 mins. STOP to opt out,OTP
PAY RS.1143 ON DELIVERY FOR ORDER OD145156067. -XPRESSBEES,Delivery
OUT FOR DELIVERY: YOUR BIGBASKET PACKAGE OD6527791442 WILL ARRIVE TODAY BY 6 PM. -BLUEDART,Delivery
Delivery attempt failed for order OD4404893002. We will retry tomorrow. -BlueDart,Delivery
915970 is your OTP for Myntra login Valid for 5 minutes Do not share with anyone,OTP
Delivery attempt failed for order OD2535373155. We will retry tomorrow. -XpressBees,Delivery
YOUR UBER CODE: 6815,OTP
114330 IS YOUR OLA SECURITY CODE. ANYONE ASKING FOR IT IS A SCAMMER.,OTP
Recharge with Rs.1353 & get 30% extra talktime Offer valid today only!,Promo
Cheque no. 860196208715 for Rs.65138 has been cleared from A/c XX4335. -SBI,Bank
Weekend special at Swiggy! Min 20% off on everything. Don't miss out: bit.ly/usEdqu,Promo
Recharge  with Rs.911 & get 60% extra talktime. Offer valid today only!,Promo
dear customer ur hdfc bank account will be blocked! update kyc now: bit.ly/nbqnrk,Spam
675913 - use this to sign in. Never share this code with anyone.,OTP
Delivered! Your Meesho order OD8624241803 was delivered on 03 Jul. Rate your experience: bit.ly/gYwkGA,Delivery
143228  is your OTP for Uber login. Valid for 2 minutes. Do not share with anyone.,OTP
Low balance alert: A/c XX5926 balance is INR 329823. Maintain min balance to avoid charges.,Bank
"Bro send me Rs.3260 on gpay, will return by 01 Jul STOP to opt out",Personal
Delivered! Your Zomato order OD4176709574 was delivered on 04 Jul. Rate your experience: bit.ly/vAacaa,Delivery
"HI ADVIKA, UNLOCK RS.54 OFF YOUR FIRST ORDER AT AMAZON WITH CODE NEW39.",Promo
Use 625539 to complete your Kotak registration. Valid till 15 mins.,OTP
ALERT: RS.78775 WITHDRAWN FROM ATM USING CARD XX2563 ON 12-04-26. BAL: RS.311228. -KOTAK,Bank
Your SIM will be deactivated in 24hrs. Verify Aadhaar: bit.ly/voJOGN,Spam
Your Uber code: 8213,OTP
EMI of Rs.27587 due on 23-06-26 for loan A/c XX1413 Pay now to avoid charges -ICICI Bank,Bank
YUG FROM DTDC IS ARRIVING WITH YOUR PACKAGE. CONTACT: 6111871750,Delivery
Your return pickup for order OD3525993782 is scheduled on 03 Jul. Keep the item ready. -Amazon,Delivery
Order OD6841460011 packed and ready! Expected dispatch by 01 Jul. -Swiggy STOP to opt out,Delivery
"Hi Yamini, unlock Rs.290 off ur first order at Meesho with code NEW38.",Promo
ALERT: Rs.96669 withdrawn from ATM using card XX3531 on 11-04-26. Bal: Rs.179953. -ICICI Bank,Bank
Use code 7974 at checkout for 10% off at Zomato!,Promo
"Bro send me Rs.4312 on gpay, will return by 04 Jul",Personal
Amazon Big Billion Days! Up to 20% off + extra 10% with SBI cards. Hurry!,Promo
Use 298490 to complete your Amazon registration. Valid till 10 mins.,OTP
Order  OD1698283746 packed and ready! Expected dispatch by 02 Jul. -Flipkart,Delivery
Last day! Flipkart clearance sale ends tonight. Up to 60% off sitewide.,Promo
Use 524998 to complete your Amazon registration. Valid till 2 mins.,OTP
OTP: 107958 for txn of Rs.5959 at Flipkart. Do not share. -Axis Bank,OTP
  401930 is your IRCTC security code. Anyone asking for it is a scammer.,OTP
Your Uber code: 9467,OTP
ALERT: Rs.51231 withdrawn from ATM using card XX6031 on 17-05-26. Bal: Rs.104316. -Axis Bank -TM,Bank
Your PhonePe code: 741555,OTP
YOUR UBER CODE: 6965,OTP
OTP-based login was enabled for your A/c XX4635. Call HDFC Bank if this wasn't you. STOP to opt out,Bank
Low balance alert: A/c XX5429 balance is Rs.240673. Maintain min balance to avoid charges.,Bank
"Hi  Joshua, unlock Rs.1602 off your first order at Zomato with code NEW21.",Promo
Low balance alert: A/c XX9163 balance is Rs.151696. Maintain min balance to avoid charges.,Bank
bigbasket big billion days! up to 30% off + extra 10% with kotak cards. hurry!,Promo
719316 - use this code to sign in to bigbasket. never share it with anyone.,OTP
Your Uber code: 2461,OTP
Your return pickup for order OD8844867465 is scheduled on 03 Jul. Keep the item ready. -Zomato,Delivery
"NEVER SHARE YOUR OTP, PIN OR CVV. KOTAK NEVER ASKS FOR THESE. STAY SAFE.",Bank
dear customer ur kotak account will be blocked! update kyc now: bit.ly/xokwsg,Spam
Low balance alert: A/c XX1050 balance is Rs.240983 Maintain min balance to avoid charges,Bank
Dear customer ur PNB account will be blocked! Update KYC now: bit.ly/szvHrz,Spam
Last day! Flipkart clearance sale ends tonight Up to 20% off sitewide,Promo
244740 is ur OTP for Uber login. Valid for 10 minutes. Do not share with anyone.,OTP
MEGA SALE! Get 80% OFF on all products at Flipkart. Shop now: bit.ly/PkSolO T&C apply.,Promo
Work  from home! Earn Rs.2422198/month. Join: bit.ly/rkcyMj,Spam
Confirmation code 596712 for Ola. Keep it private.,OTP
  ALERT: Rs.73640 withdrawn from ATM using card XX2137 on 29-05-26. Bal: Rs.189196. -PNB,Bank
Rs.11097 credited to A/c XX1700 on 03-03-26. Avl Bal: Rs.247236. -Kotak,Bank
Out for delivery: Ur Zomato package OD2742363367 will arrive today by 3 PM. -DTDC,Delivery
"Hey, my new number is 5803046183. Save it! Meet at tonight?",Personal
Delivery attempt failed for order OD4186864465 We will retry tomorrow -DTDC,Delivery
Coupon  2645 gives you free delivery on orders above Rs.1412. -Meesho,Promo
ALERT: Rs.99824 withdrawn from ATM using card XX1525 on 17-06-26. Bal: Rs.130179. -ICICI Bank,Bank
Exclusive for you! Buy 1 Get 1 FREE at Flipkart Limited period offer Visit bitly/tDBBSF,Promo
LAST DAY! SWIGGY CLEARANCE SALE ENDS TONIGHT. UP TO 70% OFF SITEWIDE.,Promo
Your HDFC Bank code: 373290,OTP
Recharge  with Rs.350 & get 30% extra talktime. Offer valid today only!,Promo
Delivery attempt failed for order OD1075426095 We will retry tomorrow -BlueDart,Delivery
work from home! earn rs.1981409/month. join: bit.ly/uevrrt,Spam
G-501024 is your Google verification code.,OTP
  Your credit card XX9799 statement is ready. Total due: Rs.69819. Min due: Rs.1833. -BOB,Bank
Work from home! Earn Rs.534070/month Join: bitly/WniZSF,Spam
Cheque  no. 698938705104 for Rs.18878 has been cleared from A/c XX8157. -ICICI Bank,Bank
Work from home! Earn Rs.1950868/month. Join: bit.ly/xqGxeT,Spam
flipkart: your cart misses you! complete purchase now & get 70% off. bit.ly/ckcikw,Promo
CONGRATULATIONS! YOU WON RS.2006597 IN LUCKY DRAW. CLAIM: BIT.LY/VJEVFJ,Spam
OTP for delivery of order OD5732495297 is 6755 Share only with the delivery agent -XpressBees,Delivery
delivered! your zomato order od2277761957 was delivered on 03 jul. rate your experience: bit.ly/zafitf,Delivery
MEGA SALE! Get 20% OFF on all products at Amazon. Shop now: bit.ly/hCcqrk T&C apply.,Promo
"Bro send me INR 4169 on gpay, will return by 04 Jul",Personal
YOUR CREDIT CARD XX5129 STATEMENT IS READY. TOTAL DUE: RS.67242. MIN DUE: RS.667. -PNB,Bank
Meesho: Your cart misses you! Complete purchase now & get 70% off. bit.ly/uPPGvP,Promo
delivered! your bigbasket order od7291181910 was delivered on 04 jul. rate your experience: bit.ly/yzrjal,Delivery
your zomato membership expires soon. renew now & save 20%: bit.ly/nlriig,Promo
MEGA SALE! Get 70% OFF on all products at Flipkart. Shop now: bit.ly/cTrWUR T&C apply. STOP to opt out,Promo
Enter 393416 to verify your mobile number for Meesho.,OTP
Your order OD7173236852 from BigBasket is arriving tomorrow. Keep Rs.4812 ready for COD. STOP to opt out,Delivery
"HEY, MY NEW NUMBER IS +919381372045. SAVE IT! MEET AT NOON?",Personal
OTP for delivery of order OD3900234000 is 6484. Share only with the delivery agent. -BlueDart,Delivery
your swiggy order od1607879465 has been shipped via xpressbees. track: bit.ly/kxnawz,Delivery
Cheque no. 327425891458 for Rs.86049 has been cleared from A/c XX6741. -BOB,Bank
Interest of Rs.29885 credited to ur FD A/c XX6507. -Kotak,Bank
Your OTP is 50436 Use it to verify your Uber account Expires in 5 min,OTP
UPI payment of Rs.34833 to Kavya successful UPI Ref: 788743758397 -HDFC Bank,Bank
Your Zomato order OD3914515767 has been shipped via DTDC. Track: bit.ly/XEgKyv,Delivery
823327 - use this to sign in. Never share this code with anyone. STOP to opt out,OTP
OTP  for delivery of order OD3743113148 is 5184. Share only with the delivery agent. -BlueDart,Delivery
Cheque no. 984402343666 for Rs.45317 has been cleared from A/c XX9590. -Axis Bank,Bank
  Use 591327 to complete your BigBasket registration. Valid till 15 mins.,OTP
Low balance alert: A/c XX2803 balance is Rs.203322. Maintain min balance to avoid charges.,Bank
494864 is your verification code for GPay. Never share your OTP. T&C apply,OTP
  Your Swiggy membership expires soon. Renew now & save 70%: bit.ly/xFCFvi,Promo
G-151693 is your Google verification code.,OTP
Your credit card XX6047 statement is ready. Total due: Rs.67520. Min due: Rs.558. -BOB,Bank
  Rs.710 debited from A/c XX9731 on 07-04-26 to Gautam. Avl Bal: Rs.288849. -ICICI Bank,Bank
Out for delivery: Your BigBasket package OD2883402323 will arrive today by 9 PM. -XpressBees,Delivery
Rs.33954 credited to A/c XX2480 on 15-06-26. Avl Bal: Rs.44519. -HDFC Bank,Bank
"Hi Rishi, unlock Rs.1052 off your first order at Meesho with code NEW32.",Promo
amazon: your cart misses you! complete purchase now & get 10% off. bit.ly/oapgso,Promo
your zomato membership expires soon. renew now & save 20%: bit.ly/ahlqga,Promo
853073 is your Meesho security code. Anyone asking for it is a scammer.,OTP
Dear customer ur SBI account will be blocked! Update KYC now: bit.ly/QGzZUv,Spam
Interest of Rs.70650 credited to your FD A/c XX6186. -Axis Bank,Bank
Interest of Rs.57534 credited to ur FD A/c XX4931. -HDFC Bank,Bank
YOUR RETURN PICKUP FOR ORDER OD8532697012 IS SCHEDULED ON 01 JUL. KEEP THE ITEM READY. -SWIGGY,Delivery
784886 IS YOUR HDFC BANK SECURITY CODE. ANYONE ASKING FOR IT IS A SCAMMER.,OTP
Your return pickup for order OD9532062054 is scheduled on 03 Jul. Keep the item ready. -Myntra -TM,Delivery
EMI of Rs.30581 due on 28-04-26 for loan A/c XX3138. Pay now to avoid charges. -PNB,Bank
g-358061 is your google verification code.,OTP
Your Zomato membership expires soon Renew now & save 30%: bitly/ZLUwLm,Promo
Your Flipkart membership expires soon Renew now & save 20%: bitly/PJrllv,Promo
Your credit card XX2029 statement is ready. Total due: Rs.42335. Min due: Rs.1420. -Axis Bank,Bank
Weekend  special at Swiggy! Min 70% off on everything. Don't miss out: bit.ly/xgrCxv,Promo
  Confirmation code 226029 for GPay. Keep it private.,OTP
otp: 732688 for txn of rs.33353 at meesho. do not share. -axis bank,OTP
Your  ICICI Bank code: 339347,OTP
Enter  296010 to verify your mobile number for ICICI Bank.,OTP
YOUR BOB CODE: 774660,OTP
Salary of Rs.91169 credited to A/c XX7763. Avl Bal: Rs.476191. -HDFC Bank T&C apply,Bank
Exclusive for you! Buy 1 Get 1 FREE at Flipkart. Limited period offer. Visit bit.ly/xnFdVq,Promo
Order OD1768388081 packed and ready! Expected dispatch by 01 Jul -Zomato,Delivery
  Coupon 4624 gives you free delivery on orders above Rs.780. -Swiggy,Promo
your icici bank code: 609042,OTP
Upasna from Delhivery is arriving with your package. Contact: +916079174454,Delivery
Your BigBasket membership expires soon. Renew now & save 80%: bit.ly/KkHZuQ,Promo
Your Zomato membership expires soon Renew now & save 70%: bitly/mYtWql,Promo
"Hey, my new number is 03573165120. Save it! Meet at 8?",Personal
Cheque no. 596410537015 for INR 48300 has been cleared from A/c XX9395. -ICICI Bank,Bank
Cheque  no. 550189152411 for Rs.98215 has been cleared from A/c XX3584. -ICICI Bank,Bank
Enter 859594 to verify your mobile number for HDFC Bank.,OTP
LAST DAY! AMAZON CLEARANCE SALE ENDS TONIGHT. UP TO 40% OFF SITEWIDE.,Promo
Salary of Rs.3034 credited to A/c XX5942. Avl Bal: Rs.492183. -ICICI Bank,Bank
Axis Bank: 321421 is your login OTP. It expires in 2 minutes.,OTP
MEGA SALE! Get 80% OFF on all products at Meesho. Shop now: bit.ly/rsfdUK T&C apply.,Promo
Salary  of Rs.38464 credited to A/c XX7596. Avl Bal: Rs.335336. -BOB,Bank
279049 - use this code to sign in to GPay Never share it with anyone,OTP
Your credit card XX5465 statement is ready Total due: Rs.54636 Min due: Rs.1887 -Axis Bank,Bank
Out for delivery: Your Amazon package OD5627218388 will arrive today by 9 PM. -Ekart,Delivery
  ALERT: Rs.77759 withdrawn from ATM using card XX1224 on 01-03-26. Bal: Rs.377598. -BOB,Bank
"Hi Ojasvi, unlock INR 663 off your first order at Amazon with code NEW89.",Promo
"Hi Ekiya, unlock Rs.1730 off your first order at Flipkart with code NEW96.",Promo
Enter 936101 to verify your mobile number for Uber.,OTP
OTP-based login was enabled for ur A/c XX1107. Call ICICI Bank if this wasn't you.,Bank
98622 is your Amazon security code. Anyone asking for it is a scammer.,OTP
  Use code 3151 at checkout for 25% off at Meesho!,Promo
Meesho: Your cart misses you! Complete purchase now & get 70% off. bit.ly/sxwpCA,Promo
Your order OD6784179847 from Zomato is arriving tomorrow. Keep INR 4519 ready for COD.,Delivery
Your Flipkart membership expires soon. Renew now & save 80%: bit.ly/cpYbfa T&C apply,Promo
UPI payment of Rs.63674 to Caleb successful. UPI Ref: 898742963066. -HDFC Bank,Bank
"Hi Warjas, unlock INR 1974 off your first order at BigBasket with code NEW99.",Promo
DTDC:  Shipment OD2807301146 reached your city hub. Expected delivery: 01 Jul.,Delivery
OTP FOR DELIVERY OF ORDER OD7754643405 IS 4526. SHARE ONLY WITH THE DELIVERY AGENT. -BLUEDART,Delivery
Congratulations! You won INR 400508 in lucky draw. Claim: bit.ly/wtNrZj,Spam
G-313182  is your Google verification code.,OTP
Your return pickup for order OD3636042369 is scheduled on 02 Jul. Keep the item ready. -Zomato,Delivery
"Never  share your OTP, PIN or CVV. SBI never asks for these. Stay safe.",Bank
RS.69265 DEBITED FROM A/C XX2534 ON 20-06-26 TO YASTI. AVL BAL: RS.428515. -BOB,Bank
Your Myntra membership expires soon Renew now & save 30%: bitly/itVoDV,Promo
  569680 is your OTP for Myntra login. Valid for 15 minutes. Do not share with anyone.,OTP
Swiggy:  Your cart misses you! Complete purchase now & get 70% off. bit.ly/YVclQR,Promo
Your A/c XX8374 is debited with Rs.91552 on 16-05-26. Info: UPI-Aishani. Bal: Rs.73463,Bank
your otp is 76462. use it to verify your uber account. expires in 30 min.,OTP
642072 is your verification code for Ola. Never share your OTP.,OTP
Myntra Big Billion Days! Up to 20% off + extra 10% with BOB cards. Hurry!,Promo
"Bro send me Rs.3194 on gpay, will return by 01 Jul",Personal
Last day! BigBasket clearance sale ends tonight. Up to 40% off sitewide.,Promo
Netflix: 565310 is ur login OTP. It expires in 10 minutes.,OTP
Delivered! Your Zomato order OD2972040830 was delivered on 04 Jul Rate your experience: bitly/AqlQMm,Delivery
Your OTP is 28223. Use it to verify your SBI account. Expires in 30 min.,OTP
Rs.86799 credited to A/c XX2457 on 14-06-26. Avl Bal: Rs.421699. -Axis Bank,Bank
Delivered! Ur Zomato order OD6387046910 was delivered on 02 Jul. Rate ur experience: bit.ly/iNBPJb,Delivery
AMAZON BIG BILLION DAYS! UP TO 80% OFF + EXTRA 10% WITH HDFC BANK CARDS. HURRY!,Promo
Meesho: Your cart misses you! Complete purchase now & get 30% off. bit.ly/ouAhXP,Promo
"Hi  Samarth, unlock Rs.212 off your first order at Flipkart with code NEW75.",Promo
ALERT: RS.46422 WITHDRAWN FROM ATM USING CARD XX7207 ON 19-05-26. BAL: RS.454899. -BOB,Bank
Your order OD6654610685 from Myntra is arriving tomorrow. Keep Rs.2244 ready for COD.,Delivery
Your A/c XX6856 is debited with Rs.99152 on 17-05-26. Info: UPI-Madhav. Bal: Rs.409852,Bank
Your Uber code: 7798,OTP
Your  Uber code: 1510,OTP
Your Flipkart order OD5564657695 has been shipped via DTDC. Track: bit.ly/FaABRu,Delivery
223144 is ur verification code for HDFC Bank. Never share ur OTP.,OTP
Ur OTP is 71025. Use it to verify ur ICICI Bank account. Expires in 5 min.,OTP
Your  return pickup for order OD7987267716 is scheduled on 01 Jul. Keep the item ready. -Zomato,Delivery
ALERT: Rs.31670 withdrawn from ATM using card XX2621 on 30-03-26 Bal: Rs.113077 -PNB,Bank
OTP: 155056 for txn of Rs.4153 at Netflix. Do not share. -SBI,OTP
Delhivery: Shipment OD1472790927 reached your city hub. Expected delivery: 02 Jul.,Delivery
OTP  for delivery of order OD9841383525 is 1358. Share only with the delivery agent. -Delhivery,Delivery
  587806 is your OTP for Hotstar login. Valid for 30 minutes. Do not share with anyone.,OTP
Your OTP is 36550. Use it to verify your Paytm account. Expires in 2 min.,OTP
Delivery attempt failed for order OD6210704472. We will retry tomorrow. -XpressBees,Delivery
Low balance alert: A/c XX9224 balance is Rs.460987. Maintain min balance to avoid charges.,Bank
"Hi Zayyan, unlock Rs.959 off your first order at BigBasket with code NEW38.",Promo
Your  A/c XX1303 is debited with Rs.71149 on 24-02-26. Info: UPI-Ekapad. Bal: Rs.167441,Bank
Rs.3622 credited to A/c XX1475 on 01-05-26. Avl Bal: Rs.232282. -HDFC Bank,Bank
Pay Rs.822 on delivery for order OD633226166. -XpressBees,Delivery
Flat Rs.1211 cashback on your next order at BigBasket. Use code SAVE83. Valid till 01 Jul.,Promo
"Never share your OTP, PIN or CVV Kotak never asks for these Stay safe",Bank
upi payment of rs.95216 to yashvi successful. upi ref: 481663360571. -axis bank,Bank
EMI of Rs.81092 due on 17-01-26 for loan A/c XX5020. Pay now to avoid charges. -PNB,Bank
Coupon 2471 gives you free delivery on orders above Rs.3926. -Flipkart,Promo
Flat  Rs.85 cashback on your next order at BigBasket. Use code SAVE18. Valid till 03 Jul.,Promo
Ur order OD5991750568 from BigBasket is arriving tomorrow. Keep Rs.3251 ready for COD.,Delivery
Your credit card XX3688 statement is ready. Total due: Rs.24334. Min due: Rs.2756. -PNB,Bank
otp-based login was enabled for your a/c xx4814. call axis bank if this wasn't you.,Bank
emi of rs.58985 due on 11-05-26 for loan a/c xx5261. pay now to avoid charges. -kotak,Bank
otp: 71293 for txn of rs.39232 at bob. do not share. -kotak,OTP
413375 is your OTP for Zomato login. Valid for 30 minutes. Do not share with anyone.,OTP
WEEKEND SPECIAL AT MEESHO! MIN 40% OFF ON EVERYTHING. DON'T MISS OUT: BIT.LY/NIPZAR,Promo
Meesho: Your cart misses you! Complete purchase now & get 50% off. bit.ly/rAzYAG,Promo
Rs.588 credited to A/c XX5662 on 05-05-26. Avl Bal: Rs.472091. -PNB,Bank
  Your A/c XX5528 is debited with Rs.80479 on 12-03-26. Info: UPI-Bishakha. Bal: Rs.99761,Bank
"Hey, my new number is 1228712467. Save it! Meet at 8?",Personal
Your  A/c XX4999 is debited with Rs.15888 on 22-03-26. Info: UPI-Tara. Bal: Rs.70864,Bank
Congratulations! You won Rs.1978215 in lucky draw. Claim: bit.ly/FXqluK,Spam
Flipkart: Your cart misses you! Complete purchase now & get 80% off. bit.ly/xPGtoM,Promo
Pay Rs.3728 on delivery for order OD324232422 -XpressBees,Delivery
"Hey, my new number is 9567997976 Save it! Meet at 8?",Personal
Coupon  1960 gives you free delivery on orders above Rs.1902. -BigBasket,Promo
120155 - use this to sign in. Never share this code with anyone. T&C apply,OTP
Your order OD3820846817 from Flipkart is arriving tomorrow. Keep Rs.1133 ready for COD.,Delivery
Your one time password is 6278 for Paytm. Please do not share it.,OTP
UPI payment of Rs.13336 to Pooja successful. UPI Ref: 703202168138. -BOB -TM,Bank
ALERT: Rs.31330 withdrawn from ATM using card XX5379 on 07-04-26. Bal: Rs.386467. -SBI,Bank
SBI: 718002 is your login OTP It expires in 15 minutes,OTP
Your  return pickup for order OD5425084253 is scheduled on 02 Jul. Keep the item ready. -Zomato,Delivery
252161 - use this code to sign in to ICICI Bank. Never share it with anyone.,OTP
Ur Zomato order OD5927911222 has been shipped via XpressBees. Track: bit.ly/fthqyw,Delivery
Out for delivery: Your Myntra package OD4560939652 will arrive today by 3 PM -Delhivery,Delivery
YOUR A/C XX6867 IS DEBITED WITH RS.51153 ON 09-05-26. INFO: UPI-GEORGE. BAL: RS.169686,Bank
"  Class shifted to room 9769, come fast",Personal
"  Bro send me Rs.4456 on gpay, will return by 04 Jul",Personal
OTP: 450680 for txn of Rs.45251 at Zomato. Do not share. -SBI -TM,OTP
Enter 160110 to verify your mobile number for Zomato.,OTP
Ekart: Shipment OD3492804260 reached your city hub. Expected delivery: 02 Jul.,Delivery
"Bro send me Rs.2811 on gpay, will return by 03 Jul",Personal
"HEY, MY NEW NUMBER IS 07926094286. SAVE IT! MEET AT 6PM?",Personal
Your SIM will be deactivated in 24hrs. Verify Aadhaar: bit.ly/gMpAKn,Spam
736194 - use this code to sign in to HDFC Bank. Never share it with anyone.,OTP
Cheque no. 730031980922 for Rs.56875 has been cleared from A/c XX8674. -SBI,Bank
Low  balance alert: A/c XX7800 balance is Rs.3884. Maintain min balance to avoid charges.,Bank
"HI ZEHAAN, UNLOCK RS.692 OFF YOUR FIRST ORDER AT FLIPKART WITH CODE NEW63.",Promo
Udarsh from Ekart is arriving with your package. Contact: 1748166602,Delivery
YOUR A/C XX5837 IS DEBITED WITH RS.32048 ON 06-04-26. INFO: UPI-RANBIR. BAL: RS.212245,Bank
Out for delivery: Your Swiggy package OD9482125629 will arrive today by 12 PM. -XpressBees,Delivery
325782 is your bigbasket security code. anyone asking for it is a scammer.,OTP
Recharge with Rs.279 & get 40% extra talktime. Offer valid today only!,Promo
<#> 396869 is your Zomato code. Valid 10 min. hA8sk2Lqp3,OTP
Your Amazon membership expires soon. Renew now & save 80%: bit.ly/pzGdRg,Promo
"Never share your OTP, PIN or CVV. SBI never asks for these. Stay safe.",Bank
Rs.18108 credited to A/c XX6631 on 03-02-26. Avl Bal: Rs.187672. -ICICI Bank STOP to opt out,Bank
Low balance alert: A/c XX6217 balance is Rs.452331. Maintain min balance to avoid charges.,Bank
EMI of Rs.33115 due on 04-04-26 for loan A/c XX8142. Pay now to avoid charges. -PNB,Bank
RUSHIL FROM DELHIVERY IS ARRIVING WITH YOUR PACKAGE. CONTACT: 2707685885,Delivery
  Rs.94298 debited from A/c XX4083 on 23-06-26 to Ganga. Avl Bal: Rs.282590. -SBI,Bank
LAST DAY! ZOMATO CLEARANCE SALE ENDS TONIGHT. UP TO 70% OFF SITEWIDE.,Promo
  UPI payment of Rs.60598 to Vincent successful. UPI Ref: 147002322094. -HDFC Bank,Bank
957893 - USE THIS TO SIGN IN. NEVER SHARE THIS CODE WITH ANYONE.,OTP
Delivered!  Your Zomato order OD6402285990 was delivered on 03 Jul. Rate your experience: bit.ly/gHNwRS,Delivery
alert: rs.94792 withdrawn from atm using card xx5283 on 26-02-26. bal: rs.85162. -pnb,Bank
Your Uber code: 6250,OTP
Your  OTP is 254102. Use it to verify your ICICI Bank account. Expires in 30 min.,OTP
ALERT: RS.48524 WITHDRAWN FROM ATM USING CARD XX2767 ON 20-05-26. BAL: RS.403143. -HDFC BANK,Bank
  ALERT: Rs.27736 withdrawn from ATM using card XX5914 on 20-06-26. Bal: Rs.33267. -ICICI Bank,Bank
MEGA SALE! Get 60% OFF on all products at Amazon. Shop now: bit.ly/TaYGCh T&C apply.,Promo
Your Uber code: 8752,OTP
  Salary of Rs.64432 credited to A/c XX5061. Avl Bal: Rs.465062. -Kotak,Bank
DTDC: Shipment OD4075061461 reached your city hub. Expected delivery: 01 Jul.,Delivery
OTP: 70471 for txn of Rs.9727 at SBI. Do not share. -BOB,OTP
Paytm: 668075 is your login OTP. It expires in 2 minutes.,OTP
Congratulations! You won Rs.1420096 in lucky draw. Claim: bit.ly/iYhTly,Spam
Your order OD6609711277 from Meesho is arriving tomorrow. Keep INR 446 ready for COD.,Delivery
<#> 827498 is your amazon code. valid 2 min. ha8sk2lqp3,OTP
Delivered! Your Zomato order OD4122103510 was delivered on 01 Jul. Rate your experience: bit.ly/VMDzcO,Delivery
YOUR FLIPKART MEMBERSHIP EXPIRES SOON. RENEW NOW & SAVE 70%: BIT.LY/RXJPGR,Promo
EXCLUSIVE FOR YOU! BUY 1 GET 1 FREE AT BIGBASKET. LIMITED PERIOD OFFER. VISIT BIT.LY/DDVFPQ,Promo
YOUR ORDER OD3706410265 FROM ZOMATO IS ARRIVING TOMORROW. KEEP RS.2037 READY FOR COD.,Delivery
Delivery attempt failed for order OD9113091560 We will retry tomorrow -XpressBees,Delivery
Order OD5528797657 packed and ready! Expected dispatch by 01 Jul. -Swiggy,Delivery
Rs.84628 debited from A/c XX1521 on 06-03-26 to Falak. Avl Bal: Rs.211925. -PNB,Bank
682135 - use this to sign in. Never share this code with anyone.,OTP
Last day! Myntra clearance sale ends tonight. Up to 20% off sitewide.,Promo
Weekend special at Flipkart! Min 50% off on everything. Don't miss out: bit.ly/zIOgWT,Promo
Salary of Rs.34057 credited to A/c XX4908 Avl Bal: Rs.68684 -Kotak,Bank
OTP: 435835 FOR TXN OF RS.18620 AT PHONEPE. DO NOT SHARE. -SBI,OTP
Rs.85321  debited from A/c XX3768 on 20-02-26 to Chaitaly. Avl Bal: Rs.376451. -PNB,Bank
  Pay Rs.2786 on delivery for order OD880393474. -XpressBees,Delivery
your flipkart membership expires soon. renew now & save 20%: bit.ly/qozywt,Promo
delivery attempt failed for order od8667414181. we will retry tomorrow. -delhivery,Delivery
Swiggy: Your cart misses you! Complete purchase now & get 10% off. bit.ly/VmBSpE,Promo
  Recharge with Rs.643 & get 60% extra talktime. Offer valid today only!,Promo
Your one time password is 256017 for SBI. Please do not share it. -TM,OTP
437382 - use this to sign in. Never share this code with anyone.,OTP
Flat  Rs.609 cashback on your next order at Myntra. Use code SAVE97. Valid till 03 Jul.,Promo
OTP: 430162 for txn of INR 39427 at BOB. Do not share. -ICICI Bank,OTP
Your PNB code: 172857,OTP
Zayyan from DTDC is arriving with your package. Contact: 04687466297,Delivery
  Delivered! Your Swiggy order OD3007591698 was delivered on 03 Jul. Rate your experience: bit.ly/TvouUJ,Delivery
Last day! Amazon clearance sale ends tonight. Up to 10% off sitewide.,Promo
"Bro send me Rs.1943 on gpay, will return by 02 Jul",Personal
DELIVERED! YOUR AMAZON ORDER OD7262915164 WAS DELIVERED ON 02 JUL. RATE YOUR EXPERIENCE: BIT.LY/IQUAZQ,Delivery
Your OTP is 850641 Use it to verify your PNB account Expires in 10 min,OTP
  Your order OD1301142172 from Meesho is arriving tomorrow. Keep Rs.981 ready for COD.,Delivery
EMI of Rs.71023 due on 17-02-26 for loan A/c XX1901. Pay now to avoid charges. -HDFC Bank,Bank
LOW BALANCE ALERT: A/C XX9371 BALANCE IS RS.115434. MAINTAIN MIN BALANCE TO AVOID CHARGES.,Bank
Your Uber code: 5122,OTP
Rs.770 credited to A/c XX2181 on 16-04-26. Avl Bal: Rs.406425. -BOB,Bank
244250  - use this to sign in. Never share this code with anyone.,OTP
  Swiggy: Your cart misses you! Complete purchase now & get 60% off. bit.ly/FRZTsg,Promo
Order OD2519904176 packed and ready! Expected dispatch by 03 Jul. -BigBasket,Delivery
Rs.56903  credited to A/c XX5295 on 27-02-26. Avl Bal: Rs.131593. -HDFC Bank,Bank
OTP for delivery of order OD4690652655 is 2497. Share only with the delivery agent. -BlueDart,Delivery
  Kotak: 262519 is your login OTP. It expires in 15 minutes.,OTP
"Class shifted to room 6801, come fast T&C apply",Personal
Cheque no. 277787347987 for Rs.65352 has been cleared from A/c XX7419. -PNB -TM,Bank
Last day! Amazon clearance sale ends tonight. Up to 10% off sitewide.,Promo
confirmation code 410522 for phonepe. keep it private.,OTP
  Your A/c XX9578 is debited with Rs.35782 on 05-04-26. Info: UPI-Ikshita. Bal: Rs.131828,Bank
tap to verify: 851885. this code expires shortly.,OTP
578146  - use this to sign in. Never share this code with anyone.,OTP
MEGA SALE! Get 10% OFF on all products at Meesho. Shop now: bit.ly/NkRoeT T&C apply.,Promo
your return pickup for order od6046050770 is scheduled on 04 jul. keep the item ready. -zomato,Delivery
<#> 700264 is your Ola code. Valid 5 min. hA8sk2Lqp3,OTP
Enter 440221 to verify your mobile number for Ola.,OTP
Work from home! Earn Rs.2167624/month. Join: bit.ly/XnQzmz,Spam
  EMI of Rs.76976 due on 12-03-26 for loan A/c XX5120. Pay now to avoid charges. -Axis Bank,Bank
OTP-based login was enabled for ur A/c XX7750. Call PNB if this wasn't you.,Bank
Delivered! Your Flipkart order OD1197188908 was delivered on 01 Jul. Rate your experience: bit.ly/ngvkeD,Delivery
"Hi Yahvi, unlock Rs.319 off your first order at Myntra with code NEW63.",Promo
"hi anvi, unlock rs.1275 off your first order at meesho with code new52.",Promo
Your  Zomato order OD8920385882 has been shipped via BlueDart. Track: bit.ly/qCbIuN,Delivery
535557 is ur ICICI Bank security code. Anyone asking for it is a scammer.,OTP
ALERT: Rs.95277 withdrawn from ATM using card XX4187 on 21-01-26. Bal: Rs.291976. -Axis Bank,Bank
Indrajit from Delhivery is arriving with your package. Contact: 08747750126,Delivery
Delivered! Your Zomato order OD2533731194 was delivered on 02 Jul. Rate your experience: bit.ly/gRlNvn,Delivery
INR 14134 credited to A/c XX5336 on 30-06-26. Avl Bal: INR 461560. -Axis Bank,Bank
interest of rs.70645 credited to your fd a/c xx2863. -axis bank,Bank
OTP for delivery of order OD7066607730 is 3721 Share only with the delivery agent -DTDC,Delivery
XpressBees: Shipment OD1026760397 reached your city hub. Expected delivery: 04 Jul.,Delivery
Tap to verify: 733346. This code expires shortly.,OTP
ALERT: Rs.41394 withdrawn from ATM using card XX4759 on 23-01-26. Bal: Rs.146400. -SBI,Bank
DEAR CUSTOMER UR ICICI BANK ACCOUNT WILL BE BLOCKED! UPDATE KYC NOW: BIT.LY/DNGZOV,Spam
YOUR ORDER OD7119669030 FROM BIGBASKET IS ARRIVING TOMORROW. KEEP RS.2593 READY FOR COD.,Delivery
Ur Meesho membership expires soon. Renew now & save 60%: bit.ly/MHNDrp,Promo
Your  one time password is 249287 for Uber. Please do not share it.,OTP
Delivery attempt failed for order OD1368468276. We will retry tomorrow. -Ekart,Delivery
UPI payment of Rs.79683 to Mohammed successful. UPI Ref: 448982939724. -BOB -TM,Bank
74047 - use this code to sign in to Paytm. Never share it with anyone.,OTP
Your credit card XX2796 statement is ready Total due: Rs.48608 Min due: Rs.1493 -ICICI Bank,Bank
Cheque no. 599022006684 for Rs.9967 has been cleared from A/c XX6227. -BOB,Bank
  Rs.91801 debited from A/c XX8518 on 31-03-26 to Chaitaly. Avl Bal: Rs.243376. -SBI,Bank
"Bro send me Rs.2305 on gpay, will return by 01 Jul",Personal
Use 613762 to complete your IRCTC registration. Valid till 10 mins.,OTP
Use 166179 to complete your Axis Bank registration. Valid till 15 mins.,OTP
Your Flipkart membership expires soon. Renew now & save 30%: bit.ly/ZlfUrN,Promo
Ur credit card XX4324 statement is ready. Total due: Rs.61624. Min due: Rs.3508. -BOB,Bank
Your BigBasket order OD2137482988 has been shipped via DTDC. Track: bit.ly/PpppZi STOP to opt out,Delivery
Last day! Zomato clearance sale ends tonight. Up to 80% off sitewide.,Promo
  Out for delivery: Your BigBasket package OD5393861385 will arrive today by 6 PM. -BlueDart,Delivery
  HDFC Bank: 332293 is your login OTP. It expires in 5 minutes.,OTP
UPI PAYMENT OF RS.78564 TO LEELA SUCCESSFUL. UPI REF: 732799659675. -KOTAK,Bank
Salary of INR 31451 credited to A/c XX3351. Avl Bal: INR 161550. -ICICI Bank,Bank
Your Myntra order OD3675588182 has been shipped via DTDC. Track: bit.ly/vZxTmg,Delivery
G-999465 is your Google verification code.,OTP
OTP for delivery of order OD3896398230 is 3189. Share only with the delivery agent. -XpressBees,Delivery
Ur OTP is 428570. Use it to verify ur BOB account. Expires in 2 min.,OTP
Interest of Rs.4234 credited to your FD A/c XX9752. -BOB,Bank
Out for delivery: Ur Meesho package OD9491246544 will arrive today by 3 PM. -BlueDart,Delivery
Last day! BigBasket clearance sale ends tonight. Up to 60% off sitewide.,Promo
Use 224679 to complete your Kotak registration. Valid till 2 mins.,OTP
Ekart: Shipment OD8442684708 reached your city hub. Expected delivery: 01 Jul.,Delivery
OTP:  846958 for txn of Rs.168 at BOB. Do not share. -SBI,OTP
Exclusive for you! Buy 1 Get 1 FREE at Zomato. Limited period offer. Visit bit.ly/GCrFlF,Promo
ENTER 705072 TO VERIFY YOUR MOBILE NUMBER FOR MEESHO.,OTP
Your BigBasket order OD9389890197 has been shipped via Ekart Track: bitly/zyLYEB,Delivery
ALERT: INR 85216 withdrawn from ATM using card XX3840 on 31-03-26. Bal: INR 401324. -BOB,Bank
  845160 - use this to sign in. Never share this code with anyone.,OTP
Ur BigBasket order OD3380020158 has been shipped via Ekart. Track: bit.ly/ABZOQU,Delivery
Enter 60065 to verify your mobile number for SBI.,OTP
otp: 233043 for txn of rs.8021 at gpay. do not share. -pnb,OTP
  Cheque no. 680814608554 for Rs.4358 has been cleared from A/c XX9516. -HDFC Bank,Bank
Last day! Amazon clearance sale ends tonight. Up to 40% off sitewide.,Promo
Low balance alert: A/c XX1024 balance is Rs.126087. Maintain min balance to avoid charges.,Bank
Congratulations! You won Rs.771034 in lucky draw. Claim: bit.ly/sGUZot,Spam
627442 is your Uber security code. Anyone asking for it is a scammer.,OTP
Use code 9427 at checkout for 25% off at Swiggy!,Promo
EMI of Rs.60661 due on 20-03-26 for loan A/c XX7635. Pay now to avoid charges. -HDFC Bank,Bank
965334 - use this to sign in. Never share this code with anyone.,OTP
Interest of Rs.91942 credited to your FD A/c XX2826. -Axis Bank,Bank
Order OD4940697434 packed and ready! Expected dispatch by 01 Jul. -Meesho T&C apply,Delivery
Order OD9947002992 packed and ready! Expected dispatch by 04 Jul. -Amazon,Delivery
"hey, my new number is 06364925606. save it! meet at noon?",Personal
Exclusive for you! Buy 1 Get 1 FREE at BigBasket. Limited period offer. Visit bit.ly/nncvLn,Promo
Your credit card XX1773 statement is ready. Total due: Rs.64155. Min due: Rs.2465. -ICICI Bank,Bank
Low balance alert: A/c XX8347 balance is Rs.196374. Maintain min balance to avoid charges.,Bank
495130 - use this code to sign in to Meesho. Never share it with anyone.,OTP
  802300 - use this code to sign in to PhonePe. Never share it with anyone.,OTP
Pay INR 3091 on delivery for order OD406333219. -DTDC,Delivery
INR 14487 debited from A/c XX3699 on 04-04-26 to Liam. Avl Bal: INR 384826. -Kotak,Bank
Your Myntra membership expires soon. Renew now & save 80%: bit.ly/NtdrxG,Promo
  Work from home! Earn Rs.478835/month. Join: bit.ly/UsLwJN,Spam
Congratulations! U won Rs.1245290 in lucky draw. Claim: bit.ly/CTxlOv,Spam
uber: 466053 is your login otp. it expires in 5 minutes.,OTP
Confirmation code 534512 for Swiggy. Keep it private.,OTP
Out for delivery: Your Myntra package OD1389101211 will arrive today by 12 PM. -DTDC,Delivery
Salary  of Rs.20336 credited to A/c XX1706. Avl Bal: Rs.392466. -Kotak,Bank
OTP-based login was enabled for your A/c XX8975. Call SBI if this wasn't you.,Bank
Congratulations! You won Rs.1651225 in lucky draw. Claim: bit.ly/XFUieA,Spam
your irctc code: 175064,OTP
OTP: 206112 for txn of Rs.47278 at BigBasket. Do not share. -Kotak,OTP
Cheque no 638223089961 for Rs.24610 has been cleared from A/c XX3962 -BOB,Bank
UPI payment of INR 72669 to Ekiya successful. UPI Ref: 670890596837. -Axis Bank,Bank
  Zomato: Your cart misses you! Complete purchase now & get 80% off. bit.ly/ddDliJ,Promo
YOUR ORDER OD8854356568 FROM MYNTRA IS ARRIVING TOMORROW. KEEP RS.4604 READY FOR COD.,Delivery
YOUR A/C XX6090 IS DEBITED WITH RS.97222 ON 27-01-26. INFO: UPI-PAVANI. BAL: RS.42507,Bank
  EMI of Rs.63801 due on 17-01-26 for loan A/c XX9183. Pay now to avoid charges. -Kotak,Bank
  Last day! Meesho clearance sale ends tonight. Up to 30% off sitewide.,Promo
  Your Flipkart order OD8285900965 has been shipped via BlueDart. Track: bit.ly/qqADDP,Delivery
Tap to verify: 555083. This code expires shortly.,OTP
Your A/c XX8044 is debited with Rs.4455 on 21-02-26 Info: UPI-Pooja Bal: Rs.290564,Bank
Flat Rs.1114 cashback on ur next order at Myntra. Use code SAVE17. Valid till 01 Jul.,Promo
MEGA SALE! Get 80% OFF on all products at Myntra. Shop now: bit.ly/KLwFjz T&C apply.,Promo
Congratulations! You won Rs.1052301 in lucky draw. Claim: bit.ly/AMzPAz,Spam
"Class shifted to room 2603, come fast",Personal
work from home! earn rs.1549210/month. join: bit.ly/vwbqks,Spam
Out for delivery: Ur Swiggy package OD7685096187 will arrive today by 3 PM. -DTDC,Delivery
  OTP: 405514 for txn of Rs.42701 at PhonePe. Do not share. -ICICI Bank,OTP
WEEKEND SPECIAL AT MEESHO! MIN 50% OFF ON EVERYTHING. DON'T MISS OUT: BIT.LY/TBQFJT,Promo
155802 is your verification code for Meesho. Never share your OTP.,OTP
YOUR A/C XX8873 IS DEBITED WITH RS.15724 ON 15-01-26. INFO: UPI-CHAKRADHAR. BAL: RS.295811,Bank
Interest of INR 77155 credited to your FD A/c XX3134. -HDFC Bank,Bank
Enter  212649 to verify your mobile number for BOB.,OTP
Your  Uber code: 5455,OTP
Interest of Rs.50106 credited to your FD A/c XX5344. -SBI,Bank
Recharge with Rs.705 & get 50% extra talktime. Offer valid today only!,Promo
"Bro  send me Rs.3372 on gpay, will return by 03 Jul",Personal
  Confirmation code 358592 for Netflix. Keep it private.,OTP
719310 - use this code to sign in to Hotstar Never share it with anyone,OTP
Exclusive  for you! Buy 1 Get 1 FREE at Amazon. Limited period offer. Visit bit.ly/fIjHCC,Promo
USE 988251 TO COMPLETE YOUR OLA REGISTRATION. VALID TILL 2 MINS.,OTP
"Hey, my new number is +919432851018. Save it! Meet at noon?",Personal
ALERT: INR 41662 withdrawn from ATM using card XX1605 on 08-06-26. Bal: INR 240058. -HDFC Bank,Bank
EMI of INR 48528 due on 23-05-26 for loan A/c XX9187. Pay now to avoid charges. -Kotak,Bank
  Hotstar: 559350 is your login OTP. It expires in 15 minutes.,OTP
  Use 595705 to complete your Amazon registration. Valid till 2 mins.,OTP
Enter 367982 to verify your mobile number for Netflix,OTP
Order OD2170556084 packed and ready! Expected dispatch by 04 Jul. -BigBasket,Delivery
  Salary of Rs.80766 credited to A/c XX8374. Avl Bal: Rs.291114. -BOB,Bank
Your order OD3975209367 from Meesho is arriving tomorrow. Keep Rs.1996 ready for COD.,Delivery
confirmation code 677829 for axis bank. keep it private.,OTP
  Your Zomato membership expires soon. Renew now & save 50%: bit.ly/ZzneEh,Promo
Confirmation code 759129 for ICICI Bank. Keep it private.,OTP
652181 - use this code to sign in to Paytm Never share it with anyone,OTP
Coupon 9015 gives you free delivery on orders above Rs.3931. -Meesho,Promo
Delivered! Your Meesho order OD7773243199 was delivered on 01 Jul. Rate your experience: bit.ly/meGWZU,Delivery
Tap  to verify: 322356. This code expires shortly.,OTP
Low  balance alert: A/c XX2007 balance is Rs.460910. Maintain min balance to avoid charges.,Bank
Ekavir from BlueDart is arriving with your package. Contact: 6865502360,Delivery
OTP for delivery of order OD8070789001 is 1883. Share only with the delivery agent. -XpressBees,Delivery
INR 8031 credited to A/c XX7465 on 25-03-26. Avl Bal: INR 180227. -Axis Bank,Bank
G-535519 IS YOUR GOOGLE VERIFICATION CODE.,OTP
Rs.94898 debited from A/c XX1142 on 25-01-26 to Gautam. Avl Bal: Rs.39828. -HDFC Bank,Bank
Your one time password is 323790 for PNB. Please do not share it.,OTP
Praneel from BlueDart is arriving with your package. Contact: +912310310812,Delivery
ALERT: Rs.91394 withdrawn from ATM using card XX8073 on 17-01-26. Bal: Rs.237145. -Axis Bank,Bank
<#>  733038 is your GPay code. Valid 15 min. hA8sk2Lqp3,OTP
"HI VANSHA, UNLOCK RS.636 OFF YOUR FIRST ORDER AT AMAZON WITH CODE NEW51.",Promo
  UPI payment of Rs.42557 to Bhavini successful. UPI Ref: 455092646562. -Kotak,Bank
INR 25790 credited to A/c XX2282 on 06-04-26. Avl Bal: INR 495551. -Kotak,Bank
134884 is your verification code for PNB. Never share your OTP.,OTP
your credit card xx1066 statement is ready. total due: rs.59589. min due: rs.1451. -axis bank,Bank
EMI of Rs.60918 due on 11-02-26 for loan A/c XX9959. Pay now to avoid charges. -Kotak,Bank
Out for delivery: Your Meesho package OD2197451717 will arrive today by 9 PM. -BlueDart,Delivery
UPI payment of Rs.9300 to Bhavani successful. UPI Ref: 364039007204. -ICICI Bank,Bank
  G-532380 is your Google verification code.,OTP
383897 is your Axis Bank security code. Anyone asking for it is a scammer. T&C apply,OTP
Coupon 3755 gives you free delivery on orders above Rs.3135 -Meesho,Promo
Delivery attempt failed for order OD8204295675. We will retry tomorrow. -DTDC,Delivery
Cheque no. 179125374771 for Rs.53542 has been cleared from A/c XX9207. -PNB,Bank
"Class shifted to room 1213, come fast",Personal
Rs.82382 debited from A/c XX8229 on 11-01-26 to Chandresh. Avl Bal: Rs.72763. -PNB,Bank
593121 is your verification code for Paytm. Never share your OTP.,OTP
rs.20419 debited from a/c xx8212 on 13-03-26 to chaman. avl bal: rs.259575. -bob,Bank
Recharge with Rs.406 & get 50% extra talktime. Offer valid today only!,Promo
UPI payment of Rs.94117 to Zaitra successful UPI Ref: 451661666183 -BOB,Bank
MEGA SALE! Get 40% OFF on all products at Meesho. Shop now: bit.ly/kfRjpo T&C apply.,Promo
Out for delivery: Your Zomato package OD7416973005 will arrive today by 12 PM -Ekart,Delivery
Use 207895 to complete your GPay registration. Valid till 2 mins.,OTP
Use  900185 to complete your PNB registration. Valid till 30 mins.,OTP
Salary of Rs.78876 credited to A/c XX1537. Avl Bal: Rs.134910. -SBI -TM,Bank
Your one time password is 306285 for Hotstar. Please do not share it.,OTP
delivery attempt failed for order od9888008837. we will retry tomorrow. -dtdc,Delivery
"hi hardik, unlock rs.1395 off your first order at amazon with code new99.",Promo
INR 82564 debited from A/c XX5071 on 22-05-26 to Arin. Avl Bal: INR 247664. -HDFC Bank,Bank
OUT FOR DELIVERY: YOUR MEESHO PACKAGE OD4989409719 WILL ARRIVE TODAY BY 9 PM. -DELHIVERY,Delivery
191423 is your OTP for GPay login. Valid for 5 minutes. Do not share with anyone.,OTP
124623 - use this code to sign in to BOB. Never share it with anyone.,OTP
  Delivered! Your Zomato order OD9579947325 was delivered on 03 Jul. Rate your experience: bit.ly/DbeVIF,Delivery
602224 is your otp for uber login. valid for 5 minutes. do not share with anyone.,OTP
Rs.69840 credited to A/c XX7375 on 08-02-26. Avl Bal: Rs.165856. -ICICI Bank,Bank
CHEQUE NO. 898893473007 FOR RS.16107 HAS BEEN CLEARED FROM A/C XX7214. -AXIS BANK,Bank
delivery attempt failed for order od6745918471. we will retry tomorrow. -delhivery,Delivery
<#> 412953 is your Flipkart code. Valid 5 min. hA8sk2Lqp3,OTP
Flipkart: 597622 is your login OTP. It expires in 2 minutes.,OTP
Recharge with INR 878 & get 70% extra talktime. Offer valid today only!,Promo
Use  code 6067 at checkout for 10% off at Meesho!,Promo
Recharge with Rs.847 & get 20% extra talktime. Offer valid today only!,Promo
695242 - use this code to sign in to Kotak. Never share it with anyone.,OTP
Your Myntra membership expires soon. Renew now & save 30%: bit.ly/EAShSX,Promo
Flipkart: 845395 is your login OTP. It expires in 10 minutes.,OTP
Your Amazon order OD8535145802 has been shipped via Delhivery. Track: bit.ly/jkBskZ,Delivery
Coupon 1684 gives you free delivery on orders above Rs.1830. -BigBasket,Promo
Cheque no. 469713423234 for Rs.44095 has been cleared from A/c XX6034. -ICICI Bank,Bank
OTP: 866209 for txn of Rs.38954 at Ola. Do not share. -Axis Bank,OTP
RS.64807 CREDITED TO A/C XX4561 ON 28-02-26. AVL BAL: RS.336962. -BOB,Bank
interest of rs.7250 credited to your fd a/c xx1968. -bob,Bank
Your order OD6892763400 from Zomato is arriving tomorrow. Keep Rs.352 ready for COD.,Delivery
Your Amazon order OD2524449871 has been shipped via BlueDart. Track: bit.ly/vSYKTZ -TM,Delivery
Rs.94509 debited from A/c XX7798 on 28-01-26 to Ekani. Avl Bal: Rs.216426. -SBI,Bank
904503 - use this code to sign in to Uber. Never share it with anyone.,OTP
896991 - use this to sign in. Never share this code with anyone.,OTP
636277 - use this code to sign in to BigBasket. Never share it with anyone. -TM,OTP
Delivery attempt failed for order OD1898259397. We will retry tomorrow. -Delhivery,Delivery
your a/c xx9669 is debited with rs.44856 on 06-05-26. info: upi-laban. bal: rs.343055,Bank
Congratulations!  You won Rs.1282965 in lucky draw. Claim: bit.ly/ndyqNr,Spam
dtdc: shipment od5400942295 reached your city hub. expected delivery: 02 jul.,Delivery
OTP: 208963 for txn of Rs.10887 at Amazon. Do not share. -PNB,OTP
OTP for delivery of order OD8599980846 is 5289. Share only with the delivery agent. -BlueDart,Delivery
Use 604750 to complete your Zomato registration. Valid till 2 mins.,OTP
"Hey, my new number is 7058252513. Save it! Meet at 6pm?",Personal
g-378046 is your google verification code.,OTP
Low balance alert: A/c XX7973 balance is Rs.454354 Maintain min balance to avoid charges,Bank
UPI payment of Rs.75712 to Aadhya successful. UPI Ref: 370679053387. -PNB,Bank
Use 467511 to complete your Hotstar registration. Valid till 15 mins.,OTP
OTP: 194833 for txn of Rs.14145 at Axis Bank Do not share -ICICI Bank,OTP
Oeshi  from DTDC is arriving with your package. Contact: 06715766921,Delivery
812372 is your verification code for bob. never share your otp.,OTP
202732 - use this code to sign in to Paytm. Never share it with anyone.,OTP
Work from home! Earn Rs.698759/month. Join: bit.ly/XTEAyk,Spam
"bro send me rs.4055 on gpay, will return by 01 jul",Personal
Your BigBasket membership expires soon. Renew now & save 50%: bit.ly/lMyADU,Promo
Your return pickup for order OD3947734970 is scheduled on 04 Jul. Keep the item ready. -Meesho,Delivery
amazon: your cart misses you! complete purchase now & get 20% off. bit.ly/awikrl,Promo
Your Myntra membership expires soon. Renew now & save 80%: bit.ly/sGGmov,Promo
PNB: 961217 is your login OTP. It expires in 10 minutes.,OTP
Flipkart: Your cart misses you! Complete purchase now & get 80% off. bit.ly/fcHdEr STOP to opt out,Promo
Rs.74355  debited from A/c XX7461 on 08-03-26 to Manya. Avl Bal: Rs.470546. -ICICI Bank,Bank
EMI of INR 16485 due on 21-06-26 for loan A/c XX4816. Pay now to avoid charges. -Kotak,Bank
Dear customer ur HDFC Bank account will be blocked! Update KYC now: bit.ly/lHdOOw,Spam
318580 - use this code to sign in to BigBasket. Never share it with anyone.,OTP
<#> 28844 IS YOUR HDFC BANK CODE. VALID 5 MIN. HA8SK2LQP3,OTP
Your credit card XX8738 statement is ready. Total due: Rs.23277. Min due: Rs.897. -Kotak,Bank
Your A/c XX4573 is debited with Rs.62009 on 16-01-26. Info: UPI-Logan. Bal: Rs.90984,Bank
<#> 766734 is ur PNB code. Valid 2 min. hA8sk2Lqp3,OTP
  Weekend special at Flipkart! Min 30% off on everything. Don't miss out: bit.ly/eNTHyg,Promo
G-350573  is your Google verification code.,OTP
<#> 141774 is your Meesho code Valid 30 min hA8sk2Lqp3,OTP
Your return pickup for order OD6617534374 is scheduled on 01 Jul. Keep the item ready. -Amazon,Delivery
Exclusive for you! Buy 1 Get 1 FREE at Meesho. Limited period offer. Visit bit.ly/UqGFKi,Promo
OTP: 248338 for txn of Rs.29585 at PhonePe Do not share -SBI,OTP
Ur PhonePe code: 417579,OTP
EMI of Rs.89286 due on 16-01-26 for loan A/c XX2593 Pay now to avoid charges -Axis Bank,Bank
  OTP: 75170 for txn of Rs.29061 at Swiggy. Do not share. -ICICI Bank,OTP
668196 IS YOUR OTP FOR SBI LOGIN. VALID FOR 10 MINUTES. DO NOT SHARE WITH ANYONE.,OTP
Coupon 1905 gives you free delivery on orders above INR 2801. -BigBasket,Promo
"  Hi Bhavika, unlock Rs.1532 off your first order at Myntra with code NEW11.",Promo
"Bro send me Rs.4319 on gpay, will return by 02 Jul",Personal
Your credit card XX6662 statement is ready. Total due: Rs.16120. Min due: Rs.4228. -SBI,Bank
Salary of Rs.74878 credited to A/c XX1026. Avl Bal: Rs.406746. -HDFC Bank,Bank
518148 is your BigBasket security code. Anyone asking for it is a scammer.,OTP
Cheque no. 632136294473 for Rs.71826 has been cleared from A/c XX5396. -Kotak,Bank
SBI: 311693 is your login OTP. It expires in 2 minutes. STOP to opt out,OTP
Delivered! Your Amazon order OD5271816644 was delivered on 03 Jul Rate your experience: bitly/WSPMKf,Delivery
Enter 913741 to verify your mobile number for PhonePe.,OTP
Congratulations!  You won Rs.72164 in lucky draw. Claim: bit.ly/mkjPBP,Spam
373670 is your Swiggy security code. Anyone asking for it is a scammer.,OTP
Your Swiggy code: 466122,OTP
<#> 732860 is your Meesho code. Valid 30 min. hA8sk2Lqp3,OTP
OTP for delivery of order OD8620278961 is 1530. Share only with the delivery agent. -XpressBees,Delivery
OTP for delivery of order OD9458973575 is 5595. Share only with the delivery agent. -Ekart,Delivery
Out for delivery: Your Flipkart package OD6888689510 will arrive today by 3 PM. -BlueDart,Delivery
Your one time password is 551195 for GPay. Please do not share it.,OTP
Flat Rs.797 cashback on your next order at Zomato. Use code SAVE83. Valid till 02 Jul.,Promo
Flat Rs.520 cashback on your next order at Zomato. Use code SAVE28. Valid till 04 Jul.,Promo
  Last day! Zomato clearance sale ends tonight. Up to 40% off sitewide.,Promo
myntra: 800141 is your login otp. it expires in 15 minutes.,OTP
Your  A/c XX7272 is debited with Rs.58810 on 10-04-26. Info: UPI-Ubika. Bal: Rs.276084,Bank
"Bro  send me Rs.1406 on gpay, will return by 01 Jul",Personal
Cheque no. 708859505445 for Rs.37430 has been cleared from A/c XX6732. -Kotak,Bank
Work from home! Earn Rs.1088357/month. Join: bit.ly/iMLgUs T&C apply,Spam
Flat Rs.66 cashback on your next order at Amazon. Use code SAVE51. Valid till 02 Jul. STOP to opt out,Promo
low balance alert: a/c xx4159 balance is rs.179030. maintain min balance to avoid charges.,Bank
INR 57205 credited to A/c XX9779 on 27-02-26. Avl Bal: INR 136490. -SBI,Bank
Order OD8217138780 packed and ready! Expected dispatch by 03 Jul. -Flipkart,Delivery
EMI of Rs.80498 due on 15-02-26 for loan A/c XX6520. Pay now to avoid charges. -ICICI Bank,Bank
Your OTP is 30002. Use it to verify your ICICI Bank account. Expires in 2 min.,OTP
Delivery attempt failed for order OD7385779071. We will retry tomorrow. -XpressBees,Delivery
Low balance alert: A/c XX6657 balance is Rs.274817 Maintain min balance to avoid charges,Bank
  Your A/c XX7278 is debited with Rs.96629 on 21-03-26. Info: UPI-Pavani. Bal: Rs.233385,Bank
OTP for delivery of order OD7683422814 is 5181. Share only with the delivery agent. -Ekart,Delivery
Your A/c XX7734 is debited with Rs.87929 on 30-01-26. Info: UPI-Amrita. Bal: Rs.441343,Bank
Your order OD3707348475 from Meesho is arriving tomorrow Keep Rs.1625 ready for COD,Delivery
USE 318864 TO COMPLETE YOUR SBI REGISTRATION. VALID TILL 10 MINS.,OTP
MEGA SALE! Get 60% OFF on all products at BigBasket. Shop now: bit.ly/CcaCSR T&C apply.,Promo
UPI payment of Rs.75706 to Bhavna successful. UPI Ref: 154385584212. -HDFC Bank,Bank
  Out for delivery: Your BigBasket package OD7404184563 will arrive today by 12 PM. -XpressBees,Delivery
Last day! Meesho clearance sale ends tonight. Up to 10% off sitewide.,Promo
HDFC Bank: 505488 is your login OTP. It expires in 10 minutes. STOP to opt out,OTP
Your SIM will be deactivated in 24hrs. Verify Aadhaar: bit.ly/mXOXnE,Spam
YOUR FLIPKART MEMBERSHIP EXPIRES SOON. RENEW NOW & SAVE 10%: BIT.LY/MRHDXE,Promo
Flat Rs.783 cashback on your next order at Flipkart. Use code SAVE96. Valid till 02 Jul.,Promo
Use 729589 to complete ur Netflix registration. Valid till 30 mins.,OTP
Delivery  attempt failed for order OD5731121198. We will retry tomorrow. -DTDC,Delivery
Use  code 7459 at checkout for 25% off at Amazon!,Promo
Tap to verify: 959570. This code expires shortly.,OTP
otp for delivery of order od1058563263 is 5354. share only with the delivery agent. -dtdc,Delivery
Your  order OD5252149096 from Flipkart is arriving tomorrow. Keep Rs.345 ready for COD.,Delivery
Your SIM will be deactivated in 24hrs. Verify Aadhaar: bit.ly/xkAoGm STOP to opt out,Spam
Work from home! Earn Rs.1043335/month. Join: bit.ly/JrjyLD,Spam
Your  Meesho membership expires soon. Renew now & save 50%: bit.ly/DlhMqn,Promo
Use 586873 to complete ur GPay registration. Valid till 2 mins.,OTP
OTP  for delivery of order OD7124279729 is 6941. Share only with the delivery agent. -Ekart,Delivery
82449 is your uber security code. anyone asking for it is a scammer.,OTP
ALERT: RS.80702 WITHDRAWN FROM ATM USING CARD XX4337 ON 28-04-26. BAL: RS.218686. -KOTAK,Bank
Your SIM will be deactivated in 24hrs. Verify Aadhaar: bit.ly/UZCyAI -TM,Spam
Flipkart: Your cart misses you! Complete purchase now & get 80% off bitly/ZYrISv,Promo
Flat Rs.60 cashback on ur next order at Myntra. Use code SAVE17. Valid till 04 Jul.,Promo
Interest of INR 92915 credited to your FD A/c XX6200. -BOB,Bank
Ur return pickup for order OD1610289296 is scheduled on 03 Jul. Keep the item ready. -Meesho,Delivery
671327 is your verification code for Paytm. Never share your OTP.,OTP
Weekend special at BigBasket! Min 30% off on everything. Don't miss out: bit.ly/CUOMSC,Promo
ALERT: Rs.77917 withdrawn from ATM using card XX6607 on 27-04-26. Bal: Rs.69113. -BOB,Bank
708052 - use this code to sign in to BOB. Never share it with anyone.,OTP
  Rs.73400 credited to A/c XX5615 on 12-02-26. Avl Bal: Rs.46528. -BOB,Bank
OTP for delivery of order OD6086622827 is 7887. Share only with the delivery agent. -XpressBees,Delivery
Confirmation  code 228959 for ICICI Bank. Keep it private.,OTP
68895  is your verification code for Hotstar. Never share your OTP.,OTP
Your OTP is 985834. Use it to verify your Myntra account. Expires in 15 min. -TM,OTP
"Hi Sachi, unlock Rs.1545 off your first order at Zomato with code NEW46",Promo
Weekend special at Amazon! Min 40% off on everything. Don't miss out: bit.ly/hPKTcy,Promo
DTDC: Shipment OD6137378148 reached your city hub. Expected delivery: 03 Jul.,Delivery
  Dear customer ur PNB account will be blocked! Update KYC now: bit.ly/jzxzRL,Spam
emi of rs.43048 due on 23-02-26 for loan a/c xx6739. pay now to avoid charges. -axis bank,Bank
XpressBees: Shipment OD5730332197 reached your city hub. Expected delivery: 03 Jul.,Delivery
Your order OD2392861177 from BigBasket is arriving tomorrow. Keep Rs.4735 ready for COD.,Delivery
  Pay Rs.2392 on delivery for order OD972022934. -BlueDart,Delivery
Delivery attempt failed for order OD7140527619. We will retry tomorrow. -XpressBees STOP to opt out,Delivery
Cheque no. 508362010158 for Rs.74709 has been cleared from A/c XX2942. -Axis Bank,Bank
last day! myntra clearance sale ends tonight. up to 20% off sitewide.,Promo
Pay Rs.2991 on delivery for order OD603764245. -BlueDart,Delivery
OTP-based login was enabled for ur A/c XX4889. Call ICICI Bank if this wasn't you.,Bank
Your  return pickup for order OD7203682763 is scheduled on 03 Jul. Keep the item ready. -BigBasket,Delivery
MEGA SALE! Get 30% OFF on all products at Zomato. Shop now: bit.ly/knxqSm T&C apply.,Promo
83582 - use this code to sign in to ICICI Bank. Never share it with anyone.,OTP
MEGA SALE! Get 60% OFF on all products at BigBasket. Shop now: bit.ly/mENypK T&C apply.,Promo
INR 37189 debited from A/c XX3544 on 16-06-26 to Yoshita. Avl Bal: INR 130900. -ICICI Bank,Bank
Your Zomato membership expires soon. Renew now & save 30%: bit.ly/QsqspD,Promo
Salary of Rs.77384 credited to A/c XX3698 Avl Bal: Rs.9169 -HDFC Bank,Bank
Flat INR 56 cashback on your next order at BigBasket. Use code SAVE69. Valid till 03 Jul.,Promo
Interest of Rs.10488 credited to ur FD A/c XX4217. -HDFC Bank,Bank
Low balance alert: A/c XX8457 balance is Rs.435082. Maintain min balance to avoid charges.,Bank
Your credit card XX2585 statement is ready. Total due: INR 55518. Min due: INR 751. -ICICI Bank,Bank
"class shifted to room 8322, come fast",Personal
Rs.33743 credited to A/c XX1968 on 11-04-26. Avl Bal: Rs.312015. -SBI,Bank
YOUR CREDIT CARD XX7672 STATEMENT IS READY. TOTAL DUE: RS.47455. MIN DUE: RS.3503. -AXIS BANK,Bank
  G-298210 is your Google verification code.,OTP
Interest of Rs.87704 credited to your FD A/c XX1423 -BOB,Bank
Confirmation  code 170759 for Hotstar. Keep it private.,OTP
Last day! Swiggy clearance sale ends tonight. Up to 20% off sitewide.,Promo
  Out for delivery: Your Swiggy package OD8027290956 will arrive today by 6 PM. -Delhivery,Delivery
526162 is your verification code for zomato. never share your otp.,OTP
DTDC: Shipment OD1944615147 reached your city hub. Expected delivery: 04 Jul.,Delivery
DELIVERED! YOUR FLIPKART ORDER OD3493211211 WAS DELIVERED ON 01 JUL. RATE YOUR EXPERIENCE: BIT.LY/GXTKZC,Delivery
Low  balance alert: A/c XX4446 balance is Rs.450995. Maintain min balance to avoid charges.,Bank
  Exclusive for you! Buy 1 Get 1 FREE at Zomato. Limited period offer. Visit bit.ly/MWDNMb,Promo
otp: 517288 for txn of rs.21190 at amazon. do not share. -icici bank,OTP
RS.86447 CREDITED TO A/C XX6915 ON 05-05-26. AVL BAL: RS.108335. -SBI,Bank
Low  balance alert: A/c XX4545 balance is Rs.22827. Maintain min balance to avoid charges.,Bank
Delivery attempt failed for order OD6790648912. We will retry tomorrow. -Delhivery -TM,Delivery
zomato: your cart misses you! complete purchase now & get 80% off. bit.ly/gnkngg,Promo
Delivered!  Your BigBasket order OD7875731975 was delivered on 02 Jul. Rate your experience: bit.ly/gJDVdJ,Delivery
Delivered! Your Swiggy order OD3697586148 was delivered on 03 Jul. Rate your experience: bit.ly/AeXTeY,Delivery
Myntra: Your cart misses you! Complete purchase now & get 40% off. bit.ly/SpQkRj,Promo
LAST DAY! MEESHO CLEARANCE SALE ENDS TONIGHT. UP TO 60% OFF SITEWIDE.,Promo
Kotak: 687531 is your login OTP. It expires in 30 minutes.,OTP
Delivery attempt failed for order OD9358631108. We will retry tomorrow. -BlueDart,Delivery
Recharge with INR 193 & get 10% extra talktime. Offer valid today only!,Promo
Congratulations! You won INR 2368426 in lucky draw. Claim: bit.ly/DBqhgq,Spam
Exclusive for you! Buy 1 Get 1 FREE at BigBasket. Limited period offer. Visit bit.ly/stYren,Promo
OTP: 453142 for txn of INR 39912 at Paytm. Do not share. -Axis Bank,OTP
"HI GAURANGI, UNLOCK RS.1412 OFF YOUR FIRST ORDER AT FLIPKART WITH CODE NEW16.",Promo
Delivery attempt failed for order OD1632249137. We will retry tomorrow. -XpressBees,Delivery
ENTER 299762 TO VERIFY YOUR MOBILE NUMBER FOR BIGBASKET.,OTP
OTP-based login was enabled for your A/c XX3473. Call Axis Bank if this wasn't you.,Bank
your a/c xx9811 is debited with rs.57896 on 10-05-26. info: upi-anmol. bal: rs.122577,Bank
UPI payment of Rs.97196 to Aayush successful. UPI Ref: 565553236785. -BOB T&C apply,Bank
  Your one time password is 703012 for HDFC Bank. Please do not share it.,OTP
Flat  Rs.1685 cashback on your next order at Meesho. Use code SAVE87. Valid till 02 Jul.,Promo
848084 is your BOB security code. Anyone asking for it is a scammer.,OTP
340312 is your OTP for Paytm login. Valid for 5 minutes. Do not share with anyone.,OTP
upi payment of rs.98242 to manya successful. upi ref: 354726792450. -axis bank,Bank
RS.2779 DEBITED FROM A/C XX8696 ON 09-04-26 TO BRINDA. AVL BAL: RS.318564. -KOTAK,Bank
  OTP: 931811 for txn of Rs.11513 at GPay. Do not share. -BOB,OTP
ALERT: Rs.49549 withdrawn from ATM using card XX2556 on 13-04-26. Bal: Rs.439748. -Axis Bank,Bank
Cheque no. 631702894275 for Rs.20736 has been cleared from A/c XX4374. -SBI STOP to opt out,Bank
otp-based login was enabled for your a/c xx2125. call axis bank if this wasn't you.,Bank
  Delivery attempt failed for order OD4886134258. We will retry tomorrow. -XpressBees,Delivery
PAY RS.2785 ON DELIVERY FOR ORDER OD577149495. -EKART,Delivery
Raagini from BlueDart is arriving with ur package. Contact: 04771742788,Delivery
Your order OD7091337299 from Amazon is arriving tomorrow Keep Rs.3092 ready for COD,Delivery
otp: 760621 for txn of rs.25192 at hotstar. do not share. -bob,OTP
770328 - USE THIS TO SIGN IN. NEVER SHARE THIS CODE WITH ANYONE.,OTP
OTP for delivery of order OD6730643698 is 9169. Share only with the delivery agent. -BlueDart,Delivery
Delivered! Your Meesho order OD3901904542 was delivered on 04 Jul. Rate your experience: bit.ly/CJxybb,Delivery
Your order OD9474038287 from Swiggy is arriving tomorrow. Keep Rs.4068 ready for COD.,Delivery
Delivered! Your Zomato order OD9969249822 was delivered on 02 Jul. Rate your experience: bit.ly/SsKLQj,Delivery
Your credit card XX3015 statement is ready Total due: Rs.57081 Min due: Rs.3269 -BOB,Bank
ALERT: Rs.78764 withdrawn from ATM using card XX4186 on 02-02-26. Bal: Rs.324211. -HDFC Bank,Bank
  Your A/c XX4257 is debited with Rs.99944 on 12-05-26. Info: UPI-Jeevika. Bal: Rs.440061,Bank
  Recharge with Rs.435 & get 30% extra talktime. Offer valid today only!,Promo
Delivered! Your Meesho order OD4581073122 was delivered on 02 Jul. Rate your experience: bit.ly/hyXhjY,Delivery
Ur BigBasket membership expires soon. Renew now & save 80%: bit.ly/KREcBm,Promo
Your order OD3471579947 from Flipkart is arriving tomorrow. Keep INR 1591 ready for COD.,Delivery
Ekart: Shipment OD6610942473 reached your city hub. Expected delivery: 03 Jul. STOP to opt out,Delivery
Meesho: Your cart misses you! Complete purchase now & get 30% off. bit.ly/nshLRI,Promo
OTP-based  login was enabled for your A/c XX7432. Call PNB if this wasn't you.,Bank
Ur return pickup for order OD9992918767 is scheduled on 04 Jul. Keep the item ready. -Zomato,Delivery
OTP  for delivery of order OD1953809037 is 8991. Share only with the delivery agent. -Ekart,Delivery
Your A/c XX7534 is debited with Rs.1668 on 14-03-26. Info: UPI-Ria. Bal: Rs.258790,Bank
Coupon 9016 gives you free delivery on orders above Rs.1060 -BigBasket,Promo
Salary of Rs.97789 credited to A/c XX4612. Avl Bal: Rs.412742. -ICICI Bank,Bank
Interest of Rs.55255 credited to your FD A/c XX2488. -Kotak,Bank
276687 - use this to sign in. Never share this code with anyone.,OTP
851417 is your OTP for PNB login. Valid for 5 minutes. Do not share with anyone.,OTP
64242 - use this code to sign in to Meesho. Never share it with anyone.,OTP
Rs.31782 credited to A/c XX7712 on 02-03-26. Avl Bal: Rs.172969. -PNB -TM,Bank
EMI of Rs.25989 due on 08-01-26 for loan A/c XX1361. Pay now to avoid charges. -BOB T&C apply,Bank
Last day! Flipkart clearance sale ends tonight. Up to 20% off sitewide.,Promo
<#> 9036 is your Myntra code. Valid 2 min. hA8sk2Lqp3,OTP
"bro send me rs.3394 on gpay, will return by 04 jul",Personal
Use code 8700 at checkout for 50% off at Meesho!,Promo
Your  order OD2847745010 from BigBasket is arriving tomorrow. Keep Rs.4040 ready for COD.,Delivery
  Your credit card XX5165 statement is ready. Total due: Rs.3726. Min due: Rs.813. -Kotak,Bank
krisha from ekart is arriving with your package. contact: +915323607768,Delivery
UPI payment of Rs.48766 to Rudra successful. UPI Ref: 403832082257. -Axis Bank,Bank
184139 is your verification code for Netflix. Never share your OTP.,OTP
Cheque no. 840732021194 for Rs.32519 has been cleared from A/c XX6025. -PNB STOP to opt out,Bank
  Salary of Rs.57139 credited to A/c XX5319. Avl Bal: Rs.105014. -Kotak,Bank
Rs.20135 debited from A/c XX8282 on 09-01-26 to Karan. Avl Bal: Rs.42256. -ICICI Bank,Bank
113752 - use this code to sign in to Myntra. Never share it with anyone.,OTP
871120 is your OTP for Zomato login. Valid for 5 minutes. Do not share with anyone.,OTP
OTP for delivery of order OD2234065280 is 7419. Share only with the delivery agent. -BlueDart,Delivery
YOUR PAYTM CODE: 615722,OTP
  Use 828002 to complete your Netflix registration. Valid till 15 mins.,OTP
Congratulations! You won Rs.1527798 in lucky draw. Claim: bit.ly/LkDJUO STOP to opt out,Spam
CHEQUE NO. 615797788705 FOR RS.51705 HAS BEEN CLEARED FROM A/C XX6412. -ICICI BANK,Bank
  Delivery attempt failed for order OD1576320028. We will retry tomorrow. -XpressBees,Delivery
Delivered! Your Meesho order OD3273525856 was delivered on 04 Jul. Rate your experience: bit.ly/zObLwN,Delivery
Your credit card XX9591 statement is ready Total due: Rs.60922 Min due: Rs.4194 -ICICI Bank,Bank
26194 is your OTP for HDFC Bank login. Valid for 30 minutes. Do not share with anyone.,OTP
291019 is your Zomato security code Anyone asking for it is a scammer,OTP
use 873499 to complete your axis bank registration. valid till 2 mins.,OTP
Your return pickup for order OD2258349269 is scheduled on 02 Jul. Keep the item ready. -Amazon,Delivery
WORK FROM HOME! EARN RS.2337567/MONTH. JOIN: BIT.LY/NJMUPH,Spam
Interest of Rs.61596 credited to your FD A/c XX2019. -Kotak,Bank
  517948 is your OTP for Meesho login. Valid for 15 minutes. Do not share with anyone.,OTP
"Hi  Janya, unlock Rs.783 off your first order at Swiggy with code NEW80.",Promo
Delivery attempt failed for order OD7049659437. We will retry tomorrow. -BlueDart,Delivery
Advay from BlueDart is arriving with your package Contact: +919323253495,Delivery
Rs.17691 debited from A/c XX1024 on 28-04-26 to Maya Avl Bal: Rs.460458 -ICICI Bank,Bank
Confirmation code 297184 for HDFC Bank. Keep it private.,OTP
"BRO SEND ME RS.851 ON GPAY, WILL RETURN BY 03 JUL",Personal
Dear customer ur BOB account will be blocked! Update KYC now: bit.ly/aXHUsm,Spam
277124 is your OTP for IRCTC login. Valid for 2 minutes. Do not share with anyone.,OTP
399785 is your hdfc bank security code. anyone asking for it is a scammer.,OTP
Flipkart Big Billion Days! Up to 80% off + extra 10% with Kotak cards. Hurry!,Promo
Pay INR 3439 on delivery for order OD580830162. -Ekart,Delivery
Weekend special at Myntra! Min 20% off on everything. Don't miss out: bit.ly/rqeOzK,Promo
Interest of Rs.81710 credited to ur FD A/c XX5359. -HDFC Bank,Bank
OTP: 961429 for txn of INR 26077 at Swiggy. Do not share. -BOB,OTP
OTP: 497742 FOR TXN OF RS.21158 AT OLA. DO NOT SHARE. -PNB,OTP
Use 6575 to complete ur Uber registration. Valid till 15 mins.,OTP
"Hi Sathvik, unlock Rs.1526 off your first order at Myntra with code NEW55.",Promo
G-626038 is ur Google verification code.,OTP
867660 is your BigBasket security code. Anyone asking for it is a scammer.,OTP
Congratulations! You won Rs.1844583 in lucky draw. Claim: bit.ly/YEcMBX,Spam
Interest of Rs.16188 credited to your FD A/c XX6189. -Kotak,Bank
ALERT: Rs.36022 withdrawn from ATM using card XX9266 on 02-01-26. Bal: Rs.476956. -Axis Bank,Bank
Your credit card XX7251 statement is ready. Total due: Rs.46781. Min due: Rs.4290. -Kotak,Bank
Your  one time password is 61007 for Swiggy. Please do not share it.,OTP
  UPI payment of Rs.66220 to Lavanya successful. UPI Ref: 903391514021. -ICICI Bank,Bank
ALERT: Rs.81829 withdrawn from ATM using card XX5156 on 15-06-26. Bal: Rs.193641. -HDFC Bank,Bank
Interest of Rs.42778 credited to your FD A/c XX8592. -SBI,Bank
UPI payment of Rs.39305 to Nimrat successful. UPI Ref: 287365961174. -BOB,Bank
Confirmation code 367745 for Zomato. Keep it private.,OTP
Your credit card XX8759 statement is ready. Total due: Rs.89923. Min due: Rs.2852. -HDFC Bank,Bank
Your  OTP is 105748. Use it to verify your IRCTC account. Expires in 2 min.,OTP
YOUR AXIS BANK CODE: 574682,OTP
G-377567 is your Google verification code.,OTP
<#> 113707 is your amazon code. valid 30 min. ha8sk2lqp3,OTP
Exclusive  for you! Buy 1 Get 1 FREE at Zomato. Limited period offer. Visit bit.ly/GiueOy,Promo
475995 - use this code to sign in to PNB. Never share it with anyone.,OTP
Your SIM will be deactivated in 24hrs. Verify Aadhaar: bit.ly/jdUkhb,Spam
  Tap to verify: 519490. This code expires shortly.,OTP
Low balance alert: A/c XX2253 balance is Rs.483148. Maintain min balance to avoid charges.,Bank
Flipkart: Your cart misses you! Complete purchase now & get 30% off. bit.ly/fMXNsW,Promo
  XpressBees: Shipment OD8614729995 reached your city hub. Expected delivery: 04 Jul.,Delivery
Last day! Meesho clearance sale ends tonight Up to 30% off sitewide,Promo
Rs.28967  debited from A/c XX1773 on 08-04-26 to Gaurangi. Avl Bal: Rs.230481. -HDFC Bank,Bank
<#> 317349 is your Uber code. Valid 30 min. hA8sk2Lqp3,OTP
g-977125 is your google verification code.,OTP
delivered! your zomato order od7611290033 was delivered on 04 jul. rate your experience: bit.ly/wfpyci,Delivery
Low balance alert: A/c XX7593 balance is Rs.464001. Maintain min balance to avoid charges.,Bank
  181681 - use this code to sign in to ICICI Bank. Never share it with anyone.,OTP
your one time password is 669731 for ola. please do not share it.,OTP
COUPON 5393 GIVES YOU FREE DELIVERY ON ORDERS ABOVE RS.630. -AMAZON,Promo
Your A/c XX6349 is debited with Rs.82143 on 15-06-26 Info: UPI-Lopa Bal: Rs.221077,Bank
Interest of Rs.65332 credited to your FD A/c XX8678. -ICICI Bank,Bank
Your return pickup for order OD8673497270 is scheduled on 01 Jul. Keep the item ready. -Amazon,Delivery
Your Kotak code: 723214,OTP
OTP-BASED LOGIN WAS ENABLED FOR YOUR A/C XX4223. CALL KOTAK IF THIS WASN'T YOU.,Bank
UPI payment of Rs.27687 to Jagrati successful. UPI Ref: 612865690721. -BOB,Bank
  Delivered! Your Zomato order OD1482974830 was delivered on 04 Jul. Rate your experience: bit.ly/xXzhQV,Delivery
"HEY, MY NEW NUMBER IS 04165741195. SAVE IT! MEET AT NOON?",Personal
Rs.53892 credited to A/c XX7334 on 05-06-26. Avl Bal: Rs.403781. -ICICI Bank,Bank
"bro send me rs.4960 on gpay, will return by 03 jul",Personal
403265  is your Axis Bank security code. Anyone asking for it is a scammer.,OTP
otp-based login was enabled for your a/c xx2884. call icici bank if this wasn't you.,Bank
"Bro  send me Rs.4894 on gpay, will return by 03 Jul",Personal
Order OD9612536650 packed and ready! Expected dispatch by 01 Jul -Flipkart,Delivery
Congratulations! You won Rs.197199 in lucky draw. Claim: bit.ly/cXFzGo,Spam
<#> 966611 is your Meesho code. Valid 5 min. hA8sk2Lqp3,OTP
Confirmation code 82434 for ICICI Bank. Keep it private.,OTP
YOUR MEESHO ORDER OD8158123058 HAS BEEN SHIPPED VIA BLUEDART. TRACK: BIT.LY/IBNGPK,Delivery
Myntra Big Billion Days! Up to 60% off + extra 10% with HDFC Bank cards. Hurry!,Promo
Your A/c XX6976 is debited with Rs.1228 on 28-04-26 Info: UPI-Tanvi Bal: Rs.311615,Bank
  Tap to verify: 926011. This code expires shortly.,OTP
100361 - use this to sign in. Never share this code with anyone.,OTP
OTP-BASED LOGIN WAS ENABLED FOR YOUR A/C XX3818. CALL AXIS BANK IF THIS WASN'T YOU.,Bank
rs.68828 debited from a/c xx3882 on 01-04-26 to madhav. avl bal: rs.58191. -axis bank,Bank
Delivery attempt failed for order OD6379891488. We will retry tomorrow. -Delhivery,Delivery
DELIVERY ATTEMPT FAILED FOR ORDER OD4893536841. WE WILL RETRY TOMORROW. -DELHIVERY,Delivery
salary of rs.61932 credited to a/c xx1636. avl bal: rs.26491. -hdfc bank,Bank
Low balance alert: A/c XX2145 balance is Rs.105146. Maintain min balance to avoid charges.,Bank
Your A/c XX7625 is debited with INR 19696 on 21-03-26. Info: UPI-Vanya. Bal: INR 349129,Bank
<#>  85810 is your Kotak code. Valid 2 min. hA8sk2Lqp3,OTP
Your credit card XX8466 statement is ready. Total due: INR 73292. Min due: INR 734. -SBI,Bank
your paytm code: 460068,OTP
OTP-based login was enabled for ur A/c XX5312. Call HDFC Bank if this wasn't you.,Bank
Interest of INR 44642 credited to your FD A/c XX6528. -SBI,Bank
Salary of Rs.55184 credited to A/c XX8745. Avl Bal: Rs.164379. -ICICI Bank,Bank
  Rs.38195 credited to A/c XX8757 on 27-04-26. Avl Bal: Rs.281976. -BOB,Bank
574250 - use this code to sign in to Hotstar. Never share it with anyone.,OTP
Interest of Rs.93207 credited to your FD A/c XX9178. -PNB,Bank
Your credit card XX4634 statement is ready. Total due: Rs.90552. Min due: Rs.1739. -ICICI Bank,Bank
Exclusive  for you! Buy 1 Get 1 FREE at Myntra. Limited period offer. Visit bit.ly/FjluqW,Promo
Delivery attempt failed for order OD4707397104. We will retry tomorrow. -Ekart,Delivery
mega sale! get 50% off on all products at myntra. shop now: bit.ly/pgcsmz t&c apply.,Promo
BigBasket: Your cart misses you! Complete purchase now & get 50% off. bit.ly/MUCEXA,Promo
158348 is your OTP for Zomato login. Valid for 5 minutes. Do not share with anyone. STOP to opt out,OTP
Congratulations! You won INR 263706 in lucky draw. Claim: bit.ly/XbYCrL,Spam
"  Never share your OTP, PIN or CVV. Kotak never asks for these. Stay safe.",Bank
UPI payment of Rs.56560 to Bhavika successful. UPI Ref: 304596914812. -SBI,Bank
  MEGA SALE! Get 40% OFF on all products at Myntra. Shop now: bit.ly/onrMvW T&C apply.,Promo
"never share your otp, pin or cvv. hdfc bank never asks for these. stay safe.",Bank
Dear customer ur PNB account will be blocked! Update KYC now: bit.ly/abPbQZ,Spam
Order OD6987492673 packed and ready! Expected dispatch by 04 Jul. -BigBasket,Delivery
MEGA SALE! Get 70% OFF on all products at Zomato. Shop now: bit.ly/YJvJpI T&C apply.,Promo
Your return pickup for order OD9611245137 is scheduled on 03 Jul Keep the item ready -Zomato,Delivery
Coupon 9879 gives you free delivery on orders above Rs.679. -Meesho,Promo
"Class shifted to room 3947, come fast",Personal
your gpay code: 322969,OTP
rs.80560 debited from a/c xx6683 on 11-02-26 to ishita. avl bal: rs.472953. -kotak,Bank
ALERT: Rs.56880 withdrawn from ATM using card XX5228 on 01-06-26 Bal: Rs.149199 -Axis Bank,Bank
Last day! Myntra clearance sale ends tonight. Up to 70% off sitewide.,Promo
UPI payment of Rs.98412 to Yatin successful. UPI Ref: 188424326482. -Axis Bank,Bank
Delivered! Your Meesho order OD2395229064 was delivered on 02 Jul. Rate your experience: bit.ly/jFlNev,Delivery
Weekend special at Meesho! Min 70% off on everything. Don't miss out: bit.ly/LgJGMJ,Promo
YOUR A/C XX1647 IS DEBITED WITH RS.16406 ON 28-02-26. INFO: UPI-FARAS. BAL: RS.209891,Bank
139617 - use this to sign in. Never share this code with anyone.,OTP
Your Meesho membership expires soon. Renew now & save 60%: bit.ly/GxnpdA,Promo
Enter 448835 to verify your mobile number for Kotak.,OTP
Use 494346 to complete your Netflix registration. Valid till 2 mins.,OTP
Last day! Zomato clearance sale ends tonight Up to 70% off sitewide,Promo
"Bro send me Rs.1779 on gpay, will return by 02 Jul",Personal
Your credit card XX9671 statement is ready. Total due: Rs.80532. Min due: Rs.3304. -Axis Bank,Bank
OTP: 558397 for txn of Rs.39702 at IRCTC. Do not share. -Kotak,OTP
Tap to verify: 388943. This code expires shortly.,OTP
"Bro send me Rs.2702 on gpay, will return by 02 Jul",Personal
Recharge with Rs.1667 & get 30% extra talktime. Offer valid today only!,Promo
LABAN FROM BLUEDART IS ARRIVING WITH YOUR PACKAGE. CONTACT: 5469008182,Delivery
311991 is your verification code for Amazon Never share your OTP,OTP
G-375628 is your Google verification code.,OTP
G-153572 is your Google verification code.,OTP
271780 is your OTP for BigBasket login. Valid for 30 minutes. Do not share with anyone.,OTP
rs.1001 credited to a/c xx6761 on 02-01-26. avl bal: rs.63604. -axis bank,Bank
Flat  Rs.619 cashback on your next order at Swiggy. Use code SAVE73. Valid till 03 Jul.,Promo
Your  order OD1438815760 from Flipkart is arriving tomorrow. Keep Rs.2816 ready for COD.,Delivery
Confirmation  code 11283 for Kotak. Keep it private.,OTP
your uber code: 1300,OTP
<#> 850592 is your ICICI Bank code. Valid 5 min. hA8sk2Lqp3,OTP
Rs.14073  credited to A/c XX8678 on 07-01-26. Avl Bal: Rs.167764. -SBI,Bank
285284 - use this code to sign in to ICICI Bank. Never share it with anyone.,OTP
LAST DAY! FLIPKART CLEARANCE SALE ENDS TONIGHT. UP TO 80% OFF SITEWIDE.,Promo
OTP: 720902 for txn of Rs.21015 at Kotak. Do not share. -Kotak,OTP
  Your A/c XX9732 is debited with Rs.25743 on 05-02-26. Info: UPI-Ria. Bal: Rs.183630,Bank
Your credit card XX8822 statement is ready. Total due: Rs.68246. Min due: Rs.3212. -Kotak,Bank
order od1445775987 packed and ready! expected dispatch by 01 jul. -bigbasket,Delivery
Flat Rs.420 cashback on ur next order at Meesho. Use code SAVE12. Valid till 02 Jul.,Promo
Coupon 6127 gives you free delivery on orders above Rs.3394. -Amazon,Promo
Cheque no. 651865536263 for Rs.54998 has been cleared from A/c XX2574. -SBI,Bank
307517 - use this to sign in. Never share this code with anyone.,OTP
UPI payment of Rs.48298 to Urmi successful. UPI Ref: 744191698285. -Axis Bank,Bank
Ur credit card XX5677 statement is ready. Total due: Rs.45815. Min due: Rs.1689. -HDFC Bank,Bank
Ur Meesho membership expires soon. Renew now & save 50%: bit.ly/tethdP,Promo
phonepe: 883900 is your login otp. it expires in 5 minutes.,OTP
Work from home! Earn Rs.694085/month. Join: bit.ly/EaQTPJ,Spam
949146  - use this code to sign in to PhonePe. Never share it with anyone.,OTP
YOUR A/C XX8094 IS DEBITED WITH RS.46073 ON 03-07-26. INFO: UPI-BHAVIKA. BAL: RS.47232,Bank
Congratulations! You won Rs.2206677 in lucky draw. Claim: bit.ly/jJSUKu,Spam
Your order OD4901936876 from Zomato is arriving tomorrow. Keep Rs.2922 ready for COD.,Delivery
  Interest of Rs.55840 credited to your FD A/c XX7905. -Kotak,Bank
work from home! earn rs.848409/month. join: bit.ly/yzbesv,Spam
Flat Rs.242 cashback on your next order at Myntra. Use code SAVE66. Valid till 02 Jul.,Promo
EKART: SHIPMENT OD1830671603 REACHED YOUR CITY HUB. EXPECTED DELIVERY: 03 JUL.,Delivery
LOW BALANCE ALERT: A/C XX6935 BALANCE IS RS.6591. MAINTAIN MIN BALANCE TO AVOID CHARGES.,Bank
  Delivery attempt failed for order OD1125470635. We will retry tomorrow. -Delhivery,Delivery
Your Ola code: 195373,OTP
Amazon:  Your cart misses you! Complete purchase now & get 50% off. bit.ly/YQRVvN,Promo
Order OD1207616689 packed and ready! Expected dispatch by 03 Jul -Zomato,Delivery
Low balance alert: A/c XX7440 balance is Rs.379558. Maintain min balance to avoid charges.,Bank
Rs.20717 credited to A/c XX4341 on 20-02-26. Avl Bal: Rs.39336. -SBI T&C apply,Bank
Low balance alert: A/c XX5402 balance is Rs.414446. Maintain min balance to avoid charges.,Bank
YOUR UBER CODE: 1830,OTP
Last day! BigBasket clearance sale ends tonight. Up to 30% off sitewide.,Promo
RS.87374 CREDITED TO A/C XX8297 ON 15-02-26. AVL BAL: RS.305461. -BOB,Bank
Rs.17487 debited from A/c XX8566 on 10-01-26 to Umang. Avl Bal: Rs.363545. -Axis Bank,Bank
Congratulations! You won Rs.560639 in lucky draw. Claim: bit.ly/KbXmFo,Spam
  OTP: 219782 for txn of Rs.38009 at Swiggy. Do not share. -BOB,OTP
Your Uber code: 4520,OTP
Congratulations! You won Rs.947466 in lucky draw. Claim: bit.ly/laoDVv,Spam
Work from home! Earn Rs.2097916/month Join: bitly/aYhdwh,Spam
G-562845 is your Google verification code.,OTP
Confirmation code 753981 for PhonePe. Keep it private.,OTP
  Your BOB code: 865031,OTP
EMI of Rs.8739 due on 02-04-26 for loan A/c XX2284. Pay now to avoid charges. -PNB,Bank
  Delivery attempt failed for order OD8141409265. We will retry tomorrow. -BlueDart,Delivery
Work from home! Earn INR 1399019/month. Join: bit.ly/aeMMMK,Spam
Weekend special at Myntra! Min 40% off on everything. Don't miss out: bit.ly/noTyZy STOP to opt out,Promo
XPRESSBEES: SHIPMENT OD9246825259 REACHED YOUR CITY HUB. EXPECTED DELIVERY: 03 JUL.,Delivery
351847 - use this to sign in. never share this code with anyone.,OTP
958334 is your verification code for Uber Never share your OTP,OTP
EMI of Rs.6857 due on 24-05-26 for loan A/c XX1613. Pay now to avoid charges. -PNB,Bank
Last day! Myntra clearance sale ends tonight Up to 30% off sitewide,Promo
Your A/c XX3734 is debited with Rs.17582 on 03-01-26. Info: UPI-Chanakya. Bal: Rs.183056,Bank
Ur Myntra order OD7240067155 has been shipped via Ekart. Track: bit.ly/xxcgsi,Delivery
YOUR MYNTRA ORDER OD5582681162 HAS BEEN SHIPPED VIA EKART. TRACK: BIT.LY/QZUDDJ,Delivery
Use code 3832 at checkout for 25% off at Zomato!,Promo
your uber code: 6923,OTP
344049 - use this code to sign in to Netflix. Never share it with anyone.,OTP
Swiggy: Your cart misses you! Complete purchase now & get 80% off. bit.ly/WTpeab,Promo
ICICI BANK: 631136 IS YOUR LOGIN OTP. IT EXPIRES IN 15 MINUTES.,OTP
186055 is your OTP for SBI login. Valid for 2 minutes. Do not share with anyone. -TM,OTP
OTP for delivery of order OD8540997714 is 6907. Share only with the delivery agent. -XpressBees,Delivery
CONFIRMATION CODE 153872 FOR PHONEPE. KEEP IT PRIVATE.,OTP
Hotstar: 820394 is your login OTP. It expires in 15 minutes.,OTP
Enter 771409 to verify your mobile number for Netflix.,OTP
Your return pickup for order OD1381283999 is scheduled on 03 Jul. Keep the item ready. -Myntra,Delivery
940859 is your verification code for bob. never share your otp.,OTP
Your Flipkart order OD1607283053 has been shipped via DTDC Track: bitly/SymKWR,Delivery
G-545627 is ur Google verification code.,OTP
Your  A/c XX2251 is debited with Rs.27851 on 07-02-26. Info: UPI-Jalsa. Bal: Rs.250813,Bank
Enter 690103 to verify your mobile number for Netflix.,OTP
Use 72876 to complete your Zomato registration. Valid till 30 mins. -TM,OTP
Salary of INR 55356 credited to A/c XX2144. Avl Bal: INR 231615. -HDFC Bank,Bank
emi of rs.43750 due on 06-03-26 for loan a/c xx6401. pay now to avoid charges. -kotak,Bank
Your SIM will be deactivated in 24hrs. Verify Aadhaar: bit.ly/DfjIaR,Spam
Recharge with Rs.331 & get 60% extra talktime. Offer valid today only!,Promo
Swiggy: Your cart misses you! Complete purchase now & get 70% off. bit.ly/olgAUY STOP to opt out,Promo
  596495 is your OTP for Amazon login. Valid for 5 minutes. Do not share with anyone.,OTP
Recharge with Rs.869 & get 60% extra talktime. Offer valid today only!,Promo
"Class  shifted to room 7502, come fast",Personal
  ALERT: Rs.99466 withdrawn from ATM using card XX6453 on 19-05-26. Bal: Rs.218341. -Axis Bank,Bank
Amazon: 745855 is your login OTP. It expires in 10 minutes.,OTP
Out for delivery: Your Flipkart package OD3974467376 will arrive today by 12 PM -Delhivery,Delivery
Tap to verify: 597345 This code expires shortly,OTP
Your Paytm code: 674009,OTP
  Enter 845500 to verify your mobile number for Netflix.,OTP
"Hey, my new number is 2950293045 Save it! Meet at noon?",Personal
Ur Uber code: 29395,OTP
Cheque no. 807597944935 for Rs.10674 has been cleared from A/c XX2330. -Axis Bank,Bank
RECHARGE WITH RS.968 & GET 20% EXTRA TALKTIME. OFFER VALID TODAY ONLY!,Promo
Your OTP is 954765 Use it to verify your PNB account Expires in 30 min,OTP
Your HDFC Bank code: 194440,OTP
  Your A/c XX4916 is debited with Rs.63690 on 01-01-26. Info: UPI-Omisha. Bal: Rs.157437,Bank
Your SIM will be deactivated in 24hrs. Verify Aadhaar: bit.ly/mUSWqA,Spam
Your A/c XX3986 is debited with INR 81723 on 02-05-26. Info: UPI-Faris. Bal: INR 88738,Bank
Robert  from Delhivery is arriving with your package. Contact: 4487924515,Delivery
"Class shifted to room 6411, come fast",Personal
Flat  Rs.1439 cashback on your next order at Zomato. Use code SAVE33. Valid till 03 Jul.,Promo
Work from home! Earn Rs.1719467/month. Join: bit.ly/mREbvz,Spam
Work from home! Earn INR 880591/month. Join: bit.ly/UZihcl,Spam
G-40776 is your Google verification code.,OTP
ALERT: RS.39208 WITHDRAWN FROM ATM USING CARD XX4740 ON 26-01-26. BAL: RS.390165. -BOB,Bank
Use  944835 to complete your BigBasket registration. Valid till 10 mins.,OTP
Tap to verify: 438433. This code expires shortly.,OTP
Your OTP is 349365. Use it to verify your Uber account. Expires in 5 min.,OTP
Low  balance alert: A/c XX7468 balance is Rs.17061. Maintain min balance to avoid charges.,Bank
Delivered! Your Flipkart order OD6412889608 was delivered on 02 Jul. Rate your experience: bit.ly/hwNWvw,Delivery
ALERT: RS.58743 WITHDRAWN FROM ATM USING CARD XX5339 ON 12-01-26. BAL: RS.496083. -SBI,Bank
Enter 30469 to verify your mobile number for Netflix.,OTP
Your OTP is 415067. Use it to verify your PNB account. Expires in 2 min.,OTP
LAST DAY! AMAZON CLEARANCE SALE ENDS TONIGHT. UP TO 60% OFF SITEWIDE.,Promo
Zomato:  Your cart misses you! Complete purchase now & get 10% off. bit.ly/sFonhb,Promo
G-445057 is ur Google verification code.,OTP
OTP-based  login was enabled for your A/c XX3129. Call ICICI Bank if this wasn't you.,Bank
  Confirmation code 410913 for PhonePe. Keep it private.,OTP
tap to verify: 374114. this code expires shortly.,OTP
  OTP-based login was enabled for your A/c XX8618. Call BOB if this wasn't you.,Bank
Order OD7582389598 packed and ready! Expected dispatch by 03 Jul -BigBasket,Delivery
alert: rs.98369 withdrawn from atm using card xx3887 on 17-03-26. bal: rs.184102. -icici bank,Bank
AMAZON BIG BILLION DAYS! UP TO 20% OFF + EXTRA 10% WITH ICICI BANK CARDS. HURRY!,Promo
343756 is your Flipkart security code. Anyone asking for it is a scammer.,OTP
Recharge with Rs.1570 & get 70% extra talktime. Offer valid today only!,Promo
rs.56921 credited to a/c xx2840 on 23-01-26. avl bal: rs.57642. -pnb,Bank
  Your order OD2430032831 from Amazon is arriving tomorrow. Keep Rs.2964 ready for COD.,Delivery
Myntra: Your cart misses you! Complete purchase now & get 50% off. bit.ly/gXGEOe,Promo
<#> 201601 is your meesho code. valid 2 min. ha8sk2lqp3,OTP
BigBasket Big Billion Days! Up to 80% off + extra 10% with ICICI Bank cards Hurry!,Promo
Interest of INR 86126 credited to your FD A/c XX4815. -Axis Bank,Bank
Swiggy: Your cart misses you! Complete purchase now & get 60% off. bit.ly/hyqfHv,Promo
Your  one time password is 704930 for Netflix. Please do not share it.,OTP
"Bro send me Rs.2175 on gpay, will return by 04 Jul",Personal
<#> 357628 is your HDFC Bank code. Valid 2 min. hA8sk2Lqp3,OTP
  Your OTP is 729836. Use it to verify your Zomato account. Expires in 30 min.,OTP
Your credit card XX4479 statement is ready. Total due: Rs.98785. Min due: Rs.2585. -BOB,Bank
OTP for delivery of order OD1271021138 is 7047. Share only with the delivery agent. -Delhivery T&C apply,Delivery
Out for delivery: Your Amazon package OD5880196638 will arrive today by 6 PM. -Delhivery,Delivery
Flat Rs.1311 cashback on your next order at Swiggy. Use code SAVE65. Valid till 02 Jul.,Promo
ALERT: Rs.3030 withdrawn from ATM using card XX5765 on 09-01-26. Bal: Rs.487496. -ICICI Bank,Bank
Your A/c XX1052 is debited with Rs.12053 on 17-02-26. Info: UPI-Gautam. Bal: Rs.252823,Bank
UPI payment of Rs.6623 to Anika successful. UPI Ref: 829845311090. -Kotak,Bank
YOUR MYNTRA ORDER OD6999314563 HAS BEEN SHIPPED VIA XPRESSBEES. TRACK: BIT.LY/VZNHWG,Delivery
exclusive for you! buy 1 get 1 free at swiggy. limited period offer. visit bit.ly/habxlr,Promo
Order OD4406967519 packed and ready! Expected dispatch by 04 Jul. -Swiggy,Delivery
Confirmation code 781626 for Swiggy. Keep it private.,OTP
EXCLUSIVE FOR YOU! BUY 1 GET 1 FREE AT ZOMATO. LIMITED PERIOD OFFER. VISIT BIT.LY/BDKGJI,Promo
ALERT: Rs.66102 withdrawn from ATM using card XX2728 on 22-05-26. Bal: Rs.487859. -ICICI Bank,Bank
Your OTP is 77894. Use it to verify your Uber account. Expires in 15 min.,OTP
ALERT: Rs.59169 withdrawn from ATM using card XX5680 on 11-02-26. Bal: Rs.340163. -SBI,Bank
Your order OD6161929123 from Myntra is arriving tomorrow. Keep Rs.2121 ready for COD.,Delivery
Your credit card XX8155 statement is ready. Total due: Rs.71139. Min due: Rs.2436. -ICICI Bank,Bank
Out for delivery: Your Meesho package OD9742876533 will arrive today by 6 PM. -BlueDart STOP to opt out,Delivery
Cheque  no. 625436190776 for Rs.89641 has been cleared from A/c XX2483. -Kotak,Bank
"Bro send me Rs.973 on gpay, will return by 02 Jul",Personal
"HI OJAS, UNLOCK RS.1445 OFF YOUR FIRST ORDER AT FLIPKART WITH CODE NEW62.",Promo
Your BOB code: 15434,OTP
Exclusive for you! Buy 1 Get 1 FREE at Amazon. Limited period offer. Visit bit.ly/ZgtLjP,Promo
"Never share ur OTP, PIN or CVV. PNB never asks for these. Stay safe.",Bank
Tap to verify: 146161. This code expires shortly.,OTP
  Coupon 9695 gives you free delivery on orders above Rs.3918. -Flipkart,Promo
WEEKEND SPECIAL AT BIGBASKET! MIN 80% OFF ON EVERYTHING. DON'T MISS OUT: BIT.LY/DOODSD,Promo
Order OD3597400842 packed and ready! Expected dispatch by 03 Jul. -Myntra,Delivery
Order OD6717993389 packed and ready! Expected dispatch by 01 Jul. -Zomato,Delivery
Kotak: 747605 is your login OTP It expires in 15 minutes,OTP
"  Hi Bachittar, unlock Rs.402 off your first order at Meesho with code NEW67.",Promo
"Never share your OTP, PIN or CVV. HDFC Bank never asks for these. Stay safe.",Bank
Your SIM will be deactivated in 24hrs. Verify Aadhaar: bit.ly/yECLFO,Spam
EMI of Rs.49178 due on 07-04-26 for loan A/c XX7460. Pay now to avoid charges. -Kotak,Bank
ICICI Bank: 837283 is your login OTP It expires in 30 minutes,OTP
"Hey, my new number is +911275537814 Save it! Meet at 8?",Personal
EXCLUSIVE FOR YOU! BUY 1 GET 1 FREE AT SWIGGY. LIMITED PERIOD OFFER. VISIT BIT.LY/WQBPJP,Promo
Hotstar: 406457 is your login OTP. It expires in 15 minutes.,OTP
Enter 511047 to verify ur mobile number for Uber.,OTP
Salary of Rs.20517 credited to A/c XX2806. Avl Bal: Rs.450754. -ICICI Bank,Bank
  EMI of Rs.86862 due on 30-01-26 for loan A/c XX5943. Pay now to avoid charges. -BOB,Bank
Weekend special at Flipkart! Min 50% off on everything. Don't miss out: bit.ly/UVfMIX,Promo
Low balance alert: A/c XX5614 balance is Rs.128171 Maintain min balance to avoid charges,Bank
"HI CHANAKYA, UNLOCK RS.1195 OFF YOUR FIRST ORDER AT ZOMATO WITH CODE NEW11.",Promo
Delivered! Your BigBasket order OD8506451161 was delivered on 04 Jul. Rate your experience: bit.ly/rzWtDh,Delivery
ALERT: Rs.5170 withdrawn from ATM using card XX8974 on 31-01-26. Bal: Rs.60160. -HDFC Bank,Bank
Cheque no. 283156031658 for INR 43063 has been cleared from A/c XX4816. -SBI,Bank
Low balance alert: A/c XX1998 balance is Rs.451679. Maintain min balance to avoid charges.,Bank
Delivered! Ur BigBasket order OD2842659435 was delivered on 02 Jul. Rate ur experience: bit.ly/MNsJKR,Delivery
Weekend special at Flipkart! Min 60% off on everything. Don't miss out: bit.ly/qIoxYs -TM,Promo
Out for delivery: Your Swiggy package OD3331197987 will arrive today by 9 PM. -Delhivery,Delivery
TAP TO VERIFY: 860403. THIS CODE EXPIRES SHORTLY.,OTP
"  Bro send me Rs.771 on gpay, will return by 02 Jul",Personal
Rs.63339 credited to A/c XX9455 on 21-05-26. Avl Bal: Rs.114137. -BOB T&C apply,Bank
Zomato Big Billion Days! Up to 80% off + extra 10% with Axis Bank cards. Hurry!,Promo
G-756709 is ur Google verification code.,OTP
Ekart: Shipment OD1974361861 reached your city hub. Expected delivery: 03 Jul. -TM,Delivery
Order OD1604114655 packed and ready! Expected dispatch by 02 Jul. -Swiggy -TM,Delivery
enter 15366 to verify your mobile number for pnb.,OTP
ALERT: Rs.29681 withdrawn from ATM using card XX5478 on 17-02-26. Bal: Rs.196221. -Axis Bank T&C apply,Bank
LAST DAY! MYNTRA CLEARANCE SALE ENDS TONIGHT. UP TO 70% OFF SITEWIDE.,Promo
LAST DAY! ZOMATO CLEARANCE SALE ENDS TONIGHT. UP TO 10% OFF SITEWIDE.,Promo
Recharge with Rs.693 & get 70% extra talktime Offer valid today only!,Promo
  Delivery attempt failed for order OD2185093175. We will retry tomorrow. -XpressBees,Delivery
Rs.30983 debited from A/c XX9674 on 06-06-26 to Tanvi. Avl Bal: Rs.388927. -Kotak,Bank
Cheque no. 837883560296 for Rs.38364 has been cleared from A/c XX5759. -ICICI Bank,Bank
Order OD8614331355 packed and ready! Expected dispatch by 02 Jul -Meesho,Delivery
Work from home! Earn Rs.1901339/month. Join: bit.ly/HNErRJ,Spam
Confirmation code 532140 for Flipkart. Keep it private.,OTP
Out for delivery: Your Swiggy package OD8945934625 will arrive today by 12 PM. -Ekart,Delivery
ALERT: Rs.67397 withdrawn from ATM using card XX8014 on 18-03-26. Bal: Rs.489287. -BOB,Bank
MEGA SALE! Get 20% OFF on all products at BigBasket. Shop now: bit.ly/OmFcMM T&C apply.,Promo
rs.9399 debited from a/c xx2061 on 23-03-26 to frederick. avl bal: rs.323358. -bob,Bank
Use code 1025 at checkout for 10% off at BigBasket!,Promo
recharge with rs.1669 & get 60% extra talktime. offer valid today only!,Promo
Interest of Rs.18361 credited to your FD A/c XX7779. -SBI,Bank
Last day! Zomato clearance sale ends tonight. Up to 40% off sitewide.,Promo
MEGA SALE! GET 10% OFF ON ALL PRODUCTS AT AMAZON. SHOP NOW: BIT.LY/UQTHYX T&C APPLY.,Promo
Flat Rs.1702 cashback on your next order at BigBasket. Use code SAVE84. Valid till 02 Jul.,Promo
YOUR ONE TIME PASSWORD IS 11086 FOR UBER. PLEASE DO NOT SHARE IT.,OTP
Enter 727318 to verify ur mobile number for Amazon.,OTP
EMI of Rs.24021 due on 16-01-26 for loan A/c XX3009. Pay now to avoid charges. -HDFC Bank,Bank
  Confirmation code 309731 for Kotak. Keep it private.,OTP
539641 - use this to sign in Never share this code with anyone,OTP
  UPI payment of Rs.36468 to Darpan successful. UPI Ref: 884695880632. -Kotak,Bank
"  Hi Garima, unlock Rs.1004 off your first order at Flipkart with code NEW71.",Promo
Confirmation code 788356 for Amazon. Keep it private.,OTP
Your one time password is 501940 for Myntra. Please do not share it.,OTP
Dear customer ur Kotak account will be blocked! Update KYC now: bit.ly/oLVzWz,Spam
Interest of INR 19001 credited to your FD A/c XX3292. -Axis Bank,Bank
Meesho  Big Billion Days! Up to 70% off + extra 10% with PNB cards. Hurry!,Promo
Ekart: Shipment OD8092297313 reached your city hub. Expected delivery: 03 Jul.,Delivery
608423 is your Ola security code. Anyone asking for it is a scammer.,OTP
Use 252715 to complete your Meesho registration. Valid till 30 mins.,OTP
OTP for delivery of order OD3061875715 is 5161. Share only with the delivery agent. -DTDC,Delivery
FLAT RS.1278 CASHBACK ON YOUR NEXT ORDER AT ZOMATO. USE CODE SAVE99. VALID TILL 01 JUL.,Promo
Your  one time password is 566339 for GPay. Please do not share it.,OTP
Delivery attempt failed for order OD9521333802. We will retry tomorrow. -Delhivery,Delivery
Dear customer ur BOB account will be blocked! Update KYC now: bit.ly/eGrYQk,Spam
Out for delivery: Your BigBasket package OD8846279177 will arrive today by 6 PM. -DTDC,Delivery
Use code 1260 at checkout for 10% off at Swiggy!,Promo
  381947 - use this to sign in. Never share this code with anyone.,OTP
MEGA SALE! Get 60% OFF on all products at Myntra. Shop now: bit.ly/gtuwnO T&C apply.,Promo
491393 is your Flipkart security code. Anyone asking for it is a scammer.,OTP
Use code 3827 at checkout for 50% off at Amazon!,Promo
Interest of INR 61732 credited to your FD A/c XX2169. -SBI,Bank
Delivery attempt failed for order OD4939211280. We will retry tomorrow. -XpressBees,Delivery
<#>  699040 is your PhonePe code. Valid 10 min. hA8sk2Lqp3,OTP
COUPON 6241 GIVES YOU FREE DELIVERY ON ORDERS ABOVE RS.4662. -BIGBASKET,Promo
MEGA SALE! Get 80% OFF on all products at Myntra. Shop now: bit.ly/kJTttf T&C apply.,Promo
Cheque no. 691382138722 for Rs.93794 has been cleared from A/c XX7541. -Kotak,Bank
your sim will be deactivated in 24hrs. verify aadhaar: bit.ly/zilpxu,Spam
880481 is ur OTP for ICICI Bank login. Valid for 15 minutes. Do not share with anyone.,OTP
Your one time password is 122639 for Amazon. Please do not share it.,OTP
Your  order OD9838745786 from Zomato is arriving tomorrow. Keep Rs.4331 ready for COD.,Delivery
Out  for delivery: Your BigBasket package OD8528820396 will arrive today by 9 PM. -Ekart,Delivery
Exclusive  for you! Buy 1 Get 1 FREE at Flipkart. Limited period offer. Visit bit.ly/lKImme,Promo
Flipkart Big Billion Days! Up to 60% off + extra 10% with ICICI Bank cards. Hurry!,Promo
403953 - use this code to sign in to uber. never share it with anyone.,OTP
Exclusive for you! Buy 1 Get 1 FREE at Flipkart. Limited period offer. Visit bit.ly/cOfxtO,Promo
Pay Rs.3805 on delivery for order OD209259520. -BlueDart,Delivery
Use 763333 to complete your Ola registration Valid till 15 mins,OTP
Out for delivery: Your Flipkart package OD9714050370 will arrive today by 3 PM. -BlueDart -TM,Delivery
UPI payment of Rs.33823 to Jack successful. UPI Ref: 475341451510. -PNB,Bank
OTP for delivery of order OD2281677986 is 1340. Share only with the delivery agent. -DTDC,Delivery
order od9631304485 packed and ready! expected dispatch by 03 jul. -flipkart,Delivery
"Never share your OTP, PIN or CVV. Kotak never asks for these. Stay safe.",Bank
OTP: 108960 FOR TXN OF RS.45445 AT ZOMATO. DO NOT SHARE. -HDFC BANK,OTP
"Hi Noah, unlock Rs.1277 off your first order at Amazon with code NEW65.",Promo
OTP-based login was enabled for your A/c XX5784 Call PNB if this wasn't you,Bank
Leena from DTDC is arriving with your package. Contact: 05087626296,Delivery
OTP: 524746 for txn of Rs.39974 at Uber Do not share -PNB,OTP
LAST DAY! SWIGGY CLEARANCE SALE ENDS TONIGHT. UP TO 10% OFF SITEWIDE.,Promo
Your Zomato membership expires soon. Renew now & save 40%: bit.ly/YTCcrf STOP to opt out,Promo
Weekend special at Myntra! Min 20% off on everything. Don't miss out: bit.ly/hHmkdp,Promo
tap to verify: 514970. this code expires shortly.,OTP
Rs.24448 credited to A/c XX3692 on 10-03-26 Avl Bal: Rs.383113 -HDFC Bank,Bank
your return pickup for order od8042661931 is scheduled on 01 jul. keep the item ready. -meesho,Delivery
Cheque no. 759036506162 for Rs.87976 has been cleared from A/c XX4669. -HDFC Bank,Bank
Your BigBasket membership expires soon. Renew now & save 30%: bit.ly/rMgQPv,Promo
67987 is your Uber security code. Anyone asking for it is a scammer.,OTP
OTP: 102156 for txn of Rs.31634 at Hotstar. Do not share. -Kotak,OTP
Rs.29548 credited to A/c XX3845 on 04-05-26. Avl Bal: Rs.249717. -SBI -TM,Bank
Ur Swiggy order OD9346740476 has been shipped via XpressBees. Track: bit.ly/cSNtNU,Delivery
  Low balance alert: A/c XX9410 balance is Rs.177038. Maintain min balance to avoid charges.,Bank
GIRIK FROM EKART IS ARRIVING WITH YOUR PACKAGE. CONTACT: 09512780233,Delivery
Your  OTP is 554174. Use it to verify your Hotstar account. Expires in 5 min.,OTP
  Swiggy: Your cart misses you! Complete purchase now & get 50% off. bit.ly/qnxCfz,Promo
Pay  Rs.2333 on delivery for order OD399143124. -BlueDart,Delivery
Work from home! Earn Rs.948484/month. Join: bit.ly/mrKyZt,Spam
cheque no. 163977343344 for rs.60904 has been cleared from a/c xx1688. -axis bank,Bank
Meesho Big Billion Days! Up to 60% off + extra 10% with BOB cards. Hurry! -TM,Promo
Salary of Rs.95921 credited to A/c XX7185. Avl Bal: Rs.74224. -PNB,Bank
"Hi Anika, unlock Rs.1333 off ur first order at BigBasket with code NEW61.",Promo
rs.8111 debited from a/c xx1531 on 03-07-26 to waida. avl bal: rs.423126. -bob,Bank
BIGBASKET: YOUR CART MISSES YOU! COMPLETE PURCHASE NOW & GET 70% OFF. BIT.LY/QKCLIY,Promo
  37517 is your verification code for Netflix. Never share your OTP.,OTP
Flat Rs.763 cashback on your next order at Zomato. Use code SAVE89. Valid till 04 Jul.,Promo
EMI  of Rs.8607 due on 17-02-26 for loan A/c XX6114. Pay now to avoid charges. -Axis Bank,Bank
dear customer ur pnb account will be blocked! update kyc now: bit.ly/oiwelx,Spam
YOUR SIM WILL BE DEACTIVATED IN 24HRS. VERIFY AADHAAR: BIT.LY/GXKJVR,Spam
Pay Rs.1974 on delivery for order OD709632588 -Ekart,Delivery
Your return pickup for order OD4574929148 is scheduled on 02 Jul Keep the item ready -Amazon,Delivery
153982 is your OTP for Paytm login. Valid for 5 minutes. Do not share with anyone.,OTP
  Your return pickup for order OD1150410312 is scheduled on 02 Jul. Keep the item ready. -Zomato,Delivery
  Your credit card XX6652 statement is ready. Total due: Rs.53007. Min due: Rs.3155. -PNB,Bank
  Out for delivery: Your Amazon package OD6544654761 will arrive today by 6 PM. -XpressBees,Delivery
Tap to verify: 739661. This code expires shortly.,OTP
674637 - USE THIS TO SIGN IN. NEVER SHARE THIS CODE WITH ANYONE.,OTP
  Your order OD3888330719 from Meesho is arriving tomorrow. Keep Rs.4841 ready for COD.,Delivery
Interest of Rs.67899 credited to your FD A/c XX8962 -HDFC Bank,Bank
"BRO SEND ME RS.2417 ON GPAY, WILL RETURN BY 04 JUL",Personal
OTP-based login was enabled for your A/c XX3850. Call HDFC Bank if this wasn't you.,Bank
Order OD4350466866 packed and ready! Expected dispatch by 01 Jul. -Amazon -TM,Delivery
Ola: 645937 is your login OTP. It expires in 2 minutes.,OTP
Janaki  from XpressBees is arriving with your package. Contact: 08300208002,Delivery
<#> 635774 IS YOUR UBER CODE. VALID 30 MIN. HA8SK2LQP3,OTP
  Weekend special at Myntra! Min 20% off on everything. Don't miss out: bit.ly/gcIGKa,Promo
Order OD5688605330 packed and ready! Expected dispatch by 02 Jul. -Flipkart,Delivery
"Hi Libni, unlock Rs.1483 off your first order at Flipkart with code NEW27. T&C apply",Promo
Exclusive for you! Buy 1 Get 1 FREE at Meesho. Limited period offer. Visit bit.ly/FsASiJ,Promo
792646 is your Hotstar security code. Anyone asking for it is a scammer.,OTP
"  Class shifted to room 7117, come fast",Personal
Rs.78865  debited from A/c XX7326 on 05-01-26 to Patrick. Avl Bal: Rs.413333. -PNB,Bank
ICICI Bank: 499267 is your login OTP. It expires in 5 minutes.,OTP
Cheque no. 462189347371 for Rs.32697 has been cleared from A/c XX8550. -BOB,Bank
Your Meesho membership expires soon. Renew now & save 20%: bit.ly/WRRIyg,Promo
Weekend  special at Flipkart! Min 70% off on everything. Don't miss out: bit.ly/zcXWNA,Promo
Dear customer ur SBI account will be blocked! Update KYC now: bit.ly/kroavN,Spam
841818 is your GPay security code. Anyone asking for it is a scammer. T&C apply,OTP
rs.54147 debited from a/c xx6285 on 04-06-26 to rushil. avl bal: rs.205776. -icici bank,Bank
429922 - use this code to sign in to Meesho. Never share it with anyone. STOP to opt out,OTP
YOUR A/C XX8202 IS DEBITED WITH RS.25084 ON 02-06-26. INFO: UPI-EKAJA. BAL: RS.26693,Bank
Your Flipkart code: 872040,OTP
385407  is your verification code for GPay. Never share your OTP.,OTP
  Salary of Rs.9763 credited to A/c XX6527. Avl Bal: Rs.128972. -Axis Bank,Bank
G-435256  is your Google verification code.,OTP
Delivered! Your Meesho order OD2977160424 was delivered on 03 Jul. Rate your experience: bit.ly/FvSBJF -TM,Delivery
Delivery attempt failed for order OD1878165132. We will retry tomorrow. -XpressBees,Delivery
YOUR RETURN PICKUP FOR ORDER OD3960447441 IS SCHEDULED ON 01 JUL. KEEP THE ITEM READY. -MYNTRA,Delivery
  Exclusive for you! Buy 1 Get 1 FREE at Zomato. Limited period offer. Visit bit.ly/aPLfwc,Promo
Your credit card XX3977 statement is ready Total due: Rs.28363 Min due: Rs.1527 -SBI,Bank
Low balance alert: A/c XX9531 balance is INR 127322. Maintain min balance to avoid charges.,Bank
UPI PAYMENT OF RS.86652 TO MEERA SUCCESSFUL. UPI REF: 469276225243. -AXIS BANK,Bank
YOUR MYNTRA ORDER OD5514553939 HAS BEEN SHIPPED VIA BLUEDART. TRACK: BIT.LY/EURHAA,Delivery
"Class  shifted to room 6786, come fast",Personal
935819 is ur ICICI Bank security code. Anyone asking for it is a scammer.,OTP
  Your Zomato membership expires soon. Renew now & save 10%: bit.ly/bBEcIo,Promo
Confirmation code 636340 for Ola. Keep it private.,OTP
Amazon: 271982 is your login OTP. It expires in 5 minutes.,OTP
  Out for delivery: Your Flipkart package OD1184622244 will arrive today by 3 PM. -Ekart,Delivery
MEGA SALE! Get 20% OFF on all products at Myntra. Shop now: bit.ly/jnfnPW T&C apply.,Promo
384933 is your OTP for HDFC Bank login. Valid for 30 minutes. Do not share with anyone.,OTP
Salary of Rs.47814 credited to A/c XX6285. Avl Bal: Rs.156962. -HDFC Bank,Bank
Coupon 1341 gives you free delivery on orders above Rs.3691. -Meesho,Promo
INR 53107 credited to A/c XX5323 on 23-05-26. Avl Bal: INR 32461. -Kotak,Bank
LOW BALANCE ALERT: A/C XX7430 BALANCE IS RS.96552. MAINTAIN MIN BALANCE TO AVOID CHARGES.,Bank
Your BigBasket membership expires soon. Renew now & save 30%: bit.ly/YysCRL,Promo
Use code 2828 at checkout for 25% off at Flipkart!,Promo
OTP: 672194 FOR TXN OF RS.15787 AT AXIS BANK. DO NOT SHARE. -HDFC BANK,OTP
RS.54120 DEBITED FROM A/C XX8542 ON 01-04-26 TO NIHAL. AVL BAL: RS.338461. -KOTAK,Bank
ALERT: Rs.57402 withdrawn from ATM using card XX5092 on 25-06-26 Bal: Rs.408038 -PNB,Bank
Your IRCTC code: 992943,OTP
Enter 663143 to verify your mobile number for PNB,OTP
Your return pickup for order OD7872472692 is scheduled on 01 Jul. Keep the item ready. -Meesho,Delivery
TAP TO VERIFY: 362989. THIS CODE EXPIRES SHORTLY.,OTP
OTP-based login was enabled for your A/c XX6521 Call BOB if this wasn't you,Bank
  Dear customer ur Axis Bank account will be blocked! Update KYC now: bit.ly/MbFtfp,Spam
833170 - use this to sign in. Never share this code with anyone.,OTP
Low balance alert: A/c XX1175 balance is INR 204291. Maintain min balance to avoid charges.,Bank
Your Uber code: 153212,OTP
Wyatt from Delhivery is arriving with your package. Contact: 01004238807,Delivery
ALERT: Rs.95682 withdrawn from ATM using card XX2182 on 15-04-26. Bal: Rs.320965. -Axis Bank,Bank
"hi dominic, unlock rs.1928 off your first order at zomato with code new85.",Promo
Low balance alert: A/c XX3938 balance is Rs.74665. Maintain min balance to avoid charges.,Bank
OTP FOR DELIVERY OF ORDER OD9018075138 IS 8800. SHARE ONLY WITH THE DELIVERY AGENT. -DTDC,Delivery
BlueDart: Shipment OD3497651671 reached your city hub. Expected delivery: 01 Jul.,Delivery
468218 - use this code to sign in to Ola. Never share it with anyone.,OTP
Delivery  attempt failed for order OD8354756427. We will retry tomorrow. -Ekart,Delivery
Pay Rs.4461 on delivery for order OD365901412. -DTDC T&C apply,Delivery
OTP: 1481 for txn of INR 23819 at HDFC Bank. Do not share. -Axis Bank,OTP
<#> 701992 is your Myntra code. Valid 2 min. hA8sk2Lqp3 STOP to opt out,OTP
RECHARGE WITH RS.796 & GET 60% EXTRA TALKTIME. OFFER VALID TODAY ONLY!,Promo
Your Myntra membership expires soon. Renew now & save 40%: bit.ly/haPvxY,Promo
Pay Rs.2069 on delivery for order OD412686609. -DTDC,Delivery
  Cheque no. 814566536595 for Rs.4107 has been cleared from A/c XX2814. -BOB,Bank
Your credit card XX3242 statement is ready. Total due: Rs.37100. Min due: Rs.3586. -HDFC Bank,Bank
  Your return pickup for order OD6318710835 is scheduled on 02 Jul. Keep the item ready. -Swiggy,Delivery
DTDC: SHIPMENT OD5579826820 REACHED YOUR CITY HUB. EXPECTED DELIVERY: 02 JUL.,Delivery
  Pay Rs.4817 on delivery for order OD748985674. -XpressBees,Delivery
"Never share your OTP, PIN or CVV ICICI Bank never asks for these Stay safe",Bank
Dear  customer ur HDFC Bank account will be blocked! Update KYC now: bit.ly/GAFSof,Spam
Order OD6842811064 packed and ready! Expected dispatch by 01 Jul. -BigBasket,Delivery
delivery attempt failed for order od1790841748. we will retry tomorrow. -ekart,Delivery
Work from home! Earn Rs.1443136/month. Join: bit.ly/NaAsoe,Spam
Your one time password is 671052 for Uber. Please do not share it. STOP to opt out,OTP
G-647971 IS YOUR GOOGLE VERIFICATION CODE.,OTP
"Never  share your OTP, PIN or CVV. SBI never asks for these. Stay safe.",Bank
Flipkart: Your cart misses you! Complete purchase now & get 40% off. bit.ly/bbEQAu,Promo
OTP: 775306 FOR TXN OF RS.2426 AT ZOMATO. DO NOT SHARE. -BOB,OTP
Dear customer ur ICICI Bank account will be blocked! Update KYC now: bit.ly/MzEMlz,Spam
"Hi Aarush, unlock Rs.802 off your first order at Flipkart with code NEW22",Promo
Delivered! Ur BigBasket order OD7755870446 was delivered on 03 Jul. Rate ur experience: bit.ly/VontsY,Delivery
Your one time password is 577619 for Axis Bank. Please do not share it.,OTP
Coupon 2245 gives you free delivery on orders above Rs.4884 -Myntra,Promo
UPI PAYMENT OF RS.44138 TO SACHI SUCCESSFUL. UPI REF: 391813563797. -BOB,Bank
ALERT: Rs.15055 withdrawn from ATM using card XX8776 on 15-06-26 Bal: Rs.418937 -BOB,Bank
Your ICICI Bank code: 529938,OTP
G-451790 is your Google verification code,OTP
Low balance alert: A/c XX7952 balance is Rs.98594. Maintain min balance to avoid charges.,Bank
755302 - use this to sign in. Never share this code with anyone.,OTP
WORK FROM HOME! EARN RS.1937486/MONTH. JOIN: BIT.LY/KGJLYQ,Spam
your credit card xx9834 statement is ready. total due: rs.82484. min due: rs.900. -pnb,Bank
Use 680862 to complete your IRCTC registration. Valid till 10 mins.,OTP
Amazon Big Billion Days! Up to 50% off + extra 10% with Kotak cards Hurry!,Promo
Recharge with Rs.713 & get 20% extra talktime. Offer valid today only! -TM,Promo
Salary of Rs.18525 credited to A/c XX1373 Avl Bal: Rs.314622 -ICICI Bank,Bank
Rs.48707 debited from A/c XX8854 on 07-03-26 to Samaksh. Avl Bal: Rs.66414. -Axis Bank,Bank
DELIVERY ATTEMPT FAILED FOR ORDER OD9320234599. WE WILL RETRY TOMORROW. -DTDC,Delivery
your uber code: 7985,OTP
"Hey, my new number is 2411358310. Save it! Meet at 8?",Personal
FLAT RS.1834 CASHBACK ON YOUR NEXT ORDER AT MYNTRA. USE CODE SAVE89. VALID TILL 01 JUL.,Promo
Ur OTP is 922630. Use it to verify ur ICICI Bank account. Expires in 10 min.,OTP
YOUR AMAZON CODE: 855825,OTP
Tap to verify: 579151. This code expires shortly.,OTP
Rs.40237 credited to A/c XX6879 on 02-03-26. Avl Bal: Rs.258801. -PNB STOP to opt out,Bank
DTDC: Shipment OD5926292870 reached your city hub. Expected delivery: 02 Jul.,Delivery
Rs.41333 credited to A/c XX4535 on 31-05-26. Avl Bal: Rs.102033. -HDFC Bank,Bank
SALARY OF RS.46814 CREDITED TO A/C XX3463. AVL BAL: RS.406496. -ICICI BANK,Bank
Rs.21026 debited from A/c XX2394 on 09-01-26 to Garima. Avl Bal: Rs.42704. -ICICI Bank,Bank
MEGA SALE! Get 50% OFF on all products at Meesho. Shop now: bit.ly/iNMDkD T&C apply.,Promo
OJAS FROM XPRESSBEES IS ARRIVING WITH YOUR PACKAGE. CONTACT: +912874330203,Delivery
ALERT: INR 26730 withdrawn from ATM using card XX3254 on 29-01-26. Bal: INR 85756. -HDFC Bank,Bank
"Hey, my new number is +919692503721. Save it! Meet at tonight?",Personal
  Your A/c XX5447 is debited with Rs.73535 on 21-01-26. Info: UPI-Yashvi. Bal: Rs.132965,Bank
MEGA  SALE! Get 70% OFF on all products at BigBasket. Shop now: bit.ly/QjyetB T&C apply.,Promo
Salary of Rs.66933 credited to A/c XX1031. Avl Bal: Rs.354459. -Kotak,Bank
INR 76327 debited from A/c XX2028 on 17-05-26 to Arya. Avl Bal: INR 341716. -Axis Bank,Bank
<#>  933780 is your Axis Bank code. Valid 30 min. hA8sk2Lqp3,OTP
"Hi Forum, unlock Rs.684 off ur first order at BigBasket with code NEW22.",Promo
Girindra from BlueDart is arriving with your package Contact: +915797711501,Delivery
Rs.40762 credited to A/c XX2116 on 28-04-26 Avl Bal: Rs.212886 -PNB,Bank
MEGA SALE! Get 10% OFF on all products at BigBasket. Shop now: bit.ly/rdbTnv T&C apply. -TM,Promo
Use 214829 to complete your Ola registration. Valid till 5 mins.,OTP
  Use 809649 to complete your Amazon registration. Valid till 15 mins.,OTP
  Last day! Amazon clearance sale ends tonight. Up to 20% off sitewide.,Promo
Rs.14561 debited from A/c XX5199 on 04-05-26 to Sneha. Avl Bal: Rs.137396. -Kotak,Bank
494390 - use this code to sign in to Uber. Never share it with anyone.,OTP
"Class shifted to room 6723, come fast STOP to opt out",Personal
Use 65826 to complete your HDFC Bank registration. Valid till 10 mins.,OTP
83912 is your OTP for Ola login Valid for 2 minutes Do not share with anyone,OTP
Dear customer ur HDFC Bank account will be blocked! Update KYC now: bit.ly/gQpoVj,Spam
Use 600907 to complete ur Flipkart registration. Valid till 30 mins.,OTP
Last day! Myntra clearance sale ends tonight Up to 40% off sitewide,Promo
Enter  279517 to verify your mobile number for GPay.,OTP
Your OTP is 34317. Use it to verify your Amazon account. Expires in 2 min. STOP to opt out,OTP
Weekend special at Myntra! Min 50% off on everything Don't miss out: bitly/biMULu,Promo
UPI payment of Rs.7473 to Urmi successful UPI Ref: 314067529398 -BOB,Bank
Congratulations! U won Rs.1854197 in lucky draw. Claim: bit.ly/LVSQYd,Spam
Ranbir from XpressBees is arriving with your package. Contact: 7002437829,Delivery
Out for delivery: Your BigBasket package OD7987904878 will arrive today by 12 PM. -Ekart,Delivery
Enter  610831 to verify your mobile number for SBI.,OTP
  Your credit card XX3699 statement is ready. Total due: Rs.78335. Min due: Rs.1377. -Axis Bank,Bank
your credit card xx5158 statement is ready. total due: rs.67623. min due: rs.2674. -bob,Bank
Kotak:  774553 is your login OTP. It expires in 10 minutes.,OTP
Out for delivery: Your Amazon package OD6917860051 will arrive today by 9 PM -XpressBees,Delivery
Your SIM will be deactivated in 24hrs. Verify Aadhaar: bit.ly/FJSlfd,Spam
Exclusive for you! Buy 1 Get 1 FREE at Flipkart. Limited period offer. Visit bit.ly/CNuaxU,Promo
recharge with rs.1484 & get 80% extra talktime. offer valid today only!,Promo
OTP-BASED LOGIN WAS ENABLED FOR YOUR A/C XX2120. CALL AXIS BANK IF THIS WASN'T YOU.,Bank
Enter 389691 to verify your mobile number for Zomato,OTP
Confirmation code 51039 for PhonePe. Keep it private. -TM,OTP
ALERT: Rs.99814 withdrawn from ATM using card XX4535 on 24-05-26 Bal: Rs.40722 -Axis Bank,Bank
Your one time password is 271179 for Flipkart. Please do not share it.,OTP
241210 - use this to sign in. Never share this code with anyone.,OTP
226378 - use this to sign in. Never share this code with anyone.,OTP
  Congratulations! You won Rs.1879665 in lucky draw. Claim: bit.ly/YvJXQj,Spam
Ekart: Shipment OD7658820142 reached ur city hub. Expected delivery: 04 Jul.,Delivery
EMI of Rs.48739 due on 03-04-26 for loan A/c XX2387 Pay now to avoid charges -Axis Bank,Bank
"Hey, my new number is 01382655034. Save it! Meet at 8?",Personal
"Bro send me Rs.2874 on gpay, will return by 01 Jul",Personal
BigBasket Big Billion Days! Up to 70% off + extra 10% with HDFC Bank cards. Hurry!,Promo
Order OD1978794111 packed and ready! Expected dispatch by 02 Jul. -Zomato,Delivery
Your order OD4267220813 from BigBasket is arriving tomorrow Keep Rs.3319 ready for COD,Delivery
delivery attempt failed for order od6811025498. we will retry tomorrow. -xpressbees,Delivery
ALERT: Rs.51842 withdrawn from ATM using card XX1211 on 09-05-26. Bal: Rs.448583. -HDFC Bank,Bank
G-425376 IS YOUR GOOGLE VERIFICATION CODE.,OTP
Recharge with Rs.442 & get 60% extra talktime. Offer valid today only!,Promo
Ola: 581864 is your login OTP. It expires in 2 minutes.,OTP
Your Uber code: 8747,OTP
Your ICICI Bank code: 190401,OTP
"Class shifted to room 4719, come fast",Personal
"  Class shifted to room 3252, come fast",Personal
Cheque  no. 275902603655 for Rs.6043 has been cleared from A/c XX5066. -ICICI Bank,Bank
Your Zomato code: 857481,OTP
OTP for delivery of order OD1292922730 is 1561. Share only with the delivery agent. -Ekart,Delivery
OTP FOR DELIVERY OF ORDER OD7959265908 IS 8777. SHARE ONLY WITH THE DELIVERY AGENT. -DELHIVERY,Delivery
Weekend special at Meesho! Min 70% off on everything. Don't miss out: bit.ly/hZjcjU,Promo
Coupon 1452 gives you free delivery on orders above Rs.765. -Swiggy,Promo
ALERT: Rs.41221 withdrawn from ATM using card XX1608 on 05-03-26. Bal: Rs.222852. -SBI -TM,Bank
"Bro send me Rs.4521 on gpay, will return by 02 Jul",Personal
Exclusive for you! Buy 1 Get 1 FREE at Zomato. Limited period offer. Visit bit.ly/kZsTLY,Promo
YOUR FLIPKART MEMBERSHIP EXPIRES SOON. RENEW NOW & SAVE 50%: BIT.LY/PWEMZC,Promo
Recharge with Rs.1824 & get 50% extra talktime. Offer valid today only! T&C apply,Promo
Exclusive for you! Buy 1 Get 1 FREE at Meesho. Limited period offer. Visit bit.ly/ffckUS,Promo
Your Hotstar code: 338537,OTP
Rs.65293 credited to A/c XX7815 on 30-05-26. Avl Bal: Rs.11876. -HDFC Bank,Bank
Enter 235372 to verify your mobile number for Uber,OTP
Your Flipkart code: 981125,OTP
"Bro send me Rs.2369 on gpay, will return by 02 Jul",Personal
<#> 218264 IS YOUR ICICI BANK CODE. VALID 5 MIN. HA8SK2LQP3,OTP
HAMSINI FROM DELHIVERY IS ARRIVING WITH YOUR PACKAGE. CONTACT: 05318068333,Delivery
Your one time password is 441650 for PNB Please do not share it,OTP
Order OD1825730178 packed and ready! Expected dispatch by 01 Jul. -Meesho,Delivery
  Delivered! Your BigBasket order OD9576203052 was delivered on 01 Jul. Rate your experience: bit.ly/eqIuup,Delivery
Out for delivery: Your Meesho package OD3593002210 will arrive today by 6 PM. -Delhivery,Delivery
<#> 701118 is your HDFC Bank code. Valid 2 min. hA8sk2Lqp3,OTP
372296 is your OTP for HDFC Bank login. Valid for 15 minutes. Do not share with anyone.,OTP
  Delivered! Your Amazon order OD4751426054 was delivered on 03 Jul. Rate your experience: bit.ly/kkTBGa,Delivery
Coupon 5548 gives you free delivery on orders above Rs.1465. -Flipkart,Promo
"  Hi Rohan, unlock Rs.135 off your first order at Swiggy with code NEW65.",Promo
OTP for delivery of order OD9858603441 is 6048. Share only with the delivery agent. -Delhivery,Delivery
Out for delivery: Your Flipkart package OD1585767340 will arrive today by 9 PM. -XpressBees STOP to opt out,Delivery
MEGA SALE! Get 70% OFF on all products at Zomato Shop now: bitly/kxyobw T&C apply,Promo
Dear customer ur SBI account will be blocked! Update KYC now: bit.ly/ZpbqSn STOP to opt out,Spam
MEGA  SALE! Get 60% OFF on all products at Zomato. Shop now: bit.ly/qpMmFD T&C apply.,Promo
Use 67733 to complete ur Ola registration. Valid till 30 mins.,OTP
Cheque no. 807239815085 for Rs.27398 has been cleared from A/c XX1477. -Axis Bank,Bank
BigBasket Big Billion Days! Up to 60% off + extra 10% with BOB cards. Hurry! STOP to opt out,Promo
Rs.10017 credited to A/c XX3588 on 22-04-26. Avl Bal: Rs.382148. -SBI,Bank
  ALERT: Rs.57969 withdrawn from ATM using card XX8973 on 10-03-26. Bal: Rs.272965. -ICICI Bank,Bank
alert: rs.58708 withdrawn from atm using card xx3701 on 29-01-26. bal: rs.163518. -hdfc bank,Bank
Your  BigBasket code: 422881,OTP
Delivered! Your Amazon order OD6206451131 was delivered on 04 Jul. Rate your experience: bit.ly/vnYzho T&C apply,Delivery
ALERT: Rs.39404 withdrawn from ATM using card XX1282 on 30-03-26. Bal: Rs.96852. -BOB,Bank
Rs.47675 credited to A/c XX7374 on 20-04-26. Avl Bal: Rs.94365. -BOB,Bank
UPI payment of Rs.92321 to Unni successful. UPI Ref: 863151593199. -PNB,Bank
Your  OTP is 664996. Use it to verify your PNB account. Expires in 2 min.,OTP
GPay:  284624 is your login OTP. It expires in 30 minutes.,OTP
Your one time password is 508124 for HDFC Bank. Please do not share it. STOP to opt out,OTP
UPI payment of Rs.97668 to Panini successful. UPI Ref: 378968279845. -BOB,Bank
BigBasket: Your cart misses you! Complete purchase now & get 70% off. bit.ly/wAUSSA,Promo
"Hey, my new number is +913480194109. Save it! Meet at 6pm?",Personal
Low balance alert: A/c XX9829 balance is Rs.399153. Maintain min balance to avoid charges.,Bank
out for delivery: your zomato package od7822025573 will arrive today by 6 pm. -delhivery,Delivery
Cheque no. 771919244810 for Rs.56016 has been cleared from A/c XX5568. -Kotak,Bank
Low balance alert: A/c XX2381 balance is Rs.38423. Maintain min balance to avoid charges.,Bank
PhonePe: 233775 is your login OTP. It expires in 5 minutes.,OTP
Rs.21665 debited from A/c XX9594 on 21-02-26 to Jeremiah. Avl Bal: Rs.289946. -Kotak,Bank
<#> 165442 is your Zomato code. Valid 30 min. hA8sk2Lqp3,OTP
G-602031 is ur Google verification code.,OTP
Pay Rs.1862 on delivery for order OD148880520. -Delhivery,Delivery
UPI PAYMENT OF RS.81979 TO MAANAV SUCCESSFUL. UPI REF: 743944465335. -PNB,Bank
Your credit card XX8593 statement is ready. Total due: Rs.47747. Min due: Rs.3911. -Kotak,Bank
Delivery attempt failed for order OD5045132016. We will retry tomorrow. -XpressBees,Delivery
Your return pickup for order OD2262383223 is scheduled on 01 Jul. Keep the item ready. -Flipkart,Delivery
WEEKEND SPECIAL AT MYNTRA! MIN 80% OFF ON EVERYTHING. DON'T MISS OUT: BIT.LY/BIKSQH,Promo
986706 - use this to sign in. never share this code with anyone.,OTP
Exclusive for you! Buy 1 Get 1 FREE at Meesho. Limited period offer. Visit bit.ly/QYsBBg,Promo
Rs.92657 debited from A/c XX4284 on 27-05-26 to Hiral. Avl Bal: Rs.355738. -ICICI Bank,Bank
Tap to verify: 615702. This code expires shortly.,OTP
Your A/c XX4314 is debited with Rs.93712 on 13-05-26. Info: UPI-Chandani. Bal: Rs.433951,Bank
568846 is your OTP for BOB login. Valid for 15 minutes. Do not share with anyone.,OTP
Weekend special at Amazon! Min 20% off on everything. Don't miss out: bit.ly/TfOOcZ,Promo
297466 is your verification code for Swiggy. Never share your OTP.,OTP
Coupon 5095 gives you free delivery on orders above Rs.373. -Zomato,Promo
  Work from home! Earn Rs.32515/month. Join: bit.ly/jKGzkA,Spam
ALERT: Rs.40326 withdrawn from ATM using card XX8439 on 15-02-26. Bal: Rs.354009. -BOB STOP to opt out,Bank
"Hey, my new number is 8071263042. Save it! Meet at noon?",Personal
Ur OTP is 867521. Use it to verify ur BOB account. Expires in 5 min.,OTP
Myntra: Your cart misses you! Complete purchase now & get 60% off. bit.ly/SenXMN T&C apply,Promo
Your Uber code: 7757,OTP
<#> 34734 is your Hotstar code Valid 2 min hA8sk2Lqp3,OTP
ALERT: Rs.91942 withdrawn from ATM using card XX1573 on 28-01-26. Bal: Rs.360751. -ICICI Bank T&C apply,Bank
Your return pickup for order OD6629288582 is scheduled on 02 Jul. Keep the item ready. -Myntra T&C apply,Delivery
Your Uber code: 7332 T&C apply,OTP
meesho big billion days! up to 80% off + extra 10% with pnb cards. hurry!,Promo
ALERT: Rs.36939 withdrawn from ATM using card XX8187 on 06-04-26. Bal: Rs.259164. -Axis Bank,Bank
XpressBees: Shipment OD2191772142 reached ur city hub. Expected delivery: 04 Jul.,Delivery
Coupon 7529 gives you free delivery on orders above Rs.3560. -BigBasket,Promo
Delivered! Your Meesho order OD3738628754 was delivered on 01 Jul. Rate your experience: bit.ly/KPizNu STOP to opt out,Delivery
CHEQUE NO. 931382808847 FOR RS.35276 HAS BEEN CLEARED FROM A/C XX6983. -AXIS BANK,Bank
  Your OTP is 986015. Use it to verify your Kotak account. Expires in 10 min.,OTP
Use 956023 to complete your PhonePe registration. Valid till 10 mins. T&C apply,OTP
Ekart: Shipment OD6640769579 reached your city hub. Expected delivery: 04 Jul.,Delivery
Delivered! Your Meesho order OD4237016580 was delivered on 03 Jul. Rate your experience: bit.ly/CKNOmJ,Delivery
Order OD2532740417 packed and ready! Expected dispatch by 04 Jul. -Myntra,Delivery
Netflix: 177831 is your login OTP. It expires in 10 minutes.,OTP
Your order OD8847709629 from Swiggy is arriving tomorrow. Keep Rs.4735 ready for COD.,Delivery
8039 is your verification code for flipkart. never share your otp.,OTP
"Never share ur OTP, PIN or CVV. PNB never asks for these. Stay safe.",Bank
UPI payment of Rs.89769 to Frado successful. UPI Ref: 237604261771. -PNB STOP to opt out,Bank
OTP-based login was enabled for your A/c XX6400. Call ICICI Bank if this wasn't you.,Bank
Salary of Rs.53934 credited to A/c XX9736. Avl Bal: Rs.99684. -HDFC Bank,Bank
Last day! Swiggy clearance sale ends tonight. Up to 50% off sitewide.,Promo
82983 - use this code to sign in to hdfc bank. never share it with anyone.,OTP
your return pickup for order od9241136019 is scheduled on 02 jul. keep the item ready. -myntra,Delivery
OTP-based login was enabled for your A/c XX2919 Call Axis Bank if this wasn't you,Bank
Cheque no 298433791503 for Rs.15421 has been cleared from A/c XX3928 -Axis Bank,Bank
Last day! Flipkart clearance sale ends tonight. Up to 50% off sitewide.,Promo
  ALERT: Rs.79443 withdrawn from ATM using card XX2911 on 04-06-26. Bal: Rs.471981. -HDFC Bank,Bank
Use code 8304 at checkout for 10% off at Zomato! STOP to opt out,Promo
Your one time password is 933110 for GPay Please do not share it,OTP
Your order OD5342756845 from Zomato is arriving tomorrow. Keep Rs.3549 ready for COD.,Delivery
UPI payment of Rs.81091 to Finn successful. UPI Ref: 337338123407. -HDFC Bank,Bank
Zomato Big Billion Days! Up to 20% off + extra 10% with SBI cards. Hurry!,Promo
"Bro send me Rs.1719 on gpay, will return by 02 Jul",Personal
Your order OD1120664123 from Amazon is arriving tomorrow. Keep Rs.1541 ready for COD.,Delivery
  Interest of Rs.13501 credited to your FD A/c XX6299. -Kotak,Bank
"  Hey, my new number is 8439516599. Save it! Meet at noon?",Personal
924015 is ur ICICI Bank security code. Anyone asking for it is a scammer.,OTP
Coupon  4654 gives you free delivery on orders above Rs.4572. -Meesho,Promo
Your BigBasket code: 781379 STOP to opt out,OTP
OTP for delivery of order OD9207173447 is 9868. Share only with the delivery agent. -Delhivery,Delivery
  Weekend special at Meesho! Min 70% off on everything. Don't miss out: bit.ly/ignFyh,Promo
YOUR RETURN PICKUP FOR ORDER OD2840549112 IS SCHEDULED ON 04 JUL. KEEP THE ITEM READY. -MEESHO,Delivery
"Hey, my new number is +917125275850. Save it! Meet at noon?",Personal
INR 99075 debited from A/c XX9021 on 06-03-26 to Hemangini. Avl Bal: INR 410729. -SBI,Bank
Your one time password is 747905 for BOB. Please do not share it. -TM,OTP
  Recharge with Rs.1824 & get 10% extra talktime. Offer valid today only!,Promo
G-355971 IS YOUR GOOGLE VERIFICATION CODE.,OTP
293724 is your OTP for Flipkart login. Valid for 10 minutes. Do not share with anyone.,OTP
Work from home! Earn Rs.1004440/month. Join: bit.ly/ZXhnUf,Spam
Your order OD8421586536 from Swiggy is arriving tomorrow. Keep Rs.1046 ready for COD.,Delivery
Ur BigBasket membership expires soon. Renew now & save 80%: bit.ly/LvozBd,Promo
LOW BALANCE ALERT: A/C XX5947 BALANCE IS RS.169575. MAINTAIN MIN BALANCE TO AVOID CHARGES.,Bank
Michael from XpressBees is arriving with your package. Contact: +919812042842,Delivery
  Your Uber code: 9790,OTP
BOB: 974180 is your login OTP. It expires in 30 minutes.,OTP
Your return pickup for order OD9405211375 is scheduled on 02 Jul. Keep the item ready. -Flipkart,Delivery
Your Uber code: 4557,OTP
Flat Rs.1609 cashback on ur next order at Zomato. Use code SAVE28. Valid till 04 Jul.,Promo
EKART: SHIPMENT OD1164833261 REACHED YOUR CITY HUB. EXPECTED DELIVERY: 03 JUL.,Delivery
UPI payment of Rs.5862 to Irya successful. UPI Ref: 264749984504. -SBI,Bank
Your return pickup for order OD1174760685 is scheduled on 04 Jul. Keep the item ready. -Meesho,Delivery
OTP-based  login was enabled for your A/c XX7818. Call ICICI Bank if this wasn't you.,Bank
Out for delivery: Ur Myntra package OD3763976291 will arrive today by 12 PM. -BlueDart,Delivery
  Your return pickup for order OD2056445725 is scheduled on 02 Jul. Keep the item ready. -Flipkart,Delivery
OTP for delivery of order OD1526562200 is 7406. Share only with the delivery agent. -XpressBees,Delivery
Confirmation code 673424 for IRCTC. Keep it private.,OTP
"Hey, my new number is 4664376060. Save it! Meet at 6pm?",Personal
g-778119 is your google verification code.,OTP
Rs.82173 credited to A/c XX6995 on 01-02-26. Avl Bal: Rs.23380. -Axis Bank,Bank
Rs.28589 debited from A/c XX7278 on 30-06-26 to Lakshit. Avl Bal: Rs.91029. -Axis Bank,Bank
Tap to verify: 537875. This code expires shortly.,OTP
"Hi Garima, unlock Rs.1442 off ur first order at Amazon with code NEW47.",Promo
  709126 - use this code to sign in to Meesho. Never share it with anyone.,OTP
Confirmation code 769189 for Flipkart. Keep it private. -TM,OTP
Low  balance alert: A/c XX3334 balance is Rs.418883. Maintain min balance to avoid charges.,Bank
Recharge with Rs.593 & get 10% extra talktime. Offer valid today only!,Promo
  Cheque no. 892421007290 for Rs.5859 has been cleared from A/c XX5018. -HDFC Bank,Bank
  Order OD7415628137 packed and ready! Expected dispatch by 04 Jul. -Zomato,Delivery
megha from ekart is arriving with your package. contact: 9965950821,Delivery
Enter 302264 to verify your mobile number for IRCTC,OTP
Out for delivery: Your BigBasket package OD3082607367 will arrive today by 9 PM. -Ekart,Delivery
last day! bigbasket clearance sale ends tonight. up to 80% off sitewide.,Promo
use 448897 to complete your phonepe registration. valid till 2 mins.,OTP
  Your one time password is 93087 for Paytm. Please do not share it.,OTP
Last day! Amazon clearance sale ends tonight. Up to 30% off sitewide.,Promo
Interest of INR 23792 credited to your FD A/c XX4375. -HDFC Bank,Bank
UPI payment of Rs.19960 to Eshana successful. UPI Ref: 554179055231. -BOB,Bank
FLAT RS.1937 CASHBACK ON YOUR NEXT ORDER AT BIGBASKET. USE CODE SAVE51. VALID TILL 02 JUL.,Promo
Last day! BigBasket clearance sale ends tonight. Up to 30% off sitewide. STOP to opt out,Promo
756598 is your myntra security code. anyone asking for it is a scammer.,OTP
Rs.46154 credited to A/c XX2472 on 03-02-26. Avl Bal: Rs.481190. -ICICI Bank,Bank
OTP: 127495 for txn of Rs.21559 at BOB. Do not share. -ICICI Bank,OTP
otp for delivery of order od9977302829 is 8159. share only with the delivery agent. -bluedart,Delivery
Interest  of Rs.40919 credited to your FD A/c XX4272. -ICICI Bank,Bank
967853 is your Netflix security code. Anyone asking for it is a scammer.,OTP
Interest of Rs.37628 credited to your FD A/c XX5482. -BOB,Bank
WEEKEND SPECIAL AT FLIPKART! MIN 60% OFF ON EVERYTHING. DON'T MISS OUT: BIT.LY/RDTNWV,Promo
Cheque no 288044315029 for Rs.90701 has been cleared from A/c XX3500 -ICICI Bank,Bank
Vedhika  from Ekart is arriving with your package. Contact: +919122141198,Delivery
Recharge with Rs.65 & get 60% extra talktime. Offer valid today only!,Promo
Your OTP is 87697. Use it to verify your Axis Bank account. Expires in 5 min.,OTP
  Salary of Rs.25745 credited to A/c XX3599. Avl Bal: Rs.129144. -SBI,Bank
Interest of Rs.34927 credited to your FD A/c XX7551. -Axis Bank,Bank
Myntra Big Billion Days! Up to 40% off + extra 10% with Axis Bank cards Hurry!,Promo
"Class shifted to room 6034, come fast",Personal
OTP: 97226 for txn of Rs.5445 at GPay Do not share -HDFC Bank,OTP
  Delivered! Your Zomato order OD1348636276 was delivered on 03 Jul. Rate your experience: bit.ly/UxCzME,Delivery
EMI  of Rs.7361 due on 11-06-26 for loan A/c XX4982. Pay now to avoid charges. -HDFC Bank,Bank
ALERT: RS.67727 WITHDRAWN FROM ATM USING CARD XX8366 ON 26-06-26. BAL: RS.488989. -ICICI BANK,Bank
Confirmation code 307555 for Flipkart. Keep it private.,OTP
  Congratulations! You won Rs.758250 in lucky draw. Claim: bit.ly/nvKUmL,Spam
  Flat Rs.418 cashback on your next order at Zomato. Use code SAVE94. Valid till 03 Jul.,Promo
Your A/c XX1860 is debited with Rs.39671 on 14-03-26 Info: UPI-Warjas Bal: Rs.291846,Bank
Weekend special at Flipkart! Min 30% off on everything. Don't miss out: bit.ly/nCdhqH,Promo
AMAZON BIG BILLION DAYS! UP TO 80% OFF + EXTRA 10% WITH PNB CARDS. HURRY!,Promo
Myntra: Your cart misses you! Complete purchase now & get 10% off. bit.ly/RWeYgk,Promo
ALERT: INR 81088 withdrawn from ATM using card XX7916 on 30-03-26. Bal: INR 93334. -PNB,Bank
OUT FOR DELIVERY: YOUR ZOMATO PACKAGE OD8585849420 WILL ARRIVE TODAY BY 12 PM. -DTDC,Delivery
"Hi Chaitaly, unlock INR 1149 off your first order at Flipkart with code NEW37.",Promo
MEGA SALE! Get 70% OFF on all products at Myntra. Shop now: bit.ly/xmHQOQ T&C apply.,Promo
Low  balance alert: A/c XX3892 balance is Rs.178664. Maintain min balance to avoid charges.,Bank
mega sale! get 50% off on all products at meesho. shop now: bit.ly/yhmemi t&c apply.,Promo
"Hi Vanya, unlock Rs.1009 off ur first order at Amazon with code NEW28.",Promo
EMI of Rs.92826 due on 03-03-26 for loan A/c XX3310. Pay now to avoid charges. -PNB,Bank
EMI of Rs.6718 due on 01-03-26 for loan A/c XX1461. Pay now to avoid charges. -Kotak,Bank
Flat Rs.1893 cashback on your next order at Meesho. Use code SAVE32. Valid till 01 Jul.,Promo
Work from home! Earn INR 2308391/month. Join: bit.ly/sEmsGI,Spam
Cheque no. 671214447446 for Rs.13811 has been cleared from A/c XX4422. -ICICI Bank,Bank
out for delivery: your meesho package od9950011777 will arrive today by 6 pm. -delhivery,Delivery
Out  for delivery: Your Myntra package OD6701972947 will arrive today by 9 PM. -DTDC,Delivery
Out for delivery: Your Meesho package OD4210517737 will arrive today by 6 PM. -BlueDart -TM,Delivery
Rs.15342 debited from A/c XX4520 on 09-02-26 to Siddharth Avl Bal: Rs.221259 -HDFC Bank,Bank
YOUR SWIGGY MEMBERSHIP EXPIRES SOON. RENEW NOW & SAVE 10%: BIT.LY/LLUTFK,Promo
Your OTP is 108433. Use it to verify your BOB account. Expires in 30 min.,OTP
Your Amazon membership expires soon. Renew now & save 40%: bit.ly/wFgJjn,Promo
OTP-based login was enabled for your A/c XX4416. Call SBI if this wasn't you.,Bank
Zomato: Your cart misses you! Complete purchase now & get 70% off. bit.ly/dbJHfR,Promo
Your Zomato order OD8127043068 has been shipped via BlueDart. Track: bit.ly/jcgoyk -TM,Delivery
Congratulations! You won Rs.674631 in lucky draw. Claim: bit.ly/DoagSC STOP to opt out,Spam
"Hi Bakhshi, unlock INR 1409 off your first order at Amazon with code NEW32.",Promo
g-248522 is your google verification code.,OTP
Last day! Amazon clearance sale ends tonight. Up to 60% off sitewide.,Promo
YOUR SWIGGY ORDER OD2561055351 HAS BEEN SHIPPED VIA DELHIVERY. TRACK: BIT.LY/DTYAWU,Delivery
EMI of Rs.35841 due on 29-04-26 for loan A/c XX6989 Pay now to avoid charges -HDFC Bank,Bank
  Out for delivery: Your Zomato package OD1575441471 will arrive today by 6 PM. -Delhivery,Delivery
MEGA SALE! Get 40% OFF on all products at Swiggy. Shop now: bit.ly/zWBSfG T&C apply.,Promo
"Class shifted to room 2592, come fast",Personal
weekend special at zomato! min 30% off on everything. don't miss out: bit.ly/htpvsd,Promo
Enter 39464 to verify your mobile number for BigBasket.,OTP
MEGA SALE! Get 50% OFF on all products at Swiggy Shop now: bitly/AyGmos T&C apply,Promo
  OTP: 186251 for txn of Rs.7824 at IRCTC. Do not share. -BOB,OTP
OTP for delivery of order OD7864913694 is 7494. Share only with the delivery agent. -XpressBees,Delivery
BlueDart: Shipment OD6794912429 reached your city hub. Expected delivery: 04 Jul.,Delivery
"Bro  send me Rs.4565 on gpay, will return by 02 Jul",Personal
Your credit card XX4713 statement is ready. Total due: Rs.59903. Min due: Rs.4444. -Axis Bank,Bank
Use code 4925 at checkout for 50% off at Zomato!,Promo
<#>  665371 is your Hotstar code. Valid 15 min. hA8sk2Lqp3,OTP
ALERT: Rs.38655 withdrawn from ATM using card XX6189 on 27-05-26. Bal: Rs.108690. -HDFC Bank,Bank
217083 is your verification code for PNB. Never share your OTP.,OTP
INR 96928 credited to A/c XX3742 on 06-01-26. Avl Bal: INR 205851. -BOB,Bank
Last day! Zomato clearance sale ends tonight. Up to 70% off sitewide.,Promo
"Never share your OTP, PIN or CVV. PNB never asks for these. Stay safe.",Bank
interest of rs.45695 credited to your fd a/c xx9593. -bob,Bank
Ur Paytm code: 57876,OTP
Flat  Rs.512 cashback on your next order at Meesho. Use code SAVE41. Valid till 04 Jul.,Promo
Rs.74514 debited from A/c XX2250 on 18-02-26 to Balveer. Avl Bal: Rs.215562. -BOB,Bank
"Hi Deepa, unlock Rs.221 off your first order at Flipkart with code NEW72. -TM",Promo
OTP:  522248 for txn of Rs.47423 at IRCTC. Do not share. -PNB,OTP
Your OTP is 667306. Use it to verify your Meesho account. Expires in 30 min.,OTP
  OTP for delivery of order OD5336129536 is 8837. Share only with the delivery agent. -DTDC,Delivery
OTP: 156562 for txn of Rs.31892 at Zomato. Do not share. -Kotak,OTP
"  Class shifted to room 5080, come fast",Personal
Low balance alert: A/c XX4706 balance is Rs.173265. Maintain min balance to avoid charges.,Bank
exclusive for you! buy 1 get 1 free at zomato. limited period offer. visit bit.ly/qsouag,Promo
Weekend special at Meesho! Min 70% off on everything. Don't miss out: bit.ly/QqLEcu,Promo
Rs.93383 credited to A/c XX9640 on 10-06-26. Avl Bal: Rs.216052. -HDFC Bank,Bank
"Hey, my new number is 7432229621 Save it! Meet at 8?",Personal
Your SIM will be deactivated in 24hrs. Verify Aadhaar: bit.ly/HRCddk,Spam
UPI  payment of Rs.65336 to Balhaar successful. UPI Ref: 839006182367. -Kotak,Bank
Pay  Rs.2255 on delivery for order OD507124295. -Delhivery,Delivery
Rs.66028 debited from A/c XX5546 on 17-02-26 to Faraj. Avl Bal: Rs.102087. -PNB T&C apply,Bank
ALERT: Rs.51625 withdrawn from ATM using card XX5733 on 18-05-26. Bal: Rs.445030. -BOB,Bank
Use 471654 to complete your Uber registration. Valid till 10 mins.,OTP
"Never share your OTP, PIN or CVV. Axis Bank never asks for these. Stay safe.",Bank
Your  one time password is 992688 for Amazon. Please do not share it.,OTP
YOUR RETURN PICKUP FOR ORDER OD8687187869 IS SCHEDULED ON 02 JUL. KEEP THE ITEM READY. -AMAZON,Delivery
Your credit card XX6504 statement is ready. Total due: Rs.72577. Min due: Rs.1170. -BOB,Bank
816365 - use this code to sign in to Hotstar. Never share it with anyone.,OTP
Your OTP is 271300. Use it to verify your BOB account. Expires in 30 min.,OTP
Congratulations!  You won Rs.2026848 in lucky draw. Claim: bit.ly/SFCMLO,Spam
Pay Rs.1122 on delivery for order OD150977577 -BlueDart,Delivery
rs.87537 credited to a/c xx7775 on 21-06-26. avl bal: rs.133298. -kotak,Bank
ALERT: INR 65836 withdrawn from ATM using card XX3691 on 13-03-26. Bal: INR 173719. -Axis Bank,Bank
Your A/c XX5527 is debited with Rs.97182 on 22-03-26. Info: UPI-Maanav. Bal: Rs.174853,Bank
Work from home! Earn Rs.297686/month. Join: bit.ly/YNJoYm,Spam
rs.42724 debited from a/c xx5853 on 04-06-26 to bahadurjit. avl bal: rs.69838. -pnb,Bank
Enter 112829 to verify your mobile number for GPay.,OTP
Meesho: Your cart misses you! Complete purchase now & get 70% off. bit.ly/LCQqpS T&C apply,Promo
Meesho: Your cart misses you! Complete purchase now & get 50% off bitly/XEYtDT,Promo
Interest  of Rs.51130 credited to your FD A/c XX3472. -BOB,Bank
Flat Rs.105 cashback on your next order at Amazon. Use code SAVE96. Valid till 04 Jul.,Promo
upi payment of rs.81268 to indrajit successful. upi ref: 846066398324. -kotak,Bank
Salary of Rs.7672 credited to A/c XX9802. Avl Bal: Rs.454597. -BOB,Bank
SALARY OF RS.5877 CREDITED TO A/C XX3459. AVL BAL: RS.175889. -KOTAK,Bank
  Chakrika from XpressBees is arriving with your package. Contact: 01067184867,Delivery
  Out for delivery: Your Zomato package OD1514204542 will arrive today by 9 PM. -Delhivery,Delivery
Congratulations! You won INR 903651 in lucky draw. Claim: bit.ly/breqOK,Spam
Recharge with Rs.1097 & get 50% extra talktime. Offer valid today only!,Promo
Last day! Meesho clearance sale ends tonight. Up to 80% off sitewide.,Promo
Out for delivery: Your BigBasket package OD2619359935 will arrive today by 3 PM. -Ekart,Delivery
Congratulations! You won Rs.1714499 in lucky draw. Claim: bit.ly/GJVYMY,Spam
Your one time password is 901581 for Axis Bank. Please do not share it.,OTP
bigbasket big billion days! up to 60% off + extra 10% with kotak cards. hurry!,Promo
your return pickup for order od3275006981 is scheduled on 03 jul. keep the item ready. -flipkart,Delivery
EMI of Rs.98921 due on 02-04-26 for loan A/c XX8004. Pay now to avoid charges. -Kotak,Bank
Your  OTP is 894294. Use it to verify your GPay account. Expires in 10 min.,OTP
Your order OD7400555272 from Meesho is arriving tomorrow. Keep Rs.3072 ready for COD.,Delivery
Rs.8538 credited to A/c XX2722 on 28-02-26. Avl Bal: Rs.36383. -ICICI Bank,Bank
Weekend special at Flipkart! Min 40% off on everything. Don't miss out: bit.ly/utEsJD,Promo
Last day! BigBasket clearance sale ends tonight Up to 60% off sitewide,Promo
otp for delivery of order od3972023530 is 1359. share only with the delivery agent. -xpressbees,Delivery
Your credit card XX3272 statement is ready Total due: Rs.63557 Min due: Rs.2987 -PNB,Bank
883081 is your verification code for PNB. Never share your OTP.,OTP
RS.88823 DEBITED FROM A/C XX4484 ON 31-03-26 TO DARPAN. AVL BAL: RS.67096. -AXIS BANK,Bank
Weekend special at Swiggy! Min 10% off on everything. Don't miss out: bit.ly/hEruyd,Promo
Rs.70745  credited to A/c XX6619 on 08-02-26. Avl Bal: Rs.303408. -Axis Bank,Bank
Cheque no 856324030838 for Rs.3381 has been cleared from A/c XX8773 -HDFC Bank,Bank
Interest of Rs.39415 credited to ur FD A/c XX3272. -Axis Bank,Bank
Use 952531 to complete your Meesho registration. Valid till 5 mins.,OTP
Ur OTP is 14631. Use it to verify ur HDFC Bank account. Expires in 10 min.,OTP
EMI  of Rs.31870 due on 31-03-26 for loan A/c XX7137. Pay now to avoid charges. -PNB,Bank
Delivered! Your Flipkart order OD7061187836 was delivered on 01 Jul. Rate your experience: bit.ly/Qunbgn,Delivery
Work from home! Earn Rs.19473/month. Join: bit.ly/NCtTCa,Spam
Amazon: 459034 is your login OTP. It expires in 5 minutes.,OTP
Salary of Rs.36699 credited to A/c XX1269. Avl Bal: Rs.460797. -BOB,Bank
746277 is your verification code for Zomato. Never share your OTP.,OTP
EMI of Rs.35690 due on 20-06-26 for loan A/c XX7153. Pay now to avoid charges. -Kotak,Bank
use 419342 to complete your ola registration. valid till 5 mins.,OTP
502610 is your verification code for gpay. never share your otp.,OTP
  453661 - use this code to sign in to ICICI Bank. Never share it with anyone.,OTP
OTP for delivery of order OD9067482035 is 5662. Share only with the delivery agent. -Delhivery,Delivery
  463188 is your verification code for Hotstar. Never share your OTP.,OTP
"Hi  Ubika, unlock Rs.524 off your first order at Myntra with code NEW48.",Promo
  Low balance alert: A/c XX4754 balance is Rs.173104. Maintain min balance to avoid charges.,Bank
mega sale! get 20% off on all products at amazon. shop now: bit.ly/cefrsb t&c apply.,Promo
Use 921002 to complete your ICICI Bank registration. Valid till 30 mins.,OTP
Use 636865 to complete your Axis Bank registration. Valid till 5 mins.,OTP
MEGA SALE! Get 70% OFF on all products at Flipkart. Shop now: bit.ly/vKvIMQ T&C apply.,Promo
Ur credit card XX4653 statement is ready. Total due: Rs.35845. Min due: Rs.4747. -Axis Bank,Bank
Rs.74822 debited from A/c XX1826 on 24-03-26 to Radha. Avl Bal: Rs.233485. -HDFC Bank,Bank
MEGA SALE! Get 70% OFF on all products at Meesho. Shop now: bit.ly/vZrlRa T&C apply.,Promo
Your order OD9794045967 from Flipkart is arriving tomorrow. Keep Rs.3223 ready for COD.,Delivery
UPI payment of Rs.173 to Hardik successful. UPI Ref: 706795664383. -SBI,Bank
EMI OF RS.69401 DUE ON 12-02-26 FOR LOAN A/C XX4722. PAY NOW TO AVOID CHARGES. -AXIS BANK,Bank
Use 212781 to complete your Uber registration. Valid till 30 mins.,OTP
OTP for delivery of order OD4663399932 is 8395. Share only with the delivery agent. -BlueDart,Delivery
Pay  Rs.4405 on delivery for order OD167199180. -Delhivery,Delivery
Your one time password is 873011 for Zomato. Please do not share it.,OTP
Tap to verify: 680825. This code expires shortly. T&C apply,OTP
577711 is your verification code for Flipkart. Never share your OTP.,OTP
  Dear customer ur SBI account will be blocked! Update KYC now: bit.ly/ysyrQS,Spam
Weekend special at Meesho! Min 20% off on everything. Don't miss out: bit.ly/hKXuLE,Promo
  Rs.60926 debited from A/c XX5298 on 31-03-26 to Rayaan. Avl Bal: Rs.444489. -HDFC Bank,Bank
Interest of Rs.64704 credited to your FD A/c XX6751 -BOB,Bank
Zomato  Big Billion Days! Up to 60% off + extra 10% with ICICI Bank cards. Hurry!,Promo
ALERT: Rs.46202 withdrawn from ATM using card XX1334 on 13-05-26. Bal: Rs.449200. -PNB,Bank
Amazon: Ur cart misses you! Complete purchase now & get 80% off. bit.ly/xnFKXP,Promo
Rs.26764  debited from A/c XX8529 on 20-01-26 to Vivaan. Avl Bal: Rs.242556. -BOB,Bank
Swiggy: Ur cart misses you! Complete purchase now & get 70% off. bit.ly/xGMLvW,Promo
Interest of Rs.56210 credited to your FD A/c XX8074. -Kotak,Bank
Your A/c XX5421 is debited with Rs.23836 on 21-03-26. Info: UPI-Zansi. Bal: Rs.32940,Bank
Low balance alert: A/c XX3910 balance is Rs.64439. Maintain min balance to avoid charges.,Bank
Cheque  no. 302833878042 for Rs.17002 has been cleared from A/c XX6007. -ICICI Bank,Bank
Congratulations! You won Rs.2498355 in lucky draw Claim: bitly/JwOSdZ,Spam
Your Hotstar code: 207177,OTP
Interest of Rs.7039 credited to ur FD A/c XX9193. -BOB,Bank
Your Amazon order OD8134452372 has been shipped via Delhivery. Track: bit.ly/ytvJfW,Delivery
MEGA SALE! Get 40% OFF on all products at Flipkart. Shop now: bit.ly/ulPvLW T&C apply.,Promo
your uber code: 2239,OTP
Your return pickup for order OD4867929256 is scheduled on 03 Jul. Keep the item ready. -Flipkart STOP to opt out,Delivery
Coupon 3875 gives you free delivery on orders above Rs.1497 -Zomato,Promo
dtdc: shipment od6577501189 reached your city hub. expected delivery: 02 jul.,Delivery
Rishi  from DTDC is arriving with your package. Contact: 3967803972,Delivery
  Confirmation code 195802 for Uber. Keep it private.,OTP
confirmation code 112736 for sbi. keep it private.,OTP
Your Myntra order OD2668889591 has been shipped via Ekart. Track: bit.ly/zOlCXc,Delivery
Myntra: 301676 is your login OTP. It expires in 2 minutes.,OTP
XpressBees: Shipment OD4186378117 reached ur city hub. Expected delivery: 01 Jul.,Delivery
ALERT: Rs.44508 withdrawn from ATM using card XX7414 on 03-02-26. Bal: Rs.124713. -ICICI Bank T&C apply,Bank
Rs.39716 debited from A/c XX8844 on 24-02-26 to Warda. Avl Bal: Rs.303848. -ICICI Bank T&C apply,Bank
Lajita  from BlueDart is arriving with your package. Contact: +914450944640,Delivery
  IRCTC: 990866 is your login OTP. It expires in 10 minutes.,OTP
Your one time password is 715375 for PNB. Please do not share it.,OTP
<#> 104802 is your Flipkart code Valid 10 min hA8sk2Lqp3,OTP
emi of rs.56947 due on 05-05-26 for loan a/c xx2693. pay now to avoid charges. -pnb,Bank
pay rs.4010 on delivery for order od725761617. -ekart,Delivery
  Tap to verify: 699580. This code expires shortly.,OTP
"hi faris, unlock rs.737 off your first order at zomato with code new41.",Promo
Your IRCTC code: 209296,OTP
105732 is ur BOB security code. Anyone asking for it is a scammer.,OTP
  ALERT: Rs.96356 withdrawn from ATM using card XX3691 on 05-06-26. Bal: Rs.423954. -BOB,Bank
YOUR RETURN PICKUP FOR ORDER OD5389196056 IS SCHEDULED ON 01 JUL. KEEP THE ITEM READY. -BIGBASKET,Delivery
DTDC:  Shipment OD3026777612 reached your city hub. Expected delivery: 04 Jul.,Delivery
Delivery attempt failed for order OD4234778556 We will retry tomorrow -Delhivery,Delivery
MEGA SALE! Get 70% OFF on all products at Amazon. Shop now: bit.ly/EyMxxz T&C apply.,Promo
267133 - use this code to sign in to Hotstar Never share it with anyone,OTP
cheque no. 597744171475 for rs.78595 has been cleared from a/c xx3207. -sbi,Bank
Salary of Rs.29822 credited to A/c XX7763 Avl Bal: Rs.441059 -BOB,Bank
Use code 7121 at checkout for 50% off at Meesho!,Promo
Tap to verify: 735341. This code expires shortly.,OTP
Delivery attempt failed for order OD3464279490 We will retry tomorrow -BlueDart,Delivery
Chameli from DTDC is arriving with your package. Contact: 4192955987,Delivery
UPI payment of Rs.8003 to Unnati successful. UPI Ref: 860770336719. -HDFC Bank,Bank
Delivery  attempt failed for order OD4957075126. We will retry tomorrow. -XpressBees,Delivery
EMI of Rs.98496 due on 19-04-26 for loan A/c XX1168. Pay now to avoid charges. -SBI,Bank
Your  A/c XX8570 is debited with Rs.97423 on 24-02-26. Info: UPI-Nathan. Bal: Rs.31934,Bank
"Class shifted to room 1676, come fast",Personal
salary of rs.17137 credited to a/c xx1911. avl bal: rs.237093. -kotak,Bank
Your return pickup for order OD5237477381 is scheduled on 02 Jul. Keep the item ready. -Meesho,Delivery
509542 is ur OTP for IRCTC login. Valid for 15 minutes. Do not share with anyone.,OTP
Your  PhonePe code: 41062,OTP
  UPI payment of Rs.8775 to Inaya successful. UPI Ref: 471790590537. -SBI,Bank
Your credit card XX8838 statement is ready. Total due: INR 32868. Min due: INR 3455. -BOB,Bank
Recharge with Rs.1288 & get 40% extra talktime Offer valid today only!,Promo
Delivery attempt failed for order OD7158668646. We will retry tomorrow. -XpressBees,Delivery
Delivery attempt failed for order OD7190591846. We will retry tomorrow. -Delhivery,Delivery
Recharge with Rs.1807 & get 40% extra talktime. Offer valid today only!,Promo
"HEY, MY NEW NUMBER IS 09592551145. SAVE IT! MEET AT TONIGHT?",Personal
G-313184 is your Google verification code.,OTP
Rs.85891 credited to A/c XX2394 on 06-02-26. Avl Bal: Rs.242036. -HDFC Bank T&C apply,Bank
Your Paytm code: 161001 STOP to opt out,OTP
  237097 is your verification code for Zomato. Never share your OTP.,OTP
INR 89255 credited to A/c XX1137 on 13-03-26. Avl Bal: INR 331862. -Axis Bank,Bank
Your Zomato order OD2657637629 has been shipped via Delhivery Track: bitly/VSnxCF,Delivery
Out for delivery: Your Flipkart package OD9710361322 will arrive today by 6 PM. -Ekart,Delivery
Your A/c XX9459 is debited with Rs.64676 on 14-06-26. Info: UPI-Bhavya. Bal: Rs.26975,Bank
  PNB: 421165 is your login OTP. It expires in 5 minutes.,OTP
Cheque no. 765011670120 for Rs.31084 has been cleared from A/c XX5456. -BOB STOP to opt out,Bank
Cheque no. 496097203455 for Rs.21773 has been cleared from A/c XX8083. -PNB,Bank
low balance alert: a/c xx4353 balance is rs.8220. maintain min balance to avoid charges.,Bank
Low balance alert: A/c XX4503 balance is INR 59735. Maintain min balance to avoid charges.,Bank
Congratulations! You won Rs.415788 in lucky draw. Claim: bit.ly/RQvnRR,Spam
Rs.77208 debited from A/c XX9862 on 28-06-26 to Girindra. Avl Bal: Rs.102439. -PNB,Bank
Weekend special at Zomato! Min 50% off on everything. Don't miss out: bit.ly/MKpzez,Promo
Your credit card XX3689 statement is ready. Total due: INR 22970. Min due: INR 1149. -ICICI Bank,Bank
666935 is ur verification code for PNB. Never share ur OTP.,OTP
Delivery attempt failed for order OD8577533399. We will retry tomorrow. -XpressBees,Delivery
EMI of Rs.10400 due on 09-06-26 for loan A/c XX3422. Pay now to avoid charges. -SBI,Bank
  Pay Rs.2325 on delivery for order OD100700357. -DTDC,Delivery
RECHARGE WITH RS.1175 & GET 20% EXTRA TALKTIME. OFFER VALID TODAY ONLY!,Promo
Last day! Amazon clearance sale ends tonight. Up to 40% off sitewide.,Promo
"Class shifted to room 8862, come fast",Personal
USE 55184 TO COMPLETE YOUR AMAZON REGISTRATION. VALID TILL 30 MINS.,OTP
Enter 538200 to verify your mobile number for GPay. STOP to opt out,OTP
Flipkart Big Billion Days! Up to 30% off + extra 10% with BOB cards. Hurry!,Promo
TAP TO VERIFY: 221984. THIS CODE EXPIRES SHORTLY.,OTP
Interest of Rs.13044 credited to your FD A/c XX8072. -ICICI Bank,Bank
your uber code: 3436,OTP
378341 is your verification code for Paytm. Never share your OTP.,OTP
Tap to verify: 720579. This code expires shortly. -TM,OTP
Exclusive  for you! Buy 1 Get 1 FREE at Myntra. Limited period offer. Visit bit.ly/bdJrsQ,Promo
Tap to verify: 410555 This code expires shortly,OTP
Recharge with Rs.966 & get 10% extra talktime Offer valid today only!,Promo
Cheque no. 253861116214 for INR 99167 has been cleared from A/c XX4776. -Kotak,Bank
Rs.81109 credited to A/c XX4565 on 05-03-26. Avl Bal: Rs.2051. -Axis Bank,Bank
UPI payment of INR 75978 to Daksh successful. UPI Ref: 148227745968. -HDFC Bank,Bank
ALERT: RS.49023 WITHDRAWN FROM ATM USING CARD XX6211 ON 25-05-26. BAL: RS.199428. -SBI,Bank
G-592727 is your Google verification code.,OTP
Rs.52888  debited from A/c XX9522 on 16-02-26 to Andrew. Avl Bal: Rs.114059. -HDFC Bank,Bank
OTP for delivery of order OD1074183912 is 5971. Share only with the delivery agent. -DTDC,Delivery
OTP for delivery of order OD8353982731 is 9418. Share only with the delivery agent. -DTDC,Delivery
Your order OD6178117519 from Meesho is arriving tomorrow. Keep Rs.3994 ready for COD.,Delivery
Use 475406 to complete your Uber registration Valid till 30 mins,OTP
ORDER OD7456118693 PACKED AND READY! EXPECTED DISPATCH BY 01 JUL. -AMAZON,Delivery
Meesho Big Billion Days! Up to 50% off + extra 10% with Kotak cards. Hurry!,Promo
"Never share your OTP, PIN or CVV BOB never asks for these Stay safe",Bank
Ola: 847849 is your login OTP. It expires in 30 minutes.,OTP
Salary of Rs.31770 credited to A/c XX5984. Avl Bal: Rs.475814. -BOB,Bank
Salary of Rs.50208 credited to A/c XX7919. Avl Bal: Rs.45178. -BOB,Bank
Recharge  with Rs.498 & get 70% extra talktime. Offer valid today only!,Promo
"Hi Jatin, unlock Rs.618 off your first order at BigBasket with code NEW20",Promo
  <#> 842906 is your ICICI Bank code. Valid 15 min. hA8sk2Lqp3,OTP
Your Uber code: 6694,OTP
Weekend special at Flipkart! Min 20% off on everything Don't miss out: bitly/qIhats,Promo
Rs.62005 credited to A/c XX5519 on 18-04-26. Avl Bal: Rs.309089. -PNB,Bank
"Bro send me Rs.3034 on gpay, will return by 03 Jul",Personal
Delivered! Your Amazon order OD7573059136 was delivered on 01 Jul. Rate your experience: bit.ly/exctFe,Delivery
Ur order OD9159261949 from Swiggy is arriving tomorrow. Keep Rs.1386 ready for COD.,Delivery
Last day! BigBasket clearance sale ends tonight. Up to 50% off sitewide.,Promo
Tap to verify: 459572. This code expires shortly.,OTP
Enter 27133 to verify your mobile number for Swiggy. T&C apply,OTP
"  Never share your OTP, PIN or CVV. ICICI Bank never asks for these. Stay safe.",Bank
Rs.64423 credited to A/c XX1256 on 07-06-26. Avl Bal: Rs.430992. -Kotak,Bank
  Work from home! Earn Rs.559277/month. Join: bit.ly/NKrvoO,Spam
ALERT: Rs.70685 withdrawn from ATM using card XX9137 on 02-01-26. Bal: Rs.341039. -PNB,Bank
confirmation code 819637 for irctc. keep it private.,OTP
Order OD7238939282 packed and ready! Expected dispatch by 04 Jul. -BigBasket STOP to opt out,Delivery
Out for delivery: Ur Swiggy package OD1900915190 will arrive today by 9 PM. -BlueDart,Delivery
Weekend special at Myntra! Min 50% off on everything. Don't miss out: bit.ly/eAeTzz -TM,Promo
Your one time password is 570127 for HDFC Bank. Please do not share it.,OTP
Rs.4400 credited to A/c XX5399 on 28-02-26. Avl Bal: Rs.226547. -ICICI Bank,Bank
  Your Flipkart membership expires soon. Renew now & save 40%: bit.ly/szeoJx,Promo
"Hey, my new number is +915938286438. Save it! Meet at 8?",Personal
Meesho: Your cart misses you! Complete purchase now & get 30% off. bit.ly/XwuVAO,Promo
mitali from delhivery is arriving with your package. contact: 07220734225,Delivery
Your Uber code: 4375,OTP
Confirmation code 552617 for Ola. Keep it private.,OTP
out for delivery: your meesho package od1745160911 will arrive today by 12 pm. -bluedart,Delivery
OTP: 329699 for txn of INR 16848 at Swiggy. Do not share. -SBI,OTP
OTP: 57758 for txn of Rs.24496 at Kotak. Do not share. -Axis Bank,OTP
Use 773143 to complete your Flipkart registration Valid till 30 mins,OTP
EXCLUSIVE FOR YOU! BUY 1 GET 1 FREE AT MYNTRA. LIMITED PERIOD OFFER. VISIT BIT.LY/ENPNAP,Promo
dear customer ur hdfc bank account will be blocked! update kyc now: bit.ly/zehxdf,Spam
Your  SIM will be deactivated in 24hrs. Verify Aadhaar: bit.ly/VfDDCp,Spam
Dear customer ur HDFC Bank account will be blocked! Update KYC now: bit.ly/ExPyye,Spam
USE CODE 2114 AT CHECKOUT FOR 50% OFF AT MYNTRA!,Promo
Use code 6027 at checkout for 25% off at Swiggy!,Promo
Enter 417536 to verify ur mobile number for Axis Bank.,OTP
Work  from home! Earn Rs.1188978/month. Join: bit.ly/TFCYxi,Spam
304757  is your verification code for Netflix. Never share your OTP.,OTP
Interest of Rs.1067 credited to your FD A/c XX7940. -PNB,Bank
  Coupon 8919 gives you free delivery on orders above Rs.503. -Swiggy,Promo
<#> 698166 is your Flipkart code. Valid 10 min. hA8sk2Lqp3 STOP to opt out,OTP
Low balance alert: A/c XX8271 balance is Rs.493187. Maintain min balance to avoid charges.,Bank
Recharge  with Rs.1445 & get 50% extra talktime. Offer valid today only!,Promo
Salary of Rs.1954 credited to A/c XX4731. Avl Bal: Rs.326272. -HDFC Bank,Bank
rs.3324 debited from a/c xx5283 on 25-05-26 to janya. avl bal: rs.61568. -sbi,Bank
Yasti from Delhivery is arriving with ur package. Contact: 7198715360,Delivery
Your IRCTC code: 249845,OTP
Your BigBasket membership expires soon Renew now & save 40%: bitly/OEBdOW,Promo
Rs.77278 debited from A/c XX8488 on 04-06-26 to Urmi. Avl Bal: Rs.472626. -PNB,Bank
<#> 304213 is your Meesho code. Valid 5 min. hA8sk2Lqp3,OTP
UPI payment of INR 2328 to Warinder successful. UPI Ref: 660484227132. -Axis Bank,Bank
Exclusive for you! Buy 1 Get 1 FREE at Amazon Limited period offer Visit bitly/BaIZmb,Promo
Flipkart: Ur cart misses you! Complete purchase now & get 80% off. bit.ly/PLOqUL,Promo
EMI of Rs.2718 due on 18-06-26 for loan A/c XX5504. Pay now to avoid charges. -ICICI Bank STOP to opt out,Bank
700669 is your verification code for Meesho. Never share your OTP.,OTP
Cheque no 446619363251 for Rs.39348 has been cleared from A/c XX8007 -PNB,Bank
Your Ola code: 783948,OTP
OTP: 415605 for txn of Rs.4338 at Axis Bank. Do not share. -BOB,OTP
YOUR ORDER OD7197201133 FROM ZOMATO IS ARRIVING TOMORROW. KEEP RS.1948 READY FOR COD.,Delivery
Girish  from DTDC is arriving with your package. Contact: +914563321179,Delivery
Your Flipkart order OD7734976559 has been shipped via Ekart. Track: bit.ly/BhQZIK,Delivery
Ur A/c XX9989 is debited with Rs.17410 on 01-07-26. Info: UPI-Hemani. Bal: Rs.52088,Bank
Your  order OD8444132379 from Zomato is arriving tomorrow. Keep Rs.3109 ready for COD.,Delivery
Last day! Zomato clearance sale ends tonight. Up to 30% off sitewide.,Promo
Your Swiggy membership expires soon. Renew now & save 70%: bit.ly/iZtfpz,Promo
Ur Flipkart order OD7528770201 has been shipped via XpressBees. Track: bit.ly/gWTXlh,Delivery
EMI of Rs.86637 due on 08-06-26 for loan A/c XX1469. Pay now to avoid charges. -Axis Bank,Bank
Exclusive for you! Buy 1 Get 1 FREE at Amazon. Limited period offer. Visit bit.ly/zWlQIv,Promo
G-116501 is your Google verification code. T&C apply,OTP
"Hi Jeet, unlock Rs.638 off ur first order at Flipkart with code NEW78.",Promo
alert: rs.26868 withdrawn from atm using card xx7251 on 03-05-26. bal: rs.251874. -bob,Bank
Your credit card XX2079 statement is ready. Total due: Rs.40830. Min due: Rs.1321. -HDFC Bank,Bank
  Your Flipkart code: 814270,OTP
944771 is ur Hotstar security code. Anyone asking for it is a scammer.,OTP
  Salary of Rs.6855 credited to A/c XX7669. Avl Bal: Rs.341770. -Kotak,Bank
Cheque no. 999353697101 for Rs.32649 has been cleared from A/c XX2813. -Kotak,Bank
431004 is your Axis Bank security code. Anyone asking for it is a scammer.,OTP
Delivery attempt failed for order OD1255764102. We will retry tomorrow. -Delhivery,Delivery
282906 is your otp for meesho login. valid for 5 minutes. do not share with anyone.,OTP
694243 is your verification code for PhonePe Never share your OTP,OTP
OTP: 127480 for txn of Rs.33965 at GPay. Do not share. -BOB,OTP
699304 - use this to sign in. Never share this code with anyone.,OTP
OTP:  817617 for txn of Rs.38188 at Uber. Do not share. -BOB,OTP
tap to verify: 400135. this code expires shortly.,OTP
  Work from home! Earn Rs.242430/month. Join: bit.ly/CFApZi,Spam
salary of rs.37725 credited to a/c xx4525. avl bal: rs.109718. -sbi,Bank
"Bro send me Rs.503 on gpay, will return by 04 Jul",Personal
"Hey, my new number is +912542112032. Save it! Meet at noon?",Personal
weekend special at amazon! min 80% off on everything. don't miss out: bit.ly/hxrvge,Promo
Rs.23801 debited from A/c XX1469 on 22-01-26 to Advika. Avl Bal: Rs.468738. -PNB,Bank
Ur one time password is 911496 for Zomato. Please do not share it.,OTP
YOUR OTP IS 987164. USE IT TO VERIFY YOUR KOTAK ACCOUNT. EXPIRES IN 15 MIN.,OTP
Rs.78601 credited to A/c XX7100 on 24-03-26. Avl Bal: Rs.263966. -HDFC Bank,Bank
Delivery attempt failed for order OD2004395492. We will retry tomorrow. -DTDC,Delivery
Ur A/c XX8061 is debited with Rs.36211 on 11-01-26. Info: UPI-Krisha. Bal: Rs.469303,Bank
Out for delivery: Your Swiggy package OD8288881967 will arrive today by 12 PM -BlueDart,Delivery
644745 - use this to sign in. Never share this code with anyone.,OTP
Your  credit card XX7257 statement is ready. Total due: Rs.71210. Min due: Rs.788. -SBI,Bank
INR 17148 debited from A/c XX7379 on 02-07-26 to Yasti. Avl Bal: INR 227754. -BOB,Bank
MEGA  SALE! Get 20% OFF on all products at Amazon. Shop now: bit.ly/JSiSYD T&C apply.,Promo
752746 is your PhonePe security code Anyone asking for it is a scammer,OTP
meesho: 478214 is your login otp. it expires in 2 minutes.,OTP
  Your SBI code: 608104,OTP
Rs.4211 credited to A/c XX3318 on 02-06-26. Avl Bal: Rs.411710. -ICICI Bank,Bank
"Hey,  my new number is 09053952453. Save it! Meet at noon?",Personal
"Hi Warjas, unlock INR 1073 off your first order at BigBasket with code NEW59.",Promo
Work from home! Earn Rs.1870190/month. Join: bit.ly/HTVZYP,Spam
862737 IS YOUR AXIS BANK SECURITY CODE. ANYONE ASKING FOR IT IS A SCAMMER.,OTP
Your credit card XX2580 statement is ready. Total due: Rs.75643. Min due: Rs.4732. -PNB,Bank
"Never share your OTP, PIN or CVV. SBI never asks for these. Stay safe.",Bank
909244 - use this code to sign in to Hotstar. Never share it with anyone.,OTP
Weekend special at BigBasket! Min 20% off on everything. Don't miss out: bit.ly/utlapj,Promo
Your  order OD7332806058 from Swiggy is arriving tomorrow. Keep Rs.4963 ready for COD.,Delivery
"  Bro send me Rs.3177 on gpay, will return by 03 Jul",Personal
Ishwar from BlueDart is arriving with your package. Contact: 2563535404,Delivery
Exclusive for you! Buy 1 Get 1 FREE at Zomato Limited period offer Visit bitly/qSGxRA,Promo
Delhivery:  Shipment OD4443644848 reached your city hub. Expected delivery: 01 Jul.,Delivery
941661  - use this code to sign in to Meesho. Never share it with anyone.,OTP
Exclusive for you! Buy 1 Get 1 FREE at Meesho. Limited period offer. Visit bit.ly/koijyi,Promo
"Never share your OTP, PIN or CVV. Axis Bank never asks for these. Stay safe.",Bank
601653 is your Ola security code. Anyone asking for it is a scammer.,OTP
YOUR RETURN PICKUP FOR ORDER OD8774291779 IS SCHEDULED ON 03 JUL. KEEP THE ITEM READY. -AMAZON,Delivery
Salary of INR 22769 credited to A/c XX9275. Avl Bal: INR 491573. -PNB,Bank
OTP for delivery of order OD5222256295 is 7605 Share only with the delivery agent -XpressBees,Delivery
CHEQUE NO. 669290687450 FOR RS.11958 HAS BEEN CLEARED FROM A/C XX6192. -SBI,Bank
Your order OD6441535227 from Meesho is arriving tomorrow. Keep Rs.2804 ready for COD. -TM,Delivery
Your order OD6073315221 from Zomato is arriving tomorrow. Keep Rs.1531 ready for COD.,Delivery
Coupon 5533 gives you free delivery on orders above Rs.4693. -Meesho,Promo
UPI payment of Rs.88094 to Veer successful UPI Ref: 364371808216 -HDFC Bank,Bank
Tap to verify: 127033 This code expires shortly,OTP
Meesho Big Billion Days! Up to 80% off + extra 10% with BOB cards Hurry!,Promo
flat rs.641 cashback on your next order at myntra. use code save68. valid till 01 jul.,Promo
"  Class shifted to room 2258, come fast",Personal
Your return pickup for order OD5760190347 is scheduled on 03 Jul. Keep the item ready. -Meesho,Delivery
otp-based login was enabled for your a/c xx5197. call bob if this wasn't you.,Bank
Your SBI code: 853265,OTP
  <#> 495797 is your Meesho code. Valid 15 min. hA8sk2Lqp3,OTP
Enter 534951 to verify ur mobile number for Amazon.,OTP
"Never share ur OTP, PIN or CVV. BOB never asks for these. Stay safe.",Bank
  OTP: 443613 for txn of Rs.28355 at Kotak. Do not share. -ICICI Bank,OTP
"Never share your OTP, PIN or CVV. Kotak never asks for these. Stay safe.",Bank
Your SBI code: 639868,OTP
Use code 9987 at checkout for 25% off at Myntra!,Promo
Delivery attempt failed for order OD1219630028. We will retry tomorrow. -BlueDart,Delivery
Rs.63968 credited to A/c XX1681 on 26-06-26. Avl Bal: Rs.477275. -SBI,Bank
Salary of Rs.61018 credited to A/c XX9559. Avl Bal: Rs.15332. -BOB,Bank
  Interest of Rs.22142 credited to your FD A/c XX9524. -HDFC Bank,Bank
  Your A/c XX9216 is debited with Rs.1729 on 02-04-26. Info: UPI-Ronith. Bal: Rs.388153,Bank
OTP: 592952 for txn of Rs.11983 at SBI. Do not share. -Axis Bank,OTP
584052 is your OTP for BigBasket login. Valid for 5 minutes. Do not share with anyone.,OTP
Ur OTP is 864273. Use it to verify ur Paytm account. Expires in 10 min.,OTP
Work from home! Earn INR 2411618/month. Join: bit.ly/FVKuXI,Spam
G-693570 is your Google verification code,OTP
<#> 972508 is your Amazon code. Valid 5 min. hA8sk2Lqp3,OTP
  BlueDart: Shipment OD1265673354 reached your city hub. Expected delivery: 02 Jul.,Delivery
HDFC Bank: 978309 is your login OTP. It expires in 2 minutes.,OTP
Confirmation code 567548 for Meesho Keep it private,OTP
Delivered! Your Amazon order OD9341948263 was delivered on 03 Jul. Rate your experience: bit.ly/kQnwPr,Delivery
Interest  of Rs.90836 credited to your FD A/c XX5760. -Kotak,Bank
Enter 123696 to verify your mobile number for Myntra,OTP
UPI payment of Rs.79778 to Netra successful. UPI Ref: 597242650051. -PNB,Bank
  OTP: 45133 for txn of Rs.24521 at PhonePe. Do not share. -BOB,OTP
  Use code 8638 at checkout for 25% off at BigBasket!,Promo
Zomato:  Your cart misses you! Complete purchase now & get 20% off. bit.ly/fbsGHB,Promo
PNB: 166180 is your login OTP. It expires in 5 minutes. STOP to opt out,OTP
G-44918 is your Google verification code,OTP
Use code 5841 at checkout for 50% off at Flipkart!,Promo
"Never share your OTP, PIN or CVV. HDFC Bank never asks for these. Stay safe.",Bank
order od4091104315 packed and ready! expected dispatch by 03 jul. -amazon,Delivery
G-421197 is your Google verification code,OTP
Your  SIM will be deactivated in 24hrs. Verify Aadhaar: bit.ly/sMgbJM,Spam
OUT FOR DELIVERY: YOUR MYNTRA PACKAGE OD5210001712 WILL ARRIVE TODAY BY 12 PM. -DTDC,Delivery
UPI payment of Rs.7632 to Leela successful UPI Ref: 650127716448 -PNB,Bank
"HI ISAAC, UNLOCK RS.1368 OFF YOUR FIRST ORDER AT SWIGGY WITH CODE NEW77.",Promo
Use 25219 to complete your PhonePe registration. Valid till 30 mins.,OTP
"Never share your OTP, PIN or CVV. BOB never asks for these. Stay safe.",Bank
Amazon: 502318 is your login OTP. It expires in 15 minutes.,OTP
Your  Meesho membership expires soon. Renew now & save 30%: bit.ly/pxRrUr,Promo
Rs.48669 debited from A/c XX3878 on 13-06-26 to Ayushman. Avl Bal: Rs.463192. -Kotak,Bank
damyanti from ekart is arriving with your package. contact: +915646635116,Delivery
"Class shifted to room 3834, come fast",Personal
  Exclusive for you! Buy 1 Get 1 FREE at Flipkart. Limited period offer. Visit bit.ly/PxpRFk,Promo
Meesho Big Billion Days! Up to 20% off + extra 10% with Kotak cards. Hurry!,Promo
"  Bro send me Rs.2859 on gpay, will return by 03 Jul",Personal
Use 456044 to complete your Paytm registration. Valid till 2 mins. -TM,OTP
  Enter 276696 to verify your mobile number for Zomato.,OTP
ALERT: Rs.25830 withdrawn from ATM using card XX8358 on 25-04-26. Bal: Rs.263083. -SBI T&C apply,Bank
Zomato: Your cart misses you! Complete purchase now & get 10% off. bit.ly/JctyLJ T&C apply,Promo
  394755 is your verification code for IRCTC. Never share your OTP.,OTP
Delivery attempt failed for order OD9126621882. We will retry tomorrow. -BlueDart -TM,Delivery
Cheque no. 340511617822 for Rs.78330 has been cleared from A/c XX4379. -ICICI Bank,Bank
pay rs.3446 on delivery for order od981198906. -bluedart,Delivery
"  Hi Sara, unlock Rs.1129 off your first order at BigBasket with code NEW90.",Promo
  OTP-based login was enabled for your A/c XX4432. Call ICICI Bank if this wasn't you.,Bank
otp for delivery of order od8345463285 is 3308. share only with the delivery agent. -bluedart,Delivery
  Recharge with Rs.213 & get 30% extra talktime. Offer valid today only!,Promo
Use code 7802 at checkout for 25% off at Swiggy!,Promo
"Hey, my new number is 06734460248. Save it! Meet at tonight?",Personal
Delivery attempt failed for order OD4482650221. We will retry tomorrow. -Ekart,Delivery
UPI payment of Rs.81498 to Eshana successful. UPI Ref: 921077203450. -SBI,Bank
  Out for delivery: Your Myntra package OD2337976586 will arrive today by 9 PM. -XpressBees,Delivery
alert: rs.90711 withdrawn from atm using card xx6752 on 09-01-26. bal: rs.137460. -hdfc bank,Bank
"Never share your OTP, PIN or CVV. PNB never asks for these. Stay safe.",Bank
Tap to verify: 853519. This code expires shortly. -TM,OTP
Your return pickup for order OD2721490690 is scheduled on 02 Jul Keep the item ready -Swiggy,Delivery
MEGA  SALE! Get 70% OFF on all products at Zomato. Shop now: bit.ly/aiHici T&C apply.,Promo
flat rs.183 cashback on your next order at bigbasket. use code save20. valid till 03 jul.,Promo
G-429398  is your Google verification code.,OTP
Zomato Big Billion Days! Up to 50% off + extra 10% with SBI cards. Hurry!,Promo
Tap to verify: 709838. This code expires shortly.,OTP
  Tap to verify: 834111. This code expires shortly.,OTP
Use code 2587 at checkout for 10% off at Zomato! T&C apply,Promo
Recharge with Rs.536 & get 20% extra talktime. Offer valid today only!,Promo
Confirmation code 710134 for PNB. Keep it private. STOP to opt out,OTP
Your  OTP is 931660. Use it to verify your SBI account. Expires in 30 min.,OTP
<#> 577025 is your Myntra code. Valid 2 min. hA8sk2Lqp3,OTP
OTP: 421024 for txn of Rs.16928 at Uber. Do not share. -BOB T&C apply,OTP
MEGA SALE! Get 80% OFF on all products at BigBasket. Shop now: bit.ly/zzjBrC T&C apply.,Promo
Interest of INR 15318 credited to your FD A/c XX2964. -ICICI Bank,Bank
Pay Rs.1647 on delivery for order OD489539420. -Delhivery,Delivery
DELIVERED! YOUR BIGBASKET ORDER OD6693354690 WAS DELIVERED ON 04 JUL. RATE YOUR EXPERIENCE: BIT.LY/GHYWLA,Delivery
Use  688586 to complete your PNB registration. Valid till 10 mins.,OTP
656179 is your OTP for PNB login. Valid for 2 minutes. Do not share with anyone.,OTP
MEGA SALE! GET 20% OFF ON ALL PRODUCTS AT BIGBASKET. SHOP NOW: BIT.LY/NVJBZD T&C APPLY.,Promo
623148 is your IRCTC security code. Anyone asking for it is a scammer.,OTP
OTP for delivery of order OD7385954360 is 4808. Share only with the delivery agent. -DTDC,Delivery
WEEKEND SPECIAL AT AMAZON! MIN 80% OFF ON EVERYTHING. DON'T MISS OUT: BIT.LY/QIXJZQ,Promo
Your BigBasket membership expires soon. Renew now & save 70%: bit.ly/nimMpy,Promo
Confirmation code 846998 for Ola. Keep it private.,OTP
307603 is your Zomato security code. Anyone asking for it is a scammer.,OTP
"HI CALEB, UNLOCK RS.1870 OFF YOUR FIRST ORDER AT MYNTRA WITH CODE NEW43.",Promo
Recharge with Rs.877 & get 70% extra talktime. Offer valid today only!,Promo
465648 is ur OTP for PNB login. Valid for 2 minutes. Do not share with anyone.,OTP
Zomato: 878334 is your login OTP It expires in 10 minutes,OTP
Your Uber code: 9389,OTP
Last day! Swiggy clearance sale ends tonight. Up to 40% off sitewide.,Promo
OUT FOR DELIVERY: YOUR ZOMATO PACKAGE OD1154778809 WILL ARRIVE TODAY BY 12 PM. -EKART,Delivery
Your order OD5808375763 from Flipkart is arriving tomorrow. Keep INR 1735 ready for COD.,Delivery
EMI of Rs.29748 due on 20-05-26 for loan A/c XX3607. Pay now to avoid charges. -HDFC Bank,Bank
  Your order OD9687139130 from Flipkart is arriving tomorrow. Keep Rs.3259 ready for COD.,Delivery
Your Swiggy order OD6069204835 has been shipped via XpressBees. Track: bit.ly/VlVZUp STOP to opt out,Delivery
528582 is your Amazon security code. Anyone asking for it is a scammer.,OTP
551891 - use this code to sign in to Zomato Never share it with anyone,OTP
YOCHANA FROM XPRESSBEES IS ARRIVING WITH YOUR PACKAGE. CONTACT: 04034609545,Delivery
YOUR MEESHO ORDER OD7542619392 HAS BEEN SHIPPED VIA DELHIVERY. TRACK: BIT.LY/CREQHE,Delivery
572543 - use this code to sign in to axis bank. never share it with anyone.,OTP
COUPON 1136 GIVES YOU FREE DELIVERY ON ORDERS ABOVE RS.3520. -MYNTRA,Promo
Zomato Big Billion Days! Up to 10% off + extra 10% with SBI cards. Hurry!,Promo
Order OD9888239492 packed and ready! Expected dispatch by 04 Jul. -Swiggy,Delivery
Your credit card XX5035 statement is ready. Total due: Rs.2824. Min due: Rs.701. -Kotak,Bank
alert: rs.10822 withdrawn from atm using card xx7134 on 06-05-26. bal: rs.443229. -icici bank,Bank
Your A/c XX9809 is debited with Rs.38216 on 27-01-26. Info: UPI-Vritti. Bal: Rs.8847 -TM,Bank
94161  is your verification code for HDFC Bank. Never share your OTP.,OTP
  UPI payment of Rs.21440 to Maanav successful. UPI Ref: 467311990680. -SBI,Bank
Confirmation code 131876 for GPay. Keep it private.,OTP
otp for delivery of order od5755431169 is 3828. share only with the delivery agent. -dtdc,Delivery
Exclusive for you! Buy 1 Get 1 FREE at Swiggy. Limited period offer. Visit bit.ly/ESKLik,Promo
Last  day! Meesho clearance sale ends tonight. Up to 60% off sitewide.,Promo
Pay Rs.1689 on delivery for order OD667634584. -BlueDart,Delivery
Use 174209 to complete your GPay registration. Valid till 2 mins. STOP to opt out,OTP
  Delivery attempt failed for order OD9655768134. We will retry tomorrow. -DTDC,Delivery
Raagini from Delhivery is arriving with your package. Contact: +912986697368 T&C apply,Delivery
OTP for delivery of order OD1841043421 is 9063. Share only with the delivery agent. -Delhivery,Delivery
  MEGA SALE! Get 80% OFF on all products at Zomato. Shop now: bit.ly/fZNWXp T&C apply.,Promo
  Rs.17246 credited to A/c XX6368 on 26-04-26. Avl Bal: Rs.410234. -BOB,Bank
"hi harsh, unlock rs.668 off your first order at amazon with code new12.",Promo
Use code 9702 at checkout for 50% off at Flipkart!,Promo
Your Meesho membership expires soon. Renew now & save 30%: bit.ly/odqsnj,Promo
Order OD6525396654 packed and ready! Expected dispatch by 04 Jul. -Amazon,Delivery
607385  is your PNB security code. Anyone asking for it is a scammer.,OTP
999946 is your verification code for Uber. Never share your OTP.,OTP
  OTP: 818970 for txn of Rs.34633 at IRCTC. Do not share. -Axis Bank,OTP
Low balance alert: A/c XX9975 balance is Rs.400037 Maintain min balance to avoid charges,Bank
Your one time password is 958564 for BigBasket. Please do not share it.,OTP
  Salary of Rs.89731 credited to A/c XX7130. Avl Bal: Rs.39340. -PNB,Bank
Amazon: 672241 is your login OTP It expires in 30 minutes,OTP
Flat Rs.595 cashback on your next order at BigBasket Use code SAVE73 Valid till 04 Jul,Promo
  EMI of Rs.71147 due on 23-04-26 for loan A/c XX2889. Pay now to avoid charges. -Axis Bank,Bank
OUT FOR DELIVERY: YOUR AMAZON PACKAGE OD5009860220 WILL ARRIVE TODAY BY 3 PM. -EKART,Delivery
Recharge with Rs.399 & get 80% extra talktime Offer valid today only!,Promo
Your Swiggy order OD5888186147 has been shipped via XpressBees. Track: bit.ly/nDWGaW,Delivery
ALERT: Rs.78627 withdrawn from ATM using card XX8590 on 01-05-26. Bal: Rs.455910. -BOB -TM,Bank
Confirmation code 999106 for Meesho. Keep it private.,OTP
confirmation code 952676 for gpay. keep it private.,OTP
Interest of Rs.20993 credited to your FD A/c XX2073. -BOB,Bank
Enter 105031 to verify your mobile number for PhonePe.,OTP
OSHA FROM DELHIVERY IS ARRIVING WITH YOUR PACKAGE. CONTACT: 2701287556,Delivery
MEGA SALE! Get 30% OFF on all products at Flipkart. Shop now: bit.ly/TwwVxq T&C apply.,Promo
Confirmation  code 706686 for GPay. Keep it private.,OTP
Swiggy:  Your cart misses you! Complete purchase now & get 70% off. bit.ly/uxryfa,Promo
"Never share your OTP, PIN or CVV. PNB never asks for these. Stay safe.",Bank
Congratulations! You won Rs.2224807 in lucky draw. Claim: bit.ly/DmFAvb,Spam
g-165098 is your google verification code.,OTP
flat rs.374 cashback on your next order at amazon. use code save89. valid till 01 jul.,Promo
  Swiggy Big Billion Days! Up to 50% off + extra 10% with SBI cards. Hurry!,Promo
MEGA SALE! Get 70% OFF on all products at Swiggy Shop now: bitly/WRDPBt T&C apply,Promo
Your one time password is 194228 for Ola. Please do not share it.,OTP
enter 359413 to verify your mobile number for hotstar.,OTP
ALERT: Rs.39994 withdrawn from ATM using card XX9828 on 14-06-26. Bal: Rs.461496. -ICICI Bank -TM,Bank
Your credit card XX5883 statement is ready. Total due: Rs.14164. Min due: Rs.2540. -HDFC Bank,Bank
Flat Rs.1572 cashback on your next order at Flipkart. Use code SAVE33. Valid till 03 Jul.,Promo
MEGA SALE! Get 60% OFF on all products at Zomato Shop now: bitly/VlQIKt T&C apply,Promo
  Use 549768 to complete your SBI registration. Valid till 2 mins.,OTP
OTP-BASED LOGIN WAS ENABLED FOR YOUR A/C XX4928. CALL PNB IF THIS WASN'T YOU.,Bank
ALERT: Rs.42621 withdrawn from ATM using card XX6396 on 03-02-26. Bal: Rs.3764. -HDFC Bank,Bank
  399255 is your ICICI Bank security code. Anyone asking for it is a scammer.,OTP
Your Uber code: 257895,OTP
Rs.42571 debited from A/c XX2997 on 28-01-26 to Vasana. Avl Bal: Rs.341065. -HDFC Bank,Bank
  OTP-based login was enabled for your A/c XX9598. Call PNB if this wasn't you.,Bank
Flat Rs.1962 cashback on your next order at Myntra. Use code SAVE67. Valid till 03 Jul.,Promo
Salary of Rs.35710 credited to A/c XX2045. Avl Bal: Rs.461301. -PNB,Bank
ALERT: Rs.24047 withdrawn from ATM using card XX5332 on 03-01-26. Bal: Rs.463778. -PNB,Bank
DELIVERY ATTEMPT FAILED FOR ORDER OD7849116211. WE WILL RETRY TOMORROW. -BLUEDART,Delivery
G-717169 IS YOUR GOOGLE VERIFICATION CODE.,OTP
215973 - use this code to sign in to GPay. Never share it with anyone.,OTP
ALERT: Rs.12491 withdrawn from ATM using card XX4567 on 10-02-26. Bal: Rs.73631. -PNB,Bank
G-74366 is your Google verification code.,OTP
Ur A/c XX5355 is debited with Rs.48161 on 31-01-26. Info: UPI-Samesh. Bal: Rs.380903,Bank
order od8442412055 packed and ready! expected dispatch by 03 jul. -flipkart,Delivery
Amazon Big Billion Days! Up to 50% off + extra 10% with SBI cards. Hurry! T&C apply,Promo
upi payment of rs.19896 to vedant successful. upi ref: 887077698545. -axis bank,Bank
Salary  of Rs.50081 credited to A/c XX7929. Avl Bal: Rs.92758. -SBI,Bank
  80552 is your OTP for IRCTC login. Valid for 15 minutes. Do not share with anyone.,OTP
recharge with rs.870 & get 50% extra talktime. offer valid today only!,Promo
UPI payment of Rs.39876 to Madhav successful UPI Ref: 215321591050 -ICICI Bank,Bank
Your A/c XX5504 is debited with Rs.5595 on 04-06-26 Info: UPI-Samar Bal: Rs.243009,Bank
Rs.65491 debited from A/c XX9754 on 01-03-26 to Ikshita. Avl Bal: Rs.406162. -ICICI Bank,Bank
"Never share ur OTP, PIN or CVV. SBI never asks for these. Stay safe.",Bank
686351 is your OTP for ICICI Bank login. Valid for 30 minutes. Do not share with anyone.,OTP
"Hey, my new number is +911776567076. Save it! Meet at noon?",Personal
your otp is 927922. use it to verify your zomato account. expires in 2 min.,OTP
Cheque no. 330644190758 for Rs.39894 has been cleared from A/c XX7398. -ICICI Bank,Bank
503086 is your OTP for IRCTC login. Valid for 30 minutes. Do not share with anyone.,OTP
Use code 8178 at checkout for 50% off at Swiggy!,Promo
Pranav from XpressBees is arriving with your package. Contact: +913055397773,Delivery
Your Uber code: 1485,OTP
Order OD7087948449 packed and ready! Expected dispatch by 02 Jul. -BigBasket,Delivery
ENTER 757546 TO VERIFY YOUR MOBILE NUMBER FOR KOTAK.,OTP
"Class shifted to room 3107, come fast",Personal
Interest of Rs.9170 credited to your FD A/c XX1506. -Kotak,Bank
Rs.16807  credited to A/c XX9180 on 03-05-26. Avl Bal: Rs.80762. -ICICI Bank,Bank
Ur Meesho membership expires soon. Renew now & save 80%: bit.ly/MNIwij,Promo
Rs.88581  credited to A/c XX7506 on 17-01-26. Avl Bal: Rs.21869. -BOB,Bank
Recharge with Rs.1365 & get 80% extra talktime. Offer valid today only!,Promo
Interest  of Rs.19562 credited to your FD A/c XX6833. -Axis Bank,Bank
Last day! Amazon clearance sale ends tonight Up to 10% off sitewide,Promo
Enter 444394 to verify your mobile number for Myntra,OTP
Interest of Rs.69404 credited to your FD A/c XX5232. -PNB,Bank
865862 is your verification code for Meesho. Never share your OTP.,OTP
"Hi Chatura, unlock Rs.1561 off ur first order at Swiggy with code NEW57.",Promo
Use 7311 to complete your Paytm registration. Valid till 2 mins.,OTP
<#> 15160 is your IRCTC code. Valid 15 min. hA8sk2Lqp3,OTP
"Hi Ijaya, unlock Rs.1675 off your first order at Amazon with code NEW96.",Promo
  UPI payment of Rs.64835 to Kamya successful. UPI Ref: 751519278449. -HDFC Bank,Bank
Tap to verify: 996935. This code expires shortly.,OTP
exclusive for you! buy 1 get 1 free at zomato. limited period offer. visit bit.ly/uvqjso,Promo
Ur Kotak code: 625592,OTP
ALERT: Rs.11905 withdrawn from ATM using card XX4907 on 25-01-26. Bal: Rs.34344. -Kotak,Bank
"Hi  Pahal, unlock Rs.1557 off your first order at Zomato with code NEW39.",Promo
440845 is your verification code for flipkart. never share your otp.,OTP
712720 is your Uber security code. Anyone asking for it is a scammer.,OTP
Last day! Swiggy clearance sale ends tonight. Up to 30% off sitewide.,Promo
248029 is your kotak security code. anyone asking for it is a scammer.,OTP
  UPI payment of Rs.17943 to Lopa successful. UPI Ref: 673210566421. -PNB,Bank
Zomato Big Billion Days! Up to 40% off + extra 10% with BOB cards. Hurry!,Promo
ekart: shipment od5995084063 reached your city hub. expected delivery: 01 jul.,Delivery
795158 - use this to sign in. Never share this code with anyone.,OTP
Use 624296 to complete your Flipkart registration. Valid till 10 mins.,OTP
Rs.74525 credited to A/c XX9819 on 24-04-26 Avl Bal: Rs.216343 -ICICI Bank,Bank
Tap to verify: 510117. This code expires shortly.,OTP
Rs.5946 debited from A/c XX4055 on 03-05-26 to Yashasvi. Avl Bal: Rs.30389. -HDFC Bank,Bank
Use 701161 to complete your Hotstar registration. Valid till 15 mins.,OTP
  Flat Rs.807 cashback on your next order at Amazon. Use code SAVE89. Valid till 01 Jul.,Promo
Tap  to verify: 780514. This code expires shortly.,OTP
Your Zomato membership expires soon. Renew now & save 60%: bit.ly/ZpgfuW,Promo
Use 357568 to complete your SBI registration. Valid till 2 mins.,OTP
work from home! earn rs.1442691/month. join: bit.ly/jtutgh,Spam
Recharge with Rs.1089 & get 80% extra talktime. Offer valid today only!,Promo
  Coupon 4594 gives you free delivery on orders above Rs.3487. -Meesho,Promo
Rs.3353 credited to A/c XX8309 on 21-03-26. Avl Bal: Rs.212424. -ICICI Bank,Bank
Salary of Rs.64471 credited to A/c XX2093. Avl Bal: Rs.412757. -HDFC Bank STOP to opt out,Bank
  Your OTP is 188356. Use it to verify your Uber account. Expires in 2 min.,OTP
  Weekend special at Meesho! Min 20% off on everything. Don't miss out: bit.ly/oTrRtq,Promo
YOUR A/C XX1442 IS DEBITED WITH RS.68572 ON 24-05-26. INFO: UPI-ALKA. BAL: RS.277428,Bank
Flat INR 832 cashback on your next order at Meesho. Use code SAVE75. Valid till 02 Jul.,Promo
"hi dalaja, unlock rs.849 off your first order at myntra with code new50.",Promo
Cheque no. 385644844262 for Rs.94758 has been cleared from A/c XX4154. -BOB,Bank
OTP for delivery of order OD9514144419 is 8955. Share only with the delivery agent. -Delhivery,Delivery
  9977 is your verification code for Uber. Never share your OTP.,OTP
Your  Myntra order OD9690282472 has been shipped via DTDC. Track: bit.ly/JBSAhg,Delivery
Your  one time password is 817495 for HDFC Bank. Please do not share it.,OTP
EMI of Rs.49681 due on 05-04-26 for loan A/c XX3466. Pay now to avoid charges. -Axis Bank -TM,Bank
"Class shifted to room 6801, come fast",Personal
LOW BALANCE ALERT: A/C XX9480 BALANCE IS RS.265981. MAINTAIN MIN BALANCE TO AVOID CHARGES.,Bank
G-207384  is your Google verification code.,OTP
amazon: your cart misses you! complete purchase now & get 20% off. bit.ly/rgkafa,Promo
Tap to verify: 375820. This code expires shortly.,OTP
  Rs.90151 debited from A/c XX1158 on 07-02-26 to Yatan. Avl Bal: Rs.486267. -HDFC Bank,Bank
your otp is 1983. use it to verify your paytm account. expires in 2 min.,OTP
OTP: 366846 for txn of Rs.44812 at HDFC Bank Do not share -Axis Bank,OTP
Low  balance alert: A/c XX3372 balance is Rs.393440. Maintain min balance to avoid charges.,Bank
Pay Rs.1141 on delivery for order OD245684349. -BlueDart,Delivery
OTP:  184799 for txn of Rs.404 at PNB. Do not share. -Axis Bank,OTP
Out for delivery: Ur Meesho package OD1720820753 will arrive today by 12 PM. -BlueDart,Delivery
Cheque no. 182202053342 for Rs.59182 has been cleared from A/c XX9169. -PNB,Bank
  Your A/c XX9694 is debited with Rs.56227 on 27-06-26. Info: UPI-Jairaj. Bal: Rs.396517,Bank
EMI of Rs.45491 due on 03-07-26 for loan A/c XX9915. Pay now to avoid charges. -ICICI Bank,Bank
Your order OD9937093672 from BigBasket is arriving tomorrow. Keep Rs.3381 ready for COD.,Delivery
CONFIRMATION CODE 839117 FOR ZOMATO. KEEP IT PRIVATE.,OTP
Your return pickup for order OD7668375397 is scheduled on 03 Jul. Keep the item ready. -Zomato,Delivery
BIGBASKET BIG BILLION DAYS! UP TO 20% OFF + EXTRA 10% WITH PNB CARDS. HURRY!,Promo
Your Uber code: 2552,OTP
"Hi Chanchal, unlock Rs.1736 off your first order at Myntra with code NEW36",Promo
"Hey, my new number is +915132728302. Save it! Meet at tonight?",Personal
interest of rs.31142 credited to your fd a/c xx8139. -axis bank,Bank
Your Swiggy order OD3091953941 has been shipped via BlueDart. Track: bit.ly/acqmeQ,Delivery
Confirmation code 671419 for Myntra. Keep it private.,OTP
Ur SIM will be deactivated in 24hrs. Verify Aadhaar: bit.ly/nWzbcD,Spam
EMI of Rs.33189 due on 09-03-26 for loan A/c XX4503. Pay now to avoid charges. -PNB,Bank
409225 is your verification code for Swiggy. Never share your OTP.,OTP
"Bro send me Rs.2161 on gpay, will return by 04 Jul",Personal
316540 IS YOUR BOB SECURITY CODE. ANYONE ASKING FOR IT IS A SCAMMER.,OTP
  Rs.2262 credited to A/c XX2830 on 10-06-26. Avl Bal: Rs.142925. -BOB,Bank
Your Flipkart order OD4812544174 has been shipped via Ekart. Track: bit.ly/UeqsDk,Delivery
873054 IS YOUR VERIFICATION CODE FOR PHONEPE. NEVER SHARE YOUR OTP.,OTP
992778 is your OTP for BOB login. Valid for 2 minutes. Do not share with anyone.,OTP
Use code 4786 at checkout for 10% off at Meesho!,Promo
  MEGA SALE! Get 70% OFF on all products at Meesho. Shop now: bit.ly/SMHEVZ T&C apply.,Promo
713597 IS YOUR PAYTM SECURITY CODE. ANYONE ASKING FOR IT IS A SCAMMER.,OTP
meesho: 1780 is your login otp. it expires in 10 minutes.,OTP
Interest of Rs.48550 credited to your FD A/c XX4593. -Axis Bank STOP to opt out,Bank
643058 is your verification code for Axis Bank. Never share your OTP. -TM,OTP
"Hi Aashi, unlock Rs.913 off ur first order at Amazon with code NEW90.",Promo
776871 IS YOUR VERIFICATION CODE FOR AXIS BANK. NEVER SHARE YOUR OTP.,OTP
Last day! Meesho clearance sale ends tonight. Up to 80% off sitewide.,Promo
Last day! BigBasket clearance sale ends tonight. Up to 70% off sitewide.,Promo
Confirmation code 747914 for Kotak. Keep it private.,OTP
  Swiggy Big Billion Days! Up to 50% off + extra 10% with Kotak cards. Hurry!,Promo
  Pay Rs.2617 on delivery for order OD895938514. -Ekart,Delivery
600251 is your OTP for GPay login. Valid for 5 minutes. Do not share with anyone.,OTP
OTP: 576850 for txn of Rs.9857 at Myntra. Do not share. -ICICI Bank STOP to opt out,OTP
EMI of INR 66848 due on 25-04-26 for loan A/c XX4632. Pay now to avoid charges. -SBI,Bank
277997 is your OTP for PNB login. Valid for 30 minutes. Do not share with anyone.,OTP
Rs.4872 debited from A/c XX4878 on 20-06-26 to Harita. Avl Bal: Rs.290156. -BOB STOP to opt out,Bank
Flat Rs.1315 cashback on your next order at Swiggy. Use code SAVE67. Valid till 02 Jul. T&C apply,Promo
delivered! your myntra order od1923720729 was delivered on 01 jul. rate your experience: bit.ly/xzmkqi,Delivery
Work from home! Earn Rs.1520086/month. Join: bit.ly/xwEqfj,Spam
Out for delivery: Your BigBasket package OD3818602324 will arrive today by 6 PM. -DTDC,Delivery
UPI payment of Rs.3766 to Ekansh successful. UPI Ref: 706584551870. -BOB T&C apply,Bank
Salary of Rs.90807 credited to A/c XX5793. Avl Bal: Rs.202028. -HDFC Bank,Bank
Rs.83977 debited from A/c XX6119 on 01-05-26 to Yatin. Avl Bal: Rs.303749. -Kotak,Bank
Exclusive for you! Buy 1 Get 1 FREE at Swiggy. Limited period offer. Visit bit.ly/okMuTw,Promo
Recharge with INR 261 & get 10% extra talktime. Offer valid today only!,Promo
out for delivery: your flipkart package od4888765614 will arrive today by 9 pm. -bluedart,Delivery
Low balance alert: A/c XX6562 balance is Rs.309118. Maintain min balance to avoid charges.,Bank
Your one time password is 988406 for BOB. Please do not share it.,OTP
Flat Rs.1527 cashback on your next order at Myntra. Use code SAVE20. Valid till 04 Jul.,Promo
rs.87415 credited to a/c xx2033 on 25-04-26. avl bal: rs.138853. -axis bank,Bank
"Hey, my new number is 3179796553 Save it! Meet at noon?",Personal
Rs.67467 credited to A/c XX3534 on 14-01-26 Avl Bal: Rs.139261 -Kotak,Bank
169307  is your verification code for IRCTC. Never share your OTP.,OTP
262948 - use this code to sign in to Swiggy. Never share it with anyone.,OTP
Your credit card XX2549 statement is ready. Total due: Rs.60985. Min due: Rs.734. -BOB,Bank
Your OTP is 743297. Use it to verify your Meesho account. Expires in 2 min.,OTP
interest of rs.70536 credited to your fd a/c xx3292. -axis bank,Bank
Enter 74114 to verify your mobile number for Kotak,OTP
BigBasket Big Billion Days! Up to 40% off + extra 10% with PNB cards Hurry!,Promo
"Class shifted to room 4394, come fast",Personal
  Myntra: 845695 is your login OTP. It expires in 2 minutes.,OTP
your a/c xx2592 is debited with rs.7051 on 10-02-26. info: upi-samaksh. bal: rs.471871,Bank
Cheque no. 818583890768 for Rs.58848 has been cleared from A/c XX6106. -Axis Bank,Bank
EMI of Rs.50622 due on 25-04-26 for loan A/c XX6111. Pay now to avoid charges. -Kotak T&C apply,Bank
155379  is your OTP for Uber login. Valid for 30 minutes. Do not share with anyone.,OTP
Pay Rs.1107 on delivery for order OD435765600. -Delhivery,Delivery
Your SIM will be deactivated in 24hrs. Verify Aadhaar: bit.ly/kAxmyI,Spam
Your PNB code: 774357 STOP to opt out,OTP
"Hi Anika, unlock Rs.51 off your first order at Meesho with code NEW10.",Promo
RS.9098 DEBITED FROM A/C XX5375 ON 18-02-26 TO EKALINGA. AVL BAL: RS.181929. -BOB,Bank
ALERT: Rs.63636 withdrawn from ATM using card XX3246 on 08-05-26 Bal: Rs.484126 -HDFC Bank,Bank
Delivery attempt failed for order OD6124166937. We will retry tomorrow. -DTDC,Delivery
647817 is your verification code for IRCTC. Never share your OTP.,OTP
Cheque no 792303736337 for Rs.89182 has been cleared from A/c XX2989 -ICICI Bank,Bank
Your order OD1973778070 from BigBasket is arriving tomorrow. Keep Rs.2811 ready for COD.,Delivery
OTP: 787317 for txn of Rs.15324 at Axis Bank Do not share -SBI,OTP
USE CODE 8257 AT CHECKOUT FOR 25% OFF AT SWIGGY!,Promo
CHEQUE NO. 725954350102 FOR RS.44561 HAS BEEN CLEARED FROM A/C XX2271. -KOTAK,Bank
Your A/c XX9429 is debited with INR 71580 on 04-03-26. Info: UPI-Sneha. Bal: INR 242284,Bank
Janya from XpressBees is arriving with your package. Contact: +915119968630,Delivery
339266 is ur verification code for PNB. Never share ur OTP.,OTP
Coupon 8823 gives you free delivery on orders above Rs.2910. -Myntra -TM,Promo
Your return pickup for order OD6900285574 is scheduled on 03 Jul. Keep the item ready. -Myntra,Delivery
701901  - use this to sign in. Never share this code with anyone.,OTP
upi payment of rs.94680 to irya successful. upi ref: 137118177993. -icici bank,Bank
Order OD1724767071 packed and ready! Expected dispatch by 01 Jul. -Swiggy,Delivery
DTDC: Shipment OD6563484124 reached your city hub. Expected delivery: 03 Jul.,Delivery
Your OTP is 220341 Use it to verify your Ola account Expires in 2 min,OTP
xpressbees: shipment od6154769835 reached your city hub. expected delivery: 01 jul.,Delivery
ENTER 404308 TO VERIFY YOUR MOBILE NUMBER FOR HDFC BANK.,OTP
Pay Rs.302 on delivery for order OD358550752. -DTDC,Delivery
117193 IS YOUR PHONEPE SECURITY CODE. ANYONE ASKING FOR IT IS A SCAMMER.,OTP
tap to verify: 425155. this code expires shortly.,OTP
EMI of Rs.84560 due on 13-05-26 for loan A/c XX3723. Pay now to avoid charges. -PNB,Bank
"Class shifted to room 7819, come fast",Personal
cheque no. 569868786584 for rs.55623 has been cleared from a/c xx2480. -hdfc bank,Bank
"Class  shifted to room 1421, come fast",Personal
Your order OD6550162088 from Zomato is arriving tomorrow. Keep Rs.1666 ready for COD.,Delivery
Work from home! Earn Rs.1329143/month. Join: bit.ly/PNXPfb,Spam
Your A/c XX2066 is debited with INR 7718 on 26-05-26. Info: UPI-Osha. Bal: INR 323100,Bank
Recharge with Rs.836 & get 20% extra talktime. Offer valid today only!,Promo
Exclusive for you! Buy 1 Get 1 FREE at BigBasket. Limited period offer. Visit bit.ly/eXRpjS,Promo
Tap to verify: 920248. This code expires shortly.,OTP
  Low balance alert: A/c XX9593 balance is Rs.293863. Maintain min balance to avoid charges.,Bank
EMI  of Rs.8559 due on 10-04-26 for loan A/c XX9494. Pay now to avoid charges. -PNB,Bank
"Class shifted to room 1106, come fast",Personal
EMI of Rs.51202 due on 29-03-26 for loan A/c XX3048. Pay now to avoid charges. -HDFC Bank,Bank
<#> 676606 is your swiggy code. valid 15 min. ha8sk2lqp3,OTP
YOUR ZOMATO MEMBERSHIP EXPIRES SOON. RENEW NOW & SAVE 40%: BIT.LY/THEDCQ,Promo
Your order OD7537338245 from Swiggy is arriving tomorrow. Keep Rs.4229 ready for COD. T&C apply,Delivery
Your SIM will be deactivated in 24hrs. Verify Aadhaar: bit.ly/YnhIYI,Spam
weekend special at amazon! min 10% off on everything. don't miss out: bit.ly/vcwbfi,Promo
Weekend special at Zomato! Min 70% off on everything. Don't miss out: bit.ly/msMIgP,Promo
out for delivery: your flipkart package od7891172437 will arrive today by 3 pm. -dtdc,Delivery
otp: 620300 for txn of rs.22881 at swiggy. do not share. -pnb,OTP
Harish from XpressBees is arriving with your package. Contact: +919530700157,Delivery
BOB: 338405 is your login OTP. It expires in 10 minutes.,OTP
EMI of Rs.29248 due on 30-06-26 for loan A/c XX7756 Pay now to avoid charges -PNB,Bank
Low balance alert: A/c XX1643 balance is Rs.293726. Maintain min balance to avoid charges.,Bank
Your SIM will be deactivated in 24hrs. Verify Aadhaar: bit.ly/LpaEqS -TM,Spam
exclusive for you! buy 1 get 1 free at amazon. limited period offer. visit bit.ly/sgfhla,Promo
Out for delivery: Your Meesho package OD3061785446 will arrive today by 3 PM. -XpressBees STOP to opt out,Delivery
450594 is your sbi security code. anyone asking for it is a scammer.,OTP
"Class shifted to room 8458, come fast T&C apply",Personal
UPI payment of Rs.83803 to Yuvraj successful UPI Ref: 782402878730 -Kotak,Bank
upi payment of rs.41658 to ekta successful. upi ref: 258844421963. -axis bank,Bank
505153 IS YOUR VERIFICATION CODE FOR KOTAK. NEVER SHARE YOUR OTP.,OTP
280320  is your OTP for Ola login. Valid for 2 minutes. Do not share with anyone.,OTP
Pay Rs.4781 on delivery for order OD279935326. -Ekart,Delivery
Your BigBasket membership expires soon. Renew now & save 80%: bit.ly/yaFyCy,Promo
250504  is your OTP for IRCTC login. Valid for 10 minutes. Do not share with anyone.,OTP
OTP: 286736 for txn of Rs.804 at Paytm. Do not share. -PNB,OTP
OTP: 962141 for txn of Rs.2978 at IRCTC. Do not share. -SBI,OTP
  Dear customer ur Kotak account will be blocked! Update KYC now: bit.ly/xMApwY,Spam
Flat Rs.1618 cashback on your next order at Flipkart. Use code SAVE58. Valid till 03 Jul.,Promo
Ur credit card XX5713 statement is ready. Total due: Rs.59124. Min due: Rs.801. -BOB,Bank
Recharge with INR 1004 & get 60% extra talktime. Offer valid today only!,Promo
Order OD1563689561 packed and ready! Expected dispatch by 04 Jul -Amazon,Delivery
Your Swiggy order OD1925317665 has been shipped via DTDC. Track: bit.ly/OVgADr,Delivery
<#> 821757 is your Hotstar code. Valid 2 min. hA8sk2Lqp3,OTP
  ALERT: Rs.16672 withdrawn from ATM using card XX8875 on 19-04-26. Bal: Rs.235938. -ICICI Bank,Bank
ORDER OD9595348492 PACKED AND READY! EXPECTED DISPATCH BY 01 JUL. -AMAZON,Delivery
Work from home! Earn Rs.1229899/month. Join: bit.ly/TAWNfc,Spam
191599 - use this code to sign in to Swiggy. Never share it with anyone.,OTP
UPI payment of Rs.84266 to Hredhaan successful. UPI Ref: 649618112817. -BOB,Bank
Your credit card XX3788 statement is ready. Total due: Rs.64112. Min due: Rs.1743. -HDFC Bank,Bank
Flipkart: Your cart misses you! Complete purchase now & get 30% off. bit.ly/IYTjKG,Promo
your uber code: 8960,OTP
Weekend special at Amazon! Min 50% off on everything. Don't miss out: bit.ly/BsEIkn,Promo
Delivery attempt failed for order OD2473639238. We will retry tomorrow. -Ekart,Delivery
Rs.66169 credited to A/c XX4353 on 09-05-26. Avl Bal: Rs.259931. -Kotak,Bank
  Tap to verify: 616146. This code expires shortly.,OTP
Sneha from Delhivery is arriving with your package. Contact: 05196483065,Delivery
Interest of INR 92007 credited to your FD A/c XX3954. -ICICI Bank,Bank
  Tap to verify: 608487. This code expires shortly.,OTP
EMI OF RS.40159 DUE ON 28-06-26 FOR LOAN A/C XX2579. PAY NOW TO AVOID CHARGES. -HDFC BANK,Bank
DELIVERY ATTEMPT FAILED FOR ORDER OD2920094982. WE WILL RETRY TOMORROW. -DELHIVERY,Delivery
Work from home! Earn Rs.829551/month. Join: bit.ly/mCPSmA,Spam
Last day! Meesho clearance sale ends tonight. Up to 50% off sitewide.,Promo
amazon: your cart misses you! complete purchase now & get 10% off. bit.ly/aqiduh,Promo
Your SIM will be deactivated in 24hrs. Verify Aadhaar: bit.ly/mOhHkN,Spam
OTP: 791137 for txn of Rs.18285 at SBI. Do not share. -ICICI Bank,OTP
Your Meesho membership expires soon. Renew now & save 60%: bit.ly/UzPhrO,Promo
Rs.50151 debited from A/c XX7661 on 14-01-26 to Rajata. Avl Bal: Rs.471671. -Axis Bank,Bank
YOUR OTP IS 144240. USE IT TO VERIFY YOUR UBER ACCOUNT. EXPIRES IN 15 MIN.,OTP
OTP for delivery of order OD1739255290 is 6973. Share only with the delivery agent. -DTDC,Delivery
XpressBees: Shipment OD2955629453 reached your city hub. Expected delivery: 04 Jul.,Delivery
alert: rs.56360 withdrawn from atm using card xx6135 on 06-06-26. bal: rs.17879. -bob,Bank
INR 59260 credited to A/c XX3553 on 04-07-26. Avl Bal: INR 414806. -ICICI Bank,Bank
Delivery attempt failed for order OD4984861567. We will retry tomorrow. -BlueDart,Delivery
Your  Swiggy order OD1858048332 has been shipped via DTDC. Track: bit.ly/qKGHwN,Delivery
RAJESHRI FROM EKART IS ARRIVING WITH YOUR PACKAGE. CONTACT: 3042356689,Delivery
UPI payment of Rs.36247 to Sara successful. UPI Ref: 429581922473. -PNB,Bank
Recharge  with Rs.65 & get 20% extra talktime. Offer valid today only!,Promo
Your Zomato order OD1187893467 has been shipped via XpressBees. Track: bit.ly/oPzWxX,Delivery
Weekend special at Amazon! Min 80% off on everything. Don't miss out: bit.ly/VBqguq,Promo
Confirmation code 228534 for Swiggy. Keep it private. STOP to opt out,OTP
Tap to verify: 804091. This code expires shortly.,OTP
"Class shifted to room 1660, come fast",Personal
"Bro send me INR 282 on gpay, will return by 04 Jul",Personal
"Bro send me INR 439 on gpay, will return by 02 Jul",Personal
Out for delivery: Your Flipkart package OD5927976769 will arrive today by 9 PM. -BlueDart,Delivery
swiggy: your cart misses you! complete purchase now & get 30% off. bit.ly/htqyxa,Promo
  Use 888089 to complete your Ola registration. Valid till 10 mins.,OTP
UPI  payment of Rs.90991 to Varenya successful. UPI Ref: 409464509840. -PNB,Bank
Your OTP is 61843. Use it to verify your BigBasket account. Expires in 2 min.,OTP
27873 is ur verification code for PNB. Never share ur OTP.,OTP
your a/c xx8701 is debited with rs.26395 on 11-06-26. info: upi-nisha. bal: rs.295649,Bank
<#> 378674 is your Paytm code. Valid 10 min. hA8sk2Lqp3,OTP
Coupon 3481 gives you free delivery on orders above Rs.3870. -BigBasket,Promo
Your order OD6129134879 from Myntra is arriving tomorrow. Keep Rs.3395 ready for COD.,Delivery
  Tap to verify: 701505. This code expires shortly.,OTP
INR 69245 debited from A/c XX7519 on 16-02-26 to Omisha. Avl Bal: INR 352567. -Axis Bank,Bank
Your BigBasket membership expires soon. Renew now & save 80%: bit.ly/ofVHwq,Promo
Recharge with Rs.571 & get 50% extra talktime. Offer valid today only!,Promo
ZOMATO BIG BILLION DAYS! UP TO 10% OFF + EXTRA 10% WITH ICICI BANK CARDS. HURRY!,Promo
Your  OTP is 302915. Use it to verify your BOB account. Expires in 15 min.,OTP
Interest of Rs.24278 credited to your FD A/c XX1111. -Kotak -TM,Bank
Enter  827825 to verify your mobile number for Paytm.,OTP
Delivery attempt failed for order OD9996312519. We will retry tomorrow. -Delhivery,Delivery
Exclusive for you! Buy 1 Get 1 FREE at Swiggy. Limited period offer. Visit bit.ly/ynxVKt,Promo
exclusive for you! buy 1 get 1 free at bigbasket. limited period offer. visit bit.ly/dxjygh,Promo
Work from home! Earn Rs.898327/month. Join: bit.ly/fdIxCW,Spam
UPI payment of Rs.64774 to Mekhala successful. UPI Ref: 366764887361. -HDFC Bank,Bank
TEERTH FROM BLUEDART IS ARRIVING WITH YOUR PACKAGE. CONTACT: 9122870951,Delivery
OTP for delivery of order OD4656993710 is 2968. Share only with the delivery agent. -BlueDart,Delivery
mega sale! get 80% off on all products at myntra. shop now: bit.ly/hylcvs t&c apply.,Promo
Use 19130 to complete your SBI registration. Valid till 15 mins.,OTP
299710 is your Ola security code Anyone asking for it is a scammer,OTP
777418 is ur verification code for SBI. Never share ur OTP.,OTP
OTP-based login was enabled for your A/c XX9572. Call PNB if this wasn't you.,Bank
Wriddhish from DTDC is arriving with your package. Contact: 7716986111,Delivery
Your order OD6104908596 from Zomato is arriving tomorrow. Keep Rs.1980 ready for COD.,Delivery
  ALERT: Rs.56872 withdrawn from ATM using card XX9985 on 05-05-26. Bal: Rs.168981. -Axis Bank,Bank
EMI  of Rs.6321 due on 02-03-26 for loan A/c XX7207. Pay now to avoid charges. -PNB,Bank
OTP: 259638 for txn of Rs.16376 at Zomato. Do not share. -BOB,OTP
Order OD1563132670 packed and ready! Expected dispatch by 03 Jul. -BigBasket,Delivery
Zomato: Your cart misses you! Complete purchase now & get 10% off bitly/mbRcZS,Promo
936644 is your verification code for PNB Never share your OTP,OTP
  OTP for delivery of order OD1099474419 is 2021. Share only with the delivery agent. -Delhivery,Delivery
877768 - USE THIS TO SIGN IN. NEVER SHARE THIS CODE WITH ANYONE.,OTP
"Hi Waida, unlock INR 1497 off your first order at BigBasket with code NEW91.",Promo
Pay Rs.3113 on delivery for order OD224483259. -DTDC,Delivery
ALERT: Rs.85053 withdrawn from ATM using card XX4285 on 02-02-26. Bal: Rs.312340. -Axis Bank,Bank
Flat Rs.1689 cashback on your next order at Myntra. Use code SAVE93. Valid till 03 Jul.,Promo
Salary of Rs.15585 credited to A/c XX6690. Avl Bal: Rs.364281. -SBI,Bank
  Confirmation code 775080 for HDFC Bank. Keep it private.,OTP
Low balance alert: A/c XX4465 balance is Rs.361544. Maintain min balance to avoid charges.,Bank
your meesho membership expires soon. renew now & save 70%: bit.ly/dsstea,Promo
Your BigBasket membership expires soon. Renew now & save 10%: bit.ly/DrQSul,Promo
MEGA SALE! Get 20% OFF on all products at Swiggy. Shop now: bit.ly/ujTetL T&C apply.,Promo
910095 is ur verification code for Myntra. Never share ur OTP.,OTP
your icici bank code: 843493,OTP
Your order OD3728943112 from BigBasket is arriving tomorrow. Keep Rs.4764 ready for COD. T&C apply,Delivery
Your order OD1667454440 from Zomato is arriving tomorrow. Keep Rs.2242 ready for COD.,Delivery
zomato: your cart misses you! complete purchase now & get 10% off. bit.ly/vcqaos,Promo
your zomato order od6405102135 has been shipped via bluedart. track: bit.ly/ztzfbv,Delivery
Your order OD2353747268 from Amazon is arriving tomorrow Keep Rs.3129 ready for COD,Delivery
INR 2740 credited to A/c XX6801 on 07-03-26. Avl Bal: INR 229935. -SBI,Bank
OTP:  439605 for txn of Rs.16495 at Zomato. Do not share. -ICICI Bank,OTP
Your  Uber code: 8336,OTP
Last  day! Flipkart clearance sale ends tonight. Up to 30% off sitewide.,Promo
"hi riya, unlock rs.775 off your first order at flipkart with code new28.",Promo
Zomato Big Billion Days! Up to 80% off + extra 10% with Kotak cards. Hurry!,Promo
Your OTP is 30153. Use it to verify your HDFC Bank account. Expires in 10 min.,OTP
Flat  Rs.1736 cashback on your next order at Myntra. Use code SAVE52. Valid till 04 Jul.,Promo
"Class shifted to room 3450, come fast -TM",Personal
Rs.61691 debited from A/c XX2792 on 12-01-26 to Caleb. Avl Bal: Rs.24229. -Axis Bank,Bank
Use code 9079 at checkout for 50% off at Flipkart!,Promo
EMI of Rs.54700 due on 12-03-26 for loan A/c XX1935. Pay now to avoid charges. -Axis Bank,Bank
Exclusive for you! Buy 1 Get 1 FREE at Swiggy. Limited period offer. Visit bit.ly/fjRxjJ,Promo
Ur Myntra membership expires soon. Renew now & save 60%: bit.ly/WJznQv,Promo
Work  from home! Earn Rs.1086194/month. Join: bit.ly/hIKtYz,Spam
Salary of Rs.94831 credited to A/c XX3373. Avl Bal: Rs.416510. -PNB,Bank
Cheque  no. 647259196010 for Rs.26863 has been cleared from A/c XX3428. -Axis Bank,Bank
Your Meesho order OD6874829083 has been shipped via Ekart Track: bitly/MWdYNt,Delivery
Work from home! Earn Rs.2260936/month Join: bitly/HNyWSU,Spam
INTEREST OF RS.22472 CREDITED TO YOUR FD A/C XX1261. -PNB,Bank
Your one time password is 61024 for ICICI Bank. Please do not share it.,OTP
272483 is your OTP for Flipkart login. Valid for 10 minutes. Do not share with anyone. STOP to opt out,OTP
"Hey,  my new number is +918296509614. Save it! Meet at noon?",Personal
Recharge with Rs.617 & get 40% extra talktime. Offer valid today only!,Promo
ALERT: Rs.28400 withdrawn from ATM using card XX7912 on 09-02-26. Bal: Rs.67284. -ICICI Bank,Bank
your credit card xx9228 statement is ready. total due: rs.72368. min due: rs.1495. -icici bank,Bank
Enter 453233 to verify your mobile number for HDFC Bank.,OTP
Pay Rs.4982 on delivery for order OD207664901. -Delhivery,Delivery
BlueDart: Shipment OD5680063243 reached ur city hub. Expected delivery: 02 Jul.,Delivery
OTP-based login was enabled for your A/c XX2719. Call SBI if this wasn't you. T&C apply,Bank
Your one time password is 930697 for Flipkart Please do not share it,OTP
Interest of Rs.16342 credited to your FD A/c XX4419. -BOB,Bank
Your A/c XX1249 is debited with Rs.48593 on 09-02-26 Info: UPI-Naveen Bal: Rs.69384,Bank
"bro send me rs.1724 on gpay, will return by 02 jul",Personal
"Hi Priya, unlock Rs.476 off ur first order at Amazon with code NEW81.",Promo
Flipkart Big Billion Days! Up to 50% off + extra 10% with Kotak cards. Hurry!,Promo
Low balance alert: A/c XX6495 balance is Rs.70885. Maintain min balance to avoid charges.,Bank
"hey, my new number is +916523484259. save it! meet at 6pm?",Personal
WORK FROM HOME! EARN RS.545421/MONTH. JOIN: BIT.LY/OVGGUF,Spam
<#> 373719 is your Uber code. Valid 30 min. hA8sk2Lqp3,OTP
Out for delivery: Your Myntra package OD8425094173 will arrive today by 3 PM. -Ekart,Delivery
Your A/c XX1147 is debited with Rs.11831 on 07-01-26. Info: UPI-Gaurav. Bal: Rs.361642,Bank
OTP for delivery of order OD2570570092 is 7258. Share only with the delivery agent. -DTDC,Delivery
Your PhonePe code: 624070,OTP
"Hi Chakrika, unlock Rs.276 off your first order at Swiggy with code NEW26.",Promo
  Confirmation code 629256 for Paytm. Keep it private.,OTP
"Hi Wyatt, unlock Rs.1428 off your first order at Flipkart with code NEW23. -TM",Promo
280286 is your verification code for Flipkart. Never share your OTP.,OTP
"Hi Yashasvi, unlock Rs.1528 off your first order at Meesho with code NEW22",Promo
"NEVER SHARE YOUR OTP, PIN OR CVV. SBI NEVER ASKS FOR THESE. STAY SAFE.",Bank
Swiggy Big Billion Days! Up to 60% off + extra 10% with Axis Bank cards Hurry!,Promo
FLAT RS.997 CASHBACK ON YOUR NEXT ORDER AT BIGBASKET. USE CODE SAVE23. VALID TILL 03 JUL.,Promo
Your credit card XX3792 statement is ready. Total due: Rs.67300. Min due: Rs.4569. -PNB,Bank
"Hey, my new number is 09266140898. Save it! Meet at 6pm?",Personal
Order OD2757187761 packed and ready! Expected dispatch by 03 Jul. -Zomato,Delivery
  Enter 20516 to verify your mobile number for Paytm.,OTP
salary of rs.35088 credited to a/c xx8225. avl bal: rs.326885. -bob,Bank
EMI of Rs.50084 due on 28-02-26 for loan A/c XX2980. Pay now to avoid charges. -Kotak,Bank
876034 is your pnb security code. anyone asking for it is a scammer.,OTP
Enter 303161 to verify ur mobile number for PNB.,OTP
your meesho membership expires soon. renew now & save 70%: bit.ly/ujmxbf,Promo
192139 - use this code to sign in to BOB. Never share it with anyone.,OTP
BlueDart: Shipment OD4473961976 reached your city hub. Expected delivery: 04 Jul. T&C apply,Delivery
Ur A/c XX3696 is debited with Rs.88705 on 25-02-26. Info: UPI-Aryan. Bal: Rs.364045,Bank
Salary  of Rs.84663 credited to A/c XX8292. Avl Bal: Rs.57667. -HDFC Bank,Bank
  Enter 52825 to verify your mobile number for BigBasket.,OTP
UPI PAYMENT OF RS.93803 TO ZAYYAN SUCCESSFUL. UPI REF: 280838069771. -ICICI BANK,Bank
Parth from DTDC is arriving with ur package. Contact: 5322029686,Delivery
"  Class shifted to room 5839, come fast",Personal
Order OD4057077990 packed and ready! Expected dispatch by 02 Jul -BigBasket,Delivery
AMAZON BIG BILLION DAYS! UP TO 60% OFF + EXTRA 10% WITH ICICI BANK CARDS. HURRY!,Promo
Last  day! Meesho clearance sale ends tonight. Up to 50% off sitewide.,Promo
Last  day! BigBasket clearance sale ends tonight. Up to 70% off sitewide.,Promo
<#> 923886 is your ICICI Bank code Valid 5 min hA8sk2Lqp3,OTP
